Classifier,Fold,Repeat,y_val,y_pred,y_prob
SVM,1,1,"[1, 0, 1, 1, 1, 1, 0, 0, 0, 0, 1, 0, 0, 0, 1, 1, 0, 0, 1, 0, 0, 1, 0, 1, 0, 0, 0, 0, 1, 0, 1, 1, 0, 0, 0, 0, 1, 0, 0, 0, 1, 1, 0, 1, 0, 1, 0, 1, 1, 0, 1, 0, 1, 0, 0, 1, 1, 1, 0, 0, 0, 0, 0, 0, 1, 0, 1, 0, 0, 1, 1, 1, 1, 1, 1, 0, 1, 0, 1, 1, 0, 0, 0, 1, 0, 1, 0, 1, 1, 1, 1, 1, 0, 1, 1, 0, 0, 0, 0, 1, 0, 0, 1, 1, 0, 0, 0, 0, 1, 1, 0, 1, 1, 0, 0, 0, 0, 1, 0, 1, 1, 1, 0, 0, 0, 0, 0, 0, 0, 1, 0, 1, 1, 1, 0, 1, 1, 1, 0, 0, 1, 0, 1]","[1, 1, 1, 1, 1, 1, 1, 1, 0, 0, 1, 0, 0, 0, 1, 1, 1, 1, 1, 0, 0, 0, 0, 1, 0, 0, 0, 0, 1, 0, 1, 1, 0, 0, 0, 0, 1, 1, 0, 0, 1, 1, 1, 1, 0, 0, 0, 1, 1, 0, 1, 0, 1, 0, 0, 1, 0, 1, 0, 0, 0, 0, 0, 0, 1, 0, 1, 0, 1, 1, 1, 0, 1, 1, 1, 0, 1, 0, 1, 1, 0, 1, 0, 0, 0, 1, 1, 1, 1, 1, 1, 1, 0, 1, 1, 0, 0, 0, 0, 1, 0, 0, 1, 1, 0, 1, 0, 0, 1, 1, 0, 1, 1, 0, 0, 0, 1, 1, 0, 1, 1, 1, 0, 0, 0, 0, 0, 1, 0, 1, 0, 0, 0, 1, 0, 1, 1, 1, 0, 0, 1, 0, 1]","[0.8355757362587586, 0.7979800680476437, 0.8522144475884581, 0.8908189662709572, 0.8912678817920631, 0.8811787552526403, 0.8449443847891607, 0.8996118983563414, 0.08220232866775554, 0.10998076316520855, 0.8583626623071282, 0.08418123486717677, 0.06506417546427722, 0.06084353016356628, 0.8493725199662873, 0.8592298307141368, 0.7124098303627304, 0.8714381828189145, 0.8662616952813529, 0.06076802208767099, 0.02695757333363477, 0.08108875155363578, 0.028275873034736408, 0.8436111965663445, 0.054740566488670345, 0.03333924711478496, 0.03333918992541144, 0.029478263334519774, 0.8909373906634498, 0.24273027536692143, 0.8658413324547473, 0.9036417799240701, 0.05980249258463364, 0.28046305144703165, 0.06461031955738136, 0.03477282883637751, 0.8955480812468188, 0.5300416334110087, 0.08624629034365446, 0.06249829254445562, 0.8725674219330433, 0.8631704977546735, 0.4627381849638387, 0.5927191858067092, 0.048719325379848334, 0.04597294491983171, 0.058311896687722554, 0.89319631437237, 0.844586517742096, 0.06857074329090546, 0.8953755470094523, 0.07590618921113214, 0.8949590295314457, 0.0632868986634507, 0.0651669599374177, 0.9087394352391317, 0.2584974063683465, 0.910038178677607, 0.054413579117750556, 0.04306342643251267, 0.06952524579927007, 0.051179319855421936, 0.04541923337529373, 0.06407644109875404, 0.8950946651017622, 0.05986220612422284, 0.8780624923946445, 0.06803035579042661, 0.8607589284087087, 0.8131527290861991, 0.8130513628206382, 0.10977487931120719, 0.8674617475122015, 0.873328854166153, 0.6329177305077149, 0.0644793085430181, 0.788953175479457, 0.07719790506653258, 0.8186340757416886, 0.8901685439697251, 0.061773980758263215, 0.5613945407909858, 0.07800919474224188, 0.2749324369219874, 0.07600298079482068, 0.8546783039438075, 0.5415122449836072, 0.8891323049599877, 0.7219916827892666, 0.40104728131823963, 0.8799309361068751, 0.8501935967092452, 0.05456448302533222, 0.8196730887212134, 0.7683096434232002, 0.06845086534667046, 0.03907458209780095, 0.05228980923421834, 0.053593460645886985, 0.8934101236919721, 0.11743042320398168, 0.11442058804480294, 0.8909672185287808, 0.8913267221326345, 0.06842405747706325, 0.7796198439598735, 0.3625719613001419, 0.15057747122749437, 0.8781504817380394, 0.6741293935780979, 0.12010264971963933, 0.8978609412699317, 0.8379396611386315, 0.16465654077198888, 0.0627658154421019, 0.06462116877072654, 0.5610510222329659, 0.8974562811544344, 0.13724236448796717, 0.8416280623289175, 0.8428576619694861, 0.8211297166524667, 0.06059079133767665, 0.08319329043113248, 0.024358573457225436, 0.028720339014889077, 0.029553748592405327, 0.5206966914000564, 0.1297183486581747, 0.8770115859492185, 0.04592968744705667, 0.26159750726160763, 0.05464015933262419, 0.7675298453292219, 0.07441522860316566, 0.8956870462945385, 0.8653838349945582, 0.8832623073263179, 0.08352729844699447, 0.03856313474810809, 0.8633371008846684, 0.06536526370097342, 0.6859773559372223]"
SVM,2,1,"[0, 0, 1, 1, 0, 1, 0, 1, 0, 0, 0, 0, 0, 1, 1, 1, 0, 0, 1, 1, 0, 1, 0, 0, 0, 1, 0, 0, 0, 0, 0, 0, 1, 0, 0, 0, 0, 0, 0, 1, 1, 1, 1, 0, 1, 0, 0, 0, 1, 1, 1, 1, 1, 0, 1, 0, 0, 0, 1, 0, 0, 0, 0, 1, 0, 0, 0, 1, 0, 0, 1, 1, 0, 1, 1, 1, 1, 1, 1, 1, 0, 0, 0, 1, 1, 0, 1, 1, 0, 0, 0, 0, 0, 1, 1, 0, 0, 1, 1, 1, 0, 1, 1, 1, 0, 1, 1, 1, 1, 1, 1, 0, 0, 1, 0, 0, 1, 1, 0, 1, 0, 1, 1, 1, 0, 1, 0, 1, 0, 1, 1, 1, 0, 0, 1, 1, 0, 0, 0, 0, 0, 1, 0, 1]","[1, 0, 0, 1, 1, 1, 0, 1, 0, 0, 0, 0, 1, 1, 1, 1, 0, 0, 1, 1, 0, 1, 0, 0, 0, 1, 0, 0, 1, 0, 0, 0, 1, 0, 0, 0, 0, 0, 0, 0, 1, 1, 1, 0, 1, 0, 0, 0, 1, 1, 1, 1, 0, 0, 0, 0, 0, 0, 0, 1, 0, 0, 0, 1, 0, 0, 0, 0, 0, 0, 1, 1, 0, 1, 1, 1, 1, 1, 1, 1, 0, 0, 0, 1, 1, 1, 1, 1, 0, 0, 0, 0, 0, 1, 1, 0, 0, 1, 1, 1, 0, 0, 1, 1, 0, 1, 1, 1, 0, 1, 1, 0, 0, 1, 0, 0, 1, 1, 0, 1, 1, 1, 1, 1, 1, 1, 0, 1, 1, 1, 1, 1, 0, 0, 1, 1, 0, 0, 1, 1, 0, 1, 1, 1]","[0.7246222859156546, 0.059347735385941174, 0.06612250978023743, 0.5676778181551986, 0.7721210563392781, 0.8946616387029757, 0.06436203715680175, 0.385043637609356, 0.04377316408465051, 0.055912555189007306, 0.061217785408234804, 0.03192478754724878, 0.8954365750840906, 0.6296666495620675, 0.9100197840964093, 0.8949870097875948, 0.047517870169016166, 0.03779489639025584, 0.8887599525330956, 0.7422096860135562, 0.02977217021695769, 0.9127979022296472, 0.03676949948108575, 0.05023316693473684, 0.048186519755871036, 0.8290969921003276, 0.06074410948566738, 0.09674372254366145, 0.6408892053432266, 0.05995833872840188, 0.06108092410504705, 0.04661144981919942, 0.3797217885398691, 0.060753990983239414, 0.056189296310297523, 0.0608403796429019, 0.1933228632483731, 0.35885071403669594, 0.04860086368611082, 0.2971408785481954, 0.9017462275777626, 0.88312222930285, 0.853373623888711, 0.028829690329122096, 0.8896617044602354, 0.06566494094214861, 0.057434453784753745, 0.1276091378145045, 0.8733667568831193, 0.8362939909989635, 0.9091245373839884, 0.8431805036879282, 0.09938094309390709, 0.06755597622353919, 0.06670962399057123, 0.05674826285768471, 0.062305334969946266, 0.032786613580073995, 0.03619735343796986, 0.6859013594802763, 0.09214250573769, 0.04268104378144263, 0.06084795714187814, 0.8177400876231418, 0.03583975795878665, 0.046651643342302526, 0.06584260548720479, 0.3698117966576859, 0.3661379845156494, 0.030049027599087674, 0.9170489861190206, 0.7802114475643608, 0.25249275153444783, 0.886426397661657, 0.7835810195737384, 0.8930773820350122, 0.8896202977719512, 0.8746356344322468, 0.8894062261460651, 0.8990968056727909, 0.04847707578214681, 0.06193311311428207, 0.02238707297992423, 0.8466914427180383, 0.8565305284943657, 0.4517986387851459, 0.864623548270553, 0.8595168700192926, 0.027277118475469393, 0.05888083928710342, 0.3329786952195247, 0.02549663621348748, 0.05943084714930494, 0.5127454992205605, 0.8918699366979604, 0.05399114351781714, 0.03428473934243275, 0.8324197173352796, 0.8846992199024918, 0.8674511367858727, 0.1540530959936074, 0.05033461060501689, 0.8740460686534058, 0.8887279060697384, 0.03102384950586666, 0.8175570936288307, 0.8695856702972666, 0.903001647333085, 0.0883223081844689, 0.830668332747778, 0.42746767395550817, 0.1761221362992898, 0.04570001926735353, 0.7647367927977606, 0.06055839327258106, 0.05298915475828807, 0.8755979925955042, 0.8423419034436533, 0.22511325709120225, 0.9054082321880199, 0.8278159657325943, 0.900151389270397, 0.44869955842418363, 0.8316459768464421, 0.885364234222276, 0.8783788004407402, 0.030231731259386857, 0.8579254641471635, 0.5118341404275417, 0.8654271551042254, 0.8454241609344094, 0.8338920928754924, 0.05879664684396806, 0.03592158306357691, 0.8823941626406684, 0.8891275333295411, 0.06937221674964725, 0.045427729769542895, 0.4178952046981674, 0.8378965320022991, 0.19884607312902686, 0.8413591865873514, 0.858625066057778, 0.5535569955032389]"
SVM,3,1,"[0, 0, 0, 0, 0, 1, 1, 0, 1, 0, 0, 1, 0, 0, 1, 1, 1, 0, 0, 0, 0, 0, 0, 1, 1, 1, 1, 0, 0, 1, 0, 1, 0, 1, 1, 0, 0, 1, 0, 0, 0, 0, 0, 0, 1, 1, 0, 1, 1, 1, 0, 0, 1, 0, 1, 0, 0, 1, 1, 0, 1, 0, 0, 0, 1, 1, 0, 1, 0, 0, 0, 0, 0, 0, 0, 0, 0, 1, 0, 0, 0, 1, 0, 0, 0, 1, 0, 1, 0, 1, 1, 1, 0, 1, 1, 0, 0, 0, 1, 0, 1, 0, 1, 0, 1, 0, 0, 1, 1, 0, 0, 0, 1, 1, 0, 1, 1, 0, 0, 0, 0, 0, 0, 1, 0, 1, 0, 0, 0, 0, 0, 1, 1, 1, 0, 1, 0, 0, 1, 1, 0, 0, 1]","[0, 0, 0, 1, 0, 1, 0, 0, 1, 0, 1, 1, 0, 0, 1, 0, 1, 1, 0, 1, 0, 0, 0, 1, 1, 1, 1, 0, 0, 0, 0, 1, 0, 1, 1, 0, 0, 1, 0, 0, 0, 0, 0, 0, 1, 1, 0, 1, 1, 1, 1, 0, 1, 0, 0, 0, 0, 1, 1, 0, 1, 0, 0, 0, 1, 1, 0, 1, 0, 0, 0, 0, 0, 0, 0, 0, 0, 1, 0, 0, 0, 1, 1, 0, 0, 1, 1, 1, 0, 1, 1, 1, 0, 1, 1, 0, 1, 0, 1, 1, 1, 1, 1, 0, 1, 0, 0, 1, 1, 0, 0, 1, 1, 1, 0, 1, 1, 0, 0, 0, 0, 0, 0, 1, 0, 1, 1, 0, 1, 0, 1, 0, 1, 1, 0, 1, 0, 0, 1, 1, 0, 0, 1]","[0.06003563863623586, 0.06113347973313497, 0.21207100541963864, 0.8531984374365628, 0.07799556567364563, 0.7781990195245798, 0.13056208714641046, 0.052016716524604795, 0.5875440498522931, 0.09528341890435894, 0.5, 0.9121007393377135, 0.07583461176365985, 0.06501838917728976, 0.4330861157681856, 0.34488607717108094, 0.8886851724902483, 0.5657593230052324, 0.07256574092997274, 0.5155710600782146, 0.06735701593384848, 0.07768858077108068, 0.07955219458348996, 0.46635955872565227, 0.8675485386504731, 0.7960188847258255, 0.897373853772082, 0.2592445014591516, 0.08620308212528764, 0.22013086256936099, 0.2734098895371975, 0.812233869826279, 0.06648536173077538, 0.5414632359060727, 0.8769005260874797, 0.07475477782342833, 0.049785254462517595, 0.8240249625488046, 0.07400715938935845, 0.08711431687969112, 0.2900961193654553, 0.03857289709204025, 0.0801999759539545, 0.08249195803789247, 0.8219545078846011, 0.8652572336829939, 0.0722494975786017, 0.8712275889154277, 0.8858308039762103, 0.8936724801126661, 0.5581388006071516, 0.08760442824727481, 0.5, 0.08009177095994359, 0.28730953415933047, 0.07930557857599273, 0.06970324622676916, 0.8980705585435216, 0.9263596704029431, 0.1745344764977576, 0.8171197143135063, 0.11055936184461754, 0.06852088883925815, 0.07304386553860365, 0.8707663665532596, 0.8804235580915077, 0.054355651067772695, 0.9017253926403404, 0.057508664339665776, 0.06115852840063102, 0.03969377638541046, 0.053175527270976, 0.07618232902385091, 0.06560220069352914, 0.11695539983633386, 0.03937652525096826, 0.0936113417107352, 0.6271390051929268, 0.146201360998183, 0.08071818232229667, 0.1971297155009046, 0.8872019790686188, 0.8844679957426363, 0.08090394675376157, 0.07769860210593689, 0.8898667142046911, 0.8441622146239358, 0.9060357502935518, 0.08244849501010063, 0.8626101881253583, 0.8543556695551212, 0.599466192771651, 0.07871627012723584, 0.8742513936398355, 0.8458250207196976, 0.0754110524040092, 0.5084624394813708, 0.08152169534026667, 0.7904250426472499, 0.4930526684925183, 0.8452984938565388, 0.8746325172954783, 0.8508163162655696, 0.05422773517972166, 0.8835813834483589, 0.07530770291229703, 0.06606777853842831, 0.8386290070623877, 0.7971640574158958, 0.38468514442707774, 0.07924426812021207, 0.6423714050282867, 0.672639906467233, 0.8803525576126221, 0.04776462567083142, 0.9110118460054338, 0.8967100177860249, 0.06814792883537178, 0.06293799928689307, 0.07490501336149674, 0.07219349013613692, 0.07905654936848287, 0.07566665204739313, 0.7222083645143281, 0.05557444641800982, 0.861317994673125, 0.4103928228493356, 0.07667973138659448, 0.8889632771721722, 0.07700663185520434, 0.5066892472858372, 0.05785531998613446, 0.8311622886461291, 0.6206101363772258, 0.08875911108896008, 0.5070902988691223, 0.05535142281445007, 0.05693729693401105, 0.8568041677125664, 0.8978375702299749, 0.07611884276220182, 0.06961419765909997, 0.9003963456884866]"
SVM,4,1,"[1, 1, 0, 1, 0, 1, 1, 0, 0, 0, 0, 0, 1, 1, 0, 0, 0, 1, 0, 1, 0, 1, 1, 0, 1, 0, 1, 1, 1, 0, 1, 0, 0, 1, 0, 1, 1, 0, 0, 0, 0, 1, 0, 0, 0, 0, 0, 0, 0, 0, 0, 0, 1, 1, 1, 0, 0, 1, 1, 1, 1, 0, 0, 0, 1, 1, 1, 1, 0, 0, 0, 0, 1, 0, 0, 0, 1, 0, 0, 1, 0, 0, 0, 1, 0, 1, 0, 1, 0, 0, 1, 1, 0, 0, 0, 1, 1, 0, 0, 0, 1, 0, 1, 1, 1, 1, 0, 0, 0, 0, 0, 0, 0, 1, 0, 0, 1, 1, 0, 1, 1, 0, 0, 0, 0, 1, 0, 1, 0, 0, 1, 1, 0, 1, 1, 0, 0, 0, 1, 0, 0, 0, 1]","[1, 1, 0, 0, 1, 1, 1, 0, 0, 0, 0, 0, 1, 1, 1, 0, 0, 0, 0, 1, 0, 1, 0, 0, 0, 0, 1, 1, 1, 0, 1, 0, 0, 1, 0, 1, 1, 0, 0, 0, 1, 0, 0, 0, 0, 0, 1, 0, 0, 0, 0, 0, 1, 1, 0, 0, 0, 1, 1, 1, 0, 0, 0, 0, 1, 1, 1, 1, 0, 0, 0, 0, 1, 0, 0, 0, 1, 1, 0, 1, 1, 0, 0, 1, 1, 1, 0, 1, 1, 0, 0, 0, 0, 0, 0, 1, 1, 0, 0, 0, 1, 0, 1, 1, 1, 1, 0, 1, 0, 0, 0, 0, 0, 1, 0, 0, 1, 1, 0, 1, 1, 0, 0, 1, 0, 1, 0, 1, 0, 0, 1, 1, 0, 1, 1, 1, 0, 0, 1, 0, 0, 0, 1]","[0.43832396686052655, 0.9045023318791091, 0.062441307566318376, 0.03563874283988483, 0.6131850592956823, 0.9017552775858011, 0.6006477425109126, 0.26639153775754093, 0.0387875084013752, 0.06595089792152849, 0.035641379598094096, 0.059041606922418395, 0.8963086026270387, 0.8798712230446911, 0.9054357492106544, 0.0695628184237489, 0.0715248058098735, 0.1448560352925118, 0.06022835028252511, 0.9152366575217143, 0.029548388472343576, 0.8810905069670426, 0.20214658518729883, 0.07548520086496294, 0.21508832658602517, 0.06570050929518333, 0.8792027990911091, 0.5852821503073664, 0.8850902163506711, 0.06414519785805457, 0.7467374941403306, 0.04087205582316003, 0.061525032294150905, 0.8518294697728797, 0.08225361016613394, 0.8562690240653044, 0.8978172193318491, 0.03305654847426306, 0.10537249015828734, 0.0969008591372578, 0.6890136373770236, 0.24795461377752648, 0.1009967488320099, 0.13738271409221472, 0.04589302795966878, 0.0700122836555421, 0.6210837863441874, 0.06142851673122308, 0.06106776876478538, 0.07133288431078304, 0.24828043067567723, 0.0685249183859234, 0.7549993842038951, 0.8809499544597036, 0.05757383644331981, 0.045466991504784095, 0.037076208911088586, 0.8676775366810949, 0.7424865398671652, 0.8030467424924679, 0.09367697249715704, 0.04713731146573111, 0.0500470618885422, 0.05336317061890228, 0.8639005398571035, 0.8491002886173661, 0.5081999154899449, 0.824015155069486, 0.028701819702557984, 0.22023481906111547, 0.05378890833726849, 0.047617216100306864, 0.8054841194889182, 0.19401635506590795, 0.06191043331598638, 0.10312759225900471, 0.9000634970069084, 0.7346049820645216, 0.08331834066411008, 0.8914133406616096, 0.872340882132797, 0.06913765929976516, 0.059456821279631575, 0.8523218757524056, 0.534458655240663, 0.8364440884599904, 0.06876566068998924, 0.8819568005855546, 0.5, 0.13201033096662543, 0.1523191888071211, 0.37004920632738497, 0.06790129231255528, 0.07719160080852594, 0.08261253217121443, 0.8644926533323036, 0.8596515774199107, 0.05899919471231242, 0.10285092179128262, 0.06392264403052711, 0.8945244093758551, 0.06126034352786587, 0.7370643056313185, 0.5276913493830467, 0.48955492560241304, 0.9064248212873166, 0.05945991974516128, 0.86967629664998, 0.0814587393055371, 0.0673871272225587, 0.08532891942871328, 0.07079621732350513, 0.17097382708831407, 0.8934605939546264, 0.0717689452608648, 0.07487268066760597, 0.8357281696261649, 0.8864436834335553, 0.051968386366576025, 0.9053048537312556, 0.8470638299119614, 0.0461928054194925, 0.06954653897851071, 0.4418315709113351, 0.05992836760988899, 0.7993600644806432, 0.0664122274020292, 0.8915053166937265, 0.05042224527354655, 0.061923281130751885, 0.8880265586911529, 0.8038663469420305, 0.06571272630458544, 0.8563485407371667, 0.847676375134443, 0.6419088538082643, 0.2641255961698587, 0.06438627014619511, 0.7475986612200117, 0.1854410524375492, 0.03837791963300061, 0.053411190185215555, 0.8939442906770756]"
SVM,5,1,"[0, 0, 0, 0, 0, 0, 0, 0, 0, 1, 1, 0, 0, 0, 1, 1, 0, 1, 0, 1, 1, 1, 0, 0, 0, 0, 0, 0, 1, 0, 1, 1, 0, 1, 1, 0, 0, 0, 1, 0, 1, 0, 1, 1, 0, 1, 0, 0, 0, 1, 0, 0, 0, 1, 1, 0, 1, 1, 0, 0, 1, 0, 0, 0, 0, 1, 0, 1, 0, 1, 0, 1, 1, 0, 0, 1, 0, 1, 1, 1, 1, 1, 1, 1, 0, 0, 1, 0, 0, 0, 0, 1, 1, 1, 0, 0, 1, 0, 1, 0, 0, 0, 0, 0, 1, 0, 0, 0, 0, 1, 0, 0, 0, 1, 0, 1, 0, 1, 1, 1, 0, 0, 1, 0, 0, 1, 0, 0, 0, 0, 0, 0, 1, 0, 0, 1, 1, 1, 0, 0, 0, 0, 0]","[0, 0, 0, 1, 1, 0, 0, 0, 0, 1, 1, 0, 0, 0, 1, 1, 1, 1, 0, 0, 1, 1, 0, 0, 0, 0, 0, 0, 1, 0, 1, 1, 0, 1, 1, 0, 0, 0, 1, 0, 1, 0, 0, 0, 0, 1, 0, 1, 0, 1, 0, 1, 1, 1, 1, 1, 1, 1, 0, 0, 1, 0, 0, 0, 0, 1, 0, 1, 0, 1, 1, 1, 1, 0, 0, 1, 0, 1, 1, 1, 1, 1, 1, 1, 1, 1, 0, 1, 1, 0, 0, 1, 1, 1, 0, 0, 1, 0, 1, 0, 0, 0, 1, 0, 1, 0, 0, 0, 0, 1, 0, 0, 1, 1, 0, 1, 1, 1, 1, 1, 0, 0, 0, 0, 1, 1, 0, 0, 1, 0, 0, 0, 1, 0, 1, 1, 1, 1, 0, 0, 0, 0, 1]","[0.07296757542484172, 0.16213682398829798, 0.04505096877395705, 0.711155912111585, 0.9125738284835084, 0.07494107022579442, 0.050494554737098664, 0.10098247604911062, 0.06192653657812605, 0.8686204100512576, 0.857513814034285, 0.11122235060234335, 0.04143192213322399, 0.041129696191000764, 0.8644204948079715, 0.8218539857940139, 0.5457846636592193, 0.6777695851132708, 0.0883269786599014, 0.254635580402101, 0.912264822366801, 0.9317610284429496, 0.046196632185313787, 0.07045578682797972, 0.0641227096603038, 0.2427813803841884, 0.06179673251679347, 0.063446996077265, 0.7980586502710714, 0.06283299020910464, 0.9090042525918994, 0.8788200002651545, 0.048190117246269176, 0.914547754105753, 0.8002519604333801, 0.06098242526807906, 0.04353925760825451, 0.09598285909782875, 0.934950183968275, 0.09038179383854623, 0.7551508415108231, 0.18359719640051553, 0.22407211712709393, 0.07645393959516097, 0.21744816710340104, 0.8340684785084135, 0.06075370522962416, 0.4037386068781362, 0.06027995063439696, 0.8363499641113062, 0.06242558883289669, 0.8978709247419885, 0.9137965034248906, 0.8275826989193822, 0.8646287770345825, 0.9039388524604501, 0.8777587771019689, 0.7383678007615505, 0.06562592352065504, 0.11110710886719864, 0.9221076202716013, 0.03722930904269956, 0.0487329006147169, 0.06270526159271, 0.060669363607248686, 0.9137599734706194, 0.06260871092040361, 0.8696945264865201, 0.033848610234507734, 0.8718212339560507, 0.7330658782443067, 0.7059166998103255, 0.8572559273775237, 0.0485083141187836, 0.06012241817880173, 0.9031595436933114, 0.0685940868497395, 0.9229044207170114, 0.8506057953025391, 0.910874432191756, 0.8966242584043517, 0.9138123487745173, 0.9047889724554721, 0.746606047972109, 0.5502516911939455, 0.9077571219883547, 0.1451644948197884, 0.8866172538469084, 0.6714608358755216, 0.0611964174313645, 0.06646806774602446, 0.9169898291798677, 0.7581036979964174, 0.905061770924579, 0.09594127250823249, 0.07300901234967289, 0.9022274004851222, 0.06743607485664617, 0.8125763398793254, 0.08242372321225315, 0.06780223799465256, 0.03943914674117947, 0.8188663144094296, 0.08024688790494648, 0.7748486538381832, 0.04751106574405042, 0.07982084991297708, 0.33416342355338535, 0.07063256920377638, 0.8705374448421783, 0.20132652284031916, 0.07826597821925996, 0.5680371753188489, 0.6762405639157578, 0.06463952139305117, 0.9078073533490852, 0.8735323207590552, 0.8704784257246821, 0.9080938654651055, 0.8436561012295165, 0.06621564358646806, 0.08558770481458552, 0.36389575470839103, 0.16146118151391808, 0.9130579457981292, 0.6194717901484704, 0.2592988786799894, 0.04756759700924835, 0.790097140749394, 0.04300327726821861, 0.055071477256969856, 0.0922047388741915, 0.8982742736708229, 0.04405591387644502, 0.9058390773703141, 0.907737722166603, 0.8519354295946161, 0.8518530999564056, 0.0481832601961416, 0.06202990462867805, 0.07538398042325196, 0.06542855288586841, 0.4219440114590523]"
SVM,6,2,"[1, 0, 1, 1, 1, 0, 1, 1, 0, 1, 0, 1, 0, 0, 1, 1, 0, 1, 0, 0, 0, 0, 1, 0, 1, 0, 0, 1, 1, 0, 1, 0, 0, 0, 0, 0, 0, 0, 0, 0, 0, 1, 0, 1, 0, 1, 0, 1, 1, 0, 0, 0, 0, 0, 0, 0, 0, 1, 0, 0, 0, 0, 0, 1, 1, 1, 1, 1, 0, 1, 1, 0, 0, 1, 0, 0, 1, 1, 0, 0, 1, 1, 1, 1, 0, 1, 0, 1, 1, 0, 0, 1, 1, 0, 1, 1, 0, 0, 1, 1, 1, 1, 1, 0, 0, 0, 0, 1, 0, 1, 1, 1, 1, 0, 0, 0, 0, 1, 0, 0, 1, 0, 1, 0, 1, 0, 0, 0, 1, 1, 0, 0, 0, 1, 0, 1, 1, 1, 1, 0, 1, 1, 1]","[1, 0, 1, 1, 1, 0, 0, 1, 1, 1, 1, 1, 0, 0, 1, 1, 1, 1, 0, 0, 0, 0, 0, 0, 1, 0, 0, 1, 1, 0, 1, 0, 1, 0, 0, 0, 0, 0, 0, 0, 0, 1, 0, 1, 0, 1, 1, 0, 0, 0, 0, 0, 0, 0, 0, 0, 0, 1, 0, 1, 0, 0, 0, 1, 1, 1, 1, 0, 0, 1, 1, 0, 0, 1, 0, 0, 1, 1, 0, 0, 1, 1, 1, 0, 0, 1, 0, 1, 1, 1, 1, 1, 1, 0, 1, 1, 0, 1, 1, 1, 1, 1, 1, 0, 0, 0, 0, 1, 0, 1, 1, 1, 1, 0, 0, 0, 1, 1, 0, 0, 1, 0, 1, 1, 1, 0, 0, 0, 1, 1, 0, 0, 1, 1, 0, 0, 1, 1, 0, 0, 1, 1, 1]","[0.8401442297272983, 0.038913690905137924, 0.8267155561203827, 0.8943712982888404, 0.8785251149360835, 0.059636567663246424, 0.12488096881392635, 0.8838328543742789, 0.6289765877537478, 0.8880390646485053, 0.8527115593045586, 0.38167452685615727, 0.05035242728429942, 0.0596405244377613, 0.8635911464340917, 0.7362967436953962, 0.5280078605863905, 0.8783889903404741, 0.045657145116756066, 0.05411016240076436, 0.04908529094006422, 0.04633982007902061, 0.20864591628836368, 0.02714765624013481, 0.8996758637770955, 0.026936096672670058, 0.05720651104871513, 0.8728448399401688, 0.589626009224435, 0.05940528743289699, 0.8523022225361198, 0.20998788510037017, 0.6433863614108232, 0.06110644915773754, 0.030313362519275466, 0.060631245446964084, 0.060292140506606993, 0.059867837576021155, 0.057716377021304915, 0.1984439448036065, 0.04592870565540335, 0.8468460020080245, 0.03236764994660357, 0.8027961000616355, 0.051404384045943115, 0.8819820186352284, 0.56601864851887, 0.22503539660980862, 0.06395679528640845, 0.05353804217487755, 0.03765981836882676, 0.05090917730830286, 0.2757411995373097, 0.05388621332434368, 0.04918805234373791, 0.18239294243024082, 0.04844384118151745, 0.887325450941014, 0.03222172462904668, 0.7639292004618125, 0.09014760719393099, 0.0387929861383424, 0.06019547539432051, 0.808950481183967, 0.8715013527046493, 0.8809369469222497, 0.8429421892301134, 0.09353998232937931, 0.03007870755666557, 0.8563073796387962, 0.8795784461200591, 0.028929985472596044, 0.0637870258308789, 0.8598574024415472, 0.039046336184549335, 0.060837286458049984, 0.8331149060534215, 0.8901433165035739, 0.026426861674292895, 0.06019213664135601, 0.8275473653337309, 0.8999409145420452, 0.7616504046580796, 0.28030127551942985, 0.27565150758898216, 0.8756433381207084, 0.0380329344285368, 0.8744070764499546, 0.8879127911819358, 0.6370151441487912, 0.808027541050391, 0.8443913293849623, 0.8630780767733393, 0.06059560420058302, 0.8209272042485157, 0.8414944372689477, 0.024587374609787698, 0.3881024631757776, 0.8773382701287489, 0.8790081137913185, 0.7782622473632395, 0.8569599450743798, 0.8592965791332777, 0.039467322550521385, 0.04806773654867915, 0.09684944218364108, 0.16219794901513748, 0.8576119001961102, 0.10035696712892969, 0.853640290656349, 0.8861583769070229, 0.8711249836070204, 0.8895519678136999, 0.049566302969207006, 0.11062331683300893, 0.05755731206998763, 0.5762681430989122, 0.8748774938984023, 0.2414502216220977, 0.05698529172597566, 0.895700489271215, 0.15628748276437007, 0.8820269493343316, 0.835499941872109, 0.8545487231580648, 0.06664623850010072, 0.052922051193304294, 0.054341173811086274, 0.44243328544132976, 0.7920790463980999, 0.03451998301925085, 0.1172711953059491, 0.5429209430800376, 0.5950948609402982, 0.05354807889818798, 0.04744348017518292, 0.8385698617265439, 0.8686810733713107, 0.04247468962934066, 0.07255988047871803, 0.8812318094684328, 0.56083734535919, 0.8517747123600965]"
SVM,7,2,"[0, 1, 0, 0, 0, 1, 1, 0, 1, 0, 0, 0, 1, 1, 0, 1, 0, 1, 1, 1, 1, 1, 1, 0, 1, 0, 1, 1, 0, 1, 0, 1, 0, 1, 1, 0, 0, 0, 1, 0, 0, 1, 1, 0, 1, 0, 0, 1, 1, 1, 0, 1, 1, 1, 0, 1, 0, 1, 1, 1, 1, 0, 0, 1, 0, 0, 0, 1, 0, 1, 0, 0, 0, 1, 0, 1, 0, 1, 1, 0, 0, 1, 1, 1, 1, 1, 1, 1, 1, 0, 0, 1, 0, 0, 0, 0, 1, 0, 1, 1, 0, 1, 0, 1, 0, 0, 0, 0, 0, 1, 0, 1, 1, 1, 0, 0, 1, 0, 1, 0, 1, 0, 1, 1, 0, 0, 1, 1, 0, 0, 0, 1, 0, 0, 0, 1, 0, 0, 0, 0, 1, 0, 0, 1]","[0, 1, 0, 1, 0, 0, 1, 0, 1, 0, 1, 0, 1, 1, 1, 1, 0, 1, 1, 0, 0, 1, 0, 0, 1, 0, 1, 1, 0, 0, 0, 1, 0, 1, 1, 0, 0, 0, 1, 0, 0, 1, 1, 0, 0, 0, 0, 1, 0, 0, 0, 0, 1, 1, 0, 1, 0, 1, 1, 1, 0, 0, 0, 0, 0, 0, 0, 1, 0, 1, 0, 0, 0, 1, 0, 1, 1, 1, 1, 0, 1, 1, 1, 1, 1, 1, 1, 1, 1, 0, 0, 1, 0, 0, 0, 0, 1, 0, 0, 1, 0, 1, 0, 1, 0, 0, 0, 1, 0, 1, 0, 1, 1, 1, 1, 1, 1, 0, 1, 0, 1, 1, 1, 0, 1, 0, 1, 1, 0, 1, 0, 1, 0, 0, 0, 1, 0, 0, 0, 0, 1, 0, 0, 1]","[0.06636708677238178, 0.4320886869566582, 0.17301535139015065, 0.7192595105197468, 0.06259825276264788, 0.06340159213625547, 0.47548397295257017, 0.061015496816276334, 0.9127591828301439, 0.08284026504769201, 0.8914592764166277, 0.04447579422136344, 0.8421057990042969, 0.8854673444723254, 0.8881085616940885, 0.834438152549721, 0.053667779057963425, 0.9275553704413378, 0.891594998659744, 0.2766827234391716, 0.06732489507460866, 0.8181795871709696, 0.15289359053977075, 0.035110400404755576, 0.8815530796199186, 0.0403561762317655, 0.8808724999654249, 0.8663938198204941, 0.06167224660489405, 0.15727022212777492, 0.058629134780336434, 0.6744156046504122, 0.05417085119399127, 0.8228227361361852, 0.8975377185304807, 0.061496803756398745, 0.24853242371253248, 0.029856644634303077, 0.914571768832236, 0.08309596627491016, 0.07953846939393752, 0.8892141836569448, 0.9058578139912679, 0.09802705528278692, 0.2778195170306267, 0.06476921234449355, 0.05864421261505525, 0.4811448094167399, 0.15661369737893924, 0.048031021685766964, 0.08777334943509905, 0.23132522183398957, 0.9031205931623014, 0.8967084464249643, 0.07498002919490325, 0.9108350632279439, 0.060839652316997506, 0.8054512307932519, 0.9184572380905174, 0.8742796781133485, 0.25483518110570624, 0.06261090946799486, 0.07168713708497612, 0.04437863482831972, 0.08618774970134428, 0.03534855937226389, 0.04347080950531277, 0.764984367863863, 0.049607625169096475, 0.6307355861717772, 0.03355152595165495, 0.038005563798416554, 0.042899984533082504, 0.8512788581826821, 0.06234012693434263, 0.7932330184283467, 0.47156924457079613, 0.8042813462240426, 0.9017884472905933, 0.08994196187286284, 0.6950809991005147, 0.5, 0.856059280713041, 0.8921164025375384, 0.8419936827528515, 0.8886264866795314, 0.9041274898892216, 0.8827183054401418, 0.6179367642429661, 0.030143357635468774, 0.06394008597472414, 0.8082239920349613, 0.06676618000943281, 0.061210960636268484, 0.049502378380181296, 0.06933139967108538, 0.8950615500512406, 0.062028364763860984, 0.05694699952423502, 0.6783438616631651, 0.03392246257096042, 0.9026973066708671, 0.035653706960703274, 0.46350641391969716, 0.034150202277797796, 0.0694550443906496, 0.0663964610943374, 0.7682506076781369, 0.36128005607606295, 0.5534748790407219, 0.08114745781792136, 0.9087973483647974, 0.8550312290846802, 0.870574526439305, 0.42350186545155, 0.7794017993572137, 0.899919831179987, 0.08068627561495471, 0.916278672769796, 0.05640873015277765, 0.8958976739415315, 0.4109898730305725, 0.8974543618413999, 0.20675273974807828, 0.9020082300451785, 0.03847048870633015, 0.8441412964619825, 0.7866790022131129, 0.03324471949026756, 0.7561332875030443, 0.08055165023906267, 0.878414728927797, 0.06407247852008882, 0.06459625461636777, 0.06515329247748397, 0.44502275027183585, 0.037529469338261956, 0.271297405831521, 0.039441220193201613, 0.04105329672596002, 0.8279651278715615, 0.06305739766525034, 0.03513022460159579, 0.6549215079897944]"
SVM,8,2,"[0, 1, 0, 1, 1, 0, 0, 0, 0, 1, 1, 0, 0, 1, 0, 0, 0, 0, 1, 0, 1, 1, 1, 1, 0, 0, 0, 0, 0, 0, 1, 0, 0, 0, 1, 0, 0, 0, 1, 1, 0, 0, 0, 0, 1, 1, 1, 0, 0, 0, 1, 1, 0, 1, 0, 1, 0, 0, 0, 1, 1, 1, 0, 1, 0, 1, 0, 0, 0, 0, 1, 1, 0, 1, 1, 0, 0, 0, 1, 0, 1, 0, 1, 1, 0, 0, 1, 1, 0, 0, 0, 1, 0, 0, 0, 1, 0, 0, 1, 0, 0, 1, 1, 0, 1, 1, 0, 0, 0, 1, 0, 0, 0, 0, 1, 0, 1, 0, 0, 0, 1, 0, 1, 0, 0, 0, 0, 0, 1, 1, 0, 0, 1, 1, 0, 0, 0, 0, 0, 0, 0, 1, 1]","[0, 1, 0, 1, 1, 1, 0, 0, 0, 1, 1, 1, 1, 1, 0, 0, 0, 0, 1, 0, 1, 1, 1, 1, 0, 0, 0, 0, 0, 0, 1, 0, 0, 1, 1, 1, 0, 1, 0, 1, 0, 0, 0, 0, 1, 1, 0, 0, 0, 0, 1, 1, 0, 1, 0, 0, 0, 0, 1, 1, 1, 1, 0, 0, 1, 1, 0, 0, 0, 0, 1, 1, 0, 1, 1, 0, 1, 0, 1, 0, 1, 0, 1, 1, 0, 0, 1, 1, 0, 1, 0, 1, 0, 0, 0, 1, 0, 0, 1, 0, 1, 1, 1, 0, 1, 1, 0, 1, 1, 1, 0, 0, 0, 0, 1, 0, 1, 0, 0, 0, 1, 0, 1, 0, 0, 0, 0, 0, 1, 1, 0, 0, 1, 1, 0, 0, 0, 0, 1, 0, 0, 1, 1]","[0.0585320623209464, 0.7851397425564008, 0.04904127721600551, 0.6006144630618894, 0.8982064892094512, 0.9080440457466935, 0.0749461109883539, 0.08930226598697635, 0.07455833517099625, 0.5571431374665876, 0.9123414864657844, 0.685858597986936, 0.8907168627820373, 0.889226790035847, 0.07362293528745899, 0.06577395920656545, 0.05551071295378821, 0.0836472535260376, 0.7219411183372496, 0.04670265588580501, 0.5142435306645863, 0.9119238577156981, 0.8162850036407832, 0.897254709562347, 0.22873490842628735, 0.07642928885860736, 0.3064170573134462, 0.05930047214555129, 0.07118723966340086, 0.12083547937335816, 0.8572022729625869, 0.06909461574632152, 0.08783430999803477, 0.507635757135233, 0.9159752935692339, 0.7056992303467603, 0.18816344201772253, 0.4692333669301059, 0.08456211070060243, 0.862389843004881, 0.13432852973817166, 0.07941940351634813, 0.07449678242761788, 0.10370456787918747, 0.5383006000409758, 0.9228315475608692, 0.1163095884750615, 0.08251719060862103, 0.07418352044027171, 0.07322967484797348, 0.7365542650124703, 0.9299309222723879, 0.07175386777506386, 0.8141480234783947, 0.07817458766814729, 0.05950519111958839, 0.038493993140940215, 0.06364603359506964, 0.8592189322549612, 0.8644825464019483, 0.8349250407565794, 0.7457304650073928, 0.0614010671719353, 0.3524549879489267, 0.7082726511357589, 0.8345378065470584, 0.07094886408759038, 0.06951622677283906, 0.10343426884202539, 0.07536824291996123, 0.8941916390891288, 0.6623521907929903, 0.09880767129397873, 0.8815742923084732, 0.9026067031186751, 0.20403260100263262, 0.8931550729762594, 0.07222826374474135, 0.8516910163979776, 0.18930827639470438, 0.9020711981808262, 0.10315929084069286, 0.893163676233768, 0.905050088282452, 0.07278675581890091, 0.07584083639384426, 0.8055341774328595, 0.8287817576408105, 0.0389971425283414, 0.5283160661692402, 0.07154357340239521, 0.8897548675801341, 0.08259360541616678, 0.06905955031324128, 0.07727000471690845, 0.80008488372878, 0.09028459593421663, 0.072509466387137, 0.8867222350052417, 0.12205232287479062, 0.8676021839870308, 0.8729732961740667, 0.7409310296449856, 0.06935018140310097, 0.8996329941398854, 0.4236987557715462, 0.18651321864239184, 0.4200038980684503, 0.8749180261289999, 0.8855661093399378, 0.21183070235164345, 0.08652275224469498, 0.04450141780590381, 0.08108185359863665, 0.8571704427062452, 0.06394338487029001, 0.8430456497034046, 0.06854074684433141, 0.05747091022752739, 0.05490954732306149, 0.887769567137162, 0.07512863731643458, 0.8580226169340395, 0.03999447476747767, 0.06958128727750183, 0.06313426763414251, 0.07325430648935961, 0.08419965231184452, 0.919343297178996, 0.8059963537776713, 0.07091466763251444, 0.048484699487115125, 0.880316012445729, 0.9010925614526797, 0.35399690566471, 0.2786425695135129, 0.06126247155160942, 0.06954550151535839, 0.866518584641481, 0.07525523671343226, 0.08100782664163145, 0.8998180243044214, 0.8904470528843106]"
SVM,9,2,"[0, 1, 0, 0, 1, 0, 0, 0, 0, 1, 0, 0, 1, 0, 0, 1, 0, 1, 0, 0, 1, 1, 0, 0, 1, 1, 0, 0, 1, 0, 0, 0, 0, 0, 0, 0, 0, 1, 1, 0, 0, 0, 0, 1, 1, 0, 1, 0, 0, 1, 1, 0, 0, 0, 1, 0, 1, 0, 0, 0, 0, 1, 1, 0, 1, 0, 0, 1, 0, 0, 0, 1, 0, 0, 1, 0, 0, 1, 1, 1, 1, 0, 0, 0, 0, 1, 0, 0, 1, 0, 0, 0, 1, 1, 1, 0, 0, 0, 0, 0, 0, 0, 0, 1, 0, 0, 0, 1, 0, 0, 1, 1, 1, 1, 1, 1, 1, 0, 1, 0, 1, 1, 0, 1, 1, 0, 0, 1, 0, 1, 0, 1, 1, 0, 0, 1, 1, 1, 0, 1, 0, 0, 0]","[1, 0, 0, 0, 1, 0, 0, 0, 0, 1, 0, 0, 1, 0, 0, 1, 0, 1, 0, 1, 1, 1, 0, 1, 1, 1, 0, 0, 1, 0, 0, 0, 0, 0, 0, 0, 0, 1, 1, 0, 0, 0, 1, 1, 1, 0, 1, 0, 0, 1, 1, 0, 0, 1, 1, 0, 1, 0, 0, 0, 1, 1, 1, 0, 1, 0, 0, 1, 0, 0, 0, 0, 0, 0, 1, 0, 1, 1, 1, 1, 1, 1, 0, 0, 1, 1, 0, 0, 1, 0, 0, 0, 1, 1, 0, 0, 0, 1, 0, 0, 0, 0, 1, 1, 0, 1, 1, 1, 0, 0, 1, 0, 1, 0, 1, 1, 1, 0, 1, 0, 1, 1, 1, 1, 1, 1, 0, 0, 0, 1, 0, 1, 1, 1, 0, 1, 1, 1, 0, 1, 1, 0, 1]","[0.8704621037782679, 0.03563677096112403, 0.049774271309482, 0.27906469406675527, 0.6694857439008333, 0.03311930613546518, 0.08090005475660522, 0.06282799551958038, 0.041831767999505096, 0.8448441998951177, 0.07818917956060761, 0.1043351792187636, 0.8671233642018829, 0.07019418611363674, 0.05993527516811197, 0.9071385881989025, 0.034862805281228405, 0.7738555004181592, 0.029312554731679964, 0.5700808266365488, 0.5214548421562638, 0.877763580282954, 0.03202051541857563, 0.5901255432630684, 0.8686221091059517, 0.8894981323342114, 0.3459847398309302, 0.05463292765858899, 0.835359228876683, 0.08398342532297846, 0.28770876021958847, 0.06698750289538037, 0.0587937242552427, 0.07400062936462778, 0.07425505417029107, 0.06901498481397993, 0.04068199454530836, 0.8426902386689478, 0.8677861079035545, 0.07335113206741369, 0.08329398410077617, 0.08831854904359975, 0.4146064416751324, 0.8993231349109887, 0.8784864029047368, 0.0619378633547155, 0.8265708619640456, 0.061221100332255966, 0.06864748189260284, 0.8850175436383266, 0.8832257886039308, 0.0693610162296655, 0.07904019382889019, 0.6919310519910722, 0.8087782354816593, 0.07620538251249982, 0.8806725692000007, 0.07571586017681114, 0.051616717467464206, 0.06413487567207393, 0.8955741507681292, 0.8701318709773439, 0.7761571945800118, 0.045176223133188614, 0.9139184436958881, 0.07393328733682725, 0.03769557475336879, 0.8347959450811201, 0.07134009289281658, 0.06937012133418524, 0.048784482485930786, 0.11865330862586745, 0.07943141152322246, 0.06402177697407166, 0.8982223554147464, 0.07355538731039467, 0.4287247247160878, 0.8276634400620501, 0.5803674686072878, 0.7009717817859247, 0.8712750023739302, 0.6197974503627557, 0.03359821371935206, 0.25859055366240513, 0.5948536938385537, 0.8875356675741024, 0.06766544839689094, 0.0640506045410492, 0.7432649979475872, 0.07505936633977742, 0.06718375415745402, 0.08055085895945986, 0.880010847181998, 0.8892156248992278, 0.25059420054216486, 0.05764957571116838, 0.07458788860564938, 0.5409401308937648, 0.10016286185166982, 0.1129384717002552, 0.081862220920002, 0.06137442387681444, 0.42608627347451966, 0.8139108435721678, 0.0383844402259888, 0.560702738985416, 0.8048079055687197, 0.8640461897333164, 0.09026941484499251, 0.0633308784838648, 0.7809403799117312, 0.10049595515442009, 0.8515521123454941, 0.27844149343355784, 0.8522512090901224, 0.8847413604414335, 0.8932675786589586, 0.07369419205696458, 0.9006664445253119, 0.19499506577090647, 0.8807944873050594, 0.8297845441978199, 0.9014555076921742, 0.848529497666436, 0.8494576924072359, 0.5603982869741336, 0.10192028051313785, 0.26126052618812473, 0.18395057093559902, 0.87419532480797, 0.06687033450284187, 0.8628284776724937, 0.8480427336619287, 0.6908134744479587, 0.04846903940404872, 0.8450707002019268, 0.690734275675569, 0.744285717224175, 0.1802469612264063, 0.8661176650162759, 0.854626230964525, 0.2278936921627903, 0.4604154204328712]"
SVM,10,2,"[0, 0, 0, 0, 0, 0, 0, 0, 0, 0, 0, 1, 1, 0, 0, 0, 0, 1, 0, 0, 1, 1, 0, 0, 0, 1, 0, 0, 1, 1, 0, 1, 1, 1, 0, 0, 0, 0, 0, 1, 1, 1, 1, 0, 1, 0, 0, 0, 0, 0, 0, 1, 0, 0, 0, 1, 1, 1, 1, 1, 0, 1, 1, 0, 1, 0, 1, 0, 0, 1, 1, 0, 1, 0, 0, 0, 0, 1, 0, 0, 1, 0, 0, 1, 0, 1, 0, 1, 1, 1, 0, 1, 0, 1, 1, 0, 1, 1, 1, 0, 0, 1, 0, 0, 1, 0, 0, 0, 0, 1, 1, 0, 0, 0, 0, 0, 0, 1, 0, 0, 1, 1, 0, 0, 0, 1, 1, 1, 0, 1, 0, 1, 0, 0, 0, 0, 0, 1, 0, 1, 1, 0, 0]","[1, 0, 0, 1, 0, 0, 0, 0, 0, 1, 0, 1, 1, 0, 0, 0, 1, 1, 0, 0, 0, 1, 0, 0, 0, 1, 0, 0, 1, 1, 0, 1, 1, 1, 0, 0, 0, 0, 0, 1, 1, 0, 1, 0, 1, 0, 0, 0, 0, 1, 0, 1, 0, 0, 1, 1, 1, 1, 1, 1, 0, 1, 1, 0, 1, 0, 1, 0, 0, 1, 1, 0, 1, 0, 0, 0, 1, 0, 1, 1, 1, 1, 0, 1, 0, 0, 0, 1, 1, 1, 0, 1, 0, 1, 1, 0, 1, 1, 1, 0, 0, 1, 0, 1, 1, 0, 0, 0, 0, 1, 1, 0, 0, 0, 0, 0, 0, 1, 0, 0, 1, 1, 0, 1, 1, 1, 1, 1, 0, 1, 0, 1, 0, 0, 0, 0, 1, 1, 0, 1, 1, 0, 0]","[0.7822667508330466, 0.1696336984027554, 0.07151708370619016, 0.6874006149203551, 0.24777371766412612, 0.10383251373554787, 0.04792115902414773, 0.08414212820325644, 0.060894835120500077, 0.9253928741837636, 0.13971862477877303, 0.832598103494265, 0.8265391024978229, 0.10466024086867026, 0.053321416809869356, 0.06569877083877243, 0.6230089560075128, 0.727703892992753, 0.06063251101793108, 0.08587512110720627, 0.23029825004615967, 0.9330771984341352, 0.06711741547607564, 0.0672831176516425, 0.06025347043122375, 0.94003878293801, 0.04960215267163756, 0.06126271274119262, 0.7935469044878264, 0.9137651783127979, 0.05603586785789561, 0.5387985994944862, 0.9189324683890631, 0.7599804931223539, 0.0767734729322827, 0.05543769840703397, 0.04575475214684928, 0.0619046289515656, 0.14374023420937387, 0.9213130995023033, 0.7248252517921069, 0.2026747465374591, 0.829088030473084, 0.20078845747502083, 0.8861523445578634, 0.0439552645031201, 0.3662870507005835, 0.06860815405000151, 0.14404368501892306, 0.9255518442610169, 0.07073377398778016, 0.9543726876529064, 0.07256527961792215, 0.06728267734078075, 0.9190647470637229, 0.8999991872292071, 0.8457004831490926, 0.8402379255700861, 0.9168798380138717, 0.9127805163341256, 0.10875086880920072, 0.8824590539574236, 0.9329679213316221, 0.07023079102292573, 0.8777637207233342, 0.04064164772513884, 0.7432729483311885, 0.047399083851529286, 0.0697464773891896, 0.7543265930047799, 0.9376444517180477, 0.06442881930294048, 0.9341003897421181, 0.07715426637772196, 0.06815739436613773, 0.06140564056304985, 0.910126739570152, 0.13840026200040248, 0.8570917227458127, 0.8997686440967076, 0.9182971269803213, 0.6647263777586637, 0.06874068501447779, 0.6158239945206977, 0.14479624955076284, 0.3899589311718553, 0.06714653816572037, 0.8932543662365506, 0.5129354182816899, 0.9021891094160245, 0.06101185622108944, 0.9260694120104457, 0.060718805012285146, 0.8460610096980309, 0.8134870163581136, 0.08655952569132266, 0.49485085232580395, 0.8071018633065765, 0.8883248354566958, 0.3115120346723509, 0.07620518391979834, 0.9270751923133018, 0.06228113701805965, 0.665893770936687, 0.7445720499327926, 0.0761705018693545, 0.12305101750642505, 0.16429414169359846, 0.0670690433949646, 0.9414089740299806, 0.6327827416382785, 0.0656429091516442, 0.07528139943129103, 0.06782216446396279, 0.08423304151654804, 0.06707153122243782, 0.038313083049669516, 0.9319745843059772, 0.044048891114500305, 0.04195671849189658, 0.9418811378080402, 0.7803301618376359, 0.07222542640428072, 0.4245710533593064, 0.9289725714452038, 0.8661743732395104, 0.9020050911341826, 0.8365862559395006, 0.07050624495300101, 0.9237296968652825, 0.30569478130375527, 0.9232710249923773, 0.060959375515949585, 0.07135836893839692, 0.06080959492582672, 0.057970814280037475, 0.8925239965707404, 0.9328479483754146, 0.05571871754546878, 0.828405132300206, 0.8264987474145075, 0.06716478705920403, 0.06753608218320988]"
SVM,11,3,"[1, 1, 1, 0, 0, 0, 1, 0, 0, 0, 0, 0, 1, 1, 1, 1, 0, 0, 0, 0, 0, 1, 0, 1, 0, 0, 0, 1, 0, 1, 0, 1, 0, 0, 0, 0, 1, 0, 0, 0, 0, 1, 0, 1, 0, 0, 1, 1, 0, 0, 1, 0, 1, 1, 0, 1, 0, 0, 0, 0, 0, 1, 0, 0, 0, 1, 1, 1, 1, 1, 1, 1, 0, 0, 1, 0, 0, 1, 1, 0, 1, 1, 0, 1, 0, 0, 0, 1, 1, 0, 1, 1, 1, 0, 0, 1, 1, 0, 0, 1, 0, 0, 0, 1, 1, 0, 1, 0, 1, 0, 0, 0, 0, 0, 0, 0, 0, 0, 0, 1, 0, 1, 0, 1, 0, 1, 0, 0, 1, 0, 1, 0, 0, 0, 0, 0, 0, 0, 0, 0, 0, 1, 1, 1]","[1, 0, 1, 1, 0, 1, 1, 0, 0, 0, 1, 1, 1, 1, 1, 1, 0, 1, 0, 0, 0, 1, 0, 1, 0, 0, 0, 1, 0, 1, 0, 1, 0, 1, 0, 0, 1, 0, 0, 0, 0, 0, 0, 1, 0, 0, 1, 1, 0, 0, 1, 0, 1, 0, 0, 1, 0, 0, 0, 0, 0, 1, 0, 1, 0, 1, 1, 1, 1, 1, 0, 1, 0, 0, 1, 0, 0, 1, 1, 0, 1, 1, 0, 1, 0, 1, 1, 1, 1, 0, 1, 1, 1, 0, 0, 1, 1, 0, 0, 1, 0, 0, 1, 0, 1, 0, 1, 0, 1, 1, 1, 1, 0, 1, 0, 0, 0, 0, 0, 1, 0, 1, 0, 1, 0, 1, 0, 0, 1, 1, 1, 0, 0, 0, 0, 0, 0, 0, 0, 0, 1, 1, 1, 1]","[0.5, 0.06060544979382077, 0.9312667535558284, 0.9306805677468256, 0.0825049920193455, 0.9343228972171681, 0.8788935001158825, 0.027768933694441746, 0.05794728712003332, 0.03402290546211177, 0.5322560051004918, 0.9023799402390169, 0.9052586457140145, 0.9314752252980365, 0.8359674607809039, 0.917639546474202, 0.032026715477315205, 0.521496832335367, 0.04138317968313533, 0.042255836636514554, 0.036193258235553506, 0.9297514535778703, 0.07131746740552213, 0.9317652361028058, 0.044243434559966634, 0.03443645800710402, 0.21604006572957632, 0.5740992197508309, 0.05451586440377301, 0.8110368365302283, 0.051949502856076024, 0.8246385766728505, 0.02500036135265721, 0.4906084470729173, 0.06398483537965624, 0.02427625622406398, 0.8923762693263326, 0.16637291857336045, 0.06347150984710312, 0.05635236052823533, 0.16649766549068598, 0.039728514305301804, 0.057660677245617124, 0.9172903228535899, 0.046603112900313354, 0.034759718316041244, 0.9041079113347462, 0.8626038362019061, 0.3486589800419382, 0.06024329682935015, 0.9371028496388399, 0.05588039416632302, 0.9392387026335841, 0.11013569074185645, 0.06069913440934439, 0.9259278976862774, 0.04107393165727437, 0.06089076085647332, 0.040199857573280644, 0.05945503790017543, 0.16743593578872815, 0.929168463692443, 0.030555095257769428, 0.7861111689873654, 0.03497844817021383, 0.860928447802063, 0.8670442908836138, 0.88582121603583, 0.8949969632695286, 0.8805872980232767, 0.08543395865547804, 0.8114130495835938, 0.046824717159299416, 0.029563764462730676, 0.8780202602805236, 0.11961106054503402, 0.049423795277978404, 0.8685861634046121, 0.9292887000753529, 0.05324714517472186, 0.79377618933133, 0.8019108838806736, 0.2922306126431089, 0.8474515926733951, 0.040963886538696107, 0.9278238187874058, 0.9065667816369721, 0.92158537154089, 0.9116044066247272, 0.03884141525731881, 0.8768174479215877, 0.877270626183817, 0.6909982148394462, 0.06492407165080719, 0.02291263096395756, 0.8983457530705622, 0.7619951834978179, 0.06404351513705057, 0.03189604361983652, 0.8830500844929474, 0.09116581753359482, 0.06454876359337963, 0.9023902587018979, 0.04664640792331406, 0.7288685568000866, 0.038511514586263, 0.5563829751711281, 0.03033731456229012, 0.9339883759131162, 0.8232572367694041, 0.7386429259902222, 0.5, 0.04080304142235998, 0.8923664020043384, 0.03130363479719132, 0.12044443337158514, 0.04154112987152161, 0.055909339910141374, 0.12161131789025245, 0.8427822501841924, 0.08625535815427716, 0.4753100491922939, 0.029752716335137257, 0.8568793440804889, 0.026505700019528573, 0.8998242938628023, 0.0495575418962455, 0.04461160134535615, 0.7919116613127009, 0.8984006590184983, 0.9336318869535046, 0.03772461076033385, 0.04299254868587776, 0.03373194380602282, 0.07168170734748935, 0.05816753425144807, 0.20647803926814667, 0.36052753148387345, 0.035769293593063474, 0.034494979992590255, 0.8954567016486185, 0.584269128399378, 0.8696184355554306, 0.6555660075611809]"
SVM,12,3,"[1, 0, 0, 0, 0, 1, 0, 0, 1, 0, 0, 0, 0, 0, 0, 0, 0, 1, 1, 0, 1, 0, 1, 1, 1, 0, 0, 0, 1, 1, 0, 0, 0, 1, 0, 0, 0, 1, 0, 0, 0, 0, 1, 0, 1, 0, 0, 1, 1, 1, 1, 0, 1, 0, 1, 0, 0, 0, 0, 1, 0, 0, 1, 1, 1, 1, 0, 1, 1, 1, 0, 0, 0, 1, 0, 0, 1, 1, 0, 0, 0, 1, 1, 1, 1, 0, 0, 0, 1, 0, 0, 1, 1, 0, 0, 1, 1, 0, 1, 1, 0, 1, 1, 1, 0, 0, 0, 1, 1, 1, 1, 0, 1, 1, 0, 0, 0, 0, 1, 1, 0, 1, 1, 1, 0, 1, 0, 1, 1, 1, 0, 0, 1, 1, 0, 0, 1, 0, 1, 0, 1, 0, 0]","[1, 1, 0, 1, 0, 0, 0, 1, 1, 0, 0, 0, 0, 0, 0, 1, 0, 1, 0, 0, 1, 0, 1, 1, 1, 0, 0, 0, 1, 1, 0, 0, 0, 1, 0, 0, 0, 1, 0, 0, 0, 1, 0, 0, 1, 0, 1, 1, 1, 0, 0, 0, 1, 0, 1, 0, 0, 0, 0, 1, 0, 0, 0, 1, 1, 1, 0, 1, 1, 1, 0, 0, 0, 0, 1, 0, 1, 1, 0, 0, 1, 1, 1, 1, 1, 0, 0, 0, 1, 0, 1, 1, 1, 0, 0, 1, 1, 0, 1, 1, 0, 1, 1, 1, 0, 0, 0, 1, 1, 1, 1, 1, 1, 1, 0, 0, 1, 1, 1, 1, 0, 1, 1, 1, 0, 1, 0, 1, 0, 1, 1, 0, 1, 1, 1, 1, 1, 0, 1, 0, 1, 0, 0]","[0.8587291618317535, 0.7944216571834587, 0.23737944798778873, 0.6816930646227348, 0.062813562971242, 0.14061735993808838, 0.04156274675232652, 0.5980894330766825, 0.8813574658638627, 0.2657946017547304, 0.06037792379027062, 0.06014460301676848, 0.07844116902846343, 0.09544125472443625, 0.07104892317724867, 0.6894058513759886, 0.0713897051775148, 0.45144765790338487, 0.36760795100739135, 0.05837801268609863, 0.7111829310544904, 0.0408297164576757, 0.843450903868578, 0.7977133522614177, 0.8403787008324023, 0.06970283523899506, 0.32738589701652754, 0.06060900297324776, 0.9113367988333614, 0.8047361594491835, 0.06540373680550057, 0.10019571345502695, 0.0689482667438562, 0.8688508994532246, 0.07659665500487486, 0.07962486243774405, 0.04601881090473007, 0.8980079438931565, 0.10727496524181261, 0.05706826915458619, 0.09043357904627392, 0.4433000554010267, 0.07497502376974532, 0.10424702371811279, 0.8777545311273509, 0.07151981859307041, 0.6313479910598133, 0.827359231733845, 0.8312251790473408, 0.2461961545586817, 0.3526355020635845, 0.05051259714688584, 0.858026868670767, 0.062178438553576056, 0.8825729507670173, 0.06061470159924735, 0.06710532657646838, 0.07221422440526742, 0.07042657404850675, 0.8203986852957451, 0.04452210789201805, 0.06016053803341858, 0.3531604785914345, 0.870317175680826, 0.5864549404997317, 0.8102828015485529, 0.043350353924947856, 0.8743668503705657, 0.6576557593453303, 0.8753069267862192, 0.05195807010745995, 0.08066945553975256, 0.04061003779271201, 0.2862468283759359, 0.5493641757204898, 0.0648880539275058, 0.7869430329221397, 0.8697426285528935, 0.18848116094588774, 0.059864027739923865, 0.7258833377025715, 0.7381961234627051, 0.8046112391675382, 0.8820014091035556, 0.8039932288602202, 0.06886256689254584, 0.0641549992395323, 0.06774963831951705, 0.8611759347196556, 0.03321121368290232, 0.40030843951290535, 0.8099889247873541, 0.8619498924302574, 0.06680549326289348, 0.053353628955721086, 0.865793343173161, 0.8610680946837984, 0.12114594631346294, 0.8646555514907758, 0.8681171757886403, 0.06250869858820558, 0.481712616747837, 0.8265307045873357, 0.45309292755977654, 0.06389209766074828, 0.05788161147530213, 0.21389646609994722, 0.8773291423022043, 0.6558563371736578, 0.8764434684697854, 0.8844719355953322, 0.5729575732696748, 0.8701748873010018, 0.8117260216852449, 0.06991492323468877, 0.20663147769159612, 0.5571341792880277, 0.7770086936519701, 0.8702750013144457, 0.8865062849885835, 0.07811038073498913, 0.8032810672749493, 0.8637789960516946, 0.7410888954851208, 0.0438597466568374, 0.8457319157505616, 0.06205337081538632, 0.8213991318938615, 0.05813415602626964, 0.8745927571812802, 0.7396665280297162, 0.06299124247430657, 0.8248931946813599, 0.8819088035424382, 0.6429228501174873, 0.5717952011333362, 0.614148957262072, 0.28396024219368365, 0.573390707805425, 0.04561343410905442, 0.8847495018080506, 0.06433724090249486, 0.06131793307942524]"
SVM,13,3,"[1, 0, 0, 1, 1, 0, 1, 0, 0, 1, 0, 1, 1, 0, 1, 0, 0, 1, 1, 0, 0, 1, 0, 0, 1, 1, 1, 0, 0, 0, 0, 0, 0, 1, 0, 1, 0, 0, 1, 0, 1, 0, 1, 1, 0, 1, 1, 1, 1, 0, 1, 0, 1, 1, 1, 0, 0, 0, 0, 1, 0, 1, 1, 0, 1, 1, 0, 0, 0, 1, 1, 0, 0, 0, 0, 0, 0, 1, 0, 1, 0, 1, 1, 0, 1, 1, 0, 1, 0, 1, 0, 0, 0, 0, 1, 0, 0, 0, 0, 1, 0, 1, 1, 1, 1, 1, 0, 1, 1, 0, 0, 0, 0, 0, 1, 0, 0, 0, 1, 1, 0, 0, 0, 1, 0, 0, 0, 0, 1, 0, 1, 0, 1, 0, 1, 0, 0, 0, 0, 1, 0, 1, 0]","[1, 1, 0, 1, 1, 0, 1, 0, 0, 1, 1, 1, 0, 0, 1, 0, 0, 1, 0, 0, 0, 1, 0, 0, 1, 1, 1, 0, 0, 0, 0, 0, 0, 1, 0, 1, 0, 0, 0, 0, 1, 0, 0, 1, 0, 1, 1, 1, 1, 0, 1, 1, 1, 1, 0, 0, 0, 0, 0, 1, 0, 1, 1, 0, 1, 0, 0, 0, 1, 1, 1, 0, 0, 0, 0, 0, 0, 1, 0, 1, 1, 1, 1, 0, 1, 1, 1, 1, 1, 1, 0, 0, 0, 0, 1, 0, 0, 0, 0, 1, 0, 1, 1, 1, 1, 1, 0, 1, 0, 0, 0, 0, 0, 0, 1, 0, 0, 0, 1, 1, 0, 1, 0, 1, 1, 1, 0, 0, 1, 0, 1, 0, 1, 0, 0, 0, 0, 0, 1, 1, 0, 1, 0]","[0.8823270612333125, 0.8603384876150374, 0.0703334753828211, 0.785397376808325, 0.5202936735693816, 0.04556662778174546, 0.9183834391171785, 0.04286641619503983, 0.04970416310051697, 0.903733197420937, 0.9179923843941493, 0.9037288166202319, 0.15941825785648836, 0.061899102376569905, 0.9321596492731801, 0.0679611766816212, 0.07156941859335889, 0.8981499658911848, 0.07559289274214774, 0.06633651843780437, 0.07821021105699591, 0.9237687633536074, 0.04422241932353538, 0.07015625901179078, 0.5155651331627663, 0.9037152971132394, 0.929590249496653, 0.07145694405927294, 0.07829182025548127, 0.0658678599554199, 0.06195958851600363, 0.21543844160544065, 0.06785206190779322, 0.9083300352229248, 0.0678817792278179, 0.9231011944863812, 0.06417932062673617, 0.07070113457462825, 0.34770668601278143, 0.06387687825584303, 0.4923480643125679, 0.32029670445138886, 0.2465174055997054, 0.9124141001383511, 0.10826145165553008, 0.8787484142530554, 0.8576578946307506, 0.9253379437373331, 0.9325101982912347, 0.07029818115191491, 0.8296989250520003, 0.9107933158556748, 0.9236730342415794, 0.9337719956264091, 0.08312390948717199, 0.06876514474930183, 0.07488138716701183, 0.22960386354832024, 0.060203602368496784, 0.91158087780303, 0.06911041402531413, 0.8489168421065564, 0.7251660607036814, 0.06937626821910213, 0.7862984919924848, 0.05519876641386562, 0.09619390163273465, 0.039547343769222344, 0.8766607883708626, 0.886259751110818, 0.7280632884664042, 0.0616098088761661, 0.06903525070267447, 0.06808553280341503, 0.10490948549637417, 0.08104762427834183, 0.07360910467886919, 0.7789104185773263, 0.19537691176979688, 0.6678848182637412, 0.9102731833970242, 0.9313859928082455, 0.919190358494264, 0.06747383473930439, 0.9189853472528375, 0.9236184761233499, 0.8843036347297824, 0.8862877708153036, 0.4808713144492653, 0.8982053195026357, 0.08718648430480262, 0.06969311814235242, 0.07182752544019168, 0.10509984810412282, 0.474018219944696, 0.06649571617027493, 0.3609317417984344, 0.07642478644594954, 0.06476713306976975, 0.86754034402729, 0.15426915574090413, 0.8705308405914913, 0.7078498261797628, 0.8943389821531582, 0.9338700298954199, 0.9033180037927732, 0.06697540040004267, 0.7481055834148442, 0.17837189682845428, 0.12741027298926935, 0.07298401283327866, 0.10519420565076541, 0.06811560371733635, 0.06408722192824651, 0.9179862323184764, 0.15226950764836053, 0.06112119815874684, 0.07754992813491454, 0.8650046664162554, 0.9307147129051585, 0.06544768218646782, 0.9258519056139654, 0.05262196975282118, 0.8490300821422225, 0.4227650154346539, 0.8983013536336164, 0.03715833851429068, 0.06943073880050821, 0.8769622687390644, 0.06560335860102205, 0.8017495498904853, 0.07656316996480733, 0.8042475374046787, 0.04113303804058561, 0.04465493867402581, 0.0680954759260004, 0.07298975484077624, 0.05867716980500736, 0.8354778330587954, 0.8586162492692513, 0.0732582209026786, 0.9095347096958089, 0.3657408693343374]"
SVM,14,3,"[0, 0, 0, 1, 0, 1, 0, 0, 1, 0, 0, 0, 1, 0, 0, 0, 1, 0, 0, 0, 0, 1, 0, 1, 1, 0, 0, 0, 1, 0, 0, 1, 0, 1, 0, 0, 1, 1, 0, 0, 1, 0, 1, 0, 1, 1, 0, 0, 0, 0, 1, 0, 0, 0, 0, 0, 0, 0, 0, 0, 1, 1, 1, 1, 0, 0, 0, 1, 0, 0, 1, 1, 1, 0, 0, 0, 0, 1, 0, 1, 0, 0, 1, 0, 0, 1, 0, 1, 1, 0, 1, 1, 1, 1, 0, 0, 1, 1, 1, 0, 0, 0, 0, 0, 1, 0, 1, 1, 0, 1, 0, 1, 1, 0, 1, 0, 0, 0, 0, 1, 0, 0, 0, 0, 1, 0, 0, 0, 1, 1, 1, 1, 1, 1, 1, 1, 0, 1, 0, 1, 0, 0, 0]","[0, 0, 0, 1, 0, 1, 1, 1, 0, 0, 0, 0, 1, 0, 0, 0, 1, 0, 0, 1, 0, 1, 1, 0, 0, 0, 0, 0, 0, 0, 0, 1, 0, 1, 0, 0, 1, 1, 0, 1, 0, 0, 0, 0, 1, 1, 0, 0, 0, 0, 1, 0, 0, 0, 0, 0, 0, 0, 0, 0, 1, 1, 0, 1, 0, 0, 0, 1, 0, 0, 1, 1, 1, 1, 0, 0, 1, 1, 0, 1, 0, 0, 1, 0, 0, 1, 1, 1, 1, 0, 1, 1, 0, 1, 0, 0, 1, 1, 1, 0, 1, 0, 0, 0, 1, 0, 1, 1, 0, 0, 0, 1, 1, 0, 1, 0, 1, 0, 0, 1, 0, 1, 0, 0, 0, 0, 0, 0, 1, 1, 1, 1, 1, 1, 1, 1, 0, 1, 0, 1, 0, 0, 0]","[0.08180559566779275, 0.05775589572693582, 0.17597766932172143, 0.8970799746819587, 0.07215251051367493, 0.8836886272012702, 0.7060689592741363, 0.8384810584511456, 0.367553543224105, 0.0449282959236275, 0.07568022500042661, 0.07653191760917091, 0.8722691785343714, 0.07203820782579573, 0.07347708653042072, 0.1067209619873095, 0.8281078936642116, 0.06826441986310688, 0.03811416723873227, 0.541666342183599, 0.059871502661648326, 0.8358822746685861, 0.6472666300124831, 0.2285078328513199, 0.19642429457175056, 0.07383297306533407, 0.044114530526640786, 0.2613883579087762, 0.21162790674645732, 0.06717311794554658, 0.30859854130419795, 0.8674961878918388, 0.06770410628609114, 0.8645536850761698, 0.06761272447677098, 0.31769855174753364, 0.8489276017504015, 0.9046808129722099, 0.10994036615581207, 0.67797612488019, 0.29098420076943327, 0.06598783691895091, 0.19338261977255192, 0.2215085446802669, 0.8516915076901673, 0.8572197581548828, 0.038373615307381904, 0.0625081118323636, 0.06771667293003383, 0.08234364634638779, 0.5, 0.07419114143840241, 0.07866614672512569, 0.06503642636557898, 0.07127591316878243, 0.04872153246761342, 0.15023787712314027, 0.060158679344646956, 0.06424255309847621, 0.0662854732396785, 0.8954803638292799, 0.8409339295251687, 0.08325376501930892, 0.8798393602343662, 0.07083691588518125, 0.057588454091078246, 0.05396237056416752, 0.8922825608317716, 0.061987417210319244, 0.3489439258268064, 0.8675508769674529, 0.8381671521854515, 0.5, 0.5637443600671252, 0.033092782456363386, 0.07290800859049819, 0.5471904627033248, 0.7812135809087006, 0.10296138405119759, 0.8812742481291875, 0.05773360217929016, 0.07457844135687591, 0.8655214764544108, 0.07093558466604771, 0.06456759451884515, 0.8195059760918141, 0.617874986739482, 0.8638393604887095, 0.8771797435048778, 0.03256302054755979, 0.8527590484514865, 0.8523949865559587, 0.354479723175628, 0.8996409246599094, 0.0755880521934356, 0.06743947900444817, 0.8190285071634661, 0.8925723968735136, 0.801167794660934, 0.06091703520012599, 0.8075725822010257, 0.06054940741471784, 0.11304031393723703, 0.047916409060719846, 0.8838592837829758, 0.06812850849828866, 0.8969020635224482, 0.7781672821435852, 0.34096858751712805, 0.08840056037083337, 0.08177806510876146, 0.8720951379027568, 0.8894103180813193, 0.0618237646552811, 0.9019827742845002, 0.06787208757648278, 0.8525667083291628, 0.0646838127813666, 0.07411552548707423, 0.8670591660795705, 0.04063496428279867, 0.4733057493002419, 0.0728925999903594, 0.08910159195951094, 0.2436463551416972, 0.04700016620935027, 0.06746849606973951, 0.15091728027290113, 0.8818636454730737, 0.6186531733679937, 0.8969419516372493, 0.8191778404178399, 0.8722837669288718, 0.8857554690220565, 0.8384014775449637, 0.8572027035955857, 0.047493675052225987, 0.7734464561964642, 0.09280900184850292, 0.8792763337197427, 0.06680685362861374, 0.08128619580762292, 0.07208805845924852]"
SVM,15,3,"[0, 1, 0, 1, 0, 1, 1, 0, 0, 0, 1, 1, 1, 1, 1, 0, 0, 0, 1, 0, 1, 1, 0, 1, 1, 1, 0, 1, 0, 0, 1, 0, 1, 0, 1, 0, 0, 1, 0, 0, 0, 1, 0, 1, 1, 0, 1, 0, 0, 0, 0, 0, 0, 0, 1, 1, 0, 1, 1, 1, 0, 1, 0, 0, 1, 0, 0, 0, 0, 0, 0, 1, 0, 0, 1, 1, 1, 1, 0, 0, 0, 1, 1, 0, 0, 0, 1, 1, 0, 0, 1, 0, 1, 0, 0, 1, 1, 1, 1, 0, 0, 0, 0, 0, 1, 0, 0, 1, 1, 0, 0, 1, 0, 0, 1, 0, 1, 1, 1, 0, 0, 1, 1, 1, 0, 0, 0, 1, 1, 0, 1, 0, 0, 0, 0, 0, 1, 0, 0, 1, 1, 0, 1]","[0, 1, 0, 0, 1, 1, 1, 0, 0, 1, 1, 0, 1, 1, 1, 0, 0, 0, 1, 0, 1, 0, 0, 1, 1, 1, 0, 1, 0, 0, 1, 0, 1, 0, 1, 1, 0, 1, 0, 0, 0, 1, 0, 1, 1, 0, 1, 0, 1, 0, 0, 0, 0, 1, 1, 1, 1, 1, 1, 0, 0, 1, 0, 0, 1, 0, 0, 0, 0, 0, 1, 1, 0, 0, 1, 1, 1, 1, 0, 0, 0, 0, 1, 1, 1, 0, 1, 1, 0, 0, 1, 0, 0, 0, 1, 1, 1, 1, 1, 0, 0, 0, 0, 1, 1, 0, 0, 1, 1, 0, 1, 1, 0, 0, 1, 0, 1, 1, 1, 0, 0, 1, 1, 1, 0, 1, 1, 1, 0, 0, 1, 0, 0, 0, 0, 1, 1, 0, 0, 1, 1, 0, 1]","[0.050341935209197615, 0.8887775314895696, 0.07491150803489938, 0.03571343684891245, 0.39865160272719286, 0.6370856224544873, 0.6320128003903828, 0.11164599505597737, 0.0773629790935395, 0.888556572561418, 0.8621186474100558, 0.2850402874595413, 0.8148694454440295, 0.9011525875588328, 0.8230779570134165, 0.08801686765617146, 0.031554973184924034, 0.04164647313543337, 0.8910659592633225, 0.031619313841986706, 0.7315374572443629, 0.24959709900256205, 0.08477200242828856, 0.8895022572150713, 0.8852938960300002, 0.8805228429937936, 0.06257445680992914, 0.7457314601018336, 0.03796014512251258, 0.059509336398665805, 0.7714027394101266, 0.06824302462617253, 0.8735262511379936, 0.04705315420336803, 0.5517505211118476, 0.6426534804101875, 0.035935830085094746, 0.774455727731085, 0.06050509704754282, 0.09313727296611428, 0.03907339197191519, 0.8634755733704762, 0.08234123592747633, 0.7668790774898319, 0.8137819163406507, 0.065394064117442, 0.8703566062919778, 0.07012230281186507, 0.5453570776504592, 0.06174812982764128, 0.0750288770597014, 0.1581274244087981, 0.05481817669294858, 0.8911789378097354, 0.8305394670254512, 0.9288834344263266, 0.8888298803688595, 0.8576893861733225, 0.8357238272382356, 0.053072271155121746, 0.10938996230009568, 0.9099963228287176, 0.030042186765471598, 0.043047820341728354, 0.8526179562303735, 0.06995083811852222, 0.03312908580619147, 0.050433357876123776, 0.05156882766561447, 0.07688095747597913, 0.7305575503096142, 0.7445638682117505, 0.03414663546049179, 0.036455871827374295, 0.9015564818521986, 0.8778677713535019, 0.8834857688746481, 0.8805771580089023, 0.08136989529470469, 0.266336505722779, 0.05046767341879961, 0.13215258135601468, 0.8949048365392596, 0.8044366666651972, 0.7381455863748554, 0.06661397188774966, 0.8885511656153067, 0.8849754534740216, 0.06386371292445944, 0.06863717888571887, 0.6307591176281748, 0.15490317667203876, 0.2596020619824671, 0.0583428439121603, 0.4870179806739749, 0.8680341957044281, 0.8599162521072385, 0.8492244162624658, 0.8509204569589847, 0.06463001904502809, 0.07068737460824334, 0.04821525610428582, 0.037071312106769366, 0.5172914255303855, 0.8196825270899009, 0.07883903525732301, 0.07652165290445624, 0.8111232560863444, 0.8317594215675137, 0.17542969248806634, 0.4489728644777552, 0.8488317038903413, 0.06487816924175921, 0.07348133198182202, 0.8458000722861673, 0.12082266914839014, 0.6639345443985505, 0.8737966647759279, 0.8590807666946334, 0.059643177214555594, 0.06743366078115279, 0.8913930406655927, 0.8124865685535495, 0.8490534692556518, 0.16987443377100767, 0.4491847206337271, 0.5258540417040969, 0.865681113061024, 0.274750422526166, 0.26569842984932024, 0.8763190442058565, 0.05042400552092643, 0.06638653414918096, 0.05658982965017187, 0.04935032868155379, 0.8852512245104381, 0.8891408827388969, 0.037065235689019316, 0.21979681767944959, 0.8325784763439406, 0.8269215532016493, 0.0507271456808073, 0.8789202855974195]"
SVM,16,4,"[1, 1, 1, 1, 0, 1, 1, 1, 1, 0, 0, 0, 0, 1, 0, 1, 0, 1, 1, 1, 0, 0, 1, 0, 0, 1, 1, 0, 0, 0, 0, 0, 1, 0, 1, 0, 0, 0, 0, 0, 1, 0, 0, 1, 0, 0, 0, 1, 0, 0, 0, 0, 0, 1, 0, 0, 1, 1, 0, 0, 1, 1, 1, 0, 1, 1, 0, 1, 1, 0, 1, 1, 1, 0, 1, 0, 1, 1, 1, 0, 1, 1, 1, 1, 1, 1, 1, 0, 0, 0, 1, 1, 0, 1, 0, 0, 0, 0, 1, 1, 1, 1, 0, 1, 1, 1, 0, 1, 1, 0, 0, 0, 0, 0, 1, 0, 1, 0, 1, 0, 1, 1, 1, 0, 0, 0, 0, 0, 0, 1, 0, 0, 0, 1, 0, 0, 1, 0, 1, 0, 0, 0, 1, 0]","[1, 1, 0, 1, 0, 1, 1, 1, 1, 0, 0, 0, 0, 1, 0, 1, 1, 1, 1, 1, 0, 0, 1, 0, 0, 1, 1, 0, 0, 0, 0, 0, 1, 0, 1, 0, 1, 0, 0, 0, 0, 0, 0, 1, 0, 1, 1, 1, 0, 0, 0, 0, 0, 1, 0, 0, 1, 0, 0, 0, 1, 1, 1, 0, 1, 1, 0, 1, 1, 0, 1, 1, 1, 0, 1, 0, 1, 1, 1, 1, 1, 1, 1, 1, 1, 1, 1, 0, 0, 0, 1, 1, 0, 1, 1, 0, 0, 0, 0, 1, 1, 1, 0, 1, 1, 1, 0, 1, 1, 0, 0, 0, 0, 1, 1, 0, 1, 0, 1, 0, 1, 1, 1, 0, 0, 1, 0, 0, 0, 1, 0, 0, 1, 1, 0, 0, 1, 0, 1, 0, 0, 0, 1, 0]","[0.8310379509757007, 0.8755586605409567, 0.06958958049627197, 0.8661062562501923, 0.05578152759790958, 0.8777737157226575, 0.8668964018462236, 0.8628199141342072, 0.3916761450086428, 0.09699497059657486, 0.07892936361278478, 0.03585071522570382, 0.10166642997170432, 0.8570934448281454, 0.06417114919832055, 0.4554357654210342, 0.5247263129021607, 0.8494462625579934, 0.862132819509685, 0.8237425580853817, 0.06470830073286805, 0.04663358021502064, 0.7201827732872434, 0.033340124304468206, 0.07226306035929354, 0.8668726317764204, 0.5840903558577711, 0.06888036636367229, 0.32882085168429936, 0.05774555823145845, 0.07240385341032557, 0.07285403784414489, 0.8420103514921544, 0.060230271055383845, 0.8458144277798737, 0.06858539532740106, 0.4760969691420372, 0.07882215079857668, 0.06398515447071025, 0.06471178075413049, 0.2803706051699514, 0.05169116237814819, 0.04241540170624815, 0.8101967799387692, 0.06857397764130553, 0.5585074886762775, 0.625050346178503, 0.8325050376054259, 0.04134697633642432, 0.07191598732577927, 0.05385283205243644, 0.2731725587123217, 0.0468221536433009, 0.8473226862372556, 0.1926448306693366, 0.06707766872235316, 0.8675792757634234, 0.044503824423366777, 0.11608353605942956, 0.13463014639410342, 0.79656396082479, 0.8273769245542516, 0.7832705538427805, 0.04331205030597467, 0.8517110099004285, 0.7864020026906847, 0.0665055452742443, 0.6671495420118997, 0.8719648879204688, 0.07270982386418988, 0.8385180170149346, 0.8673065183024486, 0.7629748974581919, 0.27306759428962196, 0.8766758077408335, 0.07807720516770372, 0.8218277248493477, 0.8668257978581956, 0.8724664315901081, 0.7998438658927566, 0.8408849917608986, 0.8515263731928936, 0.8067717184713259, 0.8223099872564843, 0.8339987377210527, 0.8652558844626654, 0.6899878423159579, 0.036047183733972865, 0.07361615603666814, 0.10575260884024437, 0.7665147829609384, 0.8224120299195926, 0.0602341568971611, 0.8556564660088604, 0.7726938722377981, 0.06842323042111048, 0.11709917037484587, 0.17918051620353204, 0.05813569072103207, 0.7164087623983153, 0.8794640447643999, 0.8680578367156878, 0.22987928804794747, 0.8695454265654232, 0.8653877519095593, 0.6089147916030601, 0.09765801105755141, 0.8797426348760985, 0.8324966892441731, 0.059113054300499054, 0.06745141678224789, 0.06997166907159974, 0.06676451217228656, 0.5267811045875631, 0.8669143794332685, 0.09483852619619848, 0.45368858042487287, 0.03857107244627995, 0.808138428568352, 0.03665791393683485, 0.7339899124963496, 0.7814301773753782, 0.8516780742033786, 0.044896872322836345, 0.14207406783084348, 0.5357778948430468, 0.05947724291837328, 0.05842282344743422, 0.04342894624577349, 0.8775707911313249, 0.06311994898638998, 0.03677368083142785, 0.6290865977874579, 0.8279334693435922, 0.07620230857593531, 0.07061513041504978, 0.5194037351839604, 0.09429330817226658, 0.8703586620330396, 0.05016800519060278, 0.21168931022706627, 0.03972796542164236, 0.6097476356191062, 0.0699059172782084]"
SVM,17,4,"[0, 1, 1, 0, 0, 1, 0, 0, 0, 0, 1, 0, 0, 0, 1, 0, 0, 0, 0, 1, 1, 0, 1, 0, 1, 1, 1, 0, 0, 0, 0, 1, 1, 1, 0, 1, 0, 0, 1, 0, 0, 0, 0, 1, 0, 0, 1, 0, 0, 1, 1, 1, 0, 1, 0, 0, 0, 1, 1, 1, 1, 1, 0, 1, 1, 0, 0, 0, 0, 0, 0, 0, 0, 1, 1, 0, 1, 0, 0, 1, 0, 0, 0, 0, 0, 0, 0, 1, 0, 0, 0, 1, 1, 0, 0, 1, 0, 0, 0, 1, 1, 0, 1, 0, 1, 0, 1, 0, 1, 1, 0, 0, 1, 1, 0, 0, 0, 0, 1, 0, 0, 1, 0, 1, 1, 0, 0, 1, 1, 1, 0, 1, 1, 0, 1, 1, 1, 1, 1, 0, 0, 0, 0]","[0, 1, 1, 0, 0, 0, 0, 1, 1, 0, 1, 0, 0, 0, 1, 0, 0, 0, 0, 0, 0, 0, 1, 0, 1, 1, 1, 0, 0, 1, 0, 1, 1, 1, 0, 1, 0, 0, 1, 0, 0, 0, 0, 1, 1, 0, 0, 0, 1, 0, 1, 1, 0, 1, 0, 0, 0, 1, 1, 1, 1, 0, 0, 1, 0, 0, 0, 0, 0, 0, 0, 0, 0, 1, 1, 0, 0, 0, 0, 1, 0, 0, 0, 0, 0, 1, 0, 1, 0, 1, 1, 0, 1, 1, 0, 1, 0, 0, 1, 1, 1, 0, 1, 0, 1, 0, 1, 1, 1, 1, 0, 0, 1, 1, 0, 0, 0, 1, 1, 0, 1, 1, 1, 1, 1, 1, 1, 1, 1, 0, 0, 0, 1, 0, 1, 1, 1, 0, 1, 0, 1, 0, 1]","[0.04995948696583439, 0.48433538686374306, 0.8711723108662849, 0.07511086038101412, 0.0703437981346663, 0.12064472726548434, 0.07017474168617559, 0.6556340226511168, 0.867396667081337, 0.04936819831063584, 0.8902975930174657, 0.06038645864924481, 0.06895092094843223, 0.08780832061040689, 0.8107225814540975, 0.0619961668086802, 0.06236326637796015, 0.05953031135771703, 0.037685474644476885, 0.34740661883504137, 0.07410904617045334, 0.05591894492411803, 0.9068242734603041, 0.042773575877613025, 0.932206686807185, 0.899363887203707, 0.9035864522315888, 0.07211539998664088, 0.09523854887405514, 0.6447045993313018, 0.06251805375564211, 0.8650907780472251, 0.9118295649249999, 0.8424528075841884, 0.029518645129374483, 0.9292613187471158, 0.0653883896326803, 0.09279607301527452, 0.8950470359621263, 0.032578407785455045, 0.0606562453226753, 0.09354452443071946, 0.0901693191985729, 0.9032175542933968, 0.6622686114437333, 0.17275256604167463, 0.3593787581866892, 0.06517015727654783, 0.4602827531054757, 0.3232753155278785, 0.5756760896920542, 0.8727379964659313, 0.3771984335118918, 0.9288480783136949, 0.06068759078598065, 0.07537982758742529, 0.0670622688991676, 0.9134270560636547, 0.8559813000487668, 0.9324225617336206, 0.938453850250398, 0.2222719328902417, 0.07810862022255939, 0.9363267057683772, 0.3186994991782394, 0.06320425778685863, 0.06359933001556071, 0.07050804837773042, 0.061468943046926044, 0.06448577569456652, 0.04289071005265658, 0.03810478293324738, 0.06841526957590782, 0.8534922054896779, 0.8976855023284778, 0.04098664155871653, 0.08575908993483455, 0.06036895195178579, 0.07193037757796113, 0.6532539602873448, 0.03091346455123449, 0.044140270232565205, 0.06278073322846016, 0.06340333073130806, 0.21529129282030957, 0.575340418638724, 0.0677860877688216, 0.9323772329303449, 0.05193418249912983, 0.9239798942930887, 0.9035714082785808, 0.3296452414498779, 0.9212411584428596, 0.5, 0.06837967943462539, 0.8808233094174083, 0.06377266693344803, 0.07864905222205806, 0.4097965965099316, 0.8465110100321268, 0.5, 0.04439704616816609, 0.9263427550320873, 0.055663043060439635, 0.8625447168525462, 0.08327492894885341, 0.8873140892390636, 0.8916739527033226, 0.9193197097677649, 0.8655487411153717, 0.03413532387740517, 0.032266772842305176, 0.8432148689402451, 0.3994678607481159, 0.07663634389000631, 0.030926200633120605, 0.07167665360198168, 0.594900792507675, 0.8692180267795433, 0.2145816714073378, 0.8101963633107799, 0.9075490609011272, 0.8719301916763309, 0.8605883875284708, 0.9194347584210719, 0.9258967553179897, 0.39818097014340786, 0.895634941313698, 0.6031352505132362, 0.2373877536905357, 0.043302280638853184, 0.05545716409628409, 0.8624578931078005, 0.07378442496973789, 0.8992632150353772, 0.9153082755497205, 0.9014727694022845, 0.049628487900714495, 0.9106894908331249, 0.3226617862269239, 0.8656792891358843, 0.06122637799124276, 0.8881097986820417]"
SVM,18,4,"[0, 0, 0, 0, 0, 0, 0, 0, 0, 0, 0, 0, 1, 1, 0, 1, 0, 0, 1, 0, 1, 0, 0, 1, 1, 0, 1, 0, 0, 0, 0, 0, 0, 0, 0, 0, 1, 1, 1, 1, 0, 1, 1, 0, 0, 1, 0, 1, 0, 0, 1, 0, 0, 1, 1, 1, 0, 1, 1, 0, 0, 0, 1, 1, 1, 1, 0, 1, 1, 0, 0, 0, 0, 0, 0, 0, 0, 0, 0, 0, 1, 1, 0, 1, 0, 0, 1, 1, 0, 0, 1, 0, 0, 0, 0, 0, 1, 0, 1, 0, 1, 0, 1, 0, 0, 0, 1, 0, 0, 1, 1, 1, 0, 1, 0, 0, 1, 1, 1, 1, 0, 0, 0, 0, 1, 1, 0, 0, 1, 1, 1, 1, 1, 0, 0, 1, 0, 1, 0, 1, 1, 0, 0]","[0, 0, 1, 0, 1, 1, 0, 1, 0, 0, 0, 0, 1, 1, 1, 1, 0, 0, 1, 0, 1, 0, 0, 0, 1, 0, 1, 0, 0, 0, 0, 0, 0, 0, 0, 0, 0, 0, 1, 1, 0, 1, 1, 0, 0, 1, 0, 1, 1, 0, 0, 0, 0, 1, 1, 1, 0, 1, 1, 0, 0, 0, 1, 1, 1, 1, 0, 0, 0, 1, 0, 0, 0, 0, 0, 0, 0, 0, 1, 0, 1, 1, 0, 1, 1, 0, 1, 1, 0, 1, 1, 1, 0, 0, 0, 0, 1, 0, 1, 0, 1, 0, 1, 0, 1, 0, 1, 0, 0, 1, 1, 1, 0, 1, 0, 0, 1, 1, 1, 1, 0, 0, 0, 0, 1, 1, 0, 0, 1, 1, 1, 1, 1, 0, 1, 1, 0, 1, 0, 1, 1, 0, 1]","[0.08617915377223952, 0.24768316477550079, 0.851346057142742, 0.060765056196745104, 0.6058644377992586, 0.5824456336591054, 0.29696980741420237, 0.8839221598667536, 0.05235687015737669, 0.08265600360100864, 0.060827297540785086, 0.0855994655021453, 0.9041938487758888, 0.9065742348343808, 0.8681309290228777, 0.8374322402976232, 0.0429402747152308, 0.0690796484642604, 0.9069327717160119, 0.05302284864097794, 0.8562874357542105, 0.22873284727292933, 0.08577663812296829, 0.23052113475926195, 0.7282476676131524, 0.06879719939232165, 0.7947883216149401, 0.2925287269902967, 0.07494446006849594, 0.08192403972399644, 0.34461644422047566, 0.09619996026043844, 0.10436135530281568, 0.0514266256996098, 0.08263770873621094, 0.20400819035602574, 0.24098606494273808, 0.08718664955233463, 0.8613673884181948, 0.8788520931578468, 0.0796254433060446, 0.883299369243764, 0.8880567602736513, 0.09189670919638934, 0.07287881079399718, 0.5068200714114078, 0.16122087855509962, 0.906125672729147, 0.8667500751048494, 0.08648688521289942, 0.11270985011555011, 0.08180012871661184, 0.08215868221028261, 0.8851183330150989, 0.727359616645898, 0.8936855426531827, 0.055973095605141396, 0.8122676906174059, 0.9109364166228543, 0.042647869450838594, 0.07236842753614506, 0.07265572840832325, 0.8128492632968919, 0.852559216293026, 0.7502546689981052, 0.8914082827621955, 0.06566044001905316, 0.1294815261129041, 0.36940625567404556, 0.7134840030536793, 0.05881084002931699, 0.044488214521014265, 0.09645788129334229, 0.06090176709769471, 0.35914482501600475, 0.054099840894293046, 0.08420372922798558, 0.037242586489788426, 0.5500857412418548, 0.0817310083208825, 0.8789605107152991, 0.8841139267634486, 0.07364475330843369, 0.8887111727494497, 0.741933148053919, 0.10336685273474451, 0.8890558156048399, 0.8994128880161985, 0.08849545547551632, 0.8579982900014949, 0.8601297039499702, 0.6537590245167869, 0.08152654993992389, 0.06980365598441232, 0.08004117804777969, 0.036205852697306994, 0.8557655142879302, 0.08047491855197716, 0.8535225748276272, 0.03813098327788406, 0.8694550927637391, 0.07534427135819652, 0.8516300612819232, 0.059904159082082006, 0.4300262141167914, 0.07987905645596896, 0.8735175596039081, 0.06764853356712387, 0.07574717164380866, 0.8007162372551598, 0.8953515934766755, 0.8146763953697298, 0.06897186357110409, 0.6815773420695889, 0.08057631663874894, 0.09191904827079386, 0.8897069101303726, 0.897302939717598, 0.8971151351522374, 0.8609791808062139, 0.072255263236497, 0.09623298869959478, 0.07929063024335016, 0.0610380109761682, 0.5618309193400727, 0.8454366214371198, 0.04772208303173485, 0.0771378784610342, 0.8184476394781576, 0.83219519091693, 0.8850306094162389, 0.8691873765740487, 0.8519304318580114, 0.07228592803556709, 0.5956565950698776, 0.8481305149522155, 0.05386574612628443, 0.7333689283927375, 0.05795593253705283, 0.8231161081864311, 0.8379403580859455, 0.08176041586502023, 0.4391548583800189]"
SVM,19,4,"[0, 0, 1, 1, 1, 0, 1, 0, 0, 0, 0, 1, 0, 1, 0, 0, 0, 1, 0, 1, 1, 0, 0, 0, 0, 0, 1, 1, 1, 1, 0, 0, 0, 0, 1, 0, 1, 1, 0, 0, 1, 0, 0, 1, 0, 1, 1, 0, 1, 0, 1, 0, 1, 0, 0, 0, 1, 0, 0, 0, 0, 0, 0, 1, 0, 0, 0, 1, 0, 1, 1, 0, 0, 1, 0, 0, 0, 0, 0, 0, 1, 1, 0, 1, 0, 0, 1, 1, 0, 1, 0, 0, 1, 0, 1, 1, 1, 1, 0, 0, 1, 0, 0, 1, 0, 0, 1, 0, 0, 1, 1, 0, 0, 0, 1, 0, 0, 1, 1, 0, 0, 0, 1, 0, 0, 0, 1, 1, 0, 1, 1, 1, 0, 0, 0, 0, 0, 0, 0, 0, 0, 1, 1]","[0, 1, 1, 1, 0, 0, 1, 0, 0, 0, 0, 1, 0, 1, 1, 0, 0, 1, 1, 1, 1, 0, 1, 1, 0, 0, 0, 1, 1, 1, 0, 0, 0, 0, 1, 0, 1, 1, 0, 0, 0, 0, 0, 1, 0, 1, 1, 0, 1, 0, 1, 0, 0, 0, 0, 0, 0, 0, 1, 0, 0, 0, 0, 1, 0, 0, 0, 1, 0, 1, 1, 1, 0, 1, 0, 0, 0, 1, 0, 0, 1, 1, 0, 0, 1, 0, 1, 1, 0, 1, 0, 0, 1, 1, 1, 1, 1, 1, 0, 0, 0, 0, 1, 1, 1, 0, 1, 0, 0, 1, 1, 0, 0, 0, 1, 0, 0, 1, 1, 0, 0, 0, 1, 0, 0, 0, 1, 1, 1, 1, 1, 1, 0, 0, 1, 0, 0, 0, 0, 0, 0, 1, 1]","[0.03661655854499904, 0.7507936852063467, 0.7997405937561761, 0.5839811733093274, 0.027182824170224208, 0.028724042925705205, 0.8977336435400333, 0.07090540853981955, 0.0278044394179698, 0.04761046295004539, 0.06376058354593471, 0.8875126568404502, 0.06468226832946689, 0.8401230102026227, 0.7193522879870934, 0.03686300845631726, 0.05301838052915037, 0.9064454999978885, 0.5359375003757599, 0.5116307326341828, 0.8852607448625576, 0.024458552210037874, 0.572854624048972, 0.5352223786725583, 0.04602004243804967, 0.09212673489628789, 0.22310866912615235, 0.5333074389690721, 0.891652939401449, 0.8723921890607248, 0.3016155291876897, 0.05607129761371773, 0.2989411272902285, 0.053855119190772065, 0.785679762492008, 0.06032721634257122, 0.8395276168926343, 0.8806558663737759, 0.057671282177775195, 0.0565709949351058, 0.040657187624087744, 0.38437131910440625, 0.09816972851564143, 0.8914979427176714, 0.12257815513854621, 0.8299894939856808, 0.8505553939280414, 0.03959376533950538, 0.883815684256904, 0.06517075899992736, 0.7865314178150058, 0.08457164464288368, 0.08284765259972823, 0.059492862490299045, 0.051867574928362845, 0.06148359288317721, 0.052913921867602985, 0.032442351015399336, 0.8623112058071822, 0.04079760091012322, 0.06094271301353611, 0.14286198933103872, 0.08156501905173157, 0.8808308352620069, 0.0623415472429541, 0.04293666504527245, 0.1087972723745233, 0.8888588354948208, 0.05155168853490032, 0.7342205871691817, 0.8868308303475193, 0.8767772863343061, 0.2379885887468504, 0.7631905185231516, 0.051819916315581735, 0.20902295985436065, 0.13863931767170706, 0.6348868881388486, 0.04670164037729507, 0.06686587532031722, 0.8942805958329008, 0.8488751326004144, 0.041003157073105444, 0.36712441161533454, 0.4854428961260555, 0.07179426776235817, 0.7985201160303709, 0.8870879743019747, 0.06017198759338083, 0.876237580257102, 0.050930696272801654, 0.04295098993644528, 0.788955620497283, 0.5410753020400884, 0.8220982528802642, 0.7428086258629116, 0.8902515835712863, 0.8540631538265626, 0.2967037094998669, 0.06355076879589296, 0.08047188983917965, 0.08770776885502074, 0.7152027322925905, 0.852901273034263, 0.8704277495347672, 0.14689350358335695, 0.8653206057405138, 0.07123799115459965, 0.12797599348305638, 0.8970894932934231, 0.9043851897571857, 0.04086668044968826, 0.18995282748329537, 0.07323234686771747, 0.8425130595213854, 0.05641291010769225, 0.05634199043056777, 0.829261873118725, 0.89938633385163, 0.0859832540719971, 0.04098078138450781, 0.075725286883815, 0.9003422038928616, 0.051689366677283105, 0.05585115218183038, 0.3218072648749674, 0.8018330575754301, 0.8830160918569511, 0.7845028153814944, 0.8061534691840352, 0.8264658616058691, 0.6364381821212881, 0.10936966242859843, 0.0605875566014642, 0.8836586768319349, 0.2699263795411442, 0.028472670312946945, 0.04449499200326221, 0.0608100891216236, 0.03606095458150052, 0.06469036719060912, 0.8914007184914664, 0.7207075651150803]"
SVM,20,4,"[0, 0, 1, 1, 0, 0, 1, 0, 0, 1, 1, 0, 1, 0, 0, 1, 1, 1, 1, 1, 0, 0, 0, 0, 0, 0, 1, 1, 1, 0, 0, 0, 1, 0, 0, 1, 0, 1, 0, 0, 1, 0, 0, 1, 1, 0, 1, 0, 0, 0, 0, 0, 1, 1, 0, 1, 0, 1, 1, 0, 0, 0, 1, 0, 0, 1, 0, 0, 1, 1, 1, 1, 1, 1, 1, 1, 1, 1, 1, 1, 1, 0, 0, 1, 1, 0, 1, 1, 0, 1, 1, 1, 0, 1, 0, 0, 0, 0, 1, 0, 0, 0, 0, 0, 1, 1, 1, 0, 1, 0, 0, 1, 0, 0, 0, 0, 1, 0, 0, 1, 0, 0, 1, 1, 0, 1, 0, 0, 0, 0, 0, 1, 0, 0, 0, 0, 0, 0, 1, 1, 1, 0, 1]","[1, 0, 1, 1, 1, 0, 1, 1, 1, 1, 1, 0, 1, 0, 0, 1, 1, 0, 0, 1, 0, 0, 0, 0, 0, 0, 1, 1, 1, 0, 0, 0, 1, 0, 0, 1, 0, 1, 0, 0, 1, 0, 0, 1, 1, 0, 1, 0, 0, 0, 0, 1, 1, 1, 0, 1, 1, 1, 1, 0, 0, 0, 1, 0, 0, 1, 0, 0, 1, 1, 1, 1, 1, 1, 1, 1, 1, 1, 1, 1, 0, 1, 0, 1, 0, 0, 1, 1, 0, 1, 1, 1, 0, 0, 0, 0, 0, 0, 1, 0, 0, 0, 0, 0, 1, 1, 1, 0, 1, 1, 1, 1, 0, 0, 0, 0, 1, 0, 0, 1, 0, 0, 1, 1, 0, 1, 1, 0, 0, 1, 1, 1, 1, 0, 0, 0, 0, 0, 1, 1, 1, 0, 1]","[0.7733858987009543, 0.14872133557484535, 0.5809165734602817, 0.5814320276120998, 0.9308652863374175, 0.07702873802685357, 0.8927559574642078, 0.9155662497727317, 0.8974788130327502, 0.8243598053320552, 0.4211112700278254, 0.0660874588922302, 0.8288154041462321, 0.10530257500630553, 0.04853569917573283, 0.9051696248086454, 0.5910666308061158, 0.2557042414614743, 0.2323350107063846, 0.9196687165109011, 0.07559135311665784, 0.0672415548478151, 0.04487091868407644, 0.06965836538510806, 0.04608958726496707, 0.05421561036966984, 0.8359797270333814, 0.7840395090482045, 0.9298858923703169, 0.04598014321684423, 0.06331234235193879, 0.06707041413349682, 0.9282330930571633, 0.04392794607695987, 0.049865714503170816, 0.543016218632571, 0.04327697493005682, 0.7633665253982272, 0.06799423437011308, 0.05943006846489454, 0.9353465941133117, 0.06984213201591095, 0.13029432836411273, 0.6802756343928671, 0.8238217937115938, 0.19677986103395173, 0.9321849144886654, 0.06463811384307769, 0.06810277362853423, 0.06468611136426981, 0.0774569038286829, 0.9031595887928766, 0.8353797710446604, 0.8239937076468663, 0.06686140548761502, 0.9431053962940702, 0.8935897492854163, 0.8673600956942612, 0.713327098596575, 0.31381879021142683, 0.09959663101059227, 0.05270890892049101, 0.8653582966059779, 0.06548749126886984, 0.06423142994127377, 0.9133036705078159, 0.06707946521521758, 0.0397156442833184, 0.8267848311108377, 0.8769544296749423, 0.6961321710603907, 0.9293718038730057, 0.7403928470473129, 0.8876398785045855, 0.922045369662375, 0.8973741028105756, 0.8125190939888651, 0.8747584281880112, 0.4876558267780293, 0.7733986688575503, 0.3311626779703962, 0.4936867847392614, 0.05880159088597094, 0.761086572426458, 0.13227968612031, 0.07234504143720462, 0.6371811950746009, 0.9128074402347357, 0.06430798459085368, 0.8329792403726823, 0.8976691659421758, 0.6167446584878963, 0.1413407060532618, 0.3924734753071164, 0.07659830976724885, 0.08483791623970516, 0.06081731591280305, 0.055289575119159134, 0.7886279167161668, 0.04478920515344942, 0.07847024318941133, 0.1040378200623431, 0.05486048900256483, 0.08034116580052533, 0.9316513574641646, 0.5382452222291978, 0.9169626066326186, 0.06866338852135834, 0.4490658353944992, 0.4409884580930251, 0.7849810748404066, 0.7362059153818006, 0.2621076768927715, 0.06382736606214842, 0.18179801801953835, 0.10794416710691743, 0.6326468608253373, 0.06773425637105232, 0.16199007024412235, 0.8296590589748013, 0.0667640486281044, 0.06492296787747491, 0.9123200524663279, 0.8928558533712008, 0.0418016848386442, 0.8196219800194445, 0.405711640614986, 0.07236797244755885, 0.1537193990222208, 0.41696627391179547, 0.9285341001382216, 0.8600728152647217, 0.9354984608809375, 0.06734977580533758, 0.056248484481642116, 0.06342824956412697, 0.27081948920059173, 0.056573228719486716, 0.908171076378388, 0.8308375807854959, 0.875720607706352, 0.06526493189797988, 0.9002701189146609]"
SVM,21,5,"[0, 1, 1, 1, 1, 0, 1, 0, 0, 0, 1, 0, 0, 0, 0, 1, 1, 1, 0, 0, 0, 0, 1, 0, 0, 1, 0, 1, 0, 0, 1, 0, 1, 0, 0, 1, 0, 1, 0, 1, 1, 0, 1, 0, 0, 0, 0, 0, 1, 0, 1, 0, 0, 1, 1, 1, 1, 1, 0, 1, 1, 1, 1, 0, 1, 0, 0, 1, 0, 1, 1, 1, 0, 1, 0, 0, 0, 1, 0, 1, 1, 0, 1, 1, 1, 0, 0, 1, 1, 0, 0, 0, 1, 0, 0, 1, 0, 1, 0, 1, 0, 1, 1, 0, 0, 0, 1, 0, 1, 0, 0, 0, 0, 1, 1, 1, 0, 1, 0, 0, 1, 0, 0, 0, 0, 1, 0, 1, 0, 1, 1, 0, 0, 1, 0, 1, 0, 0, 0, 0, 0, 1, 0, 1]","[0, 1, 1, 1, 1, 1, 0, 0, 1, 0, 1, 0, 0, 0, 0, 1, 0, 0, 1, 1, 1, 0, 0, 0, 0, 1, 0, 1, 0, 0, 1, 0, 1, 0, 0, 1, 0, 1, 0, 1, 0, 0, 1, 0, 0, 1, 0, 1, 1, 0, 1, 0, 0, 1, 1, 1, 1, 1, 0, 0, 1, 1, 1, 0, 1, 0, 0, 1, 0, 1, 1, 0, 0, 1, 0, 1, 1, 1, 1, 1, 1, 0, 1, 1, 1, 0, 0, 1, 1, 0, 0, 0, 1, 0, 1, 1, 0, 1, 0, 1, 0, 1, 1, 0, 0, 0, 1, 0, 1, 0, 0, 0, 0, 1, 1, 1, 0, 1, 0, 1, 1, 0, 1, 0, 0, 1, 0, 0, 1, 0, 1, 0, 1, 1, 0, 1, 0, 0, 0, 1, 0, 1, 0, 1]","[0.22037226016089578, 0.9133424168696327, 0.907205287247206, 0.8030569177509023, 0.9109798702363224, 0.846818561453823, 0.3809353152629396, 0.08484153839768008, 0.8895187939808228, 0.057222487331650494, 0.8665626270003882, 0.061545285063658965, 0.07162920756425947, 0.048901473836078235, 0.06842689458734859, 0.8304441481393359, 0.28775363755441735, 0.26180964551864344, 0.5, 0.7401068783152311, 0.8821094890380824, 0.06101303672772633, 0.07713676660750526, 0.06367242468335398, 0.04038821234888721, 0.9102375331980868, 0.3399316347908201, 0.8535040962828906, 0.08192386546237576, 0.04803240358522158, 0.8698102762451786, 0.06948511845755839, 0.8507925342400229, 0.08633051419867036, 0.04831289687278738, 0.913911221965277, 0.05907489584221278, 0.8984380132671793, 0.06989057264035584, 0.5383122846542702, 0.20491310571541418, 0.06028798796404813, 0.8906715462252788, 0.057781862473023436, 0.029498232504498914, 0.5311663745947944, 0.13611485077079563, 0.8836071903972708, 0.9231576896797256, 0.060939914376722956, 0.9047135458327842, 0.06520936315950206, 0.04866350584088312, 0.919533992296788, 0.8781707055637605, 0.8743832709705844, 0.7506198020358189, 0.79997541234592, 0.05986558511785253, 0.3753611978697355, 0.8933517246427953, 0.8955367335507556, 0.6646948105610077, 0.06296713933078935, 0.7717699381660914, 0.08018868812014167, 0.19977307187849183, 0.8292684723348458, 0.07168094064192577, 0.916159460629414, 0.7917324955339431, 0.2849525163570095, 0.07408014059429315, 0.8086056070137164, 0.05609966628624753, 0.5341362088972891, 0.9100973205268633, 0.9082751389892247, 0.8369346829581794, 0.913667904237538, 0.6673177578681474, 0.06201575888402083, 0.8631436329411846, 0.8535586708880688, 0.8788775535123412, 0.07077037686529976, 0.03731643994768981, 0.8321373538377933, 0.9091498340000209, 0.05609959830149498, 0.06513147193469324, 0.05797737400539588, 0.8893217093749328, 0.12195543084468845, 0.7979192568799778, 0.9022717889848607, 0.10305596788583275, 0.7071890850258578, 0.050094605464783774, 0.9093149719034113, 0.06302634485594655, 0.8994940098115609, 0.9146272318465639, 0.3175008022644187, 0.13931165110636495, 0.0824381200500697, 0.6078046246016225, 0.10169315064885648, 0.9118372363457212, 0.0650890499616067, 0.07473128373830937, 0.23226165270703344, 0.1529172987430684, 0.9049489274257858, 0.8543309661793539, 0.42518951853658954, 0.028413601695434824, 0.8891656807796035, 0.05802035463049117, 0.5, 0.8218791303809402, 0.05077192898647433, 0.4372851231936097, 0.042693279779383024, 0.06401760663168743, 0.6115705752523559, 0.06780621971212185, 0.26758626207103064, 0.9065350770078396, 0.055230819119434366, 0.8009433428191127, 0.048860465156672785, 0.7166430100494157, 0.8091473532653944, 0.06531041666765064, 0.8901043518373186, 0.07540662452698449, 0.07605423898290771, 0.08255272950263493, 0.4009522327162012, 0.20894182516673318, 0.8710396839214882, 0.06475989176326753, 0.7029492808036258]"
SVM,22,5,"[0, 0, 1, 1, 0, 1, 0, 0, 1, 0, 0, 0, 1, 1, 1, 1, 0, 0, 0, 0, 1, 1, 0, 0, 1, 1, 1, 0, 0, 1, 0, 0, 0, 0, 1, 0, 1, 0, 0, 0, 0, 1, 0, 0, 1, 0, 1, 1, 1, 1, 0, 0, 1, 0, 1, 0, 1, 1, 1, 0, 0, 1, 0, 1, 1, 0, 0, 0, 0, 1, 1, 1, 0, 0, 1, 1, 0, 0, 0, 1, 0, 1, 0, 1, 0, 0, 1, 0, 1, 0, 1, 1, 0, 1, 1, 1, 1, 0, 1, 0, 0, 0, 1, 1, 1, 1, 1, 1, 0, 0, 0, 1, 0, 0, 1, 0, 0, 1, 1, 0, 1, 1, 0, 0, 1, 1, 0, 0, 0, 1, 1, 0, 1, 0, 1, 0, 0, 1, 0, 1, 0, 1, 0]","[1, 1, 1, 1, 1, 1, 0, 0, 1, 0, 0, 0, 1, 1, 1, 1, 0, 0, 0, 0, 1, 1, 0, 0, 1, 1, 1, 0, 0, 1, 0, 0, 0, 0, 1, 1, 1, 0, 0, 0, 0, 1, 0, 0, 1, 1, 1, 1, 1, 1, 0, 1, 1, 0, 1, 0, 1, 1, 0, 0, 0, 1, 0, 1, 1, 0, 0, 0, 0, 1, 1, 1, 1, 0, 1, 1, 1, 1, 0, 1, 0, 1, 0, 1, 1, 0, 1, 0, 1, 0, 1, 1, 0, 1, 1, 1, 1, 0, 1, 0, 0, 1, 1, 1, 1, 1, 1, 1, 0, 0, 1, 1, 1, 0, 1, 0, 1, 1, 1, 0, 1, 1, 0, 0, 1, 1, 0, 1, 0, 1, 1, 0, 1, 0, 1, 1, 0, 1, 0, 1, 0, 1, 1]","[0.8144433183889004, 0.7126403943148999, 0.6352614066370508, 0.8948845660210326, 0.6180522545279556, 0.8967432463504675, 0.3091774902104526, 0.14464235389848756, 0.8921958065607539, 0.06827966393673365, 0.1255838887563486, 0.06225756339485674, 0.8953368486521888, 0.8661437076363284, 0.8006759601442607, 0.47741933872126474, 0.06234756655933196, 0.03180718514580653, 0.04922502761046376, 0.05683105466732007, 0.8796022395368203, 0.7214242722111771, 0.03605259157339713, 0.06762324104633173, 0.8353645958216963, 0.8989831292120805, 0.839313238073325, 0.06940449985858749, 0.0472645841798456, 0.9215624843309022, 0.3714222906012092, 0.10552702505923739, 0.07045415498221479, 0.07108467587492974, 0.8228100031237345, 0.4141789226973264, 0.8816398349535276, 0.09048210807490756, 0.06522358765827742, 0.13834082897053046, 0.22715912264632332, 0.4202149696704779, 0.06560050698189582, 0.06401659432928372, 0.8246858762219345, 0.4157232396241408, 0.8544235753216044, 0.8145778933876525, 0.8696348583881381, 0.8775607116763087, 0.07593212517420092, 0.7125748647748421, 0.8104915744991629, 0.060717117734022816, 0.8957034090954958, 0.06538622742685993, 0.8873664582992183, 0.8298252858731519, 0.14709285989494894, 0.06682126324040256, 0.07266897625705232, 0.9191279264382882, 0.04656594193795952, 0.8760895090396852, 0.9149778428647893, 0.23466516858914052, 0.060823217957936965, 0.0413356182984393, 0.13071765440711638, 0.8278151667312537, 0.8858173740590347, 0.8220438508267528, 0.7634553940124449, 0.06718898468840201, 0.8713758143268755, 0.704410424658782, 0.3874672716115348, 0.640660344336888, 0.06770154341347204, 0.8551001596545041, 0.057237577376490864, 0.8784334310184145, 0.10420171580253179, 0.8886164485049913, 0.7166790284543791, 0.0682816937816951, 0.862424241530268, 0.08872657242230983, 0.886324581119285, 0.02439715137228101, 0.8734754534794464, 0.8438766918913839, 0.0677660663903888, 0.7412281683822722, 0.8634767507093154, 0.884583223635823, 0.8398245342848988, 0.0666304362810465, 0.8613176727503663, 0.1448132455364268, 0.06271575781866584, 0.8406121074173708, 0.8829800801699068, 0.6098109395813088, 0.8766455641688384, 0.8061138113219435, 0.8378151051694742, 0.47633660076102524, 0.22493904528769024, 0.05292378971390911, 0.6505368413436863, 0.7676875539606879, 0.8718587047949081, 0.06425025398116371, 0.8709623614200448, 0.2119394533853313, 0.6536186931657381, 0.8843783886007764, 0.8243953860980998, 0.19440631152136228, 0.8887601689779274, 0.8456476604612032, 0.08222483532069748, 0.060260973281893615, 0.791508430656986, 0.7449483426688546, 0.0611557986383708, 0.551277638545972, 0.054511149175410785, 0.84387673164158, 0.834904959795267, 0.061876921471313025, 0.8665087889497778, 0.041151614910494315, 0.8845877403132323, 0.5390601737405879, 0.12140302583600508, 0.8567864050082025, 0.051800175118531695, 0.8829663553669992, 0.044582857138847964, 0.8486944481387094, 0.8693724497568994]"
SVM,23,5,"[0, 1, 0, 0, 0, 0, 1, 0, 0, 0, 0, 0, 0, 1, 1, 0, 0, 1, 1, 0, 0, 0, 1, 1, 0, 1, 1, 0, 1, 1, 0, 0, 0, 1, 0, 0, 0, 0, 0, 0, 0, 1, 0, 0, 1, 0, 1, 0, 0, 1, 0, 1, 0, 0, 0, 0, 0, 0, 1, 1, 0, 0, 1, 0, 1, 1, 0, 0, 0, 0, 0, 1, 0, 1, 1, 0, 0, 0, 0, 1, 0, 0, 1, 0, 1, 1, 1, 0, 0, 1, 0, 1, 1, 0, 1, 0, 1, 0, 0, 1, 0, 0, 1, 0, 0, 1, 0, 0, 0, 1, 1, 1, 0, 0, 1, 0, 1, 0, 0, 0, 1, 1, 1, 0, 1, 0, 1, 1, 0, 1, 1, 1, 1, 1, 0, 0, 0, 0, 0, 1, 0, 1, 1]","[0, 1, 0, 1, 0, 0, 0, 0, 1, 0, 0, 0, 0, 1, 1, 0, 0, 1, 1, 1, 0, 1, 0, 1, 0, 1, 1, 0, 0, 1, 0, 1, 0, 1, 0, 0, 0, 0, 0, 1, 1, 0, 0, 0, 0, 0, 1, 0, 0, 1, 0, 1, 1, 0, 0, 0, 0, 0, 0, 0, 0, 0, 1, 0, 0, 0, 0, 0, 0, 0, 1, 1, 0, 1, 1, 0, 0, 0, 0, 1, 0, 1, 1, 0, 0, 1, 1, 1, 0, 1, 0, 1, 1, 1, 1, 0, 1, 1, 0, 1, 0, 0, 1, 0, 1, 1, 0, 0, 0, 1, 1, 1, 0, 1, 1, 0, 1, 1, 1, 0, 1, 1, 1, 1, 1, 0, 1, 1, 0, 1, 1, 1, 1, 1, 0, 0, 0, 0, 0, 1, 0, 1, 1]","[0.06503827819255971, 0.8553158494150268, 0.05051179158434245, 0.8641172157924762, 0.06731864908421317, 0.06097257975519569, 0.1318527236337858, 0.06612173544168935, 0.7155859694007802, 0.035063056397802835, 0.06798728003857299, 0.047919392303219656, 0.05651959618643067, 0.9126987387446607, 0.8975934847945509, 0.06185889649071065, 0.030142272742982878, 0.47651301368580995, 0.8591350291654324, 0.6503644825761241, 0.05762471239991513, 0.5641419696249625, 0.2194765123730421, 0.9212524649403603, 0.03840367916073864, 0.7985927895832103, 0.9104486180439954, 0.06725920305860235, 0.2119158074558174, 0.8190866506106995, 0.054147390001251544, 0.6502166324999888, 0.061770153400886006, 0.8946495373373192, 0.059243982766689615, 0.07320243707447627, 0.06488117948967347, 0.029475118334333552, 0.14550103044496526, 0.7263767188033782, 0.41867515834640495, 0.26301181776002114, 0.06796817124162007, 0.2291275688977867, 0.05884560095731191, 0.09106370032258118, 0.8724153852215696, 0.05992039780548527, 0.11823307112739413, 0.8382748644352209, 0.039497007040830305, 0.8471117105132626, 0.39399061511985567, 0.06121149359008111, 0.06471805387139151, 0.06588012417581333, 0.07661122259159427, 0.1021757104370613, 0.23744632826851841, 0.0633011916734623, 0.059706799368551666, 0.057765449037675415, 0.8111119158063946, 0.06701180260273797, 0.03699637314627663, 0.053661650118994195, 0.12395845501212828, 0.049071558566582546, 0.034652958804879765, 0.06298527293532488, 0.8745828198643906, 0.8242991494341704, 0.02642387550137236, 0.8612665727960501, 0.8158529142287374, 0.034049545967031046, 0.07822716894706246, 0.042546431773833895, 0.05396766841177121, 0.9071113427679192, 0.03395259118347218, 0.6007466260541174, 0.9063517635527405, 0.23372130225682158, 0.12023929931118649, 0.8930867914627493, 0.902720636775295, 0.7333542334240484, 0.07669837869324792, 0.8911882957358268, 0.06308971292229235, 0.905452217124851, 0.8848925217568601, 0.536308224336025, 0.6691183214283712, 0.06268873872883464, 0.41377449968537705, 0.46464950020750484, 0.11424396364307904, 0.7479252978356159, 0.026024613814830223, 0.14174417319936852, 0.8719645153789692, 0.03856480470224296, 0.5769886899175729, 0.8738551583497258, 0.03333099864897794, 0.07784072957622715, 0.037197637098205776, 0.5122664361553149, 0.8163641063518119, 0.8994721015395583, 0.06540202979351561, 0.8030183184331159, 0.4155790513452733, 0.02974705077887028, 0.9113046819856077, 0.5563582887638402, 0.8180753866586925, 0.05454447991371409, 0.8726461081268653, 0.855601836865491, 0.9096424278521128, 0.9067166597708182, 0.8908525835562631, 0.027023101753826793, 0.8856006172180174, 0.8532586902472827, 0.13197035898416748, 0.8852449477586224, 0.9015874589021504, 0.8039327803508008, 0.8432100699665425, 0.8737186040888801, 0.2623116255418788, 0.17903933380950615, 0.03199417169267447, 0.061156233017107375, 0.05837345573367731, 0.5309317405937004, 0.069846525976761, 0.9107774330048263, 0.8925844257306242]"
SVM,24,5,"[1, 0, 1, 1, 0, 0, 1, 0, 0, 0, 1, 0, 0, 1, 0, 0, 1, 1, 1, 1, 0, 0, 0, 0, 0, 1, 0, 1, 0, 0, 1, 0, 1, 1, 1, 0, 1, 0, 1, 0, 0, 1, 1, 0, 1, 1, 0, 0, 0, 0, 0, 0, 1, 1, 1, 0, 0, 1, 1, 0, 0, 0, 1, 0, 1, 1, 0, 1, 0, 0, 0, 0, 0, 0, 0, 1, 1, 1, 0, 0, 0, 0, 0, 1, 1, 1, 0, 0, 1, 0, 0, 0, 1, 1, 0, 0, 0, 1, 0, 0, 1, 0, 0, 1, 1, 0, 0, 1, 0, 0, 1, 0, 1, 0, 1, 0, 1, 0, 0, 1, 0, 0, 0, 0, 0, 1, 1, 0, 1, 1, 0, 0, 0, 0, 1, 0, 0, 0, 0, 1, 1, 0, 0]","[1, 0, 1, 1, 0, 0, 1, 1, 0, 0, 1, 0, 0, 1, 1, 0, 1, 1, 0, 1, 0, 0, 0, 0, 0, 1, 0, 1, 0, 0, 1, 0, 1, 1, 1, 1, 1, 0, 1, 0, 0, 1, 1, 0, 1, 1, 0, 0, 0, 0, 0, 0, 1, 1, 1, 0, 0, 1, 1, 0, 0, 0, 1, 0, 1, 0, 0, 0, 0, 0, 0, 0, 0, 0, 0, 1, 1, 1, 1, 0, 0, 0, 1, 0, 1, 1, 0, 0, 1, 0, 0, 0, 1, 1, 0, 0, 1, 1, 0, 0, 1, 0, 0, 1, 1, 0, 0, 0, 0, 1, 1, 0, 1, 0, 1, 0, 1, 0, 0, 1, 0, 0, 0, 0, 0, 1, 1, 1, 1, 1, 0, 0, 0, 0, 1, 1, 0, 0, 1, 1, 1, 0, 0]","[0.44206994308033354, 0.14808788763356687, 0.6488256213620405, 0.8865319948802838, 0.05301778516343692, 0.06491343553047649, 0.8631068050106522, 0.8880570684507944, 0.07718799554845507, 0.0649866507186166, 0.788641102319074, 0.0466754573555021, 0.0664939731161918, 0.9199733571675496, 0.5480980526017183, 0.037244229241765056, 0.8797759828574911, 0.9010623228681913, 0.12664227600519862, 0.8922624559681025, 0.07007982130844496, 0.04575225437310749, 0.06221699985404478, 0.07618516363091365, 0.056686519436670794, 0.8707542566235755, 0.2611381923840683, 0.6983724160709995, 0.0657846752980399, 0.06908270311990848, 0.7523209480972715, 0.07406168176594181, 0.8721582357693257, 0.8828868991074754, 0.7480564317945445, 0.45680712134133183, 0.8778258872776896, 0.07576632784446963, 0.8942072781058003, 0.13660685316011087, 0.23715007681730593, 0.9137965107571935, 0.8938392037978036, 0.0704622268847525, 0.5137851064993098, 0.8859970305282281, 0.054369240216693114, 0.07593257728785315, 0.061727234362367156, 0.07089704869629727, 0.07623826785096749, 0.051220809890160666, 0.8013971142785098, 0.6979399739758332, 0.8854658119684913, 0.07124771029988253, 0.07692734241031284, 0.8711642021819498, 0.7887228203659129, 0.12655753941348397, 0.05413900681024852, 0.06133173121336661, 0.8744466772296136, 0.07397629364139527, 0.9037588367131547, 0.07759397907780732, 0.06289503148316852, 0.08509497759338669, 0.0779889829006402, 0.07417657064954401, 0.1061750059775208, 0.04929532963737614, 0.05004546191827285, 0.11417082710213947, 0.07305657993985624, 0.9008414517175497, 0.8599664663405733, 0.8882831496915475, 0.892608821987128, 0.08362934661767155, 0.19929728628507815, 0.0736814061071578, 0.871251445312742, 0.3693430698933232, 0.8921143820272335, 0.8223481967039594, 0.07689609049200287, 0.13117674013430014, 0.8818052899492563, 0.060373013984695675, 0.07295118902131575, 0.11362426404386976, 0.8743249185365936, 0.41663560366234115, 0.07646109687089042, 0.06635773345639882, 0.44749948014814245, 0.8129705595482847, 0.0822463121176018, 0.07710047973423491, 0.7942047257581182, 0.060240480613714835, 0.18877433428535995, 0.8245300121746153, 0.6829000949862004, 0.07445457582707539, 0.07683906210994977, 0.07378219520052057, 0.08268511651850122, 0.42407682843516314, 0.8612114047867127, 0.06655447451536164, 0.893671482292622, 0.23964310931964664, 0.8927512676849061, 0.07364757457939204, 0.6453944910518579, 0.07225396900684365, 0.07722703217430417, 0.9009871045298431, 0.07996377310009703, 0.0733423722010295, 0.07199871960188986, 0.07369726423370083, 0.07395584179493081, 0.829160472739792, 0.8338970520135959, 0.8657294938194955, 0.8746349464816333, 0.8864375293502613, 0.04725785971345239, 0.06210246093765203, 0.07881441947167041, 0.05361092489498696, 0.8569988676391429, 0.6378814421874646, 0.07509716773405975, 0.07668576003354771, 0.8831259935606679, 0.6937089907465688, 0.8987493686324884, 0.05219716281660533, 0.05745492718699864]"
SVM,25,5,"[0, 1, 0, 1, 1, 0, 0, 0, 1, 0, 0, 0, 0, 1, 1, 0, 0, 1, 0, 1, 0, 1, 0, 1, 0, 1, 1, 0, 0, 0, 0, 0, 0, 1, 0, 0, 0, 0, 1, 0, 0, 1, 1, 1, 0, 1, 1, 0, 1, 1, 0, 0, 0, 0, 1, 0, 1, 0, 0, 0, 0, 1, 0, 0, 0, 0, 1, 0, 0, 0, 0, 1, 1, 1, 1, 1, 1, 1, 1, 1, 0, 0, 0, 1, 0, 1, 0, 1, 0, 1, 0, 0, 1, 1, 0, 1, 0, 0, 1, 0, 0, 0, 1, 1, 0, 1, 0, 1, 0, 1, 0, 1, 0, 0, 0, 0, 0, 1, 0, 0, 0, 1, 0, 0, 0, 0, 1, 1, 0, 1, 1, 1, 1, 0, 0, 1, 0, 1, 1, 0, 0, 0, 0]","[0, 1, 0, 0, 0, 0, 0, 1, 1, 1, 0, 0, 1, 1, 1, 0, 0, 1, 0, 1, 0, 0, 0, 1, 0, 1, 1, 0, 0, 0, 0, 0, 0, 1, 0, 0, 0, 0, 1, 0, 0, 1, 0, 0, 0, 1, 1, 0, 1, 0, 0, 0, 1, 0, 1, 1, 1, 1, 0, 0, 0, 1, 0, 0, 0, 0, 1, 0, 0, 0, 0, 1, 1, 1, 1, 1, 1, 1, 1, 1, 0, 0, 0, 1, 1, 1, 0, 1, 0, 1, 1, 0, 1, 1, 0, 1, 0, 0, 1, 0, 0, 0, 1, 0, 0, 1, 0, 1, 0, 1, 0, 1, 0, 0, 1, 0, 0, 1, 0, 0, 0, 1, 0, 0, 0, 0, 1, 1, 0, 0, 1, 1, 1, 0, 0, 1, 1, 1, 1, 0, 0, 0, 0]","[0.0387812395612314, 0.8787265545850766, 0.056864271043672816, 0.07171179161839875, 0.027560404462984064, 0.03451348341352189, 0.031490659220646436, 0.5240901804851692, 0.5676124496149003, 0.9267413416016819, 0.0663204021907535, 0.070323082271133, 0.9151668164693919, 0.8987411004161131, 0.8460432670924526, 0.08257903232187132, 0.03154966027809335, 0.8744093746637135, 0.04756053997997822, 0.7220307590053189, 0.08186418177410572, 0.24876596495161177, 0.08082516133367987, 0.4704662326739912, 0.1796175215018931, 0.5516771852510207, 0.9006707868775735, 0.05726119998884105, 0.05339111946095701, 0.028033145632912947, 0.22044224235028032, 0.06255484104952287, 0.04490594754326442, 0.5350953838956315, 0.04109916202418952, 0.05541145318396026, 0.02387626298649799, 0.034023555998466515, 0.9300788517432058, 0.05895712944311, 0.06803628538975812, 0.7541209766491311, 0.043614033598636553, 0.2384960188047863, 0.06009708141843879, 0.9145374552733567, 0.9283952436264981, 0.0601050092997322, 0.8401304207532792, 0.27195511483597773, 0.3169635880401564, 0.05538770475710614, 0.906029652768269, 0.05682100061606673, 0.8389987691274269, 0.8875071414473599, 0.8594471327283445, 0.7266793300457295, 0.027536999573295144, 0.058324511971787604, 0.044785849921704195, 0.8630993043450194, 0.06624796217403536, 0.06231712226809928, 0.03574218352363697, 0.03915736852020942, 0.7343990816976116, 0.02522879093126971, 0.030764177046956, 0.06598378964302029, 0.05789656274960659, 0.9193914798708135, 0.8452236633660785, 0.9081994480376606, 0.8978973350017945, 0.8967053728618956, 0.8708971777985416, 0.462500138502196, 0.7210937601459665, 0.7774108104658646, 0.03188304175351927, 0.31696358816822545, 0.03914226525152177, 0.8061360869195544, 0.8828801008289501, 0.9108124428734872, 0.05183992780672884, 0.8706653153184367, 0.0652524766961583, 0.851449730818971, 0.6347381469801427, 0.06141547979972909, 0.7438174478052262, 0.8874061703900189, 0.3195975997948948, 0.8229305704063036, 0.06142745639844135, 0.07093051117983401, 0.8774024929376104, 0.05493097272859009, 0.06000153816905487, 0.03180817409039261, 0.8588772412338967, 0.049398701763939575, 0.08388344014737127, 0.9113239079180872, 0.22995276252873662, 0.8044404064717219, 0.06412648397748577, 0.8454191127923242, 0.0768550728782072, 0.9024379648322364, 0.041058735795125964, 0.04971505820951969, 0.8643266557561872, 0.06149680249145067, 0.036277805012070084, 0.907491009921207, 0.058427683469892834, 0.0772535041533697, 0.04309670588917714, 0.5, 0.13410183811154455, 0.36949491913441423, 0.06926084939058266, 0.3168557995542866, 0.9020026738938437, 0.935431875360968, 0.04209222978781561, 0.038620685774793995, 0.8486103827913686, 0.576328457007953, 0.5067199755381715, 0.03966176458892859, 0.03075854270946575, 0.8941710771298061, 0.8376089721524784, 0.8430929870510221, 0.8382909509107476, 0.036369364118698524, 0.0651396188775892, 0.05955672492916012, 0.3538523982314515]"
SVM,26,6,"[0, 0, 1, 1, 0, 0, 1, 1, 1, 0, 0, 0, 0, 1, 0, 0, 1, 1, 0, 1, 1, 0, 0, 0, 1, 1, 0, 1, 0, 0, 1, 0, 1, 0, 1, 0, 0, 0, 0, 1, 0, 0, 0, 1, 0, 1, 0, 0, 0, 1, 1, 0, 1, 1, 1, 0, 0, 0, 1, 1, 0, 0, 0, 0, 1, 0, 0, 1, 1, 1, 1, 1, 1, 0, 0, 0, 1, 0, 0, 1, 1, 1, 1, 0, 1, 1, 1, 0, 0, 0, 1, 1, 0, 0, 0, 0, 1, 1, 0, 0, 1, 1, 1, 1, 0, 1, 1, 1, 1, 0, 1, 1, 0, 1, 0, 0, 0, 1, 1, 0, 0, 0, 0, 0, 0, 1, 0, 1, 1, 0, 1, 1, 1, 1, 0, 1, 1, 0, 1, 0, 1, 0, 1]","[0, 0, 1, 1, 0, 1, 1, 1, 1, 0, 0, 0, 0, 1, 1, 0, 0, 1, 0, 0, 1, 0, 0, 0, 1, 1, 0, 0, 0, 0, 1, 0, 1, 0, 1, 0, 0, 0, 0, 1, 0, 0, 0, 0, 0, 1, 0, 0, 0, 1, 1, 0, 0, 1, 0, 0, 0, 0, 1, 1, 0, 0, 0, 0, 1, 0, 1, 1, 1, 1, 0, 1, 1, 0, 0, 0, 0, 0, 1, 1, 1, 1, 1, 0, 1, 1, 1, 0, 0, 0, 1, 1, 0, 0, 1, 0, 1, 1, 0, 0, 0, 1, 1, 1, 0, 1, 1, 1, 1, 0, 1, 1, 0, 1, 0, 0, 1, 1, 1, 0, 0, 0, 0, 1, 0, 1, 1, 1, 1, 0, 0, 1, 1, 1, 1, 1, 1, 0, 1, 0, 1, 1, 1]","[0.030590155953401525, 0.22425835127081178, 0.8937578395890354, 0.8793660479090577, 0.04409869312495502, 0.5631752543985499, 0.8782063964868538, 0.3921502381662746, 0.6117182632076555, 0.09585730505943722, 0.06070056937239492, 0.06150614722722173, 0.07935628678068138, 0.8741864037035155, 0.5304984111852349, 0.030115044425394883, 0.07056255285108103, 0.8240100457868835, 0.061636885027542554, 0.24415759875513612, 0.7046619779644395, 0.02988134164597849, 0.032116381584741574, 0.06707897620215722, 0.8855875104339695, 0.8814786971218334, 0.052091098125524496, 0.20117138849505467, 0.0500127967709869, 0.046041054881058356, 0.8180764867601584, 0.05096085959176984, 0.857489073727808, 0.2735581159277961, 0.8663704266120998, 0.059368922016610384, 0.05231911431434637, 0.06521285684156611, 0.10200344124068716, 0.8630913955994038, 0.08992750763150427, 0.05352790452604515, 0.05242198392200317, 0.042028065957946635, 0.05170764157462185, 0.8880446764903026, 0.05668723671084953, 0.06524393962384108, 0.04853754702536385, 0.8920450695265179, 0.902147657272369, 0.05625365050528194, 0.2329803512690309, 0.9093224819631578, 0.31950661993265433, 0.04730886931476839, 0.03396529158733851, 0.0350916719892876, 0.8634762635605779, 0.8824716671545307, 0.06768213084092037, 0.028814524096632852, 0.10490260934999933, 0.041287180244694625, 0.8910578016803453, 0.05002190637085426, 0.8448785057121528, 0.8341154349104432, 0.8476952747392712, 0.78008406627572, 0.11979043334176126, 0.8742954203569133, 0.6383499154506095, 0.03172264245489804, 0.029911702177239364, 0.053949356748702916, 0.2830399048095711, 0.0648674370023447, 0.5490452451699575, 0.8663483422727721, 0.7188698810389427, 0.8564485936238565, 0.831848984491919, 0.060394819060417035, 0.8617777253619016, 0.8835495656974652, 0.7227786852024773, 0.027844113474282818, 0.06085022201153935, 0.3684766655062085, 0.8828759155516911, 0.8321297925120141, 0.04961515809577698, 0.0307787830788729, 0.39812773054537215, 0.05716295100276967, 0.8249469213800552, 0.8668774651304538, 0.11332500816021446, 0.05970735335856413, 0.03895318223340514, 0.8765667863361062, 0.8582851841043082, 0.7103268356257137, 0.1017597345451254, 0.8922535143581476, 0.7984193267118774, 0.8798475348831036, 0.6401526059379001, 0.1098339154181649, 0.8910159966100556, 0.8405932718680574, 0.15807077287659665, 0.884318827700047, 0.05937590338036902, 0.0635881882057261, 0.7812785097013589, 0.888028066414843, 0.8355049944939376, 0.07310925126501226, 0.06081998269609345, 0.07669101856370707, 0.0424260270902643, 0.44408414725927353, 0.12682325626457683, 0.8420479720534739, 0.5316169211915667, 0.5908352917140801, 0.884200843680074, 0.04580492612822615, 0.05575087184638018, 0.879055380731047, 0.8663842780022147, 0.8942933725587761, 0.7298760063748531, 0.8777646608878763, 0.8382374320002199, 0.037855486881557134, 0.8258666646322735, 0.06000517352092713, 0.855597827231272, 0.4076905367732403, 0.6748149763866489]"
SVM,27,6,"[0, 0, 1, 1, 0, 0, 0, 0, 0, 1, 1, 1, 0, 0, 0, 0, 1, 0, 1, 1, 1, 1, 0, 1, 0, 1, 1, 0, 0, 0, 1, 0, 0, 1, 0, 0, 0, 1, 1, 0, 1, 0, 1, 0, 0, 1, 0, 0, 1, 1, 1, 1, 0, 0, 1, 1, 1, 1, 0, 0, 1, 1, 0, 0, 0, 1, 0, 0, 1, 1, 1, 1, 1, 0, 0, 0, 1, 0, 1, 0, 1, 0, 0, 1, 1, 0, 0, 1, 1, 1, 1, 0, 0, 0, 1, 1, 1, 0, 0, 1, 1, 1, 0, 1, 1, 1, 1, 0, 0, 0, 0, 0, 1, 0, 1, 0, 1, 0, 1, 0, 1, 0, 1, 1, 0, 0, 1, 0, 0, 0, 0, 1, 1, 1, 0, 0, 0, 0, 1, 1, 0, 0, 1]","[0, 1, 1, 0, 0, 1, 0, 0, 0, 0, 0, 1, 0, 0, 0, 0, 1, 0, 1, 1, 1, 1, 0, 1, 0, 1, 1, 0, 0, 0, 1, 0, 1, 1, 0, 0, 0, 1, 1, 0, 1, 1, 1, 0, 0, 1, 0, 0, 1, 1, 1, 1, 1, 1, 1, 1, 0, 0, 0, 0, 1, 1, 0, 0, 0, 1, 0, 0, 1, 1, 1, 1, 1, 0, 0, 0, 1, 1, 1, 0, 1, 0, 1, 1, 1, 0, 1, 1, 0, 1, 1, 0, 0, 1, 1, 1, 1, 0, 0, 1, 1, 1, 0, 1, 1, 1, 1, 1, 1, 0, 0, 0, 1, 1, 1, 0, 1, 0, 1, 0, 1, 0, 0, 1, 0, 0, 1, 0, 0, 0, 0, 1, 1, 1, 1, 0, 0, 0, 1, 1, 1, 0, 1]","[0.07495206809926956, 0.8228246318667144, 0.5370210565066073, 0.17147801175523508, 0.07407657378741146, 0.713023815539977, 0.3604203785497198, 0.04704194668184536, 0.055127025558359084, 0.2057166796701215, 0.0833519729547815, 0.8872310571324193, 0.06126415060393333, 0.06461499924995387, 0.025602239197701666, 0.06344268249108387, 0.7156763504192479, 0.062364273905001585, 0.8546675232814133, 0.8616770189227695, 0.8294092088313091, 0.8558413734976472, 0.3316850614907737, 0.7658947771918775, 0.06087600302845682, 0.9011588584730371, 0.8285792670896047, 0.29975458129836574, 0.05192056833329676, 0.03761315074781171, 0.5672908315102109, 0.09986183128533277, 0.6639952803929692, 0.8489730266229745, 0.07759674680793623, 0.3530319041053333, 0.08572948407729912, 0.8605561904490564, 0.8983393244955713, 0.22083949257472354, 0.4623448986414483, 0.44558907240177953, 0.5930858629844523, 0.2640576810507988, 0.11474389483802003, 0.8536907267986582, 0.0669008016443553, 0.15304753199684074, 0.8495844424316453, 0.8596147543907322, 0.8937805445312397, 0.8422972325325889, 0.5828669696706997, 0.8573332597575727, 0.8633506250840214, 0.8473045236852086, 0.12469210881029709, 0.0885747484893824, 0.06390231602320309, 0.20488574372458554, 0.7780385658160025, 0.8903555968074691, 0.0626938111257811, 0.07396488007730471, 0.1518773184333991, 0.8661799681201057, 0.043934043274406344, 0.08136356590526549, 0.7131689754331283, 0.8628336093052154, 0.7830665531256226, 0.8774295970941812, 0.8848962445596638, 0.0519804376816101, 0.08308074099807627, 0.23465551839241072, 0.5563247484742471, 0.8719785314349838, 0.888116555928807, 0.07197404741665318, 0.8428308812122942, 0.05497195656139452, 0.5812487916036965, 0.8874851091277423, 0.8066407215539895, 0.25051857659871807, 0.8095957441189604, 0.9019597154589732, 0.09485259493102723, 0.8761857351530078, 0.9006798067238181, 0.06959240171286331, 0.06356688182222456, 0.5054066323469186, 0.856504481481525, 0.7940683702756998, 0.8721945692494445, 0.059667852436356285, 0.06232737735135704, 0.8677671178422307, 0.7323135174185323, 0.8878150685643553, 0.0662675252194686, 0.8716443015443682, 0.8297950585133992, 0.4009203440777613, 0.8860700975497197, 0.5384675011628699, 0.7680370566562544, 0.33770641608522173, 0.14663294167520644, 0.08670563057212341, 0.849419376598992, 0.5645754336759414, 0.9010777141611994, 0.2343075396013851, 0.8528075123502292, 0.06602788218597547, 0.8306085574938354, 0.031189382058529766, 0.8206346186456138, 0.043300285970391324, 0.08290251416686444, 0.8671110238104506, 0.060133682013275, 0.06753738856799547, 0.8642532653023074, 0.05789478851679518, 0.059559483786768494, 0.04805255371229239, 0.07528501731036127, 0.8111860396501048, 0.8677146860958894, 0.8777543244589063, 0.6482225068549798, 0.06969459523142965, 0.06313159580151, 0.0440660811178823, 0.752372558417824, 0.8878539441844407, 0.8286018490264351, 0.08051647742978248, 0.8717790005313505]"
SVM,28,6,"[0, 0, 0, 0, 1, 1, 0, 0, 1, 0, 0, 0, 0, 1, 0, 1, 0, 1, 1, 0, 0, 1, 0, 0, 1, 1, 0, 0, 0, 0, 0, 0, 1, 0, 0, 0, 0, 0, 0, 1, 0, 1, 1, 1, 0, 0, 0, 0, 0, 1, 1, 1, 0, 0, 0, 0, 1, 1, 0, 1, 0, 1, 0, 0, 0, 0, 1, 0, 0, 1, 1, 1, 0, 0, 0, 0, 0, 0, 1, 0, 0, 0, 1, 0, 1, 1, 0, 1, 0, 0, 0, 1, 0, 1, 0, 0, 1, 0, 1, 1, 0, 0, 0, 0, 0, 0, 0, 0, 0, 0, 1, 0, 1, 0, 0, 1, 0, 1, 0, 1, 1, 0, 1, 1, 1, 1, 0, 1, 0, 0, 0, 0, 1, 1, 1, 0, 0, 0, 1, 0, 0, 1, 0, 1]","[0, 0, 1, 0, 0, 0, 0, 1, 1, 1, 1, 1, 0, 1, 0, 1, 1, 1, 1, 0, 1, 0, 1, 0, 1, 1, 0, 0, 0, 0, 0, 0, 1, 0, 0, 0, 0, 0, 0, 0, 0, 0, 1, 1, 0, 0, 0, 0, 0, 1, 1, 1, 1, 0, 0, 0, 1, 1, 0, 1, 1, 1, 0, 0, 0, 0, 1, 0, 0, 1, 1, 1, 1, 0, 0, 1, 1, 0, 1, 0, 0, 0, 1, 0, 1, 1, 0, 1, 0, 0, 0, 1, 0, 1, 1, 0, 1, 0, 1, 1, 0, 1, 0, 0, 0, 1, 0, 0, 0, 0, 1, 0, 1, 0, 0, 1, 0, 1, 1, 1, 1, 0, 1, 1, 1, 1, 0, 1, 0, 0, 0, 0, 1, 1, 1, 0, 0, 0, 1, 0, 1, 1, 0, 1]","[0.04707400331949174, 0.1481262536648088, 0.8870103633871902, 0.07160596157244256, 0.06747778878064387, 0.037780793861871026, 0.04338998158388583, 0.786106300185787, 0.9102085179806243, 0.8767502058081409, 0.9240010739614778, 0.9181679622101723, 0.042164580348931446, 0.8860987858346714, 0.06985706718345966, 0.9244866624232994, 0.8942988668007592, 0.9144969527637306, 0.9188655162222986, 0.06669545538455905, 0.5588959691391412, 0.3495566152029323, 0.696242243986949, 0.08712492220912593, 0.9077410562450471, 0.9129869787735951, 0.041663650623659544, 0.06873106308347512, 0.23443869630428218, 0.03614357219333734, 0.06048379076847317, 0.06337840243251985, 0.8386153447220371, 0.06033289883541652, 0.05670251522047882, 0.09684952896760306, 0.06979359069946313, 0.057013906723491964, 0.06640845433010797, 0.22777835740623983, 0.396366046185781, 0.3622119974524256, 0.8948317105594656, 0.9150673289470456, 0.4063802123451403, 0.08039402147713182, 0.06665666580642193, 0.0840194884074931, 0.1480466727943689, 0.9299957650294226, 0.8676264041551556, 0.9454838927747, 0.9089482022042671, 0.058941888992562544, 0.20075625115347787, 0.0592873860299685, 0.8703924777692122, 0.8874859049318302, 0.04524799717692335, 0.4165717352422493, 0.7565987590072546, 0.9157521765565837, 0.06423033197640328, 0.1259373194520243, 0.06304050248117946, 0.04940071471343887, 0.9178060653586368, 0.06283438507196427, 0.37285156625301547, 0.8655861478513311, 0.7973585924460704, 0.8049577951121867, 0.5612858863822495, 0.3301310576615302, 0.1376275820887329, 0.9075134382740295, 0.7837037990815513, 0.08941863685511343, 0.9224271852553941, 0.07103211770404592, 0.03211901629695463, 0.14916910044682044, 0.8862763262071095, 0.09339911136681503, 0.7131227783914668, 0.8920516175791932, 0.12543308587588647, 0.5212741656138076, 0.06303930602918383, 0.06373768292514809, 0.08450461413297619, 0.7957656874088757, 0.06286118581916075, 0.8933331176233623, 0.8915841258164372, 0.31635392368203985, 0.7964776340771524, 0.07315755745950543, 0.8424395171485165, 0.7824018846535152, 0.38544403798278687, 0.8878929056605368, 0.23634951667767654, 0.03633021932943534, 0.06636530335096584, 0.615951066574226, 0.07637734110471807, 0.2503784738387812, 0.0638870753268217, 0.15043661430503594, 0.8940517368460064, 0.06974927709421966, 0.9019830938681987, 0.06279442208728162, 0.06719339200080146, 0.48166722240613846, 0.031650533788516774, 0.8584495817103738, 0.9161803461800823, 0.8976088998765414, 0.917464389725443, 0.050968951186454815, 0.9014821019225292, 0.7829679246580762, 0.8695424905914481, 0.9165292784191267, 0.06044125255184407, 0.8670798912446614, 0.07060006512523667, 0.3389782643152367, 0.06567020426390081, 0.04050375305468071, 0.8593331138213954, 0.6754369568695078, 0.8760040092199185, 0.30498251029814366, 0.07916055940278406, 0.07727652902355878, 0.5878012235650059, 0.055462172310097306, 0.4156632438778232, 0.6084088943750751, 0.06411543114103013, 0.8955833043271633]"
SVM,29,6,"[1, 1, 0, 1, 1, 1, 1, 0, 0, 0, 1, 0, 0, 0, 1, 0, 1, 0, 0, 1, 1, 0, 1, 1, 1, 0, 1, 1, 0, 1, 0, 0, 0, 0, 0, 0, 1, 0, 0, 1, 0, 1, 1, 1, 0, 0, 0, 1, 0, 1, 1, 0, 0, 0, 0, 0, 1, 0, 0, 1, 1, 0, 1, 0, 0, 1, 0, 0, 1, 0, 1, 0, 0, 1, 0, 0, 0, 1, 0, 1, 0, 1, 1, 0, 1, 0, 0, 0, 1, 0, 1, 0, 1, 0, 0, 0, 0, 1, 1, 0, 1, 0, 1, 0, 0, 1, 1, 1, 0, 0, 0, 0, 1, 0, 0, 0, 1, 0, 0, 1, 0, 1, 0, 1, 1, 0, 1, 1, 0, 0, 0, 1, 1, 1, 1, 1, 0, 0, 0, 0, 1, 0, 0]","[1, 1, 0, 1, 1, 1, 1, 0, 0, 0, 1, 1, 0, 0, 1, 0, 1, 1, 0, 1, 1, 0, 1, 1, 0, 0, 1, 1, 0, 1, 0, 0, 0, 0, 0, 0, 1, 0, 1, 1, 0, 0, 1, 1, 0, 1, 0, 1, 0, 1, 1, 0, 0, 0, 0, 0, 1, 0, 0, 1, 1, 1, 0, 0, 0, 1, 0, 0, 1, 0, 1, 0, 0, 1, 0, 0, 0, 1, 0, 1, 0, 1, 1, 0, 1, 1, 0, 0, 1, 0, 1, 0, 1, 0, 1, 1, 0, 1, 1, 1, 1, 0, 0, 0, 0, 1, 1, 1, 0, 0, 1, 0, 1, 0, 0, 0, 1, 0, 0, 1, 0, 1, 0, 1, 1, 1, 1, 1, 0, 1, 0, 1, 0, 1, 1, 0, 0, 1, 0, 0, 1, 0, 0]","[0.8588726206754181, 0.8758502954200482, 0.06891707259001018, 0.795865076119568, 0.5505659281853953, 0.9003221223741316, 0.8871794167299939, 0.09022329331208728, 0.05856390156857402, 0.04760561236365354, 0.8855066983838039, 0.8785822793001355, 0.06957907576481145, 0.07429815336386585, 0.8076669726241222, 0.0703923374244263, 0.8200301273583863, 0.713819686285508, 0.036692200928759904, 0.800739278397047, 0.8055595647130246, 0.05380126613717447, 0.8628607814010788, 0.8862976286144029, 0.22897420190554604, 0.06385867535625576, 0.9057342606604218, 0.9003834064465881, 0.0400387600634428, 0.8614654715433135, 0.07057897534374089, 0.05679304599372893, 0.06664147604066513, 0.07147299311225058, 0.03612954455627108, 0.027781468080685923, 0.910896721445936, 0.0607257388064668, 0.7299749469071795, 0.639562290987149, 0.06557136740158112, 0.06572358147668697, 0.8661635414255778, 0.90173184642932, 0.06727344142503491, 0.6262882785180393, 0.06152547486545729, 0.7804076627824855, 0.08188482228223534, 0.514357078312736, 0.8174227127457752, 0.06396287391521684, 0.06909727774833867, 0.06628001878416973, 0.07070756219646532, 0.06101608049260236, 0.864665821791857, 0.06713953807731905, 0.06782608954463322, 0.859825824116725, 0.8204253381518749, 0.745213978097505, 0.04879186182354566, 0.034235733748668944, 0.07119729790619468, 0.7945694762621693, 0.06495987071399802, 0.042161866685409055, 0.88866363733804, 0.06445203924337191, 0.716144060875263, 0.0589562275507164, 0.07324003002541501, 0.8023595753898783, 0.06699146778244991, 0.065550656993574, 0.032485428042192434, 0.8808786007152127, 0.08184391561970172, 0.8815973792657379, 0.04357246134718576, 0.8712600580766172, 0.7278839523839304, 0.037168522324348585, 0.6682578204338512, 0.5325455281511166, 0.034408586278502566, 0.1968057513584372, 0.6906139076955649, 0.0633307127146924, 0.8664092776737028, 0.05779100168305673, 0.8924088684530677, 0.06731470805506064, 0.867868796002763, 0.5166312224172326, 0.0703753801565825, 0.8597185090402928, 0.8516786852781768, 0.5502712454430863, 0.588244001506554, 0.046832047107563, 0.3377195409993601, 0.06653548980163368, 0.02787414477811914, 0.764602204077715, 0.8379872346874225, 0.7699454298288527, 0.05971578951724173, 0.039880511572869745, 0.5245524988104033, 0.10248388009244315, 0.8032148433504939, 0.16405631363518725, 0.06672751442744194, 0.03438996152150707, 0.8938977310768949, 0.2064458272283741, 0.06511883123669539, 0.6602316626371552, 0.06524035971604965, 0.8905872422971242, 0.05777971157724008, 0.8969978985496118, 0.88908311538368, 0.8304671729073956, 0.750980989575481, 0.8942311566044058, 0.02892878360940681, 0.4255354258981158, 0.06323431902276358, 0.7830762438203361, 0.28686852833609666, 0.7261232341082648, 0.8368763481287337, 0.03823437653209341, 0.08907265568198514, 0.876170262571703, 0.0433621015770121, 0.037699801675137645, 0.8768726590276271, 0.03671909345189516, 0.07059155177635397]"
SVM,30,6,"[0, 0, 1, 0, 0, 0, 1, 0, 0, 0, 0, 1, 0, 0, 1, 1, 0, 0, 0, 1, 0, 0, 0, 1, 0, 1, 0, 0, 0, 1, 1, 0, 1, 1, 0, 0, 0, 1, 0, 0, 0, 1, 1, 1, 0, 1, 0, 0, 0, 1, 0, 0, 0, 0, 0, 1, 1, 1, 0, 0, 0, 0, 0, 1, 1, 0, 1, 0, 1, 0, 1, 0, 0, 1, 1, 1, 0, 1, 0, 0, 1, 1, 1, 0, 1, 0, 0, 1, 1, 1, 1, 0, 0, 1, 0, 0, 0, 1, 0, 0, 0, 0, 0, 0, 1, 1, 1, 1, 1, 0, 0, 1, 0, 1, 0, 0, 1, 0, 0, 0, 1, 0, 0, 0, 0, 0, 0, 0, 1, 0, 0, 0, 0, 1, 0, 0, 0, 1, 1, 0, 0, 0, 0]","[1, 0, 1, 0, 0, 0, 1, 1, 0, 0, 0, 1, 0, 0, 1, 0, 0, 1, 0, 0, 0, 0, 0, 1, 0, 1, 0, 0, 0, 1, 1, 0, 1, 1, 1, 0, 0, 1, 0, 0, 0, 1, 0, 1, 0, 1, 0, 0, 0, 1, 0, 0, 0, 0, 1, 1, 1, 0, 0, 0, 0, 0, 0, 1, 1, 0, 1, 0, 0, 0, 1, 0, 0, 1, 1, 1, 0, 1, 0, 1, 0, 1, 1, 0, 1, 0, 0, 1, 1, 1, 1, 0, 0, 1, 0, 0, 0, 1, 0, 1, 0, 0, 0, 0, 1, 1, 1, 1, 0, 0, 0, 1, 0, 1, 0, 0, 1, 0, 0, 0, 1, 0, 0, 0, 0, 1, 0, 1, 1, 0, 0, 0, 0, 1, 0, 0, 0, 1, 1, 0, 0, 1, 0]","[0.6512113104317855, 0.04861003308590185, 0.5477915028748526, 0.08716980934847525, 0.05333357082601516, 0.07553435091939116, 0.9000986904167433, 0.9169099111178236, 0.11549877701404057, 0.08712146478946106, 0.07185662546002244, 0.8423931542855012, 0.08598579136790772, 0.050127266513461985, 0.9244413961921459, 0.3954680646151496, 0.04066763369186577, 0.4621704133699377, 0.05953085944463033, 0.17365187502923887, 0.05229753157508474, 0.07344162999710678, 0.06250305169551476, 0.43506518823877466, 0.05362473805708214, 0.5334874774513682, 0.07190161823490428, 0.22840878673386075, 0.06264279926325002, 0.7419715326356872, 0.9083826321306693, 0.07584903769486313, 0.9100009346937786, 0.7643187432676133, 0.4368743757377233, 0.0555897793566557, 0.07568239384683692, 0.9147394994640864, 0.04235929641781795, 0.1156347622971998, 0.11003780029687453, 0.8892193653377624, 0.21607595747680275, 0.8305972801338376, 0.18007183040321026, 0.8763968880697959, 0.06163499865951001, 0.06141599120854729, 0.0605939972760686, 0.9119002661188775, 0.06177754401949155, 0.07099178459757523, 0.07707023110402297, 0.07663047706460414, 0.9175876534452104, 0.837593019637774, 0.810310694809949, 0.05356584707316069, 0.0630368956510604, 0.08116298950511691, 0.05404977143453672, 0.06452726595128125, 0.07187573845324932, 0.8648485783605523, 0.8636893890018498, 0.06213238542699914, 0.9068466157085501, 0.04377963842364552, 0.09186132642229275, 0.047798977705404956, 0.7027797849733544, 0.0395928052186773, 0.07783058134760278, 0.8825489431972569, 0.9202265627188397, 0.9194378886007549, 0.07221393290049714, 0.9329668004371688, 0.06089556578128648, 0.9094852946560894, 0.11011031787209817, 0.9227519393261732, 0.9210281511139966, 0.06768980700662597, 0.9184052901860887, 0.06940681100981562, 0.06288568533164246, 0.8736968821108546, 0.8158941229522599, 0.9141524019198312, 0.863723871801101, 0.0684632206512314, 0.06945582715202477, 0.8287421206471932, 0.07274954176064738, 0.08343196063328102, 0.0646933797134459, 0.9228112542410096, 0.05079329208870481, 0.7796930304882193, 0.08224373255051022, 0.04400983727984893, 0.06144723582983376, 0.09546601259238294, 0.9165965176714977, 0.466548235414408, 0.41154464169082533, 0.9136950636582165, 0.08589411750813951, 0.08853555091122668, 0.07103698865409673, 0.8854282261371256, 0.06873109122315715, 0.9211327099737989, 0.07354398083290169, 0.07725166297636923, 0.5907373130240087, 0.06576338876732134, 0.07344714480459785, 0.07942646780164196, 0.8536524629847596, 0.07020490131537982, 0.09652253328464049, 0.1338479560513396, 0.3470079381498523, 0.9029380226117811, 0.045233248095860525, 0.9190668123515087, 0.8653008569903848, 0.0484479610849492, 0.06561108568466013, 0.06289158811932061, 0.05877920640448317, 0.9175168219081863, 0.19875066445891632, 0.07184145451034309, 0.1634638019955668, 0.8222047248624914, 0.8150908257189874, 0.06986705454306463, 0.05387346819814849, 0.8547600228781942, 0.0736087178075854]"
SVM,31,7,"[0, 1, 0, 1, 1, 1, 0, 1, 0, 0, 0, 0, 0, 0, 1, 0, 1, 1, 1, 0, 1, 0, 0, 1, 1, 0, 0, 1, 0, 1, 0, 0, 0, 0, 1, 0, 1, 0, 1, 0, 0, 0, 1, 0, 0, 1, 1, 0, 0, 1, 0, 0, 1, 0, 1, 1, 0, 0, 0, 1, 0, 0, 0, 0, 0, 0, 0, 0, 1, 1, 1, 1, 0, 1, 0, 0, 1, 0, 1, 0, 1, 1, 0, 0, 1, 1, 0, 1, 1, 0, 1, 0, 0, 0, 0, 0, 1, 0, 0, 1, 1, 1, 0, 1, 0, 0, 1, 0, 0, 0, 0, 0, 1, 0, 0, 0, 1, 0, 0, 0, 1, 1, 1, 1, 0, 1, 0, 1, 1, 1, 0, 0, 0, 1, 1, 1, 0, 1, 1, 0, 0, 0, 0, 1]","[0, 1, 0, 1, 1, 1, 1, 1, 1, 0, 1, 0, 0, 0, 1, 1, 1, 1, 0, 0, 0, 0, 0, 1, 1, 0, 0, 1, 0, 1, 0, 0, 1, 0, 1, 0, 1, 0, 1, 1, 0, 0, 1, 1, 0, 1, 1, 0, 0, 1, 1, 0, 1, 1, 1, 1, 0, 0, 0, 1, 0, 0, 0, 0, 0, 0, 0, 0, 1, 1, 0, 1, 0, 1, 0, 0, 1, 1, 1, 1, 1, 1, 1, 1, 1, 1, 0, 1, 1, 0, 1, 0, 0, 0, 0, 0, 1, 0, 0, 1, 1, 1, 0, 1, 0, 0, 1, 1, 1, 0, 0, 0, 1, 0, 0, 0, 1, 0, 0, 0, 1, 1, 1, 1, 0, 1, 1, 1, 1, 1, 0, 0, 0, 1, 1, 0, 0, 1, 1, 0, 0, 0, 0, 1]","[0.2522354861726332, 0.9158547547775242, 0.06652628898286767, 0.8984742754293756, 0.7845419549077006, 0.90800039874035, 0.6435358869121394, 0.4254584298176243, 0.9081443489694022, 0.08796780143689065, 0.9086228340585841, 0.08269238233973535, 0.04484239927512581, 0.06472579865265658, 0.6562327922751587, 0.8859259745473347, 0.9006850862627546, 0.9045864013482632, 0.07896196863208915, 0.048969600528802656, 0.1828920809731497, 0.05006488177964292, 0.03423743971141913, 0.9165646895513109, 0.8952535142338832, 0.05774466128788495, 0.0482510388252443, 0.8500440233475413, 0.07326454084459633, 0.8619938641364396, 0.061516542095897686, 0.2807894395055358, 0.6646429717657714, 0.06458949553572857, 0.8779428618690551, 0.061622233343474664, 0.8445509213345533, 0.038277852675705534, 0.9124459183455874, 0.5273483468704109, 0.06508491712354322, 0.055018375402546206, 0.8960018958344392, 0.6871931221054074, 0.11568312066481289, 0.9073326103842372, 0.8673620799383625, 0.02470195586120633, 0.04205449977413703, 0.8254184557751795, 0.39368143212117584, 0.06089562094538648, 0.8969801941143369, 0.5972277991136873, 0.8447342793812801, 0.9107545429769986, 0.05478601103051579, 0.04275387695227719, 0.05318392850651141, 0.8955653987809316, 0.06537743294463363, 0.06152612036423947, 0.061330761221194074, 0.20715359985288181, 0.06089055255037851, 0.035873506711781425, 0.1076229816583044, 0.043546708242964166, 0.8855414202083117, 0.8650673923272354, 0.10974929045561041, 0.8054631336055614, 0.054078664845808276, 0.8780784201648414, 0.048005972944307106, 0.048845536955014916, 0.8515638896143376, 0.6239785403033038, 0.7969515478916882, 0.9118758736873402, 0.8912744477778003, 0.9026108816949283, 0.5517590200824497, 0.8567715008682103, 0.8811642750209129, 0.8857622878406842, 0.07229997073171113, 0.9049643086231929, 0.8467860062732059, 0.0664018659579897, 0.7124901328073727, 0.030992166958030355, 0.10052426115126899, 0.0594944642890566, 0.04214121962526309, 0.053669584493789654, 0.8816421950545134, 0.10412461225843431, 0.11332581834263004, 0.8877959326543465, 0.7317226364897018, 0.876170826840487, 0.0677147808606349, 0.9195224686636521, 0.07325259197954295, 0.20871657864090276, 0.9022663629445166, 0.43457358140094093, 0.4553390430446389, 0.05477830194336679, 0.061230475669544676, 0.2518443896166832, 0.8874463370063659, 0.026807515581809466, 0.15399427868694035, 0.05393023311999477, 0.8725519134449382, 0.06546104141203668, 0.2619600751965684, 0.06306574664455591, 0.9072607022550264, 0.8979658641645385, 0.8595643598074347, 0.4949381847161038, 0.02820313612909522, 0.844591116632724, 0.896499050894867, 0.7381658372468951, 0.818358475528227, 0.8738361157849293, 0.04691416672039405, 0.060000563818736655, 0.14662614723390657, 0.9033602058189556, 0.6246203856380068, 0.05812691437724601, 0.03665595066473239, 0.9191416103292193, 0.8739912656326847, 0.06555296704591686, 0.08625108335857966, 0.04283103431202446, 0.03675974051813258, 0.8575440130676972]"
SVM,32,7,"[1, 1, 0, 0, 0, 1, 0, 0, 0, 1, 0, 0, 0, 1, 1, 1, 0, 0, 1, 0, 0, 1, 1, 0, 1, 0, 0, 0, 0, 1, 0, 0, 0, 1, 0, 1, 0, 0, 0, 1, 1, 1, 0, 1, 1, 0, 0, 0, 0, 1, 1, 1, 0, 0, 1, 1, 0, 1, 0, 0, 1, 1, 0, 1, 0, 0, 0, 1, 1, 0, 1, 0, 0, 1, 1, 1, 0, 0, 1, 0, 0, 1, 0, 0, 1, 1, 0, 0, 1, 1, 0, 1, 1, 1, 0, 1, 0, 0, 1, 1, 1, 1, 1, 1, 0, 1, 0, 1, 1, 0, 0, 1, 1, 1, 0, 1, 0, 0, 0, 1, 1, 0, 1, 0, 0, 0, 1, 1, 0, 1, 0, 1, 1, 0, 0, 1, 0, 0, 0, 0, 1, 0, 1]","[1, 0, 0, 0, 0, 1, 0, 0, 0, 1, 0, 0, 0, 1, 0, 1, 1, 0, 1, 0, 0, 1, 1, 0, 1, 0, 0, 0, 0, 1, 0, 0, 0, 1, 0, 1, 0, 0, 0, 1, 1, 1, 0, 1, 1, 0, 1, 0, 0, 1, 0, 0, 0, 0, 1, 1, 0, 1, 0, 0, 1, 1, 0, 1, 0, 0, 0, 1, 1, 0, 1, 0, 0, 1, 1, 1, 0, 0, 1, 0, 0, 1, 0, 0, 1, 1, 0, 1, 1, 1, 0, 1, 1, 1, 0, 1, 0, 0, 1, 1, 1, 1, 1, 1, 0, 1, 0, 1, 1, 0, 0, 1, 1, 1, 0, 1, 1, 0, 1, 1, 1, 0, 1, 0, 0, 1, 1, 1, 1, 1, 0, 1, 1, 1, 0, 1, 0, 0, 0, 0, 1, 0, 1]","[0.4712122189956413, 0.0715105056588067, 0.07069277617044059, 0.06480968097899674, 0.07247877790045318, 0.8637033961305655, 0.07564713856226014, 0.07054822693568615, 0.06997999492537552, 0.6361614505288585, 0.06711043528611108, 0.06576855566149101, 0.052704329925661465, 0.8401760195575256, 0.2940978122155505, 0.8094136008357162, 0.5082452659772481, 0.06411093329451548, 0.688652287730706, 0.04532126081317456, 0.0656357828463817, 0.8329231755955614, 0.7786015578018266, 0.2251516436879879, 0.6009691800233637, 0.3036048073452405, 0.07069329896437998, 0.0697369922179845, 0.32304447090823973, 0.7275954188799131, 0.06347548138206117, 0.10347059286949759, 0.07334691617703622, 0.8206649075580019, 0.08160255768438467, 0.8381064625739012, 0.08903440335561912, 0.09661221366419417, 0.08279352745393949, 0.5491343712199994, 0.8349444565731157, 0.8564697231504943, 0.05959376945938974, 0.8722847314569824, 0.8650091640243878, 0.07608863890747396, 0.603220907891802, 0.14506495769313554, 0.06710188595352796, 0.8287475931950993, 0.11924753369563462, 0.3635264540619418, 0.0710863952900501, 0.06965637055865445, 0.8494120522448598, 0.8028369108137519, 0.050410937089957975, 0.8817230618481864, 0.1317580403891567, 0.0683370587080014, 0.8252562120293051, 0.7938787638659744, 0.055131259490652666, 0.874627593121971, 0.05180991891679373, 0.05818983501371706, 0.06060676473049843, 0.37829660939683335, 0.8630320692121438, 0.03947119942780097, 0.7903317319615398, 0.06658970422205775, 0.07518130541749334, 0.8614221052586085, 0.8644494633741074, 0.834531454897952, 0.06973042398156955, 0.08879139184432379, 0.8899951477567698, 0.038736232128094704, 0.2602278811782641, 0.8606780216467078, 0.06708441530240303, 0.07931934729721216, 0.8517028094577663, 0.777176093331458, 0.05712213490485974, 0.5, 0.8627778448645609, 0.8636581146112967, 0.06789896827744962, 0.6467757250105602, 0.8739106977119393, 0.8301042470512965, 0.06631766053532927, 0.8482080356572576, 0.06346254131908993, 0.33912766610731226, 0.8000617803094369, 0.8578951121589989, 0.8298926261788062, 0.8539384802063731, 0.8069192500216154, 0.8576917465516514, 0.17746736996258797, 0.8576775870809621, 0.11915472301308411, 0.7077172547939357, 0.5461266855036231, 0.047290379095740284, 0.06784090847885292, 0.8523763150218052, 0.8759714464521635, 0.8228736685275158, 0.07379625601148607, 0.724928934479707, 0.8377873474942154, 0.1013358578836555, 0.5302242018616959, 0.8141005056333301, 0.8817113340856116, 0.07651016981044209, 0.8451612176000185, 0.03898835564850134, 0.056042719283161915, 0.4041790059263572, 0.7637995705813687, 0.8530318342492414, 0.8821623160513865, 0.7947842886395892, 0.062268612099354775, 0.858897829657819, 0.8438378427798293, 0.3886347526026936, 0.08302932733247362, 0.8307745688855628, 0.06383587724593294, 0.05891254161059563, 0.36047119089144, 0.22629642340133135, 0.8125272598426856, 0.060892193791406486, 0.5971374266673698]"
SVM,33,7,"[0, 1, 0, 0, 0, 1, 0, 0, 1, 0, 1, 0, 0, 0, 1, 0, 1, 0, 1, 1, 0, 1, 0, 1, 0, 0, 0, 1, 0, 1, 1, 0, 0, 0, 1, 0, 0, 1, 1, 0, 0, 1, 0, 0, 1, 0, 1, 1, 0, 1, 0, 1, 0, 0, 0, 1, 1, 1, 1, 1, 0, 0, 1, 0, 1, 0, 1, 1, 0, 0, 1, 0, 0, 0, 0, 0, 1, 0, 1, 0, 0, 1, 0, 0, 0, 1, 1, 0, 0, 1, 1, 0, 1, 0, 0, 0, 0, 1, 0, 1, 1, 0, 0, 1, 0, 0, 1, 1, 1, 1, 0, 1, 0, 1, 0, 0, 0, 0, 0, 1, 0, 0, 0, 1, 0, 1, 1, 1, 1, 0, 1, 1, 1, 0, 1, 1, 0, 1, 0, 1, 0, 0, 1]","[0, 1, 1, 1, 1, 0, 0, 1, 1, 1, 1, 0, 0, 0, 1, 0, 1, 0, 1, 1, 1, 1, 0, 1, 0, 0, 0, 1, 0, 1, 1, 0, 0, 0, 1, 0, 0, 1, 1, 0, 0, 1, 0, 0, 1, 0, 1, 1, 0, 1, 0, 1, 0, 0, 0, 1, 1, 1, 1, 0, 1, 0, 1, 0, 1, 0, 1, 1, 0, 0, 1, 0, 0, 0, 1, 0, 1, 0, 1, 1, 0, 0, 0, 0, 0, 1, 1, 0, 0, 1, 1, 1, 1, 0, 0, 0, 1, 1, 0, 1, 1, 1, 0, 1, 0, 1, 1, 0, 1, 0, 0, 1, 0, 1, 0, 1, 1, 0, 0, 1, 0, 0, 0, 1, 1, 1, 1, 1, 1, 0, 1, 1, 1, 0, 1, 1, 0, 1, 1, 1, 0, 1, 1]","[0.04764931223736926, 0.8579486088257376, 0.8334291592208011, 0.875769521549864, 0.7332309495915, 0.14395503180672478, 0.04689249610649027, 0.7784361782548456, 0.8916220998864833, 0.8601121846711606, 0.6516665542626336, 0.31852991636866773, 0.037950879918412395, 0.03414708497863787, 0.900839107407612, 0.06789031346263778, 0.8514542972560201, 0.06576342393297056, 0.834225512322246, 0.9135859696922548, 0.7379288163323973, 0.8969287888339745, 0.037063243683903395, 0.7925801256149323, 0.058152536896962155, 0.03393331481392215, 0.05478382831274952, 0.8960682908849327, 0.07170946353856886, 0.8878827820585387, 0.917101332178731, 0.0462114026531734, 0.06877609947358428, 0.038799036122291006, 0.8920916730169296, 0.05478826876293003, 0.34435726067755795, 0.8780846254487769, 0.9082469476683543, 0.06353624765415258, 0.06690714535733468, 0.3936315408954362, 0.06529629308046, 0.21899924552629357, 0.8431028438318132, 0.12109409834388293, 0.8805887006575707, 0.8958060452857466, 0.06711410889666218, 0.8393598222737827, 0.07525585886251986, 0.8932720596718131, 0.06605262498021242, 0.06264585912250524, 0.06740783668706836, 0.7711376940064466, 0.9267433074206415, 0.8727804838357036, 0.9104612663942417, 0.04043839714450131, 0.7422666654737693, 0.034883109154990384, 0.8389107041579117, 0.060537144876004347, 0.8686813438306884, 0.030507908368134454, 0.9044237684542373, 0.6681144979748127, 0.038225037644653036, 0.052433904074041596, 0.7949126900514821, 0.1266194311339578, 0.06459231299754283, 0.07867971366247466, 0.4082522707527051, 0.2072775835589192, 0.9094569173976381, 0.03439495834695334, 0.8210483550112859, 0.8944387984188628, 0.21885894336835052, 0.29626867441276267, 0.06182956119868514, 0.21211523340610913, 0.09542083910078826, 0.9026063280150598, 0.8776963166786204, 0.06639296978287297, 0.028961153653514104, 0.8688022501876718, 0.8807900071408966, 0.5, 0.8585786241118374, 0.027846816698655855, 0.06477241911629252, 0.06058442668232955, 0.46054232358818487, 0.8237907462969466, 0.06738980665136185, 0.9099259756124022, 0.804074058677345, 0.806578371454455, 0.06111171735473932, 0.8751324444114195, 0.057029737055445284, 0.8737426212515383, 0.8065445223346439, 0.09019758888490592, 0.8425844447302057, 0.3871647509237286, 0.0527118017110371, 0.44365483259962785, 0.06987128236888053, 0.6609430385628128, 0.1164161902166191, 0.5548646453770669, 0.8139318952712242, 0.17833585615698896, 0.16284566644211793, 0.8891465786796554, 0.05748422394618567, 0.07765091387537819, 0.06425620886948215, 0.9031046401802808, 0.5255262444914061, 0.8619635342490206, 0.8795633240634579, 0.8152564312570071, 0.8249049277036684, 0.03759240459995122, 0.8418115939779282, 0.8548339458325528, 0.6608551463681706, 0.06949244130970712, 0.570737797820736, 0.8967604127679504, 0.04000165726234811, 0.8715104792959962, 0.8552944446658066, 0.8455456541685022, 0.06428682528013183, 0.8649202665253065, 0.7080591253619731]"
SVM,34,7,"[0, 0, 1, 1, 0, 0, 0, 0, 0, 1, 0, 0, 0, 1, 0, 1, 0, 0, 1, 0, 1, 1, 1, 1, 1, 1, 0, 0, 1, 0, 1, 0, 1, 0, 0, 0, 0, 0, 0, 1, 0, 0, 1, 1, 0, 1, 1, 0, 0, 0, 1, 0, 1, 1, 0, 1, 1, 0, 0, 0, 0, 0, 1, 0, 1, 1, 0, 0, 0, 1, 0, 0, 1, 1, 0, 1, 0, 0, 0, 1, 1, 1, 0, 1, 0, 0, 0, 0, 0, 1, 0, 0, 1, 1, 1, 0, 0, 0, 0, 0, 0, 1, 0, 0, 0, 1, 0, 1, 0, 1, 1, 0, 0, 1, 0, 0, 0, 1, 1, 1, 0, 1, 0, 0, 0, 0, 0, 1, 0, 1, 0, 0, 1, 0, 0, 0, 0, 1, 0, 0, 0, 1, 0]","[0, 0, 1, 1, 1, 0, 0, 0, 0, 1, 1, 0, 0, 1, 1, 1, 0, 1, 1, 0, 0, 1, 1, 1, 0, 1, 0, 0, 1, 0, 1, 0, 1, 0, 0, 0, 0, 0, 0, 1, 0, 0, 0, 0, 0, 0, 1, 0, 0, 0, 1, 0, 1, 0, 0, 0, 1, 0, 0, 0, 1, 0, 1, 0, 1, 0, 0, 0, 0, 1, 0, 0, 1, 0, 0, 1, 0, 0, 0, 1, 1, 1, 1, 1, 0, 1, 0, 1, 0, 1, 1, 0, 1, 1, 1, 0, 0, 0, 0, 0, 1, 0, 0, 0, 0, 1, 0, 1, 0, 1, 1, 0, 1, 1, 0, 0, 0, 1, 1, 1, 0, 0, 0, 1, 0, 0, 0, 1, 0, 1, 1, 0, 1, 1, 0, 0, 0, 1, 0, 0, 0, 1, 1]","[0.02696829907242779, 0.12334392763923005, 0.5484686112915175, 0.9126292224676747, 0.6642718273929773, 0.07718984594491299, 0.05896596681717133, 0.03886158577514671, 0.026137400937326787, 0.896037990367295, 0.8945924074146978, 0.07416552457364778, 0.04139344982024469, 0.8446407438519083, 0.5439257464375122, 0.9365811171896827, 0.04182036418748709, 0.5346011300290985, 0.9055190669780218, 0.06362727571586228, 0.2241161541247127, 0.8817006318827963, 0.862207727503915, 0.8843997774406925, 0.18589855647624987, 0.8134669090832637, 0.06191686800859377, 0.04118110547725675, 0.7700760033581605, 0.052059878843061506, 0.5928751930322591, 0.037113375227290996, 0.7758738386803115, 0.054800365056673475, 0.023890780511379505, 0.033717717850837756, 0.022413590769447433, 0.06246798359519787, 0.08584440540403505, 0.7246218046016825, 0.18379502999881642, 0.04985369395635581, 0.03641578137308699, 0.07554037198996055, 0.05580513773387529, 0.28970629471216014, 0.8846855531441995, 0.06178350319210125, 0.04424360069103795, 0.07365927836164973, 0.5198379034196948, 0.05206066066612122, 0.9236112359442303, 0.2257995730686087, 0.05848272994198261, 0.07378728556060665, 0.9330877297302119, 0.05893937927760615, 0.2570375276575392, 0.033954276195283344, 0.8868938201904443, 0.06594766904275222, 0.904692328528085, 0.06959194019904635, 0.823572347509583, 0.04741913121036822, 0.02336551416839856, 0.04077921090157807, 0.03087018752144908, 0.826600437173483, 0.06418387538988848, 0.06301238697700177, 0.9096380447952706, 0.09635593977274706, 0.058117750862305174, 0.7277279874498688, 0.031731766606728544, 0.05172390805462051, 0.0301670932587105, 0.9120936365409313, 0.6911974638426078, 0.8956776413638163, 0.5264834280601632, 0.8879483043317591, 0.04623972143836361, 0.7478786510033092, 0.0707764685099023, 0.875106652259252, 0.05992374639082512, 0.8331734255577365, 0.49435008808010455, 0.042036600443883736, 0.869831009657544, 0.4827372291820406, 0.9064857570633965, 0.06658489140367953, 0.05156044473034911, 0.05202345385596071, 0.06180131581798219, 0.03803827906898724, 0.5055217925171838, 0.040482733560767495, 0.026986574430565152, 0.06497929889227623, 0.13465499752308283, 0.9048947265104875, 0.05124132676774436, 0.9114684965758736, 0.05960563675214672, 0.880022159538834, 0.650240676846783, 0.035278423338322755, 0.8605774127628645, 0.850337237911551, 0.06212533464118748, 0.08431121898666578, 0.04377617729512493, 0.8385121915786798, 0.9082080196676111, 0.8464875680347448, 0.03786925850258064, 0.22597263293374514, 0.14476366229449414, 0.4351914127338377, 0.022958258399426407, 0.04823605623408242, 0.04234585119829603, 0.9022285155544624, 0.04115177826379327, 0.8952677606741867, 0.7912855247477792, 0.05289893796847138, 0.9115748837439482, 0.6462356793243258, 0.03436174092906355, 0.2628259717510297, 0.030873551415645562, 0.7451083243525087, 0.1905601259606403, 0.027695163267731127, 0.030484356720117067, 0.8935449369542648, 0.40356777099799845]"
SVM,35,7,"[0, 1, 1, 0, 1, 0, 1, 0, 0, 1, 0, 0, 0, 1, 1, 0, 0, 1, 0, 1, 0, 0, 0, 0, 1, 0, 1, 0, 1, 0, 0, 0, 1, 0, 1, 0, 0, 0, 1, 0, 1, 0, 0, 0, 1, 0, 0, 1, 0, 0, 0, 1, 1, 0, 0, 0, 0, 1, 1, 0, 0, 0, 0, 0, 1, 1, 1, 1, 1, 1, 0, 1, 1, 0, 1, 0, 0, 1, 1, 0, 1, 0, 0, 1, 1, 1, 0, 1, 1, 0, 0, 1, 0, 1, 0, 0, 0, 1, 0, 1, 0, 0, 1, 1, 1, 0, 0, 0, 1, 1, 1, 0, 0, 1, 1, 0, 0, 1, 0, 0, 0, 0, 0, 0, 1, 1, 0, 0, 0, 0, 0, 1, 0, 1, 0, 0, 1, 1, 0, 0, 0, 0, 1]","[0, 1, 0, 0, 1, 0, 1, 0, 1, 1, 0, 0, 0, 1, 1, 0, 1, 1, 0, 0, 0, 0, 0, 0, 1, 0, 1, 0, 1, 0, 0, 0, 1, 0, 1, 0, 0, 0, 0, 0, 0, 0, 0, 0, 1, 0, 0, 1, 1, 0, 1, 1, 1, 0, 0, 0, 1, 1, 1, 1, 0, 0, 0, 0, 1, 1, 1, 1, 1, 1, 0, 1, 0, 1, 1, 0, 0, 0, 1, 0, 1, 1, 0, 1, 1, 1, 0, 0, 0, 0, 0, 1, 0, 1, 0, 0, 0, 1, 0, 1, 0, 0, 1, 1, 1, 0, 1, 1, 1, 1, 1, 0, 0, 1, 1, 0, 0, 1, 0, 0, 0, 1, 1, 0, 0, 1, 0, 0, 0, 0, 0, 1, 0, 0, 0, 1, 1, 1, 0, 0, 0, 0, 1]","[0.07650039198521669, 0.8998339682025035, 0.03594522012703591, 0.04960825649869288, 0.5810224404347925, 0.06649590108898841, 0.8685421249218579, 0.06317998840912888, 0.9175259849743505, 0.8990569351148296, 0.07718481398588893, 0.09409165227616195, 0.04287704819503099, 0.8824990732468024, 0.4366860465778463, 0.03513803587977572, 0.564765475621251, 0.7170914172966563, 0.0760598350277709, 0.21882270837114848, 0.06610985293685642, 0.044810976705264995, 0.04325061750055287, 0.07023170786036632, 0.4822506109387222, 0.04701472619317119, 0.9200140631569554, 0.06582021948169725, 0.9345359700614122, 0.03817994074438419, 0.22421330574622303, 0.06791227044883917, 0.9092430178924459, 0.07790230537305128, 0.915871997130803, 0.11806839944553252, 0.06791843705283969, 0.3905010318237124, 0.2671094258189574, 0.07144112055757539, 0.19046709248575325, 0.29838353609031304, 0.18174751900525987, 0.06632150104625652, 0.8705220922541845, 0.06685408957598893, 0.07251929677179461, 0.9182134766386998, 0.9055144243359896, 0.06781403877943981, 0.9195477420698861, 0.8350014354737586, 0.8444100761620309, 0.07327581888154576, 0.08844740368614071, 0.06639702284040899, 0.8757829020875894, 0.8724964741251557, 0.7284986548285883, 0.6855263285705302, 0.06845842446932728, 0.10598790784757099, 0.04546011571742598, 0.07209564168750095, 0.9155192658817379, 0.9185423180712673, 0.8717588045971334, 0.44851450511380525, 0.728850188742043, 0.9213624906203984, 0.0563667179550037, 0.799308258064313, 0.11833568020284431, 0.8756462142701491, 0.9251663506228384, 0.073233373044558, 0.07539317349376552, 0.20907744697343814, 0.9218210689769296, 0.06680353575474353, 0.8493217123338419, 0.48916622427787104, 0.06542637974232969, 0.9107092806950595, 0.8660232889774762, 0.59856417020834, 0.10954500999217728, 0.19195963332116078, 0.3292684337481014, 0.08118359538860563, 0.06220030031297269, 0.7829459737113933, 0.06600322300456231, 0.8901440389527681, 0.07394064462406379, 0.047882908931257476, 0.04019918981486251, 0.8400025801641228, 0.08708861317485847, 0.9144961147228382, 0.04840096505632732, 0.0831015324942402, 0.9299736792198745, 0.45960003026425383, 0.8043746853023913, 0.2557896197253259, 0.785536433323833, 0.5154831310312512, 0.884146686272748, 0.9162623231777292, 0.9161934370416047, 0.07585592810688356, 0.06758619680201283, 0.8708898594850308, 0.8654971894801842, 0.06671404579661745, 0.06829757314150119, 0.9176425551924161, 0.03827486991600652, 0.073350061949204, 0.08579302786889492, 0.910128999395121, 0.4164248509742583, 0.07167571414130906, 0.26240167396181074, 0.8385881637376108, 0.06982718313636574, 0.05003702807408545, 0.25805659004756143, 0.07752730314203708, 0.04520362932421958, 0.8864173864783165, 0.07335114839237297, 0.049922368624305234, 0.048397694110548, 0.8949141345150097, 0.9277120163016588, 0.8262764706639951, 0.07634763077753622, 0.0666811278225184, 0.07722975332824912, 0.07101350360112198, 0.9047973769591819]"
SVM,36,8,"[1, 0, 0, 0, 0, 0, 1, 1, 1, 0, 0, 0, 0, 1, 1, 1, 1, 1, 0, 0, 1, 0, 0, 1, 1, 1, 0, 0, 0, 0, 1, 1, 0, 0, 1, 0, 0, 0, 0, 0, 0, 0, 0, 0, 0, 1, 0, 0, 0, 0, 0, 0, 0, 0, 1, 0, 1, 0, 0, 1, 1, 1, 1, 1, 1, 1, 1, 0, 1, 1, 0, 0, 0, 0, 1, 0, 1, 1, 1, 0, 1, 1, 1, 1, 0, 0, 0, 0, 0, 1, 1, 1, 0, 0, 1, 1, 0, 1, 0, 1, 0, 1, 1, 1, 1, 0, 1, 1, 1, 1, 0, 0, 0, 0, 1, 1, 0, 0, 0, 0, 1, 1, 0, 0, 0, 0, 1, 1, 0, 0, 1, 0, 1, 1, 1, 0, 0, 0, 0, 1, 0, 1, 0, 0]","[1, 1, 0, 1, 0, 0, 0, 1, 1, 1, 0, 0, 1, 1, 1, 1, 0, 1, 0, 0, 1, 0, 0, 1, 1, 1, 0, 0, 0, 0, 1, 1, 0, 0, 1, 1, 0, 0, 0, 0, 0, 0, 0, 0, 1, 1, 1, 0, 0, 0, 0, 0, 0, 0, 1, 0, 1, 0, 1, 1, 1, 1, 1, 1, 1, 1, 1, 0, 1, 1, 0, 0, 1, 1, 1, 1, 1, 1, 1, 0, 1, 1, 1, 1, 0, 1, 0, 0, 0, 1, 1, 1, 0, 0, 1, 1, 0, 1, 0, 1, 0, 1, 1, 1, 1, 0, 1, 1, 1, 1, 0, 0, 0, 0, 1, 1, 0, 0, 0, 0, 1, 1, 0, 0, 0, 0, 0, 1, 0, 0, 0, 0, 1, 1, 1, 1, 0, 0, 0, 1, 1, 1, 0, 1]","[0.8511017045078287, 0.8104901521205067, 0.2935779921062924, 0.6790253531730475, 0.07195271018541374, 0.05723615970823609, 0.15808614033248425, 0.8948204198612972, 0.8794146944256162, 0.8916790755252176, 0.08380251217496545, 0.06598278206605769, 0.6134820164242777, 0.8795185667210065, 0.9047757238435745, 0.8655356571230766, 0.08360030534829185, 0.8406339045186787, 0.05984823484550549, 0.050278868891677195, 0.7082597067636701, 0.034272171668889996, 0.025815079425942435, 0.9020405708471569, 0.8831850479481507, 0.8593956550415635, 0.3654090640192093, 0.06773224992094969, 0.06664771627589645, 0.05450005806391852, 0.8173981838371557, 0.8578421106605018, 0.05991321979446407, 0.34963905873522433, 0.8160233215339021, 0.5975293988226469, 0.08957893712466633, 0.06157377963016344, 0.0516770657273295, 0.08594831019371624, 0.06315005521457238, 0.20666981201944418, 0.12515993374378054, 0.03914170150413221, 0.4714763543692126, 0.8907545410370269, 0.5799175367963945, 0.05758936074287127, 0.043768028258773184, 0.07082401885758006, 0.06502383988987966, 0.04411883966893039, 0.06251498944682986, 0.22275114537172092, 0.891634615223297, 0.12024263417626245, 0.9035912566797905, 0.11357547727551333, 0.85182523813117, 0.8114451466217765, 0.8503070006396772, 0.8862182176675908, 0.8788108115840428, 0.8009985120866854, 0.6332788077383726, 0.8029710874930807, 0.809658816348428, 0.09161269979784518, 0.9131967304175984, 0.7787109688518363, 0.06523000651924964, 0.07947853208117428, 0.8921002028864413, 0.8802616640908814, 0.8909868341219008, 0.4773187696301558, 0.8653970992629666, 0.8700539682105819, 0.7938703860444417, 0.07046466390018956, 0.829137474070275, 0.8411665534145414, 0.8421314838681547, 0.6582322776978189, 0.06061979065590711, 0.5182125853184503, 0.022854611666731632, 0.06876951325934505, 0.10099646422622377, 0.8783329201372163, 0.7447031072266509, 0.8619985856730398, 0.038209792697086006, 0.053223470229535566, 0.8913589243028036, 0.8696533362421655, 0.06229405334462515, 0.8637342955597541, 0.17742409278806487, 0.7661763697340328, 0.122391805782383, 0.8641091554289589, 0.5668410121106586, 0.801010521480021, 0.9056197193918242, 0.0802216684068991, 0.8289685075691358, 0.8895004963992972, 0.7503884106101141, 0.8964196671986682, 0.21952666835710888, 0.06971145968769064, 0.06650890247907995, 0.06254129952713655, 0.9023425411213346, 0.8559878122620389, 0.07132003242121907, 0.05954817079527081, 0.025327804725420844, 0.026431099222534643, 0.7434436393403243, 0.8652232779939452, 0.05110413988377222, 0.06031510559489351, 0.04956696620666307, 0.06193099662334906, 0.26690844475484404, 0.8400279383369383, 0.05452418460146491, 0.056042220370886464, 0.05081369565787573, 0.036117661460287075, 0.871952711080622, 0.866433628285662, 0.8116706223065824, 0.6973019841561084, 0.06630707158853888, 0.0681799092944985, 0.08322699117665508, 0.8841725360049763, 0.5, 0.8455121733270261, 0.06586872577321741, 0.5272218181126888]"
SVM,37,8,"[0, 0, 1, 0, 0, 0, 0, 1, 1, 0, 0, 1, 0, 0, 0, 1, 1, 1, 1, 1, 0, 0, 0, 0, 0, 1, 0, 1, 1, 0, 0, 0, 0, 1, 0, 0, 1, 0, 0, 0, 0, 0, 0, 1, 1, 1, 0, 1, 1, 0, 1, 0, 0, 0, 1, 1, 1, 1, 1, 1, 0, 1, 1, 1, 1, 0, 0, 0, 0, 0, 1, 0, 1, 1, 0, 0, 0, 0, 0, 0, 1, 0, 0, 1, 0, 1, 0, 1, 1, 1, 0, 0, 1, 1, 1, 0, 0, 1, 1, 0, 0, 1, 0, 0, 0, 0, 1, 1, 0, 1, 1, 0, 0, 0, 0, 0, 0, 0, 0, 0, 1, 1, 1, 1, 0, 0, 1, 1, 0, 0, 1, 0, 0, 1, 0, 1, 1, 1, 1, 0, 0, 0, 0]","[0, 0, 1, 0, 0, 1, 0, 1, 0, 1, 0, 1, 0, 0, 0, 0, 0, 1, 1, 0, 0, 0, 0, 0, 0, 1, 0, 0, 1, 0, 0, 0, 0, 1, 0, 0, 1, 0, 0, 1, 0, 0, 1, 1, 0, 1, 0, 1, 1, 0, 1, 0, 0, 0, 1, 1, 1, 1, 1, 0, 0, 1, 1, 1, 1, 0, 0, 0, 0, 0, 1, 0, 0, 0, 0, 0, 0, 0, 0, 0, 1, 0, 0, 1, 0, 0, 1, 1, 1, 1, 1, 1, 0, 1, 1, 0, 0, 1, 1, 0, 0, 1, 0, 0, 0, 1, 1, 1, 0, 1, 1, 1, 1, 1, 0, 0, 0, 0, 1, 0, 1, 1, 1, 1, 0, 0, 1, 1, 0, 0, 1, 1, 1, 1, 0, 1, 1, 1, 1, 0, 0, 0, 1]","[0.07927707267823143, 0.05727434587812654, 0.9115940753795222, 0.048940033333190705, 0.3681200592505286, 0.6163972798242987, 0.07438540623391848, 0.9112615960024536, 0.3470442866594293, 0.90275044260842, 0.04399163764871691, 0.8809850935514055, 0.06168259446653255, 0.07175286093011328, 0.05378385282617404, 0.13328252393733972, 0.17805758276443195, 0.922068264207091, 0.8307308981081205, 0.14841593206802653, 0.07662105360520466, 0.061904585987051654, 0.046773157527237506, 0.038892766410733484, 0.04425831019276418, 0.9076326001294975, 0.223444773604603, 0.18868144404579723, 0.9244483489556343, 0.04967296495743097, 0.07732580156967667, 0.06587562805726033, 0.041650894869296004, 0.8500380056531422, 0.07702384360419354, 0.03515736574462365, 0.9196629627064701, 0.09394109111796195, 0.07506067162227703, 0.6763952317698976, 0.18902335017764713, 0.06874307173592928, 0.4311262280747808, 0.5506585628958689, 0.08112924366899696, 0.9141686369000213, 0.12372447563044613, 0.8881725902770542, 0.8749222229999896, 0.06018874960298138, 0.9015032228691685, 0.06340261582042303, 0.07330047086714149, 0.07243374911597755, 0.9219987347738579, 0.8968625935303004, 0.8383211245913167, 0.9210904427006483, 0.8751257431475508, 0.0831232427263303, 0.2171200999250196, 0.9027743722549983, 0.8989514407627337, 0.9350569861408657, 0.9147640892691317, 0.06810341444223665, 0.06026716162871084, 0.07290284826807007, 0.05030669340460349, 0.04580541563144911, 0.9089016646645469, 0.047453085942685796, 0.09135068889480819, 0.3851456923641908, 0.03744929204269461, 0.06988511764872969, 0.06568835901781102, 0.10140634781794303, 0.05201886627698537, 0.07932687712986969, 0.9114450663309739, 0.06995293933492, 0.04359341518794385, 0.9116102231117389, 0.07606748726220729, 0.2490688728071641, 0.5088175516033789, 0.915260468483038, 0.8776721818649285, 0.8984099822215408, 0.8424354134054319, 0.7504780158136813, 0.12932635131719572, 0.8792790056598185, 0.9102782266558544, 0.061816432881360184, 0.07244720231910073, 0.8947229132373659, 0.7003586955579226, 0.034414511850160354, 0.06475689917222097, 0.8880735273004496, 0.07288519467422148, 0.09078783608097026, 0.06098901420480214, 0.8796438638814462, 0.8998307566350644, 0.7490140728691334, 0.05553968553872226, 0.9095604819480301, 0.40127788410890725, 0.41150122639486075, 0.8160069262343035, 0.8761190612807591, 0.13420012125786232, 0.07697402947987925, 0.09115647740383889, 0.07145516285107274, 0.5624293707644057, 0.06617630171117161, 0.8892655546866386, 0.874844022116922, 0.9145939510049232, 0.9083981528537696, 0.06552992704231297, 0.07043358107685521, 0.4339265851385199, 0.9022250197028464, 0.06464177122447329, 0.04367901633711051, 0.9050783964530835, 0.5170904136516481, 0.9087739045405391, 0.9237725449493368, 0.07184877306730979, 0.8454673929096225, 0.853684504445481, 0.8624733400560306, 0.5316950315296698, 0.06470867482714997, 0.051780669270715764, 0.06285832330462891, 0.8722118786039672]"
SVM,38,8,"[0, 0, 1, 1, 0, 1, 0, 0, 1, 0, 0, 1, 0, 1, 0, 0, 0, 0, 1, 0, 1, 1, 1, 1, 0, 1, 1, 0, 1, 0, 0, 0, 0, 1, 0, 0, 0, 1, 1, 0, 0, 1, 1, 0, 1, 0, 0, 1, 0, 1, 0, 0, 0, 1, 1, 0, 0, 0, 1, 1, 0, 1, 0, 1, 0, 1, 0, 0, 1, 1, 1, 0, 0, 0, 0, 0, 1, 0, 0, 0, 1, 0, 0, 0, 0, 0, 1, 0, 1, 0, 1, 0, 0, 1, 1, 1, 1, 0, 1, 0, 1, 1, 0, 0, 0, 1, 1, 0, 0, 1, 0, 0, 0, 1, 0, 1, 0, 0, 1, 0, 1, 1, 0, 0, 1, 1, 0, 1, 0, 1, 0, 1, 1, 1, 0, 1, 1, 0, 0, 1, 0, 0, 1]","[0, 0, 1, 1, 0, 1, 1, 0, 1, 0, 0, 1, 1, 1, 0, 0, 0, 0, 1, 0, 1, 1, 1, 0, 0, 1, 1, 0, 1, 0, 0, 0, 0, 1, 0, 0, 0, 0, 0, 0, 0, 1, 1, 0, 1, 0, 1, 1, 0, 1, 1, 0, 0, 1, 0, 0, 0, 0, 1, 1, 0, 0, 1, 0, 0, 1, 0, 0, 1, 1, 0, 0, 0, 0, 0, 0, 1, 0, 0, 0, 1, 1, 0, 1, 0, 0, 1, 0, 1, 0, 1, 0, 1, 1, 1, 1, 1, 0, 1, 0, 1, 1, 0, 0, 0, 1, 1, 1, 0, 1, 0, 0, 0, 1, 0, 1, 1, 0, 1, 0, 0, 1, 1, 1, 1, 1, 0, 1, 1, 1, 0, 1, 1, 0, 0, 1, 1, 1, 0, 1, 0, 0, 1]","[0.05181665807911707, 0.0738845542661201, 0.8126656002219372, 0.538891041477997, 0.042936478307277856, 0.9160384933088116, 0.6464191846295644, 0.23183873532907454, 0.9083528979692445, 0.079241431671898, 0.0770990837344444, 0.8765591230646573, 0.8928113338203674, 0.8879324361711907, 0.06161803270184964, 0.059516973178872085, 0.031645211021544245, 0.04312784507217926, 0.43344732012015424, 0.05465939760025813, 0.720816669741088, 0.9114848891990421, 0.9001228563388503, 0.2099691150542479, 0.07167875951998662, 0.8978905237563791, 0.8395515834569991, 0.06749854343203995, 0.8108229938430713, 0.062377577254001774, 0.06199065318431595, 0.26412818135872906, 0.0840054043501911, 0.9290175171664206, 0.06581450473309558, 0.06058873665295852, 0.10082535141816344, 0.31813303081841054, 0.2831336110743692, 0.06986630720880446, 0.06069702658108062, 0.875276328938619, 0.9009260028301973, 0.058248745622963595, 0.9025351822857274, 0.061308844901637655, 0.6156982883042992, 0.8038619354881429, 0.07390958211005866, 0.5, 0.8929436716324608, 0.06650292694263346, 0.07853268978210828, 0.9309767276634684, 0.10120748696941544, 0.061152435559082986, 0.05465103864871034, 0.0649939139282369, 0.7117266825758396, 0.8140954932306419, 0.06587269829989689, 0.038982578401011256, 0.739804595644571, 0.04485772497141349, 0.033644341511475946, 0.8467664241580141, 0.04532583214787351, 0.06069768822303163, 0.8712171694915157, 0.7354616343171568, 0.08860221743089451, 0.04165122434847489, 0.04703712811914533, 0.05389280357274487, 0.03283379095639788, 0.04544528605079531, 0.9139944628415007, 0.047693286211656284, 0.17323432500531336, 0.042884222778210156, 0.9132068738206283, 0.9060022767076552, 0.04797322582954554, 0.46225850248348177, 0.06285411732328668, 0.16590772688839364, 0.8935041083251464, 0.054437507527887785, 0.9182612310016722, 0.05521798291345302, 0.8959114609268329, 0.03240010372811696, 0.4789092519359651, 0.88852633359087, 0.9017351471652112, 0.8421299168851758, 0.48331440289915295, 0.0692454421749009, 0.8011679778698055, 0.06893502537011395, 0.8510798377202555, 0.9148820776818954, 0.08027432122392826, 0.06139527478789801, 0.07638891105732981, 0.7671292118477636, 0.6065045835621904, 0.3993971486804363, 0.06200352244936966, 0.8739482957469623, 0.17418053423322105, 0.06320242876891058, 0.050118691589918586, 0.8509682567450769, 0.07876195673824848, 0.9155589670309474, 0.924879387675808, 0.05067054386531268, 0.9123903482675013, 0.04357432992067845, 0.38471974295034284, 0.8849877549733757, 0.3993837502552906, 0.405312489887518, 0.8740127044575536, 0.8581402298306755, 0.059350395351930575, 0.8012347053831282, 0.7866932772300409, 0.873854305204425, 0.03887992538791806, 0.8962450332706163, 0.9201585372257343, 0.03675913545929169, 0.07767528177322015, 0.7211431768499234, 0.9099114882458855, 0.8333939321987895, 0.16403208735035882, 0.8261177020996746, 0.06449662066889761, 0.04327973880786789, 0.8957132802126585]"
SVM,39,8,"[1, 1, 0, 1, 0, 1, 0, 0, 0, 1, 0, 1, 0, 0, 1, 0, 0, 0, 1, 0, 0, 0, 1, 1, 1, 0, 1, 0, 0, 0, 0, 0, 0, 1, 1, 0, 1, 0, 1, 1, 0, 1, 1, 0, 0, 0, 1, 1, 1, 0, 0, 0, 1, 0, 1, 0, 0, 0, 0, 0, 0, 1, 0, 0, 0, 1, 0, 1, 0, 0, 1, 1, 1, 0, 0, 0, 0, 1, 1, 1, 0, 0, 0, 0, 1, 1, 1, 1, 0, 0, 0, 1, 0, 1, 0, 0, 0, 0, 0, 1, 0, 0, 0, 0, 1, 1, 1, 1, 1, 0, 0, 0, 0, 1, 1, 1, 0, 1, 1, 0, 0, 0, 1, 0, 1, 0, 0, 1, 0, 0, 1, 1, 0, 0, 0, 1, 0, 0, 0, 1, 1, 0, 0]","[1, 1, 1, 0, 1, 1, 0, 0, 0, 1, 1, 1, 0, 1, 1, 0, 0, 1, 1, 1, 0, 0, 1, 1, 1, 0, 1, 0, 0, 0, 0, 0, 0, 1, 1, 0, 1, 0, 1, 1, 0, 1, 0, 0, 0, 0, 1, 1, 1, 0, 0, 0, 0, 0, 0, 0, 0, 1, 0, 0, 0, 1, 0, 0, 0, 1, 0, 1, 0, 0, 1, 1, 1, 0, 0, 0, 0, 0, 1, 1, 0, 0, 0, 1, 1, 1, 1, 0, 1, 0, 0, 1, 0, 1, 0, 0, 0, 1, 1, 1, 0, 0, 0, 0, 1, 1, 1, 1, 0, 0, 0, 0, 1, 1, 1, 1, 0, 1, 1, 1, 1, 0, 1, 1, 1, 0, 0, 1, 1, 0, 1, 1, 0, 0, 0, 1, 0, 0, 0, 1, 1, 0, 0]","[0.5, 0.8679632673054407, 0.862729833287053, 0.030689926866794982, 0.8464978817225414, 0.591663608129825, 0.06916122863257664, 0.06603940750831391, 0.03286941683614829, 0.8701632256172592, 0.9017588569436374, 0.8907086902723189, 0.05364109006961954, 0.713035742000196, 0.9198987570848409, 0.03257032091907613, 0.05350496969619567, 0.5250417863245028, 0.8883160275708404, 0.5398831307486981, 0.08882648228067211, 0.06590279375316661, 0.8760909324991791, 0.5529761948288316, 0.8909977262816018, 0.05893080801333932, 0.7371681252357396, 0.04496664638970259, 0.07302084023694523, 0.27436837810743697, 0.06115446918089265, 0.04741063242706255, 0.1065438078938002, 0.8848910475863591, 0.8931064331824548, 0.059597082688982464, 0.8613912472123083, 0.04056240625911283, 0.8838861302720404, 0.9005423167017208, 0.027469911443291386, 0.8941681924766613, 0.0475724022638785, 0.3318886458064531, 0.06092207922289206, 0.21304618957861118, 0.8720625000866352, 0.8996842253113287, 0.8479487272519385, 0.06975781161845562, 0.05557559030615131, 0.1180618785223417, 0.22770299594959229, 0.07010762333161775, 0.2701614826927401, 0.05278114608153803, 0.06103049553511359, 0.8939344000620697, 0.049915904801394705, 0.06461918719086193, 0.05950223700983723, 0.8434483832875961, 0.0640420983839489, 0.03201266709539263, 0.0668529936948618, 0.7602946791332486, 0.0638736120052387, 0.6688771331775387, 0.07049464625571747, 0.3615059541777317, 0.8255512927325582, 0.8720392949355814, 0.5127777246488902, 0.07250678548565194, 0.17694862079828147, 0.2864305651584581, 0.04017462317703905, 0.12882762228570382, 0.9025444920796143, 0.891174859949624, 0.08481796701725874, 0.06922322633442093, 0.06205581728040033, 0.6298139007364724, 0.840601618499317, 0.8845300263775929, 0.864292551289036, 0.3370703038855656, 0.43427906567407354, 0.07364677509559492, 0.07522294379334635, 0.858885059766443, 0.05791559380861281, 0.8219131273521555, 0.07878179430757826, 0.05692321893286184, 0.04058039078262242, 0.4902424178276547, 0.7953924512182386, 0.8632553110083128, 0.07794539770392303, 0.03300493180234534, 0.040486451578344934, 0.030655114452587392, 0.9175381804322899, 0.5137331365140364, 0.8160535310228606, 0.8198876617600391, 0.07735752149430124, 0.18431748033175815, 0.06271409351211957, 0.05585813181351964, 0.6619999113711112, 0.862217306672899, 0.8975722822306492, 0.9081681651380661, 0.0720987991068937, 0.6426076176425602, 0.9002858435029303, 0.47236389509714927, 0.8100198179690269, 0.12758202660967266, 0.895477166476966, 0.8445648749927628, 0.8549329996470432, 0.06034327716221602, 0.03286592480902607, 0.8403791901037877, 0.4732029345912545, 0.13338425025149026, 0.6020959878767688, 0.9064100485955897, 0.0775388388596327, 0.036776057914225696, 0.06308562827503283, 0.6482564236325524, 0.25101621250851036, 0.03632399496030549, 0.037177281115699665, 0.8772850053670228, 0.5708946518405409, 0.062389556383205515, 0.06264223975074795]"
SVM,40,8,"[0, 1, 1, 1, 0, 0, 0, 0, 0, 0, 0, 1, 0, 0, 1, 0, 0, 1, 0, 1, 0, 0, 0, 1, 0, 1, 1, 0, 0, 0, 0, 0, 1, 1, 1, 0, 1, 0, 0, 0, 1, 1, 1, 1, 0, 0, 1, 0, 0, 1, 0, 0, 1, 1, 0, 1, 0, 1, 0, 0, 0, 0, 1, 1, 0, 0, 0, 1, 1, 0, 1, 1, 1, 1, 1, 1, 1, 1, 0, 0, 1, 1, 0, 0, 1, 0, 1, 0, 1, 0, 1, 0, 0, 0, 1, 1, 0, 0, 0, 0, 0, 0, 1, 1, 1, 1, 0, 0, 1, 0, 0, 0, 0, 0, 1, 0, 0, 1, 1, 1, 0, 0, 1, 0, 0, 1, 1, 0, 0, 0, 1, 0, 0, 0, 0, 0, 0, 0, 1, 1, 0, 1, 1]","[0, 1, 0, 1, 0, 0, 0, 0, 0, 0, 1, 1, 0, 0, 1, 0, 0, 1, 0, 0, 0, 1, 0, 0, 0, 1, 1, 0, 0, 0, 0, 0, 1, 1, 1, 1, 1, 0, 0, 0, 1, 0, 1, 0, 0, 0, 1, 0, 0, 1, 0, 1, 1, 1, 0, 1, 0, 1, 0, 0, 0, 0, 1, 1, 0, 0, 1, 1, 1, 0, 1, 1, 1, 1, 1, 1, 1, 1, 1, 0, 1, 1, 0, 0, 1, 1, 1, 0, 1, 0, 1, 0, 0, 0, 1, 1, 0, 0, 0, 0, 0, 0, 1, 0, 1, 1, 0, 0, 1, 0, 0, 0, 0, 0, 1, 0, 0, 1, 1, 1, 0, 0, 1, 0, 1, 1, 1, 0, 0, 1, 1, 0, 0, 0, 1, 0, 0, 0, 1, 1, 0, 1, 1]","[0.18194859627936555, 0.8956351950638604, 0.0786149488249956, 0.6272244435467785, 0.08332150848899825, 0.04070641839559574, 0.05986891086440318, 0.05938825431953142, 0.0795493075787914, 0.09200566626586029, 0.9018488981459704, 0.8154570201742956, 0.06827354409725739, 0.11637429245452999, 0.8304407045790304, 0.1345148932871086, 0.042974491818136014, 0.8397286326870652, 0.0698418019606469, 0.25249969895494784, 0.040632288356905986, 0.6446592946582378, 0.06246860384123001, 0.23822420013892953, 0.06967773179069975, 0.571711889949687, 0.8997645550960207, 0.05082741321080743, 0.3653945092494848, 0.047061189512731035, 0.059749084726592, 0.06697852915172021, 0.7775880826635457, 0.8919897114363761, 0.577453572129208, 0.6384151158408411, 0.757602694284715, 0.06715675689221778, 0.05754983770843845, 0.14162133314785905, 0.7406812540968187, 0.2055632743946346, 0.8265278066942723, 0.3124295409659727, 0.08162580792541908, 0.03770048470110124, 0.8830541390777625, 0.06813412760752668, 0.07257374994886749, 0.9276195111026412, 0.06146454307341083, 0.8839182929508833, 0.819915258368201, 0.8250640334054178, 0.06081207814208884, 0.8492244093415514, 0.0513932340596752, 0.8060633345540335, 0.141352824796852, 0.060717710927387335, 0.043540655011925444, 0.06977005131107009, 0.8657390285699078, 0.8964064211781877, 0.0344000318840995, 0.059877228791817595, 0.7208188519238931, 0.8904843709521741, 0.867541458324126, 0.046780174501199284, 0.8981605223304723, 0.8357073322625997, 0.9078389190103676, 0.8769286846949992, 0.8751882754629289, 0.8439472195937217, 0.7392176320592954, 0.7765121390891715, 0.5514505882596539, 0.033362541634374764, 0.7831074265791254, 0.7843043292849972, 0.06287450716417559, 0.11079794859211012, 0.8693861095050867, 0.8712582367173567, 0.8905170129159814, 0.06302605729826029, 0.8270283447848443, 0.0690231607161046, 0.6399398775544016, 0.17074477024171886, 0.05914491485485202, 0.08423479685174923, 0.8043946784428718, 0.8712539889611551, 0.0639165834667386, 0.06278774111661593, 0.32776764903651057, 0.06906501653824178, 0.041019541188187555, 0.14245253092305568, 0.8284587307779412, 0.06417812135375499, 0.8981919521074948, 0.8588790182759608, 0.37207612808140406, 0.059374524685049064, 0.8766309635898272, 0.20208035230058413, 0.0387069829478033, 0.11112084009390574, 0.06308445419771545, 0.227376521496996, 0.8241407272517965, 0.07991586946914177, 0.06348229879074409, 0.843273474154488, 0.825978091678166, 0.8863597261342839, 0.06924087377445885, 0.09085916385776456, 0.8241755231945098, 0.15573654684899912, 0.9028069799494278, 0.8113266548177928, 0.866813796015492, 0.0687845833969013, 0.31130585350078616, 0.4928285267893698, 0.8979379742783808, 0.05994461506878543, 0.06517981554006119, 0.05041169514591313, 0.8664516112836438, 0.22147904127064622, 0.04466946633673532, 0.04228570725010007, 0.8130454599078126, 0.8696767108561699, 0.07640074468203496, 0.8769155340165271, 0.7289983765514781]"
SVM,41,9,"[1, 1, 1, 0, 0, 1, 1, 0, 0, 1, 1, 0, 1, 1, 0, 1, 1, 0, 0, 1, 0, 1, 0, 1, 1, 0, 1, 0, 1, 1, 0, 1, 0, 0, 1, 0, 0, 0, 0, 1, 1, 0, 0, 1, 1, 0, 0, 0, 0, 1, 1, 1, 0, 1, 0, 0, 0, 0, 0, 1, 0, 0, 0, 0, 1, 1, 1, 0, 1, 1, 0, 1, 0, 1, 1, 0, 0, 1, 0, 1, 1, 0, 0, 1, 1, 1, 0, 1, 0, 1, 1, 0, 0, 1, 1, 1, 1, 0, 0, 0, 1, 0, 0, 1, 1, 1, 1, 1, 1, 1, 0, 0, 1, 0, 0, 1, 1, 1, 1, 0, 1, 0, 0, 1, 0, 0, 1, 1, 1, 0, 1, 0, 1, 1, 1, 0, 1, 1, 0, 0, 0, 0, 1, 1]","[1, 0, 1, 0, 1, 1, 1, 1, 0, 1, 1, 1, 1, 1, 0, 1, 1, 0, 0, 0, 0, 1, 0, 1, 1, 0, 1, 0, 1, 1, 0, 1, 0, 0, 1, 0, 1, 0, 0, 1, 1, 0, 0, 0, 1, 0, 0, 0, 0, 1, 1, 1, 0, 0, 0, 0, 0, 0, 0, 1, 0, 0, 0, 0, 1, 1, 1, 0, 1, 1, 0, 1, 0, 1, 1, 0, 0, 1, 1, 1, 0, 0, 1, 1, 1, 1, 0, 1, 0, 1, 1, 0, 0, 1, 1, 1, 1, 0, 0, 0, 0, 0, 0, 1, 1, 1, 1, 1, 1, 1, 0, 0, 1, 0, 0, 1, 1, 1, 1, 0, 1, 0, 0, 1, 0, 0, 1, 1, 0, 0, 1, 0, 1, 1, 1, 1, 0, 1, 0, 0, 0, 0, 1, 1]","[0.8502737811580554, 0.06763696532727993, 0.9006097426072047, 0.056780159731679165, 0.7694148901376882, 0.9018244638105456, 0.8880679166966683, 0.81100574726987, 0.08864253188044695, 0.8230621596552331, 0.47152402901961005, 0.8671763562118131, 0.8585249001134565, 0.9086212236478144, 0.036386896697248566, 0.8828500551343067, 0.8088051711600892, 0.057017888830654916, 0.04807434559153349, 0.21694457369722614, 0.03922812406256417, 0.9020896687312335, 0.03465582808751386, 0.9070349462136531, 0.9062661161229744, 0.18881672728981136, 0.5200815795903805, 0.05466686546232696, 0.8076869418672709, 0.9157660050021621, 0.054018824325060597, 0.8713601081117892, 0.2665547805278221, 0.05337687292868031, 0.740346490282344, 0.04431998441468691, 0.4547141678299164, 0.04366652207600378, 0.07473953514510946, 0.8667734974152231, 0.5624440896633548, 0.14944271389521982, 0.28348598957568016, 0.27685956811049095, 0.8973511919799246, 0.045759762001241884, 0.3312384278146501, 0.05559215092110627, 0.1316290165329321, 0.9030806746231154, 0.905737315272708, 0.9113381013195023, 0.05749561548206943, 0.23224563347975058, 0.037595487434889684, 0.05892844391474207, 0.04693978960421744, 0.24688363611988476, 0.05015959171122755, 0.9151084880548908, 0.06172210470788175, 0.033948184670053616, 0.09530737512218505, 0.044616526467984655, 0.8417958895564824, 0.8867176231679982, 0.7635696255775529, 0.04585605639061107, 0.8923848423418549, 0.4659215288482281, 0.02839564666554898, 0.8318287642551263, 0.03283169279044043, 0.5863636235118428, 0.7259887612356282, 0.07393323877176321, 0.055979637632739984, 0.7472788858530676, 0.5636674074621009, 0.9196797284578929, 0.22515708301319273, 0.2467793635579751, 0.8933022506123701, 0.7559289488026124, 0.8975500200966506, 0.9053387910988551, 0.05838000213318357, 0.8349606701307475, 0.05630611078889949, 0.8741222306503468, 0.8385286862243426, 0.05049769306985326, 0.025913921918877987, 0.8616456753231684, 0.8934637643185837, 0.7380856783875712, 0.8873589494411073, 0.052483873129515954, 0.057105874224902334, 0.09627577173357203, 0.05104776000042508, 0.09775029098685893, 0.03870861029138898, 0.8865025881991783, 0.9073056934764886, 0.3875311708621812, 0.7962271323455054, 0.9186335411571396, 0.4361763066249617, 0.9001821859521177, 0.10205977442171638, 0.051833600926559587, 0.8872216601980073, 0.04767389049651999, 0.06077916580392367, 0.8762359783991636, 0.8307297934475852, 0.776403281375015, 0.848920392040184, 0.05440335790749641, 0.4298917515370314, 0.027677541264722993, 0.04061025489354791, 0.7046228019034667, 0.10780522670523957, 0.05120133979034325, 0.5, 0.8416784427755156, 0.20425708948145566, 0.04835735098389987, 0.7212165298836387, 0.03984207503221689, 0.890342888583165, 0.8673826407103695, 0.9169444390102072, 0.7643671399725834, 0.04700578194850376, 0.47731077963229473, 0.0813805731936492, 0.06270944822683273, 0.17110771876402198, 0.03635958722917326, 0.5424631079745676, 0.5929119779373963]"
SVM,42,9,"[0, 1, 0, 0, 0, 1, 0, 0, 1, 1, 1, 0, 0, 0, 0, 0, 1, 1, 0, 0, 1, 1, 0, 0, 1, 1, 0, 0, 0, 0, 0, 0, 0, 1, 0, 1, 0, 1, 0, 1, 1, 0, 1, 0, 0, 1, 0, 1, 1, 0, 0, 0, 0, 1, 0, 1, 1, 0, 1, 1, 1, 0, 0, 1, 0, 1, 0, 0, 0, 1, 0, 1, 1, 1, 0, 0, 1, 1, 0, 1, 1, 1, 1, 0, 0, 0, 0, 0, 1, 0, 0, 1, 0, 1, 0, 0, 1, 1, 1, 0, 1, 0, 1, 1, 0, 1, 1, 0, 0, 0, 0, 0, 1, 1, 0, 1, 1, 0, 1, 0, 0, 0, 1, 1, 0, 0, 1, 0, 0, 0, 0, 1, 0, 0, 1, 1, 1, 1, 0, 0, 1, 1, 1]","[0, 1, 0, 0, 1, 1, 0, 0, 0, 1, 1, 1, 0, 0, 0, 0, 1, 0, 0, 1, 1, 1, 0, 0, 1, 1, 0, 0, 0, 0, 0, 0, 0, 1, 0, 1, 0, 1, 0, 1, 1, 0, 1, 0, 0, 1, 1, 0, 0, 0, 0, 0, 0, 1, 0, 1, 1, 0, 1, 0, 1, 0, 0, 1, 0, 1, 0, 1, 0, 1, 0, 1, 1, 1, 1, 0, 1, 1, 0, 1, 1, 1, 1, 0, 0, 0, 0, 0, 1, 0, 1, 1, 0, 1, 0, 1, 1, 1, 1, 0, 1, 0, 1, 1, 0, 0, 1, 0, 0, 1, 1, 0, 1, 1, 1, 1, 1, 0, 1, 0, 0, 0, 1, 1, 0, 1, 1, 1, 0, 0, 1, 1, 0, 0, 1, 1, 1, 1, 0, 0, 1, 1, 1]","[0.04390018758392615, 0.8487178074742127, 0.04348062005715149, 0.23129188170303241, 0.7417889768368193, 0.8951147093333799, 0.06771606373149812, 0.058103947691168285, 0.14443023032944952, 0.8804478589725998, 0.6229848290128873, 0.8990537565968714, 0.09045721435593743, 0.07472322455909709, 0.06937151197863872, 0.08473189787154008, 0.5054162477702717, 0.28651042039715213, 0.031215175177467892, 0.5508883274242203, 0.8789228318126163, 0.7329437119975373, 0.036086130535712635, 0.06631927421383699, 0.839118097506636, 0.8886850880578538, 0.28838738440085593, 0.07114712763417874, 0.07014509295966292, 0.31250084633167036, 0.04881608319723162, 0.06179672143630364, 0.06943645409933638, 0.8690282102561343, 0.06143356730536297, 0.8234010710806704, 0.31574647011686996, 0.9024413804355935, 0.09349667679596928, 0.8733874619219232, 0.8882555806476196, 0.06172176655261518, 0.8200693263217549, 0.07020614114689099, 0.054901147252864047, 0.8851013039665602, 0.644231877573283, 0.09115068222529416, 0.3590242590958311, 0.05618290054248786, 0.04814851997954469, 0.06943665374004286, 0.06555839370742016, 0.8920087344505849, 0.0690177476304818, 0.8215171699174304, 0.8072544492977988, 0.04676503880530532, 0.8365950705156253, 0.09555059223354087, 0.8803715220140578, 0.039316521750435894, 0.06953871941194638, 0.8783996226127141, 0.04878391372524846, 0.9017400863108666, 0.047599181071569754, 0.4101815405570152, 0.2546632846368843, 0.8888894910936511, 0.08298402428773104, 0.7786840978112352, 0.8793989609044992, 0.8047825672863964, 0.5755990273631508, 0.05729167329607138, 0.8991946871169697, 0.8356551132421575, 0.05155608912362717, 0.8826730186264881, 0.7525790929322853, 0.8611192207309747, 0.7069457586406617, 0.03258896894236056, 0.06472503267283702, 0.0971522521446722, 0.3796597695812434, 0.10349174421509325, 0.8478337019640281, 0.04292954785085196, 0.46820107275554207, 0.8670741573342905, 0.09644842213821216, 0.8221906874887832, 0.1897572687688179, 0.8599998074077924, 0.8585001967349247, 0.7233910735654121, 0.8981702796635617, 0.03423961807500478, 0.5684330579984697, 0.05853064162792967, 0.8904010252887048, 0.7919067164329838, 0.07185844911314497, 0.0792858705713214, 0.8249549482714826, 0.2545992514804974, 0.07389244228802262, 0.6698360028707747, 0.862573944107921, 0.23609650015368858, 0.6293241565950667, 0.8463104611990652, 0.6024064118492964, 0.8684236937170374, 0.8666233179319454, 0.07006975867159511, 0.8986248330423283, 0.06662346892726108, 0.15768353457047438, 0.06347170677360953, 0.8439517109886185, 0.8023167111755104, 0.040359311655237665, 0.5529148088245716, 0.8697343063865755, 0.8773574823567623, 0.03252123328262357, 0.053601498502543046, 0.8934680721754468, 0.8461601233480125, 0.04395060482686134, 0.03814134725936562, 0.8705731213704796, 0.8909030007755948, 0.8310861690763914, 0.7288998138487667, 0.05228177328158826, 0.041436309342338266, 0.8456165303695038, 0.8688656570713292, 0.8885235221397109]"
SVM,43,9,"[0, 0, 0, 0, 0, 0, 0, 0, 0, 0, 0, 1, 0, 1, 0, 0, 0, 1, 0, 0, 1, 0, 0, 0, 0, 1, 1, 0, 0, 0, 1, 0, 1, 0, 0, 1, 0, 0, 1, 1, 0, 1, 1, 0, 0, 0, 0, 1, 1, 0, 1, 1, 0, 0, 1, 1, 0, 1, 1, 0, 0, 0, 0, 1, 1, 0, 0, 0, 1, 0, 1, 0, 1, 0, 0, 0, 1, 1, 1, 1, 1, 0, 0, 0, 1, 1, 1, 1, 0, 0, 0, 1, 0, 1, 1, 1, 0, 1, 0, 1, 0, 1, 0, 1, 0, 0, 0, 1, 0, 1, 1, 0, 1, 0, 0, 0, 1, 1, 0, 0, 1, 0, 0, 1, 1, 0, 1, 1, 1, 0, 0, 1, 1, 1, 1, 1, 0, 1, 1, 0, 0, 0, 0]","[1, 0, 0, 0, 0, 0, 0, 0, 0, 0, 0, 1, 0, 1, 0, 0, 0, 0, 0, 0, 1, 0, 0, 0, 0, 1, 1, 0, 0, 0, 1, 0, 1, 0, 0, 1, 0, 1, 0, 1, 0, 1, 1, 0, 1, 0, 0, 1, 1, 0, 1, 1, 0, 0, 1, 1, 0, 1, 0, 0, 0, 0, 1, 1, 1, 0, 0, 0, 0, 0, 0, 1, 1, 0, 0, 0, 1, 1, 1, 1, 1, 1, 0, 1, 1, 0, 1, 1, 1, 1, 0, 1, 1, 1, 1, 1, 0, 1, 0, 1, 0, 1, 0, 1, 0, 1, 0, 1, 0, 1, 1, 0, 1, 0, 0, 1, 1, 1, 0, 0, 1, 0, 0, 1, 1, 0, 1, 1, 0, 0, 1, 1, 1, 1, 1, 1, 1, 1, 1, 0, 0, 1, 0]","[0.8528045736648704, 0.0391395059221877, 0.06984573372069795, 0.3108190467182298, 0.06361517990830874, 0.06931058278120135, 0.042957576441582726, 0.09621724193955211, 0.050619988104662, 0.06999732295740718, 0.06202843941083499, 0.9234711143118982, 0.041003123873579045, 0.8346548592545243, 0.0631695510263829, 0.06640501599843851, 0.024264373237731673, 0.064075679334294, 0.05148183362729817, 0.0588759277605915, 0.8958134099137546, 0.074022082582747, 0.06427288056324104, 0.03415398321326357, 0.03797790673319638, 0.8076154607457032, 0.8790127636477227, 0.0746884272830633, 0.055924414530947576, 0.10575386653343664, 0.8893553634507212, 0.03617551501763314, 0.8674120500484807, 0.09411645650368732, 0.13261094656785477, 0.7438415961689947, 0.0660732076393108, 0.4414784031955452, 0.21392371498946136, 0.8518209889584394, 0.12203708402631373, 0.8941179046520216, 0.905706746818385, 0.06194576531484758, 0.580208349694355, 0.06798269130890054, 0.09109129269414264, 0.53283761545771, 0.8874413008064026, 0.07575268232982459, 0.846545322782723, 0.8684873002879014, 0.0805159474415219, 0.06041039577191934, 0.8820233383639843, 0.9293228388432689, 0.18835726892785473, 0.771094605146582, 0.04112000494365862, 0.11038857889132542, 0.12634842095092766, 0.061146431617358714, 0.8851650799825205, 0.840247581047199, 0.9041491343550236, 0.031780858193705165, 0.042683741280019755, 0.037748324629670406, 0.09914306892280737, 0.07334347807483742, 0.38577470641971423, 0.7457245000974562, 0.780285427984686, 0.06622214845923217, 0.03177651286452747, 0.06629176331596599, 0.8979170376408517, 0.8674027767263489, 0.81195174779558, 0.883865319832049, 0.8438483241517352, 0.5372862377576015, 0.07293793037661636, 0.5689526052943187, 0.8960989339709422, 0.1514828543176866, 0.8876647151306924, 0.8852422559742511, 0.8233963576159298, 0.7435226924136742, 0.07918612197693538, 0.8753553278856092, 0.8869579850254243, 0.6965540614646053, 0.8784443465157123, 0.9038851650570358, 0.027649811981994166, 0.848644131403096, 0.0679029983374627, 0.5268974428174464, 0.059524147279932466, 0.7937230517963677, 0.054539206551012145, 0.9058424439633023, 0.05349773068043853, 0.8235375996133061, 0.06362398863931613, 0.871697895196849, 0.06274169644437014, 0.8899690910209214, 0.7510112124307181, 0.06625593377999751, 0.8690954541758965, 0.07025271895511957, 0.05857007151536237, 0.811684968544778, 0.7823259536926357, 0.39074798358384144, 0.029499069202832254, 0.09953898322704909, 0.8956848125306403, 0.14017685401004737, 0.06079419729816236, 0.9101513240934815, 0.8919221958442917, 0.05654767112622086, 0.8804786263711938, 0.809229979707459, 0.19658824538330538, 0.043591738744749677, 0.43831713568051217, 0.8658415089427057, 0.8189236037278695, 0.9018085132657593, 0.8418727519839213, 0.8467768514787172, 0.6523078823158175, 0.859297807355192, 0.564641930425336, 0.041178303559497934, 0.06294304169595319, 0.8544319684782055, 0.07002593555229338]"
SVM,44,9,"[0, 0, 1, 1, 0, 1, 0, 0, 1, 1, 1, 0, 1, 0, 1, 1, 0, 0, 1, 0, 1, 1, 0, 1, 1, 1, 0, 1, 0, 1, 0, 1, 0, 1, 0, 0, 0, 1, 0, 0, 0, 0, 1, 1, 0, 0, 1, 1, 0, 1, 0, 0, 1, 1, 0, 0, 0, 0, 0, 0, 1, 0, 1, 0, 1, 0, 0, 0, 1, 0, 0, 0, 0, 0, 1, 0, 0, 0, 0, 0, 0, 0, 0, 0, 1, 0, 1, 0, 1, 0, 0, 1, 0, 0, 1, 0, 0, 0, 0, 0, 0, 1, 0, 0, 1, 0, 0, 1, 0, 0, 0, 0, 0, 0, 0, 1, 0, 0, 0, 0, 0, 0, 1, 0, 0, 0, 1, 1, 0, 0, 0, 0, 0, 1, 0, 0, 0, 1, 1, 0, 0, 0, 0]","[0, 1, 1, 1, 0, 1, 1, 0, 1, 1, 1, 1, 1, 0, 1, 1, 0, 0, 1, 1, 1, 0, 0, 1, 1, 0, 0, 1, 0, 1, 0, 1, 0, 1, 0, 0, 0, 1, 0, 0, 0, 0, 0, 0, 0, 0, 0, 0, 0, 1, 0, 0, 1, 1, 0, 1, 0, 1, 1, 0, 1, 0, 0, 0, 1, 0, 0, 0, 1, 0, 0, 0, 0, 0, 1, 0, 0, 1, 0, 0, 0, 0, 0, 0, 1, 0, 0, 0, 1, 0, 1, 1, 0, 0, 1, 0, 0, 0, 0, 0, 1, 1, 0, 0, 1, 0, 0, 1, 1, 0, 0, 0, 0, 0, 1, 1, 0, 0, 0, 0, 0, 0, 0, 0, 0, 0, 1, 1, 0, 0, 0, 0, 0, 1, 0, 0, 0, 1, 1, 0, 0, 0, 0]","[0.08442561645706058, 0.7981145384681124, 0.44630293471847443, 0.5, 0.048893847954813066, 0.9296919568049197, 0.644629999651612, 0.05938536397303324, 0.8724325827492346, 0.9043264869280642, 0.8820592023492072, 0.9063468352773775, 0.9094488422806541, 0.07020707630094353, 0.9247359013034497, 0.809668480600839, 0.038511208742561, 0.06909978746600985, 0.9274683018853949, 0.5799352416042728, 0.7341475432674852, 0.22136625853832476, 0.08225311870085608, 0.9147959482532884, 0.9311643585644485, 0.1897886775268906, 0.07261833581415952, 0.7309297776504466, 0.06767260372150107, 0.809228684079572, 0.22232183425254812, 0.7889997783202495, 0.03831701586585398, 0.5102766194196271, 0.0752904757901228, 0.03959567815544439, 0.08207629622022694, 0.9337842793198282, 0.0778381749706302, 0.06611771076723383, 0.0752848706946005, 0.03826364240441486, 0.3204198413780971, 0.2026297347108612, 0.07727739894403, 0.0682963582016479, 0.06447833100250973, 0.07537313652609152, 0.07761149189167892, 0.8603130403865404, 0.05429359100521846, 0.07298275834654956, 0.941826854954473, 0.841070731078675, 0.08641798676968007, 0.9136744939053926, 0.07611518537361674, 0.930692612095262, 0.9103382571362656, 0.07327446628418507, 0.8355522065228081, 0.07842721609887275, 0.06436251857168612, 0.052068455173446104, 0.939124991532109, 0.03829199867644438, 0.07683843472192872, 0.0774962149016892, 0.7407149371227768, 0.05616532641926573, 0.07732715449647486, 0.13658860104815188, 0.03489799702753465, 0.08197843368665383, 0.8892839650606316, 0.04786740731498761, 0.04833159646648107, 0.9278275769652474, 0.02938358854083642, 0.2248593788576239, 0.07868620944025068, 0.06156152249352658, 0.07183638904926291, 0.16894186093561003, 0.908345308709231, 0.0835470348242023, 0.3054071959064375, 0.06517368783833283, 0.8819685550958843, 0.07978543806579874, 0.4599921604995037, 0.8623676259708221, 0.05915189459993661, 0.09231459419912956, 0.8360763983481284, 0.07767608034545664, 0.07562036760744978, 0.077882808130905, 0.050367253459054594, 0.04074248761277254, 0.47536995137962945, 0.867539661269573, 0.10155406725819996, 0.07562071510208135, 0.9304261435735552, 0.0793300072133499, 0.06512006398886745, 0.9210386560376993, 0.8659287101153389, 0.09388561860597591, 0.07332030627548282, 0.09815809808029964, 0.07331320403655499, 0.03283088818033272, 0.9392953327626267, 0.8558847030694414, 0.07810506178749989, 0.10613957078207158, 0.04241626434458029, 0.08456660372468816, 0.39570144073844743, 0.08304313268442415, 0.05746468797053769, 0.27131683050881594, 0.09093738084580996, 0.05280626421125543, 0.8088103733923071, 0.8381421003859352, 0.06032530716177454, 0.27003511459350077, 0.07608414694489556, 0.05233041338175654, 0.0489800868079143, 0.9291445698744594, 0.23693831599434537, 0.06965064033238831, 0.04562415429791187, 0.8872695254469823, 0.9294018334396316, 0.32273376018162303, 0.07484897574881613, 0.054123604040002854, 0.07762054954509934]"
SVM,45,9,"[0, 1, 1, 0, 1, 1, 0, 0, 0, 0, 0, 0, 0, 0, 1, 1, 0, 0, 0, 1, 1, 0, 0, 1, 0, 0, 1, 0, 0, 0, 1, 0, 0, 0, 1, 0, 0, 0, 0, 0, 0, 0, 0, 0, 1, 1, 1, 1, 1, 0, 0, 0, 0, 1, 1, 0, 0, 0, 1, 1, 1, 1, 1, 0, 0, 0, 0, 1, 0, 1, 1, 0, 0, 1, 0, 1, 1, 1, 1, 1, 0, 0, 0, 0, 0, 1, 1, 0, 0, 1, 1, 0, 1, 0, 1, 1, 0, 1, 0, 0, 1, 1, 0, 0, 1, 0, 0, 1, 0, 0, 1, 0, 1, 0, 0, 0, 0, 0, 1, 0, 0, 1, 1, 1, 1, 0, 1, 0, 0, 0, 0, 1, 0, 0, 0, 0, 0, 1, 1, 0, 0, 1, 0]","[0, 1, 0, 1, 1, 1, 1, 0, 0, 0, 0, 1, 0, 0, 1, 1, 1, 1, 0, 1, 1, 1, 0, 0, 0, 0, 1, 0, 0, 0, 1, 0, 0, 1, 1, 0, 0, 0, 0, 0, 1, 0, 0, 0, 1, 1, 1, 1, 1, 0, 0, 0, 0, 0, 1, 0, 0, 0, 1, 1, 1, 1, 1, 0, 1, 0, 0, 1, 0, 1, 1, 0, 0, 1, 0, 1, 1, 1, 1, 1, 0, 0, 0, 1, 0, 1, 1, 0, 1, 1, 1, 0, 1, 1, 1, 1, 0, 1, 0, 0, 1, 1, 0, 0, 1, 0, 1, 1, 1, 0, 1, 0, 1, 0, 0, 1, 1, 0, 1, 0, 0, 1, 1, 1, 1, 0, 1, 1, 0, 0, 0, 1, 0, 1, 0, 1, 1, 1, 1, 0, 0, 1, 1]","[0.15646350567257503, 0.8067690415183719, 0.03454966565953764, 0.6742453875376647, 0.6445405938969122, 0.4089612755699916, 0.9018688723497295, 0.044241696327070375, 0.0778007290600311, 0.038438271063229806, 0.061810264171377555, 0.9002474485685165, 0.07176660158023994, 0.07581585147267517, 0.7847054517576588, 0.8404727947808079, 0.5567250614929391, 0.7514350398032525, 0.11583323452683564, 0.8628990195022525, 0.8937981895353228, 0.6018165604938416, 0.061053808221908555, 0.23351107138032623, 0.046027847974236286, 0.09900782063830015, 0.5690302633993107, 0.04215651931285603, 0.03308761973897651, 0.06430217952123894, 0.8879818757337397, 0.06895033734524865, 0.04359342829773225, 0.6632506866511051, 0.8022475071519382, 0.05965071781357538, 0.07911388444798309, 0.08807040207917798, 0.03827370526779019, 0.09376277060601715, 0.710106343980637, 0.22120965829884245, 0.09973145652480467, 0.23530274054285524, 0.8923857763393, 0.832790369968002, 0.8616615906039486, 0.8387302680724796, 0.8912877549205794, 0.07896344022247953, 0.060106583433975916, 0.0668724319421768, 0.0691476141575318, 0.12492847417152549, 0.9181735130691729, 0.06132718574074815, 0.073321973541364, 0.07050142004419939, 0.8425304286110674, 0.7743519497521943, 0.8458412732504265, 0.879813643245548, 0.8646024513261839, 0.06315675233821649, 0.8098110758540339, 0.03739554539537989, 0.047922993958028216, 0.869130170335922, 0.06162184788059178, 0.8636516997415769, 0.8933754523770908, 0.06266665152319638, 0.0655182288387867, 0.9034769049090533, 0.14893243800793263, 0.8911260517877416, 0.5511284536454338, 0.773500912654992, 0.8840280350447816, 0.8547628806621856, 0.05088552439248352, 0.0635011861813785, 0.10683535134589187, 0.8796759645365371, 0.07026004241253934, 0.8921069231427471, 0.900625598725301, 0.05932240554900348, 0.7404674796996847, 0.8726224505096415, 0.6422857627220877, 0.138581022128977, 0.4046663229830216, 0.5, 0.8761273912042714, 0.833766292966108, 0.073505930568869, 0.8591160079837514, 0.08781639924801898, 0.0546991592513879, 0.8082630114462931, 0.843005610966929, 0.08458355350670861, 0.038237166373311676, 0.8713145701996962, 0.33238582077931533, 0.5127455145493198, 0.8621279250865697, 0.53688123920883, 0.060643654801591666, 0.8911454548059928, 0.09781646908213085, 0.6771861405072316, 0.0610575613411212, 0.2749970145612228, 0.5480678155673704, 0.8210494996559196, 0.22483370069386122, 0.8748224343080699, 0.07762684269686763, 0.0627642020630799, 0.9006083371543973, 0.8796157234139846, 0.8816290927676207, 0.8524830356258837, 0.16795442327027615, 0.9022881646930877, 0.6434049624819793, 0.06645385978354484, 0.059935492243425606, 0.06913182372792313, 0.89466194848249, 0.06015386999944476, 0.6441050912755424, 0.07535739423516175, 0.8886490936770418, 0.8444569063522286, 0.8465280920454011, 0.8387190228139633, 0.060486199467150684, 0.08087584557612273, 0.8771676320104785, 0.42332687709677597]"
SVM,46,10,"[0, 1, 1, 0, 1, 0, 0, 1, 1, 0, 1, 1, 0, 0, 0, 1, 0, 1, 0, 0, 0, 1, 0, 0, 1, 0, 0, 0, 0, 1, 0, 0, 0, 0, 0, 1, 0, 0, 0, 0, 1, 0, 1, 0, 0, 0, 0, 0, 0, 0, 1, 1, 1, 1, 1, 0, 1, 0, 0, 0, 1, 0, 0, 0, 0, 1, 0, 1, 1, 0, 0, 1, 0, 1, 0, 1, 1, 0, 0, 1, 1, 0, 0, 1, 1, 1, 1, 1, 1, 1, 1, 1, 1, 0, 1, 1, 1, 1, 0, 0, 0, 1, 1, 0, 1, 1, 0, 1, 1, 1, 0, 0, 0, 1, 1, 1, 0, 0, 0, 0, 1, 0, 0, 0, 0, 0, 0, 0, 0, 1, 1, 0, 0, 0, 1, 0, 1, 0, 1, 0, 0, 1, 0, 1]","[1, 1, 0, 0, 1, 1, 0, 1, 1, 1, 1, 1, 0, 1, 1, 1, 0, 1, 0, 1, 0, 0, 0, 0, 1, 0, 0, 0, 0, 1, 0, 0, 0, 0, 0, 1, 0, 0, 0, 0, 1, 0, 0, 0, 0, 0, 0, 0, 1, 1, 1, 1, 1, 0, 1, 0, 1, 0, 0, 0, 1, 0, 0, 0, 1, 1, 0, 1, 1, 0, 0, 1, 0, 1, 1, 1, 0, 0, 0, 1, 1, 1, 1, 1, 1, 1, 1, 1, 1, 1, 1, 1, 1, 0, 1, 1, 1, 1, 1, 0, 0, 1, 1, 0, 1, 1, 0, 1, 1, 1, 1, 0, 0, 1, 1, 1, 0, 0, 0, 0, 1, 0, 0, 0, 0, 1, 0, 0, 0, 1, 0, 1, 0, 0, 1, 0, 1, 0, 1, 1, 0, 1, 0, 1]","[0.7619244470903112, 0.912520507582774, 0.07035136957439507, 0.07282903640335096, 0.8973734021222763, 0.553784538170882, 0.0629352069473463, 0.8959088345942628, 0.9020456052243586, 0.8510930163470919, 0.6310927253564645, 0.8589272850722348, 0.06024078287583658, 0.5133491565432494, 0.7385977253712795, 0.7853690041903473, 0.05945656231859974, 0.9097837914655285, 0.028783616944102166, 0.5437571954087554, 0.04689939473770124, 0.1653800871403928, 0.04903567688742173, 0.051677376864475405, 0.7425593935044382, 0.031640716209789664, 0.041362053054169186, 0.03249909454885901, 0.07228725806586658, 0.5785676066332464, 0.07475693518429215, 0.06724757516591558, 0.2623345112519571, 0.10346276750740843, 0.07285370558212963, 0.8179766387288387, 0.0646771170484484, 0.046167137718428924, 0.11936943857773817, 0.06092137690862259, 0.5370574141033662, 0.17484804586782646, 0.046734157964958715, 0.1082771635769817, 0.04023444199314558, 0.042837782583014995, 0.370219268628236, 0.06307165357495716, 0.565525003632541, 0.624259419218097, 0.8373755384769473, 0.9103885230863551, 0.8593988302639153, 0.0948680557037881, 0.9095229249459733, 0.051905664752582424, 0.8845793073547126, 0.2020683643505689, 0.06983602796839515, 0.034882180257995374, 0.7929480977411396, 0.08629453069780807, 0.03882918163416741, 0.06376071685666725, 0.8584417575026081, 0.8790408227399167, 0.049689338627158186, 0.8854301001677977, 0.6631544514321207, 0.04149033883736626, 0.06901741119562871, 0.8974856309667167, 0.03629059154974584, 0.8128188871634423, 0.5738704715247209, 0.7855532188306488, 0.2573814794835532, 0.2688723893593582, 0.04957300044806486, 0.8833815827522792, 0.9002951869993436, 0.6791770887379583, 0.8206040848574723, 0.874853657244445, 0.9042907342159394, 0.7524697740131401, 0.8910159009602191, 0.8508558197715916, 0.8467296504189137, 0.8588255952517649, 0.8691026232354782, 0.8644430018581613, 0.6705575274866766, 0.07054696346730459, 0.8825356499687227, 0.8312731672049861, 0.8011647913966258, 0.8791318295982534, 0.7869040489608955, 0.06748220625771668, 0.17601455069091007, 0.8816877100999009, 0.6866624382911422, 0.0341903342084453, 0.8855312135370481, 0.5566224573376194, 0.026980462824187288, 0.9056100522467315, 0.8255876641542997, 0.8944191627220589, 0.4717771865959531, 0.15095825725063003, 0.06186145822125153, 0.8934016461148803, 0.9009898525596183, 0.8446692308055047, 0.13415745891243785, 0.05112342845792851, 0.24364322150256024, 0.06950384713634236, 0.8755419358134104, 0.061101152586726444, 0.08789771971261229, 0.028048337783683305, 0.03168031601995057, 0.532378809660784, 0.0491803262498615, 0.14868269385103963, 0.06010263033835431, 0.9033623938520329, 0.2463179813952623, 0.8908466765784439, 0.05355506252115733, 0.030280661250335898, 0.8650324619583085, 0.06107308323904185, 0.8759722577698845, 0.06458485902567648, 0.5235961360272243, 0.4034392941810362, 0.04300551836241755, 0.5159989107147045, 0.07054747143141889, 0.6889768925742654]"
SVM,47,10,"[0, 0, 1, 0, 1, 0, 0, 0, 1, 1, 0, 1, 1, 0, 0, 0, 1, 0, 1, 1, 0, 1, 1, 1, 0, 0, 0, 0, 1, 1, 1, 0, 0, 0, 0, 1, 0, 0, 1, 0, 0, 1, 0, 1, 0, 1, 1, 0, 0, 0, 1, 0, 1, 0, 0, 0, 0, 0, 0, 1, 0, 1, 0, 1, 0, 1, 0, 0, 0, 1, 1, 0, 1, 1, 0, 0, 0, 0, 0, 0, 0, 1, 1, 1, 0, 1, 1, 1, 0, 0, 0, 0, 0, 1, 0, 0, 1, 0, 1, 0, 1, 1, 0, 1, 1, 0, 0, 1, 0, 0, 0, 1, 1, 1, 0, 1, 1, 1, 0, 1, 0, 0, 0, 1, 1, 0, 1, 0, 1, 0, 1, 0, 0, 1, 0, 1, 0, 1, 0, 0, 0, 1, 0]","[1, 0, 1, 0, 0, 1, 0, 0, 0, 0, 1, 1, 1, 0, 0, 0, 0, 0, 1, 0, 0, 1, 1, 1, 0, 0, 0, 0, 1, 1, 1, 0, 0, 0, 0, 1, 0, 0, 1, 0, 0, 0, 0, 0, 0, 0, 1, 0, 0, 0, 0, 0, 0, 0, 0, 0, 0, 0, 0, 1, 0, 1, 0, 1, 0, 0, 0, 0, 0, 1, 1, 0, 1, 0, 0, 0, 0, 0, 0, 0, 1, 1, 1, 1, 1, 1, 1, 0, 0, 0, 0, 0, 0, 1, 0, 0, 1, 0, 1, 0, 1, 1, 0, 0, 1, 0, 0, 1, 0, 0, 0, 1, 1, 1, 0, 1, 1, 1, 0, 1, 1, 0, 0, 1, 1, 0, 1, 0, 1, 1, 1, 0, 0, 0, 0, 1, 0, 1, 0, 0, 1, 1, 0]","[0.8042892324577018, 0.05392495653670185, 0.773722997617386, 0.06805652527192083, 0.33346718499772954, 0.8957337483753804, 0.07864260053550466, 0.0839664266358536, 0.2566683634975446, 0.2175596788636403, 0.8821827554561029, 0.8830652713876138, 0.8965585819769282, 0.07197596175456254, 0.038310208916984084, 0.06130792043178468, 0.07227569170874115, 0.060392802972652655, 0.8433731315552043, 0.21396458654634778, 0.04974289927639276, 0.9037442058750039, 0.8997823237178051, 0.8856372364789168, 0.18576880722987424, 0.07447013770008988, 0.2527765297162929, 0.0606658548291307, 0.7744118679365559, 0.9140881952562171, 0.8640531017034502, 0.06976279377438456, 0.07091613606816678, 0.04417036719058749, 0.0324688491660885, 0.9103544701110265, 0.0790544303856809, 0.07055839170971669, 0.8788885939887648, 0.0677791025177993, 0.06251743802507055, 0.3418409428429386, 0.0667784981806309, 0.0738313316407845, 0.06152729954177954, 0.2290749706682683, 0.8766959230102, 0.0768566742142995, 0.07502617039621944, 0.08305182684389542, 0.2139179529425739, 0.08250523250540948, 0.27955743443390474, 0.06721563850532872, 0.05481728461629406, 0.07358251052868763, 0.21597864119552765, 0.06081979282332698, 0.057716747835503596, 0.6967367023538069, 0.06658465668092055, 0.8934578676499181, 0.06595919882608195, 0.7594230766801143, 0.07408834184576063, 0.04200209271982952, 0.1900921172667862, 0.05090501162065962, 0.10370978520409022, 0.8535429682240526, 0.8487900462967116, 0.07012407279147388, 0.8672793047919853, 0.09397752772285968, 0.050579949544232325, 0.046008399276941336, 0.07197049826920304, 0.07090813147374544, 0.052260961142851434, 0.18196989268520497, 0.8873950076659116, 0.9110729702004132, 0.896690485384395, 0.8329222431523835, 0.47198807553737276, 0.7979712235768571, 0.895957573567297, 0.19854618411139635, 0.07312954528340691, 0.0363274557285283, 0.03489119112912464, 0.06973582989316868, 0.09413196022734821, 0.8772051039033959, 0.07050375849092212, 0.07582693474739809, 0.9038739418297789, 0.06620872121721999, 0.8481144565269986, 0.1086264563452614, 0.6953293856514127, 0.8834902806249706, 0.25990057550039625, 0.3857994506798419, 0.9007441513764989, 0.06139159226321903, 0.07233387227017221, 0.5831327530486456, 0.04005275528894036, 0.09987436851452659, 0.07992008081907427, 0.8412699146619455, 0.8972895526428087, 0.8014754907276679, 0.054049675157480846, 0.8848424066456472, 0.7061594243495163, 0.8295223930422544, 0.06581495322165874, 0.8563171730912289, 0.4181010989373084, 0.04076404295142307, 0.0716328177197775, 0.730881476671877, 0.7928582479680372, 0.047413690191852584, 0.8167011249703929, 0.06768071846399794, 0.912288313555755, 0.7327079153427022, 0.8459805048271107, 0.0437499758717336, 0.11477742189553974, 0.04474056984605533, 0.08315891162001694, 0.7038873955466618, 0.06049609378350253, 0.8988873352619473, 0.05610411821974528, 0.16285304960156322, 0.8390271614736801, 0.8878951577272703, 0.35333384130325424]"
SVM,48,10,"[0, 1, 1, 1, 1, 0, 0, 0, 0, 0, 0, 0, 0, 0, 0, 1, 0, 0, 1, 1, 0, 0, 1, 1, 1, 1, 0, 1, 0, 1, 1, 0, 0, 0, 0, 1, 0, 0, 1, 1, 1, 0, 0, 1, 1, 1, 0, 0, 0, 1, 1, 0, 1, 0, 1, 1, 0, 1, 0, 1, 0, 0, 0, 0, 1, 0, 1, 0, 1, 1, 0, 1, 0, 0, 1, 0, 0, 0, 1, 1, 0, 0, 1, 1, 0, 1, 0, 1, 1, 0, 1, 0, 1, 0, 1, 0, 1, 0, 1, 1, 1, 1, 1, 0, 1, 1, 0, 0, 0, 0, 1, 0, 0, 1, 1, 0, 1, 0, 1, 0, 0, 1, 1, 1, 1, 0, 1, 0, 1, 1, 1, 1, 1, 1, 0, 1, 0, 0, 1, 0, 0, 1, 0]","[0, 1, 1, 1, 1, 1, 0, 1, 0, 0, 0, 0, 0, 0, 0, 1, 0, 0, 1, 1, 0, 0, 1, 1, 1, 0, 0, 1, 0, 1, 1, 0, 0, 0, 0, 1, 1, 0, 1, 1, 1, 0, 0, 1, 1, 1, 0, 0, 0, 1, 0, 1, 1, 0, 1, 1, 0, 0, 0, 0, 1, 0, 0, 0, 1, 0, 1, 0, 1, 1, 0, 1, 0, 1, 1, 0, 0, 0, 1, 1, 1, 0, 1, 1, 1, 1, 0, 1, 1, 0, 1, 1, 1, 0, 1, 1, 0, 0, 1, 1, 1, 1, 1, 0, 0, 1, 0, 0, 1, 1, 1, 0, 1, 1, 1, 1, 1, 0, 1, 0, 0, 1, 1, 1, 1, 0, 1, 0, 0, 1, 1, 1, 1, 1, 0, 1, 0, 0, 1, 0, 0, 1, 0]","[0.061069483599818564, 0.508804493761949, 0.8990699784811051, 0.5656156178001207, 0.9071261161327624, 0.653223105242914, 0.0795137990650422, 0.8994772044700224, 0.056487388672044996, 0.06776744635020707, 0.05607699520109594, 0.03555523209492353, 0.06116386446108931, 0.06360169622727964, 0.0906419187875585, 0.9025688352981068, 0.028381090050020912, 0.03824761559632335, 0.860661980115267, 0.8911954636779547, 0.06031485872130045, 0.06828795136306608, 0.9078126267493403, 0.8622329719601015, 0.8769053269040894, 0.20147940740051337, 0.0578605462631242, 0.7623651346411282, 0.057870125441053535, 0.7397306306668359, 0.8817420264640876, 0.04911050708756642, 0.3393844545192559, 0.07135605241077451, 0.02760525245965722, 0.8905314213140152, 0.7172839469472179, 0.061150855545055297, 0.8291948715042862, 0.8908706069070168, 0.8523642725739572, 0.05969543100047469, 0.13479871358769221, 0.8540020248554404, 0.8331265999795774, 0.892559606791392, 0.06489215925776981, 0.06112674824052139, 0.0715825360849546, 0.9034118783766879, 0.11084784677582042, 0.8833246183234547, 0.8857239691393443, 0.06098942958265697, 0.813667116867027, 0.8989704862718684, 0.04864751601966402, 0.11372407710571233, 0.06798362352304177, 0.35194741068343627, 0.717751372091716, 0.03909702648378869, 0.03296924314052957, 0.06786711617072566, 0.8792609309818024, 0.04738258283672553, 0.6523660238867185, 0.07443263546670852, 0.8837973816318174, 0.8041764208499209, 0.06097051207476425, 0.8825818661836939, 0.027546556002599244, 0.5632270077755994, 0.8078958097855297, 0.09144856878609785, 0.06024776430062303, 0.08868628151468975, 0.8813773819319803, 0.9003452653171214, 0.6198706075827002, 0.052262069761968954, 0.8787000703724331, 0.8643156925162205, 0.41674575924904966, 0.8236238058195524, 0.05940287002181092, 0.846066358420734, 0.8478410820910196, 0.058774851873307755, 0.8400598261175881, 0.5336267401595746, 0.8774776853852382, 0.11053547659408043, 0.842536999008908, 0.8569230170726218, 0.05256796981286324, 0.042664033798705994, 0.8926720610216438, 0.5, 0.8457473767438392, 0.8028908947413282, 0.9216638400918962, 0.06272895608096554, 0.09601312074139648, 0.8310196558137812, 0.16759705583475276, 0.06748395394687817, 0.7733144215492516, 0.6539291644079135, 0.7358281252730655, 0.10231362698381095, 0.5787434582249661, 0.88339953214186, 0.8964314003120272, 0.5540562458794522, 0.8798116002586082, 0.05471640697822644, 0.8249552140893166, 0.05855458124916449, 0.05718651691689664, 0.8931055891703147, 0.47165829887575517, 0.8281294023384284, 0.873527709049008, 0.03231977562372302, 0.8333178652318859, 0.0596175500995722, 0.3400498731876264, 0.8670194788490871, 0.8578032250374004, 0.8450385593128217, 0.8798068867898436, 0.8047792853816034, 0.285778283614812, 0.8790896323130301, 0.07274428640160116, 0.06038251984712847, 0.8509524858163138, 0.05561948114241694, 0.043031220880312394, 0.8545372826480396, 0.06099236561490263]"
SVM,49,10,"[0, 0, 0, 0, 0, 1, 0, 0, 0, 1, 0, 1, 0, 0, 0, 0, 1, 0, 1, 0, 1, 0, 0, 1, 0, 0, 1, 0, 0, 0, 1, 0, 0, 0, 0, 0, 1, 0, 0, 0, 0, 0, 0, 0, 1, 1, 0, 1, 0, 1, 1, 0, 0, 0, 0, 1, 0, 1, 1, 0, 1, 0, 1, 0, 1, 1, 0, 1, 0, 0, 1, 0, 1, 1, 1, 1, 0, 0, 0, 0, 0, 0, 0, 1, 0, 0, 0, 0, 1, 1, 1, 0, 0, 1, 1, 0, 0, 0, 0, 0, 1, 1, 0, 0, 1, 0, 0, 0, 0, 0, 0, 0, 1, 0, 1, 0, 1, 0, 0, 0, 0, 0, 0, 0, 0, 0, 1, 0, 0, 1, 1, 0, 1, 0, 1, 1, 1, 0, 0, 0, 0, 1, 1]","[0, 1, 0, 0, 0, 1, 0, 0, 0, 1, 0, 1, 1, 1, 0, 0, 1, 0, 1, 1, 1, 0, 0, 1, 0, 0, 1, 0, 0, 0, 1, 0, 1, 1, 0, 0, 1, 0, 0, 0, 1, 0, 0, 0, 1, 1, 0, 1, 0, 1, 1, 0, 0, 0, 0, 1, 1, 0, 1, 0, 1, 0, 1, 0, 1, 1, 0, 1, 0, 0, 1, 0, 1, 1, 1, 1, 0, 0, 0, 0, 0, 1, 0, 1, 0, 0, 1, 0, 1, 1, 1, 1, 0, 0, 0, 0, 1, 0, 0, 0, 1, 1, 0, 1, 1, 0, 0, 0, 0, 0, 0, 0, 0, 0, 1, 0, 1, 0, 0, 1, 0, 0, 1, 0, 1, 0, 1, 0, 0, 1, 1, 0, 1, 0, 1, 1, 1, 0, 0, 0, 0, 1, 1]","[0.060922710965924665, 0.8751746820143023, 0.08190075905096238, 0.05784857245212863, 0.05412350619167354, 0.6469769499540824, 0.36718992872030576, 0.05806970963039044, 0.07284396258733576, 0.9081616183455254, 0.0806262338862136, 0.873204703912998, 0.9141616339751328, 0.9109207008177242, 0.09722794856837413, 0.08096028974808397, 0.9244709507228777, 0.07107916061695037, 0.5386303332245747, 0.6344492929832656, 0.7276070501231072, 0.11708321346280755, 0.07859004239443501, 0.8853700469352019, 0.06778756612031417, 0.0560509850065473, 0.8987349434257189, 0.2971122430368465, 0.06908883622467109, 0.3446633648073206, 0.8940291444190771, 0.06907959119665831, 0.6700579536634215, 0.5, 0.10193350697424894, 0.07764179076328517, 0.9211548039673363, 0.09944705171587648, 0.14454630192829715, 0.22310953614186577, 0.48102773616571043, 0.07166348002782409, 0.0608806250456291, 0.07148694747869858, 0.9107051042876754, 0.8588002938940805, 0.07634715363093168, 0.922152919181091, 0.07231604004102272, 0.5482651300647637, 0.8401661121517454, 0.075579361077643, 0.07288271407649076, 0.07248362823259508, 0.07900457768120989, 0.9368713079464023, 0.9116953438804026, 0.062196040363775906, 0.9306274402177407, 0.04703823722530441, 0.8541794257999038, 0.060633911202520596, 0.7571280709347549, 0.04314142055517785, 0.86203448611814, 0.8996580522221825, 0.043360107748039105, 0.8492475285582033, 0.08165958432786108, 0.08400017124571026, 0.9176502592940793, 0.4152839810186763, 0.9026021466650073, 0.8899285411792306, 0.8552288048944331, 0.7180392584438825, 0.10486120295237598, 0.21619488544480028, 0.07909306862559373, 0.091935533392959, 0.07461830895698641, 0.927092415083191, 0.23345287535531115, 0.9133818439846998, 0.06965915548989687, 0.08542297797646525, 0.8892469970132159, 0.08028825387305269, 0.8890818583854249, 0.901824381393814, 0.908689431165677, 0.5888160424174038, 0.07752717036685346, 0.23828372676040627, 0.4036588454090009, 0.077421813567959, 0.48853224552391605, 0.08727552619709332, 0.0898228685168885, 0.03792908620124822, 0.5847270320290798, 0.9154725090469784, 0.08409433958374946, 0.45661089858720794, 0.8160934866203289, 0.10751624262722312, 0.06805687483641597, 0.0553303363551545, 0.13451088422820806, 0.08453284596476449, 0.07602481939817882, 0.07624022016328413, 0.25169865625216553, 0.2329278603445188, 0.9203287005812407, 0.07730312557528025, 0.6780424600610786, 0.08444639045188246, 0.07438824650167972, 0.8302375529960543, 0.23430458972598628, 0.1927667434884648, 0.8592574818700774, 0.07478905284834987, 0.9191586474803272, 0.060838130777731834, 0.645516572673638, 0.06615049717711062, 0.08175419385982348, 0.840358091869176, 0.9076200258821693, 0.07463444602074645, 0.8903123584074235, 0.06586875786192391, 0.8592262031517846, 0.6709808397536623, 0.8698591706622563, 0.08329468947154699, 0.05871214593350345, 0.0502971955420954, 0.05761333357643661, 0.8844829240033246, 0.8534404014461808]"
SVM,50,10,"[1, 0, 1, 0, 1, 1, 0, 0, 0, 0, 1, 1, 0, 1, 1, 0, 0, 1, 0, 1, 1, 1, 1, 0, 1, 1, 0, 0, 0, 1, 0, 0, 0, 1, 0, 1, 1, 1, 0, 1, 0, 1, 0, 1, 1, 1, 0, 0, 1, 1, 1, 0, 0, 0, 1, 1, 0, 1, 1, 0, 1, 1, 0, 0, 0, 0, 0, 0, 0, 1, 0, 1, 1, 0, 1, 0, 0, 1, 1, 1, 1, 0, 1, 0, 1, 0, 1, 0, 1, 0, 0, 1, 1, 0, 1, 0, 0, 1, 0, 0, 0, 0, 0, 0, 1, 0, 0, 0, 1, 0, 0, 1, 0, 0, 1, 1, 1, 1, 0, 0, 0, 1, 0, 0, 0, 0, 0, 0, 1, 1, 0, 1, 0, 0, 0, 0, 0, 0, 0, 1, 0, 0, 1]","[1, 0, 1, 0, 0, 0, 1, 0, 0, 0, 1, 1, 0, 1, 1, 0, 0, 1, 1, 0, 0, 1, 1, 0, 1, 1, 0, 0, 0, 1, 0, 0, 0, 1, 0, 1, 1, 1, 0, 1, 0, 1, 0, 1, 0, 0, 0, 0, 1, 1, 1, 0, 0, 1, 1, 1, 0, 1, 1, 0, 1, 1, 0, 0, 0, 0, 0, 0, 0, 1, 0, 1, 1, 0, 1, 0, 0, 1, 1, 1, 1, 0, 1, 0, 0, 1, 1, 1, 1, 0, 0, 1, 1, 0, 1, 0, 0, 1, 0, 0, 0, 0, 0, 0, 1, 0, 0, 1, 1, 0, 1, 1, 0, 0, 1, 1, 1, 1, 0, 0, 0, 1, 0, 0, 1, 1, 1, 0, 1, 0, 0, 1, 0, 1, 0, 1, 0, 0, 1, 1, 0, 0, 1]","[0.8398004897205082, 0.1539850064767344, 0.8732964120858375, 0.21787418920705584, 0.1526752538742032, 0.03511350877055684, 0.756611506434595, 0.07058186234422532, 0.03804145445358947, 0.050206510637787236, 0.8212115263931011, 0.8679503608633242, 0.05974991169954342, 0.8249338750802276, 0.8300459643549946, 0.10674802086916255, 0.04169408822996651, 0.8123699663301619, 0.5, 0.25666387351941966, 0.2275675834203854, 0.8966318569919955, 0.8725216497443636, 0.06849871031121946, 0.5459653644968075, 0.8169677457114048, 0.06939756035403181, 0.06842129827931168, 0.03801717326066474, 0.8218066306811181, 0.06030718124187662, 0.05982812222820964, 0.03820211518463524, 0.5486765779939787, 0.06039153232731778, 0.8927110022031223, 0.7382550375029604, 0.8154615793260439, 0.06178503583075901, 0.8670154272911746, 0.03834122120423926, 0.8822085235136374, 0.06612488124337722, 0.7044651018015005, 0.24127920768828467, 0.1947362048553826, 0.3472936472268799, 0.19994946354453938, 0.8795690866221587, 0.8786403456091378, 0.8778880159814774, 0.061833162100256474, 0.12876198921653503, 0.8815312734058741, 0.8892463599225647, 0.8986493179848642, 0.06393683993131279, 0.795221242429851, 0.8306781230128457, 0.058207145650304715, 0.8522623962240672, 0.8809681396025046, 0.063201000357178, 0.11413511330310298, 0.03256257840308754, 0.05865318345250931, 0.0597712566073106, 0.040443623111965823, 0.060900614135873755, 0.8581839691345914, 0.05614073088623104, 0.9002709209144292, 0.7998671127957713, 0.048469874151428956, 0.6684526962098811, 0.12635691433878934, 0.06633460129545034, 0.9020310700061218, 0.8823833964098032, 0.7437444705724314, 0.9110812857001518, 0.04694838306506355, 0.5, 0.050066260962270175, 0.13933439836627118, 0.8480117952252848, 0.8990112566759298, 0.7145238574996718, 0.8641104073464233, 0.06980790125875419, 0.05727819157907114, 0.8235569142413454, 0.8036295262842539, 0.062454678379780165, 0.6216699237247982, 0.15741026629313104, 0.051044632071755504, 0.8634354024205915, 0.06946385538023174, 0.05150066712644395, 0.06109763178585938, 0.05813241401721188, 0.061196635215537816, 0.03421667124024375, 0.8263747897306517, 0.07328166788484211, 0.056734882263555365, 0.5, 0.8573939531758702, 0.05946767258211615, 0.8686018683962343, 0.8839803126314233, 0.06985892543378015, 0.05797915309920214, 0.9071770460631366, 0.9002962430819423, 0.8448470147817921, 0.8234054176301641, 0.06778540889023965, 0.05697133651450858, 0.06056517341061632, 0.8673712287918062, 0.088410725054742, 0.14004530317560976, 0.41750888698506294, 0.9073872489425859, 0.4286764815387765, 0.06252562951874528, 0.8900486106544373, 0.049604785519380065, 0.29626540064599066, 0.723228724316059, 0.04969581204797307, 0.6153547619783591, 0.060051402108018605, 0.8721202461553447, 0.24750706113707868, 0.03539395210680621, 0.8068235130455008, 0.8066298267021842, 0.06350009355342857, 0.060142873991403056, 0.8831964292786197]"
Logistic Regression,1,1,"[1, 0, 1, 1, 1, 1, 0, 0, 0, 0, 1, 0, 0, 0, 1, 1, 0, 0, 1, 0, 0, 1, 0, 1, 0, 0, 0, 0, 1, 0, 1, 1, 0, 0, 0, 0, 1, 0, 0, 0, 1, 1, 0, 1, 0, 1, 0, 1, 1, 0, 1, 0, 1, 0, 0, 1, 1, 1, 0, 0, 0, 0, 0, 0, 1, 0, 1, 0, 0, 1, 1, 1, 1, 1, 1, 0, 1, 0, 1, 1, 0, 0, 0, 1, 0, 1, 0, 1, 1, 1, 1, 1, 0, 1, 1, 0, 0, 0, 0, 1, 0, 0, 1, 1, 0, 0, 0, 0, 1, 1, 0, 1, 1, 0, 0, 0, 0, 1, 0, 1, 1, 1, 0, 0, 0, 0, 0, 0, 0, 1, 0, 1, 1, 1, 0, 1, 1, 1, 0, 0, 1, 0, 1]","[1, 1, 1, 1, 1, 1, 1, 1, 0, 0, 1, 0, 0, 0, 1, 1, 1, 1, 1, 0, 0, 0, 0, 1, 0, 0, 0, 0, 1, 0, 1, 1, 0, 0, 0, 0, 1, 1, 0, 0, 1, 1, 1, 1, 0, 0, 0, 1, 1, 0, 1, 0, 1, 0, 0, 1, 0, 1, 0, 0, 0, 0, 0, 0, 1, 0, 1, 0, 1, 1, 1, 0, 1, 1, 1, 0, 1, 0, 1, 1, 0, 1, 0, 0, 0, 1, 1, 1, 1, 0, 1, 1, 0, 1, 1, 0, 0, 0, 0, 1, 0, 0, 1, 1, 0, 1, 1, 0, 1, 1, 0, 1, 1, 0, 0, 0, 1, 1, 0, 1, 1, 1, 0, 0, 0, 0, 0, 1, 0, 1, 0, 0, 0, 1, 0, 1, 1, 1, 0, 0, 1, 0, 1]","[0.9493962552784982, 0.7430800170526353, 0.9524125961739065, 0.9063208522696027, 0.8975886017828105, 0.9466882244791579, 0.7850930412350827, 0.8412690606829896, 0.0005726055416410348, 0.2642721126944504, 0.8507240278841103, 0.2402490831853074, 0.007911888768401296, 0.008826020603255677, 0.8083554620981709, 0.940882906988828, 0.6676558159431956, 0.888491260732672, 0.9090107940957463, 0.0009790332598871873, 0.018307910783327344, 0.24721099674274055, 0.05229408484993123, 0.7972256158357981, 0.09565139283940927, 0.021994570206514463, 0.056770141270153486, 0.023227080351176148, 0.9626301521588891, 0.39094282281795906, 0.8683592236439844, 0.9270986972231091, 0.006058599812916519, 0.4024754221020444, 0.0015803123118627478, 0.022168634237755367, 0.906188894038746, 0.5880563293022307, 0.01911493078382406, 0.001110819010056281, 0.9256009467587053, 0.8627190257829953, 0.5230727825118973, 0.6522870981183905, 0.019653120462299344, 0.03110024579291818, 0.09763301644306163, 0.8937606601960894, 0.967631332801915, 0.0019012342992990397, 0.9311981300751769, 0.00040862276526686407, 0.8649829923012884, 0.0017906035944033247, 0.011637157054940244, 0.933981639741503, 0.43375396969757646, 0.9144368153410829, 0.06085151550952967, 0.04927209631737008, 0.004177240155065764, 0.034470962957484585, 0.03939930831163428, 0.0007249833148507773, 0.883283618461971, 0.0003600092334618754, 0.8446990124316766, 0.0038102046118387856, 0.845273134859337, 0.9746339058403435, 0.9634449250561388, 0.26662859511531384, 0.9433984291092654, 0.8636479107238476, 0.6698419099999543, 0.002933931637499761, 0.7705039919581934, 0.18081789760467126, 0.869699384842449, 0.9034561387244507, 0.022001108634055994, 0.5130522645018315, 0.2237574606822548, 0.3926654824748069, 0.007213078102840603, 0.9566752642380022, 0.628732596421764, 0.8834219183068951, 0.6666538857148324, 0.4294216204092307, 0.8860543573359317, 0.8791033800481874, 0.14916259335432483, 0.7679862243657811, 0.8489107861092745, 0.0024477470547248736, 0.013641365362795895, 0.06474085130214323, 0.19666802528155966, 0.8998939026892161, 0.31617307242636655, 0.2850380685442505, 0.9527424448976703, 0.9277351610265109, 0.008515402859093486, 0.8521068653552462, 0.5047944016780788, 0.4343428701080101, 0.9199672224599101, 0.6667686334391622, 0.25739150623183227, 0.90594921294894, 0.853421141628644, 0.32048518464752473, 0.03913285524849475, 0.002695988486753978, 0.6829791252660917, 0.8774123298684761, 0.32975568837428987, 0.915613203260137, 0.8280726353736196, 0.9730946638808694, 0.002016806086482405, 0.0014022793499927795, 0.07498560466382362, 0.04359484992382443, 0.06789021625433139, 0.5613783767954927, 0.24532601395557255, 0.848167941051191, 0.011096281354551018, 0.35469207744641534, 0.15515626185394008, 0.7811446854608192, 0.0004404222062831893, 0.9389256348767278, 0.9804504826593488, 0.8997611522799388, 0.238136300376719, 0.07254516833407096, 0.9211956934059632, 0.0039348525689206805, 0.6062152993863219]"
Logistic Regression,2,1,"[0, 0, 1, 1, 0, 1, 0, 1, 0, 0, 0, 0, 0, 1, 1, 1, 0, 0, 1, 1, 0, 1, 0, 0, 0, 1, 0, 0, 0, 0, 0, 0, 1, 0, 0, 0, 0, 0, 0, 1, 1, 1, 1, 0, 1, 0, 0, 0, 1, 1, 1, 1, 1, 0, 1, 0, 0, 0, 1, 0, 0, 0, 0, 1, 0, 0, 0, 1, 0, 0, 1, 1, 0, 1, 1, 1, 1, 1, 1, 1, 0, 0, 0, 1, 1, 0, 1, 1, 0, 0, 0, 0, 0, 1, 1, 0, 0, 1, 1, 1, 0, 1, 1, 1, 0, 1, 1, 1, 1, 1, 1, 0, 0, 1, 0, 0, 1, 1, 0, 1, 0, 1, 1, 1, 0, 1, 0, 1, 0, 1, 1, 1, 0, 0, 1, 1, 0, 0, 0, 0, 0, 1, 0, 1]","[1, 0, 0, 1, 0, 1, 0, 0, 0, 0, 0, 0, 1, 1, 1, 1, 0, 0, 1, 1, 0, 1, 0, 0, 0, 1, 0, 0, 1, 0, 0, 0, 0, 0, 0, 0, 0, 1, 0, 0, 1, 1, 1, 0, 1, 0, 0, 0, 1, 1, 1, 1, 0, 0, 0, 0, 0, 0, 0, 0, 0, 0, 0, 1, 0, 0, 0, 0, 0, 0, 1, 1, 0, 1, 1, 1, 1, 1, 1, 1, 0, 0, 0, 1, 1, 1, 1, 1, 0, 0, 0, 0, 0, 1, 1, 0, 0, 1, 1, 1, 0, 0, 1, 1, 0, 1, 1, 1, 0, 1, 1, 0, 0, 1, 0, 0, 1, 1, 0, 1, 1, 1, 1, 1, 1, 1, 0, 1, 1, 1, 1, 1, 0, 0, 1, 1, 0, 0, 1, 1, 0, 1, 1, 1]","[0.6477609138803336, 0.0039046997754823404, 0.08988827965855324, 0.5353121424482603, 0.36319990912653805, 0.9351664938630772, 0.003553015966566184, 0.444152771922521, 0.0629968272624532, 7.047246560524126e-05, 0.0012564095725951247, 0.032141108418926666, 0.8685577682224452, 0.870297709364017, 0.9023894526434302, 0.9593110891545035, 0.04012897941333083, 0.12164864740351732, 0.9654602910208387, 0.598768028310697, 0.0648615640458072, 0.9277955709246806, 0.1161111568886606, 0.006173545371099128, 0.014845789100150688, 0.9716924241349209, 0.002311297773135754, 4.2839878757372254e-06, 0.5451683853734004, 0.0014479980529855739, 0.2033984334546192, 0.02244943096638176, 0.4752911030286749, 0.0018196586824923834, 0.013217095019914325, 0.0037275050298677496, 0.35875426590492016, 0.506476291780111, 0.18455946886374364, 0.3877430091052387, 0.9308342147608049, 0.9357872233423123, 0.803553777037643, 0.03636943811643752, 0.9457445296269213, 0.010700090565324075, 0.0007235212564225239, 0.3293149697580471, 0.9468356335606453, 0.7792058268380742, 0.9466173491492756, 0.9269098876346957, 0.25617892483308835, 0.006720939325859711, 0.2246223400921715, 0.00020695145419697043, 0.0013259285785301635, 0.01670058695512631, 0.12346214159653952, 0.4975495868099113, 0.24799735921059557, 0.06034825302513333, 0.0018084369872757105, 0.9855137016197715, 0.07174530938215255, 0.03778926999854753, 0.0035107655412435945, 0.48891988721814067, 0.47687528614546243, 0.07106348267353986, 0.931321240300869, 0.9959087204181584, 1.2781267978673175e-07, 0.9485171987871213, 0.8250070778133884, 0.9211816967379836, 0.9419932550367562, 0.9865509170580377, 0.9564963673333302, 0.9005452683837584, 0.02521140051918817, 0.0013324282124466747, 0.05697497419702274, 0.9766592334913377, 0.9503876741406422, 0.5999975688604638, 0.8366629854539613, 0.9687574416024826, 0.0934769756885449, 0.0004136053260790382, 0.45245646120444033, 0.07208590420767769, 0.00037315588270771423, 0.5233252092838546, 0.902917915039414, 0.015045148793686729, 0.04830222066596848, 0.8598365350266435, 0.8959576031188905, 0.7603099463749602, 0.45148462828826924, 0.003329661275451105, 0.9589591329664974, 0.900376615607228, 0.017832313821610057, 0.803841171931768, 0.966694169378349, 0.8451614303842925, 0.28707398126978184, 0.7343097909670361, 0.8191960123707457, 0.44488710661580616, 0.006783207910527673, 0.7749468540746492, 0.0064326334101053595, 0.014478492533730009, 0.977721359049575, 0.787324395898382, 0.37391026260907273, 0.8905210458136896, 0.7901927862092025, 0.9384078941699708, 0.5708327060087354, 0.7918102772265676, 0.9740670684014076, 0.9628840916865707, 0.013675480561135772, 0.8191173396474395, 0.5701285270967688, 0.9505234057523714, 0.9763253088502934, 0.9864599811396254, 0.00047512213519348235, 0.04038297590948121, 0.8972145842887131, 0.9723525321063112, 0.017753092351642248, 0.012333268756733094, 0.6460382815253072, 0.821000317130994, 0.37156365093153615, 0.8060962472362745, 0.8389181052468733, 0.6771062693508123]"
Logistic Regression,3,1,"[0, 0, 0, 0, 0, 1, 1, 0, 1, 0, 0, 1, 0, 0, 1, 1, 1, 0, 0, 0, 0, 0, 0, 1, 1, 1, 1, 0, 0, 1, 0, 1, 0, 1, 1, 0, 0, 1, 0, 0, 0, 0, 0, 0, 1, 1, 0, 1, 1, 1, 0, 0, 1, 0, 1, 0, 0, 1, 1, 0, 1, 0, 0, 0, 1, 1, 0, 1, 0, 0, 0, 0, 0, 0, 0, 0, 0, 1, 0, 0, 0, 1, 0, 0, 0, 1, 0, 1, 0, 1, 1, 1, 0, 1, 1, 0, 0, 0, 1, 0, 1, 0, 1, 0, 1, 0, 0, 1, 1, 0, 0, 0, 1, 1, 0, 1, 1, 0, 0, 0, 0, 0, 0, 1, 0, 1, 0, 0, 0, 0, 0, 1, 1, 1, 0, 1, 0, 0, 1, 1, 0, 0, 1]","[0, 0, 0, 1, 0, 1, 0, 0, 1, 0, 1, 1, 0, 0, 1, 1, 1, 1, 0, 1, 0, 0, 0, 1, 1, 1, 1, 0, 0, 0, 0, 1, 0, 1, 1, 0, 0, 1, 0, 0, 0, 0, 0, 0, 1, 1, 0, 1, 1, 1, 1, 0, 1, 0, 0, 0, 0, 1, 1, 0, 1, 0, 0, 0, 1, 1, 0, 1, 0, 0, 0, 0, 0, 0, 0, 0, 0, 1, 0, 0, 0, 1, 1, 0, 0, 1, 1, 1, 0, 1, 1, 1, 0, 1, 1, 0, 1, 0, 1, 0, 1, 1, 1, 0, 1, 0, 0, 1, 1, 0, 0, 1, 1, 1, 0, 1, 1, 0, 0, 0, 0, 0, 0, 1, 0, 1, 1, 0, 1, 0, 0, 0, 1, 1, 0, 1, 0, 0, 1, 1, 0, 0, 1]","[0.035528359660652174, 0.007100694770916694, 0.4293741642933366, 0.7716630162260378, 0.00782266067207816, 0.8207141349993113, 0.3795619209418541, 0.09989443654226655, 0.5737082618963367, 0.2427418702069079, 0.5520010822013691, 0.9437146084033556, 0.008854330251014224, 0.13933305191867054, 0.6147369997423009, 0.6919197923538593, 0.9252604079546205, 0.5634435100570672, 0.002407690538475164, 0.5158976986109679, 0.021963470758788975, 0.006679686182889453, 0.02505286345603966, 0.6219425177918533, 0.9537740738329482, 0.9914013828445014, 0.8346308640081993, 0.47399782687722236, 0.03571235821208355, 0.400709908510442, 0.4179764312011351, 0.8101264292132249, 0.28595219239273606, 0.6138676017464392, 0.9723042986872092, 0.07681589427931625, 0.10385741474450384, 0.7333875232231809, 0.005728697345707922, 0.006258940770938752, 0.4637540685685618, 0.05373684093404666, 0.011253440410889708, 0.012878776685405942, 0.8233762863838633, 0.9504356338102603, 0.06672836867670551, 0.9417763751862843, 0.9651959895062091, 0.8854855167398691, 0.5516130381477254, 0.00033897587872066935, 0.5749192602753821, 0.004066053413896419, 0.42232233004185965, 0.0192477002246221, 0.15749630109493257, 0.9022799917711781, 0.9755204654362848, 0.35703649135878907, 0.8216640843940569, 0.2626073960987345, 0.09162482470176053, 0.001906584064091104, 0.776565916345732, 0.8817125759675386, 0.1597258143468299, 0.9593424897985209, 0.12867878832786983, 0.043031068109559964, 0.07595231249382506, 0.03711594438407485, 0.00594284772318739, 0.1934171061219597, 0.0011198257840520306, 0.06400214544542222, 0.09354197811674239, 0.6779104889703125, 0.1933408914804883, 0.19996890466315562, 0.3941155873333772, 0.9756985036270197, 0.9469246846508678, 0.011944526262452232, 0.009557157711136336, 0.8744138587195796, 0.9798516101500555, 0.9007668625329968, 0.0050758261097965515, 0.822634314650729, 0.8201301397630604, 0.6511653498400636, 0.009908176987760156, 0.9381531127210709, 0.7720233490161731, 0.006526257267393137, 0.576978228085291, 0.008136919562215543, 0.8041351296844129, 0.4908706858315272, 0.7269761250133944, 0.925936933159277, 0.8185133576832847, 0.06276094495239085, 0.9700620765447566, 0.006602837732201775, 0.18142619441506314, 0.8248671879361735, 0.9049503857009268, 0.44947632774182256, 0.0006886177357331033, 0.998275823010428, 0.9987895898720861, 0.914620967643214, 0.04731524601672376, 0.9723442109742197, 0.9295407916669947, 0.014429713217856152, 0.1520381557723436, 0.011382908616824904, 0.003855910087612447, 0.014034736291162829, 0.01602782819053232, 0.5968207109236998, 0.13692511892390155, 0.9881646355516153, 0.7205814078121172, 0.010250784919655396, 0.9156656282376393, 0.00235897711036557, 0.29718190978016423, 0.10254983955000475, 0.8780748719171133, 0.6332930100531884, 0.03798582282093795, 0.5680999999481237, 0.10487794007588391, 0.02615976109896833, 0.748255189493674, 0.9132761225968778, 0.004125739475621764, 0.0029058846917858535, 0.8346003467189901]"
Logistic Regression,4,1,"[1, 1, 0, 1, 0, 1, 1, 0, 0, 0, 0, 0, 1, 1, 0, 0, 0, 1, 0, 1, 0, 1, 1, 0, 1, 0, 1, 1, 1, 0, 1, 0, 0, 1, 0, 1, 1, 0, 0, 0, 0, 1, 0, 0, 0, 0, 0, 0, 0, 0, 0, 0, 1, 1, 1, 0, 0, 1, 1, 1, 1, 0, 0, 0, 1, 1, 1, 1, 0, 0, 0, 0, 1, 0, 0, 0, 1, 0, 0, 1, 0, 0, 0, 1, 0, 1, 0, 1, 0, 0, 1, 1, 0, 0, 0, 1, 1, 0, 0, 0, 1, 0, 1, 1, 1, 1, 0, 0, 0, 0, 0, 0, 0, 1, 0, 0, 1, 1, 0, 1, 1, 0, 0, 0, 0, 1, 0, 1, 0, 0, 1, 1, 0, 1, 1, 0, 0, 0, 1, 0, 0, 0, 1]","[0, 1, 0, 0, 0, 1, 1, 0, 0, 0, 0, 0, 1, 1, 1, 0, 0, 0, 0, 1, 0, 1, 1, 0, 0, 0, 1, 1, 1, 0, 1, 0, 0, 1, 0, 1, 1, 0, 0, 0, 1, 0, 0, 0, 0, 0, 1, 0, 0, 0, 0, 0, 1, 1, 0, 0, 0, 1, 1, 1, 0, 0, 0, 0, 1, 1, 1, 1, 0, 1, 0, 0, 1, 0, 0, 0, 1, 1, 0, 1, 1, 0, 0, 1, 1, 1, 0, 1, 1, 0, 0, 0, 0, 0, 0, 1, 1, 0, 0, 0, 1, 0, 1, 1, 1, 1, 0, 1, 0, 0, 0, 0, 0, 1, 0, 0, 1, 1, 0, 1, 1, 0, 0, 1, 0, 1, 0, 1, 0, 0, 1, 1, 0, 1, 1, 1, 0, 0, 1, 0, 0, 0, 1]","[0.465959020205215, 0.9038402543985617, 0.025524183102065553, 0.07774006031077296, 0.41947792343144613, 0.9260503849761721, 0.5913367935244643, 0.2730053933564633, 0.010203368560148418, 0.049338955586473596, 0.012469350493030825, 0.015256517076218473, 0.9033714238298712, 0.9386246318601991, 0.8779765251163242, 0.00625915364223109, 0.011550706341994005, 0.07514182720640461, 0.000477232910807112, 0.9428332301041691, 0.017708729450475965, 0.9859833896012244, 0.5288785032613514, 0.0032931790858529725, 0.4256477259761058, 0.003333817614430976, 0.9623073789872018, 0.5961497894148522, 0.944193282944966, 0.00967661849026307, 0.701137918424669, 0.1242683739463607, 0.0023466892899926556, 0.7899879604458019, 0.004988549112754833, 0.8410404401075262, 0.9167052849312812, 0.029484081603988667, 0.2292144932534621, 0.18100588556273434, 0.7456678051389817, 0.4155211341668875, 0.2856445288812467, 0.30007883752506903, 0.0478440869012656, 0.00946855894521751, 0.7162295072356653, 0.001888930019966201, 0.0015380788061168087, 0.0031149237492895635, 0.0005749350110719113, 0.0068087378401669165, 0.6353337000524125, 0.8863056894384876, 0.10916619175408623, 0.03665956916654046, 0.01149918905020812, 0.890348356214823, 0.7012762929068053, 0.7515709611052315, 0.3503047387858461, 0.06785528752590113, 0.17483426521766243, 0.16266839617039874, 0.7643474271256917, 0.9096811646526434, 0.5530588816550355, 0.7467782069997365, 0.10651223732851003, 0.5459826519710657, 0.02113434366136594, 0.02356968732766756, 0.8055646204390826, 0.3476381207526096, 0.006507482837073252, 0.0025049954705818472, 0.9637768178366298, 0.75375115078785, 0.28108811077758195, 0.8842883905201956, 0.8870515840164162, 0.25657650723304887, 0.001136148961448066, 0.9867416878602284, 0.977920385655888, 0.8050578672301669, 0.011381717374752773, 0.9711397297123415, 0.5381782921661591, 0.3611177818137487, 0.33170197376744226, 0.4802997892188684, 0.0020142920381871934, 0.0038276672137303193, 0.20575777922996483, 0.9777407647219221, 0.9706034688292576, 0.0007105840975491688, 0.32056107494281166, 0.005786326414830295, 0.9652056035928952, 0.0019656119506630512, 0.6846607328419986, 0.5026663409862362, 0.5287344494761049, 0.9609073843715502, 0.008837417938313667, 0.8345128397608845, 0.21463468360766264, 0.00869099675308132, 0.2213057442856588, 0.02414747926802806, 0.32005872175747746, 0.8868999545485096, 0.0036225745328957006, 0.09569919606479359, 0.8207395744615245, 0.9229570682986079, 0.04887797538686055, 0.9887672927164236, 0.971196883824276, 0.20203233952670482, 0.0010518811525874984, 0.6732957021660898, 0.05324494040678152, 0.9947976065784752, 0.0038353840713849343, 0.9235918509487213, 0.12857566869604142, 0.0224510173987806, 0.9865041690145676, 0.7003726134381593, 0.023505473569242877, 0.9853883424541271, 0.8806062652923768, 0.7128732390167791, 0.4351949323291313, 0.005452306616106478, 0.6991258796882873, 0.006852741245612275, 0.03301019818981771, 0.029924960160369433, 0.959507822845738]"
Logistic Regression,5,1,"[0, 0, 0, 0, 0, 0, 0, 0, 0, 1, 1, 0, 0, 0, 1, 1, 0, 1, 0, 1, 1, 1, 0, 0, 0, 0, 0, 0, 1, 0, 1, 1, 0, 1, 1, 0, 0, 0, 1, 0, 1, 0, 1, 1, 0, 1, 0, 0, 0, 1, 0, 0, 0, 1, 1, 0, 1, 1, 0, 0, 1, 0, 0, 0, 0, 1, 0, 1, 0, 1, 0, 1, 1, 0, 0, 1, 0, 1, 1, 1, 1, 1, 1, 1, 0, 0, 1, 0, 0, 0, 0, 1, 1, 1, 0, 0, 1, 0, 1, 0, 0, 0, 0, 0, 1, 0, 0, 0, 0, 1, 0, 0, 0, 1, 0, 1, 0, 1, 1, 1, 0, 0, 1, 0, 0, 1, 0, 0, 0, 0, 0, 0, 1, 0, 0, 1, 1, 1, 0, 0, 0, 0, 0]","[0, 0, 0, 1, 1, 0, 0, 0, 0, 1, 1, 0, 0, 0, 1, 1, 1, 1, 0, 0, 1, 1, 0, 0, 0, 0, 0, 0, 1, 0, 1, 1, 0, 1, 1, 0, 0, 0, 1, 0, 1, 0, 0, 0, 0, 1, 0, 0, 0, 1, 0, 1, 1, 1, 1, 1, 1, 1, 0, 0, 1, 0, 0, 0, 0, 1, 0, 1, 0, 1, 1, 1, 1, 0, 0, 1, 0, 1, 1, 1, 1, 1, 1, 1, 1, 1, 0, 1, 0, 0, 0, 1, 1, 1, 0, 0, 1, 0, 1, 0, 0, 0, 1, 0, 1, 0, 0, 0, 0, 1, 0, 0, 1, 1, 0, 1, 1, 1, 1, 1, 0, 0, 0, 0, 1, 1, 0, 0, 1, 0, 0, 0, 1, 0, 1, 1, 1, 1, 0, 0, 0, 0, 1]","[0.05090117620606318, 0.362161354262608, 0.02331468034249892, 0.6087309453759854, 0.9373541011072065, 0.0009528947748439691, 0.059114601599140656, 0.2206326219368747, 0.007621743381274029, 0.9421095038086967, 0.8744549693717876, 0.19586545423494825, 0.06349178476573886, 0.13560710593821332, 0.9791049901651822, 0.9410648256137141, 0.7033360034774156, 0.9167961957967106, 0.20708971611817759, 0.4621857111274179, 0.9849389766387223, 0.9148269637300673, 0.07416229795619221, 0.006454394643531041, 0.014532508476936861, 0.2516108797588251, 0.016372579302141668, 0.014821404314412149, 0.7663110662260334, 0.002425178665725906, 0.9248293373354728, 0.9286310271198462, 0.09017410132270899, 0.9620500032907718, 0.7638914771743899, 0.013477560958981635, 0.10446802834724014, 0.2820825693298186, 0.9687710639445146, 0.0037798681044070204, 0.7364467783046847, 0.34964662425501314, 0.40290837115398287, 0.31297630882128263, 0.38731320708666717, 0.9924206417009824, 0.0024597022404423217, 0.48098863628580285, 0.0004482734258652918, 0.7793124771601533, 0.015743566387204835, 0.9818667255748731, 0.9718028059951878, 0.7550899340198323, 0.8604414768984675, 0.8490679783755587, 0.8195272912909639, 0.9914374250886848, 0.005541944922450027, 0.1915404071850509, 0.9268120838348911, 0.02023752703586813, 0.020369368195953783, 0.0007036849062482595, 0.0006577482258690114, 0.9240310383255852, 0.0019067650352965564, 0.9654632717853312, 0.07190495159234672, 0.8951630488225697, 0.7342542817480632, 0.6405371238155435, 0.9865936341275171, 0.030998967227139695, 0.04899130486263639, 0.915817367079403, 0.0039728372070188915, 0.9097324563984555, 0.9906372801435026, 0.9493922853898643, 0.8973300847541178, 0.9632391863870293, 0.9760381282833664, 0.8954596535016326, 0.6690179849733968, 0.8666973759874521, 0.24992641696645843, 0.8858195913775854, 0.46383160348533675, 0.16066018650500474, 0.0035947274478276866, 0.9568380880636059, 0.6741339033266667, 0.8746358631039173, 0.0006687768319627376, 0.0030063023848774153, 0.9692994609265011, 0.039569466086236224, 0.8814193517876766, 0.2320053157608963, 0.013438492104256955, 0.07502093276290211, 0.6573989813644373, 0.0003065563535144142, 0.7635954057336986, 0.05690965707077038, 0.0026181320231457176, 0.44053738243410584, 0.23577906078955055, 0.982171674089886, 0.43113996262097287, 0.21441953313451703, 0.5656765249167006, 0.6607619877292744, 0.014109136757679644, 0.9624122847813829, 0.839115254565187, 0.8437765384798828, 0.9793372239981304, 0.9976430954824193, 0.006551138995290316, 0.24060273830551504, 0.0007201127020526264, 0.4728439685003329, 0.8805237279175683, 0.6781242741426958, 0.00022791828659114523, 0.11063816786366432, 0.9433673795714053, 0.047179870683880215, 0.03883688675896823, 0.36842754856389415, 0.9668241857301594, 0.10926246593788755, 0.8908540718952058, 0.9898906942009317, 0.8090646652224778, 0.8487042871674578, 0.06386021626877542, 0.005365528674595561, 0.017142765899074354, 0.008599129263501948, 0.5899990935581149]"
Logistic Regression,6,2,"[1, 0, 1, 1, 1, 0, 1, 1, 0, 1, 0, 1, 0, 0, 1, 1, 0, 1, 0, 0, 0, 0, 1, 0, 1, 0, 0, 1, 1, 0, 1, 0, 0, 0, 0, 0, 0, 0, 0, 0, 0, 1, 0, 1, 0, 1, 0, 1, 1, 0, 0, 0, 0, 0, 0, 0, 0, 1, 0, 0, 0, 0, 0, 1, 1, 1, 1, 1, 0, 1, 1, 0, 0, 1, 0, 0, 1, 1, 0, 0, 1, 1, 1, 1, 0, 1, 0, 1, 1, 0, 0, 1, 1, 0, 1, 1, 0, 0, 1, 1, 1, 1, 1, 0, 0, 0, 0, 1, 0, 1, 1, 1, 1, 0, 0, 0, 0, 1, 0, 0, 1, 0, 1, 0, 1, 0, 0, 0, 1, 1, 0, 0, 0, 1, 0, 1, 1, 1, 1, 0, 1, 1, 1]","[1, 0, 1, 1, 1, 0, 0, 1, 1, 1, 1, 0, 0, 0, 1, 0, 1, 1, 0, 0, 0, 0, 0, 0, 1, 0, 0, 1, 1, 0, 1, 0, 1, 0, 0, 0, 0, 0, 0, 0, 0, 1, 0, 1, 0, 1, 1, 0, 0, 0, 0, 0, 0, 0, 0, 0, 0, 1, 0, 0, 0, 0, 0, 1, 1, 1, 1, 0, 0, 1, 1, 0, 0, 1, 0, 0, 1, 1, 0, 0, 1, 1, 1, 0, 0, 1, 0, 1, 1, 0, 1, 1, 1, 0, 1, 1, 0, 1, 1, 1, 1, 1, 1, 0, 0, 0, 0, 1, 0, 1, 1, 1, 1, 0, 0, 0, 1, 1, 0, 0, 1, 0, 1, 1, 1, 0, 0, 0, 1, 1, 0, 0, 1, 1, 0, 0, 1, 1, 0, 0, 1, 1, 1]","[0.9569266630693481, 0.005821541735052602, 0.9543295873375506, 0.9063918171636864, 0.9002335846790176, 0.005021238892097572, 0.3923759470748045, 0.9206017875388044, 0.6094382236760819, 0.9095649712445729, 0.7793796401197209, 0.49524996731661847, 0.0005827638870264303, 0.013142525799691093, 0.9460532371463424, 0.2187064543088427, 0.6164999526099145, 0.9468151897707914, 0.057559056427865046, 0.003791058114000354, 0.026576806188223483, 0.08047702574606719, 0.4087324666951556, 0.05940161471301963, 0.8839139457477914, 0.06994712336167637, 0.0023874497453857282, 0.9600438395193043, 0.6140573775835029, 0.006102068358562774, 0.9449868466010711, 0.40186132971299265, 0.5549575246962071, 0.0036414492647394224, 0.02313144193805054, 0.002122549642515618, 0.013262014130951495, 0.009784609201031063, 0.02322006073429768, 0.3530942331984269, 0.18637611105385513, 0.8619470699168013, 0.053729725804574045, 0.9692168682307748, 0.002456589631803969, 0.9253786188422465, 0.5500971173907812, 0.4283039222808076, 0.2286160485366624, 0.06831724062189255, 0.042169806312271595, 0.03443068303951632, 4.0886914112286055e-06, 0.0010019537905423712, 0.0008311860427098266, 0.3986576945736746, 0.0005575102525013305, 0.8618421502191996, 0.023444997116820666, 0.49335927489121284, 0.24978676332053945, 0.07947261785925884, 0.005083250423547026, 0.9727908130626329, 0.8548661054046081, 0.9465048794174921, 0.8706839443723231, 0.22644430615582417, 0.12190958210978367, 0.9484351392181759, 0.8753866904929993, 0.03184038342173376, 0.06066195905681544, 0.9874378143305309, 0.18149229206559395, 0.21446902889502506, 0.8267794933586234, 0.9027008947058129, 0.06613170296833015, 0.021284363339262983, 0.8198148124312179, 0.907221495436364, 0.9948112250073199, 0.3547939330058689, 3.88211281468365e-06, 0.952550715568585, 0.022470271765372328, 0.93126276401671, 0.8862673890067676, 0.4139044078790204, 0.9306379451710798, 0.9765489624367718, 0.9525489682743522, 0.00429691221032748, 0.9707287153234999, 0.8692434285425205, 0.08208313159509942, 0.6110649387269895, 0.8584062021495024, 0.8988618319285728, 0.8088854693314087, 0.8020099857007951, 0.968037394731554, 0.016449877104972414, 0.0613628705167475, 0.31296204967952357, 0.4350448168304863, 0.9575976751828345, 0.29765778745189203, 0.9560997615367743, 0.952668802367252, 0.9600484432053772, 0.8268426571670701, 0.013135286873516585, 0.41811600978517616, 0.010899155658287382, 0.5685178871551544, 0.9188762139324889, 0.38804568424723906, 0.004748663416900944, 0.8718175915747384, 0.352692479224704, 0.9250447428243074, 0.8275844092746892, 0.879645975384436, 0.07111808368978022, 0.003059986041055433, 0.003143969810150159, 0.5528076745516286, 0.975914707577715, 0.20444095715733934, 0.2590906450525451, 0.547588012186446, 0.5961322901614, 0.03126929048013975, 0.1819672828550177, 0.9802596074956371, 0.8962306651138657, 0.13186522780788462, 0.2551677501942925, 0.9286293601338753, 0.747374234741419, 0.9243159898917682]"
Logistic Regression,7,2,"[0, 1, 0, 0, 0, 1, 1, 0, 1, 0, 0, 0, 1, 1, 0, 1, 0, 1, 1, 1, 1, 1, 1, 0, 1, 0, 1, 1, 0, 1, 0, 1, 0, 1, 1, 0, 0, 0, 1, 0, 0, 1, 1, 0, 1, 0, 0, 1, 1, 1, 0, 1, 1, 1, 0, 1, 0, 1, 1, 1, 1, 0, 0, 1, 0, 0, 0, 1, 0, 1, 0, 0, 0, 1, 0, 1, 0, 1, 1, 0, 0, 1, 1, 1, 1, 1, 1, 1, 1, 0, 0, 1, 0, 0, 0, 0, 1, 0, 1, 1, 0, 1, 0, 1, 0, 0, 0, 0, 0, 1, 0, 1, 1, 1, 0, 0, 1, 0, 1, 0, 1, 0, 1, 1, 0, 0, 1, 1, 0, 0, 0, 1, 0, 0, 0, 1, 0, 0, 0, 0, 1, 0, 0, 1]","[0, 1, 0, 1, 0, 0, 1, 0, 1, 0, 1, 0, 1, 1, 1, 1, 0, 1, 1, 1, 0, 1, 0, 0, 1, 0, 1, 1, 0, 0, 0, 1, 0, 1, 1, 0, 0, 0, 1, 0, 0, 1, 1, 0, 0, 0, 0, 1, 0, 0, 0, 0, 1, 1, 0, 1, 0, 1, 1, 1, 0, 0, 0, 0, 0, 0, 0, 1, 0, 1, 0, 0, 0, 1, 0, 1, 1, 1, 1, 0, 1, 1, 1, 1, 1, 1, 1, 1, 1, 0, 0, 1, 0, 0, 0, 0, 1, 0, 0, 1, 0, 1, 0, 1, 0, 0, 0, 1, 1, 1, 0, 1, 1, 1, 1, 1, 1, 0, 1, 0, 1, 1, 1, 0, 1, 0, 1, 1, 0, 1, 0, 1, 0, 0, 0, 1, 0, 1, 0, 0, 1, 0, 0, 1]","[0.018390351650971366, 0.5529496316427674, 0.36900939702060115, 0.6761563338871984, 0.0039023803832656852, 0.10360430077306693, 0.5171277453002807, 0.0033730104379356197, 0.9450424963470935, 0.0008103007692688098, 0.87874409259429, 0.04948622885713431, 0.8104735238718372, 0.881271720567441, 0.8592639582600798, 0.9454903623089397, 0.004468696854737361, 0.9567212317291136, 0.9888755866065252, 0.5308417417294917, 0.19378266120477852, 0.749475386818696, 0.4631808186866494, 0.012677939383567502, 0.9532297254935926, 0.07539438640048522, 0.9659992670979056, 0.821731550523807, 0.014313495279656958, 0.30271744660472255, 0.0059151741107092756, 0.6400533633942858, 0.007797006043918819, 0.9862546738506599, 0.9833927250240897, 0.0027739686864718775, 0.4756493609232034, 0.045542816974853156, 0.9216259055355722, 0.008998751923302054, 0.21701554709823687, 0.9332738467597604, 0.9454171713762394, 0.18213574320604417, 0.3925756360368723, 0.0019683472072844167, 0.011527845097014879, 0.6061791959263998, 0.3382226939828358, 0.018142167579041028, 0.2978811698979299, 0.4143947864934938, 0.973192602381541, 0.8752795760194456, 0.0005452503695205443, 0.8869525015809805, 0.005269835535308565, 0.7880456336750937, 0.9429934040283193, 0.9518668736003427, 0.4715810768690088, 0.0009449737239162205, 0.0015673963254825452, 0.12128058168683811, 0.2592251261956565, 0.011278962395925147, 0.12801180239250254, 0.7153662233573383, 0.037702989362383116, 0.619762993399338, 0.0592060717244889, 0.019112281133428215, 0.08396550010063172, 0.7437687714642487, 0.19330743382494686, 0.8342838264561468, 0.5430258921519832, 0.7663322339086268, 0.937172534902228, 0.00011221369052179722, 0.7444099325248769, 0.5167559857499384, 0.8078215442123603, 0.8694607174471966, 0.8246908764464129, 0.9510101732672649, 0.9550323746312217, 0.8851818996879512, 0.6129147729628607, 0.05489691190586199, 0.000585120674859488, 0.7621868798711607, 0.0019166759225412902, 0.2712651646315825, 0.01256975589499679, 0.0024117428889291873, 0.9668868963165775, 0.0004827368703114484, 0.003499133920776583, 0.6479024525789427, 0.03833450413698381, 0.8855547139793838, 0.042006544480420446, 0.5113456451383986, 0.02028001411667844, 0.005130234702236329, 0.00011283534293418249, 0.7433804141802076, 0.5076224904234294, 0.6286940978461866, 0.18207969257047285, 0.9133874562845298, 0.895134422155315, 0.807096130853043, 0.575552004557474, 0.737048077358504, 0.9017699044873124, 0.0012217935913915157, 0.9633190009373642, 0.006796609524600391, 0.9373256290483141, 0.6832471082347377, 0.9013545324503666, 0.32430449589703503, 0.9080819539083368, 0.08703413613799899, 0.9907305871010715, 0.8395335151475806, 0.031100656216167408, 0.9122090739105038, 0.37053366534747556, 0.9465001367187038, 0.002244566854780304, 0.017942287842621675, 0.012249404696758935, 0.5657131506333778, 0.015421622404657869, 0.5160967818317416, 0.015354567294684108, 0.05455163990024465, 0.7698500915289879, 0.0006801354376228812, 0.05265614072954572, 0.5883627698750346]"
Logistic Regression,8,2,"[0, 1, 0, 1, 1, 0, 0, 0, 0, 1, 1, 0, 0, 1, 0, 0, 0, 0, 1, 0, 1, 1, 1, 1, 0, 0, 0, 0, 0, 0, 1, 0, 0, 0, 1, 0, 0, 0, 1, 1, 0, 0, 0, 0, 1, 1, 1, 0, 0, 0, 1, 1, 0, 1, 0, 1, 0, 0, 0, 1, 1, 1, 0, 1, 0, 1, 0, 0, 0, 0, 1, 1, 0, 1, 1, 0, 0, 0, 1, 0, 1, 0, 1, 1, 0, 0, 1, 1, 0, 0, 0, 1, 0, 0, 0, 1, 0, 0, 1, 0, 0, 1, 1, 0, 1, 1, 0, 0, 0, 1, 0, 0, 0, 0, 1, 0, 1, 0, 0, 0, 1, 0, 1, 0, 0, 0, 0, 0, 1, 1, 0, 0, 1, 1, 0, 0, 0, 0, 0, 0, 0, 1, 1]","[0, 1, 0, 1, 1, 1, 0, 0, 0, 1, 1, 1, 1, 1, 0, 0, 0, 0, 1, 0, 1, 1, 1, 1, 0, 0, 1, 0, 0, 0, 1, 0, 0, 1, 1, 1, 0, 1, 0, 1, 0, 0, 0, 0, 1, 1, 0, 0, 0, 0, 1, 1, 0, 1, 0, 0, 0, 0, 1, 1, 1, 1, 0, 0, 1, 1, 0, 0, 0, 0, 1, 1, 0, 1, 1, 0, 1, 0, 1, 0, 1, 0, 1, 1, 0, 0, 1, 1, 0, 1, 0, 1, 0, 0, 0, 1, 0, 0, 1, 0, 1, 1, 1, 0, 1, 1, 0, 1, 1, 1, 0, 0, 0, 0, 1, 0, 1, 0, 0, 0, 1, 0, 1, 0, 0, 0, 0, 0, 1, 1, 0, 0, 1, 1, 0, 0, 0, 0, 1, 0, 0, 1, 1]","[0.041233162839808324, 0.7924439096556262, 0.021178913752435063, 0.579025927645339, 0.942858337341185, 0.8580432835293594, 0.0030185057066499646, 0.19954405812246417, 0.007304868402840014, 0.7941076600500552, 0.8855237681221868, 0.6464996840558975, 0.9098433981295994, 0.9177879659207919, 0.002494624767423274, 0.12661690020775748, 0.03029280965829623, 0.0006448224644467345, 0.6132103496465954, 0.022537313649894114, 0.6413700310160725, 0.9080442516544347, 0.9913109624140548, 0.8417115922047519, 0.3800121172123124, 0.015644338827680494, 0.5010813216687676, 0.225454357259216, 0.006211605351032824, 5.0181842083060006e-05, 0.8605355064308943, 0.004357094852514118, 0.005154497542644757, 0.6074173353870783, 0.947398732823587, 0.7922504232755098, 0.39478444683007297, 0.5742412949332509, 0.25676654857896997, 0.9540653958212643, 0.2521860030313385, 0.025058450001308394, 0.0023801432103307094, 6.173359204623327e-05, 0.5903920177871652, 0.9413923467484173, 0.23916691293659412, 0.01980785864182567, 0.0006091833175085931, 0.0060383875353014005, 0.639561485993728, 0.9594693877980467, 0.005339685653499981, 0.7796921393957452, 0.00844239132343998, 0.09685363502165238, 0.012581986304122472, 0.05853643129967674, 0.8387720878167405, 0.7872999724719825, 0.9864719562335892, 0.7387222579003558, 0.05918415419381499, 0.4733518163771701, 0.7305204083278715, 0.9780248442837846, 0.004293687602917237, 0.003840115571069261, 0.001823073649913869, 0.07951428523414915, 0.9041009297997997, 0.6647977057644466, 0.21985020392650875, 0.8777719681879886, 0.9594035785209016, 0.3481953077360222, 0.973019096094023, 0.005652193544496157, 0.9225875226895346, 0.3451755016013253, 0.9542996855245116, 0.2625088089010296, 0.9051422346928806, 0.9041916703991238, 0.004652175588916946, 0.0032221542740455073, 0.989944978850197, 0.7772966079392375, 0.0653466740032885, 0.6391000506724545, 0.006747169706229873, 0.9653236874864501, 0.007634786358024349, 0.004155411095794031, 0.04628466511119198, 0.8978657135681025, 0.24321401446869234, 0.005465667180602448, 0.8891306486080648, 0.32910142130752645, 0.9474662311255466, 0.8705457388927887, 0.7548488113656341, 0.006710966193094504, 0.9756636732313076, 0.9687568185911103, 0.3595144857139471, 0.550079456073353, 0.8737706011096279, 0.9552176782903822, 0.38247353000127104, 0.22453281985212364, 0.05425583348337593, 0.03842732584772769, 0.8453707082578168, 0.16120876874000872, 0.9830319830811035, 0.008947977615685023, 0.04690829411380193, 0.1366731160541826, 0.9573370507287384, 0.0005287652825107147, 0.9833963105269937, 0.018462829666335376, 0.009651918767777188, 0.013431015058902858, 0.08905421524573967, 0.0006626311725792386, 0.9560635045552751, 0.7177625051889464, 0.01726385291797517, 0.053613103704213384, 0.9807897345975751, 0.9669770845491638, 0.12445463991869224, 0.42958574328237253, 0.01778694248466228, 0.003815874697841489, 0.855151138698943, 0.005037956443873091, 0.012787254927888682, 0.8496307161926768, 0.9622073513716254]"
Logistic Regression,9,2,"[0, 1, 0, 0, 1, 0, 0, 0, 0, 1, 0, 0, 1, 0, 0, 1, 0, 1, 0, 0, 1, 1, 0, 0, 1, 1, 0, 0, 1, 0, 0, 0, 0, 0, 0, 0, 0, 1, 1, 0, 0, 0, 0, 1, 1, 0, 1, 0, 0, 1, 1, 0, 0, 0, 1, 0, 1, 0, 0, 0, 0, 1, 1, 0, 1, 0, 0, 1, 0, 0, 0, 1, 0, 0, 1, 0, 0, 1, 1, 1, 1, 0, 0, 0, 0, 1, 0, 0, 1, 0, 0, 0, 1, 1, 1, 0, 0, 0, 0, 0, 0, 0, 0, 1, 0, 0, 0, 1, 0, 0, 1, 1, 1, 1, 1, 1, 1, 0, 1, 0, 1, 1, 0, 1, 1, 0, 0, 1, 0, 1, 0, 1, 1, 0, 0, 1, 1, 1, 0, 1, 0, 0, 0]","[1, 0, 0, 0, 1, 0, 0, 0, 0, 1, 0, 0, 1, 0, 0, 1, 0, 1, 0, 1, 1, 1, 0, 1, 1, 1, 1, 0, 1, 0, 0, 0, 0, 0, 0, 0, 0, 1, 1, 0, 0, 0, 1, 1, 1, 0, 1, 0, 0, 1, 1, 0, 0, 1, 1, 0, 1, 0, 0, 0, 1, 1, 1, 0, 1, 0, 0, 1, 0, 0, 0, 0, 0, 0, 1, 0, 0, 1, 1, 1, 1, 1, 0, 1, 1, 1, 0, 0, 1, 0, 0, 0, 1, 1, 0, 0, 0, 1, 0, 0, 0, 0, 0, 1, 0, 1, 1, 1, 0, 0, 1, 0, 1, 1, 1, 1, 1, 0, 1, 0, 1, 1, 1, 1, 1, 1, 0, 0, 0, 1, 0, 1, 1, 1, 0, 1, 1, 1, 0, 1, 1, 0, 1]","[0.7778865826634462, 0.09845321580610122, 0.12843415869209435, 0.00262428072047976, 0.6498289747021541, 0.014174157305464745, 0.05191363176469738, 0.030422623108571297, 0.043389613615894364, 0.9235948464597544, 0.0036050615514858796, 0.2799204649812999, 0.8777791023161149, 0.011572903490196896, 0.005891792257841924, 0.9546782181732849, 0.0721673412348925, 0.9189921625199299, 0.018416996022733865, 0.6908796026583272, 0.6034366038325606, 0.9504994726061443, 0.053328364437691775, 0.5508060409879721, 0.943272662131078, 0.9566685499775918, 0.5011850261455838, 0.011973890864903249, 0.7845775827213339, 0.002030146824485424, 0.30409875383979745, 0.0002339073819976404, 0.014854080893624742, 0.0014729028989376837, 0.0012924890759123053, 0.10200057540148866, 0.11772105357136271, 0.8292176460989396, 0.8798937161159105, 0.006856976208204089, 0.24882284059916468, 0.003991938759041622, 0.5324455768043095, 0.9417032655984425, 0.9055940454549634, 0.0890209607251176, 0.987924286001143, 0.1883727344465312, 0.0012030827682900525, 0.9262320472864494, 0.9129782347255975, 0.0017132876763870397, 0.005745539751148356, 0.7147445707337773, 0.641630808651501, 0.00015706130958566345, 0.9519835398525847, 0.0018246013364361063, 0.027661238510713563, 0.12112965866391336, 0.8450594748857209, 0.8256852406262352, 0.9885748183705698, 0.06280198898922501, 0.9381178632576237, 0.0010002628623138688, 0.023307044033376557, 0.974067774531583, 0.0002578028519702154, 0.0003126066664245354, 0.10671922602447524, 0.27022599746099435, 0.001671679036463601, 0.19848542020084634, 0.8882502497953415, 0.20200104006138134, 0.4211754947062701, 0.8520415754543307, 0.5655833089946574, 0.8834510146981769, 0.9697724042278902, 0.561973466756919, 0.09011937349960654, 0.529338403236346, 0.6478419028274229, 0.9060839897001193, 0.011322689977276512, 0.20509496156293228, 0.7028089730104223, 0.222344092209315, 0.00029477233768502773, 0.006578477436648188, 0.9710338764907468, 0.8845853991395259, 0.1776799499451034, 0.19350495184234054, 0.0034765433884964983, 0.6347260917067064, 0.3100794206221439, 0.00037235265443824866, 0.0009185692839166798, 0.010520089395082586, 0.38175041197522763, 0.7728758271015966, 0.09361214567702998, 0.5096859043643824, 0.6557513017133111, 0.7956362970968655, 9.903732579199533e-05, 0.19285181679262253, 0.758070073593163, 0.2978393783977283, 0.7747123286171684, 0.9946260979174368, 0.9694228415861884, 0.9272320512985006, 0.965700478339026, 0.004179873109900061, 0.9045674122954953, 0.28331297214222795, 0.8445542526181447, 0.6837275884200817, 0.9725567904941218, 0.8796387442025552, 0.9950740166021124, 0.5706205590966983, 0.25199692509185556, 0.0003264494443529995, 0.431916724578301, 0.7969685474197422, 0.0005683916277676143, 0.9863098021232821, 0.8587031824173939, 0.6689395406729193, 0.03992603122862598, 0.8764350832154282, 0.6856014806227262, 0.6705616969152626, 4.1854275573502144e-05, 0.7875798682069888, 0.793951314565343, 0.37215045954262954, 0.5862383098504184]"
Logistic Regression,10,2,"[0, 0, 0, 0, 0, 0, 0, 0, 0, 0, 0, 1, 1, 0, 0, 0, 0, 1, 0, 0, 1, 1, 0, 0, 0, 1, 0, 0, 1, 1, 0, 1, 1, 1, 0, 0, 0, 0, 0, 1, 1, 1, 1, 0, 1, 0, 0, 0, 0, 0, 0, 1, 0, 0, 0, 1, 1, 1, 1, 1, 0, 1, 1, 0, 1, 0, 1, 0, 0, 1, 1, 0, 1, 0, 0, 0, 0, 1, 0, 0, 1, 0, 0, 1, 0, 1, 0, 1, 1, 1, 0, 1, 0, 1, 1, 0, 1, 1, 1, 0, 0, 1, 0, 0, 1, 0, 0, 0, 0, 1, 1, 0, 0, 0, 0, 0, 0, 1, 0, 0, 1, 1, 0, 0, 0, 1, 1, 1, 0, 1, 0, 1, 0, 0, 0, 0, 0, 1, 0, 1, 1, 0, 0]","[1, 0, 0, 1, 0, 0, 0, 0, 0, 1, 0, 1, 1, 0, 0, 0, 1, 1, 0, 0, 0, 1, 0, 0, 0, 1, 0, 0, 1, 1, 0, 1, 1, 1, 0, 0, 0, 0, 0, 1, 0, 0, 1, 0, 1, 0, 1, 0, 0, 1, 0, 1, 0, 0, 1, 1, 1, 1, 1, 1, 0, 1, 1, 0, 1, 0, 1, 0, 0, 1, 1, 0, 1, 0, 0, 0, 1, 0, 1, 1, 1, 1, 0, 1, 0, 0, 0, 1, 1, 1, 0, 1, 0, 1, 1, 0, 1, 1, 1, 1, 0, 1, 0, 1, 1, 0, 0, 0, 0, 1, 1, 0, 0, 0, 0, 0, 0, 1, 0, 0, 1, 1, 0, 1, 1, 1, 1, 1, 0, 1, 0, 1, 0, 0, 0, 0, 1, 1, 0, 1, 1, 0, 0]","[0.7744510782898608, 0.4096591409397339, 0.026551169414731166, 0.6542555154278711, 0.22930882395502084, 0.298754454259495, 0.022617850492514024, 0.0049765244218624854, 0.06079194679265884, 0.8879710763991242, 0.2747932963697902, 0.9404503441919474, 0.8653358550075106, 0.17576339043984648, 0.1401044387095498, 0.0007991560898542229, 0.5395260833547891, 0.9808846565158292, 0.1514749416792982, 0.2044475640241423, 0.44200240202707475, 0.9885356892553921, 0.005934524223848633, 0.03583301295989529, 0.08088957464007128, 0.9450683632518592, 0.09370484163894276, 0.023658978432095627, 0.7462870702670533, 0.9117315230386223, 0.14042622670413524, 0.6780938275921742, 0.9454010581392811, 0.7490488707621988, 0.022460792845010333, 0.10124362839881547, 0.03830544221831559, 0.07061506439249601, 0.28681895470239, 0.8786302971187699, 0.43548351239340993, 0.35644564343278584, 0.8160433938394971, 0.4287015052523257, 0.8883252845135294, 0.006025178279721039, 0.5612065229027088, 0.01663209095460417, 0.30816015670191366, 0.9879705058090671, 0.00323421117103259, 0.95184591583551, 0.006010994519305034, 0.016798420709255718, 0.9403527570496342, 0.8905436772596501, 0.8438861645611078, 0.8447225452708421, 0.8882774824477327, 0.8823705570134385, 0.19762238893465014, 0.8833765733039268, 0.9414885306238778, 0.00417283978273825, 0.9127939796769223, 0.051687520554418755, 0.6679082373314823, 0.07791719244242083, 0.003229454204563749, 0.7482071584256067, 0.9171326106213924, 0.17565191605428698, 0.9675816468633026, 0.012419870761878548, 0.004496115732121334, 0.03887503807065358, 0.8530561696347345, 0.3571344299656406, 0.7694854484581114, 0.8950176406309103, 0.9269565226632932, 0.9979197073187485, 0.05261232098886263, 0.6735173019304913, 0.3628125638723242, 0.4436447381977176, 0.004823860694416981, 0.9929890974063753, 0.6030173695517195, 0.9738830442070664, 0.0010258708979562626, 0.905670215402524, 0.074592771597885, 0.8490922219769245, 0.6292522804877023, 0.0032109596729152515, 0.5052730419453092, 0.8332978617815298, 0.8588103320600727, 0.5213119061377083, 0.2092101748180497, 0.9161087726806365, 0.02001658960092514, 0.9994146219133935, 0.7503110303845517, 0.18133317863720458, 0.24008155378693352, 0.25743566578558763, 0.031540390136552424, 0.9864410480292464, 0.6362438002157003, 0.012090282211581515, 0.04536795513714554, 0.014632708781246749, 0.002476867599941775, 0.009382701045242286, 0.05258170151203277, 0.9789514516297203, 0.030256388141829967, 0.049247638237115775, 0.9945120504800362, 0.626774394379344, 0.010585213888153774, 0.6491742405814261, 0.8786753734418421, 0.9986606411145365, 0.891375793388397, 0.9953115261965204, 0.0058087084031503864, 0.9492452016306095, 1.2571266149609835e-05, 0.958669852491106, 0.10329501591622897, 0.002988234498352914, 0.11688835661766872, 0.09917982119677204, 0.8711964899570495, 0.9910442072944926, 0.040461291559167174, 0.8133398149841479, 0.8354703217904202, 0.006039904019075989, 0.01196233777621571]"
Logistic Regression,11,3,"[1, 1, 1, 0, 0, 0, 1, 0, 0, 0, 0, 0, 1, 1, 1, 1, 0, 0, 0, 0, 0, 1, 0, 1, 0, 0, 0, 1, 0, 1, 0, 1, 0, 0, 0, 0, 1, 0, 0, 0, 0, 1, 0, 1, 0, 0, 1, 1, 0, 0, 1, 0, 1, 1, 0, 1, 0, 0, 0, 0, 0, 1, 0, 0, 0, 1, 1, 1, 1, 1, 1, 1, 0, 0, 1, 0, 0, 1, 1, 0, 1, 1, 0, 1, 0, 0, 0, 1, 1, 0, 1, 1, 1, 0, 0, 1, 1, 0, 0, 1, 0, 0, 0, 1, 1, 0, 1, 0, 1, 0, 0, 0, 0, 0, 0, 0, 0, 0, 0, 1, 0, 1, 0, 1, 0, 1, 0, 0, 1, 0, 1, 0, 0, 0, 0, 0, 0, 0, 0, 0, 0, 1, 1, 1]","[1, 0, 1, 1, 0, 1, 1, 0, 0, 0, 1, 1, 1, 1, 1, 1, 0, 1, 0, 0, 0, 1, 0, 1, 0, 0, 0, 1, 0, 1, 0, 1, 0, 1, 0, 0, 1, 0, 0, 0, 0, 0, 0, 1, 0, 0, 1, 1, 1, 0, 1, 0, 1, 0, 0, 1, 0, 0, 0, 0, 0, 1, 0, 1, 0, 1, 1, 1, 1, 1, 0, 1, 0, 0, 1, 0, 0, 1, 1, 0, 1, 1, 0, 1, 0, 1, 1, 1, 1, 0, 1, 1, 1, 0, 0, 1, 1, 0, 0, 1, 0, 0, 1, 0, 1, 0, 1, 0, 1, 1, 1, 0, 0, 1, 0, 0, 0, 0, 0, 1, 0, 1, 0, 1, 0, 1, 0, 0, 1, 1, 1, 0, 0, 0, 0, 0, 0, 1, 0, 0, 1, 1, 1, 1]","[0.5130227279848348, 0.09749212157795058, 0.954009972496045, 0.8875366027332495, 0.0001290699596436856, 0.9368826867507671, 0.8433361657870002, 0.019567013297733322, 0.0018553411020609501, 0.023347953293318745, 0.6606229193916703, 0.8987660667385305, 0.9007957450068529, 0.9707982010118823, 0.9520105103250758, 0.9470648029806842, 0.012091782075495088, 0.5163475126741949, 0.10410516136013565, 0.0423762317429084, 0.015713511358993196, 0.8942973119829867, 0.0003789675475450642, 0.9197006088943794, 0.10207239580824329, 0.045498205444986756, 0.41347149178637466, 0.6156714123002908, 0.009292967226475794, 0.9678544811717225, 0.1835026851239661, 0.7503855891064218, 0.031133836395018946, 0.5884156987869729, 8.28426001602578e-05, 0.01945357867111537, 0.8963180934805259, 0.38475348114874175, 0.0007629935356068369, 0.0030521572539584743, 0.3451866422842504, 0.012758272951711556, 0.16179761758928177, 0.8974167387729862, 0.06017918621388087, 0.0223389146196866, 0.8887300391122112, 0.9728133837624399, 0.528360243286309, 0.0004027342354068047, 0.9075009243960916, 0.003265561573529159, 0.9570769578359749, 0.24860231945841646, 0.0007891980723205507, 0.9310866728549779, 0.019531913874823944, 0.00131519313578723, 0.012297978238205349, 7.939117404735635e-05, 0.32991250406438455, 0.9344274610397654, 0.00945600739439722, 0.7170379147015935, 0.035586771574141585, 0.9720218275557948, 0.9845789417598311, 0.8229530468302025, 0.9232102319979819, 0.8688882321211765, 0.1477738858082821, 0.7630648844984408, 0.13166697149639295, 0.01390985913186158, 0.9900927794499527, 0.16640518434335078, 0.19008947449644334, 0.8796737004018297, 0.9344645127784096, 0.004550600839270705, 0.7468794738208316, 0.9923415355452399, 3.514365523095833e-08, 0.9474613429794692, 0.012885040615079973, 0.87660501134571, 0.894618925840132, 0.9401548937053443, 0.9820073175343756, 0.024809026361232837, 0.9105585742499717, 0.9219082659235851, 0.7048807657447095, 0.0002711226501579473, 0.034511962014245195, 0.8944818452961176, 0.8922840790303259, 0.0006104884030950342, 0.005689218990573945, 0.8908095095446642, 0.25595986708709156, 0.0006698785490604156, 0.9422922347839232, 0.002421796740336947, 0.7848281864189876, 0.059800416732537325, 0.6260517453430297, 0.013209303277267444, 0.9444313924908105, 0.8970027628055668, 0.9987430899642555, 0.45306213779590626, 0.003962749742913774, 0.8953350669501055, 0.03734975122605218, 0.2432017548974622, 0.00787844506278799, 0.010888098670566455, 0.3601845223208594, 0.8668998517915629, 0.00040402936767559, 0.6307054801418085, 0.07093059731579081, 0.8228424090083565, 0.020935364599803958, 0.9544926958952294, 0.00227070602656412, 0.004487795076912626, 0.9904110510832203, 0.920853517654193, 0.9684037176408706, 0.07470205899040484, 0.00961353409399289, 0.03301978361682067, 0.388157942557582, 0.006748135405407311, 3.748923266946917e-05, 0.5652192812510439, 0.012201366354267886, 0.046541015497517504, 0.8877666855540458, 0.837367195914951, 0.8925774815675068, 0.5926405248233265]"
Logistic Regression,12,3,"[1, 0, 0, 0, 0, 1, 0, 0, 1, 0, 0, 0, 0, 0, 0, 0, 0, 1, 1, 0, 1, 0, 1, 1, 1, 0, 0, 0, 1, 1, 0, 0, 0, 1, 0, 0, 0, 1, 0, 0, 0, 0, 1, 0, 1, 0, 0, 1, 1, 1, 1, 0, 1, 0, 1, 0, 0, 0, 0, 1, 0, 0, 1, 1, 1, 1, 0, 1, 1, 1, 0, 0, 0, 1, 0, 0, 1, 1, 0, 0, 0, 1, 1, 1, 1, 0, 0, 0, 1, 0, 0, 1, 1, 0, 0, 1, 1, 0, 1, 1, 0, 1, 1, 1, 0, 0, 0, 1, 1, 1, 1, 0, 1, 1, 0, 0, 0, 0, 1, 1, 0, 1, 1, 1, 0, 1, 0, 1, 1, 1, 0, 0, 1, 1, 0, 0, 1, 0, 1, 0, 1, 0, 0]","[1, 1, 0, 1, 0, 0, 0, 0, 1, 0, 0, 0, 0, 0, 0, 1, 0, 1, 1, 0, 1, 0, 1, 1, 1, 0, 1, 0, 1, 1, 0, 0, 0, 1, 0, 0, 0, 1, 0, 0, 0, 1, 0, 0, 1, 0, 1, 1, 1, 0, 1, 0, 1, 0, 1, 0, 0, 0, 0, 1, 0, 0, 1, 1, 1, 1, 0, 1, 1, 1, 0, 0, 0, 0, 1, 0, 1, 1, 0, 0, 0, 1, 1, 1, 1, 0, 0, 0, 1, 0, 1, 1, 1, 0, 0, 1, 1, 0, 1, 1, 0, 1, 1, 1, 0, 0, 0, 1, 1, 1, 1, 1, 1, 1, 0, 0, 1, 1, 1, 1, 0, 1, 1, 1, 0, 1, 0, 1, 0, 1, 1, 0, 1, 1, 1, 0, 1, 1, 1, 0, 1, 0, 0]","[0.9682430975987993, 0.7487970915161611, 0.45425583959255095, 0.5914453040536721, 0.03999298142532076, 0.436893587407058, 0.023345760982333, 0.4944384329231513, 0.866968191397972, 0.3078062669892768, 0.03281682613923832, 0.0008933316116689555, 0.22135547793532606, 0.24083734522522174, 0.016548152557302406, 0.6051573244495084, 0.16677519801495427, 0.5852249201976897, 0.7079684063424149, 0.02481195569982453, 0.5488532521508181, 0.05755462940880916, 0.9622722763875575, 0.9883758057276274, 0.8233087303772507, 0.007948362493123785, 0.5038593744062371, 0.027136798766514536, 0.9400026466298705, 0.7818702371238635, 0.007744620514920785, 0.00010519682089332848, 0.00347759313304695, 0.9693300924591077, 0.007690608701870199, 0.006306944895348528, 0.02817466467766619, 0.9152217096842705, 0.2744884457983689, 0.05448156905054304, 0.18195184494502298, 0.542909113323514, 0.3151947698082805, 0.3424178205147986, 0.9454084423845908, 0.0372293942025816, 0.6941254452767621, 0.7830619639525034, 0.933440622802654, 0.4666359320127304, 0.5303731240423161, 0.04532052732818464, 0.8971537675355622, 0.0020839294888941057, 0.8683681846369777, 0.0010550218169098021, 0.006564500715390965, 0.007897688898063564, 0.004283295585511465, 0.9851870148360701, 0.1673999227892593, 0.0012850641170242293, 0.5215632506737852, 0.8581934378588119, 0.6114827712834109, 0.9730287294905733, 0.0314014529560891, 0.9031284495185885, 0.6643549099829615, 0.9525857810861905, 0.16987877390464223, 0.20550517766896695, 0.07599370539757369, 0.40416568626078303, 0.6930597370945282, 0.009109161507449566, 0.8506909171876501, 0.8724334915111346, 0.3495456446830298, 0.009340926814031824, 0.4907718829722867, 0.7469400201526646, 0.5674610335099202, 0.8743827649479301, 0.7545802593155678, 0.0035762693312148034, 0.009565751815530897, 0.0033099974414237867, 0.8257061586203581, 0.08876046926968331, 0.6147972782043218, 0.7535741025640865, 0.9563391101024225, 0.05433180360035219, 0.2678602939458081, 0.8659586262147069, 0.9627783311346646, 0.3517839283533621, 0.9514769568567254, 0.9532528281279432, 0.1983081804453398, 0.555322998817584, 0.7775737943529317, 0.9610224254128442, 0.00044069561517663225, 0.01621219663085986, 0.38393183227806893, 0.9325420347415183, 0.7322479673597868, 0.9579369875517473, 0.8984473154135582, 0.5845923812883843, 0.9598884552789448, 0.7656533163461444, 0.0373852066636722, 0.3357548243003035, 0.6755219180092763, 0.7166523490554493, 0.867380122143129, 0.9477006430853666, 0.09253119168152553, 0.8640142727631867, 0.963238445093666, 0.63675917551759, 0.1426488636698357, 0.8128672981830634, 0.09559090080424813, 0.9812414718531378, 0.16025856452038018, 0.9021856011949938, 0.9076082449222707, 0.02520118665083938, 0.9818079354362982, 0.9704020424340059, 0.684879774313067, 0.16942101378204952, 0.6280511848874178, 0.507156562850251, 0.6488595376403696, 0.029525398604629577, 0.9150369721982329, 0.004736606229512051, 0.0018724657951540128]"
Logistic Regression,13,3,"[1, 0, 0, 1, 1, 0, 1, 0, 0, 1, 0, 1, 1, 0, 1, 0, 0, 1, 1, 0, 0, 1, 0, 0, 1, 1, 1, 0, 0, 0, 0, 0, 0, 1, 0, 1, 0, 0, 1, 0, 1, 0, 1, 1, 0, 1, 1, 1, 1, 0, 1, 0, 1, 1, 1, 0, 0, 0, 0, 1, 0, 1, 1, 0, 1, 1, 0, 0, 0, 1, 1, 0, 0, 0, 0, 0, 0, 1, 0, 1, 0, 1, 1, 0, 1, 1, 0, 1, 0, 1, 0, 0, 0, 0, 1, 0, 0, 0, 0, 1, 0, 1, 1, 1, 1, 1, 0, 1, 1, 0, 0, 0, 0, 0, 1, 0, 0, 0, 1, 1, 0, 0, 0, 1, 0, 0, 0, 0, 1, 0, 1, 0, 1, 0, 1, 0, 0, 0, 0, 1, 0, 1, 0]","[1, 1, 0, 1, 1, 0, 1, 0, 0, 1, 1, 1, 1, 0, 1, 0, 0, 1, 0, 0, 0, 1, 0, 0, 1, 1, 1, 0, 0, 0, 0, 0, 0, 1, 0, 1, 0, 0, 0, 0, 1, 1, 0, 1, 0, 1, 1, 1, 1, 0, 1, 1, 1, 1, 0, 0, 0, 0, 0, 1, 0, 1, 1, 0, 1, 0, 0, 0, 1, 1, 1, 0, 0, 0, 0, 0, 0, 1, 0, 1, 1, 1, 1, 0, 1, 1, 1, 1, 1, 1, 0, 0, 0, 0, 0, 0, 0, 0, 0, 1, 0, 1, 1, 1, 1, 1, 0, 1, 1, 0, 0, 0, 0, 0, 1, 0, 0, 0, 1, 1, 0, 1, 0, 1, 1, 1, 0, 0, 1, 0, 1, 0, 1, 0, 0, 0, 0, 0, 1, 1, 0, 1, 1]","[0.9774132636289894, 0.7750136005835674, 0.006581806432535561, 0.8495254732309124, 0.5349849514754814, 0.10253612033784215, 0.956929699816242, 0.015769752818919593, 0.0601640926206232, 0.9045724234329414, 0.8820264032136612, 0.9694774081193934, 0.8711506163165628, 0.008639814564794018, 0.9665768137381046, 0.00029126861785093346, 0.001788389975642042, 0.9882070357661418, 0.1862254974414647, 0.003393427366879552, 0.0005605276423428829, 0.9808123414816589, 0.024467299947769448, 0.02868309162414803, 0.6713953908350314, 0.9726320127020869, 0.9770536248871237, 0.01831534447426816, 0.003175571240278163, 0.001575575521624156, 0.00925562736832885, 0.3792720655296398, 0.005305981158742237, 0.9499547495301278, 0.004899232003665668, 0.9427101901866004, 0.20570280829627985, 0.011043617884167137, 0.45732924073330666, 0.011738682484443111, 0.5563077718333018, 0.5080588776039365, 0.38400338685547514, 0.930394351015783, 0.21617412515702988, 0.8490264121878361, 0.8617307748414266, 0.9611880387836242, 0.9632754702413404, 0.0047522852684476966, 0.7928686578440681, 0.9909435466351354, 0.9559271067522466, 0.9537877543466506, 0.19354018112587762, 0.000927784947799977, 0.005449675680777636, 7.184567193303768e-07, 0.16071055203485388, 0.9225592024338429, 0.004879886459344786, 0.7847548525267459, 0.5343714483455705, 0.005098635828932638, 0.9963469949939124, 0.1229994409149848, 0.2680033525713615, 0.015645619081399085, 0.8533285270317914, 0.8844739384527267, 0.7054625581982442, 0.07444808127325842, 0.003272992429511456, 0.004562716552981893, 0.003584179202573695, 0.060368503415510456, 0.0020262701473716233, 0.7411958294424674, 0.3543768257097464, 0.9104081258492882, 0.974952976151577, 0.9329251744580971, 0.9623008435412223, 0.006197224893277121, 0.907942669624997, 0.9268423607357377, 0.8823255774177997, 0.8875438053542406, 0.5533159794804999, 0.9568140430860199, 0.007842760147019586, 0.20725659887398765, 0.0006926019741128392, 0.0017273355486018714, 0.4651028950245637, 0.004721004045556024, 0.4454040650977199, 0.1996205540076616, 0.0002872062063091234, 0.760081523466389, 0.413350691998486, 0.8543202658168698, 0.5484358683355373, 0.9817208070790926, 0.9724627437537261, 0.8118567044007783, 0.22903344704775763, 0.7740257599938004, 0.9950498653216259, 0.4530877729518061, 0.20218419386576536, 0.25053094158177586, 0.008302133936444465, 0.009398408236908178, 0.8905355779289879, 0.36312467987438657, 0.1531037255579795, 0.003145113145483962, 0.9878900433082404, 0.9603697740817876, 0.014322317745724726, 0.9773240942661698, 0.05385546774254078, 0.9944193237086507, 0.7945113760866763, 0.8735058411169697, 0.020552136307815452, 0.0014813140924013095, 0.9927220553134195, 0.0013969325458849454, 0.8841723548533977, 0.0001871458759059693, 0.6972936465510631, 0.04768002333032981, 0.08117627869576784, 0.0074443585442086286, 0.017230905068805803, 0.015953449246711538, 0.8161506968402, 0.8019706137379666, 0.00782875543133074, 0.8118852674386385, 0.6010135479461285]"
Logistic Regression,14,3,"[0, 0, 0, 1, 0, 1, 0, 0, 1, 0, 0, 0, 1, 0, 0, 0, 1, 0, 0, 0, 0, 1, 0, 1, 1, 0, 0, 0, 1, 0, 0, 1, 0, 1, 0, 0, 1, 1, 0, 0, 1, 0, 1, 0, 1, 1, 0, 0, 0, 0, 1, 0, 0, 0, 0, 0, 0, 0, 0, 0, 1, 1, 1, 1, 0, 0, 0, 1, 0, 0, 1, 1, 1, 0, 0, 0, 0, 1, 0, 1, 0, 0, 1, 0, 0, 1, 0, 1, 1, 0, 1, 1, 1, 1, 0, 0, 1, 1, 1, 0, 0, 0, 0, 0, 1, 0, 1, 1, 0, 1, 0, 1, 1, 0, 1, 0, 0, 0, 0, 1, 0, 0, 0, 0, 1, 0, 0, 0, 1, 1, 1, 1, 1, 1, 1, 1, 0, 1, 0, 1, 0, 0, 0]","[0, 0, 0, 1, 0, 1, 1, 1, 1, 0, 0, 0, 1, 0, 0, 0, 1, 0, 0, 1, 0, 1, 1, 0, 0, 0, 0, 0, 0, 0, 0, 1, 0, 1, 0, 0, 1, 1, 0, 1, 0, 0, 0, 0, 1, 1, 0, 0, 0, 0, 1, 0, 0, 0, 0, 0, 0, 0, 0, 0, 1, 1, 0, 1, 0, 0, 0, 1, 0, 0, 1, 1, 1, 1, 0, 0, 1, 1, 0, 1, 0, 0, 1, 0, 0, 1, 1, 1, 1, 0, 1, 1, 0, 1, 0, 0, 1, 1, 1, 0, 1, 0, 0, 0, 1, 0, 1, 1, 0, 0, 0, 1, 1, 0, 1, 0, 1, 0, 0, 1, 0, 1, 0, 0, 0, 0, 0, 0, 1, 1, 1, 1, 1, 1, 1, 1, 0, 1, 0, 1, 0, 0, 0]","[0.044581297507995214, 0.010348613931468924, 0.38794074382537247, 0.9051997575237107, 0.0047968828012142665, 0.9252755420100895, 0.6278894099368971, 0.745429864169902, 0.5004489538888013, 0.034652849624490625, 0.0007932826461261941, 0.0078821962191973, 0.9326237504728145, 0.005240739440451834, 0.00581045512454892, 0.2331142190332435, 0.9551868155481963, 0.012582742632115295, 0.019131902184575653, 0.6897007931727555, 0.04867402464373078, 0.7753591252958508, 0.6656352975958009, 0.4472994426496026, 0.47842187133201347, 0.010201211480943308, 0.09295944278465752, 0.4710467454790383, 0.38208864649203783, 0.014430092792852083, 0.32709411070498395, 0.9339667854936876, 0.08170121585352148, 0.8307331853383425, 0.003949878947847074, 0.45799680873534304, 0.8489057998416786, 0.9419557103428788, 0.2375802477988362, 0.6441831695796896, 0.4645434858165975, 0.011325040177353814, 0.37966260622178366, 0.4243593251216365, 0.9589202443067899, 0.9929277082634184, 0.011427325013629622, 0.00231341987760975, 0.014007654768995535, 0.00043321489698878996, 0.5898859953904877, 0.0003724808726909858, 0.005353988194645949, 0.0007381383586030468, 0.01196201893036469, 0.0560174036298904, 0.29363060066115554, 0.08066802117479753, 0.003165243274908664, 0.0009739580270897804, 0.921427260251317, 0.9419865292162602, 0.18033913094348356, 0.9608725071362274, 0.21282861832539635, 0.0987946095083629, 0.1148235235261818, 0.9219856942760197, 0.1669343595043013, 0.3991546071956293, 0.7950894467044, 0.9136944037388856, 0.5418045104453775, 0.5238570348271547, 0.08684067868139764, 0.0049111818178575765, 0.5599341307633318, 0.7624761940252598, 0.00027536390253612476, 0.9538295021142879, 0.16930207789524981, 0.24185566809472434, 0.8899555048234142, 0.002253347746412165, 0.22218721928878557, 0.9888595170971278, 0.963536017352554, 0.9602953628270129, 0.8613456637011507, 0.048294820192494474, 0.9562087674811413, 0.8004840414221568, 0.473016539393166, 0.8979209056808979, 0.0022376600440119805, 0.01468951815544364, 0.8549022330296235, 0.8862968136152529, 0.7542466259516978, 0.014980229091125445, 0.6864787460168038, 0.0014935138409283733, 0.2746382079405515, 0.05292916653075606, 0.8852545650797589, 0.0015621828974351358, 0.9454740990246905, 0.757621226800048, 0.4458417415602014, 0.2915754573568113, 0.012099819249103813, 0.9663281869097774, 0.9342953734884591, 0.015524897394203966, 0.9031382916908987, 0.0010865257925783479, 0.792690623359646, 0.001324902770434778, 0.017184235516765848, 0.9216184170274897, 0.07074828437966314, 0.5305095839633603, 0.005491816588575129, 0.18188425711272804, 0.0029137458602062137, 0.20760342787203045, 0.00044128410576265044, 0.33738296022201797, 0.8916465086136647, 0.6743165608306964, 0.9284662425310845, 0.8175793918505168, 0.9813715181476498, 0.885156802763302, 0.8670969183001144, 0.9227529332894346, 0.1189333154509338, 0.7168434212951007, 0.23469877665023017, 0.7994524155866446, 0.005095548214236173, 0.015231539814674969, 0.0069299699168237396]"
Logistic Regression,15,3,"[0, 1, 0, 1, 0, 1, 1, 0, 0, 0, 1, 1, 1, 1, 1, 0, 0, 0, 1, 0, 1, 1, 0, 1, 1, 1, 0, 1, 0, 0, 1, 0, 1, 0, 1, 0, 0, 1, 0, 0, 0, 1, 0, 1, 1, 0, 1, 0, 0, 0, 0, 0, 0, 0, 1, 1, 0, 1, 1, 1, 0, 1, 0, 0, 1, 0, 0, 0, 0, 0, 0, 1, 0, 0, 1, 1, 1, 1, 0, 0, 0, 1, 1, 0, 0, 0, 1, 1, 0, 0, 1, 0, 1, 0, 0, 1, 1, 1, 1, 0, 0, 0, 0, 0, 1, 0, 0, 1, 1, 0, 0, 1, 0, 0, 1, 0, 1, 1, 1, 0, 0, 1, 1, 1, 0, 0, 0, 1, 1, 0, 1, 0, 0, 0, 0, 0, 1, 0, 0, 1, 1, 0, 1]","[0, 1, 0, 0, 0, 1, 1, 0, 0, 1, 1, 0, 1, 1, 1, 0, 0, 0, 1, 0, 1, 1, 0, 1, 1, 1, 0, 1, 0, 0, 1, 0, 1, 0, 1, 1, 0, 1, 0, 0, 0, 1, 0, 1, 1, 0, 1, 0, 1, 0, 0, 0, 0, 1, 1, 1, 1, 1, 1, 0, 0, 1, 0, 0, 1, 0, 0, 0, 0, 0, 1, 1, 0, 0, 1, 1, 1, 1, 0, 1, 0, 0, 1, 1, 1, 0, 1, 1, 0, 0, 1, 0, 0, 0, 1, 1, 1, 1, 1, 0, 0, 0, 0, 1, 1, 0, 0, 1, 1, 0, 0, 1, 0, 0, 1, 0, 1, 1, 1, 0, 0, 1, 1, 1, 0, 1, 1, 1, 0, 0, 1, 0, 0, 0, 0, 1, 1, 0, 0, 1, 1, 0, 1]","[0.04299281580740274, 0.8925456902972055, 0.004038763666161015, 0.08461782691523025, 0.1116666594500344, 0.6287107001719139, 0.6185887267139949, 0.3129754011056407, 0.07773715107657644, 0.8739985442849156, 0.8523192883055055, 0.06811909532537165, 0.9182389790623424, 0.8837485102583912, 0.8206921081857229, 0.14063017994982038, 0.05508503724130766, 0.14031159665388845, 0.9566925744817562, 0.04578291910782936, 0.9817164095411954, 0.520267950227533, 0.21626315317900258, 0.9704365281066415, 0.8174104999876526, 0.9584284245862319, 0.013406421390424625, 0.6716341936376821, 0.13616972312443745, 0.012870420944393989, 0.7035537789338597, 0.0027780262039885685, 0.8871211899106324, 0.11002816480262163, 0.5933315053344743, 0.5706757856306792, 0.09142575531235853, 0.7163954719868253, 0.026354194070585996, 0.028809692135621498, 0.09530987051701403, 0.8929080231913512, 0.01088332382437481, 0.675434019290812, 0.8614460366918846, 0.11614640290884569, 0.8945672090720452, 0.003410928036564988, 0.5235340955664943, 0.0023749095040257336, 0.0010043916466697948, 0.3393232394382975, 0.03727843132847582, 0.9362482449999561, 0.8449534815185432, 0.9713744518078741, 0.8561895171776043, 0.8311378513754261, 0.836186781227028, 0.16055926284773228, 0.21213056917925485, 0.9469177171811702, 0.01663595985464361, 0.027016278442527554, 0.8954324215707874, 0.003937692300472293, 0.06883619626476825, 0.11819564479624343, 0.0405745555614337, 0.0066453340397477495, 0.7443209467400931, 0.7060607668491596, 0.08122292820460147, 0.11070285713766376, 0.9117443904131268, 0.879270063602374, 0.9762751611810306, 0.974977706158841, 0.2419493942340699, 0.5673217679403095, 0.037030834965506215, 0.3046090255691146, 0.8963105122440309, 0.9563692895919325, 0.7611445977052402, 0.0029443702165131594, 0.9554047489829374, 0.9342470999860997, 0.0010885617619379377, 0.012565718197006357, 0.6136633590140692, 0.3552294375403642, 0.22257886162123305, 0.16485916127540043, 0.6091092042939735, 0.9467758842554734, 0.9796198910903589, 0.7782917772471607, 0.9696808950945067, 0.0682651913971938, 0.004374334100086385, 0.07713031674002085, 0.06959611243258967, 0.5352145319945453, 0.7252893079416795, 0.004136105443999205, 0.004048183922885365, 0.8797834876645119, 0.7614960521203976, 0.38288046540414084, 0.44161186579363665, 0.9612211926896004, 0.014578185377251448, 0.15600000050885376, 0.8779883932546545, 0.2992110827360841, 0.6697204504059355, 0.9409520853639349, 0.8214323126039454, 0.008794250853316343, 0.004677399492429356, 0.9862803213716181, 0.9658952798265051, 0.981524654413771, 0.35306936155096125, 0.6837046590650777, 0.5304505460580671, 0.9370898019218237, 0.3377931975467614, 0.00011906471944224747, 0.9839884624166114, 0.12081898114767653, 0.0037902910120511265, 0.07161916823091946, 0.11638855691419266, 0.8933639274203218, 0.986567136586246, 0.03927933439855434, 0.3517750842150755, 0.7851909063142688, 0.7985057839778116, 0.10058433406890138, 0.9639250157341107]"
Logistic Regression,16,4,"[1, 1, 1, 1, 0, 1, 1, 1, 1, 0, 0, 0, 0, 1, 0, 1, 0, 1, 1, 1, 0, 0, 1, 0, 0, 1, 1, 0, 0, 0, 0, 0, 1, 0, 1, 0, 0, 0, 0, 0, 1, 0, 0, 1, 0, 0, 0, 1, 0, 0, 0, 0, 0, 1, 0, 0, 1, 1, 0, 0, 1, 1, 1, 0, 1, 1, 0, 1, 1, 0, 1, 1, 1, 0, 1, 0, 1, 1, 1, 0, 1, 1, 1, 1, 1, 1, 1, 0, 0, 0, 1, 1, 0, 1, 0, 0, 0, 0, 1, 1, 1, 1, 0, 1, 1, 1, 0, 1, 1, 0, 0, 0, 0, 0, 1, 0, 1, 0, 1, 0, 1, 1, 1, 0, 0, 0, 0, 0, 0, 1, 0, 0, 0, 1, 0, 0, 1, 0, 1, 0, 0, 0, 1, 0]","[1, 1, 0, 1, 0, 1, 1, 1, 0, 0, 0, 0, 0, 1, 0, 0, 1, 1, 1, 1, 0, 0, 1, 0, 0, 1, 1, 0, 0, 0, 0, 0, 1, 0, 1, 0, 1, 0, 0, 0, 0, 0, 0, 1, 0, 1, 1, 1, 0, 0, 0, 0, 0, 1, 0, 0, 1, 0, 0, 0, 1, 1, 1, 0, 1, 1, 0, 1, 1, 0, 1, 1, 1, 0, 1, 0, 1, 1, 1, 1, 1, 1, 1, 1, 1, 1, 1, 0, 0, 0, 1, 1, 0, 1, 1, 0, 0, 0, 0, 1, 1, 1, 0, 1, 1, 1, 0, 1, 1, 0, 0, 0, 0, 1, 1, 0, 1, 0, 1, 0, 1, 1, 1, 0, 0, 1, 0, 0, 0, 1, 0, 0, 1, 1, 0, 0, 1, 0, 1, 0, 0, 0, 1, 0]","[0.9614058680064639, 0.926176374440656, 0.11301145607146061, 0.8904005056952542, 0.02716992573592516, 0.929465431682298, 0.8948576423857355, 0.9504884018566088, 0.4966034345996153, 0.00020974333314266832, 0.22259113708956144, 0.020475324130994878, 0.2749520795996996, 0.9525505722111254, 0.010289096763310487, 0.13997764448599917, 0.5883440067523515, 0.8739785813940378, 0.9531438880204041, 0.7937790813379533, 0.0015250526796292147, 0.13638600031519346, 0.6252495690997354, 0.04107760566244353, 0.0008371975601388754, 0.9675448894403335, 0.5930215050639954, 0.0027789307092581767, 0.4585565403571103, 0.007897499521382592, 0.0028849646291491003, 0.0009273554713043396, 0.9334723684569172, 0.003348624182421693, 0.96959728604437, 0.004609636322687199, 0.5836460842009975, 0.21102426903696728, 0.015993524605611605, 0.23134328235101295, 0.38736064522783453, 0.09012564188617617, 0.04324678110557118, 0.9569446007897687, 0.0008550803324115372, 0.5669613448603026, 0.7017575777524039, 0.9101001510275227, 0.026300273692153465, 0.003406022475813396, 0.02440649054169789, 1.2241554355458188e-06, 0.03208731431130046, 0.8825632396921099, 0.3897735602328524, 0.0020158663946269664, 0.8780601610268434, 0.136867996353123, 0.2563581732723809, 0.2544392283631007, 0.9646810016931323, 0.9132363020209195, 0.7562081101314871, 0.09064797304610753, 0.9551548727070436, 0.965680626609438, 0.002122488082459792, 0.6713362143831632, 0.9912454666378706, 0.19291561309352945, 0.761782604511316, 0.8933842826722805, 0.9918045752810594, 6.934895408343628e-08, 0.9449571437491917, 0.0048280665102790445, 0.9188906413588321, 0.9281566465988801, 0.8929213336632914, 0.9422066008178749, 0.9788962964119952, 0.948616310981984, 0.9662132357995354, 0.810725573514384, 0.9247574776142413, 0.9186406487566484, 0.6728158043292733, 0.09095941888921574, 0.0004911975360440052, 0.0006733132017661597, 0.8633421505422441, 0.7487170429606131, 0.020194652148661296, 0.8552710147863627, 0.6907381137630334, 0.0011960144602447527, 0.2643601036330047, 0.4553222161224101, 0.004492201349803437, 0.6439720737375642, 0.9076518731363267, 0.9588767019060837, 0.46606980420709315, 0.9027982175761524, 0.9209142550769998, 0.6527662804299592, 0.2242231561234086, 0.9141999328271153, 0.891554709360431, 0.016678826431937136, 0.025743647791609526, 0.01639878891393701, 0.0012001147062935015, 0.6226249138695891, 0.9269533916763087, 0.0009320919499540606, 0.5987252517975125, 0.10602210267328918, 0.7902101927758166, 0.08968553682039451, 0.6236008931549263, 0.9638636852779858, 0.9511786841855739, 0.17632747383109282, 0.2998060257965536, 0.5462835536397649, 0.00825474428841773, 0.019518590265182087, 0.040521710859181936, 0.9261675517614552, 0.015610842414768206, 0.05053236840305635, 0.6834574119708486, 0.8643587181305911, 0.019505000985890846, 0.020961393431556223, 0.564609194123608, 0.27226246342912397, 0.9347420795639705, 0.02189867320585574, 0.36998738428962186, 0.07861839352012577, 0.7941481588589167, 0.001409908899740524]"
Logistic Regression,17,4,"[0, 1, 1, 0, 0, 1, 0, 0, 0, 0, 1, 0, 0, 0, 1, 0, 0, 0, 0, 1, 1, 0, 1, 0, 1, 1, 1, 0, 0, 0, 0, 1, 1, 1, 0, 1, 0, 0, 1, 0, 0, 0, 0, 1, 0, 0, 1, 0, 0, 1, 1, 1, 0, 1, 0, 0, 0, 1, 1, 1, 1, 1, 0, 1, 1, 0, 0, 0, 0, 0, 0, 0, 0, 1, 1, 0, 1, 0, 0, 1, 0, 0, 0, 0, 0, 0, 0, 1, 0, 0, 0, 1, 1, 0, 0, 1, 0, 0, 0, 1, 1, 0, 1, 0, 1, 0, 1, 0, 1, 1, 0, 0, 1, 1, 0, 0, 0, 0, 1, 0, 0, 1, 0, 1, 1, 0, 0, 1, 1, 1, 0, 1, 1, 0, 1, 1, 1, 1, 1, 0, 0, 0, 0]","[0, 1, 1, 0, 0, 0, 0, 1, 1, 0, 1, 0, 0, 0, 1, 0, 0, 0, 0, 1, 0, 0, 1, 0, 1, 1, 1, 0, 0, 1, 0, 1, 1, 1, 0, 1, 0, 0, 1, 0, 0, 0, 0, 1, 1, 0, 0, 0, 1, 0, 1, 1, 1, 1, 0, 0, 0, 1, 1, 1, 1, 0, 0, 1, 1, 0, 0, 0, 0, 0, 0, 0, 0, 1, 1, 0, 0, 0, 0, 1, 0, 0, 0, 0, 0, 1, 0, 1, 0, 1, 1, 0, 1, 1, 0, 1, 0, 0, 1, 1, 1, 0, 1, 0, 1, 0, 1, 1, 1, 1, 0, 0, 1, 1, 0, 0, 0, 1, 1, 0, 1, 1, 1, 1, 1, 1, 1, 1, 1, 0, 0, 0, 1, 0, 1, 1, 1, 0, 1, 1, 1, 0, 1]","[0.006245056993908336, 0.6353476438587616, 0.9579660056525031, 0.008484941671195642, 0.004573313215147979, 0.3317586656324078, 0.006224649089389433, 0.6446992550358186, 0.7998065057824028, 0.08329908631070124, 0.8500743628683046, 0.0008940261135065359, 0.011479124450670805, 0.22201425913882863, 0.966915125343402, 0.0007247639509964973, 0.0019663237329105914, 0.1558801979672628, 0.01702975969611962, 0.7163479679234994, 0.23220115221650128, 0.05365240903731899, 0.9626452018375066, 0.02193582131650371, 0.9206124130792926, 0.974043125575681, 0.8816647791765685, 0.015631207881606258, 9.959252339954941e-05, 0.5624989941247102, 0.06705573506402222, 0.8130908953052854, 0.9382886385678909, 0.7450679928961292, 0.054101712615777134, 0.9291250582604949, 0.0017616132496438214, 0.25208962017529707, 0.9210329995134181, 0.04066462457307242, 0.03961422423470178, 0.010440151923474812, 0.15387362126203694, 0.9028664716807234, 0.7313990727569867, 0.356534336136086, 0.4331682283800988, 0.004377680964078114, 0.5482340216538137, 0.4162125771562779, 0.6510548239711499, 0.8181528605506468, 0.5790682569141195, 0.947461522622233, 0.0025353612418328427, 0.0010609118856019614, 0.003855194304000355, 0.9610365422674233, 0.7903737706528748, 0.9488253917427372, 0.9450514665659028, 0.41413504782560967, 0.016357209682088737, 0.9246458260627356, 0.5182487800341555, 0.0479175341041706, 0.0008090949534770415, 0.01540184462430065, 0.0011165959520218623, 0.005364621502875956, 0.057650600955425, 0.016327702295742045, 0.0038217011817947475, 0.9795092883672716, 0.8866785306639656, 0.12563429505791518, 0.2772294036642195, 0.06468474427056513, 0.005970716545506403, 0.652292300374985, 0.06905810681974711, 0.03227415584894837, 0.003998911094055604, 0.1573941092050323, 0.37155731169462525, 0.5041304808271945, 0.21480340526760902, 0.935835698474906, 0.026353553638439206, 0.8556108222977874, 0.889020587329015, 0.39997159526264153, 0.9285091968024143, 0.5605586664488946, 0.0067369714028467035, 0.9376385702786184, 0.0021075404681150734, 0.2359469632984624, 0.6611259363486665, 0.7860413533797583, 0.5394324454953157, 0.17200491851785515, 0.916996835182605, 0.021174349740791548, 0.8552213438448761, 0.26984000036856065, 0.8109089903632866, 0.9575359121830732, 0.9652286126569872, 0.8393581960410033, 0.04908278358139967, 0.01869940675353097, 0.8137251512136305, 0.9690202948966131, 0.0085797065131484, 0.038834358395675256, 0.008613807301683932, 0.6048554088287291, 0.8302094271949344, 0.3159665131754478, 0.7209185097411979, 0.8941311670379947, 0.8642731074004899, 0.8038998256273278, 0.9453451278808407, 0.9717458181792541, 0.6681329591792409, 0.8532724059628216, 0.5732525421734721, 0.31496818413668026, 0.12413272838371414, 0.12989971209281836, 0.9908024173240366, 0.000974391226809938, 0.9861754742935316, 0.9750184329071152, 0.9033164942529792, 0.12550957165023333, 0.9858662145901906, 0.6395461849670996, 0.836651064856063, 0.001542880563647395, 0.8533687976175364]"
Logistic Regression,18,4,"[0, 0, 0, 0, 0, 0, 0, 0, 0, 0, 0, 0, 1, 1, 0, 1, 0, 0, 1, 0, 1, 0, 0, 1, 1, 0, 1, 0, 0, 0, 0, 0, 0, 0, 0, 0, 1, 1, 1, 1, 0, 1, 1, 0, 0, 1, 0, 1, 0, 0, 1, 0, 0, 1, 1, 1, 0, 1, 1, 0, 0, 0, 1, 1, 1, 1, 0, 1, 1, 0, 0, 0, 0, 0, 0, 0, 0, 0, 0, 0, 1, 1, 0, 1, 0, 0, 1, 1, 0, 0, 1, 0, 0, 0, 0, 0, 1, 0, 1, 0, 1, 0, 1, 0, 0, 0, 1, 0, 0, 1, 1, 1, 0, 1, 0, 0, 1, 1, 1, 1, 0, 0, 0, 0, 1, 1, 0, 0, 1, 1, 1, 1, 1, 0, 0, 1, 0, 1, 0, 1, 1, 0, 0]","[0, 0, 1, 0, 0, 1, 0, 1, 0, 0, 0, 0, 1, 1, 1, 1, 0, 0, 1, 0, 1, 0, 0, 0, 1, 0, 1, 1, 0, 0, 0, 0, 0, 0, 0, 0, 0, 0, 1, 1, 0, 1, 1, 0, 0, 1, 0, 1, 1, 0, 0, 0, 0, 1, 1, 1, 0, 1, 1, 0, 0, 0, 1, 1, 1, 1, 0, 0, 1, 1, 0, 0, 0, 0, 0, 0, 0, 0, 1, 0, 1, 1, 0, 1, 1, 0, 1, 1, 0, 1, 1, 1, 0, 0, 0, 0, 1, 0, 1, 0, 1, 0, 1, 0, 0, 0, 1, 0, 0, 1, 1, 1, 0, 1, 0, 0, 1, 1, 1, 1, 0, 0, 0, 0, 0, 1, 0, 0, 1, 1, 1, 1, 1, 0, 0, 1, 0, 1, 0, 1, 1, 0, 1]","[0.049324513168794534, 0.4580812229970222, 0.7595518108832454, 0.11990051895661318, 0.011738194754337336, 0.500530704645487, 0.2814194622893109, 0.8796344058347682, 0.04559522232636341, 0.006023698176787129, 0.05760628877050509, 0.15340586579027618, 0.9137279870187907, 0.9438633135777065, 0.8859741155305146, 0.9724798117396714, 0.015009052444364387, 0.0657243088528508, 0.9092597183410049, 0.08797436774411606, 0.9634317452636352, 0.33959113968699056, 0.029765727755569852, 0.3808707514718798, 0.6221230663372093, 0.018723766703537943, 0.7400240965614765, 0.5239205432830539, 0.0033228418845610086, 0.0008025741070616558, 0.45302873047545583, 0.004633216836819709, 0.01693779090149819, 0.11579502365229194, 0.007421480646426557, 0.27570461670648366, 0.4004026761427125, 0.337313781111911, 0.9694692893239046, 0.9193396329195038, 0.11104773914329916, 0.8854915719636548, 0.9483555377887835, 0.0169199621470597, 0.004026799239324334, 0.5486123047616474, 0.3510538696575695, 0.8903393919495666, 0.9866507316508011, 0.004641376171520014, 0.270884403359159, 0.0039183886983913015, 0.003316732221658683, 0.9190889807302487, 0.5595068121202069, 0.859207023955662, 0.024895823454522945, 0.6909318463268201, 0.9361088382957695, 0.021222085127995755, 0.10361012445924625, 0.002410905628237972, 0.9947955592630274, 0.8887783112878165, 0.7508014940016046, 0.9408988109924638, 0.05940808100026572, 0.27912862668385513, 0.5280453730110333, 0.7366469033596428, 0.0337316347326248, 0.08994279076787387, 0.09051055776376422, 0.16749163232559763, 0.3757329718278022, 0.07304686873059628, 0.013730852536725149, 0.07302880037115388, 0.6200304593564835, 0.009561148450610457, 0.9055971542308241, 0.9398979176254035, 0.013729996394805688, 0.9616077724589615, 0.7676050027582061, 0.2706436305624743, 0.9180940135482258, 0.9205328755629812, 0.0042000617460572895, 0.8570546656621615, 0.8666073074042122, 0.9698492276377789, 0.01050666325560473, 0.03425065936396154, 0.0012126035698326418, 0.04190520024666922, 0.817863247464592, 0.005552068624840413, 0.8465341370912869, 0.07586810224211502, 0.84263920261496, 0.004886232036087778, 0.9750874054335874, 0.01908520853980428, 0.3192571901808202, 0.004861520480934346, 0.9731206059650972, 0.0016423990230223719, 0.0019238020906574718, 0.8682872098953054, 0.8641976608203926, 0.7396006899298425, 0.025107900474530237, 0.9983504513487839, 0.013748365278285149, 0.28440749445764507, 0.971534525360035, 0.9105815352341488, 0.8981012251862578, 0.9695066841014885, 0.1924554263003473, 0.12598029139899394, 0.01893106167662774, 0.0772608029428139, 0.0016607318101502365, 0.9893855653543405, 0.03592852005123643, 0.007203142276529467, 0.995023809823211, 0.9896008342179445, 0.9541827241390486, 0.9298607791917614, 0.9907030578252521, 0.0008308914635415562, 0.1489864552418411, 0.9458212516000197, 0.11393275616654658, 0.7229840681235762, 0.0227904686717116, 0.8273580099340169, 0.7736612882196318, 0.007950793735387705, 0.5814189823610239]"
Logistic Regression,19,4,"[0, 0, 1, 1, 1, 0, 1, 0, 0, 0, 0, 1, 0, 1, 0, 0, 0, 1, 0, 1, 1, 0, 0, 0, 0, 0, 1, 1, 1, 1, 0, 0, 0, 0, 1, 0, 1, 1, 0, 0, 1, 0, 0, 1, 0, 1, 1, 0, 1, 0, 1, 0, 1, 0, 0, 0, 1, 0, 0, 0, 0, 0, 0, 1, 0, 0, 0, 1, 0, 1, 1, 0, 0, 1, 0, 0, 0, 0, 0, 0, 1, 1, 0, 1, 0, 0, 1, 1, 0, 1, 0, 0, 1, 0, 1, 1, 1, 1, 0, 0, 1, 0, 0, 1, 0, 0, 1, 0, 0, 1, 1, 0, 0, 0, 1, 0, 0, 1, 1, 0, 0, 0, 1, 0, 0, 0, 1, 1, 0, 1, 1, 1, 0, 0, 0, 0, 0, 0, 0, 0, 0, 1, 1]","[0, 1, 1, 1, 0, 0, 1, 0, 0, 0, 0, 1, 0, 1, 1, 0, 0, 1, 1, 1, 1, 0, 0, 0, 0, 0, 0, 1, 1, 1, 0, 0, 0, 0, 1, 0, 1, 1, 0, 0, 0, 1, 0, 1, 0, 1, 1, 0, 1, 0, 1, 0, 0, 0, 0, 0, 0, 0, 1, 0, 0, 0, 0, 1, 0, 0, 0, 1, 0, 1, 1, 1, 0, 1, 0, 0, 0, 0, 0, 0, 1, 1, 0, 0, 1, 0, 1, 1, 0, 1, 0, 0, 1, 1, 1, 1, 1, 1, 0, 0, 0, 0, 1, 1, 1, 0, 1, 0, 0, 1, 1, 0, 0, 0, 1, 0, 0, 1, 1, 0, 0, 0, 1, 0, 0, 0, 1, 1, 1, 1, 1, 1, 1, 0, 1, 0, 0, 0, 0, 0, 0, 1, 1]","[0.028323885686264365, 0.7085958158119366, 0.8481578020849097, 0.6304436577309415, 0.058990205151700836, 0.013335500261008623, 0.9354550307353259, 0.05928339658516558, 0.014692164645920826, 0.017470956363192444, 0.002225353387524138, 0.9866505358509132, 0.00895714669561395, 0.9008190248328949, 0.5967278164588105, 0.06150738103209379, 0.002911643723795269, 0.9727025833858854, 0.6695762121176597, 0.6229082245459543, 0.9574055270828783, 0.03530656728563313, 0.43221379979692914, 0.4872679784679597, 0.02186538352869119, 0.184294946615604, 0.434418785136903, 0.6145136438948281, 0.8548286106883777, 0.9371306020159471, 0.4915497616336821, 0.005982247061989714, 0.2203486720021815, 0.0008143552880060273, 0.7187566096875339, 0.0035359928225838114, 0.7294553530635141, 0.8738159880945723, 0.0057509790420905696, 0.01620291890977605, 0.018084205432174042, 0.5675215030989998, 0.300389725059522, 0.9064497236022865, 0.1967694988455055, 0.9945877260990605, 0.9059319728381415, 0.014628173167808187, 0.9176752939091001, 0.0031352574728334944, 0.5858083619617244, 4.514667228422313e-05, 0.22318087111340998, 0.004149288634124401, 0.0005848987663045373, 0.003160801654393742, 0.1117598335071467, 0.03248555317174759, 0.8297560617665607, 0.11343962900634504, 0.17046426252049945, 0.0009065019290200805, 0.05568323071058255, 0.8865837006071351, 0.0010674804948858612, 0.07460818291829141, 0.11706001982369435, 0.8926089262851076, 0.17354550207539332, 0.8893735712921351, 0.9813105614199703, 0.9664357579119083, 0.4649541099053007, 0.7870559047654654, 0.0040338940749484395, 0.3542985201115642, 6.015732270757213e-05, 0.3686060854105136, 0.09926247686930158, 0.233186959565589, 0.9137517448990172, 0.8620836396868774, 0.10550210614752344, 0.32394012721127086, 0.6504005611498918, 0.0047834310511989, 0.9621093055243765, 0.8813780923298776, 0.0050483017836884456, 0.9554346330807061, 0.0378684869166473, 0.04138578488505916, 0.8311471186318894, 0.6004869438084521, 0.725320108273175, 0.7140772907634111, 0.9463125587819018, 0.8693166862531778, 0.4761539004331186, 0.1911140138373094, 0.2926366696993411, 0.00046250181485331626, 0.9997501126342033, 0.9695376718866412, 0.8760087013174115, 0.4920697489384792, 0.916167265608958, 0.17166775432821318, 0.22109149935345468, 0.9849355269746273, 0.9670906444693118, 0.009119363511768452, 0.3867448174974597, 0.0025632679677117997, 0.9702943072999402, 0.0023225497842069916, 0.010172902701538282, 0.7732807149527314, 0.9941047584722728, 0.10255008710144314, 0.11517883493190215, 0.00024587564076067835, 0.9292079723927767, 0.06923343614295806, 0.0021374766661097586, 8.272846253290975e-10, 0.893354841572063, 0.9897834904179672, 0.9773211235583292, 0.7200649585776813, 0.8481213039305575, 0.6627547162010536, 0.7157531657291668, 0.004451601578954518, 0.9057725212174752, 0.004209246059998579, 0.03746993885205711, 0.013601314477143998, 0.001311605946034716, 0.07191062019872443, 0.012311223176600024, 0.8341783109577948, 0.5772215037722299]"
Logistic Regression,20,4,"[0, 0, 1, 1, 0, 0, 1, 0, 0, 1, 1, 0, 1, 0, 0, 1, 1, 1, 1, 1, 0, 0, 0, 0, 0, 0, 1, 1, 1, 0, 0, 0, 1, 0, 0, 1, 0, 1, 0, 0, 1, 0, 0, 1, 1, 0, 1, 0, 0, 0, 0, 0, 1, 1, 0, 1, 0, 1, 1, 0, 0, 0, 1, 0, 0, 1, 0, 0, 1, 1, 1, 1, 1, 1, 1, 1, 1, 1, 1, 1, 1, 0, 0, 1, 1, 0, 1, 1, 0, 1, 1, 1, 0, 1, 0, 0, 0, 0, 1, 0, 0, 0, 0, 0, 1, 1, 1, 0, 1, 0, 0, 1, 0, 0, 0, 0, 1, 0, 0, 1, 0, 0, 1, 1, 0, 1, 0, 0, 0, 0, 0, 1, 0, 0, 0, 0, 0, 0, 1, 1, 1, 0, 1]","[1, 0, 1, 1, 1, 0, 1, 1, 1, 1, 1, 0, 1, 0, 0, 1, 1, 1, 0, 1, 0, 0, 0, 0, 0, 0, 1, 1, 1, 0, 0, 0, 1, 0, 0, 1, 0, 1, 0, 0, 1, 0, 0, 1, 1, 0, 1, 0, 0, 0, 0, 1, 1, 1, 0, 1, 1, 1, 1, 0, 0, 0, 1, 0, 0, 1, 0, 0, 1, 1, 1, 1, 1, 1, 1, 1, 1, 1, 1, 1, 0, 1, 0, 1, 0, 0, 1, 1, 0, 1, 1, 1, 0, 0, 0, 0, 0, 0, 1, 0, 0, 0, 0, 0, 1, 1, 1, 0, 1, 1, 1, 1, 1, 0, 0, 0, 1, 0, 0, 1, 0, 0, 1, 1, 0, 1, 0, 0, 0, 1, 1, 1, 1, 0, 0, 0, 0, 0, 1, 1, 1, 0, 1]","[0.7566246084711461, 0.37723260096082173, 0.6043750228665287, 0.647433223438781, 0.8479622080950269, 0.004237696812998511, 0.8615773147614861, 0.8921288052644818, 0.8609178771599826, 0.8117793576039805, 0.7808936865162915, 0.012801170205067595, 0.8952126090262831, 0.24388573942455244, 0.11952315492193756, 0.9885786382764027, 0.9571079660881354, 0.5750639267355796, 0.437010614376472, 0.9728099956441678, 0.001366154475794513, 0.008276490889445084, 0.025352024158886544, 0.02102138708768307, 0.10343666053594917, 0.0797834238098432, 0.9930343455378269, 0.9802170013381424, 0.9339539179453946, 0.09252838672521771, 0.019702495729641493, 0.01750416504036191, 0.9349428514163495, 0.2957304959100637, 0.10550074971424969, 0.5846605820118351, 0.12510970805792918, 0.6791793299405472, 0.025453614660259267, 0.034115816446455095, 0.9366704471049697, 0.011759995773494434, 0.31684608351026317, 0.6056878024070751, 0.8379878961439357, 0.3874316244182434, 0.9552213055952352, 0.004600240887063189, 0.022548124217645474, 0.00323063378087791, 0.1852754074152497, 0.9454296594771897, 0.7669996693256205, 0.8242578648691191, 0.0030600967038269186, 0.959457093974959, 0.8409862379875424, 0.8239226195586716, 0.9956582545947039, 0.35139856206459713, 0.26496376433676294, 0.03038425449803061, 0.8020996270859472, 0.0009552444694564148, 0.001318085640308273, 0.9108447866683691, 0.004441188876778811, 0.07641031218155113, 0.8606930960042629, 0.8521259612834122, 0.6888574054561254, 0.8981231932610039, 0.7668519796131074, 0.8686181549147001, 0.9611458010544423, 0.9607373864053855, 0.886844856939136, 0.934860937400766, 0.5521398325839443, 0.7892055402812791, 0.46921166591374797, 0.6171850395415417, 0.056969986095033426, 0.7030741345173285, 0.37358613404510455, 0.006181590779914684, 0.6478702237757796, 0.9329559862371289, 0.0008524315269073249, 0.9842720581820861, 0.9688136864832446, 0.631078876042302, 0.3820263435210747, 0.36605959529768767, 0.009762921047382215, 0.24182242673695695, 0.0007468237596551836, 0.09205186785583847, 0.7285042336859698, 0.06808950369889456, 0.001923125098712099, 0.2636501468877328, 0.07644607448340275, 0.007107118115552836, 0.9765999306775495, 0.5916833071112466, 0.950176308056311, 0.18148851740825808, 0.6060440081030763, 0.6088113703778186, 0.863733053828806, 0.7761809714690846, 0.5478501948862231, 0.015866711286730516, 0.3931280409801597, 0.2613351041705151, 0.6554550728173513, 0.015735188596523113, 0.41331633534454154, 0.7669955810256803, 0.010026339610029612, 0.004538197749587792, 0.9668610073194179, 0.9216520942138428, 0.052539326302913573, 0.9876741924260001, 0.49078317031333224, 0.015001448070250894, 0.364356854722134, 0.5943583449956176, 0.8757715819059994, 0.9301057268445032, 0.8921816858336036, 0.004528075277222801, 0.11435935991646005, 0.055733095457180276, 0.49415044264117597, 0.09699722266399322, 0.7930860836178438, 0.7875744155127408, 0.897528059408897, 0.004563484697242215, 0.9661292327118238]"
Logistic Regression,21,5,"[0, 1, 1, 1, 1, 0, 1, 0, 0, 0, 1, 0, 0, 0, 0, 1, 1, 1, 0, 0, 0, 0, 1, 0, 0, 1, 0, 1, 0, 0, 1, 0, 1, 0, 0, 1, 0, 1, 0, 1, 1, 0, 1, 0, 0, 0, 0, 0, 1, 0, 1, 0, 0, 1, 1, 1, 1, 1, 0, 1, 1, 1, 1, 0, 1, 0, 0, 1, 0, 1, 1, 1, 0, 1, 0, 0, 0, 1, 0, 1, 1, 0, 1, 1, 1, 0, 0, 1, 1, 0, 0, 0, 1, 0, 0, 1, 0, 1, 0, 1, 0, 1, 1, 0, 0, 0, 1, 0, 1, 0, 0, 0, 0, 1, 1, 1, 0, 1, 0, 0, 1, 0, 0, 0, 0, 1, 0, 1, 0, 1, 1, 0, 0, 1, 0, 1, 0, 0, 0, 0, 0, 1, 0, 1]","[0, 1, 1, 1, 1, 1, 0, 0, 1, 0, 1, 0, 0, 0, 0, 1, 1, 0, 1, 1, 1, 0, 0, 0, 0, 1, 1, 1, 0, 0, 1, 0, 1, 0, 0, 1, 0, 1, 0, 1, 0, 0, 1, 0, 0, 1, 0, 1, 1, 0, 1, 0, 0, 1, 1, 1, 1, 1, 0, 1, 1, 1, 1, 0, 1, 0, 0, 1, 0, 1, 1, 0, 0, 1, 0, 1, 1, 1, 1, 1, 1, 0, 1, 1, 1, 0, 0, 1, 1, 0, 0, 0, 1, 0, 1, 1, 0, 1, 0, 1, 0, 1, 1, 0, 0, 0, 1, 0, 1, 0, 0, 0, 0, 1, 1, 1, 0, 1, 0, 1, 1, 0, 1, 0, 0, 1, 0, 0, 1, 0, 1, 0, 1, 1, 0, 1, 0, 0, 0, 1, 0, 1, 0, 1]","[0.38865242626482527, 0.9267856674422227, 0.9092303223066514, 0.8411918537425759, 0.9147797131428161, 0.7816528260596415, 0.4521651684184342, 0.0010139223567695753, 0.8751857964363535, 0.08101756462020339, 0.838455490104817, 0.0008735757720517082, 0.005355870985438583, 0.07022859381226036, 0.01766689370545471, 0.7651192546557916, 0.8461106705159702, 0.16683091518628773, 0.5552033378536645, 0.7168218922779556, 0.880780940054113, 0.0038390449226569073, 0.23998880224575883, 0.11090859900515056, 0.05506645301966539, 0.9730586708716733, 0.5054633235194139, 0.9930013621863312, 0.0064110175703627195, 0.2490519487543289, 0.9560114650925111, 0.008077447847615571, 0.7912048709505383, 0.0077540645253752595, 0.024705084398004798, 0.9184419006509776, 0.07481335441735222, 0.9339425909300217, 0.011574473526370458, 0.5935906084299408, 0.37581849473863194, 0.19584627993797943, 0.9363577520899733, 0.11546174781650773, 0.01761901345885266, 0.518652125348783, 0.3141341434125961, 0.9907879426722153, 0.9436995771625135, 0.0013983099207646621, 0.8687404564037438, 0.010904300120557413, 0.0258532726139826, 0.9328396570926774, 0.7718386833034322, 0.8647902528854876, 0.708120762787478, 0.7192155451143478, 0.0796376973650911, 0.5591714096287457, 0.9710078119286538, 0.8634310402417046, 0.6900723137874158, 0.007244747398161309, 0.7318107949813681, 0.20921350419753063, 0.38940422229796506, 0.8703623466533944, 0.037531593793182605, 0.9216691246145657, 0.9960070635436549, 0.34697503445091826, 0.011543756286192575, 0.8508896182473941, 0.029609982664890427, 0.5920483697818034, 0.8628550160050485, 0.9509737715801616, 0.9773576424756786, 0.8940223615797054, 0.6498760141222729, 0.07771456910145819, 0.975572737375781, 0.8541624640083186, 0.947445213275376, 0.0029819566590990015, 0.08509299521597342, 0.7809121806254424, 0.9176847463031547, 0.021043125049395782, 0.06915432362194224, 0.2619484182313041, 0.8495134694894316, 0.27990534691220953, 0.7266887678127768, 0.9537202663307787, 0.24947331490544966, 0.6369999565691559, 0.06002047538505492, 0.954102622447615, 0.1674537819373364, 0.975135513013785, 0.9349006004253044, 0.4473630138497981, 0.48880338833939585, 0.22429196525371284, 0.6201961272252962, 0.261302242687416, 0.9275816916763838, 0.033240515648498406, 0.06567527521353449, 0.350339011019499, 0.3335754230978883, 0.9211328697466021, 0.908676619954669, 0.5236617092219501, 0.056915774789401526, 0.9380007150279519, 0.07266135553239443, 0.5257074408398087, 0.9790972888735788, 0.22023837796678922, 0.7533888268440951, 0.029325401107723918, 0.012973520110742815, 0.6354959085350732, 0.12092035778125103, 0.3232011687507412, 0.9172511983629306, 0.15249749115418676, 0.8454423691673982, 0.04054924669441272, 0.9068072436488261, 0.7187125026542979, 0.029768821324897304, 0.9122603750301916, 0.037259739764975965, 0.05725246413560278, 0.215540759135593, 0.6269420076337912, 0.3711901640759228, 0.9297969040739965, 0.009505189724803511, 0.62354582056681]"
Logistic Regression,22,5,"[0, 0, 1, 1, 0, 1, 0, 0, 1, 0, 0, 0, 1, 1, 1, 1, 0, 0, 0, 0, 1, 1, 0, 0, 1, 1, 1, 0, 0, 1, 0, 0, 0, 0, 1, 0, 1, 0, 0, 0, 0, 1, 0, 0, 1, 0, 1, 1, 1, 1, 0, 0, 1, 0, 1, 0, 1, 1, 1, 0, 0, 1, 0, 1, 1, 0, 0, 0, 0, 1, 1, 1, 0, 0, 1, 1, 0, 0, 0, 1, 0, 1, 0, 1, 0, 0, 1, 0, 1, 0, 1, 1, 0, 1, 1, 1, 1, 0, 1, 0, 0, 0, 1, 1, 1, 1, 1, 1, 0, 0, 0, 1, 0, 0, 1, 0, 0, 1, 1, 0, 1, 1, 0, 0, 1, 1, 0, 0, 0, 1, 1, 0, 1, 0, 1, 0, 0, 1, 0, 1, 0, 1, 0]","[1, 1, 1, 1, 1, 1, 0, 0, 1, 0, 0, 0, 1, 1, 1, 1, 0, 0, 0, 0, 1, 1, 0, 0, 1, 1, 1, 0, 0, 1, 1, 0, 0, 0, 1, 1, 1, 0, 0, 0, 0, 0, 0, 0, 1, 1, 1, 1, 1, 1, 0, 1, 1, 0, 1, 0, 1, 1, 0, 0, 0, 1, 0, 1, 1, 0, 0, 0, 0, 1, 1, 1, 1, 0, 1, 1, 0, 1, 0, 1, 0, 1, 0, 1, 1, 0, 1, 0, 1, 0, 1, 1, 0, 1, 1, 1, 1, 0, 1, 0, 0, 1, 1, 1, 1, 1, 1, 1, 0, 0, 1, 1, 1, 0, 1, 0, 1, 1, 1, 0, 1, 1, 0, 0, 1, 1, 0, 0, 0, 1, 1, 0, 1, 0, 1, 0, 1, 1, 0, 1, 0, 1, 1]","[0.7786755063893963, 0.6610900988870847, 0.5999205317124727, 0.9318271507993742, 0.5033168166652853, 0.9343505896536877, 0.30314835259918477, 0.3816415308843813, 0.8898201287556887, 0.008006824895126706, 0.29318927475226203, 0.016648728474044867, 0.8877817110215745, 0.8692390090169371, 0.9600173398310549, 0.7529941109640533, 0.0752853651571904, 0.04980496194765938, 0.01944554120056739, 0.17742954915759454, 0.9747866824273712, 0.5220083621349733, 0.09091984404165857, 0.003204543722311037, 0.9303588827074852, 0.9096355200526373, 0.9629572838649353, 0.00917899053072657, 0.016214262028750193, 0.9494649110087844, 0.5735863334916868, 0.00017728256365454918, 0.0017316644176842554, 0.09603504129756808, 0.7401874525627656, 0.5543891118544024, 0.8544197684794217, 0.02959759203363544, 0.0008809337925974038, 0.25268381801786144, 0.4173159167548649, 0.47758073681632496, 0.004058511119313546, 0.029267010912103472, 0.840030007202522, 0.5043510085041519, 0.9963666220658693, 0.8032501842745633, 0.9608893032569087, 0.8929738622064428, 0.029216718308820125, 0.750381065855108, 0.7265835915676299, 0.01743289482470243, 0.8826314632817155, 0.0016139378659420112, 0.9200908892086112, 0.9165650831384216, 0.27642630949781344, 0.003734005544096832, 0.010606093429870053, 0.9296015874353663, 0.042177451884530245, 0.9073905470700784, 0.9704589551975047, 0.4044958174426141, 0.0016084652161001995, 0.05095761076148909, 0.276158161223978, 0.9674332249282924, 0.9289499279770609, 0.90721675815534, 0.6852944101360274, 0.2424879157174873, 0.9037268105390485, 0.6612279746317368, 0.39171342713687735, 0.7216739511995345, 0.010225611290887721, 0.9300907888908952, 0.007273273954505912, 0.8903375933473817, 0.00035023435571038497, 0.8955677245276937, 0.6789964912702539, 0.18465652489724027, 0.931252745860148, 0.3056042973381885, 0.8898339611296857, 0.061466690223610565, 0.8452814922583433, 0.848348522483975, 0.0016108678001518903, 0.7918831098318118, 0.9606272326815704, 0.9016915546039714, 0.8385600157247901, 0.009363111358379958, 0.9564447184334482, 0.34818978303892445, 0.001801448613026524, 0.9213832918509814, 0.8954256037345276, 0.5456675303762275, 0.9477905579158213, 0.7804516655107542, 0.7578031007794139, 0.9934446218097539, 0.30766531964765764, 0.017815580392760485, 0.9991240758823936, 0.7538828313907666, 0.8492884614384839, 0.015525859458667973, 0.9715274973362696, 0.36939213365615364, 0.6077830140837815, 0.951916928511507, 0.7640762059033542, 0.3830553204128272, 0.9424164441931244, 0.8410288996256001, 0.002978749050011497, 0.013445634857561038, 0.7495672946052413, 0.5969502642047261, 0.0005233269377063582, 0.4806323403879149, 0.014786332547457462, 0.9795372731487137, 0.981187771604265, 0.0028768720060151397, 0.9817317208656907, 0.06981149388514424, 0.9758456332842541, 0.3387317537620811, 0.5336434598359573, 0.9622995086706215, 0.020784331454848787, 0.9175774144181924, 0.02890620647006381, 0.7967784837649247, 0.8391262513984254]"
Logistic Regression,23,5,"[0, 1, 0, 0, 0, 0, 1, 0, 0, 0, 0, 0, 0, 1, 1, 0, 0, 1, 1, 0, 0, 0, 1, 1, 0, 1, 1, 0, 1, 1, 0, 0, 0, 1, 0, 0, 0, 0, 0, 0, 0, 1, 0, 0, 1, 0, 1, 0, 0, 1, 0, 1, 0, 0, 0, 0, 0, 0, 1, 1, 0, 0, 1, 0, 1, 1, 0, 0, 0, 0, 0, 1, 0, 1, 1, 0, 0, 0, 0, 1, 0, 0, 1, 0, 1, 1, 1, 0, 0, 1, 0, 1, 1, 0, 1, 0, 1, 0, 0, 1, 0, 0, 1, 0, 0, 1, 0, 0, 0, 1, 1, 1, 0, 0, 1, 0, 1, 0, 0, 0, 1, 1, 1, 0, 1, 0, 1, 1, 0, 1, 1, 1, 1, 1, 0, 0, 0, 0, 0, 1, 0, 1, 1]","[0, 1, 0, 1, 0, 0, 0, 0, 1, 0, 0, 0, 0, 1, 1, 0, 0, 1, 1, 1, 0, 1, 0, 1, 0, 1, 1, 0, 0, 1, 0, 1, 0, 1, 0, 0, 0, 0, 0, 1, 1, 0, 0, 0, 0, 0, 1, 0, 0, 1, 0, 1, 1, 0, 0, 0, 0, 0, 0, 0, 0, 0, 1, 0, 0, 0, 0, 0, 0, 0, 1, 1, 0, 1, 1, 0, 0, 0, 0, 1, 0, 1, 1, 0, 0, 1, 1, 1, 0, 1, 0, 1, 1, 1, 1, 0, 0, 1, 0, 1, 0, 0, 1, 0, 1, 1, 0, 0, 0, 1, 1, 1, 0, 1, 1, 0, 1, 1, 1, 0, 1, 1, 1, 1, 1, 0, 1, 1, 0, 1, 1, 1, 1, 1, 0, 0, 0, 0, 0, 1, 0, 1, 1]","[0.019810193284818735, 0.9649173751162446, 0.006159458383093953, 0.7863041970769509, 0.004274423371883153, 0.03218623024248315, 0.352105890183831, 0.008446017342517912, 0.693189892446036, 0.019428185773654637, 0.015050752111706724, 0.05117978191527058, 0.15538220167921954, 0.9363836464515429, 0.9532422943865809, 0.0008293063806139565, 0.03587307660609642, 0.5517035732294836, 0.7829418444357432, 0.5818191205949809, 0.004725968277662582, 0.5511370906730128, 0.39659648763231364, 0.8890867834432533, 0.057709686567688864, 0.9932964542316614, 0.8646223134155558, 0.02591114046715756, 0.3694620345219282, 0.787582749498206, 0.0110337042457997, 0.5529018171881728, 0.005823218776504929, 0.9368338235647489, 0.027749544414258746, 0.009410095670093906, 0.01269134854652073, 0.03950185634682682, 0.30705746748016144, 0.7932202266530456, 0.5211185063484823, 0.37097832189412805, 0.03369811625187445, 0.3985487655393267, 0.21378777565501575, 0.24745587357128965, 0.96164512792193, 0.06883355095091767, 0.23805385475168717, 0.8494671073109915, 0.04046218267749574, 0.9768916052220656, 0.561637541608986, 0.0025606701171308035, 0.006593204428348132, 0.0005834596233141214, 0.00010478098051946226, 0.016843178775546416, 0.41864233245196736, 0.18720936901790217, 0.05419038572472224, 0.0007469928140432072, 0.7746411582971925, 0.00789391873560402, 0.10109617721312288, 0.0982819160618696, 0.2728596669902988, 0.06587540736033293, 0.015854841657571773, 0.0007450870520032553, 0.8268106061080736, 0.9843350557098783, 0.062254002802602446, 0.888408683459855, 0.9787688379463764, 0.02344994307906643, 0.058983846289381935, 0.16469056160325424, 0.1532785971122859, 0.9142225967629297, 0.05737730971466611, 0.5313314253680769, 0.9468012271900658, 0.4038451031410166, 0.33962097616749154, 0.9155759934064137, 0.9621218823411788, 0.7279164360697169, 0.2149784910885828, 0.876362954684186, 0.005508898132675272, 0.8834833890689142, 0.9749432432055607, 0.6009811098444251, 0.6807413971735785, 0.006065096416880496, 0.47796718335926935, 0.6171465331736997, 0.007655432611959308, 0.7130820962752308, 0.0571893847941609, 0.002246843550501584, 0.7743898996959586, 0.059394055524423714, 0.599546905546801, 0.7797763370504753, 0.05994927261190673, 0.005900037818298316, 0.023335998060668512, 0.5752646330350418, 0.7953086501101964, 0.8365696312495001, 0.0004153696013089983, 0.7908996300924085, 0.9911682818655831, 0.041042697828608476, 0.9127976484052144, 0.6707638905944411, 0.752924864390638, 0.14121559437825082, 0.798745290781109, 0.9699851294926276, 0.9463189737173946, 0.9679692536530842, 0.9707580783529522, 0.029959118143435885, 0.9553451532081192, 0.9863885794830315, 0.24685459603067755, 0.8575303680413193, 0.8869929409691543, 0.9903228560632545, 0.8570544805768514, 0.982601140704688, 0.3617417482434584, 0.01878704773638035, 0.03813133386365547, 0.004686591568546034, 0.0012600780027470348, 0.7248734472873776, 0.010502741573794876, 0.8399230941984998, 0.9645687048523134]"
Logistic Regression,24,5,"[1, 0, 1, 1, 0, 0, 1, 0, 0, 0, 1, 0, 0, 1, 0, 0, 1, 1, 1, 1, 0, 0, 0, 0, 0, 1, 0, 1, 0, 0, 1, 0, 1, 1, 1, 0, 1, 0, 1, 0, 0, 1, 1, 0, 1, 1, 0, 0, 0, 0, 0, 0, 1, 1, 1, 0, 0, 1, 1, 0, 0, 0, 1, 0, 1, 1, 0, 1, 0, 0, 0, 0, 0, 0, 0, 1, 1, 1, 0, 0, 0, 0, 0, 1, 1, 1, 0, 0, 1, 0, 0, 0, 1, 1, 0, 0, 0, 1, 0, 0, 1, 0, 0, 1, 1, 0, 0, 1, 0, 0, 1, 0, 1, 0, 1, 0, 1, 0, 0, 1, 0, 0, 0, 0, 0, 1, 1, 0, 1, 1, 0, 0, 0, 0, 1, 0, 0, 0, 0, 1, 1, 0, 0]","[1, 0, 1, 1, 0, 0, 1, 1, 0, 0, 1, 0, 0, 1, 1, 0, 1, 1, 0, 1, 0, 0, 0, 0, 0, 1, 0, 1, 0, 0, 1, 0, 1, 1, 1, 1, 1, 0, 1, 0, 0, 1, 1, 0, 1, 1, 0, 0, 0, 0, 0, 0, 1, 1, 1, 0, 0, 1, 1, 0, 0, 0, 1, 0, 1, 0, 0, 0, 0, 0, 0, 0, 0, 0, 0, 1, 1, 1, 1, 0, 0, 0, 1, 0, 1, 1, 0, 0, 1, 0, 0, 0, 1, 0, 0, 0, 1, 1, 0, 0, 1, 0, 0, 1, 1, 0, 0, 0, 0, 1, 1, 0, 1, 0, 1, 0, 1, 0, 0, 1, 0, 0, 0, 0, 0, 1, 1, 1, 1, 1, 0, 0, 0, 0, 1, 1, 0, 0, 1, 1, 1, 0, 0]","[0.5495292570747915, 0.32259379359105367, 0.6325360144867607, 0.9360072788130843, 0.02016104340921644, 0.025313825225416847, 0.9178785796128314, 0.8496187095365814, 0.0074147764212044885, 0.011496237943096633, 0.7918112542552973, 0.07957560375440459, 0.008718537354691115, 0.9477674050334953, 0.6509422239478168, 0.016796752163546334, 0.9794952147548113, 0.9543074435675959, 0.4337994959795801, 0.9451167362432535, 0.005524908925770317, 0.02310137767617408, 0.03380335791820775, 0.016365386806220076, 0.09837553365982855, 0.8420123661882224, 0.4788474491515187, 0.6570533096588729, 0.015000261680572738, 0.013786942696988894, 0.6955906566246333, 0.0032092472642527175, 0.8678704473787031, 0.9676729558542149, 0.6950701283086543, 0.5707777306181108, 0.8994216608124403, 0.008792047026142074, 0.9150205661908789, 0.22196202686787062, 0.40007852148386364, 0.9350530154288123, 0.9389430547886527, 0.003233583620031894, 0.5780404392948025, 0.9410109260168851, 0.03318604069704794, 0.0056282680712412755, 0.028129865010014292, 0.00236281050205723, 0.004668362171629067, 0.14780581462934178, 0.7070051611931969, 0.6024414670605102, 0.9079119116390479, 0.002186677287402145, 0.002961798453203365, 0.8464991841549452, 0.9917834920066319, 0.23357940616305434, 0.060085616657965454, 0.16764696085754727, 0.911235910735262, 0.0028327216050504575, 0.9484767283964094, 0.21609816918881955, 0.13974810480256278, 0.3047097414844284, 0.005148953957032661, 0.005293040486721528, 0.0007090440658827742, 0.1105022292476335, 0.10579700720079863, 0.23889457456784904, 0.1333505160374677, 0.958521112970346, 0.782852802282687, 0.9673970002696898, 0.9661740563451877, 0.2514633489760004, 0.49392511964444785, 0.010650618316969302, 0.857410372750937, 0.42798205378224874, 0.9288884243127277, 0.7847147409312722, 0.002694421936469832, 0.3706391121338574, 0.8963364849353607, 0.14243779224397943, 0.0027194948852800912, 0.2800391341785879, 0.8397073896926599, 0.4620798542390642, 0.007130190472749818, 0.04038608047802681, 0.5647887300591855, 0.9008595756519046, 0.21107297298994238, 0.0044342937495486555, 0.7546909498028024, 0.021658883836102455, 0.42374217312852325, 0.8161762506831141, 0.6977415916637731, 0.003755869782329348, 0.22297204459647063, 0.25224543536865396, 0.011343841758530746, 0.5080491631168391, 0.9665559900231305, 0.01261387196452026, 0.9515022549122969, 0.3876433701550716, 0.9170375616035022, 0.008471204624678538, 0.6589002872275477, 0.024001275905624953, 0.002685028524658468, 0.876574342607253, 0.0019723363359165917, 0.07200923604901345, 0.008727253629358077, 0.004218808092762949, 0.011889684600285888, 0.7903043162204425, 0.9928940932727522, 0.828313534417378, 0.951426428036165, 0.8977224039778895, 0.1245335834832278, 0.02401505484994826, 0.00197262534452153, 0.11290118496677105, 0.9852962711036436, 0.68211335328774, 0.0020109462932660855, 0.00467859960934597, 0.857113643998799, 0.6838746308299376, 0.9830730240967482, 0.02991161220061462, 0.09358336722796813]"
Logistic Regression,25,5,"[0, 1, 0, 1, 1, 0, 0, 0, 1, 0, 0, 0, 0, 1, 1, 0, 0, 1, 0, 1, 0, 1, 0, 1, 0, 1, 1, 0, 0, 0, 0, 0, 0, 1, 0, 0, 0, 0, 1, 0, 0, 1, 1, 1, 0, 1, 1, 0, 1, 1, 0, 0, 0, 0, 1, 0, 1, 0, 0, 0, 0, 1, 0, 0, 0, 0, 1, 0, 0, 0, 0, 1, 1, 1, 1, 1, 1, 1, 1, 1, 0, 0, 0, 1, 0, 1, 0, 1, 0, 1, 0, 0, 1, 1, 0, 1, 0, 0, 1, 0, 0, 0, 1, 1, 0, 1, 0, 1, 0, 1, 0, 1, 0, 0, 0, 0, 0, 1, 0, 0, 0, 1, 0, 0, 0, 0, 1, 1, 0, 1, 1, 1, 1, 0, 0, 1, 0, 1, 1, 0, 0, 0, 0]","[0, 1, 0, 0, 0, 0, 0, 0, 1, 1, 0, 0, 1, 1, 1, 0, 0, 1, 0, 1, 0, 1, 0, 1, 0, 1, 1, 0, 0, 0, 0, 0, 0, 1, 0, 0, 0, 0, 1, 0, 0, 1, 0, 0, 0, 1, 1, 0, 1, 0, 0, 0, 1, 0, 1, 1, 1, 0, 0, 0, 0, 1, 0, 0, 0, 0, 1, 0, 0, 0, 0, 1, 1, 1, 1, 1, 1, 0, 1, 1, 0, 0, 0, 1, 1, 1, 0, 1, 0, 1, 1, 0, 0, 1, 0, 1, 0, 0, 1, 0, 0, 0, 1, 0, 0, 1, 0, 1, 0, 1, 0, 1, 0, 0, 1, 0, 0, 1, 0, 0, 0, 0, 0, 1, 0, 0, 1, 1, 0, 0, 1, 1, 1, 0, 0, 1, 1, 1, 1, 0, 0, 0, 1]","[0.009424401619155613, 0.9476025605788708, 0.0006758080752828035, 0.07564737672248822, 0.06126466892720201, 0.051295732713407795, 0.005505618445488789, 0.0018044021357145367, 0.5831088227973058, 0.8943850089452399, 0.01851927058306163, 0.24939721758029965, 0.8934171608624923, 0.9700474124756617, 0.8993080123816924, 0.1747307226674383, 0.08528968833440578, 0.9811612047576471, 0.1271120698540845, 0.885540406359579, 0.20439402314759753, 0.5130154135628412, 1.4148225040027811e-06, 0.5894655968939626, 0.29997364541652843, 0.6239683275477905, 0.9666234865966845, 0.0013989775020177703, 0.001396587282161149, 0.046032140698689765, 0.2955874774315349, 1.7140614799569026e-06, 0.09144440219037582, 0.6398552387868094, 0.08871085726661782, 9.474417457052382e-05, 0.030807727797020696, 0.06601775297379509, 0.9714086789011973, 0.2047328105540999, 0.0006623180995611952, 0.6921755692930069, 0.009654173885046585, 0.4214854598515277, 2.8335660279496828e-05, 0.9262850671620566, 0.970269519568035, 2.6009971750401535e-07, 0.8392295696348194, 0.3901327372298256, 2.2294033379117308e-08, 0.0018343713276908831, 0.9767678832441776, 0.00019549604048528692, 0.8542805273103917, 0.8499525315844102, 0.8175390850932976, 0.13331540507467016, 0.005728410258717191, 3.834213003654137e-05, 0.007356016455163632, 0.9776562945364865, 5.910984520603042e-07, 3.2975603863367562e-06, 0.05849332445965546, 0.016983780475637783, 0.6653411513392398, 0.04128564201965034, 0.01001825824804853, 0.04993375947241216, 0.00017178568807485557, 0.9091528136606849, 0.9948745256443711, 0.9170701781692904, 0.8769414613649992, 0.967533179714269, 0.8447627972629508, 0.46193285482665225, 0.9106950599061261, 0.7826330334562367, 0.05389945543651641, 4.716857485285828e-12, 0.012718549203047267, 0.7856856693091876, 0.8751932863082934, 0.9823048896823737, 0.00029194466345484324, 0.8885284649802215, 1.2121294318682506e-06, 0.9972883381912656, 0.9867843623493465, 0.0007520969092242396, 0.2625985286459756, 0.9639509657513935, 0.4004929688369201, 0.9806178470550346, 7.446704805231762e-05, 3.705645436803751e-05, 0.9630072144256702, 0.003795111390797684, 5.150205558259313e-07, 0.05091904497603591, 0.6785819253238938, 0.00036457218668999215, 7.052321949112913e-07, 0.9779460945640086, 0.3365930190518151, 0.773431010333919, 0.1970234204137033, 0.8493308502646606, 0.10890330073107135, 0.9820654777523301, 0.0019208934953099646, 0.0015610755701294483, 0.7696199210862098, 9.173917735574933e-06, 0.04116818320966006, 0.9907453941167879, 0.00021858471452251875, 0.14229804596105142, 0.10723888598229564, 0.00016246656653561632, 0.3657411852483749, 0.67035221429522, 6.420706140556777e-05, 4.896881191267055e-08, 0.9415637855393868, 0.9614757679458632, 0.015471182073470533, 0.10218747050828192, 0.8687286685413954, 0.6939892756527214, 0.590428761042977, 0.0772728391405654, 0.05162325443822343, 0.8260703256662255, 0.7998019939679016, 0.8392069234195695, 0.8696081870855777, 0.029202827229693896, 5.7821726294487e-05, 0.0004476973678688423, 0.5382783124173537]"
Logistic Regression,26,6,"[0, 0, 1, 1, 0, 0, 1, 1, 1, 0, 0, 0, 0, 1, 0, 0, 1, 1, 0, 1, 1, 0, 0, 0, 1, 1, 0, 1, 0, 0, 1, 0, 1, 0, 1, 0, 0, 0, 0, 1, 0, 0, 0, 1, 0, 1, 0, 0, 0, 1, 1, 0, 1, 1, 1, 0, 0, 0, 1, 1, 0, 0, 0, 0, 1, 0, 0, 1, 1, 1, 1, 1, 1, 0, 0, 0, 1, 0, 0, 1, 1, 1, 1, 0, 1, 1, 1, 0, 0, 0, 1, 1, 0, 0, 0, 0, 1, 1, 0, 0, 1, 1, 1, 1, 0, 1, 1, 1, 1, 0, 1, 1, 0, 1, 0, 0, 0, 1, 1, 0, 0, 0, 0, 0, 0, 1, 0, 1, 1, 0, 1, 1, 1, 1, 0, 1, 1, 0, 1, 0, 1, 0, 1]","[0, 0, 1, 1, 0, 1, 1, 0, 1, 0, 0, 0, 0, 1, 1, 0, 0, 1, 0, 0, 1, 0, 0, 0, 1, 1, 0, 0, 0, 0, 1, 0, 1, 0, 1, 0, 0, 0, 0, 1, 0, 0, 0, 0, 0, 1, 0, 0, 0, 1, 1, 0, 0, 1, 0, 0, 0, 0, 1, 1, 0, 0, 0, 0, 1, 0, 1, 1, 1, 1, 0, 1, 1, 0, 0, 0, 0, 0, 0, 1, 1, 1, 1, 0, 1, 1, 0, 0, 0, 1, 1, 1, 0, 0, 0, 0, 1, 1, 0, 0, 0, 1, 1, 1, 0, 1, 1, 1, 1, 0, 1, 1, 0, 1, 0, 0, 1, 1, 1, 0, 0, 0, 0, 1, 0, 1, 1, 1, 1, 0, 0, 1, 1, 1, 1, 1, 1, 0, 1, 0, 1, 1, 1]","[0.003200999178220814, 0.4177354611870138, 0.9164512603740957, 0.8743127328865868, 0.01625268827483837, 0.509260179906076, 0.8562187611817211, 0.48079037290523585, 0.6644168714695577, 0.27475088255708197, 0.0001304857807827811, 0.0018735561233721003, 0.195014179424027, 0.9617997881693802, 0.6359571083908483, 0.015684802419151395, 0.2291059617593025, 0.7716701362598697, 0.0004912548350659188, 0.4767181806087558, 0.5433920268027508, 0.037871448693448835, 0.060140854910154216, 0.000712119314539998, 0.9629516453229802, 0.8037110307455253, 0.003039894678354094, 0.32539905333580793, 0.006296660514126727, 0.008523014006442446, 0.9685714830961821, 0.0010560793996766374, 0.9407382321868307, 0.4869325711888672, 0.9753896118580588, 0.06099236285935169, 0.0012337246144286586, 0.00018701043561821353, 0.27581106825935936, 0.9020732916346149, 0.16385450677932367, 0.015060902341516788, 0.003714540488009515, 0.020618231905965668, 0.15687224171069952, 0.9280663621142816, 0.10021787777340163, 0.00015116222918109163, 0.002687602063202004, 0.9309972182536418, 0.9307309122037519, 0.0012992843794247665, 0.42605869517417044, 0.9310247317526475, 0.48405295108738466, 0.032057712467964655, 0.024352645973538516, 0.01990356786650847, 0.8886581023161594, 0.8747647866851278, 0.0007385505070150703, 0.014567841505187357, 0.24319176908561013, 0.04941096392381695, 0.9149458247918364, 0.0006586726910626483, 0.7934088984288041, 0.9740452489004614, 0.733042645678675, 0.7072626563345955, 0.356800483014586, 0.954561852210752, 0.6155326357740598, 0.021708908785197663, 0.021281914355253426, 0.008283971301776785, 0.38066648869173164, 0.003031607122897423, 0.46126959916606264, 0.9760063784639389, 0.7136260110882079, 0.8350406565590491, 0.8438341469637084, 0.00383239196373916, 0.933577342826325, 0.9348538902988486, 0.45080905377400676, 0.07229812365331943, 0.0005358313444706065, 0.569526529531093, 0.8846726469912574, 0.7637725647521036, 0.001774375244403916, 0.008277064512346402, 0.4832027835897201, 0.0017582673206173625, 0.8322871499122213, 0.8712784329068537, 0.30457429814513426, 0.00021304594045038394, 0.0025592700591224654, 0.9572871943542787, 0.8496741230520723, 0.7267902036884696, 0.23802457986948247, 0.9643646129096526, 0.81482617363105, 0.9239792955378714, 0.7015754620247731, 0.262499536391759, 0.8958904608651039, 0.8746840017318, 0.31764721916179234, 0.9441924019844432, 0.01806603808626953, 0.0006586187371834443, 0.7378452459491083, 0.9454512018862592, 0.8029951722174041, 0.06759020269590534, 0.00045093991370602206, 0.000974511697281059, 0.1561558725557521, 0.7388825798072808, 0.24356533380750528, 0.7678159045051318, 0.5658160134707937, 0.6058014395490914, 0.9151446232682742, 0.015395438496782148, 0.1282461478164147, 0.9137673339945303, 0.9870283448260053, 0.9447302656475303, 0.8999668402968758, 0.9166192671157144, 0.874503616656955, 0.015440583220396568, 0.7555929664294931, 0.00040213910490968254, 0.9111850861678018, 0.5817064396854085, 0.546108331481674]"
Logistic Regression,27,6,"[0, 0, 1, 1, 0, 0, 0, 0, 0, 1, 1, 1, 0, 0, 0, 0, 1, 0, 1, 1, 1, 1, 0, 1, 0, 1, 1, 0, 0, 0, 1, 0, 0, 1, 0, 0, 0, 1, 1, 0, 1, 0, 1, 0, 0, 1, 0, 0, 1, 1, 1, 1, 0, 0, 1, 1, 1, 1, 0, 0, 1, 1, 0, 0, 0, 1, 0, 0, 1, 1, 1, 1, 1, 0, 0, 0, 1, 0, 1, 0, 1, 0, 0, 1, 1, 0, 0, 1, 1, 1, 1, 0, 0, 0, 1, 1, 1, 0, 0, 1, 1, 1, 0, 1, 1, 1, 1, 0, 0, 0, 0, 0, 1, 0, 1, 0, 1, 0, 1, 0, 1, 0, 1, 1, 0, 0, 1, 0, 0, 0, 0, 1, 1, 1, 0, 0, 0, 0, 1, 1, 0, 0, 1]","[0, 1, 1, 1, 0, 1, 0, 0, 0, 0, 0, 1, 0, 0, 0, 0, 1, 0, 1, 1, 1, 1, 1, 1, 0, 1, 1, 0, 0, 0, 1, 0, 1, 1, 0, 0, 0, 1, 1, 0, 0, 1, 1, 0, 0, 1, 0, 0, 1, 1, 1, 1, 1, 1, 1, 1, 0, 0, 0, 0, 1, 1, 0, 0, 0, 1, 0, 0, 1, 1, 1, 1, 1, 0, 0, 0, 1, 1, 1, 0, 1, 0, 1, 1, 1, 0, 1, 1, 0, 1, 1, 0, 0, 1, 1, 1, 1, 0, 0, 1, 1, 1, 0, 1, 1, 1, 1, 0, 1, 1, 0, 0, 1, 1, 1, 0, 1, 0, 1, 0, 1, 0, 0, 1, 0, 0, 1, 0, 0, 0, 0, 1, 1, 1, 1, 0, 0, 0, 1, 1, 1, 0, 1]","[0.05050826147621367, 0.7810417442105767, 0.5518762187883764, 0.5434492810515955, 0.007737638931529654, 0.6534086584031938, 0.30710363835036714, 0.0483944214475447, 0.06052274377814947, 0.47131374258468056, 0.05442098593654205, 0.9172574906049752, 0.00048086122287059764, 0.007952812383846018, 0.01686109407828125, 0.07377280972169706, 0.9793592630015219, 0.09014042559334136, 0.9592282317502993, 0.9695877112523583, 0.9919525458651564, 0.8093617700544027, 0.5601115479845432, 0.709757327202688, 0.015385385220078963, 0.9441059272957784, 0.8097299911566468, 0.2706323178567888, 0.15329298799712063, 0.11643863266693855, 0.6248581785906652, 0.0002859778599140051, 0.6235150613460169, 0.8318914433795317, 0.003548449664586222, 0.49679088818359307, 0.005547971974524225, 0.876123037898608, 0.923827904622588, 0.3992007441360119, 0.48487336603485925, 0.536990867994097, 0.5942707582454199, 0.33634591156517946, 0.3321884931048249, 0.9620952687786897, 0.11842838996658071, 0.34073042982232826, 0.9210924046178018, 0.9314504136288762, 0.9265677448520375, 0.9734966094369198, 0.5356035056206766, 0.9869007169088821, 0.9626450665339652, 0.9378788515389086, 0.30025715690450566, 0.3128698572820341, 0.028207018953259944, 0.0008715465170841333, 0.671099704682941, 0.8886136361679676, 0.0017670936499431912, 0.005252042512282902, 0.24294956033862336, 0.8927351018420204, 0.16075723032565958, 0.08399972810666126, 0.7232562395616525, 0.9969317034073512, 0.761192890329527, 0.8947339581738755, 0.9669782271206994, 0.18240155180155432, 0.21307817947994454, 0.4633513704207646, 0.6043082664001279, 0.9602132841748457, 0.9614002476768382, 0.009872037332405747, 0.9556982269885765, 0.03795358734306851, 0.530678743202819, 0.8942143406535531, 0.8089923433968663, 0.3373114236094883, 0.9701237554968221, 0.9081926476284369, 0.11906961458746027, 0.9357719974823165, 0.9088967242313325, 0.012055142289234716, 0.04613270078563386, 0.6041221870463594, 0.9536984891004955, 0.9290809998737554, 0.9720431833488615, 0.00041985370813745046, 0.00811767257594975, 0.9660689176329825, 0.7159457684463378, 0.9073591254848856, 0.20314847969959776, 0.9796524316274322, 0.8618256606628251, 0.9092981962584913, 0.9277075425449526, 0.4664659938662652, 0.7441591785373916, 0.97905407812378, 0.4893163932295231, 0.26464674586961223, 0.793561746189443, 0.6118855106997231, 0.9050250487678924, 0.3420854661713763, 0.982428164551248, 0.014258259861752404, 0.8510128768173563, 0.07317294819462031, 0.9719246678920128, 0.12522691820849552, 0.003465334197717148, 0.9636277354375797, 0.00040955594604587877, 0.06179006763149851, 0.9084095095949554, 0.12959210411058125, 0.0025423854459243537, 0.0513656771219709, 0.0023154189426911336, 0.7492532087769911, 0.9845809050591819, 0.9786926845767535, 0.6784592197528758, 0.016369324305830903, 0.003958067668993665, 0.10970009631698276, 0.7428170129550291, 0.9400391036706663, 0.7588049459302131, 0.02070626319240272, 0.8631731435888199]"
Logistic Regression,28,6,"[0, 0, 0, 0, 1, 1, 0, 0, 1, 0, 0, 0, 0, 1, 0, 1, 0, 1, 1, 0, 0, 1, 0, 0, 1, 1, 0, 0, 0, 0, 0, 0, 1, 0, 0, 0, 0, 0, 0, 1, 0, 1, 1, 1, 0, 0, 0, 0, 0, 1, 1, 1, 0, 0, 0, 0, 1, 1, 0, 1, 0, 1, 0, 0, 0, 0, 1, 0, 0, 1, 1, 1, 0, 0, 0, 0, 0, 0, 1, 0, 0, 0, 1, 0, 1, 1, 0, 1, 0, 0, 0, 1, 0, 1, 0, 0, 1, 0, 1, 1, 0, 0, 0, 0, 0, 0, 0, 0, 0, 0, 1, 0, 1, 0, 0, 1, 0, 1, 0, 1, 1, 0, 1, 1, 1, 1, 0, 1, 0, 0, 0, 0, 1, 1, 1, 0, 0, 0, 1, 0, 0, 1, 0, 1]","[0, 0, 1, 0, 0, 0, 0, 0, 1, 1, 1, 1, 0, 1, 0, 1, 1, 1, 1, 0, 1, 1, 1, 0, 1, 1, 0, 0, 0, 0, 0, 0, 1, 0, 0, 0, 0, 0, 0, 0, 1, 1, 1, 1, 1, 0, 0, 0, 0, 1, 1, 1, 1, 0, 0, 0, 1, 1, 0, 1, 1, 1, 0, 0, 0, 0, 1, 0, 0, 1, 1, 1, 1, 0, 0, 1, 1, 0, 1, 0, 0, 0, 1, 0, 1, 1, 0, 1, 0, 0, 0, 1, 0, 1, 1, 1, 1, 0, 1, 1, 1, 1, 0, 0, 0, 1, 0, 0, 0, 0, 1, 0, 1, 0, 0, 1, 0, 1, 1, 1, 1, 0, 1, 1, 1, 1, 0, 1, 0, 0, 0, 0, 1, 1, 1, 0, 0, 0, 1, 0, 1, 1, 0, 1]","[0.037132827658699484, 0.37301198192499113, 0.8340848416098104, 0.008124348899376183, 0.07563856507243776, 0.10223945296868349, 0.023742034133599335, 0.1067398794789909, 0.9241157856418102, 0.8171778084397465, 0.8386711635831919, 0.8945157085000884, 0.022336574866945465, 0.8786266615536662, 0.009596319069190652, 0.9603713175137425, 0.9136011690461353, 0.9374829524363313, 0.9457641413076384, 0.0026305128006075115, 0.696096916005826, 0.6214355651161565, 0.6758294734164917, 0.20880395956468326, 0.9723844739506785, 0.9491627623201477, 0.021116458668404985, 0.008476854909871436, 0.3785648040812697, 0.0897384357094476, 0.007619574597817874, 0.004430707878133958, 0.8027775410463515, 0.033452062531307926, 0.028023322527511847, 0.009847466080056858, 0.0098921651090644, 0.023054687895881405, 0.00399867257895395, 0.44607722307575537, 0.5481606002994567, 0.5115287543921069, 0.9352770485434033, 0.9558496168149954, 0.6185733447430135, 0.014718670816600214, 0.0023217995703601036, 0.00012533071408476828, 0.3539575548954888, 0.8671102300620437, 0.8917148825328305, 0.9632612525324479, 0.8450667700542849, 0.0009105839049737446, 0.40591846667488396, 0.0008209480611638753, 0.9645726229181082, 0.9165170688147246, 0.0818732365414017, 0.5251598549414549, 0.7600791677849082, 0.9076719062076127, 0.18645088852371045, 0.0018352035900469866, 0.09688403151417005, 0.10062343959914444, 0.907092883006839, 0.15424573039981998, 0.4960901569450186, 0.9444390880298659, 0.7689821423690382, 0.9960052383241158, 0.7029799998315553, 2.377912905295405e-05, 0.0004597420382813943, 0.8768542846149351, 0.7713381947297758, 0.25917135713951217, 0.9240758193326741, 0.0036389277131967834, 0.06250657925710053, 0.3958281127070459, 0.8095072263243117, 0.01084741724719274, 0.6904037211831859, 0.8520076324389241, 0.004377266105262938, 0.5610859746764079, 0.003349504806162638, 0.036195428491894374, 0.22705036464654202, 0.7253272098801771, 0.03192689236364966, 0.8207727091243007, 0.9602062957189264, 0.5392460005322869, 0.8614546344005936, 0.22297396298781155, 0.7555528914824731, 0.7915388961089519, 0.5930258896616696, 0.8618250241670424, 0.4075952868559058, 0.05267857642184533, 0.007433374699454962, 0.6225309838309346, 0.02443360995509826, 0.42206000932963644, 0.009743591628420563, 0.3785602809664601, 0.8844569974354145, 0.17895020592561614, 0.8431601771508261, 0.0020148847255033408, 0.008399795201594238, 0.6166050561487274, 0.0876627301640428, 0.7962944621276197, 0.9763716864254124, 0.9772421801624065, 0.9474866801959507, 0.05101260405563827, 0.9835750715065972, 0.7012370549136037, 0.9883024994186618, 0.8988964902999368, 0.011758020095540419, 0.9812398761631973, 0.0017319176489878144, 8.065246238806817e-05, 0.012876565014631278, 0.057068969479787686, 0.8662615628598388, 0.6817944328687612, 0.9489456228725034, 0.4485984418070498, 0.03147768937949987, 0.024450802116042267, 0.6374609207363103, 0.01820179390857085, 0.6800200753563617, 0.8016915975087797, 0.0015563298025505943, 0.9735210433141643]"
Logistic Regression,29,6,"[1, 1, 0, 1, 1, 1, 1, 0, 0, 0, 1, 0, 0, 0, 1, 0, 1, 0, 0, 1, 1, 0, 1, 1, 1, 0, 1, 1, 0, 1, 0, 0, 0, 0, 0, 0, 1, 0, 0, 1, 0, 1, 1, 1, 0, 0, 0, 1, 0, 1, 1, 0, 0, 0, 0, 0, 1, 0, 0, 1, 1, 0, 1, 0, 0, 1, 0, 0, 1, 0, 1, 0, 0, 1, 0, 0, 0, 1, 0, 1, 0, 1, 1, 0, 1, 0, 0, 0, 1, 0, 1, 0, 1, 0, 0, 0, 0, 1, 1, 0, 1, 0, 1, 0, 0, 1, 1, 1, 0, 0, 0, 0, 1, 0, 0, 0, 1, 0, 0, 1, 0, 1, 0, 1, 1, 0, 1, 1, 0, 0, 0, 1, 1, 1, 1, 1, 0, 0, 0, 0, 1, 0, 0]","[1, 1, 0, 1, 1, 1, 1, 0, 0, 0, 1, 1, 0, 0, 1, 0, 1, 1, 0, 1, 1, 0, 1, 1, 0, 0, 1, 1, 0, 1, 0, 0, 0, 0, 0, 0, 1, 0, 1, 0, 0, 0, 1, 1, 0, 1, 0, 1, 0, 1, 1, 0, 0, 0, 0, 0, 1, 0, 0, 1, 1, 1, 0, 0, 0, 1, 0, 0, 1, 0, 1, 0, 0, 1, 0, 0, 0, 1, 0, 1, 0, 1, 1, 0, 1, 0, 0, 0, 1, 0, 1, 0, 1, 0, 1, 1, 0, 1, 1, 1, 1, 0, 0, 0, 0, 1, 1, 1, 0, 0, 1, 0, 1, 0, 0, 0, 1, 0, 0, 1, 0, 1, 0, 1, 1, 1, 1, 1, 0, 0, 0, 1, 0, 1, 1, 0, 0, 1, 0, 0, 1, 0, 0]","[0.9725048483717446, 0.9720228554938345, 0.0035412455760939925, 0.8247498428498542, 0.5997210640841155, 0.9277136345403008, 0.9192570336366221, 0.0006684907354771603, 0.020412561629199143, 0.07647459059700012, 0.9671470986347716, 0.8543353721830768, 0.010264976209579835, 0.18129819915240653, 0.7828167180745647, 0.007427843446789399, 0.8149833775148404, 0.6544661809109213, 0.08096110595013131, 0.9229724316994522, 0.9418616260868994, 0.15588244617464656, 0.9859314265469489, 0.9595082258963242, 0.42762754756458665, 0.0023201583402566806, 0.8929866316066997, 0.9062827946613125, 0.08056315603624728, 0.9374488731575064, 0.027602364489919314, 0.011261107374231532, 0.0014938122103978946, 0.0037219358211296933, 0.08651240493344547, 0.056865974210655645, 0.9509205478768942, 0.1942656343545247, 0.8058138293564556, 0.4672109855246941, 0.027752864957327966, 0.27938969572099814, 0.8938374240190661, 0.9451873124085742, 0.005055894217453335, 0.7098800138530806, 0.002109692142473687, 0.6212327443515442, 0.00031467141676640034, 0.622124469390917, 0.7842183534495046, 0.0005220280337181189, 0.005459399240974736, 0.0011751059135174855, 0.004980860172485884, 0.1773566701568457, 0.9013675351081105, 0.005559683615158372, 0.0008447563146211354, 0.8475320191693043, 0.7171138723919611, 0.6520171986960086, 0.10190200512469731, 0.0169955585619646, 0.0004883748935656004, 0.9426912151619609, 0.0005951782258579735, 0.16885750301903765, 0.9125429166575294, 0.0027898153378968435, 0.6955554800535093, 0.07624415601646924, 0.006039937360286744, 0.9600303113648306, 0.004082093825356645, 0.004097482780430789, 0.0921622814259608, 0.8930848230570735, 0.13981668330062644, 0.8846618409860865, 0.14768930188457516, 0.9547990556255247, 0.8165576613281679, 0.06624548651476744, 0.8889692034676028, 0.45074901208533796, 0.14347907014378602, 0.48608409349587006, 0.8500420123197133, 0.005751155958084162, 0.8835925264014947, 0.005459087159643415, 0.8857320150155825, 0.003992457562168052, 0.8665671001118302, 0.9822326660716646, 0.00400869403133134, 0.8251478046370374, 0.9633554099446566, 0.6515144382323036, 0.6249674311425782, 0.154981226253226, 0.4543145948629998, 0.0019444083642252805, 0.08445724868501532, 0.9680754670474195, 0.9586938545354811, 0.7882772942273565, 0.285210545936686, 0.06405500966065898, 0.5840205558151514, 0.336579625685295, 0.6862709702841375, 0.47990685042103576, 0.0066586600274669335, 0.023525156842417464, 0.9524726732009906, 0.41063153854900175, 0.00024889236381241673, 0.999346171999921, 0.010282403837366172, 0.9636251187741882, 0.019666516996167126, 0.9778810738148294, 0.8722229076937732, 0.7520304812163187, 0.9099562007668197, 0.9301305382856977, 0.03172589408837485, 0.49054234885298764, 0.008225443267753513, 0.990895181124761, 0.41773790470924355, 0.8404235323961824, 0.9811480451567052, 0.07538679775673245, 0.47582441089432265, 0.8787012897222176, 0.03033538685168729, 0.04624561692941248, 0.8028029552211471, 0.08200422111552205, 0.004988309628919606]"
Logistic Regression,30,6,"[0, 0, 1, 0, 0, 0, 1, 0, 0, 0, 0, 1, 0, 0, 1, 1, 0, 0, 0, 1, 0, 0, 0, 1, 0, 1, 0, 0, 0, 1, 1, 0, 1, 1, 0, 0, 0, 1, 0, 0, 0, 1, 1, 1, 0, 1, 0, 0, 0, 1, 0, 0, 0, 0, 0, 1, 1, 1, 0, 0, 0, 0, 0, 1, 1, 0, 1, 0, 1, 0, 1, 0, 0, 1, 1, 1, 0, 1, 0, 0, 1, 1, 1, 0, 1, 0, 0, 1, 1, 1, 1, 0, 0, 1, 0, 0, 0, 1, 0, 0, 0, 0, 0, 0, 1, 1, 1, 1, 1, 0, 0, 1, 0, 1, 0, 0, 1, 0, 0, 0, 1, 0, 0, 0, 0, 0, 0, 0, 1, 0, 0, 0, 0, 1, 0, 0, 0, 1, 1, 0, 0, 0, 0]","[1, 0, 1, 0, 0, 0, 1, 1, 0, 0, 0, 1, 0, 0, 1, 1, 0, 1, 0, 1, 0, 0, 0, 1, 0, 1, 0, 0, 0, 1, 1, 0, 1, 1, 1, 0, 0, 1, 0, 0, 0, 1, 0, 1, 0, 1, 0, 0, 0, 1, 0, 0, 0, 0, 1, 1, 1, 0, 0, 0, 0, 0, 0, 1, 1, 0, 1, 0, 0, 0, 1, 0, 0, 1, 1, 1, 0, 1, 0, 1, 0, 1, 1, 0, 1, 0, 0, 1, 1, 1, 1, 0, 0, 1, 0, 0, 0, 1, 0, 1, 0, 0, 0, 0, 1, 0, 1, 1, 0, 0, 0, 1, 0, 1, 0, 0, 1, 0, 0, 0, 1, 0, 0, 0, 1, 1, 0, 1, 1, 0, 0, 0, 0, 1, 0, 0, 0, 1, 1, 0, 0, 1, 0]","[0.6954078101585291, 0.09774547686890792, 0.6013914333339241, 0.06786911997049026, 0.02513339649569815, 0.0051151745078804175, 0.8790566843437653, 0.8945564480717998, 0.25210565728103573, 0.015250445508601804, 0.01119597927935344, 0.9154064496028672, 0.20753627812083458, 0.1270790184444791, 0.9539645069742948, 0.5849644229733403, 0.04728273643407439, 0.5108393687886176, 0.020167579150058432, 0.5052917152639158, 0.14572644693189482, 0.0016255353128664214, 0.029978264237440953, 0.5784783677978876, 0.07219008885854106, 0.6030595294992241, 0.013768446987716653, 0.4175215850067965, 0.0019249769619975893, 0.7000678450230907, 0.8901613311567784, 0.0073458801416899176, 0.9234778183681296, 0.7322156443077619, 0.5946415098288972, 0.10670059916566377, 0.008353694338642153, 0.9279103167312895, 0.04234771603313796, 0.009618621810798304, 0.26519972603724923, 0.8894414459396541, 0.3947374641448282, 0.8379132018164513, 0.3872177192668604, 0.990119423832369, 0.02277436472176852, 0.05627900923223379, 0.004662098521714956, 0.9023238330302464, 0.003788964488466263, 0.017771189091066675, 0.013050348481280675, 0.018020400958836818, 0.9267454559873274, 0.8045815780779196, 0.9925032103292354, 0.13655270087867055, 0.04880461692633792, 0.23229505914337642, 0.019653113033634123, 0.08500224511849871, 0.028164358269673857, 0.9825741971079757, 0.8433144261696711, 0.0012039825978830535, 0.9549749971513178, 0.07333865919140721, 0.2146273519943867, 0.048469984829307096, 0.7096367081411245, 0.07709426688736945, 0.003950051672417143, 0.7716953343043886, 0.8993137411344769, 0.9745882070194062, 0.24585690737642996, 0.9234281818058654, 0.039326295418274454, 0.8485383309713066, 0.3098976234971882, 0.9385615502005518, 0.9670162328320107, 0.14775434140852367, 0.9564033427493196, 0.23333959095959642, 0.0008682133537185563, 0.9857954431152095, 0.7934498506673688, 0.9761521887938475, 0.8173400067354515, 0.23251139351841482, 0.0016555352803449414, 0.7661105758356822, 0.008890675502454077, 0.02076510612840548, 0.05769753300882977, 0.9005075616571876, 0.07420796164346886, 0.6783591292973772, 0.002146547540138196, 0.0502256780894324, 0.05867225977006916, 0.0049604769149808724, 0.9624562032385029, 0.47851200599568855, 0.5177050677191275, 0.8548823088833453, 0.2860876681667, 0.012630611922097093, 0.019016191619906808, 0.9732217230549439, 0.013552283816609955, 0.9461936630359732, 0.21093578500646668, 0.2185513514944562, 0.6206218367643801, 0.01329808169820203, 0.0019443903322344316, 0.007925707712045196, 0.992476511794719, 0.009305693710473689, 0.1867058472666491, 0.3627864431070314, 0.5744131649353145, 0.8517094596608692, 0.02577339798443306, 0.8781232480750415, 0.9900342649979703, 0.09326503323902774, 0.0021782001976745546, 0.04641589489700387, 0.09510277314586488, 0.9833144055524164, 0.0023544751668540913, 0.2332004509295545, 0.3390727961843008, 0.7826792107438275, 0.796208778980545, 0.005073033621288206, 0.07917943184091042, 0.8332423538771344, 0.010860904614829378]"
Logistic Regression,31,7,"[0, 1, 0, 1, 1, 1, 0, 1, 0, 0, 0, 0, 0, 0, 1, 0, 1, 1, 1, 0, 1, 0, 0, 1, 1, 0, 0, 1, 0, 1, 0, 0, 0, 0, 1, 0, 1, 0, 1, 0, 0, 0, 1, 0, 0, 1, 1, 0, 0, 1, 0, 0, 1, 0, 1, 1, 0, 0, 0, 1, 0, 0, 0, 0, 0, 0, 0, 0, 1, 1, 1, 1, 0, 1, 0, 0, 1, 0, 1, 0, 1, 1, 0, 0, 1, 1, 0, 1, 1, 0, 1, 0, 0, 0, 0, 0, 1, 0, 0, 1, 1, 1, 0, 1, 0, 0, 1, 0, 0, 0, 0, 0, 1, 0, 0, 0, 1, 0, 0, 0, 1, 1, 1, 1, 0, 1, 0, 1, 1, 1, 0, 0, 0, 1, 1, 1, 0, 1, 1, 0, 0, 0, 0, 1]","[0, 1, 0, 1, 1, 1, 1, 0, 1, 0, 1, 0, 0, 0, 0, 1, 1, 1, 0, 0, 0, 0, 0, 1, 1, 0, 0, 1, 0, 1, 0, 0, 1, 0, 1, 0, 1, 0, 1, 1, 0, 0, 1, 1, 0, 1, 1, 0, 0, 1, 0, 0, 1, 1, 1, 1, 0, 0, 0, 1, 0, 0, 0, 0, 0, 0, 0, 0, 1, 1, 0, 1, 0, 1, 0, 0, 1, 1, 1, 1, 1, 1, 0, 1, 1, 1, 0, 1, 1, 0, 1, 0, 0, 0, 0, 0, 1, 0, 0, 1, 1, 1, 0, 1, 0, 0, 1, 0, 1, 0, 0, 0, 1, 0, 0, 0, 1, 0, 0, 0, 1, 1, 1, 1, 0, 1, 1, 1, 1, 1, 0, 0, 0, 1, 1, 0, 0, 1, 1, 0, 0, 0, 0, 1]","[0.40026770645798454, 0.9370121101963865, 0.00984014214389515, 0.9050890332697672, 0.7827266396156464, 0.9309842123520589, 0.7144016800210118, 0.48373838554468723, 0.8552575070567126, 0.001835946232049643, 0.8928102484116559, 0.229177115061219, 0.0577696296096586, 0.012174223230599645, 0.15746533335204563, 0.9015527875404782, 0.9575385580654056, 0.9416596581578048, 0.2680001331695705, 0.023904210947332062, 0.40775042997572297, 0.153528607124154, 0.05491931697556524, 0.9132889186990565, 0.9671735691906307, 0.016455187983202425, 0.02413345480083579, 0.9874624107892127, 0.006389240220205074, 0.9364597403934354, 0.007522554217239376, 0.4627978575740745, 0.5828676961474123, 0.0053734672027510545, 0.978834874662854, 0.06793921191742006, 0.8369967078065516, 0.03550247912920618, 0.9117653880342924, 0.5914877996396336, 0.0020543352330261075, 0.05880360845499962, 0.8978102094711412, 0.7573471921923651, 0.33119940265600156, 0.9482454363264528, 0.8653281391688321, 0.03584104514100861, 0.05974864632222517, 0.9676059110624752, 0.48168534194626833, 0.003757925415605671, 0.9343221726046077, 0.5731226849860005, 0.7805605838160853, 0.9432824512494732, 0.060335282659149565, 0.036492346440847756, 0.03282001262323816, 0.9186570075685486, 0.008511187589078224, 0.002136391089636593, 0.00172451267972166, 0.3831982400066404, 0.0011583286523219347, 0.023191926951517325, 0.25175303141452876, 0.08248347300037762, 0.8644116136570742, 0.8754612680738506, 0.23233362032446098, 0.7353341933926268, 0.07489842246062932, 0.9880390912937708, 0.18699377530476824, 0.15075581273874403, 0.8235565567549987, 0.5740228403335501, 0.995680984637139, 0.8841958247870058, 0.9390917268919429, 0.8991652121964842, 0.41532434159013604, 0.9573322768694834, 0.9788252612917785, 0.9585660921087761, 0.004004296933776033, 0.9013030071080173, 0.8360474011171095, 0.0034196147816976156, 0.6645127676403908, 0.09582033140478306, 0.001955987326680837, 0.04919964722363519, 0.017812286548469437, 0.05687993883691197, 0.8681790118611628, 0.27400175165905477, 0.2813801374393541, 0.9609039180712743, 0.7015878463665001, 0.961715821403181, 0.005330871666475105, 0.895034962214366, 0.2257754379439115, 0.4032507145984175, 0.9213618825208143, 0.42869527905280447, 0.5200143949693155, 0.014256539276899715, 0.014079125197931199, 0.4148255967404141, 0.9251030417283594, 0.0509043335367733, 0.2628238438230222, 0.026954793027604687, 0.9706768165100327, 0.03754030257733393, 0.39932339518721766, 0.0051832846787333445, 0.8887555593280614, 0.9339389043122939, 0.861412383986906, 0.5650440160521419, 0.09634642409854234, 0.8201718975636231, 0.968683429014367, 0.6129884182237385, 0.9714639209542913, 0.9541398322796937, 0.1876455078149794, 0.0007881443789771255, 0.29217548849659347, 0.8817292656731962, 0.6040729662018631, 0.22368026951111003, 0.05256252791982679, 0.9513090042296306, 0.8833278210327615, 0.030061344998064992, 0.2422151201505781, 0.031622465711840984, 0.08550889573206713, 0.9002709979409115]"
Logistic Regression,32,7,"[1, 1, 0, 0, 0, 1, 0, 0, 0, 1, 0, 0, 0, 1, 1, 1, 0, 0, 1, 0, 0, 1, 1, 0, 1, 0, 0, 0, 0, 1, 0, 0, 0, 1, 0, 1, 0, 0, 0, 1, 1, 1, 0, 1, 1, 0, 0, 0, 0, 1, 1, 1, 0, 0, 1, 1, 0, 1, 0, 0, 1, 1, 0, 1, 0, 0, 0, 1, 1, 0, 1, 0, 0, 1, 1, 1, 0, 0, 1, 0, 0, 1, 0, 0, 1, 1, 0, 0, 1, 1, 0, 1, 1, 1, 0, 1, 0, 0, 1, 1, 1, 1, 1, 1, 0, 1, 0, 1, 1, 0, 0, 1, 1, 1, 0, 1, 0, 0, 0, 1, 1, 0, 1, 0, 0, 0, 1, 1, 0, 1, 0, 1, 1, 0, 0, 1, 0, 0, 0, 0, 1, 0, 1]","[1, 0, 0, 0, 0, 1, 0, 0, 0, 1, 0, 0, 0, 1, 1, 1, 1, 0, 1, 0, 0, 1, 1, 0, 1, 1, 0, 0, 1, 1, 0, 0, 0, 1, 0, 1, 0, 0, 0, 1, 1, 1, 0, 1, 1, 0, 1, 0, 0, 1, 0, 1, 0, 0, 1, 1, 0, 1, 0, 0, 1, 1, 0, 1, 0, 0, 0, 1, 1, 0, 1, 0, 0, 1, 1, 1, 0, 0, 1, 0, 0, 1, 0, 0, 1, 1, 0, 1, 1, 1, 0, 1, 1, 1, 0, 1, 0, 1, 1, 1, 1, 1, 1, 1, 0, 1, 0, 1, 1, 0, 0, 1, 1, 1, 0, 1, 1, 0, 1, 1, 1, 0, 1, 0, 0, 1, 1, 1, 1, 1, 0, 1, 1, 0, 0, 1, 0, 0, 1, 0, 1, 0, 1]","[0.6281482841831791, 0.09063420072167079, 0.0039015326097396863, 0.034129803523529546, 0.007744701990036785, 0.9435845959980467, 0.010740818264143288, 0.011006380886176842, 0.005649428983333376, 0.8388940893071057, 0.002835700546405864, 0.15350812682588436, 0.025032791225678613, 0.9801324723663329, 0.6067573763362526, 0.747352325656815, 0.541563757229919, 0.004898668494790573, 0.5327509119368659, 0.02132078656409161, 0.011881918984106454, 0.9459310694473138, 0.9804708411641075, 0.37023139055036475, 0.6629715585683237, 0.5218396436206904, 0.02236472508119831, 0.01515183543105324, 0.509555641719467, 0.6636663319253104, 0.002417096911212384, 0.00015499884567242976, 0.003092428529110113, 0.775986348718133, 0.007319166775697898, 0.8579662930252477, 0.014096638637259979, 0.2066681985742703, 0.2653846413100693, 0.5944602782982313, 0.9398098083936163, 0.9067129766139834, 0.10580568262086544, 0.8577755580867307, 0.9273762380012499, 0.01772759929144232, 0.7072982479092951, 0.3703387420640856, 0.003047766527340063, 0.9289835836290559, 0.2859031062718725, 0.5204236696943415, 0.0082450815978457, 0.006374947266563435, 0.8791658888819135, 0.7727414455642357, 0.04653537148408292, 0.9088519937679825, 0.33476029510667155, 0.0051841149616307725, 0.7148654553754161, 0.9822917482251843, 0.1981825663642934, 0.9459004671494166, 0.10954184261306166, 0.18551377512098474, 0.055891558491220066, 0.571521237788168, 0.9448505077619951, 0.09248792775995293, 0.9611472423788968, 0.004820150855864947, 0.06447368155738442, 0.8792854468101984, 0.9535663815436269, 0.7429720694983214, 0.016419733503502527, 0.3087803773362269, 0.917381317482831, 0.1708629102570112, 0.0001097516067937352, 0.9248744691345743, 0.006398726614386093, 0.01160014736620564, 0.9437559525262155, 0.764946585749851, 0.03339801215915074, 0.58048685814624, 0.8773250369619328, 0.9276057654356166, 0.19528758148803713, 0.6401449631256962, 0.8777924053837285, 0.9567831708848575, 0.006656020446761864, 0.8011156419461383, 0.0021655007819819843, 0.5229109328637996, 0.7661961229344941, 0.8717308934168863, 0.7679458345858959, 0.9554822144560268, 0.8198469048223602, 0.961345737060093, 0.44501464077082536, 0.8366381317173208, 0.3364421503152815, 0.6315930936743642, 0.5406601488054525, 0.03488516653942755, 0.22109280059730937, 0.9555085572081042, 0.9512276792667717, 0.7572279496866874, 0.008169709898444056, 0.7402168032683494, 0.8215277459010606, 0.26418794927958283, 0.5552912613571925, 0.7353896526903563, 0.8855052906790825, 0.0045240226882830884, 0.9016360586614672, 0.0826755385184423, 0.0691431098356033, 0.7544949646600443, 0.9953402757882289, 0.9024408625217594, 0.8834272565711613, 0.9802819522696228, 0.0021022617203934344, 0.8918540405900603, 0.9820032597714998, 0.10268590141999953, 0.37052012145868346, 0.9300501030019238, 0.0050174715914471394, 0.01962356145817168, 0.6559451351024205, 0.43627309052985835, 0.7633833475848072, 0.0016347939896391062, 0.7787123614140311]"
Logistic Regression,33,7,"[0, 1, 0, 0, 0, 1, 0, 0, 1, 0, 1, 0, 0, 0, 1, 0, 1, 0, 1, 1, 0, 1, 0, 1, 0, 0, 0, 1, 0, 1, 1, 0, 0, 0, 1, 0, 0, 1, 1, 0, 0, 1, 0, 0, 1, 0, 1, 1, 0, 1, 0, 1, 0, 0, 0, 1, 1, 1, 1, 1, 0, 0, 1, 0, 1, 0, 1, 1, 0, 0, 1, 0, 0, 0, 0, 0, 1, 0, 1, 0, 0, 1, 0, 0, 0, 1, 1, 0, 0, 1, 1, 0, 1, 0, 0, 0, 0, 1, 0, 1, 1, 0, 0, 1, 0, 0, 1, 1, 1, 1, 0, 1, 0, 1, 0, 0, 0, 0, 0, 1, 0, 0, 0, 1, 0, 1, 1, 1, 1, 0, 1, 1, 1, 0, 1, 1, 0, 1, 0, 1, 0, 0, 1]","[0, 1, 1, 1, 1, 0, 0, 0, 1, 1, 1, 0, 0, 0, 1, 0, 1, 0, 1, 1, 1, 1, 0, 1, 0, 0, 0, 1, 0, 1, 1, 0, 0, 0, 1, 0, 0, 1, 1, 0, 0, 0, 0, 0, 1, 0, 1, 1, 0, 1, 0, 1, 0, 0, 0, 1, 1, 1, 1, 0, 1, 0, 1, 0, 1, 0, 1, 1, 0, 0, 1, 0, 0, 0, 1, 0, 1, 0, 1, 1, 0, 0, 0, 0, 0, 1, 1, 0, 0, 1, 1, 1, 1, 0, 0, 0, 1, 1, 0, 1, 1, 1, 0, 1, 0, 1, 1, 0, 1, 1, 0, 1, 0, 1, 0, 1, 1, 0, 0, 1, 0, 0, 0, 1, 1, 1, 1, 1, 1, 0, 1, 1, 1, 0, 1, 1, 0, 1, 1, 1, 0, 1, 1]","[0.053795169396642015, 0.964128400098167, 0.7773329616671137, 0.8184108578340367, 0.6597220535273064, 0.4217050792124073, 0.12814544463233024, 0.4197825958251257, 0.8751691873319399, 0.7895904209309677, 0.6816061082585031, 0.407748309478125, 0.035192800821170614, 0.024551955331759096, 0.902127794086638, 0.003688371711422181, 0.7948481127109159, 0.14345106394157264, 0.9306356122593893, 0.8900747045827069, 0.649278494331799, 0.9076463112178594, 0.1157045916787499, 0.9420362851437734, 0.000374044285026671, 0.06393309086592858, 0.070163657537277, 0.9671071279683224, 0.000521586252683072, 0.949378220319728, 0.9229606819765976, 0.12931120800295537, 0.006826160391976904, 0.10165228278052156, 0.939186092507145, 0.03127181048998334, 0.49889594247259184, 0.917225220284427, 0.9334421670477326, 0.008524600623636776, 0.012419400391733941, 0.4685557705728023, 0.023855608862106314, 0.3693200892087115, 0.9034074717220155, 0.25823697326608047, 0.9441176665726185, 0.9188349519046707, 0.006235449497130154, 0.804334179856428, 2.982030651858404e-05, 0.9533003210504586, 0.002939995368605642, 0.017592007715772257, 0.18619037753358852, 0.6146729864137739, 0.952347752433, 0.8395547278285741, 0.885461334412429, 0.14972427078065237, 0.5357535667040866, 0.020682039313890545, 0.9711906576106859, 0.0034640038107001526, 0.9436633559257811, 0.11013118788014492, 0.8767225347734805, 0.7015268446817668, 0.04177156631767878, 0.12777520589495048, 0.7625499103008063, 0.3632308875615369, 0.1718701745633487, 0.22962738507678182, 0.51108364478667, 0.38990300405473866, 0.9111462895330648, 0.07899311836562851, 0.7889659809481137, 0.971502452242113, 0.4590166103537044, 0.36759226075653556, 0.009390265115637727, 0.3425818687076482, 0.0001627741628907473, 0.9155464790551634, 0.8207803401029082, 0.008932033597521193, 0.07485372198515365, 0.9480513598543562, 0.8946787763891654, 0.632902168592477, 0.9349067285150646, 0.08425728166154169, 0.0014281012793878312, 0.0270975863540406, 0.6376215087332763, 0.9288538196896204, 0.004119301527880716, 0.918276506528135, 0.7426172459112443, 0.7534539710619599, 0.0025245376769153665, 0.8068323868300991, 0.0008636696353054462, 0.9474537263521542, 0.880650868805913, 0.25163923169661817, 0.752599389645792, 0.9283524149716722, 0.01675526329325938, 0.982733516839086, 0.21789988331558427, 0.6489244618166322, 0.3244092147383905, 0.6358854164898995, 0.7601599091926016, 0.35247697440348535, 0.3457861844615718, 0.9014518904415314, 0.1677283313432758, 0.057750094096223906, 0.009247228210386909, 0.9389033998046435, 0.5604022410072566, 0.9844682660682744, 0.8467894467755632, 0.8499306665542642, 0.7100496172103221, 0.07402664903842235, 0.8662825053291128, 0.8665993423728011, 0.6240082532311898, 0.030467597212645338, 0.5846671606071288, 0.9822940861096553, 0.03809301714475115, 0.7726373999706974, 0.8418875480215888, 0.7823419195104613, 0.003790600744913939, 0.8352147222704255, 0.5955463688393643]"
Logistic Regression,34,7,"[0, 0, 1, 1, 0, 0, 0, 0, 0, 1, 0, 0, 0, 1, 0, 1, 0, 0, 1, 0, 1, 1, 1, 1, 1, 1, 0, 0, 1, 0, 1, 0, 1, 0, 0, 0, 0, 0, 0, 1, 0, 0, 1, 1, 0, 1, 1, 0, 0, 0, 1, 0, 1, 1, 0, 1, 1, 0, 0, 0, 0, 0, 1, 0, 1, 1, 0, 0, 0, 1, 0, 0, 1, 1, 0, 1, 0, 0, 0, 1, 1, 1, 0, 1, 0, 0, 0, 0, 0, 1, 0, 0, 1, 1, 1, 0, 0, 0, 0, 0, 0, 1, 0, 0, 0, 1, 0, 1, 0, 1, 1, 0, 0, 1, 0, 0, 0, 1, 1, 1, 0, 1, 0, 0, 0, 0, 0, 1, 0, 1, 0, 0, 1, 0, 0, 0, 0, 1, 0, 0, 0, 1, 0]","[0, 0, 1, 1, 1, 0, 0, 0, 0, 1, 1, 0, 0, 1, 1, 1, 0, 1, 1, 0, 0, 1, 1, 1, 0, 1, 0, 0, 1, 0, 1, 0, 1, 0, 0, 0, 0, 0, 0, 1, 0, 0, 0, 0, 0, 0, 1, 0, 0, 0, 1, 0, 1, 0, 0, 0, 1, 0, 0, 0, 1, 0, 1, 0, 1, 0, 0, 0, 0, 1, 0, 0, 1, 0, 0, 1, 0, 0, 0, 1, 1, 1, 1, 1, 0, 1, 0, 1, 0, 1, 1, 0, 1, 0, 1, 0, 0, 0, 0, 0, 1, 0, 0, 0, 0, 1, 0, 1, 0, 1, 1, 0, 1, 1, 0, 0, 0, 1, 1, 1, 0, 0, 0, 1, 0, 0, 0, 1, 0, 1, 1, 0, 1, 1, 0, 1, 0, 1, 0, 0, 0, 1, 1]","[0.0009408919846292104, 0.2768722635539091, 0.5444048703109549, 0.9637408077683461, 0.6160609754995732, 0.2197380566986369, 0.02620805056394916, 0.04538461910277906, 0.014337889112241015, 0.9487731359995989, 0.850799514171749, 0.1503549835537882, 0.0015648093908337349, 0.8607746539856278, 0.6791402833469984, 0.9565797133264138, 0.0013768631322600218, 0.687392451051247, 0.9616561271050803, 6.517227014826223e-05, 0.4675532377645795, 0.9502310840584771, 0.7838301139671899, 0.9509855396879489, 0.3221712031794883, 0.7228841909134309, 1.25004372872166e-05, 0.003742432601900065, 0.7084266852322083, 0.17653539497325785, 0.6997371919283423, 0.07775434021964941, 0.7337290880240038, 0.00026343821926769017, 0.04344502311184429, 0.08383996250056035, 0.024030829403949246, 0.001229231168011377, 0.18306388290300518, 0.6778403950273592, 0.3822068043959344, 0.0067500200678065345, 0.009963842077859768, 0.30928989667794354, 0.14790385891258911, 0.47213780222401786, 0.9878392145866569, 0.00011666561277106105, 0.0034390030028256064, 0.00010849450502125522, 0.6202188141720952, 0.00041291515050627294, 0.9450372831015439, 0.47869314214984093, 0.0006061821947438347, 0.1924741332421884, 0.9557829737284783, 0.0001177421071159128, 4.0848987976244024e-06, 0.006843843130295445, 0.8205432138968036, 3.573327130851364e-05, 0.9197236415332241, 6.439602048362316e-05, 0.986638014742093, 0.11551684162205181, 0.006028841209109202, 0.04229296695117233, 0.0062545211418486716, 0.9698716402855487, 7.602333290351275e-06, 2.0304698807401736e-05, 0.9382935554193144, 0.23806839614577588, 0.00027028340080246274, 0.6183157911075516, 0.014408008973383795, 0.1840041395130097, 0.07468409760145614, 0.8958333264037591, 0.739624633705118, 0.8984748145534508, 0.6616445231355453, 0.9253926003455953, 0.0022663354285443666, 0.8131656182911161, 0.1987145736993391, 0.85863351787492, 0.20238942391913955, 0.7868277837976594, 0.5309403599884436, 0.09906297547249888, 0.964320031647429, 0.4424933820987241, 0.8969910796920181, 0.00011386023600513961, 0.0005392868304636426, 0.26154106268777205, 4.626966305996631e-06, 0.003589667104831732, 0.5426050697844265, 0.00048117634623345926, 0.02034344596629227, 8.807399157144913e-07, 0.48198972517511585, 0.9691282131806115, 0.0008389701642480205, 0.9037950538648977, 0.16502376376617864, 0.9134798897731923, 0.6532692183558436, 0.0031984772496720416, 0.807960295098647, 0.9898423507634203, 0.00028801565479695735, 0.0003500303503049227, 0.00201457179483198, 0.8470722948130077, 0.9903812025862355, 0.9946785499298644, 0.09595633733235492, 0.0007287769200464464, 0.403424953802975, 0.744032623147673, 0.010948775343976008, 0.0007590723193842245, 0.003895425445520895, 0.9339541738203406, 0.0053201559795063155, 0.9880851550814164, 0.9211071945440504, 0.0069002122431653864, 0.9842890679146911, 0.6761145614613556, 0.0156309142283878, 0.6096825703501575, 0.06734644255594983, 0.7418698985457683, 3.1105061109137057e-07, 0.01948443166568722, 0.03814409202367177, 0.844483369590136, 0.5716260715815352]"
Logistic Regression,35,7,"[0, 1, 1, 0, 1, 0, 1, 0, 0, 1, 0, 0, 0, 1, 1, 0, 0, 1, 0, 1, 0, 0, 0, 0, 1, 0, 1, 0, 1, 0, 0, 0, 1, 0, 1, 0, 0, 0, 1, 0, 1, 0, 0, 0, 1, 0, 0, 1, 0, 0, 0, 1, 1, 0, 0, 0, 0, 1, 1, 0, 0, 0, 0, 0, 1, 1, 1, 1, 1, 1, 0, 1, 1, 0, 1, 0, 0, 1, 1, 0, 1, 0, 0, 1, 1, 1, 0, 1, 1, 0, 0, 1, 0, 1, 0, 0, 0, 1, 0, 1, 0, 0, 1, 1, 1, 0, 0, 0, 1, 1, 1, 0, 0, 1, 1, 0, 0, 1, 0, 0, 0, 0, 0, 0, 1, 1, 0, 0, 0, 0, 0, 1, 0, 1, 0, 0, 1, 1, 0, 0, 0, 0, 1]","[0, 1, 0, 0, 1, 0, 1, 0, 1, 1, 0, 0, 0, 1, 1, 0, 0, 1, 0, 0, 0, 0, 0, 0, 1, 0, 1, 0, 1, 0, 0, 0, 1, 0, 1, 0, 0, 1, 0, 0, 0, 0, 0, 0, 1, 0, 0, 1, 1, 0, 1, 1, 1, 0, 0, 0, 1, 1, 1, 1, 0, 0, 0, 0, 1, 1, 1, 0, 1, 1, 0, 1, 0, 1, 1, 0, 0, 0, 1, 0, 1, 1, 0, 1, 1, 1, 0, 1, 0, 0, 0, 1, 0, 1, 0, 0, 0, 1, 0, 1, 0, 0, 1, 0, 1, 0, 1, 1, 1, 1, 1, 0, 0, 1, 1, 0, 0, 1, 0, 0, 0, 1, 0, 0, 0, 1, 0, 0, 0, 0, 0, 1, 0, 0, 0, 1, 1, 1, 0, 0, 0, 0, 1]","[0.04423007017048805, 0.9779512644216388, 0.06076691093603843, 0.01814601294223943, 0.5902487257725744, 0.026746495384124908, 0.8384122779841467, 0.0021842779478515087, 0.8848464127206762, 0.968385026384049, 0.016279190430757953, 0.16866500237591708, 0.12171711010510872, 0.9516232388404237, 0.5306528129466849, 0.03929999453571898, 0.45874679914618616, 0.98051929442782, 0.15110070477767393, 0.4019158359839828, 0.08813416325307635, 0.017805431585955808, 0.05284206644224589, 0.004654196764973608, 0.6006902459010741, 0.060483768845029574, 0.8736035287640004, 0.011813969457470394, 0.9485654690546866, 0.07827051056178079, 0.19763545865589668, 0.022534606971689533, 0.9475993135515673, 0.004686870672150439, 0.9231373047069058, 0.304905873173344, 0.007772117560017681, 0.5293738835454856, 0.37314545131767624, 0.010994973910213238, 0.4211260490251251, 0.4561590744954893, 0.35896940150536705, 0.09755771515375865, 0.9113059019279254, 0.003941619070094214, 0.0033110905168335114, 0.8906951441138525, 0.9875792959041132, 0.0026856044195358755, 0.9523080396093548, 0.8562515847777499, 0.8565865289205994, 0.0062748941419723285, 0.1446527777995058, 0.001963088466951085, 0.8712821887789015, 0.8707393046407826, 0.7070975198492315, 0.7143124603499721, 0.005324224577292881, 0.002469042548157777, 0.06854746146527776, 0.0036577407027160425, 0.9339398115771649, 0.9675201150595695, 0.931398078518897, 0.4808628217090673, 0.9658807198200418, 0.9842348716104882, 0.039926056877481866, 0.8036247926747992, 0.33604363712774293, 0.8543725084821913, 0.923882270494122, 0.006468010832612456, 0.0033741958344941396, 0.4149820253475318, 0.9406247371469767, 0.0016152987412790833, 0.9960003620762695, 0.9983140275190376, 0.05192105535254089, 0.9811580451195074, 0.8221996469273364, 0.6638793270673993, 0.28992214041671766, 0.5757288726201139, 0.4439226587184201, 0.004418050908434058, 0.13324821318222263, 0.9004918726801497, 0.007096660644042118, 0.9769072562278625, 0.18122439454168163, 0.06558202638740844, 0.053254639719904164, 0.71426282116569, 0.0029044542987659685, 0.9218505105990156, 0.0427369701032769, 0.0029672054598023673, 0.9732890415016886, 0.4963701317425683, 0.8307304729688929, 0.47155383992223876, 0.8316551495825342, 0.9990582171624924, 0.9768431948746125, 0.9700461608028995, 0.9591653347189734, 0.0381260699810398, 0.012532395742972673, 0.973764491277974, 0.7696356068178449, 0.004925274286693371, 0.009212852954147017, 0.9755763699545217, 0.02618628652040104, 0.012318698845967783, 0.226460238486615, 0.8601539344312671, 0.43771070425688136, 0.07626473564087793, 0.34143221225322906, 0.9966189011760809, 0.005828488779402243, 0.10404734919994088, 0.0001302963074572974, 0.002501993133174182, 0.08328591963568263, 0.9887192653633882, 0.003679096145138753, 0.08319734453506775, 0.0866512828964101, 0.8911760395025564, 0.9469488012193734, 0.8214271687537652, 0.005393549077920711, 0.006451767048617391, 0.015381451727113618, 0.013179326372219058, 0.976099004210995]"
Logistic Regression,36,8,"[1, 0, 0, 0, 0, 0, 1, 1, 1, 0, 0, 0, 0, 1, 1, 1, 1, 1, 0, 0, 1, 0, 0, 1, 1, 1, 0, 0, 0, 0, 1, 1, 0, 0, 1, 0, 0, 0, 0, 0, 0, 0, 0, 0, 0, 1, 0, 0, 0, 0, 0, 0, 0, 0, 1, 0, 1, 0, 0, 1, 1, 1, 1, 1, 1, 1, 1, 0, 1, 1, 0, 0, 0, 0, 1, 0, 1, 1, 1, 0, 1, 1, 1, 1, 0, 0, 0, 0, 0, 1, 1, 1, 0, 0, 1, 1, 0, 1, 0, 1, 0, 1, 1, 1, 1, 0, 1, 1, 1, 1, 0, 0, 0, 0, 1, 1, 0, 0, 0, 0, 1, 1, 0, 0, 0, 0, 1, 1, 0, 0, 1, 0, 1, 1, 1, 0, 0, 0, 0, 1, 0, 1, 0, 0]","[1, 1, 0, 1, 0, 0, 0, 1, 1, 1, 0, 0, 1, 1, 1, 1, 0, 1, 0, 0, 1, 0, 0, 1, 1, 1, 1, 0, 0, 0, 1, 1, 0, 1, 1, 1, 0, 0, 0, 0, 0, 0, 0, 0, 1, 1, 1, 0, 0, 0, 0, 0, 0, 0, 1, 0, 1, 0, 1, 1, 1, 1, 1, 1, 1, 1, 1, 0, 1, 1, 0, 0, 1, 1, 1, 0, 1, 1, 1, 0, 1, 1, 1, 0, 0, 1, 0, 0, 0, 1, 1, 1, 0, 0, 1, 1, 0, 1, 0, 1, 0, 1, 1, 1, 1, 0, 1, 1, 1, 1, 0, 0, 0, 0, 1, 1, 0, 0, 0, 0, 1, 1, 0, 0, 0, 0, 0, 1, 0, 0, 0, 0, 1, 1, 1, 1, 0, 0, 0, 1, 1, 1, 0, 1]","[0.9616496527569107, 0.7506110211917486, 0.48528998885778696, 0.6212157520517745, 0.0050430987357275745, 0.045224612037125814, 0.4142932156232325, 0.923636976261445, 0.8750041710339235, 0.8304338976884652, 0.0007290695146020585, 0.013626199624412192, 0.6517882894507898, 0.9492038538716971, 0.9447201070108974, 0.9804607397795194, 0.2928986927483363, 0.7670470004618627, 0.004208747112400258, 0.17573487579690614, 0.5392827982613865, 0.0611537619901128, 0.026007309909981593, 0.8728336189831235, 0.9609896469039367, 0.8390234265267228, 0.5546122993016613, 0.00788334084847385, 0.04425622238355937, 0.01930188095103852, 0.9651771849974311, 0.9357935934704279, 0.00741007374393569, 0.5222222021154906, 0.7616088919821835, 0.6733851152682494, 0.03405556508596147, 0.002250634534256555, 0.05349831579087934, 0.17613978699218666, 0.005496729147935304, 0.34679829754420793, 0.33520352677003296, 0.059592462083201986, 0.6257639516868586, 0.9384991856083663, 0.5693887046391893, 0.06576605898043424, 0.05586753385938694, 0.006700670805468156, 0.005261898190413498, 0.051212055614298944, 0.0014760352411552508, 0.40781514673719493, 0.8680832139954435, 0.2631565306264856, 0.921331234096437, 0.27928008991746556, 0.8226945882039721, 0.9752460946559152, 0.7521543271420974, 0.8855807133529089, 0.9172721406159537, 0.7183808175655156, 0.6356615206573472, 0.9712208649831442, 0.8013302107438214, 0.1975051905095474, 0.9343873912059109, 0.9923873142384683, 0.008480600046151001, 0.012582111348727493, 0.8339764347064099, 0.8716883475150629, 0.8911589734938867, 0.4892686504252172, 0.9761770027688864, 0.9518588050089347, 0.7372691444104498, 0.0034621768044384863, 0.9701027240175684, 0.8567644322882063, 0.9251820572032995, 0.4386724531342154, 0.0029741336623066673, 0.6628141518839401, 0.05301862356373256, 0.001122658186716477, 0.0015803028718211658, 0.8871249415588598, 0.8009858584485502, 0.7946546710108849, 0.0145815159384642, 0.2193249748662769, 0.8950623597477418, 0.8622653330308728, 0.004489743444000771, 0.9652742188929239, 0.4043158290339983, 0.7405150215441193, 0.30876121788037914, 0.951827295005463, 0.5180909823704943, 0.7209794913289078, 0.8524481970251365, 0.24145325607361856, 0.7408083300019724, 0.9322619668174539, 0.7688276545995952, 0.9056605162092065, 0.4026520151569719, 0.056358476527601266, 0.0368890167241624, 0.004091237222644017, 0.8887179988744669, 0.9277663942015371, 0.09753751979941626, 0.0037161528867896815, 0.04273741936457797, 0.06339171646257322, 0.6268359202763146, 0.951497695812319, 0.20789167335933315, 0.012058344744284192, 0.01470738657748501, 0.12570834481268675, 0.32774310619613084, 0.9843696693910117, 0.15844353452450427, 0.03744220451442239, 0.16027625509215382, 0.0418153306484971, 0.8903797033426377, 0.9765632404496394, 0.7067687237627885, 0.6942523262630158, 0.0407444406432154, 0.03260073389334293, 0.2467886840134389, 0.9091955129880427, 0.6848251139895346, 0.7864973715756706, 0.008288319855467794, 0.6585388185120774]"
Logistic Regression,37,8,"[0, 0, 1, 0, 0, 0, 0, 1, 1, 0, 0, 1, 0, 0, 0, 1, 1, 1, 1, 1, 0, 0, 0, 0, 0, 1, 0, 1, 1, 0, 0, 0, 0, 1, 0, 0, 1, 0, 0, 0, 0, 0, 0, 1, 1, 1, 0, 1, 1, 0, 1, 0, 0, 0, 1, 1, 1, 1, 1, 1, 0, 1, 1, 1, 1, 0, 0, 0, 0, 0, 1, 0, 1, 1, 0, 0, 0, 0, 0, 0, 1, 0, 0, 1, 0, 1, 0, 1, 1, 1, 0, 0, 1, 1, 1, 0, 0, 1, 1, 0, 0, 1, 0, 0, 0, 0, 1, 1, 0, 1, 1, 0, 0, 0, 0, 0, 0, 0, 0, 0, 1, 1, 1, 1, 0, 0, 1, 1, 0, 0, 1, 0, 0, 1, 0, 1, 1, 1, 1, 0, 0, 0, 0]","[0, 0, 1, 0, 0, 1, 0, 1, 0, 1, 0, 1, 0, 0, 0, 1, 0, 1, 1, 0, 0, 0, 0, 0, 0, 1, 0, 0, 1, 0, 0, 0, 0, 1, 0, 0, 1, 0, 0, 1, 0, 0, 0, 1, 0, 1, 0, 1, 1, 0, 1, 0, 0, 0, 1, 1, 1, 1, 1, 0, 0, 1, 1, 1, 1, 0, 0, 0, 0, 0, 1, 0, 0, 1, 0, 0, 0, 0, 0, 0, 1, 0, 0, 1, 0, 0, 1, 1, 1, 1, 1, 1, 0, 1, 1, 0, 0, 1, 1, 0, 0, 1, 0, 0, 0, 1, 1, 1, 0, 1, 1, 0, 1, 1, 0, 0, 0, 0, 1, 0, 1, 1, 1, 1, 0, 0, 1, 1, 0, 0, 1, 1, 1, 1, 0, 1, 1, 1, 1, 0, 0, 0, 1]","[0.03296393945309593, 0.006326852413597842, 0.9248577203761974, 0.11345114152762016, 0.17146016409781686, 0.5871973433269085, 0.009851333916891039, 0.9710335589854314, 0.4351159750816315, 0.8905438872039674, 0.02328933396780095, 0.8262761637028926, 0.0011139646642384959, 0.010104360286037192, 0.05525272206840241, 0.5628319492497313, 0.065799322932637, 0.8963750310302583, 0.9809048935465733, 0.3497100310984453, 0.0023420743609599806, 0.071251212675998, 0.023063801435450608, 0.07038069567574384, 0.10649976876857145, 0.8616070841102031, 0.3988150712414797, 0.3141186961566909, 0.9296599286018453, 0.25846841755343963, 0.0036104669943332985, 0.05815850616118957, 0.10707249084796476, 0.808212596849012, 0.007327682945133738, 0.0719245899403502, 0.9131055248957451, 0.2515543666790254, 0.013235087928688816, 0.7855114172591847, 0.4056684824451464, 0.02309549929848896, 0.4961742480297104, 0.611642471936328, 0.28011898613982356, 0.9360595861859702, 0.27877809926437913, 0.9233483324734651, 0.9165938914341744, 0.10975227094512162, 0.9741936843261569, 0.004014494611611247, 0.009745521281587231, 0.0016029071849302844, 0.8912770258902278, 0.9655747733717543, 0.7906362278009521, 0.9421540882531804, 0.9575034808767303, 0.2271127340988829, 0.0004099292506479499, 0.9200409162286778, 0.9260173292781846, 0.9574254467445992, 0.8901762534014951, 0.005484672624107037, 0.0014336863007413975, 0.006322728443147039, 0.08660002802982678, 0.019905920753352534, 0.9650709486804996, 0.13172614643533187, 0.34492322714696255, 0.5181012186731283, 0.07850753562677598, 0.006584526912615398, 0.0038233861786014017, 0.001941722774918236, 0.0911343843702213, 0.05905664906333318, 0.9437690575537194, 0.2333095514279875, 0.12870927385364095, 0.908091579744514, 0.02144696918658812, 0.3618548842523992, 0.6534130154452008, 0.9589257468641119, 0.9596210830851442, 0.8683633444933232, 0.9729427097858514, 0.7421172551847478, 0.15061287572767743, 0.8141916406393673, 0.875108165033017, 0.05130903844761918, 0.012428186426773917, 0.9151694150537285, 0.6423228682491662, 0.09191905171610598, 0.0034645164135387253, 0.9727488045409262, 0.006226643209984947, 0.2538937773400736, 0.002183487681550829, 0.9328644155201804, 0.9540911254539866, 0.6935399934451605, 0.14405972221892913, 0.9639143931262734, 0.913032972327402, 0.47842203210533446, 0.8767503377875392, 0.8590186402415692, 0.394842093422904, 0.2196331220485307, 0.2053967081111267, 0.01162076661312317, 0.5486581503108704, 0.02754100352088014, 0.9665892736962854, 0.8462277243904539, 0.9199705731867849, 0.9320873566248165, 0.005561242615890577, 0.016948196486311587, 0.5119300919045369, 0.9458447019964547, 0.0009606249325060613, 0.02841154338035167, 0.8625774544492394, 0.5487136616758123, 0.9086325260040543, 0.9483506198417977, 0.026794161392212478, 0.8287566648969963, 0.8487323855890796, 0.9244093283997507, 0.6083280156681913, 0.024865449418405176, 0.028752523678054615, 0.0024292818886503436, 0.8234219363284542]"
Logistic Regression,38,8,"[0, 0, 1, 1, 0, 1, 0, 0, 1, 0, 0, 1, 0, 1, 0, 0, 0, 0, 1, 0, 1, 1, 1, 1, 0, 1, 1, 0, 1, 0, 0, 0, 0, 1, 0, 0, 0, 1, 1, 0, 0, 1, 1, 0, 1, 0, 0, 1, 0, 1, 0, 0, 0, 1, 1, 0, 0, 0, 1, 1, 0, 1, 0, 1, 0, 1, 0, 0, 1, 1, 1, 0, 0, 0, 0, 0, 1, 0, 0, 0, 1, 0, 0, 0, 0, 0, 1, 0, 1, 0, 1, 0, 0, 1, 1, 1, 1, 0, 1, 0, 1, 1, 0, 0, 0, 1, 1, 0, 0, 1, 0, 0, 0, 1, 0, 1, 0, 0, 1, 0, 1, 1, 0, 0, 1, 1, 0, 1, 0, 1, 0, 1, 1, 1, 0, 1, 1, 0, 0, 1, 0, 0, 1]","[0, 0, 1, 1, 0, 1, 1, 0, 1, 0, 0, 1, 1, 1, 0, 0, 0, 0, 1, 0, 1, 1, 1, 0, 0, 1, 1, 0, 1, 0, 0, 0, 0, 1, 0, 0, 0, 0, 1, 0, 0, 1, 1, 0, 1, 0, 1, 1, 0, 1, 1, 0, 0, 1, 0, 0, 0, 0, 1, 1, 0, 0, 0, 0, 0, 1, 0, 0, 1, 1, 0, 0, 0, 0, 0, 0, 1, 0, 0, 0, 1, 1, 0, 0, 0, 0, 1, 0, 1, 0, 1, 0, 1, 1, 1, 1, 0, 0, 1, 0, 1, 1, 0, 0, 0, 1, 1, 0, 0, 1, 0, 0, 0, 1, 0, 1, 1, 0, 1, 0, 0, 1, 1, 1, 1, 1, 0, 1, 1, 1, 0, 1, 1, 0, 0, 1, 1, 1, 0, 1, 0, 0, 1]","[0.031371601565276776, 0.003604357994347966, 0.8077064483483563, 0.5424753231005078, 0.019829725064740254, 0.9650080846130213, 0.6035998425874962, 0.3093916205294391, 0.9238835854039033, 0.18673172626493423, 0.00788111546503043, 0.9605055140432863, 0.9088088252044808, 0.9197938567059654, 0.0002395975378979115, 0.0004437031665043697, 0.019123291957969173, 0.013038691583936973, 0.6021572494344267, 0.040224909712118236, 0.9566543144342587, 0.9839566248768301, 0.9658856800928499, 0.45721951105108993, 0.013829770859072612, 0.9803459851657138, 0.9953532674969304, 0.011005707224804205, 0.7431302914474168, 0.0009508427520508563, 0.0021866316711666, 0.4741195314107977, 0.002260725408825038, 0.9679651379159484, 0.0033221322007312903, 0.17357379914547452, 0.0027857330542844843, 0.43021780266712795, 0.5052388086228424, 0.004928891698249176, 0.011318590190600266, 0.9677512382662928, 0.9262498200643574, 0.0017816635507981904, 0.9455939614756576, 0.001200922595793591, 0.6882064816208402, 0.7648790351023675, 2.96626253729274e-05, 0.564935328395069, 0.9877247929448264, 0.0006442333611786998, 0.004574718774169255, 0.9543679883641669, 0.2632621480424966, 0.00021269773281673687, 0.14077495494678535, 0.003066945545312517, 0.5567080037018801, 0.7144154174514847, 0.003415218105057176, 0.09628912982520116, 0.33141031926268705, 0.11581818614628137, 0.012534695511705806, 0.9917347735150905, 0.1414683941893236, 0.00030500995404584983, 0.9562789214728441, 0.715343604901748, 0.22020882702322805, 0.07446416287505601, 0.025250761267999265, 0.17764019256910266, 0.07486806101118536, 0.07450047459992098, 0.9695860928050978, 0.17802287442741388, 0.37310502809147716, 0.05085998256569454, 0.9873424076688537, 0.9780190789417414, 0.01628247683760713, 0.4360186691207426, 0.00407610300761982, 0.4041145006550664, 0.9288814919406255, 0.12439700719978672, 0.920410358231102, 0.17978612781098516, 0.9061660351950152, 0.04075345242091019, 0.551163158613885, 0.9076544594047163, 0.9765825641085251, 0.7982126045485783, 0.46500034740115975, 0.03428969667265594, 0.7591128257305214, 0.015599783190484474, 0.833479188910191, 0.9330754854563298, 0.002324637521549556, 0.001827322694170814, 0.0049056107141979485, 0.778848829138226, 0.9990848951231094, 0.4661429205414938, 0.006371744197444092, 0.9329623920312317, 0.35163811752582114, 0.007337767365259704, 0.14482630431539611, 0.9927559953690277, 0.0005586110098891249, 0.9526183977976552, 0.9839615687654387, 0.03921948399176763, 0.9925850200301135, 0.11969593881460136, 0.002076812732313178, 0.992992210757456, 0.7640045342540722, 0.6704642008041163, 0.8117745074636131, 0.9902317033436047, 0.000825506858769936, 0.919867641900273, 0.947216474754325, 0.9929504115292727, 0.043893219717988825, 0.9866819187634182, 0.9846633193222593, 0.08267142995904563, 0.40348885774891813, 0.7427159292470041, 0.9908940771725461, 0.7995101407339125, 0.3178100495410451, 0.7771016360642964, 0.002040367463601204, 0.07466097963396741, 0.840134783565727]"
Logistic Regression,39,8,"[1, 1, 0, 1, 0, 1, 0, 0, 0, 1, 0, 1, 0, 0, 1, 0, 0, 0, 1, 0, 0, 0, 1, 1, 1, 0, 1, 0, 0, 0, 0, 0, 0, 1, 1, 0, 1, 0, 1, 1, 0, 1, 1, 0, 0, 0, 1, 1, 1, 0, 0, 0, 1, 0, 1, 0, 0, 0, 0, 0, 0, 1, 0, 0, 0, 1, 0, 1, 0, 0, 1, 1, 1, 0, 0, 0, 0, 1, 1, 1, 0, 0, 0, 0, 1, 1, 1, 1, 0, 0, 0, 1, 0, 1, 0, 0, 0, 0, 0, 1, 0, 0, 0, 0, 1, 1, 1, 1, 1, 0, 0, 0, 0, 1, 1, 1, 0, 1, 1, 0, 0, 0, 1, 0, 1, 0, 0, 1, 0, 0, 1, 1, 0, 0, 0, 1, 0, 0, 0, 1, 1, 0, 0]","[1, 1, 1, 0, 1, 1, 0, 0, 0, 1, 1, 1, 0, 1, 1, 0, 0, 1, 1, 1, 0, 0, 1, 1, 1, 0, 1, 0, 0, 0, 0, 0, 0, 1, 1, 0, 1, 0, 1, 1, 0, 1, 0, 0, 0, 0, 1, 1, 1, 0, 0, 0, 0, 0, 0, 0, 0, 1, 0, 0, 0, 1, 0, 0, 0, 1, 0, 1, 0, 0, 1, 1, 1, 0, 0, 0, 0, 0, 1, 1, 0, 0, 0, 1, 1, 1, 1, 0, 1, 0, 0, 1, 0, 1, 0, 0, 0, 1, 1, 1, 0, 0, 0, 0, 1, 1, 1, 1, 0, 0, 0, 0, 1, 1, 1, 1, 0, 1, 1, 1, 1, 0, 1, 1, 1, 0, 0, 1, 1, 0, 1, 1, 0, 0, 0, 1, 0, 0, 0, 1, 1, 0, 0]","[0.5408418847051751, 0.9736331853905402, 0.7850396243525234, 0.06585985453666543, 0.7454075598446973, 0.5580278639250809, 0.056278880810407675, 0.0034273187847468833, 0.0392160168338396, 0.9721331181701112, 0.8786319567798986, 0.9708492728058822, 0.007299516232816555, 0.5615755349786162, 0.9712446711997894, 0.10232016175648298, 0.004574754834514673, 0.6681383195792835, 0.9506195867259895, 0.5345943202727087, 0.19782364668309924, 0.0018882657353328353, 0.9439622823175214, 0.5904201222665758, 0.9547965423196616, 0.007627484048858776, 0.6990519879544024, 0.012562616204078347, 0.004868167322379019, 0.24785314682917262, 0.001046286277621063, 0.14919826977516729, 8.101360831659468e-05, 0.9702652372456785, 0.9345774763054481, 0.0040066872362962665, 0.8110856797613392, 0.08380647051609581, 0.9386391432994121, 0.883434250526832, 0.03124612154815887, 0.8646898386910077, 0.023721773468960324, 0.49776321673289875, 0.14964028371469904, 0.42261816340822134, 0.9975253267784556, 0.9002955068893619, 0.9736714446606223, 0.017018718143734436, 0.01072108380940752, 0.2822023533807049, 0.47982717491239313, 0.00734441134686117, 0.44439788457188845, 0.02658482790489969, 0.011107173109507592, 0.8353902712690909, 0.042983097959112856, 0.0023210262200205082, 0.0007432095361162786, 0.9827724421768355, 0.0024242114240375276, 0.0294013103257144, 0.00340421660921594, 0.6747837599043621, 0.0018928513565316931, 0.6455337388783042, 0.2100822854920222, 0.38062990495553833, 0.8778549433103313, 0.7860543584605892, 0.5404395306692635, 0.25795327775555127, 0.3965336108882481, 4.095490549176791e-05, 0.0287462181963551, 0.3535060551664415, 0.9359678594580563, 0.9699603868079169, 0.31743315230755653, 0.0017377623815205104, 0.0022539806423244662, 0.9970565230754441, 0.8460749298738435, 0.9750176526983669, 0.8314086130601671, 0.3866630936666262, 0.6418143664103503, 0.0043668617000925895, 0.008947326262420603, 0.9606060822915639, 0.021117935139646188, 0.8315193371209328, 0.22263033986757583, 0.00048690710855315357, 0.0684248415642237, 0.5486861816501295, 0.7199746827199356, 0.731312361863087, 0.0013115392726024775, 0.03619287638167147, 0.05536509583836482, 0.017284845226521788, 0.9754456097879558, 0.5255146781714797, 0.8479779505103231, 0.8580855478215246, 0.310256027640814, 0.3099379610942657, 0.0003746619053318333, 0.015162600434597493, 0.9994267586229024, 0.9726162759383342, 0.9520203405723069, 0.9760377762024188, 0.18664429340845398, 0.6684102429197333, 0.9501892068484012, 0.6357619895941464, 0.7206003074691458, 0.29574485644797394, 0.8923054498070052, 0.6840482356234223, 0.8883323954036487, 0.008965401833241947, 0.06657913079004206, 0.9957919603591431, 0.5240049037006401, 0.22525278684056002, 0.6170481275245907, 0.9398959403409624, 0.0011046559615861496, 0.07767684583783231, 0.0015742475203508965, 0.7017500276622375, 0.39292342044304934, 0.07065655684599173, 0.019947421431503642, 0.7712583855596814, 0.8278043200033873, 0.0023188932497023532, 0.007005810174063758]"
Logistic Regression,40,8,"[0, 1, 1, 1, 0, 0, 0, 0, 0, 0, 0, 1, 0, 0, 1, 0, 0, 1, 0, 1, 0, 0, 0, 1, 0, 1, 1, 0, 0, 0, 0, 0, 1, 1, 1, 0, 1, 0, 0, 0, 1, 1, 1, 1, 0, 0, 1, 0, 0, 1, 0, 0, 1, 1, 0, 1, 0, 1, 0, 0, 0, 0, 1, 1, 0, 0, 0, 1, 1, 0, 1, 1, 1, 1, 1, 1, 1, 1, 0, 0, 1, 1, 0, 0, 1, 0, 1, 0, 1, 0, 1, 0, 0, 0, 1, 1, 0, 0, 0, 0, 0, 0, 1, 1, 1, 1, 0, 0, 1, 0, 0, 0, 0, 0, 1, 0, 0, 1, 1, 1, 0, 0, 1, 0, 0, 1, 1, 0, 0, 0, 1, 0, 0, 0, 0, 0, 0, 0, 1, 1, 0, 1, 1]","[0, 1, 0, 1, 0, 0, 0, 0, 0, 0, 1, 1, 0, 0, 1, 0, 0, 1, 0, 0, 0, 1, 0, 0, 0, 1, 1, 0, 1, 0, 0, 0, 1, 1, 1, 1, 1, 0, 0, 0, 1, 0, 1, 0, 0, 0, 1, 0, 0, 1, 0, 1, 1, 1, 0, 1, 0, 1, 0, 0, 0, 0, 1, 1, 0, 0, 1, 1, 1, 0, 1, 1, 1, 1, 1, 1, 1, 1, 1, 0, 1, 1, 0, 0, 1, 1, 1, 0, 1, 0, 1, 0, 0, 0, 1, 1, 0, 0, 0, 0, 0, 0, 1, 0, 1, 1, 1, 0, 1, 0, 0, 0, 0, 0, 1, 0, 0, 1, 1, 1, 0, 0, 1, 0, 1, 1, 1, 0, 0, 0, 1, 0, 0, 0, 1, 0, 0, 0, 1, 1, 0, 1, 1]","[0.4539148432519529, 0.9225070554359969, 0.07490301753413821, 0.6188370205627617, 0.18713001970366178, 0.01709680278122974, 0.015021853158937164, 0.07091872846628634, 0.0020972488126917016, 0.2526757446336497, 0.8995474069558973, 0.8048955806222404, 0.0034744071437520303, 0.35725632469676033, 0.84727372239967, 0.2658614962969628, 0.0948794671463776, 0.936765461692199, 0.1423170060187146, 0.44246156459748537, 0.04500918018334792, 0.6508326125540889, 0.014307390072203052, 0.4120133885475935, 0.004734685031005924, 0.6705170129484503, 0.9020550532273875, 0.06767505138341533, 0.5055304680484144, 0.09543368234090846, 0.007711181573150933, 0.014369114255657752, 0.737424607396477, 0.9116847173743343, 0.6441938697508828, 0.5865256184561397, 0.7200915506820683, 0.023824214137535427, 0.03443136386892906, 0.2595241089232422, 0.6297279406747851, 0.39993120051844544, 0.8432628186886029, 0.45774463861748965, 0.08702693137235733, 0.01754077232349267, 0.899100779202611, 0.0006170154265972678, 0.002954414126227137, 0.9315329418967454, 0.001435202996945976, 0.941045283528217, 0.7622515276663672, 0.823620701149616, 0.0008396601620796884, 0.7927267023356124, 0.02332470052103339, 0.9900455567991898, 0.29959293679073706, 0.04519907120563851, 0.027420079859714033, 0.00043171227349419225, 0.8884664879921198, 0.9160342945412645, 0.05189894540956165, 0.039056217491182064, 0.6972757928959936, 0.9602284618745677, 0.8413823632543708, 0.024790218635389934, 0.9002144070658625, 0.99317643282924, 0.9290853736228876, 0.8848362938142108, 0.9641288911130127, 0.9158518435000811, 0.8854941768760882, 0.7779889338636704, 0.5334059178486705, 0.09960359015006218, 0.8742817955121587, 0.7259868531561567, 0.006262323486609739, 0.00021500284297488458, 0.8812657054373305, 0.8669149199284062, 0.927832969264775, 0.0005408987513156288, 0.9808405035792384, 0.005177625081180576, 0.6606912798147394, 0.38857826961189307, 0.12117570872648907, 0.2577471746873057, 0.9638497474667669, 0.8600742236174357, 0.002909089848832776, 0.003414547223783603, 0.32526161450133323, 0.04829402500938799, 0.07261268237945898, 0.3193879320184203, 0.758733150309463, 0.004742831574080019, 0.8834146521642361, 0.967938310941079, 0.5454113639469971, 0.008664008150872352, 0.938210851146441, 0.36515060563194707, 0.04673939960450938, 0.19392761001774644, 0.012401508492480636, 0.4395934006998966, 0.7675603101907844, 0.0012377065354423475, 0.005257210373951396, 0.7725866641249322, 0.8579550286633624, 0.9702926300892705, 0.004911569988744232, 0.11528255709941583, 0.9691593825754156, 0.3674978509672321, 0.8853891872994238, 0.9921882486479779, 0.9302582670140438, 0.0016856980022629123, 6.0930446985067084e-05, 0.1715830342942199, 0.8989626888848442, 0.043856923865567644, 0.0021927207734863522, 0.0898596249390431, 0.8399447321050563, 0.0009057092351991374, 0.054508132119263614, 0.07084214813235358, 0.7968291798440439, 0.9002596531424727, 0.009175110056385417, 0.9571745792312726, 0.6294184453128262]"
Logistic Regression,41,9,"[1, 1, 1, 0, 0, 1, 1, 0, 0, 1, 1, 0, 1, 1, 0, 1, 1, 0, 0, 1, 0, 1, 0, 1, 1, 0, 1, 0, 1, 1, 0, 1, 0, 0, 1, 0, 0, 0, 0, 1, 1, 0, 0, 1, 1, 0, 0, 0, 0, 1, 1, 1, 0, 1, 0, 0, 0, 0, 0, 1, 0, 0, 0, 0, 1, 1, 1, 0, 1, 1, 0, 1, 0, 1, 1, 0, 0, 1, 0, 1, 1, 0, 0, 1, 1, 1, 0, 1, 0, 1, 1, 0, 0, 1, 1, 1, 1, 0, 0, 0, 1, 0, 0, 1, 1, 1, 1, 1, 1, 1, 0, 0, 1, 0, 0, 1, 1, 1, 1, 0, 1, 0, 0, 1, 0, 0, 1, 1, 1, 0, 1, 0, 1, 1, 1, 0, 1, 1, 0, 0, 0, 0, 1, 1]","[1, 0, 1, 0, 0, 1, 1, 1, 0, 1, 1, 1, 1, 1, 0, 1, 1, 0, 0, 0, 0, 1, 0, 1, 1, 0, 1, 0, 1, 1, 0, 1, 0, 0, 1, 0, 1, 0, 0, 1, 1, 0, 1, 0, 1, 0, 1, 0, 0, 1, 1, 1, 0, 0, 0, 0, 0, 0, 0, 1, 0, 0, 0, 0, 1, 1, 1, 0, 1, 1, 0, 1, 0, 1, 1, 0, 0, 1, 1, 1, 0, 0, 1, 1, 1, 1, 0, 1, 0, 1, 1, 0, 0, 1, 1, 1, 1, 0, 0, 0, 0, 0, 0, 1, 1, 1, 1, 1, 1, 1, 0, 0, 1, 0, 0, 1, 1, 1, 1, 0, 1, 0, 0, 1, 0, 0, 1, 1, 0, 0, 1, 0, 1, 1, 1, 1, 0, 1, 0, 0, 0, 0, 1, 1]","[0.9548818395610897, 0.12265966923416666, 0.8874520350085091, 0.0018700582846942347, 0.4268331492653147, 0.9302277917782898, 0.934700266364968, 0.7698322035550025, 0.2658690651192227, 0.7512901888913651, 0.7898315514036824, 0.8904220946025915, 0.8922241628140478, 0.9650049925930364, 0.01202828643190003, 0.983830517579481, 0.7990993031815364, 0.0012411545615494584, 0.06519784078035362, 0.414909862469824, 0.031120286486175337, 0.8635867955194373, 0.06791092286821829, 0.9220558651841995, 0.9704140513093937, 0.3742585599896732, 0.5313402721393762, 0.011411912918616188, 0.9532831796449388, 0.9105534071923108, 0.0016423731885654267, 0.9596683126477688, 0.49942703558776474, 0.001687796764218685, 0.7778331339996241, 0.026304687405338544, 0.5442035330277274, 0.033086354747789225, 0.17959540487244846, 0.8756442160706258, 0.6195565019460746, 0.34560463121143825, 0.5172894536383821, 0.4563456192119429, 0.90808915358558, 0.035021453015916665, 0.5365532066010552, 0.001160279143632141, 0.3798953950014617, 0.8340693840932857, 0.9328939069417851, 0.9225389765613465, 0.0017400968748852016, 0.4903757966604415, 0.029276562755925176, 0.0053454332813476805, 0.025933633275969665, 5.2781563099191895e-06, 0.0002682584269785954, 0.9080408248798632, 0.0016893932808008916, 0.019744778764616364, 0.23048396619721964, 0.08720465283776217, 0.9759423387531084, 0.8918830389141463, 0.7491919431270582, 0.041584314616256425, 0.970574702935954, 0.5953411191956826, 0.07911239810353601, 0.976534972800703, 0.02812222619241973, 0.6264190599566507, 0.6958818499757736, 0.2600255696790945, 0.008795111738606424, 0.7188408931708256, 0.5371953237871822, 0.9309627789246333, 0.3295793759772519, 3.4920595469586475e-07, 0.8421202244217109, 0.7437565218869611, 0.9401201106620404, 0.9038690142093434, 0.001994920926830315, 0.8750466192881932, 0.004492095566368294, 0.9537619028538693, 0.8574174936365287, 0.0008174576054805984, 0.08847682359876967, 0.7861870968534476, 0.8924611104155312, 0.7368875510627979, 0.9525377048675882, 0.07236546969745251, 0.0012230104943400444, 0.2771408930263286, 0.004786733052023668, 0.30804023848456485, 0.05502920324168026, 0.961902088354284, 0.9627148265848577, 0.5481995822731802, 0.8062632377626434, 0.8752439059134434, 0.5882817235114368, 0.912739803780123, 0.43502516309503164, 0.004518369960295657, 0.8958791301943823, 0.0203921656994623, 0.02358494983872404, 0.8748874335169807, 0.9299772078692174, 0.769610119761491, 0.9831063792943769, 0.0006883685317912066, 0.5511084711097621, 0.029352802261851663, 0.055440358879349894, 0.6265699530660993, 0.2919281303220784, 0.004373159266871276, 0.5697113185631945, 0.9059081657949655, 0.3236848584633136, 0.01794818836923665, 0.8245754902534637, 0.052970942066702116, 0.9131538943772453, 0.9804160258840635, 0.9320063425268824, 0.9288988069438628, 0.13588173413932975, 0.5900013030347775, 0.40613750565931833, 0.028879767174718185, 0.35137421683309455, 0.0861528437154064, 0.7072764782917235, 0.546446028086677]"
Logistic Regression,42,9,"[0, 1, 0, 0, 0, 1, 0, 0, 1, 1, 1, 0, 0, 0, 0, 0, 1, 1, 0, 0, 1, 1, 0, 0, 1, 1, 0, 0, 0, 0, 0, 0, 0, 1, 0, 1, 0, 1, 0, 1, 1, 0, 1, 0, 0, 1, 0, 1, 1, 0, 0, 0, 0, 1, 0, 1, 1, 0, 1, 1, 1, 0, 0, 1, 0, 1, 0, 0, 0, 1, 0, 1, 1, 1, 0, 0, 1, 1, 0, 1, 1, 1, 1, 0, 0, 0, 0, 0, 1, 0, 0, 1, 0, 1, 0, 0, 1, 1, 1, 0, 1, 0, 1, 1, 0, 1, 1, 0, 0, 0, 0, 0, 1, 1, 0, 1, 1, 0, 1, 0, 0, 0, 1, 1, 0, 0, 1, 0, 0, 0, 0, 1, 0, 0, 1, 1, 1, 1, 0, 0, 1, 1, 1]","[0, 1, 0, 0, 1, 1, 0, 0, 0, 1, 1, 1, 0, 0, 0, 0, 1, 1, 0, 1, 1, 1, 0, 0, 1, 1, 1, 0, 0, 0, 0, 0, 0, 1, 0, 1, 0, 1, 0, 1, 1, 0, 1, 0, 0, 1, 1, 0, 0, 0, 0, 0, 0, 1, 0, 1, 1, 0, 1, 0, 1, 0, 0, 1, 0, 1, 0, 0, 0, 1, 0, 1, 1, 1, 1, 0, 1, 1, 0, 1, 1, 1, 1, 0, 0, 0, 1, 0, 1, 0, 0, 1, 0, 1, 0, 1, 1, 1, 1, 0, 1, 0, 1, 1, 0, 0, 1, 0, 0, 1, 1, 0, 1, 1, 1, 1, 1, 0, 1, 0, 0, 0, 1, 1, 0, 1, 1, 1, 0, 0, 1, 1, 0, 0, 1, 1, 1, 1, 0, 0, 1, 1, 1]","[0.03642543908255375, 0.9661396658186184, 0.006339793104830491, 0.4396773006452199, 0.7374822962863883, 0.9139503371742742, 0.010034725011920171, 0.028879976083264935, 0.40158845790269315, 0.9153860842157591, 0.6131423617657337, 0.8610274935939377, 0.00228253552152781, 0.004480895183929835, 0.007969804159697074, 0.24744164978178892, 0.5997427541351016, 0.6263205248971343, 0.049960058383304404, 0.5417689457090485, 0.9421132922430608, 0.5711121019481623, 0.02522495761577257, 0.02263196852867943, 0.9503187928906595, 0.8651063323257143, 0.5145090386397664, 0.009369425427327459, 0.030899626395888002, 0.430393606260505, 0.019216513839862472, 0.0017625493676423582, 0.0018749665609481226, 0.9748449572654232, 0.08031619608793043, 0.7592541940580739, 0.4896109074075569, 0.9160629333404511, 0.020157422164863777, 0.9369263185255567, 0.9186157518689801, 0.022495225924539144, 0.8279821863298347, 0.18888954091043922, 0.11870670270729666, 0.9270938249716874, 0.7291124394134455, 0.2655495633313095, 0.4735952008323285, 0.04671702406697745, 0.04092562151424674, 0.005699458433778294, 0.002719461590264587, 0.881779840210635, 0.0032471643050901926, 0.9742861901026786, 0.9777515123318198, 0.17672393530616798, 0.8572433432841411, 0.25589591495436015, 0.8487185621947217, 0.03186823089692858, 0.08230122680672497, 0.9061695097832034, 0.1336651555030647, 0.9285582735341776, 0.1677806352401199, 0.38867473173560596, 0.4375368612971743, 0.9001823273875784, 0.27314601085358176, 0.9882740526321357, 0.9366184630574765, 0.8879984463761873, 0.5696064708824711, 0.15339759320823138, 0.8972268143064941, 0.8197664186785412, 0.054395254793871355, 0.8743386159228648, 0.6306170712857196, 0.8850479244359906, 0.6793839530461709, 0.08024596341218647, 0.003366969844096863, 0.22815158481202455, 0.5621989452954607, 0.002105662467481014, 0.7577689256903384, 0.018153193284431185, 0.476209726926561, 0.8320418664085859, 0.28804816918960435, 0.7328135836466063, 0.38893699601928733, 0.9149646485537901, 0.8572262071932316, 0.6961772269731676, 0.9097408851960043, 0.060293729753544974, 0.506801192453174, 0.1867284381806214, 0.9493057045782026, 0.857603413200656, 0.22731876528359438, 0.3148085682863463, 0.7656835580672029, 0.358987289269386, 0.010411562391630713, 0.9983838340358244, 0.8514621944413927, 0.3565833529536223, 0.7161556316167041, 0.8644964181778628, 0.5964339431312983, 0.9630632472037448, 0.8346004292523211, 0.03388913867497307, 0.904317758795869, 0.0038007394660315302, 0.3220279985826939, 0.014038444619144566, 0.8371007379302935, 0.7859143335058631, 0.07850300338814616, 0.533452929456326, 0.9491136271478406, 0.8171577633593342, 0.025639360570044963, 0.014480089597976628, 0.9157884230502821, 0.9894952793600609, 0.11283468979490445, 0.05806811592248044, 0.9812613096451247, 0.9080121639398493, 0.8701531228535534, 0.6824009499081145, 0.02121569571950878, 0.028020984926080034, 0.8120861326930907, 0.9173467716302558, 0.844882414094374]"
Logistic Regression,43,9,"[0, 0, 0, 0, 0, 0, 0, 0, 0, 0, 0, 1, 0, 1, 0, 0, 0, 1, 0, 0, 1, 0, 0, 0, 0, 1, 1, 0, 0, 0, 1, 0, 1, 0, 0, 1, 0, 0, 1, 1, 0, 1, 1, 0, 0, 0, 0, 1, 1, 0, 1, 1, 0, 0, 1, 1, 0, 1, 1, 0, 0, 0, 0, 1, 1, 0, 0, 0, 1, 0, 1, 0, 1, 0, 0, 0, 1, 1, 1, 1, 1, 0, 0, 0, 1, 1, 1, 1, 0, 0, 0, 1, 0, 1, 1, 1, 0, 1, 0, 1, 0, 1, 0, 1, 0, 0, 0, 1, 0, 1, 1, 0, 1, 0, 0, 0, 1, 1, 0, 0, 1, 0, 0, 1, 1, 0, 1, 1, 1, 0, 0, 1, 1, 1, 1, 1, 0, 1, 1, 0, 0, 0, 0]","[1, 0, 0, 0, 0, 0, 0, 0, 0, 0, 0, 1, 0, 1, 0, 0, 0, 0, 0, 0, 1, 0, 0, 0, 0, 1, 1, 0, 0, 0, 1, 0, 1, 0, 0, 1, 0, 1, 0, 1, 0, 1, 1, 0, 1, 0, 0, 1, 1, 0, 1, 1, 0, 0, 1, 1, 0, 1, 0, 0, 0, 0, 1, 1, 1, 0, 0, 0, 0, 0, 1, 1, 1, 0, 0, 0, 1, 1, 1, 1, 1, 1, 0, 1, 1, 0, 1, 1, 1, 1, 0, 1, 1, 1, 1, 1, 0, 1, 0, 0, 0, 1, 0, 1, 0, 1, 0, 1, 0, 1, 1, 0, 1, 0, 0, 1, 1, 1, 0, 0, 1, 0, 0, 1, 1, 0, 1, 1, 0, 0, 1, 1, 1, 1, 1, 1, 1, 1, 1, 0, 0, 1, 0]","[0.7601994405847319, 0.022935380940400686, 0.004191555198812394, 0.3149806914612446, 0.0011786486228584174, 0.005756504734066534, 0.050361674434338276, 0.2921476725873786, 0.05981519238173337, 0.006516295576068567, 0.2748974969417224, 0.9408376962129384, 0.18037468984450705, 0.9860816784050633, 0.0005857850329726053, 0.00040001744618906195, 0.014696386430259821, 0.26432196949382114, 0.04012263825606981, 0.015804867310605864, 0.9815432333433155, 0.0007790929734747991, 0.005969538317936084, 0.04615756588322162, 0.077321464830713, 0.9928022898949797, 0.8089786065487996, 0.0026096810158326798, 0.013316094585746601, 0.00029340162267620584, 0.9222207053168806, 0.14118892339287564, 0.8749215711534546, 0.2856768340198634, 0.2510744829329986, 0.6560966628034641, 0.0022741488470680664, 0.5192871931974288, 0.3832717531209824, 0.9708818220390347, 0.33248748347161106, 0.9669647365316467, 0.9185940235269453, 0.0030536523689698074, 0.5284585687414642, 0.008297727570878238, 0.00031118375034497136, 0.6287110330579321, 0.958960809230923, 0.004789025920828181, 0.8244882911842676, 0.9504022666914538, 0.007109508861696177, 0.1163062841415511, 0.9067666933453981, 0.9816346829183118, 0.3622825913188464, 0.9959606801319612, 0.1619170886111755, 0.2653595071104054, 0.28144777241293084, 0.09847247595852868, 0.8684208284996972, 0.8968334542113414, 0.9808215786831637, 0.08330094431427412, 0.10746325915107494, 0.13518283551511975, 0.24942772895796517, 0.0023425080529639168, 0.5967910428360178, 0.7767259303041114, 0.8329773001799965, 0.0018396786375519606, 0.08895463989119011, 0.16314301615580398, 0.9683689039446012, 0.9797266105463693, 0.8094209658359058, 0.7751286547438451, 0.9135656927814388, 0.6002789722662772, 0.004469812070887568, 0.605036278288264, 0.9032440426129315, 0.36186910860260973, 0.9260350525391426, 0.9720547430634912, 0.9818132201917776, 0.7828522780183929, 0.24891933852433853, 0.976554156796757, 0.8978386497014909, 0.6361475399355597, 0.8802398764030684, 0.897242140102601, 0.05345084123902048, 0.966420330288077, 0.0009956767133685637, 0.4563081629913128, 0.03725840519127853, 0.8474605867332282, 0.2611505059240358, 0.8997358489727229, 0.01067254502043607, 0.6596950405519397, 0.005213290280853178, 0.9730437392517102, 0.0008264188775885487, 0.9632946929768722, 0.7154476507129582, 0.0018602887739419568, 0.8001218777868269, 0.00013489742710034146, 0.025090641675344433, 0.7308552658955769, 0.7383687089126197, 0.9960016701419563, 0.036454412927042316, 0.27549331473598215, 0.9668267466145097, 0.2675167410135263, 0.011897982021298131, 0.8966982976928345, 0.9400725487234598, 0.19978697984380167, 0.9365860452331595, 0.9772172551825616, 0.0019337342218943845, 0.2126289994625976, 0.8219251052414753, 0.7338613995288978, 0.998560997275784, 0.9490670929882614, 0.9925152180220657, 0.9908765802935037, 0.6392453090331, 0.9103535909388952, 0.5823048714769687, 0.023678352584014965, 0.0015424322858100044, 0.8181384001163722, 0.0016207862057577107]"
Logistic Regression,44,9,"[0, 0, 1, 1, 0, 1, 0, 0, 1, 1, 1, 0, 1, 0, 1, 1, 0, 0, 1, 0, 1, 1, 0, 1, 1, 1, 0, 1, 0, 1, 0, 1, 0, 1, 0, 0, 0, 1, 0, 0, 0, 0, 1, 1, 0, 0, 1, 1, 0, 1, 0, 0, 1, 1, 0, 0, 0, 0, 0, 0, 1, 0, 1, 0, 1, 0, 0, 0, 1, 0, 0, 0, 0, 0, 1, 0, 0, 0, 0, 0, 0, 0, 0, 0, 1, 0, 1, 0, 1, 0, 0, 1, 0, 0, 1, 0, 0, 0, 0, 0, 0, 1, 0, 0, 1, 0, 0, 1, 0, 0, 0, 0, 0, 0, 0, 1, 0, 0, 0, 0, 0, 0, 1, 0, 0, 0, 1, 1, 0, 0, 0, 0, 0, 1, 0, 0, 0, 1, 1, 0, 0, 0, 0]","[0, 1, 1, 1, 0, 1, 1, 0, 1, 1, 1, 1, 1, 0, 1, 1, 0, 0, 1, 1, 1, 0, 0, 1, 1, 0, 0, 1, 0, 1, 0, 1, 0, 1, 0, 0, 0, 1, 0, 0, 0, 0, 0, 0, 0, 0, 0, 0, 0, 1, 0, 0, 1, 1, 0, 1, 0, 1, 1, 0, 1, 0, 0, 0, 1, 0, 0, 0, 1, 0, 0, 0, 0, 0, 1, 0, 0, 1, 0, 0, 0, 0, 0, 0, 1, 0, 0, 0, 1, 0, 1, 1, 0, 0, 1, 0, 0, 0, 0, 0, 1, 1, 0, 0, 1, 0, 0, 1, 1, 0, 0, 0, 0, 0, 1, 1, 0, 0, 0, 0, 1, 0, 0, 0, 0, 0, 1, 1, 0, 0, 0, 0, 0, 1, 0, 0, 0, 1, 1, 1, 0, 0, 0]","[0.019134470385687004, 0.7771039189946182, 0.5959858583921189, 0.5045612238645789, 0.076629104100365, 0.9480228682405307, 0.6473319751030914, 0.0578619114225547, 0.8553191359912111, 0.8917417883052475, 0.9508275807137951, 0.873178448191895, 0.9684397296724508, 0.007904105514431338, 0.8706373108036298, 0.8451979688088562, 0.04949944196036022, 0.005811163217611648, 0.9663045311439239, 0.5937835766483845, 0.9561563631966485, 0.3487444667372322, 0.0019803032989101094, 0.9711343198542964, 0.9668521162016814, 0.31137463483825495, 0.008668288231687356, 0.6450129377485284, 0.009514633472220407, 0.7640495695793782, 0.22835124100629933, 0.7124341298938469, 0.22535826835857725, 0.6319119995387533, 0.0033794899314115814, 0.04755274521958832, 0.0022840542884505874, 0.9454658196590158, 0.004441838519587414, 0.18402451929098748, 0.00883002284998521, 0.028313373267851716, 0.4335192721701849, 0.44210867983759333, 0.006734588605099621, 0.016563245566457118, 0.02166357087798022, 0.25452278043237164, 0.079773225171585, 0.869543566484161, 0.033187789278068286, 0.0045535157940465075, 0.9588127976400723, 0.8310919751765549, 0.0004212573687433307, 0.9898714213007325, 0.0007540802040491164, 0.9645356518649303, 0.8345320295451051, 0.0004568847456077319, 0.7852972238613154, 0.005784334336710495, 0.10168185283734472, 0.02294091455510123, 0.9333278776994071, 0.00761634041858772, 0.00043373889890356305, 0.000916239157631039, 0.7346568239596184, 0.04686798126627312, 0.002857855271840227, 0.0029656620345932085, 0.04167959803921662, 0.0017861317262318625, 0.9960762439850338, 0.1404346284482229, 0.04723461177881083, 0.9747832566417726, 0.08024691414394625, 0.4922950164518967, 0.004060342436707133, 0.015339171543254596, 0.004566372304597357, 0.35575577917756074, 0.9068965545572619, 0.004749742390415537, 0.3851487510292087, 0.1776903027135225, 0.9943164092410314, 0.0065172158152707535, 0.5391691035137123, 0.8227407608278342, 0.11254250840088957, 0.004063983309555142, 0.7780737534541111, 0.002732100983968006, 0.0032696827517901747, 0.018764479811835492, 0.051873566770598706, 0.04057443382026921, 0.5531483805857736, 0.773365639198475, 0.0059972027186664684, 0.008492978518836762, 0.9636005337200592, 0.18514582054904707, 0.13424792734319446, 0.948215081665956, 0.8225118346982949, 0.0028617180468760686, 0.005251512370364104, 0.0012426074151421734, 0.009243373278707452, 0.053516980479883555, 0.9781221226769938, 0.9947033695411052, 0.00752720503800371, 0.1394033021691122, 0.1011022637377217, 0.0005869603830532527, 0.6344079758193083, 0.0019142419112828891, 0.11087533244551905, 0.00012383858912651073, 0.0005184882892681514, 0.08158723223968675, 0.6904517038748851, 0.8681243070365813, 0.043413088706703164, 0.4413038041168344, 0.005109071221840715, 0.060606534324902116, 0.06444923020056839, 0.9878253881775482, 0.012076257384172279, 0.19248165029591127, 0.030016377819613218, 0.7960570621890671, 0.94088651914419, 0.6467780931914785, 0.002935677367252412, 0.06619040708047735, 0.006594290650721243]"
Logistic Regression,45,9,"[0, 1, 1, 0, 1, 1, 0, 0, 0, 0, 0, 0, 0, 0, 1, 1, 0, 0, 0, 1, 1, 0, 0, 1, 0, 0, 1, 0, 0, 0, 1, 0, 0, 0, 1, 0, 0, 0, 0, 0, 0, 0, 0, 0, 1, 1, 1, 1, 1, 0, 0, 0, 0, 1, 1, 0, 0, 0, 1, 1, 1, 1, 1, 0, 0, 0, 0, 1, 0, 1, 1, 0, 0, 1, 0, 1, 1, 1, 1, 1, 0, 0, 0, 0, 0, 1, 1, 0, 0, 1, 1, 0, 1, 0, 1, 1, 0, 1, 0, 0, 1, 1, 0, 0, 1, 0, 0, 1, 0, 0, 1, 0, 1, 0, 0, 0, 0, 0, 1, 0, 0, 1, 1, 1, 1, 0, 1, 0, 0, 0, 0, 1, 0, 0, 0, 0, 0, 1, 1, 0, 0, 1, 0]","[0, 1, 0, 1, 1, 1, 1, 0, 0, 0, 0, 1, 0, 0, 0, 1, 1, 1, 0, 1, 1, 1, 0, 1, 0, 0, 1, 0, 0, 0, 1, 0, 0, 1, 1, 0, 0, 0, 0, 0, 1, 0, 0, 0, 1, 1, 1, 1, 1, 0, 0, 0, 0, 0, 1, 0, 0, 0, 1, 1, 1, 1, 1, 0, 1, 0, 0, 1, 0, 1, 1, 0, 0, 1, 0, 1, 1, 1, 1, 1, 0, 0, 0, 1, 0, 1, 1, 0, 1, 1, 1, 0, 1, 1, 1, 1, 0, 1, 0, 0, 1, 1, 0, 0, 1, 0, 1, 1, 1, 0, 1, 0, 1, 0, 0, 1, 1, 0, 1, 0, 0, 1, 1, 1, 1, 0, 1, 1, 0, 0, 0, 1, 0, 1, 0, 1, 1, 1, 1, 0, 0, 1, 1]","[0.36610971935287623, 0.804938490361711, 0.09353799883525078, 0.5579175346444876, 0.6092063044224856, 0.5535495113469122, 0.9004483943888287, 0.016290795145691622, 0.07051595568408471, 0.024690585036764055, 0.02774396370878515, 0.8675302257008873, 0.012251628008710977, 0.017600912055454214, 0.2553629063970405, 0.9132014958086184, 0.608854634869481, 0.6040489790350464, 0.20941515525231436, 0.9728450838389385, 0.9399593207152586, 0.7048207141568679, 0.14679097996589252, 0.5853194404002152, 0.14334543179354847, 0.24516482178711144, 0.6198125236053716, 0.0692069893936857, 0.08912060830346354, 0.015156450732851955, 0.9084872539923678, 0.007292838903768958, 0.13066152996348626, 0.616774839231318, 0.7434163043262322, 0.025053849244321757, 0.006941226670043265, 0.0060138389070425145, 0.0881638361289893, 0.007184276231525234, 0.7278423832507562, 0.3895450647037973, 0.29231086532881734, 0.4296385053532718, 0.924325943935293, 0.9967574910584043, 0.8336769881337232, 0.9751134659777085, 0.9095019010811614, 0.027904263934044625, 0.001756581735251458, 0.018219593268253596, 0.0032634727049786717, 0.27169402067524606, 0.920145400838384, 0.0023205566050335377, 0.005200428866805363, 0.017786530625388597, 0.7220056411494742, 0.6724944092108482, 0.8361025196658156, 0.8883109664475505, 0.8137846177702506, 0.003957606988767783, 0.5662021958213013, 0.02023857948648341, 0.03288722882844955, 0.8146092223665015, 0.0009660303806550828, 0.8838304980115081, 0.9142052681041801, 0.004030237770516459, 0.21400315948881454, 0.9156495996354814, 0.27388984372076547, 0.8611269812211476, 0.5369830651014046, 0.965242528611273, 0.9717046964080195, 0.8927873186600002, 0.03869640950955261, 0.009620652570811865, 0.0008545517922873655, 0.8749818227707573, 0.00488045812357147, 0.9466439301821541, 0.9306881914584029, 0.000907601888238361, 0.9871632696097443, 0.9714417626307078, 0.6331278492357418, 0.330655247793746, 0.5325726654542005, 0.6119670638784672, 0.9674826816875465, 0.9897901633286357, 0.008594135492134291, 0.9647987059312286, 0.24133332611699576, 0.0006874117816452974, 0.7558553055532699, 0.8594676957961547, 0.004661290019290388, 0.03827946461774349, 0.9777746502433659, 0.46039584610363915, 0.598804597128769, 0.9636254806358355, 0.7026373344680499, 0.014545617807232385, 0.9355113380212131, 0.24441642238966194, 0.6645128143113666, 0.01455754394399817, 0.3955790103002096, 0.6597832159542829, 0.7320421277369938, 0.3817178619664523, 0.807940365573528, 0.0974599455184674, 0.004281934877455967, 0.9104797087677614, 0.9689082934628286, 0.985611122967685, 0.9826962059583252, 0.38214582858607776, 0.8907181589183503, 0.7427777334871452, 0.0694836072251667, 0.003098104904312483, 0.023949658490007377, 0.9626459108011479, 0.002376149115403586, 0.5448422871170128, 0.03628472116715646, 0.9074206793937427, 0.7881592984646459, 0.8020758039018698, 0.8136126902611823, 0.0037930113461449085, 0.016242093986989753, 0.9654672210897146, 0.5725618200117689]"
Logistic Regression,46,10,"[0, 1, 1, 0, 1, 0, 0, 1, 1, 0, 1, 1, 0, 0, 0, 1, 0, 1, 0, 0, 0, 1, 0, 0, 1, 0, 0, 0, 0, 1, 0, 0, 0, 0, 0, 1, 0, 0, 0, 0, 1, 0, 1, 0, 0, 0, 0, 0, 0, 0, 1, 1, 1, 1, 1, 0, 1, 0, 0, 0, 1, 0, 0, 0, 0, 1, 0, 1, 1, 0, 0, 1, 0, 1, 0, 1, 1, 0, 0, 1, 1, 0, 0, 1, 1, 1, 1, 1, 1, 1, 1, 1, 1, 0, 1, 1, 1, 1, 0, 0, 0, 1, 1, 0, 1, 1, 0, 1, 1, 1, 0, 0, 0, 1, 1, 1, 0, 0, 0, 0, 1, 0, 0, 0, 0, 0, 0, 0, 0, 1, 1, 0, 0, 0, 1, 0, 1, 0, 1, 0, 0, 1, 0, 1]","[1, 1, 0, 0, 1, 1, 0, 1, 1, 1, 1, 1, 0, 1, 1, 1, 0, 1, 0, 1, 0, 0, 0, 0, 1, 0, 0, 0, 0, 1, 0, 0, 0, 0, 0, 1, 0, 0, 0, 0, 1, 0, 0, 0, 0, 0, 1, 0, 1, 1, 1, 1, 1, 0, 1, 0, 1, 0, 0, 0, 1, 0, 0, 0, 1, 1, 0, 1, 1, 0, 0, 1, 0, 1, 1, 1, 0, 0, 0, 1, 1, 1, 1, 1, 1, 1, 1, 1, 1, 1, 1, 1, 1, 0, 1, 1, 1, 1, 1, 0, 0, 1, 1, 0, 1, 1, 0, 1, 1, 1, 1, 0, 0, 1, 1, 1, 0, 0, 0, 0, 1, 0, 0, 0, 0, 1, 0, 0, 0, 1, 0, 1, 0, 0, 1, 0, 1, 0, 1, 1, 0, 1, 0, 1]","[0.8143824187970402, 0.9218563512848366, 0.09320206644710756, 0.004225083498779396, 0.9292209358322978, 0.5210111136315275, 0.0048474600157442605, 0.9276415082682783, 0.9746968882700026, 0.7807459642365252, 0.6061318168131569, 0.8301960839922146, 0.013783442635198118, 0.5412394630456829, 0.7326097610297869, 0.966744168410084, 0.00018724320670827162, 0.9646565187140987, 0.04895093896151817, 0.5649342934298036, 0.018925307005344696, 0.42551953031136086, 0.15235259264078058, 0.08643526168258575, 0.643532343075831, 0.04668877225955079, 0.03798935513494748, 0.06555077240138354, 0.0011251336800688777, 0.5956349343241829, 0.005179410264220839, 0.0013403223830292025, 0.3889777664603645, 1.4252047173924018e-05, 0.0013874171334497497, 0.7331842353289219, 0.006751888202722587, 0.031243404550960033, 0.26135446727170825, 0.006276103679114251, 0.5544120708633071, 0.3554084374697206, 0.028485852486569256, 0.2976937448091671, 0.0381900797887471, 0.046436587934140905, 0.5581460782243655, 0.0016998834122206375, 0.5736081703153941, 0.687956147139078, 0.7501354344359875, 0.943037403230059, 0.9538668922730653, 0.286997341921736, 0.9178941787490377, 0.033485310097271084, 0.9207756156712132, 0.4026416269251695, 0.0032054464505040883, 0.022577317494348655, 0.8049060029667232, 0.20502921689884576, 0.049591532138169976, 0.003566141602344287, 0.8589024967863533, 0.8723270284481733, 0.054783148158737346, 0.8672022978552193, 0.7222041139828668, 0.13420710184852377, 0.16690668973016706, 0.8845080317984246, 0.07617588550080656, 0.7844809284723205, 0.5243482630587224, 0.9916288824298063, 0.3739836294600866, 1.5165532992947248e-06, 0.026877335160003332, 0.8645989039852923, 0.8817697250814558, 0.5484948224023865, 0.9814948902681707, 0.9725690682667931, 0.9012988266345355, 0.6501556476749855, 0.8786349265863322, 0.957799430357341, 0.856105737013156, 0.8170603372540586, 0.9380445348865273, 0.930069434110386, 0.6295723818409312, 0.001091123702303363, 0.8891986112426037, 0.9645710790846477, 0.8164686311910061, 0.8342391896264049, 0.7364241380149608, 0.002275881548006693, 0.4587564847261156, 0.9464377935209182, 0.6222874673759626, 0.08077600212536386, 0.9691877366241581, 0.5180713604854574, 0.01472468239172855, 0.9541755105341675, 0.8303816091084556, 0.9521503291046363, 0.5173501090324875, 0.47303599477971614, 0.010609427113836905, 0.9325264429313744, 0.9292403239516563, 0.8699916366107654, 0.22336754690068059, 0.019663319398384196, 0.3767754440062238, 0.0018682322570473591, 0.9346395493214047, 0.03381053100388606, 0.001262329648673438, 0.08508104357943658, 0.04103992646241867, 0.5870326893571983, 0.19094214670161258, 0.31522819349841835, 0.0072970368724302615, 0.8961718369012724, 0.3478114247633778, 0.9267203210699299, 0.025268781774504832, 0.03304809718089721, 0.9854168657907889, 0.01518611520330624, 0.9855313434455443, 0.019244229687464292, 0.5497165592976757, 0.5991385194500095, 0.08393019815008394, 0.7159689518784917, 0.012434343039372924, 0.628852472379173]"
Logistic Regression,47,10,"[0, 0, 1, 0, 1, 0, 0, 0, 1, 1, 0, 1, 1, 0, 0, 0, 1, 0, 1, 1, 0, 1, 1, 1, 0, 0, 0, 0, 1, 1, 1, 0, 0, 0, 0, 1, 0, 0, 1, 0, 0, 1, 0, 1, 0, 1, 1, 0, 0, 0, 1, 0, 1, 0, 0, 0, 0, 0, 0, 1, 0, 1, 0, 1, 0, 1, 0, 0, 0, 1, 1, 0, 1, 1, 0, 0, 0, 0, 0, 0, 0, 1, 1, 1, 0, 1, 1, 1, 0, 0, 0, 0, 0, 1, 0, 0, 1, 0, 1, 0, 1, 1, 0, 1, 1, 0, 0, 1, 0, 0, 0, 1, 1, 1, 0, 1, 1, 1, 0, 1, 0, 0, 0, 1, 1, 0, 1, 0, 1, 0, 1, 0, 0, 1, 0, 1, 0, 1, 0, 0, 0, 1, 0]","[1, 0, 1, 0, 0, 1, 0, 0, 1, 0, 1, 1, 1, 0, 0, 0, 0, 0, 1, 0, 0, 1, 1, 1, 0, 0, 0, 0, 1, 1, 1, 0, 0, 0, 0, 1, 0, 0, 1, 0, 0, 0, 0, 0, 0, 0, 1, 0, 0, 0, 0, 0, 1, 0, 0, 0, 0, 0, 0, 1, 0, 1, 0, 1, 0, 0, 0, 0, 0, 1, 1, 0, 1, 0, 0, 0, 0, 0, 0, 0, 1, 1, 1, 1, 0, 1, 1, 0, 0, 0, 0, 0, 0, 1, 0, 0, 1, 0, 1, 0, 1, 1, 0, 1, 1, 0, 0, 1, 0, 0, 0, 1, 1, 1, 0, 1, 1, 1, 0, 1, 1, 0, 0, 1, 1, 0, 1, 0, 1, 1, 1, 0, 0, 0, 0, 1, 0, 1, 0, 0, 1, 1, 1]","[0.7919213782267039, 0.004491231933262313, 0.7779127572475498, 0.03552157093804949, 0.4523933710879701, 0.8534549247694182, 0.18455794175162804, 0.19488837935668454, 0.7855737512343358, 0.08683855526300124, 0.9010305392567539, 0.9139107743934455, 0.9583951065048099, 0.003192224335250193, 0.03429988137516945, 0.13445142806462781, 0.18907587500898002, 0.04626000627469784, 0.8112047533051905, 0.4175472232158464, 0.03339238002714414, 0.9163167026719037, 0.9724559843926284, 0.8446646148186054, 0.3198698341158384, 0.02076848592983547, 0.44892756562029473, 0.03191467032971302, 0.9774158097988733, 0.9311357520752058, 0.9244404235045873, 0.005645548943107864, 0.00767135304583346, 0.07135611480300977, 0.05076673263192557, 0.9257866030311296, 0.20024934402326086, 0.00538899191119219, 0.8944533216412129, 0.18201010780673, 0.050947357789660315, 0.40666150569036674, 0.01306378949386988, 0.23394710173362762, 0.15107799068947958, 0.36389697834115514, 0.9553300911007048, 0.0004571491016822453, 0.007688492007388188, 0.017523763041883557, 0.4199147959174056, 0.024369405357239266, 0.5224894613561251, 0.07484780455547506, 0.03109562954996543, 0.005890610434818088, 2.380246854686593e-06, 0.03417626368422902, 0.1705613768872642, 0.5889896393280555, 0.0010474277584661205, 0.8898312212090249, 0.0006849546633003894, 0.9913899482701412, 0.007553541677213909, 0.09403380445078888, 0.2313609145243949, 0.03937474803567954, 0.23108431411042843, 0.9775653031764585, 0.7838167971030283, 0.004526136426936847, 0.9532149693609726, 0.23101888854693536, 0.09894573638108015, 0.027315153649805687, 0.004989980148113843, 0.00556861576189722, 0.07411571777681111, 0.30910637239966976, 0.9742774076413657, 0.9335770597193903, 0.9600842150884187, 0.9087747403403901, 0.4656079182429632, 0.7777956573731427, 0.9349993366719215, 0.2210359661256364, 0.008157171245747984, 0.055969168522096296, 0.06339706391670429, 0.0018742822143806815, 0.002468830903623168, 0.9670689992707788, 0.04273316012643544, 0.009027949592234621, 0.9274914838870444, 0.000867060561270778, 0.8676565924146328, 0.2725701926502986, 0.6597030339856975, 0.9730454491151633, 0.43888985734637104, 0.9792169763861814, 0.9335912352816399, 0.011425822906949837, 0.18146439860931182, 0.6506233557410374, 0.04238992853604817, 0.23329355508751806, 0.0548594635901561, 0.8426352315027517, 0.9463121384942433, 0.741963480730725, 0.04014966467882489, 0.9879485183827298, 0.6200054207607972, 0.972310605111638, 0.0007479010540271765, 0.9873517477536551, 0.7162777899058942, 0.023090912867668196, 0.09837863118431724, 0.9869923903653309, 0.9852835866563759, 0.13032747975659173, 0.9886440647085257, 0.0028812835026422088, 0.9535972333174537, 0.9256851061547287, 0.9905203136957559, 0.049963389884223816, 0.06859911578808492, 0.0648834272295408, 0.37235885051774625, 0.6813853610574168, 0.018747819444120663, 0.9497110616347888, 0.03657498708852777, 0.30188671260852656, 0.8428887437723339, 0.9579886448297544, 0.566751828989408]"
Logistic Regression,48,10,"[0, 1, 1, 1, 1, 0, 0, 0, 0, 0, 0, 0, 0, 0, 0, 1, 0, 0, 1, 1, 0, 0, 1, 1, 1, 1, 0, 1, 0, 1, 1, 0, 0, 0, 0, 1, 0, 0, 1, 1, 1, 0, 0, 1, 1, 1, 0, 0, 0, 1, 1, 0, 1, 0, 1, 1, 0, 1, 0, 1, 0, 0, 0, 0, 1, 0, 1, 0, 1, 1, 0, 1, 0, 0, 1, 0, 0, 0, 1, 1, 0, 0, 1, 1, 0, 1, 0, 1, 1, 0, 1, 0, 1, 0, 1, 0, 1, 0, 1, 1, 1, 1, 1, 0, 1, 1, 0, 0, 0, 0, 1, 0, 0, 1, 1, 0, 1, 0, 1, 0, 0, 1, 1, 1, 1, 0, 1, 0, 1, 1, 1, 1, 1, 1, 0, 1, 0, 0, 1, 0, 0, 1, 0]","[0, 1, 1, 1, 1, 1, 0, 1, 0, 0, 0, 0, 0, 0, 0, 1, 0, 0, 1, 1, 0, 0, 1, 1, 1, 0, 0, 1, 0, 1, 1, 0, 0, 0, 0, 1, 1, 0, 1, 1, 1, 0, 0, 1, 1, 1, 0, 0, 0, 1, 0, 1, 1, 0, 1, 1, 0, 0, 0, 1, 1, 0, 0, 0, 1, 0, 1, 0, 1, 1, 0, 1, 0, 1, 1, 0, 0, 0, 1, 1, 1, 0, 1, 1, 1, 1, 0, 1, 1, 0, 1, 1, 1, 0, 1, 1, 0, 0, 1, 0, 1, 1, 1, 0, 0, 1, 0, 0, 1, 1, 1, 0, 1, 1, 1, 1, 1, 0, 1, 0, 0, 1, 1, 1, 1, 0, 1, 0, 0, 1, 1, 1, 1, 1, 1, 1, 0, 0, 1, 0, 0, 1, 0]","[0.02860626124320497, 0.5367563239033294, 0.9140487783165457, 0.6074007457919688, 0.9651488828945528, 0.5828448816520502, 0.001058838124536468, 0.9307043819276183, 0.07359981161856248, 0.00021917751443933643, 0.00018184294141592683, 0.02298403040637252, 0.0019316971039831225, 0.0028206025560508965, 0.33732450972363887, 0.9230640520380446, 0.041635276371611, 0.010339896084656443, 0.9907716904911028, 0.9512466053857357, 0.000416435869157147, 0.00027158676878768064, 0.9123029655990641, 0.9787308613029938, 0.9500207943727199, 0.4140543225559586, 0.0054789751297093965, 0.7114607063832915, 0.00014829285331553323, 0.7171129658229668, 0.9838711489576536, 0.007494064592815104, 0.4727835698411898, 0.0015549199836433583, 0.029483081076942207, 0.9131939377466185, 0.8251052257556245, 0.0009560952684999827, 0.80939146391913, 0.9119930821631202, 0.946128267760471, 0.10015933270873616, 0.33263585625908515, 0.8033379429640826, 0.8730861418541066, 0.9060459391603268, 0.010036144506581822, 0.004528101803439336, 2.3414871222056432e-05, 0.9011198410468758, 0.2515227489976431, 0.9619159224483391, 0.9170106213457326, 0.0016537706991861447, 0.9905867947264079, 0.9567133908287825, 0.04211176806855548, 0.3991783646648429, 0.000964572245471787, 0.5413660829017066, 0.7367006327720025, 0.020496824275444216, 0.07958004122488758, 0.06562178071486575, 0.893863520114982, 0.08880105401788198, 0.6993564453329486, 0.049533012232034976, 0.8787638169952205, 0.8661352463751992, 0.005839905158770534, 0.9850229909998356, 0.06955511343043524, 0.7034933932580313, 0.9371085994791304, 7.25987191109932e-05, 0.1656070469980591, 0.3001194293524568, 0.953108182824059, 0.9519012507489129, 0.9861898938997894, 0.030030751803553395, 0.9060890810079117, 0.9743347259377598, 0.5347079241831348, 0.7607197758225213, 0.0015380504311749705, 0.7540626337772048, 0.9637731586285102, 0.001615515480902691, 0.806189763562161, 0.5567185657353301, 0.9666896483647457, 0.3067489235517928, 0.7480759426384082, 0.9207991803145776, 0.0015297277339533684, 0.03279492639196231, 0.9081202010979745, 0.3931279015444016, 0.8281846406655194, 0.8615981056768927, 0.9424088418418307, 0.21439754297147937, 0.3877831915149983, 0.7791015065182199, 0.22832375887480025, 0.006642030179691699, 0.5886543218018415, 0.9985829679551325, 0.7297955981581833, 0.1785973808868713, 0.5499725490178228, 0.9860892799102682, 0.9701937292861221, 0.6642329616132444, 0.8675273523466263, 0.16616324339898544, 0.9873415380466527, 0.0010569472853288147, 0.005796197656935029, 0.9390452264457259, 0.717369359533055, 0.8017171222163962, 0.9701150211700824, 0.04809084035009401, 0.9945898043788304, 0.001765070745734223, 0.002861426627665941, 0.9362844853392052, 0.8208125275200213, 0.9095946888066376, 0.9432988883542376, 0.7429854155573749, 0.6225998167327588, 0.9870758255314243, 0.19799078246868165, 0.001182817409226649, 0.8239036304853332, 0.0004359320046876668, 0.06274680050136162, 0.8850214406619383, 0.003170687771800005]"
Logistic Regression,49,10,"[0, 0, 0, 0, 0, 1, 0, 0, 0, 1, 0, 1, 0, 0, 0, 0, 1, 0, 1, 0, 1, 0, 0, 1, 0, 0, 1, 0, 0, 0, 1, 0, 0, 0, 0, 0, 1, 0, 0, 0, 0, 0, 0, 0, 1, 1, 0, 1, 0, 1, 1, 0, 0, 0, 0, 1, 0, 1, 1, 0, 1, 0, 1, 0, 1, 1, 0, 1, 0, 0, 1, 0, 1, 1, 1, 1, 0, 0, 0, 0, 0, 0, 0, 1, 0, 0, 0, 0, 1, 1, 1, 0, 0, 1, 1, 0, 0, 0, 0, 0, 1, 1, 0, 0, 1, 0, 0, 0, 0, 0, 0, 0, 1, 0, 1, 0, 1, 0, 0, 0, 0, 0, 0, 0, 0, 0, 1, 0, 0, 1, 1, 0, 1, 0, 1, 1, 1, 0, 0, 0, 0, 1, 1]","[0, 1, 0, 0, 0, 1, 0, 0, 0, 1, 0, 1, 1, 1, 0, 0, 1, 0, 1, 1, 1, 0, 0, 1, 0, 0, 1, 1, 0, 0, 1, 0, 1, 1, 0, 0, 1, 0, 0, 0, 1, 0, 0, 0, 1, 1, 0, 1, 0, 1, 1, 0, 0, 0, 0, 1, 1, 0, 1, 0, 1, 0, 1, 0, 1, 1, 0, 1, 0, 0, 1, 0, 1, 1, 1, 1, 0, 0, 0, 0, 0, 1, 0, 1, 0, 0, 1, 0, 1, 1, 1, 1, 0, 0, 1, 0, 1, 0, 0, 0, 1, 1, 0, 1, 1, 0, 0, 0, 0, 0, 0, 0, 1, 0, 1, 0, 1, 0, 0, 1, 0, 0, 1, 0, 1, 0, 1, 0, 0, 1, 1, 0, 1, 0, 1, 1, 1, 0, 0, 0, 0, 1, 1]","[0.03773704204056265, 0.8143673096627327, 0.008917720293399002, 0.10577379453591541, 0.024848833008544825, 0.63191131671688, 0.408174001193595, 0.023646162512086972, 0.025725016236611532, 0.8909696388483006, 0.004002901327866283, 0.916458284812078, 0.8840233953122245, 0.8793826481046193, 0.19887486604193105, 0.007010134655526697, 0.9450622822529562, 0.007802400062451622, 0.6274548212197492, 0.6109373904581997, 0.9639567739371757, 0.2640535769626104, 0.013143487859412321, 0.9605866587053579, 0.12570007233391392, 0.07570829501698828, 0.8537425553117889, 0.5008874278293962, 0.01443218797968273, 0.39315150212923894, 0.8873149197840196, 0.3078957874358673, 0.6017580190216264, 0.6114294700865778, 0.016327956810027862, 0.0015430302589751537, 0.9335644256588511, 0.010988642586485443, 0.27638527981029437, 0.44912432462031016, 0.5695051943470877, 0.016027458057232515, 0.11441229807313831, 0.004761932350693607, 0.9492709515890189, 0.9656404254740788, 0.002974871950910143, 0.9461619412614382, 0.0019038294091451578, 0.599252693890549, 0.7792111472434289, 0.003404956317185802, 0.0007937775967047562, 0.0018049453058143138, 0.005104171000977051, 0.9619505219207849, 0.8590357643226296, 0.1300203650879414, 0.9304163897291658, 0.017941405894066145, 0.975875774186192, 0.16937619037876686, 0.7375003409015061, 0.07522341259021242, 0.8955026985234755, 0.944639479527782, 0.0830069779722047, 0.9790036750139482, 0.21963667564842865, 0.16242711348145994, 0.9648274317158364, 0.4871803773646025, 0.9679215470529889, 0.8087379951525634, 0.9077992680190038, 0.9135281915671147, 0.2698404670874818, 0.44864601010747335, 0.006814064021188785, 0.00829818442623736, 0.007079729761788974, 0.8713890287541033, 0.35697900021934026, 0.9255645485014722, 0.008473963462890796, 0.0041161317900628705, 0.8661168732392774, 0.24380715196300645, 0.8477483836215107, 0.9765409229995319, 0.9075847101824567, 0.6168022627248497, 0.007215364208943999, 0.31038001465369613, 0.5264347852856942, 0.0032588183053209913, 0.6208307665136384, 0.007458387728661932, 0.263594771997532, 0.06527656429321134, 0.5666102228642166, 0.9069965328942876, 0.022612117692477222, 0.5988615241841958, 0.9116120925567573, 0.25159215444696376, 0.0005781094176575988, 0.07408012971876729, 0.2872294541547784, 0.0031697189937668437, 0.004657373312008856, 0.00032590083816120245, 0.9766653284040347, 0.37632451868040756, 0.9670074717287155, 0.008444115757521947, 0.6603883486785569, 0.025928828231574264, 0.012094122598527674, 0.7809763948221075, 0.39651484923749986, 0.3625395898504697, 0.8149792248551121, 0.012308099140069516, 0.9664871764228482, 0.15793742881097692, 0.640184238749884, 0.014460529780188353, 0.0011742832832381661, 0.8446005903032976, 0.9664646712415993, 0.0025384210940527533, 0.9004435990871827, 0.05573361503879361, 0.8569335273267484, 0.64503033306166, 0.92486413997387, 0.032636939832520875, 0.10330990352688801, 0.09466498661362216, 0.029083319060053733, 0.7971298827265225, 0.8036814607192456]"
Logistic Regression,50,10,"[1, 0, 1, 0, 1, 1, 0, 0, 0, 0, 1, 1, 0, 1, 1, 0, 0, 1, 0, 1, 1, 1, 1, 0, 1, 1, 0, 0, 0, 1, 0, 0, 0, 1, 0, 1, 1, 1, 0, 1, 0, 1, 0, 1, 1, 1, 0, 0, 1, 1, 1, 0, 0, 0, 1, 1, 0, 1, 1, 0, 1, 1, 0, 0, 0, 0, 0, 0, 0, 1, 0, 1, 1, 0, 1, 0, 0, 1, 1, 1, 1, 0, 1, 0, 1, 0, 1, 0, 1, 0, 0, 1, 1, 0, 1, 0, 0, 1, 0, 0, 0, 0, 0, 0, 1, 0, 0, 0, 1, 0, 0, 1, 0, 0, 1, 1, 1, 1, 0, 0, 0, 1, 0, 0, 0, 0, 0, 0, 1, 1, 0, 1, 0, 0, 0, 0, 0, 0, 0, 1, 0, 0, 1]","[1, 0, 1, 0, 0, 0, 0, 0, 0, 0, 1, 1, 0, 1, 1, 0, 0, 1, 1, 1, 0, 1, 1, 0, 1, 1, 0, 0, 0, 1, 0, 0, 0, 1, 0, 1, 1, 1, 0, 1, 0, 1, 0, 1, 0, 0, 1, 0, 1, 1, 1, 0, 0, 1, 1, 1, 0, 1, 1, 0, 1, 1, 0, 0, 0, 0, 0, 0, 0, 1, 0, 1, 1, 0, 1, 0, 0, 1, 1, 1, 1, 0, 1, 0, 0, 1, 1, 1, 1, 0, 0, 1, 1, 0, 1, 0, 0, 1, 0, 0, 0, 0, 0, 0, 1, 0, 0, 1, 1, 0, 1, 1, 0, 0, 1, 1, 1, 1, 0, 0, 0, 1, 0, 0, 1, 1, 0, 0, 1, 0, 0, 1, 0, 1, 0, 1, 0, 0, 1, 1, 0, 0, 1]","[0.9620484859508664, 0.39349748287455727, 0.9715295304516776, 0.41509689658622706, 0.385397566599548, 0.08104639013416239, 0.09766563790143037, 0.06791005286582623, 0.023058199531803675, 0.057510484877192306, 0.8188264717987876, 0.9579059089875072, 0.011381286108067112, 0.9250457783579704, 0.8640897092284776, 0.1934720848039918, 0.1361618174785143, 0.9305970777884707, 0.6220103377375839, 0.5914090756291608, 0.3778892426919813, 0.9766957800922511, 0.9481183199156027, 0.007169815602314445, 0.6451032288856771, 0.9944353697954642, 0.009455654162512647, 0.035113432717871214, 0.09934505745328508, 0.8344005162037447, 0.01675978302565244, 0.013055862669037622, 0.07976297952148265, 0.603678111216054, 0.07613319428267515, 0.9444614127869793, 0.6242841203727149, 0.7315338056722793, 0.005404839419514014, 0.8751259559672039, 0.0770748275533689, 0.9225973931068593, 0.01319490914725373, 0.5343157387549942, 0.2927307657369353, 0.3715533993982312, 0.501099156551251, 0.3599438619098968, 0.9151836091991998, 0.9977632344793235, 0.8609990812586036, 0.019009871363576614, 0.30079753534616593, 0.9844574188487558, 0.9451773441290388, 0.9306522029236528, 0.01759796917671545, 0.6866174891768954, 0.8682454864384233, 0.004629813111969506, 0.8111965574593557, 0.8354026493918804, 0.005328122984312286, 0.2505735876286055, 0.014839070443590114, 0.070207635808648, 0.0019875480230993553, 0.017849377020086325, 0.001711383192656936, 0.9029906531504128, 0.001760033037994892, 0.941238509935223, 0.7331822651183044, 0.12237643083328761, 0.535078404086662, 0.001314825705864551, 0.004116358035902261, 0.8895596944891544, 0.9976665394980891, 0.7603376965485124, 0.9555922404389576, 0.15560497725164896, 0.5273784026518251, 0.047840817858617636, 0.3402174928008911, 0.8305738312854615, 0.9677801642885041, 0.750476080551303, 0.8673707533607109, 0.004444972106989435, 0.0013651511591576447, 0.9852118510400582, 0.744952598891556, 0.0023896705860595446, 0.6257506883826895, 0.43917677953805967, 0.15484009526250597, 0.9772693963978122, 0.007625148742190875, 0.01581747193652346, 0.06667969427029688, 0.20045563520712925, 0.020839705285607357, 0.054608340035556854, 0.7274728891225234, 0.00402852326968199, 0.16440776760783538, 0.6025052168789229, 0.9770785190743416, 0.011643792173244847, 0.8458928274876732, 0.9594895899697254, 0.15908114312147176, 0.013271002093921083, 0.9052235376090972, 0.8817004034574842, 0.8236727828258346, 0.7501985160485839, 0.0020936839301647493, 0.004047356494011195, 0.008206037693914871, 0.9010747121204367, 0.2319932618297259, 0.31077398581561577, 0.6114753559275848, 0.8821733686947505, 0.3974569290462147, 0.00493896510447732, 0.9057977739877391, 0.1034188256540432, 0.0006423754036181413, 0.6499711179695912, 0.1269850029251916, 0.6533841292640508, 0.006726857082479344, 0.8483776673728339, 0.003613152916218173, 0.035179803579119547, 0.769101652848379, 0.7574411645862356, 0.005129697680924307, 0.005446758513506037, 0.7756671598270012]"
Random Forest,1,1,"[1, 0, 1, 1, 1, 1, 0, 0, 0, 0, 1, 0, 0, 0, 1, 1, 0, 0, 1, 0, 0, 1, 0, 1, 0, 0, 0, 0, 1, 0, 1, 1, 0, 0, 0, 0, 1, 0, 0, 0, 1, 1, 0, 1, 0, 1, 0, 1, 1, 0, 1, 0, 1, 0, 0, 1, 1, 1, 0, 0, 0, 0, 0, 0, 1, 0, 1, 0, 0, 1, 1, 1, 1, 1, 1, 0, 1, 0, 1, 1, 0, 0, 0, 1, 0, 1, 0, 1, 1, 1, 1, 1, 0, 1, 1, 0, 0, 0, 0, 1, 0, 0, 1, 1, 0, 0, 0, 0, 1, 1, 0, 1, 1, 0, 0, 0, 0, 1, 0, 1, 1, 1, 0, 0, 0, 0, 0, 0, 0, 1, 0, 1, 1, 1, 0, 1, 1, 1, 0, 0, 1, 0, 1]","[1, 1, 1, 1, 1, 1, 1, 1, 0, 0, 1, 0, 0, 0, 1, 1, 1, 1, 1, 0, 0, 0, 0, 1, 0, 0, 0, 0, 1, 0, 1, 1, 0, 0, 0, 0, 1, 0, 0, 0, 1, 1, 0, 1, 0, 0, 0, 1, 1, 0, 1, 0, 1, 0, 0, 1, 0, 1, 0, 0, 0, 0, 0, 0, 1, 0, 1, 0, 1, 1, 1, 0, 1, 1, 0, 0, 1, 0, 1, 1, 0, 0, 0, 0, 0, 1, 0, 1, 1, 1, 1, 1, 0, 1, 1, 0, 0, 0, 0, 1, 0, 0, 1, 1, 0, 1, 0, 0, 1, 1, 0, 1, 1, 0, 0, 0, 1, 1, 0, 1, 1, 1, 0, 0, 0, 0, 0, 0, 0, 1, 0, 0, 0, 1, 0, 1, 1, 1, 0, 0, 1, 0, 1]","[0.9, 0.73, 0.9, 0.94, 0.72, 0.98, 0.75, 0.84, 0.02, 0.25, 0.79, 0.32, 0.0, 0.0, 0.58, 0.93, 0.8, 0.87, 0.98, 0.0, 0.01, 0.5, 0.01, 0.81, 0.0, 0.0, 0.0, 0.1, 0.98, 0.35, 0.69, 0.88, 0.0, 0.16, 0.0, 0.15, 0.97, 0.46, 0.0, 0.0, 0.87, 0.91, 0.46, 0.62, 0.0, 0.0, 0.25, 0.88, 0.93, 0.0, 0.91, 0.0, 0.75, 0.0, 0.16, 0.85, 0.47, 0.83, 0.02, 0.01, 0.0, 0.0, 0.0, 0.0, 0.56, 0.0, 0.91, 0.0, 0.74, 0.94, 0.83, 0.19, 0.98, 0.92, 0.45, 0.0, 0.69, 0.15, 0.94, 0.85, 0.0, 0.45, 0.04, 0.13, 0.02, 0.69, 0.4, 0.96, 0.56, 0.67, 0.93, 0.86, 0.05, 0.89, 0.62, 0.02, 0.02, 0.0, 0.25, 0.85, 0.1, 0.35, 0.87, 0.95, 0.0, 0.73, 0.33, 0.27, 0.92, 0.61, 0.25, 0.82, 0.89, 0.22, 0.0, 0.0, 0.54, 0.82, 0.04, 0.89, 0.86, 0.97, 0.0, 0.04, 0.02, 0.02, 0.03, 0.47, 0.12, 0.85, 0.0, 0.15, 0.13, 0.7, 0.0, 0.89, 0.94, 0.77, 0.13, 0.1, 0.84, 0.0, 0.57]"
Random Forest,2,1,"[0, 0, 1, 1, 0, 1, 0, 1, 0, 0, 0, 0, 0, 1, 1, 1, 0, 0, 1, 1, 0, 1, 0, 0, 0, 1, 0, 0, 0, 0, 0, 0, 1, 0, 0, 0, 0, 0, 0, 1, 1, 1, 1, 0, 1, 0, 0, 0, 1, 1, 1, 1, 1, 0, 1, 0, 0, 0, 1, 0, 0, 0, 0, 1, 0, 0, 0, 1, 0, 0, 1, 1, 0, 1, 1, 1, 1, 1, 1, 1, 0, 0, 0, 1, 1, 0, 1, 1, 0, 0, 0, 0, 0, 1, 1, 0, 0, 1, 1, 1, 0, 1, 1, 1, 0, 1, 1, 1, 1, 1, 1, 0, 0, 1, 0, 0, 1, 1, 0, 1, 0, 1, 1, 1, 0, 1, 0, 1, 0, 1, 1, 1, 0, 0, 1, 1, 0, 0, 0, 0, 0, 1, 0, 1]","[1, 0, 0, 1, 1, 1, 0, 0, 0, 0, 0, 0, 1, 0, 1, 1, 0, 0, 1, 1, 0, 1, 0, 0, 0, 1, 0, 0, 1, 0, 0, 0, 0, 0, 0, 0, 0, 0, 0, 0, 1, 1, 1, 0, 1, 0, 0, 0, 1, 1, 1, 1, 0, 0, 0, 0, 0, 0, 0, 0, 0, 0, 0, 1, 0, 0, 0, 0, 0, 0, 1, 1, 0, 1, 1, 1, 1, 1, 1, 1, 0, 0, 0, 1, 1, 0, 1, 1, 0, 0, 0, 0, 0, 0, 1, 0, 0, 1, 1, 1, 0, 0, 1, 1, 0, 1, 1, 1, 0, 1, 1, 0, 0, 1, 0, 0, 1, 1, 0, 1, 1, 1, 0, 1, 1, 1, 0, 1, 1, 1, 1, 1, 0, 0, 1, 1, 0, 0, 1, 1, 0, 1, 1, 1]","[0.56, 0.0, 0.12, 0.51, 0.58, 0.9, 0.0, 0.43, 0.04, 0.0, 0.0, 0.01, 0.83, 0.46, 0.91, 0.98, 0.05, 0.08, 0.91, 0.65, 0.06, 0.98, 0.06, 0.01, 0.0, 0.95, 0.0, 0.0, 0.64, 0.0, 0.03, 0.01, 0.36, 0.0, 0.0, 0.0, 0.31, 0.3, 0.34, 0.43, 0.93, 0.91, 0.8, 0.45, 0.97, 0.02, 0.0, 0.12, 0.88, 0.82, 0.99, 0.99, 0.15, 0.0, 0.42, 0.0, 0.0, 0.0, 0.04, 0.46, 0.11, 0.08, 0.01, 0.92, 0.02, 0.0, 0.0, 0.26, 0.49, 0.03, 0.93, 0.97, 0.0, 0.97, 0.71, 0.95, 0.97, 0.86, 0.96, 0.87, 0.04, 0.0, 0.07, 0.72, 0.96, 0.28, 0.86, 0.93, 0.05, 0.0, 0.27, 0.06, 0.0, 0.48, 0.93, 0.03, 0.01, 0.76, 0.95, 0.85, 0.37, 0.0, 0.99, 0.82, 0.06, 0.71, 0.99, 0.92, 0.07, 0.83, 0.85, 0.29, 0.03, 0.65, 0.0, 0.07, 0.98, 0.82, 0.35, 0.89, 0.81, 0.89, 0.39, 0.79, 0.87, 0.96, 0.07, 0.96, 0.55, 0.95, 0.94, 0.97, 0.0, 0.03, 0.96, 0.92, 0.01, 0.01, 0.57, 0.76, 0.2, 0.75, 0.9, 0.75]"
Random Forest,3,1,"[0, 0, 0, 0, 0, 1, 1, 0, 1, 0, 0, 1, 0, 0, 1, 1, 1, 0, 0, 0, 0, 0, 0, 1, 1, 1, 1, 0, 0, 1, 0, 1, 0, 1, 1, 0, 0, 1, 0, 0, 0, 0, 0, 0, 1, 1, 0, 1, 1, 1, 0, 0, 1, 0, 1, 0, 0, 1, 1, 0, 1, 0, 0, 0, 1, 1, 0, 1, 0, 0, 0, 0, 0, 0, 0, 0, 0, 1, 0, 0, 0, 1, 0, 0, 0, 1, 0, 1, 0, 1, 1, 1, 0, 1, 1, 0, 0, 0, 1, 0, 1, 0, 1, 0, 1, 0, 0, 1, 1, 0, 0, 0, 1, 1, 0, 1, 1, 0, 0, 0, 0, 0, 0, 1, 0, 1, 0, 0, 0, 0, 0, 1, 1, 1, 0, 1, 0, 0, 1, 1, 0, 0, 1]","[0, 0, 0, 1, 0, 1, 0, 0, 1, 0, 0, 1, 0, 0, 0, 0, 1, 1, 0, 0, 0, 0, 0, 0, 1, 1, 1, 1, 0, 0, 0, 1, 0, 1, 1, 0, 0, 1, 0, 0, 0, 0, 0, 0, 1, 1, 0, 1, 1, 1, 0, 0, 0, 0, 0, 0, 0, 1, 1, 0, 1, 0, 0, 0, 1, 1, 0, 1, 0, 0, 0, 0, 0, 0, 0, 0, 0, 1, 0, 0, 0, 1, 1, 0, 0, 1, 1, 1, 0, 1, 1, 1, 0, 1, 1, 0, 0, 0, 1, 1, 1, 1, 1, 0, 1, 0, 0, 1, 1, 0, 0, 1, 0, 1, 0, 1, 1, 0, 0, 0, 0, 0, 0, 1, 0, 1, 1, 0, 1, 0, 0, 0, 1, 0, 0, 1, 0, 0, 1, 1, 0, 0, 1]","[0.02, 0.09, 0.41, 0.64, 0.0, 0.78, 0.08, 0.21, 0.54, 0.08, 0.48, 0.86, 0.01, 0.08, 0.49, 0.47, 0.9, 0.59, 0.0, 0.45, 0.01, 0.02, 0.01, 0.47, 0.9, 0.98, 0.74, 0.63, 0.03, 0.28, 0.28, 0.52, 0.43, 0.59, 0.97, 0.08, 0.17, 0.73, 0.01, 0.01, 0.24, 0.02, 0.01, 0.01, 0.82, 0.94, 0.06, 0.69, 0.95, 0.99, 0.39, 0.0, 0.37, 0.03, 0.32, 0.0, 0.23, 0.92, 0.97, 0.3, 0.56, 0.02, 0.19, 0.0, 0.82, 0.84, 0.07, 0.89, 0.01, 0.09, 0.09, 0.04, 0.0, 0.08, 0.0, 0.05, 0.15, 0.52, 0.27, 0.14, 0.47, 0.91, 0.92, 0.01, 0.01, 0.89, 0.76, 0.94, 0.0, 0.79, 0.86, 0.55, 0.0, 0.79, 0.72, 0.0, 0.4, 0.01, 0.76, 0.58, 0.77, 0.99, 0.65, 0.03, 0.97, 0.0, 0.1, 0.82, 0.8, 0.45, 0.0, 0.52, 0.43, 0.83, 0.0, 0.96, 1.0, 0.08, 0.07, 0.09, 0.0, 0.03, 0.01, 0.67, 0.05, 0.9, 0.58, 0.0, 0.71, 0.0, 0.34, 0.27, 0.86, 0.48, 0.1, 0.62, 0.04, 0.02, 0.79, 0.92, 0.01, 0.0, 0.74]"
Random Forest,4,1,"[1, 1, 0, 1, 0, 1, 1, 0, 0, 0, 0, 0, 1, 1, 0, 0, 0, 1, 0, 1, 0, 1, 1, 0, 1, 0, 1, 1, 1, 0, 1, 0, 0, 1, 0, 1, 1, 0, 0, 0, 0, 1, 0, 0, 0, 0, 0, 0, 0, 0, 0, 0, 1, 1, 1, 0, 0, 1, 1, 1, 1, 0, 0, 0, 1, 1, 1, 1, 0, 0, 0, 0, 1, 0, 0, 0, 1, 0, 0, 1, 0, 0, 0, 1, 0, 1, 0, 1, 0, 0, 1, 1, 0, 0, 0, 1, 1, 0, 0, 0, 1, 0, 1, 1, 1, 1, 0, 0, 0, 0, 0, 0, 0, 1, 0, 0, 1, 1, 0, 1, 1, 0, 0, 0, 0, 1, 0, 1, 0, 0, 1, 1, 0, 1, 1, 0, 0, 0, 1, 0, 0, 0, 1]","[0, 1, 0, 0, 0, 1, 1, 0, 0, 0, 0, 0, 1, 1, 1, 0, 0, 1, 0, 1, 0, 1, 0, 0, 0, 0, 1, 1, 1, 0, 1, 0, 0, 1, 0, 1, 1, 0, 0, 0, 1, 0, 0, 0, 0, 0, 0, 0, 0, 0, 0, 0, 1, 1, 0, 0, 0, 1, 1, 1, 0, 0, 0, 0, 0, 1, 0, 1, 0, 0, 0, 0, 1, 0, 0, 0, 1, 1, 0, 1, 1, 0, 0, 1, 0, 1, 0, 1, 0, 0, 1, 1, 0, 0, 0, 1, 1, 0, 0, 0, 1, 0, 1, 0, 0, 1, 0, 1, 0, 0, 0, 0, 0, 1, 0, 0, 1, 1, 0, 1, 1, 0, 0, 1, 0, 1, 0, 1, 0, 0, 1, 1, 0, 1, 1, 1, 0, 0, 1, 0, 0, 0, 1]","[0.48, 0.94, 0.0, 0.02, 0.33, 0.93, 0.63, 0.31, 0.06, 0.05, 0.04, 0.04, 0.74, 0.88, 0.98, 0.0, 0.0, 0.53, 0.0, 1.0, 0.09, 0.97, 0.47, 0.02, 0.38, 0.0, 0.91, 0.57, 0.96, 0.0, 0.83, 0.05, 0.0, 0.75, 0.03, 0.81, 0.95, 0.0, 0.19, 0.19, 0.69, 0.17, 0.18, 0.26, 0.04, 0.0, 0.48, 0.0, 0.0, 0.0, 0.01, 0.0, 0.73, 0.99, 0.12, 0.02, 0.03, 0.84, 0.74, 0.9, 0.18, 0.1, 0.14, 0.1, 0.49, 0.91, 0.39, 0.62, 0.14, 0.26, 0.04, 0.02, 0.63, 0.2, 0.01, 0.0, 0.97, 0.62, 0.02, 0.99, 0.86, 0.39, 0.0, 0.89, 0.42, 0.86, 0.0, 0.86, 0.3, 0.25, 0.52, 0.59, 0.0, 0.13, 0.35, 0.86, 0.94, 0.04, 0.15, 0.0, 0.81, 0.02, 0.8, 0.32, 0.34, 0.86, 0.01, 0.61, 0.24, 0.0, 0.41, 0.01, 0.28, 0.98, 0.05, 0.24, 0.81, 0.96, 0.04, 0.96, 0.81, 0.2, 0.0, 0.68, 0.05, 0.96, 0.0, 0.96, 0.05, 0.02, 0.93, 0.91, 0.0, 0.95, 0.79, 0.7, 0.36, 0.0, 0.68, 0.0, 0.0, 0.01, 0.96]"
Random Forest,5,1,"[0, 0, 0, 0, 0, 0, 0, 0, 0, 1, 1, 0, 0, 0, 1, 1, 0, 1, 0, 1, 1, 1, 0, 0, 0, 0, 0, 0, 1, 0, 1, 1, 0, 1, 1, 0, 0, 0, 1, 0, 1, 0, 1, 1, 0, 1, 0, 0, 0, 1, 0, 0, 0, 1, 1, 0, 1, 1, 0, 0, 1, 0, 0, 0, 0, 1, 0, 1, 0, 1, 0, 1, 1, 0, 0, 1, 0, 1, 1, 1, 1, 1, 1, 1, 0, 0, 1, 0, 0, 0, 0, 1, 1, 1, 0, 0, 1, 0, 1, 0, 0, 0, 0, 0, 1, 0, 0, 0, 0, 1, 0, 0, 0, 1, 0, 1, 0, 1, 1, 1, 0, 0, 1, 0, 0, 1, 0, 0, 0, 0, 0, 0, 1, 0, 0, 1, 1, 1, 0, 0, 0, 0, 0]","[0, 0, 0, 1, 1, 0, 0, 0, 0, 1, 1, 0, 0, 0, 1, 1, 0, 1, 0, 0, 1, 1, 0, 0, 0, 0, 0, 0, 0, 0, 1, 1, 0, 1, 1, 0, 0, 0, 1, 0, 1, 0, 0, 0, 0, 1, 0, 1, 0, 1, 0, 1, 1, 1, 1, 1, 1, 1, 0, 0, 1, 0, 0, 0, 0, 1, 0, 1, 0, 1, 1, 0, 1, 0, 0, 1, 0, 1, 1, 1, 1, 1, 1, 1, 1, 1, 0, 1, 0, 0, 0, 1, 1, 1, 0, 0, 1, 0, 1, 0, 0, 0, 1, 0, 1, 0, 0, 0, 0, 1, 0, 0, 1, 1, 0, 1, 1, 1, 1, 1, 0, 0, 0, 0, 1, 1, 0, 0, 1, 0, 0, 0, 1, 0, 1, 1, 1, 1, 0, 0, 0, 0, 1]","[0.05, 0.17, 0.0, 0.78, 0.93, 0.0, 0.0, 0.15, 0.0, 0.89, 0.86, 0.13, 0.07, 0.04, 0.96, 0.86, 0.42, 0.84, 0.23, 0.36, 0.97, 0.95, 0.01, 0.02, 0.0, 0.38, 0.01, 0.01, 0.37, 0.0, 0.89, 0.94, 0.04, 0.94, 0.76, 0.08, 0.05, 0.15, 0.96, 0.15, 0.68, 0.14, 0.48, 0.11, 0.36, 0.91, 0.0, 0.58, 0.0, 0.74, 0.0, 0.96, 0.78, 0.6, 0.91, 0.79, 0.73, 0.93, 0.0, 0.12, 0.86, 0.04, 0.09, 0.0, 0.0, 0.99, 0.0, 0.92, 0.05, 0.87, 0.63, 0.33, 0.95, 0.0, 0.26, 0.89, 0.0, 0.91, 0.96, 0.86, 1.0, 0.99, 0.96, 0.57, 0.61, 0.89, 0.18, 0.58, 0.47, 0.08, 0.0, 0.97, 0.77, 0.72, 0.09, 0.03, 0.99, 0.05, 0.84, 0.04, 0.08, 0.04, 0.7, 0.0, 0.82, 0.03, 0.1, 0.22, 0.1, 0.97, 0.19, 0.03, 0.66, 0.67, 0.02, 0.87, 0.89, 0.59, 0.98, 0.93, 0.0, 0.38, 0.31, 0.1, 0.79, 0.6, 0.08, 0.06, 0.69, 0.04, 0.02, 0.26, 0.91, 0.04, 0.84, 0.98, 0.62, 0.87, 0.04, 0.0, 0.0, 0.01, 0.55]"
Random Forest,6,2,"[1, 0, 1, 1, 1, 0, 1, 1, 0, 1, 0, 1, 0, 0, 1, 1, 0, 1, 0, 0, 0, 0, 1, 0, 1, 0, 0, 1, 1, 0, 1, 0, 0, 0, 0, 0, 0, 0, 0, 0, 0, 1, 0, 1, 0, 1, 0, 1, 1, 0, 0, 0, 0, 0, 0, 0, 0, 1, 0, 0, 0, 0, 0, 1, 1, 1, 1, 1, 0, 1, 1, 0, 0, 1, 0, 0, 1, 1, 0, 0, 1, 1, 1, 1, 0, 1, 0, 1, 1, 0, 0, 1, 1, 0, 1, 1, 0, 0, 1, 1, 1, 1, 1, 0, 0, 0, 0, 1, 0, 1, 1, 1, 1, 0, 0, 0, 0, 1, 0, 0, 1, 0, 1, 0, 1, 0, 0, 0, 1, 1, 0, 0, 0, 1, 0, 1, 1, 1, 1, 0, 1, 1, 1]","[1, 0, 1, 1, 1, 0, 0, 1, 0, 1, 1, 0, 0, 0, 1, 1, 0, 1, 0, 0, 0, 0, 0, 0, 1, 0, 0, 1, 0, 0, 1, 0, 1, 0, 0, 0, 0, 0, 0, 0, 0, 1, 0, 1, 0, 1, 0, 0, 0, 0, 0, 0, 0, 0, 0, 0, 0, 1, 0, 1, 0, 0, 0, 1, 1, 1, 1, 0, 0, 1, 1, 0, 0, 1, 0, 0, 1, 1, 0, 0, 1, 1, 1, 0, 0, 1, 0, 1, 1, 1, 1, 1, 1, 0, 1, 1, 0, 0, 1, 1, 1, 1, 1, 0, 0, 0, 0, 1, 1, 1, 1, 1, 1, 0, 0, 0, 1, 1, 0, 0, 1, 0, 1, 1, 1, 0, 0, 0, 0, 1, 0, 0, 1, 1, 0, 0, 1, 1, 0, 0, 1, 1, 1]","[0.92, 0.05, 0.94, 0.95, 0.88, 0.0, 0.1, 0.85, 0.49, 0.81, 0.72, 0.41, 0.0, 0.0, 0.96, 0.52, 0.44, 0.95, 0.03, 0.0, 0.03, 0.0, 0.3, 0.0, 0.77, 0.05, 0.0, 0.95, 0.47, 0.0, 0.95, 0.15, 0.53, 0.0, 0.11, 0.0, 0.0, 0.0, 0.08, 0.3, 0.28, 0.68, 0.0, 0.89, 0.0, 0.97, 0.41, 0.46, 0.43, 0.04, 0.02, 0.03, 0.01, 0.02, 0.0, 0.36, 0.0, 0.91, 0.01, 0.68, 0.06, 0.04, 0.02, 0.97, 0.83, 0.85, 0.83, 0.26, 0.01, 0.97, 0.92, 0.01, 0.14, 0.97, 0.08, 0.12, 0.89, 0.88, 0.08, 0.0, 0.64, 0.85, 0.92, 0.23, 0.0, 0.95, 0.06, 0.98, 0.97, 0.52, 0.83, 0.68, 0.94, 0.01, 0.69, 0.91, 0.01, 0.35, 0.6, 0.96, 0.53, 0.89, 0.98, 0.06, 0.02, 0.07, 0.49, 0.97, 0.52, 0.97, 0.84, 0.92, 0.89, 0.02, 0.19, 0.0, 0.63, 0.96, 0.39, 0.0, 0.78, 0.06, 0.89, 0.96, 0.86, 0.23, 0.0, 0.0, 0.32, 0.76, 0.13, 0.02, 0.58, 0.55, 0.02, 0.24, 0.89, 0.87, 0.35, 0.22, 0.94, 0.81, 0.89]"
Random Forest,7,2,"[0, 1, 0, 0, 0, 1, 1, 0, 1, 0, 0, 0, 1, 1, 0, 1, 0, 1, 1, 1, 1, 1, 1, 0, 1, 0, 1, 1, 0, 1, 0, 1, 0, 1, 1, 0, 0, 0, 1, 0, 0, 1, 1, 0, 1, 0, 0, 1, 1, 1, 0, 1, 1, 1, 0, 1, 0, 1, 1, 1, 1, 0, 0, 1, 0, 0, 0, 1, 0, 1, 0, 0, 0, 1, 0, 1, 0, 1, 1, 0, 0, 1, 1, 1, 1, 1, 1, 1, 1, 0, 0, 1, 0, 0, 0, 0, 1, 0, 1, 1, 0, 1, 0, 1, 0, 0, 0, 0, 0, 1, 0, 1, 1, 1, 0, 0, 1, 0, 1, 0, 1, 0, 1, 1, 0, 0, 1, 1, 0, 0, 0, 1, 0, 0, 0, 1, 0, 0, 0, 0, 1, 0, 0, 1]","[0, 1, 0, 1, 0, 0, 0, 0, 1, 0, 1, 0, 0, 1, 1, 1, 0, 1, 1, 1, 0, 1, 0, 0, 1, 0, 1, 1, 0, 0, 0, 1, 0, 1, 1, 0, 0, 0, 1, 0, 0, 1, 1, 0, 0, 0, 0, 0, 1, 0, 0, 0, 1, 1, 0, 1, 0, 1, 1, 1, 0, 0, 0, 0, 0, 0, 0, 1, 0, 1, 0, 0, 0, 1, 0, 1, 0, 1, 1, 0, 1, 1, 1, 1, 1, 1, 1, 1, 0, 0, 0, 1, 0, 0, 0, 0, 1, 0, 0, 1, 0, 1, 0, 0, 0, 0, 0, 1, 0, 1, 0, 1, 1, 1, 0, 1, 1, 0, 1, 0, 1, 1, 1, 0, 1, 0, 1, 1, 0, 1, 0, 1, 0, 0, 0, 0, 0, 0, 0, 0, 1, 0, 0, 0]","[0.0, 0.67, 0.31, 0.53, 0.0, 0.21, 0.33, 0.0, 0.97, 0.0, 0.94, 0.02, 0.47, 0.76, 0.83, 0.85, 0.0, 1.0, 0.98, 0.52, 0.43, 0.6, 0.45, 0.0, 0.92, 0.09, 0.95, 0.74, 0.0, 0.25, 0.0, 0.7, 0.0, 0.97, 0.93, 0.0, 0.08, 0.01, 0.99, 0.0, 0.26, 0.93, 0.94, 0.24, 0.21, 0.0, 0.0, 0.35, 0.51, 0.0, 0.12, 0.38, 0.99, 0.89, 0.0, 0.88, 0.0, 0.82, 0.94, 0.96, 0.23, 0.0, 0.0, 0.05, 0.02, 0.0, 0.05, 0.82, 0.01, 0.69, 0.02, 0.0, 0.1, 0.58, 0.06, 0.73, 0.33, 0.7, 0.9, 0.0, 0.68, 0.51, 0.66, 0.72, 0.93, 0.95, 0.87, 0.86, 0.41, 0.06, 0.0, 0.88, 0.0, 0.22, 0.02, 0.0, 0.88, 0.0, 0.0, 0.78, 0.07, 0.68, 0.07, 0.41, 0.06, 0.0, 0.0, 0.68, 0.43, 0.52, 0.3, 0.77, 0.88, 0.72, 0.39, 0.71, 0.95, 0.0, 0.92, 0.0, 0.93, 0.65, 0.85, 0.19, 0.72, 0.07, 0.97, 0.81, 0.0, 0.69, 0.29, 0.87, 0.0, 0.0, 0.0, 0.38, 0.0, 0.39, 0.0, 0.04, 0.82, 0.0, 0.04, 0.42]"
Random Forest,8,2,"[0, 1, 0, 1, 1, 0, 0, 0, 0, 1, 1, 0, 0, 1, 0, 0, 0, 0, 1, 0, 1, 1, 1, 1, 0, 0, 0, 0, 0, 0, 1, 0, 0, 0, 1, 0, 0, 0, 1, 1, 0, 0, 0, 0, 1, 1, 1, 0, 0, 0, 1, 1, 0, 1, 0, 1, 0, 0, 0, 1, 1, 1, 0, 1, 0, 1, 0, 0, 0, 0, 1, 1, 0, 1, 1, 0, 0, 0, 1, 0, 1, 0, 1, 1, 0, 0, 1, 1, 0, 0, 0, 1, 0, 0, 0, 1, 0, 0, 1, 0, 0, 1, 1, 0, 1, 1, 0, 0, 0, 1, 0, 0, 0, 0, 1, 0, 1, 0, 0, 0, 1, 0, 1, 0, 0, 0, 0, 0, 1, 1, 0, 0, 1, 1, 0, 0, 0, 0, 0, 0, 0, 1, 1]","[0, 1, 0, 1, 1, 1, 0, 0, 0, 0, 1, 1, 1, 1, 0, 0, 0, 0, 1, 0, 1, 1, 1, 1, 0, 0, 0, 0, 0, 0, 1, 0, 0, 0, 1, 1, 0, 0, 0, 1, 0, 0, 0, 0, 0, 1, 0, 0, 0, 0, 1, 1, 0, 1, 0, 0, 0, 0, 1, 1, 1, 1, 0, 0, 1, 1, 0, 0, 0, 0, 1, 1, 0, 1, 1, 0, 1, 0, 1, 0, 1, 0, 1, 1, 0, 0, 1, 1, 0, 0, 0, 1, 0, 0, 0, 1, 0, 0, 1, 0, 1, 1, 1, 0, 1, 1, 0, 0, 1, 1, 0, 0, 0, 0, 1, 0, 1, 0, 0, 0, 1, 0, 1, 0, 0, 0, 0, 0, 1, 1, 0, 0, 1, 1, 0, 0, 0, 0, 1, 0, 0, 1, 1]","[0.05, 0.92, 0.0, 0.61, 0.95, 0.83, 0.0, 0.31, 0.0, 0.34, 0.94, 0.73, 0.94, 0.95, 0.0, 0.06, 0.09, 0.01, 0.56, 0.04, 0.58, 0.99, 0.97, 0.89, 0.27, 0.01, 0.31, 0.41, 0.0, 0.0, 0.82, 0.0, 0.05, 0.5, 0.98, 0.65, 0.31, 0.4, 0.1, 0.97, 0.2, 0.01, 0.0, 0.01, 0.49, 0.85, 0.32, 0.0, 0.0, 0.0, 0.77, 0.94, 0.0, 0.77, 0.01, 0.07, 0.05, 0.18, 0.76, 0.81, 0.95, 0.72, 0.05, 0.28, 0.59, 0.92, 0.0, 0.0, 0.0, 0.39, 0.99, 0.68, 0.33, 0.95, 0.99, 0.3, 0.94, 0.01, 0.6, 0.21, 0.92, 0.06, 0.95, 0.98, 0.0, 0.0, 0.86, 0.83, 0.02, 0.41, 0.0, 0.9, 0.2, 0.0, 0.07, 0.96, 0.06, 0.0, 0.93, 0.14, 0.98, 0.66, 0.82, 0.0, 0.99, 0.75, 0.32, 0.45, 0.73, 0.85, 0.21, 0.08, 0.01, 0.0, 0.8, 0.06, 0.98, 0.05, 0.06, 0.06, 0.99, 0.0, 0.88, 0.06, 0.0, 0.1, 0.01, 0.0, 0.99, 0.86, 0.03, 0.02, 0.94, 0.87, 0.31, 0.26, 0.0, 0.0, 0.92, 0.0, 0.0, 0.91, 0.93]"
Random Forest,9,2,"[0, 1, 0, 0, 1, 0, 0, 0, 0, 1, 0, 0, 1, 0, 0, 1, 0, 1, 0, 0, 1, 1, 0, 0, 1, 1, 0, 0, 1, 0, 0, 0, 0, 0, 0, 0, 0, 1, 1, 0, 0, 0, 0, 1, 1, 0, 1, 0, 0, 1, 1, 0, 0, 0, 1, 0, 1, 0, 0, 0, 0, 1, 1, 0, 1, 0, 0, 1, 0, 0, 0, 1, 0, 0, 1, 0, 0, 1, 1, 1, 1, 0, 0, 0, 0, 1, 0, 0, 1, 0, 0, 0, 1, 1, 1, 0, 0, 0, 0, 0, 0, 0, 0, 1, 0, 0, 0, 1, 0, 0, 1, 1, 1, 1, 1, 1, 1, 0, 1, 0, 1, 1, 0, 1, 1, 0, 0, 1, 0, 1, 0, 1, 1, 0, 0, 1, 1, 1, 0, 1, 0, 0, 0]","[1, 0, 0, 0, 1, 0, 0, 0, 0, 1, 0, 0, 1, 0, 0, 1, 0, 1, 0, 1, 1, 1, 0, 0, 1, 1, 0, 0, 1, 0, 0, 0, 0, 0, 0, 0, 0, 1, 1, 0, 0, 0, 0, 1, 1, 0, 1, 0, 0, 1, 1, 0, 0, 1, 1, 0, 1, 0, 0, 0, 1, 1, 1, 0, 1, 0, 0, 1, 0, 0, 0, 0, 0, 0, 1, 0, 0, 1, 1, 0, 1, 1, 0, 0, 1, 1, 0, 0, 1, 0, 0, 0, 1, 1, 0, 0, 0, 0, 0, 0, 0, 0, 0, 1, 0, 1, 1, 1, 0, 0, 1, 0, 1, 0, 1, 1, 1, 0, 1, 0, 1, 1, 1, 1, 1, 1, 0, 0, 0, 1, 0, 1, 1, 1, 0, 1, 1, 1, 0, 1, 1, 0, 0]","[0.68, 0.03, 0.1, 0.42, 0.56, 0.07, 0.09, 0.1, 0.05, 0.88, 0.0, 0.13, 0.62, 0.02, 0.01, 0.87, 0.08, 0.84, 0.14, 0.54, 0.63, 0.9, 0.03, 0.43, 0.94, 0.91, 0.49, 0.02, 0.65, 0.08, 0.3, 0.0, 0.02, 0.0, 0.0, 0.06, 0.22, 0.77, 0.86, 0.0, 0.08, 0.21, 0.42, 0.97, 0.91, 0.08, 0.95, 0.24, 0.0, 0.94, 0.89, 0.0, 0.0, 0.73, 0.68, 0.0, 0.97, 0.02, 0.01, 0.08, 0.83, 0.73, 0.95, 0.03, 0.73, 0.0, 0.11, 0.75, 0.0, 0.0, 0.03, 0.18, 0.0, 0.06, 0.93, 0.05, 0.39, 0.87, 0.7, 0.5, 0.91, 0.53, 0.07, 0.17, 0.75, 0.87, 0.0, 0.08, 0.63, 0.24, 0.0, 0.0, 0.89, 0.92, 0.45, 0.04, 0.02, 0.42, 0.35, 0.12, 0.04, 0.02, 0.35, 0.83, 0.02, 0.65, 0.73, 0.82, 0.0, 0.05, 0.87, 0.11, 0.82, 0.47, 0.9, 0.99, 0.97, 0.0, 0.92, 0.23, 0.68, 0.8, 0.87, 0.9, 0.99, 0.55, 0.38, 0.39, 0.12, 0.88, 0.0, 0.98, 0.79, 0.73, 0.03, 0.92, 0.67, 0.68, 0.0, 0.79, 0.79, 0.1, 0.39]"
Random Forest,10,2,"[0, 0, 0, 0, 0, 0, 0, 0, 0, 0, 0, 1, 1, 0, 0, 0, 0, 1, 0, 0, 1, 1, 0, 0, 0, 1, 0, 0, 1, 1, 0, 1, 1, 1, 0, 0, 0, 0, 0, 1, 1, 1, 1, 0, 1, 0, 0, 0, 0, 0, 0, 1, 0, 0, 0, 1, 1, 1, 1, 1, 0, 1, 1, 0, 1, 0, 1, 0, 0, 1, 1, 0, 1, 0, 0, 0, 0, 1, 0, 0, 1, 0, 0, 1, 0, 1, 0, 1, 1, 1, 0, 1, 0, 1, 1, 0, 1, 1, 1, 0, 0, 1, 0, 0, 1, 0, 0, 0, 0, 1, 1, 0, 0, 0, 0, 0, 0, 1, 0, 0, 1, 1, 0, 0, 0, 1, 1, 1, 0, 1, 0, 1, 0, 0, 0, 0, 0, 1, 0, 1, 1, 0, 0]","[1, 0, 0, 1, 0, 0, 0, 0, 0, 1, 0, 1, 1, 0, 0, 0, 1, 1, 0, 0, 0, 1, 0, 0, 0, 1, 0, 0, 0, 1, 0, 0, 1, 1, 0, 0, 0, 0, 0, 1, 1, 0, 1, 0, 1, 0, 1, 0, 0, 1, 0, 1, 0, 0, 1, 1, 1, 1, 1, 1, 0, 1, 1, 0, 1, 0, 0, 0, 0, 1, 1, 0, 1, 0, 0, 0, 1, 0, 1, 1, 1, 0, 0, 1, 0, 1, 0, 1, 0, 1, 0, 1, 0, 1, 1, 0, 0, 1, 1, 0, 0, 1, 0, 1, 1, 0, 1, 0, 0, 1, 1, 0, 0, 0, 0, 0, 0, 1, 0, 0, 1, 1, 0, 1, 1, 1, 1, 1, 0, 1, 0, 1, 0, 0, 0, 0, 1, 1, 0, 1, 1, 0, 0]","[0.78, 0.21, 0.01, 0.76, 0.38, 0.14, 0.07, 0.0, 0.02, 0.99, 0.13, 0.88, 0.87, 0.18, 0.12, 0.04, 0.64, 0.91, 0.2, 0.26, 0.34, 0.96, 0.03, 0.02, 0.02, 0.87, 0.11, 0.02, 0.48, 0.85, 0.07, 0.48, 0.96, 0.74, 0.05, 0.16, 0.01, 0.05, 0.35, 0.89, 0.78, 0.16, 0.89, 0.31, 0.93, 0.35, 0.53, 0.0, 0.17, 0.97, 0.01, 0.95, 0.0, 0.0, 0.72, 0.87, 0.56, 0.8, 1.0, 0.81, 0.25, 0.91, 0.99, 0.0, 0.8, 0.1, 0.36, 0.15, 0.0, 0.69, 0.88, 0.09, 0.97, 0.0, 0.0, 0.02, 0.94, 0.18, 0.66, 0.85, 0.96, 0.47, 0.02, 0.56, 0.27, 0.74, 0.0, 0.84, 0.46, 0.99, 0.02, 0.84, 0.02, 0.87, 0.78, 0.14, 0.36, 0.68, 0.86, 0.2, 0.13, 0.94, 0.05, 0.52, 0.81, 0.03, 0.54, 0.46, 0.05, 0.96, 0.68, 0.08, 0.06, 0.0, 0.04, 0.05, 0.09, 0.97, 0.02, 0.12, 0.95, 0.74, 0.0, 0.69, 0.83, 1.0, 0.96, 0.99, 0.0, 0.99, 0.07, 0.9, 0.16, 0.0, 0.06, 0.06, 0.88, 0.98, 0.05, 0.75, 0.83, 0.0, 0.01]"
Random Forest,11,3,"[1, 1, 1, 0, 0, 0, 1, 0, 0, 0, 0, 0, 1, 1, 1, 1, 0, 0, 0, 0, 0, 1, 0, 1, 0, 0, 0, 1, 0, 1, 0, 1, 0, 0, 0, 0, 1, 0, 0, 0, 0, 1, 0, 1, 0, 0, 1, 1, 0, 0, 1, 0, 1, 1, 0, 1, 0, 0, 0, 0, 0, 1, 0, 0, 0, 1, 1, 1, 1, 1, 1, 1, 0, 0, 1, 0, 0, 1, 1, 0, 1, 1, 0, 1, 0, 0, 0, 1, 1, 0, 1, 1, 1, 0, 0, 1, 1, 0, 0, 1, 0, 0, 0, 1, 1, 0, 1, 0, 1, 0, 0, 0, 0, 0, 0, 0, 0, 0, 0, 1, 0, 1, 0, 1, 0, 1, 0, 0, 1, 0, 1, 0, 0, 0, 0, 0, 0, 0, 0, 0, 0, 1, 1, 1]","[1, 0, 1, 1, 0, 1, 1, 0, 0, 0, 1, 1, 1, 1, 1, 1, 0, 0, 0, 0, 0, 1, 0, 1, 0, 0, 0, 1, 0, 1, 0, 1, 0, 1, 0, 0, 1, 0, 0, 0, 0, 0, 1, 1, 0, 0, 1, 1, 1, 0, 1, 0, 1, 0, 0, 1, 0, 0, 0, 0, 0, 1, 0, 1, 0, 1, 1, 1, 1, 1, 0, 1, 0, 0, 1, 0, 0, 1, 1, 0, 1, 1, 0, 1, 0, 1, 1, 1, 1, 0, 1, 1, 1, 0, 0, 1, 1, 0, 0, 1, 0, 0, 1, 0, 1, 0, 0, 0, 1, 1, 1, 0, 0, 1, 0, 0, 0, 0, 0, 1, 0, 0, 0, 1, 0, 1, 0, 0, 1, 1, 1, 0, 0, 0, 0, 0, 0, 0, 0, 0, 1, 1, 1, 0]","[0.51, 0.08, 0.82, 0.82, 0.0, 0.92, 0.82, 0.02, 0.0, 0.01, 0.52, 0.89, 0.97, 0.96, 0.89, 0.96, 0.0, 0.41, 0.21, 0.0, 0.05, 0.92, 0.0, 0.95, 0.07, 0.01, 0.3, 0.6, 0.0, 0.94, 0.42, 0.77, 0.03, 0.51, 0.0, 0.01, 0.91, 0.31, 0.0, 0.0, 0.32, 0.0, 0.52, 0.98, 0.15, 0.0, 0.89, 0.93, 0.52, 0.0, 0.87, 0.0, 0.85, 0.29, 0.0, 0.84, 0.01, 0.0, 0.0, 0.0, 0.42, 0.95, 0.0, 0.53, 0.03, 0.95, 0.92, 0.82, 0.88, 0.81, 0.28, 0.81, 0.0, 0.0, 0.95, 0.29, 0.04, 0.92, 0.95, 0.0, 0.62, 0.93, 0.0, 0.53, 0.0, 0.86, 0.64, 0.98, 0.82, 0.0, 0.94, 0.8, 0.57, 0.0, 0.09, 0.7, 0.55, 0.0, 0.0, 0.74, 0.28, 0.0, 1.0, 0.0, 0.7, 0.06, 0.49, 0.09, 0.94, 0.74, 0.54, 0.46, 0.0, 0.68, 0.02, 0.28, 0.0, 0.0, 0.13, 0.8, 0.0, 0.49, 0.07, 0.78, 0.01, 0.94, 0.0, 0.0, 0.93, 0.89, 0.97, 0.06, 0.0, 0.09, 0.22, 0.0, 0.0, 0.39, 0.0, 0.11, 0.9, 0.68, 0.77, 0.39]"
Random Forest,12,3,"[1, 0, 0, 0, 0, 1, 0, 0, 1, 0, 0, 0, 0, 0, 0, 0, 0, 1, 1, 0, 1, 0, 1, 1, 1, 0, 0, 0, 1, 1, 0, 0, 0, 1, 0, 0, 0, 1, 0, 0, 0, 0, 1, 0, 1, 0, 0, 1, 1, 1, 1, 0, 1, 0, 1, 0, 0, 0, 0, 1, 0, 0, 1, 1, 1, 1, 0, 1, 1, 1, 0, 0, 0, 1, 0, 0, 1, 1, 0, 0, 0, 1, 1, 1, 1, 0, 0, 0, 1, 0, 0, 1, 1, 0, 0, 1, 1, 0, 1, 1, 0, 1, 1, 1, 0, 0, 0, 1, 1, 1, 1, 0, 1, 1, 0, 0, 0, 0, 1, 1, 0, 1, 1, 1, 0, 1, 0, 1, 1, 1, 0, 0, 1, 1, 0, 0, 1, 0, 1, 0, 1, 0, 0]","[1, 1, 0, 1, 0, 0, 0, 1, 1, 0, 0, 0, 0, 0, 0, 1, 0, 0, 1, 0, 1, 0, 1, 1, 1, 0, 0, 0, 1, 1, 0, 0, 0, 1, 0, 0, 0, 1, 0, 0, 0, 0, 0, 0, 1, 0, 1, 1, 1, 0, 0, 0, 1, 0, 1, 0, 0, 0, 0, 1, 0, 0, 0, 1, 0, 1, 0, 1, 1, 1, 0, 0, 0, 0, 1, 0, 1, 1, 0, 0, 0, 1, 1, 1, 1, 0, 0, 0, 1, 0, 0, 1, 1, 0, 0, 1, 1, 0, 1, 1, 0, 0, 1, 1, 0, 0, 0, 1, 1, 1, 1, 1, 1, 1, 0, 0, 1, 1, 1, 1, 0, 1, 1, 1, 0, 1, 0, 1, 0, 1, 1, 0, 1, 1, 1, 0, 1, 0, 1, 0, 1, 0, 0]","[0.97, 0.85, 0.25, 0.52, 0.01, 0.14, 0.0, 0.52, 0.7, 0.39, 0.04, 0.0, 0.2, 0.19, 0.04, 0.77, 0.07, 0.5, 0.51, 0.04, 0.56, 0.0, 0.85, 0.96, 0.71, 0.0, 0.27, 0.03, 0.97, 0.63, 0.01, 0.0, 0.0, 0.95, 0.03, 0.05, 0.11, 0.99, 0.14, 0.01, 0.16, 0.4, 0.13, 0.09, 0.94, 0.02, 0.69, 0.8, 0.91, 0.39, 0.38, 0.02, 1.0, 0.01, 0.69, 0.0, 0.0, 0.0, 0.02, 0.9, 0.07, 0.0, 0.29, 0.84, 0.29, 0.9, 0.0, 0.89, 0.56, 0.95, 0.12, 0.19, 0.12, 0.15, 0.81, 0.01, 0.7, 0.75, 0.12, 0.02, 0.5, 0.65, 0.66, 0.81, 0.81, 0.0, 0.0, 0.0, 0.72, 0.05, 0.48, 0.94, 0.97, 0.03, 0.11, 0.93, 0.82, 0.15, 0.95, 0.91, 0.04, 0.39, 0.74, 0.76, 0.0, 0.05, 0.17, 0.99, 0.61, 0.92, 0.79, 0.68, 0.94, 0.79, 0.02, 0.32, 0.56, 0.77, 0.84, 0.98, 0.33, 0.87, 0.89, 0.73, 0.05, 0.85, 0.0, 1.0, 0.24, 0.81, 0.7, 0.01, 0.96, 0.93, 0.8, 0.44, 0.55, 0.21, 0.67, 0.0, 0.92, 0.0, 0.0]"
Random Forest,13,3,"[1, 0, 0, 1, 1, 0, 1, 0, 0, 1, 0, 1, 1, 0, 1, 0, 0, 1, 1, 0, 0, 1, 0, 0, 1, 1, 1, 0, 0, 0, 0, 0, 0, 1, 0, 1, 0, 0, 1, 0, 1, 0, 1, 1, 0, 1, 1, 1, 1, 0, 1, 0, 1, 1, 1, 0, 0, 0, 0, 1, 0, 1, 1, 0, 1, 1, 0, 0, 0, 1, 1, 0, 0, 0, 0, 0, 0, 1, 0, 1, 0, 1, 1, 0, 1, 1, 0, 1, 0, 1, 0, 0, 0, 0, 1, 0, 0, 0, 0, 1, 0, 1, 1, 1, 1, 1, 0, 1, 1, 0, 0, 0, 0, 0, 1, 0, 0, 0, 1, 1, 0, 0, 0, 1, 0, 0, 0, 0, 1, 0, 1, 0, 1, 0, 1, 0, 0, 0, 0, 1, 0, 1, 0]","[1, 1, 0, 1, 0, 0, 1, 0, 0, 1, 1, 1, 0, 0, 1, 0, 0, 1, 0, 0, 0, 1, 0, 0, 1, 1, 1, 0, 0, 0, 0, 0, 0, 1, 0, 1, 0, 0, 0, 0, 0, 0, 0, 1, 0, 1, 1, 1, 1, 0, 1, 1, 1, 1, 0, 0, 0, 0, 0, 1, 0, 1, 1, 0, 1, 0, 0, 0, 1, 1, 1, 0, 0, 0, 0, 0, 0, 1, 0, 0, 1, 1, 1, 0, 1, 1, 1, 1, 0, 1, 0, 0, 0, 0, 0, 0, 0, 0, 0, 1, 0, 1, 1, 1, 1, 1, 0, 1, 0, 0, 0, 0, 0, 0, 1, 0, 0, 0, 1, 1, 0, 1, 0, 1, 1, 1, 0, 0, 1, 0, 1, 0, 1, 0, 0, 0, 0, 0, 1, 1, 0, 1, 0]","[0.95, 0.67, 0.05, 0.87, 0.45, 0.02, 0.94, 0.02, 0.01, 0.75, 0.96, 0.95, 0.2, 0.0, 0.91, 0.01, 0.0, 1.0, 0.26, 0.0, 0.01, 0.96, 0.02, 0.01, 0.51, 0.96, 1.0, 0.02, 0.23, 0.0, 0.01, 0.16, 0.0, 0.99, 0.0, 0.99, 0.1, 0.01, 0.3, 0.03, 0.45, 0.38, 0.44, 0.88, 0.14, 0.87, 0.61, 0.99, 0.86, 0.01, 0.78, 0.98, 0.97, 1.0, 0.22, 0.0, 0.01, 0.05, 0.12, 0.92, 0.0, 0.68, 0.72, 0.0, 0.96, 0.08, 0.08, 0.05, 0.83, 0.82, 0.75, 0.02, 0.0, 0.0, 0.0, 0.07, 0.0, 0.74, 0.5, 0.5, 0.96, 0.86, 0.96, 0.01, 0.94, 0.97, 0.88, 0.81, 0.35, 0.96, 0.34, 0.17, 0.04, 0.25, 0.41, 0.0, 0.3, 0.07, 0.03, 0.88, 0.43, 0.82, 0.77, 0.98, 0.97, 0.85, 0.07, 0.69, 0.29, 0.28, 0.19, 0.23, 0.0, 0.02, 0.82, 0.34, 0.09, 0.11, 1.0, 0.99, 0.02, 0.93, 0.03, 0.94, 0.57, 0.84, 0.07, 0.0, 1.0, 0.0, 0.66, 0.0, 0.86, 0.0, 0.24, 0.0, 0.06, 0.01, 0.84, 0.82, 0.0, 0.87, 0.44]"
Random Forest,14,3,"[0, 0, 0, 1, 0, 1, 0, 0, 1, 0, 0, 0, 1, 0, 0, 0, 1, 0, 0, 0, 0, 1, 0, 1, 1, 0, 0, 0, 1, 0, 0, 1, 0, 1, 0, 0, 1, 1, 0, 0, 1, 0, 1, 0, 1, 1, 0, 0, 0, 0, 1, 0, 0, 0, 0, 0, 0, 0, 0, 0, 1, 1, 1, 1, 0, 0, 0, 1, 0, 0, 1, 1, 1, 0, 0, 0, 0, 1, 0, 1, 0, 0, 1, 0, 0, 1, 0, 1, 1, 0, 1, 1, 1, 1, 0, 0, 1, 1, 1, 0, 0, 0, 0, 0, 1, 0, 1, 1, 0, 1, 0, 1, 1, 0, 1, 0, 0, 0, 0, 1, 0, 0, 0, 0, 1, 0, 0, 0, 1, 1, 1, 1, 1, 1, 1, 1, 0, 1, 0, 1, 0, 0, 0]","[0, 0, 0, 1, 0, 1, 1, 1, 0, 0, 0, 0, 1, 0, 0, 0, 1, 0, 0, 1, 0, 1, 1, 0, 0, 0, 0, 1, 0, 0, 0, 1, 0, 1, 0, 0, 1, 1, 0, 1, 0, 0, 0, 0, 1, 1, 0, 0, 0, 0, 0, 0, 0, 0, 0, 0, 0, 0, 0, 0, 1, 1, 0, 1, 0, 0, 0, 1, 0, 0, 1, 1, 0, 1, 0, 0, 0, 1, 0, 1, 0, 0, 1, 0, 0, 1, 0, 1, 1, 0, 1, 1, 1, 1, 0, 0, 1, 1, 1, 0, 1, 0, 0, 0, 1, 0, 1, 1, 0, 0, 0, 1, 1, 0, 1, 0, 1, 0, 0, 1, 0, 0, 0, 0, 0, 0, 0, 0, 1, 1, 1, 1, 1, 1, 1, 1, 0, 1, 0, 1, 0, 0, 0]","[0.04, 0.09, 0.23, 0.94, 0.02, 0.91, 0.82, 0.69, 0.38, 0.08, 0.0, 0.0, 0.86, 0.01, 0.0, 0.09, 0.89, 0.0, 0.17, 0.52, 0.05, 0.79, 0.63, 0.25, 0.28, 0.03, 0.06, 0.56, 0.36, 0.02, 0.31, 0.93, 0.05, 0.77, 0.0, 0.15, 0.89, 0.98, 0.18, 0.72, 0.3, 0.11, 0.35, 0.39, 0.92, 0.94, 0.38, 0.0, 0.0, 0.01, 0.37, 0.0, 0.0, 0.0, 0.0, 0.03, 0.35, 0.17, 0.0, 0.0, 0.95, 0.74, 0.15, 0.98, 0.11, 0.37, 0.11, 0.89, 0.05, 0.31, 0.51, 0.91, 0.48, 0.56, 0.15, 0.01, 0.47, 0.61, 0.0, 0.98, 0.1, 0.06, 0.9, 0.0, 0.34, 0.91, 0.41, 0.87, 0.85, 0.1, 0.75, 0.93, 0.52, 0.97, 0.06, 0.01, 0.93, 0.85, 0.82, 0.04, 0.74, 0.0, 0.37, 0.06, 0.82, 0.01, 0.87, 0.65, 0.19, 0.14, 0.0, 0.85, 0.97, 0.07, 0.94, 0.0, 0.93, 0.0, 0.04, 0.92, 0.19, 0.39, 0.0, 0.28, 0.4, 0.17, 0.0, 0.2, 0.89, 0.69, 0.93, 0.7, 0.96, 0.84, 0.92, 0.77, 0.03, 0.77, 0.26, 0.8, 0.0, 0.0, 0.01]"
Random Forest,15,3,"[0, 1, 0, 1, 0, 1, 1, 0, 0, 0, 1, 1, 1, 1, 1, 0, 0, 0, 1, 0, 1, 1, 0, 1, 1, 1, 0, 1, 0, 0, 1, 0, 1, 0, 1, 0, 0, 1, 0, 0, 0, 1, 0, 1, 1, 0, 1, 0, 0, 0, 0, 0, 0, 0, 1, 1, 0, 1, 1, 1, 0, 1, 0, 0, 1, 0, 0, 0, 0, 0, 0, 1, 0, 0, 1, 1, 1, 1, 0, 0, 0, 1, 1, 0, 0, 0, 1, 1, 0, 0, 1, 0, 1, 0, 0, 1, 1, 1, 1, 0, 0, 0, 0, 0, 1, 0, 0, 1, 1, 0, 0, 1, 0, 0, 1, 0, 1, 1, 1, 0, 0, 1, 1, 1, 0, 0, 0, 1, 1, 0, 1, 0, 0, 0, 0, 0, 1, 0, 0, 1, 1, 0, 1]","[0, 1, 0, 0, 0, 1, 1, 0, 0, 1, 1, 1, 1, 1, 1, 0, 0, 0, 1, 0, 1, 0, 0, 1, 1, 1, 0, 1, 0, 0, 0, 0, 1, 0, 0, 1, 0, 1, 0, 0, 0, 1, 0, 1, 1, 0, 1, 0, 0, 0, 0, 0, 0, 1, 1, 1, 1, 1, 1, 0, 0, 1, 0, 0, 1, 0, 0, 0, 0, 0, 1, 0, 0, 0, 1, 1, 1, 1, 0, 0, 0, 0, 1, 1, 1, 0, 1, 1, 0, 0, 0, 0, 0, 0, 0, 1, 1, 1, 1, 0, 0, 0, 0, 1, 1, 0, 0, 1, 1, 0, 0, 1, 0, 0, 1, 0, 1, 1, 0, 0, 0, 1, 1, 1, 0, 1, 1, 1, 0, 0, 1, 0, 0, 0, 0, 1, 1, 0, 0, 1, 1, 0, 1]","[0.02, 0.89, 0.0, 0.01, 0.42, 0.64, 0.54, 0.08, 0.02, 0.86, 0.53, 0.55, 0.68, 0.89, 0.8, 0.12, 0.03, 0.04, 0.95, 0.0, 0.91, 0.45, 0.14, 0.99, 0.86, 0.98, 0.0, 0.77, 0.04, 0.0, 0.48, 0.0, 0.83, 0.04, 0.45, 0.67, 0.14, 0.66, 0.0, 0.03, 0.01, 0.87, 0.17, 0.68, 0.8, 0.04, 0.87, 0.0, 0.37, 0.0, 0.0, 0.15, 0.01, 0.82, 0.71, 0.97, 0.8, 0.74, 0.75, 0.02, 0.09, 0.86, 0.05, 0.05, 0.88, 0.0, 0.0, 0.02, 0.03, 0.0, 0.64, 0.35, 0.0, 0.04, 0.94, 0.89, 1.0, 0.97, 0.04, 0.25, 0.03, 0.12, 0.95, 0.8, 0.68, 0.0, 0.94, 0.97, 0.0, 0.0, 0.46, 0.17, 0.49, 0.07, 0.3, 0.93, 0.81, 0.77, 0.96, 0.05, 0.0, 0.03, 0.02, 0.55, 0.68, 0.01, 0.13, 0.79, 0.69, 0.27, 0.47, 0.89, 0.0, 0.08, 0.82, 0.4, 0.64, 0.94, 0.47, 0.04, 0.0, 0.94, 0.78, 0.81, 0.18, 0.68, 0.65, 0.94, 0.31, 0.03, 0.91, 0.13, 0.0, 0.04, 0.0, 0.85, 0.96, 0.0, 0.2, 0.68, 0.83, 0.03, 0.86]"
Random Forest,16,4,"[1, 1, 1, 1, 0, 1, 1, 1, 1, 0, 0, 0, 0, 1, 0, 1, 0, 1, 1, 1, 0, 0, 1, 0, 0, 1, 1, 0, 0, 0, 0, 0, 1, 0, 1, 0, 0, 0, 0, 0, 1, 0, 0, 1, 0, 0, 0, 1, 0, 0, 0, 0, 0, 1, 0, 0, 1, 1, 0, 0, 1, 1, 1, 0, 1, 1, 0, 1, 1, 0, 1, 1, 1, 0, 1, 0, 1, 1, 1, 0, 1, 1, 1, 1, 1, 1, 1, 0, 0, 0, 1, 1, 0, 1, 0, 0, 0, 0, 1, 1, 1, 1, 0, 1, 1, 1, 0, 1, 1, 0, 0, 0, 0, 0, 1, 0, 1, 0, 1, 0, 1, 1, 1, 0, 0, 0, 0, 0, 0, 1, 0, 0, 0, 1, 0, 0, 1, 0, 1, 0, 0, 0, 1, 0]","[1, 1, 0, 1, 0, 1, 1, 1, 0, 0, 0, 0, 0, 1, 0, 1, 0, 1, 1, 1, 0, 0, 1, 0, 0, 1, 1, 0, 0, 0, 0, 0, 1, 0, 1, 0, 0, 0, 0, 0, 1, 0, 0, 1, 0, 0, 1, 1, 0, 0, 0, 0, 0, 1, 0, 0, 1, 0, 0, 0, 1, 1, 1, 0, 1, 1, 0, 1, 1, 0, 1, 1, 1, 0, 1, 0, 1, 1, 1, 1, 1, 1, 1, 1, 1, 1, 1, 0, 0, 0, 0, 1, 0, 1, 1, 0, 0, 0, 0, 1, 1, 1, 0, 1, 1, 1, 0, 1, 1, 0, 0, 0, 0, 1, 1, 0, 0, 0, 1, 0, 1, 1, 1, 0, 0, 1, 0, 0, 0, 1, 0, 0, 1, 1, 0, 0, 1, 0, 1, 0, 0, 0, 1, 0]","[0.85, 0.91, 0.15, 0.92, 0.01, 0.8, 0.73, 0.97, 0.46, 0.01, 0.12, 0.01, 0.29, 0.95, 0.01, 0.59, 0.48, 0.86, 0.92, 0.77, 0.0, 0.12, 0.68, 0.02, 0.0, 0.95, 0.57, 0.0, 0.29, 0.03, 0.0, 0.0, 0.92, 0.0, 0.95, 0.0, 0.4, 0.08, 0.03, 0.44, 0.51, 0.14, 0.03, 0.92, 0.0, 0.41, 0.53, 0.91, 0.01, 0.0, 0.0, 0.01, 0.01, 0.97, 0.46, 0.0, 0.86, 0.08, 0.11, 0.09, 0.94, 0.77, 0.94, 0.0, 0.97, 0.86, 0.0, 0.55, 0.97, 0.15, 0.53, 0.9, 0.89, 0.0, 0.99, 0.0, 0.66, 0.95, 0.95, 0.75, 0.75, 0.93, 0.8, 0.92, 0.92, 0.76, 0.65, 0.07, 0.0, 0.0, 0.46, 0.8, 0.04, 0.89, 0.74, 0.0, 0.09, 0.48, 0.0, 0.83, 0.81, 0.99, 0.3, 0.95, 0.99, 0.63, 0.28, 0.78, 0.84, 0.05, 0.01, 0.04, 0.0, 0.56, 0.87, 0.0, 0.39, 0.04, 0.7, 0.1, 0.61, 0.77, 0.97, 0.14, 0.15, 0.53, 0.13, 0.05, 0.01, 0.95, 0.02, 0.0, 0.7, 0.89, 0.06, 0.0, 0.59, 0.26, 0.9, 0.06, 0.26, 0.04, 0.72, 0.0]"
Random Forest,17,4,"[0, 1, 1, 0, 0, 1, 0, 0, 0, 0, 1, 0, 0, 0, 1, 0, 0, 0, 0, 1, 1, 0, 1, 0, 1, 1, 1, 0, 0, 0, 0, 1, 1, 1, 0, 1, 0, 0, 1, 0, 0, 0, 0, 1, 0, 0, 1, 0, 0, 1, 1, 1, 0, 1, 0, 0, 0, 1, 1, 1, 1, 1, 0, 1, 1, 0, 0, 0, 0, 0, 0, 0, 0, 1, 1, 0, 1, 0, 0, 1, 0, 0, 0, 0, 0, 0, 0, 1, 0, 0, 0, 1, 1, 0, 0, 1, 0, 0, 0, 1, 1, 0, 1, 0, 1, 0, 1, 0, 1, 1, 0, 0, 1, 1, 0, 0, 0, 0, 1, 0, 0, 1, 0, 1, 1, 0, 0, 1, 1, 1, 0, 1, 1, 0, 1, 1, 1, 1, 1, 0, 0, 0, 0]","[0, 0, 1, 0, 0, 0, 0, 1, 1, 0, 1, 0, 0, 0, 1, 0, 0, 0, 0, 0, 0, 0, 1, 0, 1, 1, 1, 0, 0, 1, 0, 1, 1, 1, 0, 1, 0, 0, 1, 0, 0, 0, 0, 1, 1, 0, 0, 0, 0, 0, 0, 1, 1, 1, 0, 0, 0, 1, 1, 1, 1, 0, 0, 1, 0, 0, 0, 0, 0, 0, 0, 0, 0, 1, 1, 0, 0, 0, 0, 0, 0, 0, 0, 0, 1, 0, 0, 1, 0, 1, 1, 1, 1, 0, 0, 1, 0, 0, 0, 1, 0, 0, 1, 0, 1, 0, 1, 1, 1, 1, 0, 0, 1, 1, 0, 0, 0, 1, 1, 0, 1, 1, 1, 1, 1, 1, 0, 1, 1, 0, 0, 0, 1, 0, 1, 1, 1, 0, 1, 0, 1, 0, 1]","[0.05, 0.47, 0.93, 0.04, 0.0, 0.08, 0.0, 0.8, 0.64, 0.07, 0.75, 0.0, 0.0, 0.11, 0.86, 0.0, 0.0, 0.06, 0.05, 0.5, 0.39, 0.03, 0.97, 0.01, 0.98, 0.9, 0.74, 0.03, 0.0, 0.53, 0.07, 0.84, 0.97, 0.8, 0.04, 0.99, 0.0, 0.15, 0.98, 0.03, 0.04, 0.19, 0.2, 0.93, 0.54, 0.26, 0.23, 0.0, 0.41, 0.28, 0.5, 0.79, 0.56, 1.0, 0.0, 0.0, 0.0, 0.96, 0.79, 0.93, 0.88, 0.33, 0.0, 0.87, 0.34, 0.07, 0.0, 0.0, 0.0, 0.0, 0.05, 0.05, 0.0, 0.93, 0.95, 0.03, 0.23, 0.06, 0.0, 0.42, 0.02, 0.03, 0.0, 0.04, 0.59, 0.46, 0.0, 0.95, 0.05, 0.88, 0.65, 0.62, 0.94, 0.34, 0.0, 0.94, 0.0, 0.2, 0.49, 0.9, 0.47, 0.13, 0.81, 0.05, 0.86, 0.15, 0.77, 0.97, 0.98, 0.69, 0.03, 0.14, 0.76, 0.77, 0.01, 0.02, 0.0, 0.69, 0.83, 0.18, 0.81, 0.9, 0.93, 0.82, 0.92, 0.88, 0.36, 0.92, 0.63, 0.27, 0.11, 0.17, 0.98, 0.0, 0.97, 0.9, 0.84, 0.35, 0.94, 0.32, 0.85, 0.0, 0.94]"
Random Forest,18,4,"[0, 0, 0, 0, 0, 0, 0, 0, 0, 0, 0, 0, 1, 1, 0, 1, 0, 0, 1, 0, 1, 0, 0, 1, 1, 0, 1, 0, 0, 0, 0, 0, 0, 0, 0, 0, 1, 1, 1, 1, 0, 1, 1, 0, 0, 1, 0, 1, 0, 0, 1, 0, 0, 1, 1, 1, 0, 1, 1, 0, 0, 0, 1, 1, 1, 1, 0, 1, 1, 0, 0, 0, 0, 0, 0, 0, 0, 0, 0, 0, 1, 1, 0, 1, 0, 0, 1, 1, 0, 0, 1, 0, 0, 0, 0, 0, 1, 0, 1, 0, 1, 0, 1, 0, 0, 0, 1, 0, 0, 1, 1, 1, 0, 1, 0, 0, 1, 1, 1, 1, 0, 0, 0, 0, 1, 1, 0, 0, 1, 1, 1, 1, 1, 0, 0, 1, 0, 1, 0, 1, 1, 0, 0]","[0, 0, 1, 0, 1, 1, 0, 1, 0, 0, 0, 0, 1, 1, 1, 1, 0, 0, 1, 0, 1, 0, 0, 0, 1, 0, 1, 0, 0, 0, 0, 0, 0, 0, 0, 0, 0, 0, 1, 1, 0, 1, 1, 0, 0, 0, 0, 1, 1, 0, 0, 0, 0, 1, 1, 1, 0, 1, 1, 0, 0, 0, 1, 1, 1, 1, 0, 0, 0, 1, 0, 0, 0, 0, 1, 0, 0, 0, 1, 0, 1, 1, 0, 1, 1, 0, 1, 1, 0, 1, 1, 0, 0, 0, 0, 0, 1, 0, 1, 0, 1, 0, 1, 0, 0, 0, 1, 0, 0, 1, 1, 1, 0, 1, 0, 0, 1, 1, 1, 1, 0, 0, 0, 0, 0, 1, 0, 0, 1, 1, 1, 1, 1, 0, 0, 1, 0, 1, 0, 1, 1, 0, 0]","[0.1, 0.27, 0.59, 0.09, 0.54, 0.52, 0.37, 0.8, 0.04, 0.0, 0.05, 0.1, 0.91, 0.78, 0.87, 0.92, 0.07, 0.03, 0.8, 0.07, 0.94, 0.27, 0.03, 0.42, 0.87, 0.01, 0.54, 0.22, 0.0, 0.0, 0.17, 0.03, 0.01, 0.1, 0.0, 0.34, 0.47, 0.11, 0.93, 0.9, 0.04, 0.88, 0.94, 0.01, 0.0, 0.3, 0.21, 0.78, 0.98, 0.19, 0.16, 0.0, 0.02, 0.97, 0.77, 0.67, 0.01, 0.56, 0.79, 0.03, 0.18, 0.01, 0.94, 0.87, 0.8, 0.84, 0.09, 0.2, 0.29, 0.79, 0.0, 0.13, 0.23, 0.12, 0.51, 0.08, 0.0, 0.05, 0.56, 0.02, 0.86, 0.97, 0.0, 0.94, 0.74, 0.06, 0.94, 0.93, 0.0, 0.88, 0.78, 0.4, 0.01, 0.04, 0.01, 0.02, 0.9, 0.01, 0.85, 0.1, 0.55, 0.01, 1.0, 0.08, 0.41, 0.01, 0.94, 0.01, 0.0, 0.86, 0.85, 0.71, 0.02, 0.52, 0.0, 0.14, 0.98, 0.92, 0.77, 0.88, 0.13, 0.28, 0.05, 0.03, 0.28, 0.97, 0.07, 0.0, 0.95, 0.98, 0.96, 0.94, 0.96, 0.0, 0.39, 0.79, 0.03, 0.74, 0.0, 0.91, 0.71, 0.0, 0.44]"
Random Forest,19,4,"[0, 0, 1, 1, 1, 0, 1, 0, 0, 0, 0, 1, 0, 1, 0, 0, 0, 1, 0, 1, 1, 0, 0, 0, 0, 0, 1, 1, 1, 1, 0, 0, 0, 0, 1, 0, 1, 1, 0, 0, 1, 0, 0, 1, 0, 1, 1, 0, 1, 0, 1, 0, 1, 0, 0, 0, 1, 0, 0, 0, 0, 0, 0, 1, 0, 0, 0, 1, 0, 1, 1, 0, 0, 1, 0, 0, 0, 0, 0, 0, 1, 1, 0, 1, 0, 0, 1, 1, 0, 1, 0, 0, 1, 0, 1, 1, 1, 1, 0, 0, 1, 0, 0, 1, 0, 0, 1, 0, 0, 1, 1, 0, 0, 0, 1, 0, 0, 1, 1, 0, 0, 0, 1, 0, 0, 0, 1, 1, 0, 1, 1, 1, 0, 0, 0, 0, 0, 0, 0, 0, 0, 1, 1]","[0, 0, 1, 0, 0, 0, 1, 0, 0, 0, 0, 1, 0, 1, 1, 0, 0, 1, 0, 1, 1, 0, 1, 0, 0, 0, 0, 1, 1, 1, 0, 0, 0, 0, 1, 0, 1, 1, 0, 0, 0, 0, 0, 1, 0, 1, 1, 0, 1, 0, 1, 0, 1, 0, 0, 0, 0, 0, 1, 0, 0, 0, 1, 1, 0, 0, 0, 1, 0, 0, 1, 1, 0, 1, 0, 0, 0, 0, 0, 0, 1, 1, 0, 1, 0, 0, 1, 1, 0, 1, 0, 0, 1, 1, 1, 1, 1, 1, 0, 0, 0, 0, 1, 1, 1, 0, 1, 0, 0, 1, 1, 0, 0, 0, 1, 0, 0, 1, 1, 0, 0, 0, 1, 0, 0, 0, 1, 1, 1, 1, 1, 1, 0, 0, 1, 0, 0, 0, 0, 0, 0, 1, 1]","[0.0, 0.5, 0.9, 0.49, 0.01, 0.0, 0.9, 0.04, 0.0, 0.01, 0.0, 0.93, 0.0, 0.91, 0.66, 0.11, 0.0, 0.96, 0.36, 0.57, 0.95, 0.0, 0.62, 0.32, 0.0, 0.22, 0.39, 0.71, 0.85, 0.98, 0.49, 0.0, 0.4, 0.0, 0.61, 0.0, 0.79, 0.94, 0.0, 0.03, 0.0, 0.42, 0.1, 0.94, 0.19, 0.94, 0.54, 0.42, 0.89, 0.0, 0.71, 0.02, 0.52, 0.0, 0.0, 0.0, 0.12, 0.02, 0.81, 0.09, 0.02, 0.0, 0.52, 0.92, 0.0, 0.14, 0.3, 0.84, 0.1, 0.47, 0.96, 0.92, 0.28, 0.67, 0.0, 0.24, 0.0, 0.5, 0.04, 0.24, 0.92, 0.78, 0.0, 0.61, 0.31, 0.18, 0.76, 0.96, 0.0, 0.99, 0.0, 0.0, 0.81, 0.66, 0.72, 0.69, 0.95, 0.82, 0.26, 0.02, 0.1, 0.0, 0.53, 0.88, 0.74, 0.23, 0.82, 0.05, 0.38, 0.97, 0.96, 0.0, 0.25, 0.04, 0.96, 0.0, 0.0, 0.89, 0.93, 0.24, 0.06, 0.0, 0.84, 0.01, 0.0, 0.04, 0.75, 0.91, 0.78, 0.9, 0.75, 0.52, 0.2, 0.0, 0.81, 0.0, 0.0, 0.0, 0.0, 0.01, 0.0, 0.8, 0.52]"
Random Forest,20,4,"[0, 0, 1, 1, 0, 0, 1, 0, 0, 1, 1, 0, 1, 0, 0, 1, 1, 1, 1, 1, 0, 0, 0, 0, 0, 0, 1, 1, 1, 0, 0, 0, 1, 0, 0, 1, 0, 1, 0, 0, 1, 0, 0, 1, 1, 0, 1, 0, 0, 0, 0, 0, 1, 1, 0, 1, 0, 1, 1, 0, 0, 0, 1, 0, 0, 1, 0, 0, 1, 1, 1, 1, 1, 1, 1, 1, 1, 1, 1, 1, 1, 0, 0, 1, 1, 0, 1, 1, 0, 1, 1, 1, 0, 1, 0, 0, 0, 0, 1, 0, 0, 0, 0, 0, 1, 1, 1, 0, 1, 0, 0, 1, 0, 0, 0, 0, 1, 0, 0, 1, 0, 0, 1, 1, 0, 1, 0, 0, 0, 0, 0, 1, 0, 0, 0, 0, 0, 0, 1, 1, 1, 0, 1]","[1, 0, 1, 0, 1, 0, 1, 1, 1, 0, 0, 0, 1, 0, 0, 1, 1, 1, 0, 1, 0, 0, 0, 0, 0, 0, 1, 1, 1, 0, 0, 0, 1, 0, 0, 0, 0, 1, 0, 0, 1, 0, 0, 1, 1, 0, 1, 0, 0, 0, 0, 1, 1, 1, 0, 1, 1, 1, 1, 0, 0, 0, 1, 0, 0, 1, 0, 0, 1, 1, 0, 1, 0, 1, 1, 1, 1, 1, 0, 1, 0, 0, 0, 1, 0, 0, 1, 1, 0, 1, 1, 0, 0, 1, 0, 0, 0, 0, 1, 0, 0, 0, 0, 0, 1, 0, 1, 0, 0, 0, 1, 1, 0, 0, 0, 0, 1, 0, 0, 1, 0, 0, 1, 1, 0, 1, 0, 0, 0, 1, 1, 1, 1, 0, 0, 0, 0, 0, 1, 1, 1, 0, 1]","[0.71, 0.13, 0.58, 0.4, 0.96, 0.0, 0.73, 0.99, 0.88, 0.49, 0.27, 0.01, 0.79, 0.08, 0.06, 0.98, 0.87, 0.53, 0.3, 0.98, 0.0, 0.03, 0.11, 0.0, 0.08, 0.0, 0.98, 0.97, 0.94, 0.07, 0.01, 0.0, 0.9, 0.27, 0.06, 0.43, 0.2, 0.81, 0.0, 0.09, 0.95, 0.0, 0.22, 0.74, 0.82, 0.24, 0.99, 0.0, 0.01, 0.0, 0.22, 0.78, 0.69, 0.7, 0.0, 0.96, 0.85, 0.7, 0.94, 0.3, 0.17, 0.12, 0.85, 0.0, 0.0, 0.99, 0.0, 0.08, 0.63, 0.88, 0.49, 0.95, 0.46, 1.0, 0.96, 0.95, 0.82, 0.9, 0.43, 0.75, 0.14, 0.29, 0.0, 0.6, 0.23, 0.02, 0.63, 0.98, 0.0, 0.93, 0.91, 0.36, 0.18, 0.61, 0.08, 0.04, 0.0, 0.04, 0.76, 0.04, 0.0, 0.44, 0.09, 0.13, 0.97, 0.44, 0.89, 0.07, 0.31, 0.36, 0.76, 0.71, 0.34, 0.02, 0.19, 0.49, 0.52, 0.01, 0.13, 0.54, 0.09, 0.0, 0.94, 0.9, 0.02, 0.92, 0.4, 0.0, 0.12, 0.61, 0.88, 0.94, 0.9, 0.0, 0.19, 0.02, 0.23, 0.05, 0.91, 0.77, 0.93, 0.0, 0.92]"
Random Forest,21,5,"[0, 1, 1, 1, 1, 0, 1, 0, 0, 0, 1, 0, 0, 0, 0, 1, 1, 1, 0, 0, 0, 0, 1, 0, 0, 1, 0, 1, 0, 0, 1, 0, 1, 0, 0, 1, 0, 1, 0, 1, 1, 0, 1, 0, 0, 0, 0, 0, 1, 0, 1, 0, 0, 1, 1, 1, 1, 1, 0, 1, 1, 1, 1, 0, 1, 0, 0, 1, 0, 1, 1, 1, 0, 1, 0, 0, 0, 1, 0, 1, 1, 0, 1, 1, 1, 0, 0, 1, 1, 0, 0, 0, 1, 0, 0, 1, 0, 1, 0, 1, 0, 1, 1, 0, 0, 0, 1, 0, 1, 0, 0, 0, 0, 1, 1, 1, 0, 1, 0, 0, 1, 0, 0, 0, 0, 1, 0, 1, 0, 1, 1, 0, 0, 1, 0, 1, 0, 0, 0, 0, 0, 1, 0, 1]","[0, 1, 1, 1, 1, 1, 0, 0, 1, 0, 1, 0, 0, 0, 0, 1, 0, 1, 0, 1, 1, 0, 0, 0, 0, 1, 0, 1, 0, 0, 1, 0, 1, 0, 0, 1, 0, 1, 0, 1, 0, 0, 1, 0, 0, 0, 0, 1, 1, 0, 1, 0, 0, 1, 1, 1, 1, 1, 0, 0, 1, 1, 1, 0, 1, 0, 0, 1, 0, 1, 1, 0, 0, 1, 0, 0, 1, 1, 1, 1, 1, 0, 1, 1, 1, 0, 0, 1, 1, 0, 0, 0, 1, 0, 1, 1, 1, 1, 0, 1, 0, 1, 1, 0, 0, 0, 0, 0, 1, 0, 0, 0, 0, 1, 1, 0, 0, 1, 0, 1, 1, 0, 1, 0, 0, 1, 0, 0, 1, 0, 1, 0, 1, 1, 0, 1, 0, 0, 0, 0, 0, 1, 0, 1]","[0.34, 0.93, 0.93, 0.83, 0.84, 0.71, 0.33, 0.01, 0.85, 0.04, 0.81, 0.0, 0.0, 0.05, 0.0, 0.64, 0.18, 0.54, 0.41, 0.74, 0.84, 0.0, 0.47, 0.02, 0.03, 0.99, 0.25, 0.97, 0.21, 0.22, 0.92, 0.01, 0.77, 0.12, 0.13, 0.96, 0.04, 0.93, 0.0, 0.51, 0.47, 0.35, 0.9, 0.18, 0.34, 0.41, 0.21, 0.96, 0.89, 0.01, 0.73, 0.0, 0.01, 0.82, 0.86, 0.92, 0.7, 0.84, 0.06, 0.4, 0.96, 0.96, 0.7, 0.0, 0.68, 0.27, 0.42, 0.93, 0.0, 0.94, 0.99, 0.15, 0.04, 0.77, 0.04, 0.49, 0.88, 0.98, 0.75, 0.91, 0.6, 0.08, 0.79, 0.92, 0.95, 0.0, 0.08, 0.88, 0.98, 0.05, 0.05, 0.21, 0.91, 0.33, 0.75, 0.97, 0.52, 0.7, 0.1, 0.86, 0.06, 1.0, 0.81, 0.31, 0.26, 0.15, 0.45, 0.39, 0.84, 0.05, 0.0, 0.29, 0.08, 0.99, 0.89, 0.3, 0.01, 0.93, 0.03, 0.57, 0.85, 0.22, 0.7, 0.07, 0.0, 0.62, 0.03, 0.18, 0.82, 0.26, 0.75, 0.02, 0.68, 0.95, 0.03, 0.84, 0.06, 0.0, 0.11, 0.4, 0.22, 0.87, 0.0, 0.66]"
Random Forest,22,5,"[0, 0, 1, 1, 0, 1, 0, 0, 1, 0, 0, 0, 1, 1, 1, 1, 0, 0, 0, 0, 1, 1, 0, 0, 1, 1, 1, 0, 0, 1, 0, 0, 0, 0, 1, 0, 1, 0, 0, 0, 0, 1, 0, 0, 1, 0, 1, 1, 1, 1, 0, 0, 1, 0, 1, 0, 1, 1, 1, 0, 0, 1, 0, 1, 1, 0, 0, 0, 0, 1, 1, 1, 0, 0, 1, 1, 0, 0, 0, 1, 0, 1, 0, 1, 0, 0, 1, 0, 1, 0, 1, 1, 0, 1, 1, 1, 1, 0, 1, 0, 0, 0, 1, 1, 1, 1, 1, 1, 0, 0, 0, 1, 0, 0, 1, 0, 0, 1, 1, 0, 1, 1, 0, 0, 1, 1, 0, 0, 0, 1, 1, 0, 1, 0, 1, 0, 0, 1, 0, 1, 0, 1, 0]","[1, 1, 1, 1, 0, 1, 0, 0, 1, 0, 0, 0, 1, 1, 1, 0, 0, 0, 0, 0, 1, 1, 0, 0, 1, 1, 1, 0, 0, 1, 0, 0, 0, 0, 1, 0, 1, 0, 0, 0, 0, 0, 0, 0, 1, 0, 1, 1, 1, 1, 0, 1, 1, 0, 1, 0, 1, 1, 0, 0, 0, 1, 0, 1, 1, 0, 0, 0, 0, 1, 1, 1, 1, 0, 1, 1, 0, 1, 0, 1, 0, 1, 0, 1, 1, 0, 1, 0, 1, 0, 1, 1, 0, 0, 1, 1, 1, 0, 1, 0, 0, 1, 1, 0, 1, 1, 1, 1, 0, 0, 1, 1, 1, 0, 1, 0, 1, 1, 1, 0, 1, 1, 0, 0, 1, 1, 0, 1, 0, 1, 1, 0, 1, 0, 1, 0, 0, 1, 0, 1, 0, 1, 1]","[0.76, 0.58, 0.58, 0.74, 0.47, 0.98, 0.38, 0.25, 0.71, 0.0, 0.28, 0.01, 0.8, 0.99, 0.85, 0.44, 0.02, 0.03, 0.02, 0.19, 0.98, 0.58, 0.07, 0.0, 0.84, 0.95, 0.86, 0.0, 0.01, 0.92, 0.24, 0.0, 0.0, 0.05, 0.76, 0.14, 0.83, 0.03, 0.0, 0.36, 0.27, 0.37, 0.0, 0.01, 0.86, 0.32, 0.98, 0.67, 0.95, 0.89, 0.03, 0.59, 0.73, 0.0, 0.76, 0.0, 0.9, 0.99, 0.22, 0.0, 0.0, 0.82, 0.01, 0.81, 0.93, 0.33, 0.0, 0.01, 0.03, 0.97, 1.0, 0.83, 0.61, 0.08, 0.92, 0.57, 0.45, 0.66, 0.0, 0.62, 0.01, 0.83, 0.0, 0.95, 0.57, 0.05, 0.95, 0.22, 0.93, 0.01, 0.96, 0.83, 0.02, 0.47, 1.0, 0.77, 0.7, 0.0, 0.88, 0.15, 0.02, 0.99, 0.79, 0.44, 0.91, 0.82, 0.84, 0.76, 0.43, 0.01, 0.58, 0.73, 0.62, 0.0, 0.92, 0.39, 0.73, 0.98, 0.78, 0.27, 0.93, 0.74, 0.03, 0.01, 0.87, 0.61, 0.0, 0.6, 0.05, 0.98, 0.96, 0.0, 0.96, 0.03, 0.87, 0.48, 0.3, 0.79, 0.02, 0.93, 0.06, 0.79, 0.89]"
Random Forest,23,5,"[0, 1, 0, 0, 0, 0, 1, 0, 0, 0, 0, 0, 0, 1, 1, 0, 0, 1, 1, 0, 0, 0, 1, 1, 0, 1, 1, 0, 1, 1, 0, 0, 0, 1, 0, 0, 0, 0, 0, 0, 0, 1, 0, 0, 1, 0, 1, 0, 0, 1, 0, 1, 0, 0, 0, 0, 0, 0, 1, 1, 0, 0, 1, 0, 1, 1, 0, 0, 0, 0, 0, 1, 0, 1, 1, 0, 0, 0, 0, 1, 0, 0, 1, 0, 1, 1, 1, 0, 0, 1, 0, 1, 1, 0, 1, 0, 1, 0, 0, 1, 0, 0, 1, 0, 0, 1, 0, 0, 0, 1, 1, 1, 0, 0, 1, 0, 1, 0, 0, 0, 1, 1, 1, 0, 1, 0, 1, 1, 0, 1, 1, 1, 1, 1, 0, 0, 0, 0, 0, 1, 0, 1, 1]","[0, 1, 0, 1, 0, 0, 0, 0, 1, 0, 0, 0, 0, 1, 1, 0, 0, 1, 1, 1, 0, 1, 0, 1, 0, 1, 1, 0, 0, 1, 0, 1, 0, 1, 0, 0, 0, 0, 0, 1, 0, 0, 0, 0, 0, 0, 1, 0, 0, 1, 0, 1, 1, 0, 0, 0, 0, 0, 0, 0, 0, 0, 0, 0, 0, 0, 0, 0, 0, 0, 1, 1, 0, 1, 1, 0, 0, 0, 0, 1, 0, 1, 1, 0, 0, 1, 1, 1, 0, 1, 0, 1, 1, 0, 1, 0, 1, 0, 0, 1, 0, 0, 1, 0, 1, 1, 0, 0, 0, 0, 1, 1, 0, 1, 0, 0, 1, 0, 1, 0, 1, 1, 1, 1, 1, 0, 1, 1, 0, 1, 1, 1, 1, 1, 0, 0, 0, 0, 0, 1, 0, 1, 1]","[0.08, 0.92, 0.05, 0.6, 0.0, 0.05, 0.07, 0.0, 0.93, 0.03, 0.0, 0.01, 0.12, 0.93, 0.95, 0.01, 0.05, 0.57, 0.78, 0.67, 0.0, 0.64, 0.34, 0.81, 0.01, 0.95, 0.73, 0.03, 0.3, 0.66, 0.04, 0.75, 0.0, 0.96, 0.03, 0.01, 0.02, 0.01, 0.26, 0.79, 0.39, 0.18, 0.05, 0.31, 0.05, 0.01, 0.97, 0.03, 0.12, 0.63, 0.01, 0.9, 0.62, 0.0, 0.0, 0.0, 0.02, 0.33, 0.37, 0.33, 0.07, 0.0, 0.5, 0.0, 0.02, 0.11, 0.08, 0.06, 0.09, 0.0, 0.74, 0.87, 0.02, 0.76, 0.89, 0.0, 0.15, 0.04, 0.09, 0.92, 0.08, 0.69, 0.98, 0.16, 0.14, 0.91, 0.97, 0.6, 0.02, 0.93, 0.0, 0.81, 0.93, 0.46, 0.6, 0.0, 0.61, 0.44, 0.34, 0.91, 0.05, 0.3, 0.6, 0.02, 0.65, 0.72, 0.03, 0.16, 0.12, 0.45, 0.73, 0.85, 0.0, 0.64, 0.35, 0.03, 0.93, 0.48, 0.81, 0.06, 0.62, 0.96, 0.93, 0.79, 0.93, 0.01, 0.96, 0.87, 0.11, 0.86, 0.81, 0.94, 0.64, 0.97, 0.19, 0.0, 0.04, 0.0, 0.0, 0.75, 0.0, 0.7, 0.93]"
Random Forest,24,5,"[1, 0, 1, 1, 0, 0, 1, 0, 0, 0, 1, 0, 0, 1, 0, 0, 1, 1, 1, 1, 0, 0, 0, 0, 0, 1, 0, 1, 0, 0, 1, 0, 1, 1, 1, 0, 1, 0, 1, 0, 0, 1, 1, 0, 1, 1, 0, 0, 0, 0, 0, 0, 1, 1, 1, 0, 0, 1, 1, 0, 0, 0, 1, 0, 1, 1, 0, 1, 0, 0, 0, 0, 0, 0, 0, 1, 1, 1, 0, 0, 0, 0, 0, 1, 1, 1, 0, 0, 1, 0, 0, 0, 1, 1, 0, 0, 0, 1, 0, 0, 1, 0, 0, 1, 1, 0, 0, 1, 0, 0, 1, 0, 1, 0, 1, 0, 1, 0, 0, 1, 0, 0, 0, 0, 0, 1, 1, 0, 1, 1, 0, 0, 0, 0, 1, 0, 0, 0, 0, 1, 1, 0, 0]","[0, 0, 1, 1, 0, 0, 1, 1, 0, 0, 1, 0, 0, 1, 1, 0, 1, 1, 0, 1, 0, 0, 0, 0, 0, 1, 1, 1, 0, 0, 1, 0, 1, 1, 1, 0, 1, 0, 1, 0, 1, 1, 1, 0, 0, 1, 0, 0, 0, 0, 0, 0, 1, 1, 1, 0, 0, 1, 1, 0, 0, 0, 1, 0, 1, 0, 0, 0, 0, 0, 0, 0, 0, 0, 0, 1, 1, 1, 1, 0, 0, 0, 1, 1, 1, 1, 0, 0, 1, 0, 0, 0, 1, 0, 0, 0, 0, 1, 0, 0, 1, 0, 0, 1, 1, 0, 0, 0, 0, 0, 1, 0, 1, 0, 1, 0, 0, 0, 0, 1, 0, 0, 0, 0, 0, 1, 1, 1, 1, 1, 0, 0, 0, 0, 1, 1, 0, 0, 1, 1, 1, 0, 0]","[0.32, 0.22, 0.54, 0.92, 0.05, 0.03, 0.94, 0.76, 0.0, 0.0, 0.79, 0.05, 0.01, 0.99, 0.51, 0.04, 0.98, 0.95, 0.13, 0.89, 0.04, 0.0, 0.08, 0.0, 0.11, 0.68, 0.6, 0.75, 0.03, 0.02, 0.56, 0.0, 0.93, 0.98, 0.73, 0.43, 0.95, 0.01, 0.96, 0.29, 0.55, 0.97, 0.98, 0.0, 0.35, 0.94, 0.01, 0.0, 0.02, 0.0, 0.01, 0.04, 0.64, 0.78, 0.95, 0.01, 0.0, 0.92, 0.96, 0.18, 0.12, 0.09, 0.9, 0.0, 0.89, 0.11, 0.04, 0.15, 0.0, 0.0, 0.0, 0.11, 0.2, 0.25, 0.06, 0.96, 0.61, 0.82, 0.9, 0.03, 0.13, 0.02, 0.84, 0.6, 0.98, 0.73, 0.0, 0.13, 0.86, 0.09, 0.01, 0.33, 0.62, 0.42, 0.0, 0.02, 0.45, 0.76, 0.07, 0.0, 0.77, 0.05, 0.31, 0.73, 0.7, 0.0, 0.02, 0.05, 0.0, 0.47, 0.85, 0.0, 0.81, 0.37, 0.97, 0.0, 0.48, 0.03, 0.0, 0.83, 0.02, 0.18, 0.09, 0.0, 0.04, 0.68, 0.93, 0.84, 0.96, 0.91, 0.1, 0.01, 0.0, 0.2, 0.99, 0.55, 0.0, 0.0, 0.77, 0.67, 0.98, 0.0, 0.16]"
Random Forest,25,5,"[0, 1, 0, 1, 1, 0, 0, 0, 1, 0, 0, 0, 0, 1, 1, 0, 0, 1, 0, 1, 0, 1, 0, 1, 0, 1, 1, 0, 0, 0, 0, 0, 0, 1, 0, 0, 0, 0, 1, 0, 0, 1, 1, 1, 0, 1, 1, 0, 1, 1, 0, 0, 0, 0, 1, 0, 1, 0, 0, 0, 0, 1, 0, 0, 0, 0, 1, 0, 0, 0, 0, 1, 1, 1, 1, 1, 1, 1, 1, 1, 0, 0, 0, 1, 0, 1, 0, 1, 0, 1, 0, 0, 1, 1, 0, 1, 0, 0, 1, 0, 0, 0, 1, 1, 0, 1, 0, 1, 0, 1, 0, 1, 0, 0, 0, 0, 0, 1, 0, 0, 0, 1, 0, 0, 0, 0, 1, 1, 0, 1, 1, 1, 1, 0, 0, 1, 0, 1, 1, 0, 0, 0, 0]","[0, 1, 0, 0, 0, 0, 0, 1, 1, 1, 0, 0, 1, 1, 1, 0, 0, 1, 0, 1, 0, 0, 0, 0, 0, 0, 1, 0, 0, 0, 0, 0, 0, 1, 0, 0, 0, 0, 1, 0, 0, 1, 0, 1, 0, 1, 1, 0, 1, 0, 0, 0, 1, 0, 1, 1, 1, 0, 0, 0, 0, 1, 0, 0, 0, 0, 0, 0, 0, 0, 0, 1, 1, 1, 1, 1, 1, 0, 1, 1, 0, 0, 0, 1, 1, 1, 0, 1, 0, 1, 0, 0, 1, 1, 0, 1, 0, 0, 1, 0, 0, 0, 1, 0, 0, 1, 0, 1, 0, 1, 0, 1, 0, 0, 1, 0, 0, 1, 0, 0, 0, 0, 0, 0, 0, 0, 1, 1, 0, 0, 1, 0, 1, 0, 0, 1, 1, 1, 1, 0, 0, 0, 0]","[0.0, 0.96, 0.0, 0.2, 0.01, 0.05, 0.0, 0.57, 0.52, 0.92, 0.01, 0.37, 0.95, 0.99, 0.74, 0.12, 0.04, 0.91, 0.06, 0.8, 0.23, 0.41, 0.0, 0.35, 0.25, 0.43, 0.96, 0.0, 0.0, 0.06, 0.28, 0.0, 0.07, 0.52, 0.24, 0.0, 0.03, 0.03, 0.99, 0.08, 0.0, 0.74, 0.0, 0.51, 0.0, 0.87, 0.96, 0.0, 0.67, 0.33, 0.0, 0.0, 0.77, 0.0, 0.91, 0.76, 0.79, 0.42, 0.04, 0.0, 0.07, 0.68, 0.0, 0.0, 0.05, 0.05, 0.31, 0.04, 0.0, 0.47, 0.0, 0.92, 0.95, 0.88, 1.0, 0.94, 0.9, 0.22, 0.56, 0.67, 0.11, 0.0, 0.0, 0.72, 0.7, 0.8, 0.0, 0.85, 0.0, 0.91, 0.46, 0.0, 0.63, 0.93, 0.41, 0.83, 0.0, 0.0, 0.96, 0.0, 0.0, 0.03, 0.78, 0.0, 0.0, 0.96, 0.12, 0.77, 0.02, 0.88, 0.35, 0.96, 0.0, 0.0, 0.96, 0.0, 0.12, 0.93, 0.0, 0.26, 0.14, 0.28, 0.21, 0.49, 0.0, 0.01, 0.92, 0.99, 0.0, 0.19, 0.87, 0.5, 0.64, 0.01, 0.01, 0.85, 0.81, 0.81, 0.81, 0.0, 0.0, 0.0, 0.4]"
Random Forest,26,6,"[0, 0, 1, 1, 0, 0, 1, 1, 1, 0, 0, 0, 0, 1, 0, 0, 1, 1, 0, 1, 1, 0, 0, 0, 1, 1, 0, 1, 0, 0, 1, 0, 1, 0, 1, 0, 0, 0, 0, 1, 0, 0, 0, 1, 0, 1, 0, 0, 0, 1, 1, 0, 1, 1, 1, 0, 0, 0, 1, 1, 0, 0, 0, 0, 1, 0, 0, 1, 1, 1, 1, 1, 1, 0, 0, 0, 1, 0, 0, 1, 1, 1, 1, 0, 1, 1, 1, 0, 0, 0, 1, 1, 0, 0, 0, 0, 1, 1, 0, 0, 1, 1, 1, 1, 0, 1, 1, 1, 1, 0, 1, 1, 0, 1, 0, 0, 0, 1, 1, 0, 0, 0, 0, 0, 0, 1, 0, 1, 1, 0, 1, 1, 1, 1, 0, 1, 1, 0, 1, 0, 1, 0, 1]","[0, 0, 1, 1, 0, 0, 1, 1, 1, 0, 0, 0, 0, 1, 0, 0, 0, 1, 0, 0, 1, 0, 0, 0, 1, 1, 0, 0, 0, 0, 1, 0, 1, 0, 1, 0, 0, 0, 0, 1, 0, 0, 0, 0, 0, 1, 0, 0, 0, 1, 1, 0, 0, 1, 0, 0, 0, 0, 1, 1, 0, 0, 0, 0, 1, 0, 1, 1, 1, 1, 0, 1, 1, 0, 0, 0, 0, 0, 0, 1, 1, 1, 1, 0, 1, 1, 1, 0, 0, 0, 1, 1, 0, 0, 1, 0, 1, 1, 0, 0, 0, 1, 1, 1, 0, 1, 1, 1, 1, 0, 1, 1, 0, 1, 0, 0, 1, 1, 1, 0, 0, 0, 0, 1, 0, 1, 1, 1, 1, 0, 0, 1, 1, 1, 1, 1, 1, 0, 1, 0, 1, 0, 1]","[0.0, 0.21, 0.92, 0.9, 0.0, 0.44, 0.68, 0.51, 0.51, 0.21, 0.0, 0.0, 0.21, 0.93, 0.47, 0.0, 0.4, 0.7, 0.0, 0.4, 0.73, 0.0, 0.01, 0.0, 0.97, 0.78, 0.0, 0.23, 0.0, 0.0, 0.94, 0.0, 0.93, 0.19, 0.98, 0.0, 0.0, 0.0, 0.19, 0.92, 0.23, 0.0, 0.0, 0.0, 0.26, 1.0, 0.21, 0.0, 0.01, 0.93, 0.88, 0.0, 0.33, 0.77, 0.27, 0.0, 0.0, 0.0, 0.97, 0.84, 0.0, 0.0, 0.07, 0.05, 0.76, 0.0, 0.69, 0.69, 0.75, 0.88, 0.28, 0.96, 0.56, 0.0, 0.0, 0.0, 0.26, 0.0, 0.47, 0.76, 0.66, 0.76, 0.91, 0.0, 0.93, 0.87, 0.66, 0.02, 0.0, 0.5, 0.92, 0.82, 0.0, 0.0, 0.56, 0.0, 0.75, 0.91, 0.1, 0.0, 0.0, 0.97, 0.68, 0.66, 0.27, 0.86, 0.63, 0.96, 0.69, 0.2, 0.71, 0.8, 0.3, 0.98, 0.0, 0.0, 0.8, 0.89, 0.79, 0.24, 0.0, 0.0, 0.2, 0.55, 0.12, 0.88, 0.63, 0.58, 0.91, 0.0, 0.18, 0.92, 0.95, 0.94, 0.66, 0.78, 0.87, 0.0, 0.79, 0.0, 0.9, 0.32, 0.52]"
Random Forest,27,6,"[0, 0, 1, 1, 0, 0, 0, 0, 0, 1, 1, 1, 0, 0, 0, 0, 1, 0, 1, 1, 1, 1, 0, 1, 0, 1, 1, 0, 0, 0, 1, 0, 0, 1, 0, 0, 0, 1, 1, 0, 1, 0, 1, 0, 0, 1, 0, 0, 1, 1, 1, 1, 0, 0, 1, 1, 1, 1, 0, 0, 1, 1, 0, 0, 0, 1, 0, 0, 1, 1, 1, 1, 1, 0, 0, 0, 1, 0, 1, 0, 1, 0, 0, 1, 1, 0, 0, 1, 1, 1, 1, 0, 0, 0, 1, 1, 1, 0, 0, 1, 1, 1, 0, 1, 1, 1, 1, 0, 0, 0, 0, 0, 1, 0, 1, 0, 1, 0, 1, 0, 1, 0, 1, 1, 0, 0, 1, 0, 0, 0, 0, 1, 1, 1, 0, 0, 0, 0, 1, 1, 0, 0, 1]","[0, 1, 0, 0, 0, 1, 0, 0, 0, 0, 0, 1, 0, 0, 0, 0, 1, 0, 1, 1, 1, 1, 1, 1, 0, 1, 1, 0, 0, 0, 1, 0, 1, 1, 0, 0, 0, 1, 1, 0, 0, 0, 1, 0, 0, 1, 0, 0, 1, 1, 1, 1, 1, 1, 1, 1, 0, 0, 0, 0, 1, 1, 0, 0, 0, 1, 0, 0, 1, 1, 1, 1, 1, 0, 0, 0, 0, 1, 1, 0, 1, 0, 1, 1, 1, 0, 1, 1, 0, 1, 1, 0, 0, 0, 1, 1, 1, 0, 0, 1, 1, 1, 0, 1, 1, 1, 1, 1, 1, 1, 0, 0, 1, 1, 1, 0, 1, 0, 1, 0, 1, 0, 0, 1, 0, 0, 1, 0, 0, 0, 0, 1, 1, 1, 1, 0, 0, 0, 1, 1, 1, 0, 1]","[0.03, 0.78, 0.47, 0.15, 0.01, 0.83, 0.28, 0.03, 0.01, 0.24, 0.34, 0.92, 0.01, 0.0, 0.09, 0.02, 0.86, 0.02, 0.88, 0.97, 1.0, 0.69, 0.6, 0.84, 0.03, 0.89, 0.67, 0.29, 0.34, 0.07, 0.51, 0.0, 0.63, 0.76, 0.0, 0.12, 0.05, 0.9, 0.98, 0.33, 0.41, 0.43, 0.56, 0.35, 0.19, 0.98, 0.07, 0.18, 0.88, 0.78, 0.92, 0.9, 0.51, 0.9, 0.96, 0.97, 0.25, 0.42, 0.02, 0.02, 0.86, 0.69, 0.0, 0.0, 0.06, 0.96, 0.02, 0.14, 0.6, 0.96, 0.72, 0.94, 0.99, 0.08, 0.14, 0.35, 0.38, 0.82, 0.97, 0.01, 0.73, 0.05, 0.51, 0.93, 0.72, 0.19, 0.69, 0.93, 0.43, 0.99, 0.92, 0.0, 0.06, 0.4, 0.88, 0.53, 0.99, 0.01, 0.0, 0.97, 0.75, 0.8, 0.1, 0.99, 0.76, 0.82, 0.96, 0.51, 0.7, 0.55, 0.18, 0.14, 0.97, 0.52, 0.72, 0.3, 0.98, 0.0, 0.86, 0.05, 0.9, 0.02, 0.23, 1.0, 0.0, 0.01, 0.91, 0.06, 0.0, 0.02, 0.0, 0.84, 1.0, 0.96, 0.64, 0.19, 0.0, 0.01, 0.61, 0.93, 0.74, 0.0, 0.75]"
Random Forest,28,6,"[0, 0, 0, 0, 1, 1, 0, 0, 1, 0, 0, 0, 0, 1, 0, 1, 0, 1, 1, 0, 0, 1, 0, 0, 1, 1, 0, 0, 0, 0, 0, 0, 1, 0, 0, 0, 0, 0, 0, 1, 0, 1, 1, 1, 0, 0, 0, 0, 0, 1, 1, 1, 0, 0, 0, 0, 1, 1, 0, 1, 0, 1, 0, 0, 0, 0, 1, 0, 0, 1, 1, 1, 0, 0, 0, 0, 0, 0, 1, 0, 0, 0, 1, 0, 1, 1, 0, 1, 0, 0, 0, 1, 0, 1, 0, 0, 1, 0, 1, 1, 0, 0, 0, 0, 0, 0, 0, 0, 0, 0, 1, 0, 1, 0, 0, 1, 0, 1, 0, 1, 1, 0, 1, 1, 1, 1, 0, 1, 0, 0, 0, 0, 1, 1, 1, 0, 0, 0, 1, 0, 0, 1, 0, 1]","[0, 0, 1, 0, 0, 0, 0, 1, 1, 1, 1, 1, 0, 1, 0, 1, 1, 1, 1, 0, 0, 1, 1, 0, 1, 1, 0, 0, 0, 0, 0, 0, 1, 0, 0, 0, 0, 0, 0, 1, 0, 1, 1, 1, 1, 0, 0, 0, 0, 1, 1, 1, 1, 0, 0, 0, 1, 1, 0, 0, 1, 1, 0, 0, 0, 0, 1, 0, 0, 1, 1, 1, 1, 0, 0, 1, 1, 0, 1, 0, 0, 0, 1, 0, 1, 1, 0, 1, 0, 0, 0, 1, 0, 1, 1, 0, 1, 0, 1, 1, 0, 1, 0, 0, 0, 1, 0, 0, 0, 0, 1, 0, 1, 0, 0, 0, 0, 1, 1, 1, 1, 0, 1, 1, 1, 1, 0, 1, 0, 0, 0, 0, 1, 1, 1, 0, 0, 0, 1, 0, 1, 1, 0, 1]","[0.03, 0.15, 0.75, 0.01, 0.16, 0.01, 0.01, 0.72, 0.94, 0.82, 0.88, 0.94, 0.06, 0.83, 0.0, 0.9, 0.94, 0.99, 0.99, 0.0, 0.42, 0.56, 0.82, 0.2, 0.98, 0.98, 0.01, 0.0, 0.25, 0.1, 0.0, 0.0, 0.76, 0.03, 0.13, 0.01, 0.0, 0.02, 0.0, 0.52, 0.45, 0.51, 0.99, 1.0, 0.62, 0.02, 0.0, 0.0, 0.15, 0.91, 0.84, 0.94, 0.8, 0.01, 0.32, 0.0, 0.81, 0.74, 0.02, 0.34, 0.74, 0.94, 0.03, 0.0, 0.48, 0.1, 0.97, 0.06, 0.39, 0.96, 0.51, 0.91, 0.54, 0.0, 0.0, 0.68, 0.77, 0.1, 0.94, 0.0, 0.03, 0.16, 0.8, 0.16, 0.65, 0.67, 0.11, 0.51, 0.0, 0.02, 0.05, 0.74, 0.08, 0.8, 0.98, 0.19, 0.78, 0.05, 0.72, 0.77, 0.38, 0.71, 0.21, 0.02, 0.0, 0.63, 0.01, 0.43, 0.01, 0.17, 0.97, 0.14, 0.78, 0.0, 0.05, 0.45, 0.05, 0.76, 0.9, 0.92, 1.0, 0.01, 0.96, 0.72, 0.94, 0.95, 0.06, 1.0, 0.0, 0.02, 0.0, 0.0, 0.85, 0.56, 0.89, 0.31, 0.06, 0.01, 0.61, 0.0, 0.53, 0.79, 0.0, 0.96]"
Random Forest,29,6,"[1, 1, 0, 1, 1, 1, 1, 0, 0, 0, 1, 0, 0, 0, 1, 0, 1, 0, 0, 1, 1, 0, 1, 1, 1, 0, 1, 1, 0, 1, 0, 0, 0, 0, 0, 0, 1, 0, 0, 1, 0, 1, 1, 1, 0, 0, 0, 1, 0, 1, 1, 0, 0, 0, 0, 0, 1, 0, 0, 1, 1, 0, 1, 0, 0, 1, 0, 0, 1, 0, 1, 0, 0, 1, 0, 0, 0, 1, 0, 1, 0, 1, 1, 0, 1, 0, 0, 0, 1, 0, 1, 0, 1, 0, 0, 0, 0, 1, 1, 0, 1, 0, 1, 0, 0, 1, 1, 1, 0, 0, 0, 0, 1, 0, 0, 0, 1, 0, 0, 1, 0, 1, 0, 1, 1, 0, 1, 1, 0, 0, 0, 1, 1, 1, 1, 1, 0, 0, 0, 0, 1, 0, 0]","[1, 1, 0, 1, 1, 1, 1, 0, 0, 0, 1, 1, 0, 0, 1, 0, 1, 1, 0, 1, 1, 0, 1, 1, 0, 0, 1, 1, 0, 1, 0, 0, 0, 0, 0, 0, 1, 0, 1, 1, 0, 0, 1, 1, 0, 1, 0, 1, 0, 0, 1, 0, 0, 0, 0, 0, 1, 0, 0, 1, 1, 0, 0, 0, 0, 1, 0, 0, 1, 0, 1, 0, 0, 1, 0, 0, 0, 1, 0, 1, 0, 1, 1, 0, 1, 1, 0, 0, 1, 0, 1, 0, 1, 0, 1, 0, 0, 1, 1, 0, 0, 0, 1, 0, 0, 1, 1, 1, 0, 0, 1, 0, 1, 0, 0, 0, 1, 0, 0, 0, 0, 1, 0, 1, 1, 1, 1, 1, 0, 0, 0, 1, 0, 1, 1, 0, 0, 1, 0, 0, 1, 0, 0]","[0.92, 0.92, 0.0, 0.82, 0.55, 0.91, 0.95, 0.0, 0.05, 0.02, 0.96, 0.82, 0.02, 0.19, 0.66, 0.0, 0.88, 0.78, 0.06, 0.83, 0.82, 0.04, 0.96, 0.96, 0.34, 0.01, 0.87, 0.98, 0.03, 0.91, 0.01, 0.01, 0.0, 0.0, 0.11, 0.01, 0.99, 0.05, 0.7, 0.63, 0.06, 0.04, 0.87, 0.97, 0.01, 0.57, 0.0, 0.69, 0.0, 0.5, 0.71, 0.0, 0.0, 0.0, 0.04, 0.19, 0.84, 0.0, 0.03, 0.71, 0.74, 0.48, 0.07, 0.08, 0.0, 0.97, 0.0, 0.07, 0.99, 0.0, 0.81, 0.01, 0.0, 0.87, 0.0, 0.0, 0.06, 0.93, 0.32, 0.81, 0.17, 0.93, 0.78, 0.07, 0.53, 0.52, 0.12, 0.38, 0.75, 0.02, 0.93, 0.0, 1.0, 0.0, 0.9, 0.35, 0.0, 0.91, 0.78, 0.37, 0.5, 0.06, 0.56, 0.01, 0.05, 0.74, 0.96, 0.89, 0.12, 0.07, 0.55, 0.33, 0.79, 0.43, 0.0, 0.06, 0.91, 0.42, 0.0, 0.36, 0.0, 0.98, 0.03, 0.94, 0.91, 0.92, 0.79, 0.91, 0.02, 0.49, 0.0, 0.95, 0.38, 0.68, 0.93, 0.16, 0.24, 0.76, 0.02, 0.06, 0.77, 0.13, 0.01]"
Random Forest,30,6,"[0, 0, 1, 0, 0, 0, 1, 0, 0, 0, 0, 1, 0, 0, 1, 1, 0, 0, 0, 1, 0, 0, 0, 1, 0, 1, 0, 0, 0, 1, 1, 0, 1, 1, 0, 0, 0, 1, 0, 0, 0, 1, 1, 1, 0, 1, 0, 0, 0, 1, 0, 0, 0, 0, 0, 1, 1, 1, 0, 0, 0, 0, 0, 1, 1, 0, 1, 0, 1, 0, 1, 0, 0, 1, 1, 1, 0, 1, 0, 0, 1, 1, 1, 0, 1, 0, 0, 1, 1, 1, 1, 0, 0, 1, 0, 0, 0, 1, 0, 0, 0, 0, 0, 0, 1, 1, 1, 1, 1, 0, 0, 1, 0, 1, 0, 0, 1, 0, 0, 0, 1, 0, 0, 0, 0, 0, 0, 0, 1, 0, 0, 0, 0, 1, 0, 0, 0, 1, 1, 0, 0, 0, 0]","[0, 0, 0, 0, 0, 0, 1, 1, 0, 0, 0, 1, 0, 0, 1, 0, 0, 0, 0, 0, 0, 0, 0, 0, 0, 1, 0, 0, 0, 1, 1, 0, 1, 1, 0, 0, 0, 1, 0, 0, 0, 1, 0, 1, 0, 1, 0, 0, 0, 1, 0, 0, 0, 0, 1, 1, 1, 0, 0, 0, 0, 0, 0, 1, 1, 0, 1, 0, 0, 0, 0, 0, 0, 1, 1, 1, 0, 1, 0, 1, 0, 1, 1, 0, 1, 0, 0, 1, 1, 1, 1, 0, 0, 1, 0, 0, 0, 1, 0, 1, 0, 0, 0, 0, 1, 0, 0, 1, 0, 0, 0, 1, 0, 1, 0, 0, 1, 0, 0, 0, 1, 0, 0, 0, 1, 1, 0, 1, 1, 0, 0, 0, 0, 1, 0, 0, 0, 1, 1, 0, 0, 1, 0]","[0.38, 0.1, 0.44, 0.09, 0.06, 0.01, 0.68, 0.98, 0.07, 0.05, 0.0, 0.86, 0.07, 0.07, 0.98, 0.41, 0.03, 0.36, 0.01, 0.31, 0.13, 0.01, 0.12, 0.45, 0.0, 0.56, 0.0, 0.28, 0.0, 0.55, 0.88, 0.01, 0.96, 0.78, 0.41, 0.08, 0.0, 0.98, 0.01, 0.17, 0.2, 0.93, 0.23, 0.85, 0.31, 0.94, 0.48, 0.03, 0.0, 0.9, 0.0, 0.0, 0.0, 0.0, 0.87, 0.64, 0.96, 0.06, 0.05, 0.22, 0.03, 0.17, 0.13, 0.94, 0.9, 0.0, 0.91, 0.07, 0.15, 0.1, 0.39, 0.02, 0.0, 0.52, 0.95, 0.92, 0.02, 0.85, 0.03, 0.85, 0.14, 0.98, 0.92, 0.03, 0.96, 0.26, 0.0, 0.91, 0.76, 0.9, 0.89, 0.32, 0.02, 0.91, 0.02, 0.03, 0.04, 0.83, 0.03, 0.66, 0.0, 0.08, 0.01, 0.19, 0.98, 0.36, 0.37, 0.86, 0.12, 0.0, 0.0, 0.9, 0.02, 0.85, 0.03, 0.2, 0.55, 0.06, 0.04, 0.04, 0.92, 0.01, 0.23, 0.03, 0.65, 0.88, 0.06, 0.78, 0.98, 0.08, 0.0, 0.03, 0.01, 0.95, 0.0, 0.17, 0.19, 0.83, 0.88, 0.0, 0.0, 0.88, 0.0]"
Random Forest,31,7,"[0, 1, 0, 1, 1, 1, 0, 1, 0, 0, 0, 0, 0, 0, 1, 0, 1, 1, 1, 0, 1, 0, 0, 1, 1, 0, 0, 1, 0, 1, 0, 0, 0, 0, 1, 0, 1, 0, 1, 0, 0, 0, 1, 0, 0, 1, 1, 0, 0, 1, 0, 0, 1, 0, 1, 1, 0, 0, 0, 1, 0, 0, 0, 0, 0, 0, 0, 0, 1, 1, 1, 1, 0, 1, 0, 0, 1, 0, 1, 0, 1, 1, 0, 0, 1, 1, 0, 1, 1, 0, 1, 0, 0, 0, 0, 0, 1, 0, 0, 1, 1, 1, 0, 1, 0, 0, 1, 0, 0, 0, 0, 0, 1, 0, 0, 0, 1, 0, 0, 0, 1, 1, 1, 1, 0, 1, 0, 1, 1, 1, 0, 0, 0, 1, 1, 1, 0, 1, 1, 0, 0, 0, 0, 1]","[0, 1, 0, 1, 1, 1, 0, 0, 1, 0, 1, 0, 0, 0, 1, 1, 1, 1, 1, 0, 0, 0, 0, 1, 1, 0, 0, 1, 0, 1, 0, 0, 1, 0, 1, 0, 1, 0, 1, 0, 0, 0, 1, 1, 0, 1, 1, 0, 0, 1, 0, 0, 1, 0, 1, 1, 0, 0, 0, 1, 0, 0, 0, 0, 0, 0, 0, 0, 1, 1, 0, 1, 0, 1, 0, 0, 1, 1, 1, 1, 1, 1, 0, 1, 1, 1, 0, 1, 1, 0, 1, 0, 0, 0, 0, 0, 1, 0, 0, 1, 1, 1, 0, 1, 0, 0, 1, 0, 0, 0, 0, 0, 1, 0, 0, 0, 1, 0, 0, 0, 1, 1, 1, 0, 0, 1, 1, 1, 1, 1, 0, 0, 0, 1, 1, 0, 0, 1, 1, 0, 0, 0, 0, 1]","[0.45, 0.96, 0.11, 0.95, 0.79, 0.88, 0.5, 0.47, 0.85, 0.0, 0.91, 0.35, 0.04, 0.03, 0.53, 0.93, 0.95, 0.98, 0.59, 0.02, 0.35, 0.21, 0.0, 0.87, 0.99, 0.04, 0.05, 0.96, 0.12, 0.9, 0.03, 0.16, 0.59, 0.0, 0.96, 0.08, 0.77, 0.13, 0.95, 0.41, 0.0, 0.03, 0.79, 0.71, 0.17, 0.99, 0.81, 0.28, 0.01, 0.92, 0.42, 0.0, 0.93, 0.39, 0.71, 0.93, 0.07, 0.06, 0.0, 0.86, 0.0, 0.02, 0.0, 0.42, 0.0, 0.0, 0.13, 0.03, 0.86, 0.73, 0.14, 0.72, 0.06, 1.0, 0.12, 0.17, 0.94, 0.56, 0.92, 0.79, 1.0, 0.9, 0.46, 0.8, 0.92, 0.96, 0.01, 0.97, 0.88, 0.01, 0.67, 0.06, 0.11, 0.02, 0.04, 0.04, 0.98, 0.22, 0.1, 0.98, 0.8, 0.97, 0.0, 0.85, 0.04, 0.27, 0.92, 0.45, 0.38, 0.01, 0.0, 0.31, 0.96, 0.01, 0.26, 0.09, 0.97, 0.0, 0.39, 0.0, 0.83, 0.95, 0.86, 0.4, 0.01, 0.64, 0.89, 0.71, 0.77, 0.98, 0.19, 0.0, 0.11, 0.92, 0.57, 0.17, 0.07, 0.97, 0.68, 0.04, 0.22, 0.05, 0.07, 0.81]"
Random Forest,32,7,"[1, 1, 0, 0, 0, 1, 0, 0, 0, 1, 0, 0, 0, 1, 1, 1, 0, 0, 1, 0, 0, 1, 1, 0, 1, 0, 0, 0, 0, 1, 0, 0, 0, 1, 0, 1, 0, 0, 0, 1, 1, 1, 0, 1, 1, 0, 0, 0, 0, 1, 1, 1, 0, 0, 1, 1, 0, 1, 0, 0, 1, 1, 0, 1, 0, 0, 0, 1, 1, 0, 1, 0, 0, 1, 1, 1, 0, 0, 1, 0, 0, 1, 0, 0, 1, 1, 0, 0, 1, 1, 0, 1, 1, 1, 0, 1, 0, 0, 1, 1, 1, 1, 1, 1, 0, 1, 0, 1, 1, 0, 0, 1, 1, 1, 0, 1, 0, 0, 0, 1, 1, 0, 1, 0, 0, 0, 1, 1, 0, 1, 0, 1, 1, 0, 0, 1, 0, 0, 0, 0, 1, 0, 1]","[0, 0, 0, 0, 0, 1, 0, 0, 0, 0, 0, 0, 0, 1, 0, 1, 0, 0, 0, 0, 0, 1, 1, 0, 1, 1, 0, 0, 0, 1, 0, 0, 0, 1, 0, 1, 0, 0, 0, 0, 1, 1, 0, 1, 1, 0, 1, 0, 0, 1, 0, 0, 0, 0, 1, 1, 0, 1, 0, 0, 1, 1, 0, 1, 0, 0, 0, 0, 1, 0, 1, 0, 0, 1, 1, 1, 0, 0, 1, 0, 0, 1, 0, 0, 1, 1, 0, 0, 1, 1, 0, 1, 1, 1, 0, 1, 0, 0, 1, 1, 1, 1, 1, 1, 0, 1, 0, 1, 0, 0, 0, 1, 1, 1, 0, 1, 1, 0, 1, 1, 1, 0, 1, 0, 0, 1, 1, 1, 1, 1, 0, 1, 1, 0, 0, 1, 0, 0, 0, 0, 1, 0, 1]","[0.39, 0.18, 0.0, 0.01, 0.0, 0.91, 0.0, 0.0, 0.0, 0.37, 0.0, 0.11, 0.07, 0.98, 0.49, 0.6, 0.45, 0.02, 0.47, 0.0, 0.0, 0.89, 0.95, 0.29, 0.54, 0.6, 0.03, 0.02, 0.25, 0.81, 0.0, 0.0, 0.0, 0.75, 0.05, 0.88, 0.0, 0.25, 0.08, 0.44, 0.96, 0.92, 0.2, 0.89, 0.98, 0.02, 0.51, 0.18, 0.0, 0.97, 0.17, 0.37, 0.0, 0.01, 0.99, 0.63, 0.03, 0.81, 0.04, 0.02, 0.7, 0.9, 0.07, 0.85, 0.01, 0.03, 0.1, 0.32, 0.96, 0.05, 0.87, 0.0, 0.12, 0.94, 0.98, 0.61, 0.0, 0.05, 0.92, 0.11, 0.01, 0.99, 0.0, 0.01, 0.67, 0.77, 0.01, 0.46, 0.91, 0.95, 0.09, 0.6, 0.83, 0.81, 0.0, 0.83, 0.02, 0.45, 0.88, 0.56, 0.87, 1.0, 0.79, 0.78, 0.35, 0.6, 0.44, 0.69, 0.36, 0.04, 0.05, 0.99, 0.89, 0.86, 0.0, 0.65, 0.59, 0.3, 0.6, 0.79, 0.91, 0.08, 0.93, 0.13, 0.03, 0.57, 0.96, 0.97, 0.79, 0.94, 0.0, 0.94, 0.93, 0.29, 0.24, 0.8, 0.0, 0.03, 0.29, 0.22, 0.82, 0.0, 0.79]"
Random Forest,33,7,"[0, 1, 0, 0, 0, 1, 0, 0, 1, 0, 1, 0, 0, 0, 1, 0, 1, 0, 1, 1, 0, 1, 0, 1, 0, 0, 0, 1, 0, 1, 1, 0, 0, 0, 1, 0, 0, 1, 1, 0, 0, 1, 0, 0, 1, 0, 1, 1, 0, 1, 0, 1, 0, 0, 0, 1, 1, 1, 1, 1, 0, 0, 1, 0, 1, 0, 1, 1, 0, 0, 1, 0, 0, 0, 0, 0, 1, 0, 1, 0, 0, 1, 0, 0, 0, 1, 1, 0, 0, 1, 1, 0, 1, 0, 0, 0, 0, 1, 0, 1, 1, 0, 0, 1, 0, 0, 1, 1, 1, 1, 0, 1, 0, 1, 0, 0, 0, 0, 0, 1, 0, 0, 0, 1, 0, 1, 1, 1, 1, 0, 1, 1, 1, 0, 1, 1, 0, 1, 0, 1, 0, 0, 1]","[0, 1, 1, 1, 1, 0, 0, 1, 1, 1, 1, 0, 0, 0, 1, 0, 1, 0, 1, 1, 1, 1, 0, 1, 0, 0, 0, 1, 0, 1, 1, 0, 0, 0, 1, 0, 0, 1, 1, 0, 0, 0, 0, 0, 1, 0, 1, 1, 0, 1, 0, 1, 0, 0, 0, 1, 1, 1, 1, 0, 0, 0, 1, 0, 1, 0, 1, 1, 0, 0, 1, 0, 0, 0, 0, 1, 1, 0, 1, 1, 0, 0, 0, 0, 0, 1, 1, 0, 0, 1, 1, 0, 1, 0, 0, 0, 0, 1, 0, 1, 1, 1, 0, 1, 0, 1, 1, 0, 1, 1, 0, 1, 0, 1, 1, 0, 1, 0, 0, 1, 0, 0, 0, 1, 0, 1, 1, 1, 1, 0, 1, 1, 1, 0, 1, 1, 0, 1, 1, 1, 0, 1, 1]","[0.01, 0.84, 0.79, 0.74, 0.6, 0.09, 0.14, 0.54, 0.74, 0.74, 0.6, 0.27, 0.06, 0.01, 0.8, 0.0, 0.74, 0.07, 0.73, 0.92, 0.74, 0.81, 0.04, 0.87, 0.0, 0.1, 0.0, 0.98, 0.03, 0.91, 0.95, 0.05, 0.0, 0.04, 0.99, 0.05, 0.13, 0.93, 0.99, 0.0, 0.0, 0.16, 0.07, 0.35, 0.78, 0.22, 0.97, 0.95, 0.0, 0.67, 0.0, 0.91, 0.03, 0.0, 0.11, 0.77, 0.97, 0.77, 0.8, 0.04, 0.46, 0.03, 0.86, 0.0, 0.83, 0.04, 0.79, 0.64, 0.03, 0.18, 0.88, 0.32, 0.06, 0.1, 0.45, 0.52, 0.94, 0.03, 0.65, 0.87, 0.16, 0.21, 0.0, 0.11, 0.0, 0.85, 0.79, 0.01, 0.06, 0.89, 0.86, 0.29, 0.92, 0.08, 0.01, 0.03, 0.43, 0.81, 0.0, 0.85, 0.81, 0.67, 0.0, 0.89, 0.0, 0.98, 0.82, 0.12, 0.75, 0.83, 0.02, 0.53, 0.06, 0.54, 0.52, 0.48, 0.73, 0.29, 0.1, 0.93, 0.04, 0.37, 0.04, 0.93, 0.41, 0.92, 0.96, 0.72, 0.91, 0.02, 0.7, 0.83, 0.53, 0.02, 0.59, 0.98, 0.01, 0.8, 0.82, 0.92, 0.0, 0.9, 0.57]"
Random Forest,34,7,"[0, 0, 1, 1, 0, 0, 0, 0, 0, 1, 0, 0, 0, 1, 0, 1, 0, 0, 1, 0, 1, 1, 1, 1, 1, 1, 0, 0, 1, 0, 1, 0, 1, 0, 0, 0, 0, 0, 0, 1, 0, 0, 1, 1, 0, 1, 1, 0, 0, 0, 1, 0, 1, 1, 0, 1, 1, 0, 0, 0, 0, 0, 1, 0, 1, 1, 0, 0, 0, 1, 0, 0, 1, 1, 0, 1, 0, 0, 0, 1, 1, 1, 0, 1, 0, 0, 0, 0, 0, 1, 0, 0, 1, 1, 1, 0, 0, 0, 0, 0, 0, 1, 0, 0, 0, 1, 0, 1, 0, 1, 1, 0, 0, 1, 0, 0, 0, 1, 1, 1, 0, 1, 0, 0, 0, 0, 0, 1, 0, 1, 0, 0, 1, 0, 0, 0, 0, 1, 0, 0, 0, 1, 0]","[0, 0, 1, 1, 1, 0, 0, 0, 0, 1, 1, 0, 0, 1, 1, 1, 0, 0, 1, 0, 0, 1, 1, 1, 0, 1, 0, 0, 1, 0, 1, 0, 1, 0, 0, 0, 0, 0, 0, 1, 0, 0, 0, 0, 0, 1, 1, 0, 0, 0, 0, 0, 1, 0, 0, 0, 1, 0, 0, 0, 1, 0, 1, 0, 1, 0, 0, 0, 0, 1, 0, 0, 1, 0, 0, 0, 0, 0, 0, 1, 1, 1, 1, 1, 0, 1, 0, 1, 0, 1, 0, 0, 1, 0, 1, 0, 0, 0, 0, 0, 1, 0, 0, 0, 0, 1, 0, 1, 0, 1, 1, 0, 1, 1, 0, 0, 0, 1, 1, 1, 0, 0, 0, 1, 0, 0, 0, 1, 0, 1, 1, 0, 1, 1, 0, 0, 0, 1, 0, 0, 0, 1, 0]","[0.0, 0.11, 0.59, 0.97, 0.85, 0.17, 0.08, 0.06, 0.01, 0.89, 0.74, 0.11, 0.0, 0.94, 0.63, 0.88, 0.0, 0.5, 0.93, 0.0, 0.38, 0.91, 0.83, 0.95, 0.21, 0.54, 0.0, 0.0, 0.56, 0.35, 0.71, 0.17, 0.84, 0.0, 0.02, 0.08, 0.0, 0.0, 0.27, 0.77, 0.42, 0.0, 0.0, 0.19, 0.39, 0.56, 0.89, 0.0, 0.0, 0.0, 0.48, 0.0, 0.88, 0.34, 0.0, 0.4, 0.89, 0.0, 0.0, 0.0, 0.75, 0.0, 0.97, 0.0, 0.88, 0.07, 0.01, 0.08, 0.02, 0.97, 0.0, 0.0, 0.95, 0.19, 0.0, 0.39, 0.02, 0.08, 0.04, 0.96, 0.65, 0.99, 0.64, 0.91, 0.0, 0.65, 0.05, 0.94, 0.2, 0.79, 0.4, 0.04, 0.85, 0.47, 0.99, 0.0, 0.0, 0.18, 0.0, 0.02, 0.57, 0.0, 0.08, 0.0, 0.17, 0.93, 0.0, 0.87, 0.05, 0.9, 0.69, 0.0, 0.96, 0.96, 0.0, 0.0, 0.0, 0.87, 0.94, 0.93, 0.0, 0.21, 0.12, 0.65, 0.0, 0.0, 0.0, 0.97, 0.0, 0.92, 0.73, 0.0, 0.96, 0.75, 0.01, 0.22, 0.0, 0.82, 0.0, 0.03, 0.05, 0.86, 0.44]"
Random Forest,35,7,"[0, 1, 1, 0, 1, 0, 1, 0, 0, 1, 0, 0, 0, 1, 1, 0, 0, 1, 0, 1, 0, 0, 0, 0, 1, 0, 1, 0, 1, 0, 0, 0, 1, 0, 1, 0, 0, 0, 1, 0, 1, 0, 0, 0, 1, 0, 0, 1, 0, 0, 0, 1, 1, 0, 0, 0, 0, 1, 1, 0, 0, 0, 0, 0, 1, 1, 1, 1, 1, 1, 0, 1, 1, 0, 1, 0, 0, 1, 1, 0, 1, 0, 0, 1, 1, 1, 0, 1, 1, 0, 0, 1, 0, 1, 0, 0, 0, 1, 0, 1, 0, 0, 1, 1, 1, 0, 0, 0, 1, 1, 1, 0, 0, 1, 1, 0, 0, 1, 0, 0, 0, 0, 0, 0, 1, 1, 0, 0, 0, 0, 0, 1, 0, 1, 0, 0, 1, 1, 0, 0, 0, 0, 1]","[0, 1, 0, 0, 0, 0, 1, 0, 1, 1, 0, 0, 0, 1, 0, 0, 1, 1, 0, 0, 0, 0, 0, 0, 0, 0, 1, 0, 1, 0, 0, 0, 1, 0, 1, 0, 0, 0, 0, 0, 0, 0, 0, 0, 1, 0, 0, 1, 1, 0, 1, 1, 1, 0, 0, 0, 1, 1, 1, 1, 0, 0, 0, 0, 1, 1, 1, 0, 1, 1, 0, 1, 0, 1, 1, 0, 0, 0, 1, 0, 1, 0, 0, 1, 1, 1, 0, 0, 1, 0, 0, 1, 0, 1, 0, 0, 0, 1, 0, 1, 0, 0, 1, 0, 1, 0, 1, 1, 1, 1, 1, 0, 0, 1, 1, 0, 0, 1, 0, 0, 0, 1, 0, 0, 0, 1, 0, 0, 0, 0, 0, 1, 0, 0, 0, 1, 1, 1, 0, 0, 0, 0, 1]","[0.09, 0.96, 0.03, 0.0, 0.49, 0.12, 0.78, 0.0, 0.95, 0.98, 0.01, 0.09, 0.05, 0.88, 0.47, 0.01, 0.67, 0.92, 0.18, 0.34, 0.02, 0.09, 0.0, 0.0, 0.45, 0.0, 0.92, 0.01, 0.94, 0.05, 0.21, 0.0, 0.85, 0.02, 0.99, 0.26, 0.0, 0.43, 0.26, 0.0, 0.43, 0.32, 0.24, 0.02, 0.75, 0.0, 0.0, 0.82, 0.97, 0.0, 0.82, 0.71, 0.85, 0.01, 0.14, 0.0, 0.78, 0.96, 0.78, 0.67, 0.0, 0.0, 0.35, 0.0, 0.9, 0.92, 0.91, 0.29, 0.66, 0.96, 0.02, 0.74, 0.12, 0.67, 0.97, 0.0, 0.01, 0.43, 0.99, 0.0, 0.93, 0.44, 0.05, 0.91, 0.9, 0.51, 0.21, 0.41, 0.59, 0.17, 0.13, 0.58, 0.0, 0.99, 0.06, 0.01, 0.03, 0.74, 0.0, 0.82, 0.03, 0.09, 0.89, 0.32, 0.72, 0.19, 0.72, 0.62, 0.96, 0.87, 0.99, 0.04, 0.0, 0.87, 0.63, 0.0, 0.09, 0.95, 0.0, 0.0, 0.32, 0.89, 0.45, 0.02, 0.26, 0.99, 0.0, 0.04, 0.0, 0.0, 0.14, 0.97, 0.0, 0.24, 0.02, 0.83, 0.98, 0.94, 0.0, 0.0, 0.0, 0.0, 0.82]"
Random Forest,36,8,"[1, 0, 0, 0, 0, 0, 1, 1, 1, 0, 0, 0, 0, 1, 1, 1, 1, 1, 0, 0, 1, 0, 0, 1, 1, 1, 0, 0, 0, 0, 1, 1, 0, 0, 1, 0, 0, 0, 0, 0, 0, 0, 0, 0, 0, 1, 0, 0, 0, 0, 0, 0, 0, 0, 1, 0, 1, 0, 0, 1, 1, 1, 1, 1, 1, 1, 1, 0, 1, 1, 0, 0, 0, 0, 1, 0, 1, 1, 1, 0, 1, 1, 1, 1, 0, 0, 0, 0, 0, 1, 1, 1, 0, 0, 1, 1, 0, 1, 0, 1, 0, 1, 1, 1, 1, 0, 1, 1, 1, 1, 0, 0, 0, 0, 1, 1, 0, 0, 0, 0, 1, 1, 0, 0, 0, 0, 1, 1, 0, 0, 1, 0, 1, 1, 1, 0, 0, 0, 0, 1, 0, 1, 0, 0]","[1, 1, 1, 1, 0, 0, 0, 1, 1, 1, 0, 0, 1, 1, 1, 1, 0, 1, 0, 0, 1, 0, 0, 1, 1, 1, 1, 0, 0, 0, 1, 1, 0, 0, 1, 1, 0, 0, 0, 0, 0, 0, 0, 0, 1, 1, 0, 0, 0, 0, 0, 0, 0, 0, 1, 0, 1, 0, 1, 1, 1, 1, 1, 1, 1, 1, 1, 0, 1, 1, 0, 0, 1, 1, 1, 0, 1, 1, 1, 0, 1, 1, 1, 1, 0, 1, 0, 0, 0, 1, 1, 1, 0, 0, 1, 1, 0, 1, 0, 1, 0, 1, 0, 1, 1, 0, 1, 1, 1, 1, 0, 0, 0, 0, 1, 1, 0, 0, 0, 0, 1, 1, 0, 0, 0, 0, 0, 1, 0, 0, 0, 0, 1, 1, 1, 1, 0, 0, 0, 1, 1, 1, 0, 1]","[0.96, 0.76, 0.53, 0.51, 0.0, 0.03, 0.07, 0.84, 0.83, 0.82, 0.01, 0.0, 0.69, 0.94, 0.96, 0.99, 0.44, 0.81, 0.0, 0.22, 0.59, 0.01, 0.07, 0.83, 0.99, 0.75, 0.69, 0.01, 0.03, 0.03, 0.96, 0.95, 0.01, 0.36, 0.65, 0.68, 0.0, 0.0, 0.05, 0.27, 0.0, 0.29, 0.12, 0.0, 0.6, 0.94, 0.21, 0.1, 0.02, 0.0, 0.01, 0.01, 0.0, 0.42, 0.85, 0.16, 0.84, 0.04, 0.81, 0.97, 0.82, 0.83, 0.82, 0.86, 0.52, 0.84, 0.78, 0.13, 0.93, 0.88, 0.0, 0.0, 0.75, 0.57, 0.96, 0.45, 0.74, 0.88, 0.78, 0.01, 0.77, 0.91, 0.9, 0.6, 0.0, 0.58, 0.11, 0.01, 0.09, 0.96, 0.54, 0.83, 0.02, 0.14, 0.81, 0.87, 0.0, 0.82, 0.45, 0.74, 0.46, 0.94, 0.4, 0.79, 0.9, 0.11, 0.87, 0.9, 0.75, 0.83, 0.45, 0.01, 0.01, 0.0, 0.87, 0.95, 0.25, 0.0, 0.01, 0.03, 0.7, 0.95, 0.29, 0.0, 0.07, 0.05, 0.26, 0.99, 0.08, 0.02, 0.21, 0.03, 0.94, 0.92, 0.9, 0.65, 0.08, 0.0, 0.19, 0.91, 0.67, 0.85, 0.0, 0.67]"
Random Forest,37,8,"[0, 0, 1, 0, 0, 0, 0, 1, 1, 0, 0, 1, 0, 0, 0, 1, 1, 1, 1, 1, 0, 0, 0, 0, 0, 1, 0, 1, 1, 0, 0, 0, 0, 1, 0, 0, 1, 0, 0, 0, 0, 0, 0, 1, 1, 1, 0, 1, 1, 0, 1, 0, 0, 0, 1, 1, 1, 1, 1, 1, 0, 1, 1, 1, 1, 0, 0, 0, 0, 0, 1, 0, 1, 1, 0, 0, 0, 0, 0, 0, 1, 0, 0, 1, 0, 1, 0, 1, 1, 1, 0, 0, 1, 1, 1, 0, 0, 1, 1, 0, 0, 1, 0, 0, 0, 0, 1, 1, 0, 1, 1, 0, 0, 0, 0, 0, 0, 0, 0, 0, 1, 1, 1, 1, 0, 0, 1, 1, 0, 0, 1, 0, 0, 1, 0, 1, 1, 1, 1, 0, 0, 0, 0]","[0, 0, 1, 0, 0, 0, 0, 1, 0, 1, 0, 1, 0, 0, 0, 0, 1, 1, 1, 0, 0, 0, 0, 0, 0, 1, 0, 0, 1, 0, 0, 0, 0, 1, 0, 0, 1, 0, 0, 1, 0, 0, 0, 0, 0, 1, 0, 1, 1, 0, 1, 0, 0, 0, 1, 1, 1, 1, 1, 0, 0, 1, 1, 1, 1, 0, 0, 0, 0, 0, 1, 0, 0, 0, 0, 0, 0, 0, 0, 0, 1, 0, 0, 1, 0, 0, 0, 1, 1, 1, 1, 1, 0, 1, 1, 0, 0, 1, 1, 0, 0, 1, 0, 0, 0, 1, 1, 1, 0, 1, 1, 0, 1, 1, 0, 0, 0, 0, 1, 0, 1, 1, 1, 1, 0, 0, 0, 1, 0, 0, 1, 1, 1, 1, 0, 1, 1, 1, 0, 0, 0, 0, 1]","[0.05, 0.07, 0.92, 0.04, 0.49, 0.47, 0.01, 0.94, 0.45, 0.91, 0.04, 0.67, 0.0, 0.0, 0.01, 0.27, 0.55, 0.94, 0.9, 0.29, 0.01, 0.02, 0.01, 0.08, 0.09, 0.85, 0.17, 0.39, 0.92, 0.4, 0.0, 0.07, 0.14, 0.76, 0.0, 0.0, 0.97, 0.12, 0.0, 0.66, 0.33, 0.02, 0.43, 0.42, 0.14, 0.96, 0.16, 0.88, 0.7, 0.19, 0.97, 0.0, 0.0, 0.0, 0.88, 0.91, 0.81, 0.98, 0.97, 0.45, 0.01, 0.82, 0.94, 0.94, 0.78, 0.0, 0.0, 0.0, 0.01, 0.07, 0.88, 0.01, 0.22, 0.2, 0.02, 0.0, 0.0, 0.0, 0.47, 0.13, 0.9, 0.26, 0.1, 0.91, 0.0, 0.16, 0.47, 0.99, 0.71, 0.97, 0.8, 0.75, 0.46, 0.76, 0.79, 0.02, 0.0, 0.87, 0.61, 0.03, 0.01, 1.0, 0.0, 0.11, 0.02, 0.96, 0.97, 0.8, 0.02, 0.89, 0.8, 0.49, 0.66, 0.71, 0.14, 0.17, 0.19, 0.0, 0.62, 0.05, 0.97, 0.89, 0.96, 0.99, 0.0, 0.01, 0.5, 0.96, 0.0, 0.08, 0.95, 0.56, 0.79, 0.96, 0.0, 0.72, 0.9, 0.87, 0.43, 0.05, 0.03, 0.0, 0.92]"
Random Forest,38,8,"[0, 0, 1, 1, 0, 1, 0, 0, 1, 0, 0, 1, 0, 1, 0, 0, 0, 0, 1, 0, 1, 1, 1, 1, 0, 1, 1, 0, 1, 0, 0, 0, 0, 1, 0, 0, 0, 1, 1, 0, 0, 1, 1, 0, 1, 0, 0, 1, 0, 1, 0, 0, 0, 1, 1, 0, 0, 0, 1, 1, 0, 1, 0, 1, 0, 1, 0, 0, 1, 1, 1, 0, 0, 0, 0, 0, 1, 0, 0, 0, 1, 0, 0, 0, 0, 0, 1, 0, 1, 0, 1, 0, 0, 1, 1, 1, 1, 0, 1, 0, 1, 1, 0, 0, 0, 1, 1, 0, 0, 1, 0, 0, 0, 1, 0, 1, 0, 0, 1, 0, 1, 1, 0, 0, 1, 1, 0, 1, 0, 1, 0, 1, 1, 1, 0, 1, 1, 0, 0, 1, 0, 0, 1]","[0, 0, 1, 1, 0, 1, 1, 0, 1, 0, 0, 1, 1, 1, 0, 0, 0, 0, 0, 0, 1, 1, 1, 0, 0, 1, 1, 0, 1, 0, 0, 0, 0, 1, 0, 0, 0, 0, 0, 0, 0, 1, 1, 0, 1, 0, 0, 1, 0, 0, 1, 0, 0, 1, 0, 0, 0, 0, 1, 1, 0, 0, 1, 0, 0, 1, 0, 0, 1, 1, 0, 0, 0, 0, 0, 0, 1, 0, 0, 0, 1, 1, 0, 0, 0, 0, 1, 0, 1, 0, 1, 0, 0, 1, 1, 1, 0, 0, 1, 0, 1, 1, 0, 0, 0, 1, 0, 0, 0, 1, 0, 0, 0, 1, 0, 1, 1, 0, 1, 0, 0, 1, 1, 1, 1, 1, 0, 1, 1, 1, 0, 1, 1, 0, 0, 1, 1, 1, 0, 1, 0, 0, 1]","[0.03, 0.03, 0.75, 0.51, 0.0, 0.95, 0.77, 0.22, 0.8, 0.1, 0.03, 0.91, 1.0, 1.0, 0.0, 0.0, 0.1, 0.06, 0.5, 0.03, 0.77, 0.98, 0.91, 0.28, 0.01, 0.99, 1.0, 0.01, 0.56, 0.0, 0.0, 0.2, 0.12, 0.93, 0.01, 0.06, 0.23, 0.25, 0.26, 0.0, 0.04, 0.99, 0.92, 0.0, 0.98, 0.0, 0.46, 0.66, 0.0, 0.39, 0.97, 0.0, 0.23, 0.88, 0.24, 0.0, 0.11, 0.0, 0.8, 0.56, 0.01, 0.05, 0.53, 0.08, 0.04, 0.93, 0.03, 0.0, 0.92, 0.78, 0.14, 0.01, 0.0, 0.09, 0.03, 0.08, 1.0, 0.1, 0.3, 0.09, 0.94, 1.0, 0.06, 0.41, 0.01, 0.25, 0.93, 0.04, 0.96, 0.25, 0.96, 0.03, 0.24, 0.73, 0.9, 0.83, 0.42, 0.02, 0.87, 0.03, 0.83, 0.81, 0.17, 0.0, 0.0, 0.67, 0.5, 0.38, 0.0, 0.89, 0.26, 0.0, 0.12, 0.98, 0.05, 0.96, 0.99, 0.04, 0.97, 0.02, 0.36, 0.97, 0.51, 0.62, 0.9, 1.0, 0.0, 0.69, 0.71, 1.0, 0.0, 0.99, 0.98, 0.17, 0.14, 0.59, 1.0, 0.77, 0.36, 0.79, 0.0, 0.02, 0.82]"
Random Forest,39,8,"[1, 1, 0, 1, 0, 1, 0, 0, 0, 1, 0, 1, 0, 0, 1, 0, 0, 0, 1, 0, 0, 0, 1, 1, 1, 0, 1, 0, 0, 0, 0, 0, 0, 1, 1, 0, 1, 0, 1, 1, 0, 1, 1, 0, 0, 0, 1, 1, 1, 0, 0, 0, 1, 0, 1, 0, 0, 0, 0, 0, 0, 1, 0, 0, 0, 1, 0, 1, 0, 0, 1, 1, 1, 0, 0, 0, 0, 1, 1, 1, 0, 0, 0, 0, 1, 1, 1, 1, 0, 0, 0, 1, 0, 1, 0, 0, 0, 0, 0, 1, 0, 0, 0, 0, 1, 1, 1, 1, 1, 0, 0, 0, 0, 1, 1, 1, 0, 1, 1, 0, 0, 0, 1, 0, 1, 0, 0, 1, 0, 0, 1, 1, 0, 0, 0, 1, 0, 0, 0, 1, 1, 0, 0]","[0, 1, 1, 0, 1, 1, 0, 0, 0, 1, 1, 1, 0, 1, 1, 0, 0, 0, 1, 0, 0, 0, 1, 1, 1, 0, 1, 0, 0, 0, 0, 0, 0, 1, 1, 0, 1, 0, 1, 1, 0, 1, 0, 0, 1, 0, 1, 1, 1, 0, 0, 0, 0, 0, 0, 0, 0, 1, 0, 0, 0, 1, 0, 0, 0, 0, 0, 1, 0, 0, 1, 1, 0, 0, 0, 0, 0, 0, 1, 1, 0, 0, 0, 0, 1, 1, 1, 1, 0, 0, 0, 1, 0, 1, 0, 0, 0, 1, 1, 1, 0, 0, 0, 0, 1, 0, 1, 1, 0, 0, 0, 0, 1, 1, 1, 1, 0, 1, 1, 0, 1, 0, 1, 1, 1, 0, 0, 1, 1, 0, 1, 1, 0, 0, 0, 1, 0, 0, 0, 1, 1, 0, 0]","[0.45, 0.93, 0.79, 0.02, 0.85, 0.52, 0.02, 0.0, 0.02, 0.87, 0.89, 0.96, 0.0, 0.63, 0.84, 0.04, 0.0, 0.48, 0.92, 0.47, 0.27, 0.0, 0.85, 0.54, 0.93, 0.0, 0.81, 0.0, 0.15, 0.41, 0.0, 0.04, 0.0, 0.94, 0.96, 0.0, 0.91, 0.04, 0.91, 0.94, 0.0, 0.9, 0.0, 0.43, 0.64, 0.44, 0.95, 0.88, 0.88, 0.0, 0.0, 0.11, 0.4, 0.0, 0.41, 0.0, 0.0, 0.84, 0.01, 0.01, 0.0, 0.83, 0.0, 0.09, 0.0, 0.36, 0.0, 0.58, 0.08, 0.36, 0.84, 0.69, 0.45, 0.06, 0.2, 0.01, 0.0, 0.26, 0.97, 0.96, 0.04, 0.0, 0.0, 0.46, 0.8, 0.89, 0.98, 0.61, 0.31, 0.1, 0.0, 0.95, 0.0, 0.86, 0.09, 0.01, 0.04, 0.58, 0.66, 0.88, 0.01, 0.07, 0.0, 0.0, 0.92, 0.36, 0.72, 0.84, 0.15, 0.2, 0.0, 0.0, 0.51, 0.9, 0.98, 0.96, 0.06, 0.64, 0.99, 0.49, 0.78, 0.14, 0.96, 0.92, 0.74, 0.0, 0.07, 0.94, 0.51, 0.17, 0.74, 0.93, 0.0, 0.16, 0.0, 0.57, 0.18, 0.0, 0.0, 0.85, 0.73, 0.0, 0.0]"
Random Forest,40,8,"[0, 1, 1, 1, 0, 0, 0, 0, 0, 0, 0, 1, 0, 0, 1, 0, 0, 1, 0, 1, 0, 0, 0, 1, 0, 1, 1, 0, 0, 0, 0, 0, 1, 1, 1, 0, 1, 0, 0, 0, 1, 1, 1, 1, 0, 0, 1, 0, 0, 1, 0, 0, 1, 1, 0, 1, 0, 1, 0, 0, 0, 0, 1, 1, 0, 0, 0, 1, 1, 0, 1, 1, 1, 1, 1, 1, 1, 1, 0, 0, 1, 1, 0, 0, 1, 0, 1, 0, 1, 0, 1, 0, 0, 0, 1, 1, 0, 0, 0, 0, 0, 0, 1, 1, 1, 1, 0, 0, 1, 0, 0, 0, 0, 0, 1, 0, 0, 1, 1, 1, 0, 0, 1, 0, 0, 1, 1, 0, 0, 0, 1, 0, 0, 0, 0, 0, 0, 0, 1, 1, 0, 1, 1]","[0, 1, 0, 1, 0, 0, 0, 0, 0, 0, 1, 1, 0, 0, 1, 0, 0, 1, 0, 0, 0, 1, 0, 0, 0, 1, 1, 0, 0, 0, 0, 0, 1, 1, 1, 1, 1, 0, 0, 0, 1, 0, 1, 0, 0, 0, 1, 0, 0, 1, 0, 1, 1, 1, 0, 1, 0, 1, 0, 0, 0, 0, 1, 1, 0, 0, 1, 1, 1, 0, 1, 1, 1, 1, 1, 1, 1, 1, 1, 0, 1, 1, 0, 0, 1, 1, 1, 0, 1, 0, 1, 0, 0, 0, 1, 1, 0, 0, 0, 0, 0, 0, 1, 0, 1, 1, 0, 0, 1, 0, 0, 0, 0, 0, 1, 0, 0, 1, 1, 1, 0, 0, 1, 0, 1, 1, 1, 0, 0, 0, 1, 0, 0, 0, 1, 0, 0, 0, 1, 1, 0, 1, 1]","[0.16, 0.93, 0.19, 0.65, 0.2, 0.03, 0.05, 0.01, 0.0, 0.17, 0.97, 0.55, 0.0, 0.07, 0.91, 0.1, 0.09, 0.88, 0.11, 0.5, 0.02, 0.61, 0.0, 0.27, 0.04, 0.63, 0.98, 0.01, 0.31, 0.12, 0.0, 0.01, 0.51, 0.87, 0.52, 0.62, 0.75, 0.01, 0.03, 0.31, 0.73, 0.46, 0.87, 0.28, 0.07, 0.43, 0.9, 0.0, 0.01, 0.87, 0.0, 0.84, 0.68, 0.78, 0.0, 0.57, 0.0, 0.95, 0.28, 0.08, 0.01, 0.0, 0.9, 0.99, 0.06, 0.04, 0.66, 0.96, 0.93, 0.02, 0.95, 0.96, 0.78, 0.96, 0.91, 0.82, 0.59, 0.62, 0.54, 0.23, 0.76, 0.61, 0.0, 0.0, 0.96, 0.89, 0.97, 0.0, 0.95, 0.0, 0.51, 0.2, 0.06, 0.28, 0.82, 0.67, 0.0, 0.0, 0.34, 0.05, 0.02, 0.19, 0.74, 0.0, 0.71, 0.99, 0.2, 0.01, 0.87, 0.14, 0.0, 0.38, 0.05, 0.32, 0.63, 0.0, 0.0, 0.71, 0.86, 0.93, 0.0, 0.23, 0.87, 0.12, 0.8, 0.95, 0.96, 0.0, 0.06, 0.31, 0.7, 0.03, 0.0, 0.01, 0.7, 0.0, 0.02, 0.08, 0.86, 0.9, 0.0, 0.85, 0.57]"
Random Forest,41,9,"[1, 1, 1, 0, 0, 1, 1, 0, 0, 1, 1, 0, 1, 1, 0, 1, 1, 0, 0, 1, 0, 1, 0, 1, 1, 0, 1, 0, 1, 1, 0, 1, 0, 0, 1, 0, 0, 0, 0, 1, 1, 0, 0, 1, 1, 0, 0, 0, 0, 1, 1, 1, 0, 1, 0, 0, 0, 0, 0, 1, 0, 0, 0, 0, 1, 1, 1, 0, 1, 1, 0, 1, 0, 1, 1, 0, 0, 1, 0, 1, 1, 0, 0, 1, 1, 1, 0, 1, 0, 1, 1, 0, 0, 1, 1, 1, 1, 0, 0, 0, 1, 0, 0, 1, 1, 1, 1, 1, 1, 1, 0, 0, 1, 0, 0, 1, 1, 1, 1, 0, 1, 0, 0, 1, 0, 0, 1, 1, 1, 0, 1, 0, 1, 1, 1, 0, 1, 1, 0, 0, 0, 0, 1, 1]","[1, 0, 1, 0, 1, 1, 1, 1, 0, 1, 0, 1, 1, 1, 0, 1, 1, 0, 0, 0, 0, 1, 0, 1, 1, 0, 1, 0, 1, 1, 0, 1, 0, 0, 1, 0, 0, 0, 0, 1, 1, 0, 0, 0, 1, 0, 0, 0, 0, 1, 1, 1, 0, 0, 0, 0, 0, 0, 0, 1, 0, 0, 0, 0, 1, 1, 1, 0, 1, 0, 0, 1, 0, 0, 1, 0, 0, 1, 0, 1, 0, 0, 1, 1, 1, 1, 0, 1, 0, 1, 1, 0, 0, 1, 1, 0, 1, 0, 0, 0, 0, 1, 0, 1, 1, 0, 1, 1, 1, 1, 0, 0, 1, 0, 0, 1, 1, 1, 1, 0, 0, 0, 0, 1, 0, 0, 1, 1, 0, 0, 1, 0, 1, 1, 1, 1, 0, 0, 0, 0, 0, 0, 1, 1]","[0.94, 0.15, 0.89, 0.0, 0.56, 0.79, 0.93, 0.73, 0.22, 0.64, 0.25, 0.93, 0.91, 0.95, 0.06, 0.98, 0.83, 0.0, 0.0, 0.3, 0.05, 0.88, 0.1, 0.98, 0.97, 0.23, 0.51, 0.02, 0.96, 0.89, 0.0, 1.0, 0.15, 0.0, 0.66, 0.05, 0.23, 0.02, 0.22, 0.89, 0.57, 0.15, 0.29, 0.45, 0.99, 0.48, 0.47, 0.0, 0.2, 0.71, 0.95, 0.83, 0.0, 0.48, 0.01, 0.0, 0.01, 0.01, 0.0, 0.82, 0.0, 0.0, 0.06, 0.05, 0.82, 0.92, 0.87, 0.02, 0.96, 0.41, 0.05, 0.94, 0.01, 0.47, 0.63, 0.23, 0.0, 0.55, 0.44, 0.89, 0.11, 0.0, 0.86, 0.59, 1.0, 0.99, 0.0, 0.87, 0.0, 0.96, 0.81, 0.0, 0.13, 0.59, 0.91, 0.44, 1.0, 0.02, 0.0, 0.11, 0.0, 0.53, 0.03, 0.97, 0.87, 0.32, 0.74, 0.92, 0.79, 0.86, 0.25, 0.0, 0.73, 0.09, 0.02, 0.93, 0.91, 0.63, 0.99, 0.0, 0.33, 0.03, 0.04, 0.69, 0.11, 0.0, 0.55, 1.0, 0.17, 0.01, 0.68, 0.08, 0.95, 0.88, 0.99, 0.65, 0.34, 0.32, 0.24, 0.02, 0.17, 0.12, 0.79, 0.56]"
Random Forest,42,9,"[0, 1, 0, 0, 0, 1, 0, 0, 1, 1, 1, 0, 0, 0, 0, 0, 1, 1, 0, 0, 1, 1, 0, 0, 1, 1, 0, 0, 0, 0, 0, 0, 0, 1, 0, 1, 0, 1, 0, 1, 1, 0, 1, 0, 0, 1, 0, 1, 1, 0, 0, 0, 0, 1, 0, 1, 1, 0, 1, 1, 1, 0, 0, 1, 0, 1, 0, 0, 0, 1, 0, 1, 1, 1, 0, 0, 1, 1, 0, 1, 1, 1, 1, 0, 0, 0, 0, 0, 1, 0, 0, 1, 0, 1, 0, 0, 1, 1, 1, 0, 1, 0, 1, 1, 0, 1, 1, 0, 0, 0, 0, 0, 1, 1, 0, 1, 1, 0, 1, 0, 0, 0, 1, 1, 0, 0, 1, 0, 0, 0, 0, 1, 0, 0, 1, 1, 1, 1, 0, 0, 1, 1, 1]","[0, 1, 0, 0, 1, 1, 0, 0, 0, 1, 0, 1, 0, 0, 0, 0, 1, 0, 0, 0, 1, 1, 0, 0, 1, 1, 1, 0, 0, 0, 0, 0, 0, 1, 0, 1, 0, 1, 0, 1, 1, 0, 1, 0, 0, 1, 1, 1, 0, 0, 0, 0, 0, 1, 0, 1, 1, 0, 1, 0, 1, 0, 0, 1, 0, 1, 0, 1, 1, 1, 0, 1, 1, 1, 0, 0, 1, 1, 0, 1, 1, 1, 1, 0, 0, 0, 1, 0, 1, 0, 0, 1, 0, 1, 0, 1, 1, 1, 1, 0, 0, 0, 1, 1, 0, 0, 1, 0, 0, 0, 1, 0, 1, 1, 1, 1, 1, 0, 1, 0, 0, 0, 1, 1, 0, 1, 1, 1, 0, 0, 1, 1, 0, 0, 1, 1, 1, 1, 0, 0, 1, 1, 1]","[0.02, 0.92, 0.07, 0.39, 0.52, 0.96, 0.05, 0.01, 0.02, 0.78, 0.45, 0.79, 0.03, 0.0, 0.0, 0.05, 0.57, 0.45, 0.02, 0.46, 0.92, 0.63, 0.03, 0.0, 0.93, 0.85, 0.62, 0.0, 0.05, 0.24, 0.02, 0.0, 0.0, 0.95, 0.13, 0.94, 0.15, 0.98, 0.03, 0.98, 0.97, 0.05, 0.88, 0.42, 0.19, 0.97, 0.61, 0.56, 0.41, 0.05, 0.01, 0.0, 0.0, 0.74, 0.04, 0.93, 0.93, 0.06, 0.71, 0.14, 0.94, 0.0, 0.18, 0.88, 0.17, 0.77, 0.08, 0.51, 0.63, 0.9, 0.03, 0.93, 0.94, 0.78, 0.4, 0.07, 0.98, 0.72, 0.06, 0.92, 0.6, 0.82, 0.64, 0.06, 0.0, 0.34, 0.53, 0.17, 0.79, 0.07, 0.32, 0.97, 0.06, 0.78, 0.45, 0.98, 0.77, 0.68, 0.76, 0.01, 0.39, 0.09, 0.97, 0.83, 0.05, 0.07, 0.84, 0.25, 0.01, 0.45, 0.64, 0.35, 0.53, 0.93, 0.61, 0.99, 0.85, 0.01, 0.92, 0.0, 0.11, 0.05, 0.7, 0.86, 0.09, 0.58, 0.95, 0.84, 0.09, 0.06, 0.84, 1.0, 0.04, 0.0, 0.98, 0.81, 0.89, 0.59, 0.04, 0.03, 0.77, 0.89, 0.74]"
Random Forest,43,9,"[0, 0, 0, 0, 0, 0, 0, 0, 0, 0, 0, 1, 0, 1, 0, 0, 0, 1, 0, 0, 1, 0, 0, 0, 0, 1, 1, 0, 0, 0, 1, 0, 1, 0, 0, 1, 0, 0, 1, 1, 0, 1, 1, 0, 0, 0, 0, 1, 1, 0, 1, 1, 0, 0, 1, 1, 0, 1, 1, 0, 0, 0, 0, 1, 1, 0, 0, 0, 1, 0, 1, 0, 1, 0, 0, 0, 1, 1, 1, 1, 1, 0, 0, 0, 1, 1, 1, 1, 0, 0, 0, 1, 0, 1, 1, 1, 0, 1, 0, 1, 0, 1, 0, 1, 0, 0, 0, 1, 0, 1, 1, 0, 1, 0, 0, 0, 1, 1, 0, 0, 1, 0, 0, 1, 1, 0, 1, 1, 1, 0, 0, 1, 1, 1, 1, 1, 0, 1, 1, 0, 0, 0, 0]","[1, 0, 0, 0, 0, 0, 0, 0, 0, 0, 0, 1, 0, 1, 0, 0, 0, 0, 0, 0, 1, 0, 0, 0, 0, 1, 1, 0, 0, 0, 1, 0, 1, 0, 0, 1, 0, 0, 0, 1, 0, 1, 1, 0, 0, 0, 0, 0, 1, 0, 1, 1, 0, 0, 1, 1, 0, 1, 0, 0, 0, 0, 1, 1, 1, 0, 0, 0, 0, 0, 0, 1, 0, 0, 0, 0, 1, 1, 1, 1, 1, 1, 0, 0, 1, 0, 1, 1, 1, 1, 0, 1, 1, 1, 1, 1, 0, 1, 0, 0, 0, 1, 0, 1, 0, 1, 0, 1, 0, 1, 1, 0, 1, 0, 0, 1, 1, 1, 0, 0, 1, 0, 0, 1, 1, 0, 1, 1, 0, 0, 1, 1, 1, 1, 1, 1, 1, 1, 1, 0, 0, 1, 0]","[0.69, 0.0, 0.0, 0.32, 0.0, 0.0, 0.02, 0.2, 0.0, 0.0, 0.07, 0.86, 0.08, 0.9, 0.0, 0.0, 0.08, 0.42, 0.06, 0.01, 0.97, 0.0, 0.03, 0.01, 0.08, 0.97, 0.7, 0.08, 0.01, 0.0, 0.89, 0.19, 0.9, 0.18, 0.32, 0.81, 0.0, 0.41, 0.45, 0.92, 0.19, 1.0, 0.91, 0.0, 0.43, 0.0, 0.0, 0.46, 0.85, 0.14, 0.88, 0.94, 0.0, 0.21, 0.83, 0.95, 0.27, 0.97, 0.09, 0.21, 0.05, 0.14, 0.83, 0.85, 0.88, 0.03, 0.02, 0.01, 0.31, 0.0, 0.34, 0.8, 0.5, 0.0, 0.05, 0.08, 0.96, 0.96, 0.91, 0.63, 0.91, 0.57, 0.0, 0.4, 0.9, 0.25, 0.9, 0.97, 0.81, 0.84, 0.07, 0.61, 0.93, 0.71, 0.8, 0.76, 0.1, 0.69, 0.01, 0.47, 0.0, 0.73, 0.17, 0.58, 0.02, 0.86, 0.0, 0.82, 0.01, 0.95, 0.79, 0.0, 0.89, 0.0, 0.02, 0.78, 0.86, 0.53, 0.0, 0.28, 0.88, 0.23, 0.0, 0.85, 0.83, 0.15, 0.89, 0.8, 0.28, 0.09, 0.57, 0.94, 0.98, 0.94, 0.96, 0.98, 0.91, 0.75, 0.7, 0.0, 0.0, 0.98, 0.0]"
Random Forest,44,9,"[0, 0, 1, 1, 0, 1, 0, 0, 1, 1, 1, 0, 1, 0, 1, 1, 0, 0, 1, 0, 1, 1, 0, 1, 1, 1, 0, 1, 0, 1, 0, 1, 0, 1, 0, 0, 0, 1, 0, 0, 0, 0, 1, 1, 0, 0, 1, 1, 0, 1, 0, 0, 1, 1, 0, 0, 0, 0, 0, 0, 1, 0, 1, 0, 1, 0, 0, 0, 1, 0, 0, 0, 0, 0, 1, 0, 0, 0, 0, 0, 0, 0, 0, 0, 1, 0, 1, 0, 1, 0, 0, 1, 0, 0, 1, 0, 0, 0, 0, 0, 0, 1, 0, 0, 1, 0, 0, 1, 0, 0, 0, 0, 0, 0, 0, 1, 0, 0, 0, 0, 0, 0, 1, 0, 0, 0, 1, 1, 0, 0, 0, 0, 0, 1, 0, 0, 0, 1, 1, 0, 0, 0, 0]","[0, 1, 1, 1, 0, 1, 1, 0, 1, 1, 1, 1, 1, 0, 1, 1, 0, 0, 1, 1, 1, 0, 0, 1, 1, 0, 0, 1, 0, 1, 0, 0, 0, 1, 0, 0, 0, 1, 0, 0, 0, 0, 0, 0, 0, 0, 0, 0, 0, 1, 0, 0, 1, 1, 0, 1, 0, 1, 1, 0, 1, 0, 0, 0, 1, 0, 0, 0, 1, 0, 0, 0, 0, 0, 1, 0, 0, 1, 0, 0, 0, 0, 0, 0, 1, 0, 1, 0, 1, 0, 0, 1, 0, 0, 1, 0, 0, 0, 0, 0, 0, 1, 0, 0, 1, 0, 0, 1, 1, 0, 0, 0, 0, 0, 1, 1, 0, 0, 0, 0, 1, 0, 0, 0, 0, 0, 1, 1, 0, 0, 0, 0, 0, 1, 0, 0, 0, 1, 1, 1, 0, 0, 0]","[0.0, 0.86, 0.6, 0.51, 0.05, 0.95, 0.75, 0.06, 0.87, 0.62, 0.86, 0.81, 0.98, 0.0, 0.93, 0.87, 0.05, 0.0, 0.96, 0.65, 0.87, 0.2, 0.0, 0.99, 0.99, 0.25, 0.0, 0.86, 0.0, 0.64, 0.22, 0.49, 0.34, 0.6, 0.0, 0.0, 0.0, 0.95, 0.0, 0.03, 0.0, 0.0, 0.19, 0.21, 0.0, 0.06, 0.0, 0.13, 0.02, 0.75, 0.0, 0.0, 0.97, 0.74, 0.0, 0.98, 0.0, 0.96, 0.86, 0.0, 0.65, 0.0, 0.09, 0.03, 0.94, 0.03, 0.01, 0.0, 0.75, 0.05, 0.0, 0.0, 0.26, 0.0, 0.98, 0.09, 0.06, 1.0, 0.14, 0.29, 0.0, 0.01, 0.0, 0.2, 0.92, 0.0, 0.62, 0.23, 1.0, 0.0, 0.31, 0.85, 0.03, 0.08, 0.86, 0.0, 0.0, 0.0, 0.07, 0.02, 0.5, 0.76, 0.01, 0.0, 1.0, 0.16, 0.03, 0.99, 0.97, 0.06, 0.07, 0.03, 0.0, 0.04, 0.99, 0.98, 0.0, 0.25, 0.03, 0.0, 0.63, 0.0, 0.26, 0.09, 0.0, 0.12, 0.94, 0.68, 0.0, 0.33, 0.0, 0.0, 0.05, 1.0, 0.0, 0.17, 0.05, 0.86, 0.93, 0.56, 0.0, 0.02, 0.0]"
Random Forest,45,9,"[0, 1, 1, 0, 1, 1, 0, 0, 0, 0, 0, 0, 0, 0, 1, 1, 0, 0, 0, 1, 1, 0, 0, 1, 0, 0, 1, 0, 0, 0, 1, 0, 0, 0, 1, 0, 0, 0, 0, 0, 0, 0, 0, 0, 1, 1, 1, 1, 1, 0, 0, 0, 0, 1, 1, 0, 0, 0, 1, 1, 1, 1, 1, 0, 0, 0, 0, 1, 0, 1, 1, 0, 0, 1, 0, 1, 1, 1, 1, 1, 0, 0, 0, 0, 0, 1, 1, 0, 0, 1, 1, 0, 1, 0, 1, 1, 0, 1, 0, 0, 1, 1, 0, 0, 1, 0, 0, 1, 0, 0, 1, 0, 1, 0, 0, 0, 0, 0, 1, 0, 0, 1, 1, 1, 1, 0, 1, 0, 0, 0, 0, 1, 0, 0, 0, 0, 0, 1, 1, 0, 0, 1, 0]","[0, 1, 0, 0, 1, 0, 1, 0, 0, 0, 0, 1, 0, 0, 1, 1, 1, 1, 0, 1, 1, 1, 0, 0, 0, 0, 1, 0, 0, 0, 1, 0, 0, 1, 1, 0, 0, 0, 0, 0, 1, 0, 0, 0, 1, 1, 1, 1, 1, 0, 0, 0, 0, 0, 1, 0, 0, 0, 1, 1, 1, 1, 1, 0, 1, 0, 0, 1, 0, 1, 1, 0, 0, 1, 0, 1, 0, 1, 1, 1, 0, 0, 0, 1, 0, 1, 1, 0, 1, 1, 1, 0, 1, 0, 1, 1, 0, 1, 0, 0, 1, 1, 0, 0, 1, 0, 1, 1, 1, 0, 1, 0, 1, 0, 0, 1, 1, 0, 1, 0, 0, 1, 1, 1, 1, 0, 1, 1, 0, 0, 0, 1, 0, 0, 0, 1, 1, 1, 1, 0, 0, 1, 0]","[0.2, 0.88, 0.02, 0.48, 0.52, 0.48, 0.91, 0.06, 0.08, 0.08, 0.08, 0.96, 0.01, 0.05, 0.58, 0.81, 0.65, 0.78, 0.14, 0.87, 1.0, 0.61, 0.08, 0.42, 0.13, 0.26, 0.64, 0.0, 0.03, 0.01, 0.89, 0.02, 0.03, 0.59, 0.83, 0.07, 0.0, 0.06, 0.07, 0.19, 0.73, 0.29, 0.19, 0.25, 0.91, 0.92, 0.79, 0.92, 0.95, 0.05, 0.0, 0.01, 0.0, 0.2, 0.88, 0.0, 0.01, 0.0, 0.62, 0.87, 0.83, 0.99, 0.68, 0.0, 0.7, 0.07, 0.08, 0.78, 0.0, 0.8, 0.98, 0.0, 0.03, 0.92, 0.28, 0.98, 0.42, 0.7, 0.9, 0.75, 0.02, 0.02, 0.0, 0.7, 0.0, 0.91, 0.99, 0.0, 0.61, 0.87, 0.59, 0.13, 0.53, 0.29, 0.92, 0.76, 0.02, 0.95, 0.04, 0.01, 0.79, 0.86, 0.13, 0.06, 0.97, 0.18, 0.61, 0.89, 0.51, 0.0, 0.97, 0.47, 0.56, 0.07, 0.35, 0.63, 0.74, 0.3, 0.67, 0.28, 0.0, 0.86, 0.91, 0.95, 0.8, 0.19, 0.91, 0.68, 0.0, 0.0, 0.0, 0.97, 0.0, 0.5, 0.07, 0.8, 0.8, 0.79, 0.87, 0.0, 0.0, 0.94, 0.44]"
Random Forest,46,10,"[0, 1, 1, 0, 1, 0, 0, 1, 1, 0, 1, 1, 0, 0, 0, 1, 0, 1, 0, 0, 0, 1, 0, 0, 1, 0, 0, 0, 0, 1, 0, 0, 0, 0, 0, 1, 0, 0, 0, 0, 1, 0, 1, 0, 0, 0, 0, 0, 0, 0, 1, 1, 1, 1, 1, 0, 1, 0, 0, 0, 1, 0, 0, 0, 0, 1, 0, 1, 1, 0, 0, 1, 0, 1, 0, 1, 1, 0, 0, 1, 1, 0, 0, 1, 1, 1, 1, 1, 1, 1, 1, 1, 1, 0, 1, 1, 1, 1, 0, 0, 0, 1, 1, 0, 1, 1, 0, 1, 1, 1, 0, 0, 0, 1, 1, 1, 0, 0, 0, 0, 1, 0, 0, 0, 0, 0, 0, 0, 0, 1, 1, 0, 0, 0, 1, 0, 1, 0, 1, 0, 0, 1, 0, 1]","[1, 1, 0, 0, 1, 0, 0, 1, 1, 1, 1, 1, 0, 0, 1, 1, 0, 1, 0, 0, 0, 0, 0, 0, 1, 0, 0, 0, 0, 0, 0, 0, 0, 0, 0, 1, 0, 0, 0, 0, 1, 0, 0, 0, 0, 0, 0, 0, 0, 0, 1, 1, 1, 0, 1, 0, 1, 0, 0, 0, 1, 0, 0, 0, 1, 1, 0, 1, 1, 0, 0, 1, 0, 1, 1, 1, 0, 0, 0, 1, 1, 0, 1, 1, 1, 1, 1, 1, 1, 1, 1, 1, 1, 0, 1, 1, 1, 1, 1, 0, 0, 1, 1, 0, 1, 0, 0, 1, 1, 1, 0, 0, 0, 1, 1, 1, 0, 0, 0, 0, 1, 0, 0, 0, 0, 1, 0, 0, 0, 1, 0, 1, 0, 0, 1, 0, 1, 0, 1, 0, 0, 1, 0, 1]","[0.57, 0.92, 0.13, 0.0, 0.9, 0.49, 0.0, 0.75, 0.97, 0.7, 0.57, 0.69, 0.0, 0.4, 0.8, 0.85, 0.01, 0.96, 0.01, 0.41, 0.01, 0.5, 0.21, 0.02, 0.59, 0.0, 0.08, 0.09, 0.0, 0.48, 0.18, 0.0, 0.24, 0.0, 0.0, 0.8, 0.0, 0.23, 0.22, 0.0, 0.52, 0.17, 0.0, 0.12, 0.3, 0.0, 0.49, 0.0, 0.47, 0.48, 0.77, 0.86, 0.98, 0.48, 0.88, 0.0, 0.96, 0.4, 0.0, 0.0, 0.59, 0.02, 0.03, 0.02, 0.84, 0.87, 0.02, 0.9, 0.58, 0.09, 0.13, 0.89, 0.06, 0.66, 0.51, 0.95, 0.1, 0.01, 0.01, 0.82, 0.97, 0.49, 0.71, 0.78, 0.97, 0.77, 0.75, 0.78, 0.91, 0.91, 0.96, 0.77, 0.66, 0.01, 0.77, 0.63, 0.87, 0.86, 0.76, 0.0, 0.48, 0.92, 0.63, 0.04, 0.98, 0.45, 0.09, 0.9, 0.71, 0.89, 0.36, 0.37, 0.0, 0.98, 0.8, 0.86, 0.43, 0.0, 0.36, 0.0, 0.91, 0.22, 0.0, 0.03, 0.01, 0.53, 0.13, 0.06, 0.0, 0.84, 0.18, 0.91, 0.0, 0.05, 0.94, 0.0, 0.96, 0.0, 0.55, 0.48, 0.06, 0.67, 0.0, 0.64]"
Random Forest,47,10,"[0, 0, 1, 0, 1, 0, 0, 0, 1, 1, 0, 1, 1, 0, 0, 0, 1, 0, 1, 1, 0, 1, 1, 1, 0, 0, 0, 0, 1, 1, 1, 0, 0, 0, 0, 1, 0, 0, 1, 0, 0, 1, 0, 1, 0, 1, 1, 0, 0, 0, 1, 0, 1, 0, 0, 0, 0, 0, 0, 1, 0, 1, 0, 1, 0, 1, 0, 0, 0, 1, 1, 0, 1, 1, 0, 0, 0, 0, 0, 0, 0, 1, 1, 1, 0, 1, 1, 1, 0, 0, 0, 0, 0, 1, 0, 0, 1, 0, 1, 0, 1, 1, 0, 1, 1, 0, 0, 1, 0, 0, 0, 1, 1, 1, 0, 1, 1, 1, 0, 1, 0, 0, 0, 1, 1, 0, 1, 0, 1, 0, 1, 0, 0, 1, 0, 1, 0, 1, 0, 0, 0, 1, 0]","[1, 0, 1, 0, 0, 1, 0, 0, 0, 0, 1, 1, 1, 0, 0, 0, 0, 0, 1, 0, 0, 1, 1, 1, 0, 0, 0, 0, 1, 1, 1, 0, 0, 0, 0, 1, 0, 0, 1, 0, 0, 0, 0, 0, 0, 0, 1, 0, 0, 0, 0, 0, 0, 0, 0, 0, 0, 0, 0, 1, 0, 1, 0, 1, 0, 0, 0, 0, 0, 1, 1, 0, 1, 0, 0, 0, 0, 0, 0, 1, 1, 1, 1, 1, 0, 1, 1, 1, 0, 0, 0, 0, 0, 1, 0, 0, 1, 0, 1, 1, 1, 1, 0, 1, 1, 0, 0, 1, 0, 0, 0, 1, 1, 1, 0, 1, 1, 1, 0, 1, 1, 0, 0, 1, 1, 0, 1, 0, 1, 1, 1, 0, 0, 0, 0, 1, 0, 1, 0, 0, 1, 1, 0]","[0.7, 0.07, 0.8, 0.01, 0.41, 0.86, 0.06, 0.32, 0.32, 0.43, 0.93, 0.96, 0.93, 0.0, 0.08, 0.06, 0.31, 0.02, 0.83, 0.26, 0.02, 0.97, 0.98, 0.93, 0.24, 0.02, 0.26, 0.04, 0.87, 0.93, 0.94, 0.01, 0.0, 0.07, 0.03, 0.93, 0.07, 0.0, 0.95, 0.08, 0.02, 0.2, 0.0, 0.04, 0.49, 0.33, 0.96, 0.0, 0.01, 0.21, 0.31, 0.0, 0.29, 0.03, 0.02, 0.0, 0.04, 0.01, 0.16, 0.74, 0.02, 0.8, 0.01, 0.93, 0.0, 0.04, 0.43, 0.01, 0.01, 0.77, 0.83, 0.0, 0.85, 0.25, 0.02, 0.02, 0.0, 0.0, 0.4, 0.56, 0.92, 0.85, 0.99, 0.64, 0.37, 0.68, 0.99, 0.53, 0.0, 0.04, 0.06, 0.01, 0.11, 0.98, 0.04, 0.0, 0.93, 0.01, 0.66, 0.58, 0.82, 1.0, 0.27, 0.79, 0.95, 0.02, 0.05, 0.56, 0.0, 0.28, 0.01, 0.78, 0.94, 0.8, 0.02, 0.92, 0.57, 0.8, 0.0, 0.85, 0.58, 0.06, 0.01, 0.87, 0.92, 0.01, 0.91, 0.0, 0.93, 0.67, 0.98, 0.01, 0.29, 0.07, 0.22, 0.56, 0.03, 0.95, 0.03, 0.19, 0.92, 0.89, 0.31]"
Random Forest,48,10,"[0, 1, 1, 1, 1, 0, 0, 0, 0, 0, 0, 0, 0, 0, 0, 1, 0, 0, 1, 1, 0, 0, 1, 1, 1, 1, 0, 1, 0, 1, 1, 0, 0, 0, 0, 1, 0, 0, 1, 1, 1, 0, 0, 1, 1, 1, 0, 0, 0, 1, 1, 0, 1, 0, 1, 1, 0, 1, 0, 1, 0, 0, 0, 0, 1, 0, 1, 0, 1, 1, 0, 1, 0, 0, 1, 0, 0, 0, 1, 1, 0, 0, 1, 1, 0, 1, 0, 1, 1, 0, 1, 0, 1, 0, 1, 0, 1, 0, 1, 1, 1, 1, 1, 0, 1, 1, 0, 0, 0, 0, 1, 0, 0, 1, 1, 0, 1, 0, 1, 0, 0, 1, 1, 1, 1, 0, 1, 0, 1, 1, 1, 1, 1, 1, 0, 1, 0, 0, 1, 0, 0, 1, 0]","[0, 0, 1, 1, 1, 1, 0, 1, 0, 0, 0, 0, 0, 0, 0, 1, 0, 0, 1, 1, 0, 0, 1, 1, 1, 0, 0, 1, 0, 1, 1, 0, 0, 0, 0, 1, 1, 0, 1, 1, 1, 0, 0, 1, 1, 1, 0, 0, 0, 1, 0, 1, 1, 0, 1, 1, 0, 0, 0, 0, 1, 0, 0, 0, 1, 0, 1, 0, 1, 1, 0, 1, 0, 1, 1, 0, 0, 0, 1, 1, 0, 0, 1, 1, 0, 1, 0, 1, 1, 0, 1, 1, 1, 0, 1, 1, 0, 0, 1, 0, 1, 1, 1, 0, 0, 1, 0, 0, 1, 1, 1, 0, 1, 1, 1, 1, 1, 0, 1, 0, 0, 1, 0, 1, 1, 0, 1, 0, 0, 1, 1, 1, 1, 1, 0, 1, 0, 0, 1, 0, 0, 1, 0]","[0.05, 0.46, 0.85, 0.7, 0.99, 0.85, 0.0, 0.86, 0.05, 0.0, 0.0, 0.01, 0.0, 0.0, 0.04, 0.83, 0.14, 0.11, 0.99, 0.93, 0.0, 0.02, 0.87, 0.9, 0.96, 0.33, 0.0, 0.93, 0.0, 0.52, 0.96, 0.02, 0.23, 0.0, 0.01, 0.87, 0.7, 0.0, 0.95, 0.98, 0.95, 0.11, 0.21, 0.77, 0.6, 0.84, 0.02, 0.02, 0.0, 0.83, 0.21, 0.86, 0.97, 0.0, 0.91, 0.89, 0.07, 0.16, 0.0, 0.35, 0.62, 0.0, 0.08, 0.17, 0.87, 0.18, 0.65, 0.17, 0.96, 0.83, 0.01, 0.94, 0.09, 0.68, 0.73, 0.01, 0.07, 0.04, 0.97, 0.99, 0.41, 0.06, 0.78, 0.91, 0.46, 0.84, 0.0, 0.76, 0.95, 0.0, 0.77, 0.65, 0.9, 0.1, 0.71, 0.99, 0.0, 0.13, 0.74, 0.43, 0.84, 0.78, 0.83, 0.07, 0.08, 0.69, 0.23, 0.0, 0.66, 0.6, 0.78, 0.38, 0.63, 0.96, 0.99, 0.57, 0.87, 0.12, 0.95, 0.0, 0.08, 0.96, 0.47, 0.91, 0.87, 0.1, 0.93, 0.0, 0.21, 0.97, 0.87, 0.97, 0.9, 0.89, 0.3, 0.92, 0.14, 0.0, 0.74, 0.0, 0.02, 0.82, 0.0]"
Random Forest,49,10,"[0, 0, 0, 0, 0, 1, 0, 0, 0, 1, 0, 1, 0, 0, 0, 0, 1, 0, 1, 0, 1, 0, 0, 1, 0, 0, 1, 0, 0, 0, 1, 0, 0, 0, 0, 0, 1, 0, 0, 0, 0, 0, 0, 0, 1, 1, 0, 1, 0, 1, 1, 0, 0, 0, 0, 1, 0, 1, 1, 0, 1, 0, 1, 0, 1, 1, 0, 1, 0, 0, 1, 0, 1, 1, 1, 1, 0, 0, 0, 0, 0, 0, 0, 1, 0, 0, 0, 0, 1, 1, 1, 0, 0, 1, 1, 0, 0, 0, 0, 0, 1, 1, 0, 0, 1, 0, 0, 0, 0, 0, 0, 0, 1, 0, 1, 0, 1, 0, 0, 0, 0, 0, 0, 0, 0, 0, 1, 0, 0, 1, 1, 0, 1, 0, 1, 1, 1, 0, 0, 0, 0, 1, 1]","[0, 1, 0, 0, 0, 1, 0, 0, 0, 1, 0, 1, 1, 1, 0, 0, 1, 0, 0, 1, 1, 0, 0, 1, 0, 0, 1, 1, 0, 0, 1, 0, 1, 1, 0, 0, 1, 0, 0, 0, 0, 0, 0, 0, 1, 1, 0, 1, 0, 1, 1, 0, 0, 0, 0, 1, 1, 0, 1, 0, 1, 0, 1, 0, 1, 1, 0, 1, 0, 0, 1, 0, 1, 1, 1, 1, 0, 0, 0, 0, 0, 1, 0, 1, 0, 0, 1, 0, 1, 1, 1, 0, 0, 1, 1, 0, 0, 0, 0, 0, 1, 1, 0, 0, 1, 0, 0, 0, 0, 0, 0, 0, 0, 0, 1, 0, 1, 0, 0, 1, 0, 0, 1, 0, 1, 0, 1, 0, 0, 1, 1, 0, 1, 0, 1, 1, 1, 0, 0, 0, 0, 1, 1]","[0.02, 0.85, 0.02, 0.11, 0.0, 0.55, 0.38, 0.08, 0.03, 0.82, 0.0, 0.92, 0.95, 0.85, 0.12, 0.0, 0.91, 0.0, 0.5, 0.78, 0.94, 0.17, 0.02, 0.95, 0.12, 0.01, 0.87, 0.68, 0.02, 0.34, 0.86, 0.29, 0.58, 0.54, 0.0, 0.0, 1.0, 0.15, 0.26, 0.28, 0.44, 0.11, 0.1, 0.0, 0.98, 0.86, 0.0, 0.93, 0.0, 0.64, 0.64, 0.0, 0.0, 0.0, 0.0, 0.98, 0.87, 0.13, 0.9, 0.05, 0.95, 0.12, 0.84, 0.05, 0.82, 0.97, 0.05, 0.91, 0.12, 0.08, 0.93, 0.4, 0.99, 0.6, 0.92, 0.59, 0.06, 0.27, 0.0, 0.01, 0.0, 0.86, 0.18, 0.97, 0.01, 0.0, 0.94, 0.34, 0.85, 0.91, 0.95, 0.35, 0.0, 0.54, 0.64, 0.0, 0.3, 0.1, 0.22, 0.07, 0.56, 0.91, 0.02, 0.32, 0.82, 0.05, 0.02, 0.04, 0.18, 0.0, 0.0, 0.0, 0.44, 0.26, 0.95, 0.0, 0.54, 0.03, 0.01, 0.84, 0.39, 0.23, 0.86, 0.0, 0.86, 0.06, 0.58, 0.06, 0.0, 0.65, 0.88, 0.0, 0.84, 0.08, 0.95, 0.55, 0.79, 0.12, 0.04, 0.02, 0.01, 0.88, 0.83]"
Random Forest,50,10,"[1, 0, 1, 0, 1, 1, 0, 0, 0, 0, 1, 1, 0, 1, 1, 0, 0, 1, 0, 1, 1, 1, 1, 0, 1, 1, 0, 0, 0, 1, 0, 0, 0, 1, 0, 1, 1, 1, 0, 1, 0, 1, 0, 1, 1, 1, 0, 0, 1, 1, 1, 0, 0, 0, 1, 1, 0, 1, 1, 0, 1, 1, 0, 0, 0, 0, 0, 0, 0, 1, 0, 1, 1, 0, 1, 0, 0, 1, 1, 1, 1, 0, 1, 0, 1, 0, 1, 0, 1, 0, 0, 1, 1, 0, 1, 0, 0, 1, 0, 0, 0, 0, 0, 0, 1, 0, 0, 0, 1, 0, 0, 1, 0, 0, 1, 1, 1, 1, 0, 0, 0, 1, 0, 0, 0, 0, 0, 0, 1, 1, 0, 1, 0, 0, 0, 0, 0, 0, 0, 1, 0, 0, 1]","[1, 0, 1, 0, 0, 0, 1, 0, 0, 0, 1, 1, 0, 1, 1, 0, 0, 1, 1, 0, 0, 1, 1, 0, 1, 1, 0, 0, 0, 1, 0, 0, 0, 1, 0, 1, 1, 1, 0, 1, 0, 1, 0, 1, 0, 0, 0, 0, 1, 1, 1, 0, 0, 1, 1, 1, 0, 1, 1, 0, 1, 1, 0, 0, 0, 0, 0, 0, 0, 1, 0, 1, 1, 0, 0, 0, 0, 1, 1, 1, 1, 0, 0, 0, 0, 1, 1, 1, 1, 0, 0, 1, 1, 0, 0, 0, 0, 1, 0, 0, 0, 0, 0, 0, 1, 0, 0, 0, 1, 0, 1, 1, 0, 0, 1, 1, 1, 1, 0, 0, 0, 1, 0, 0, 1, 1, 1, 0, 1, 0, 0, 1, 0, 1, 0, 1, 0, 0, 1, 1, 0, 0, 1]","[0.92, 0.14, 0.87, 0.22, 0.13, 0.01, 0.63, 0.06, 0.01, 0.0, 0.62, 0.95, 0.0, 0.87, 0.93, 0.14, 0.04, 0.88, 0.52, 0.42, 0.23, 0.98, 0.94, 0.05, 0.58, 1.0, 0.0, 0.04, 0.03, 0.66, 0.01, 0.05, 0.03, 0.51, 0.07, 0.98, 0.8, 0.83, 0.0, 0.89, 0.06, 0.91, 0.0, 0.64, 0.3, 0.43, 0.35, 0.26, 0.9, 0.93, 0.9, 0.0, 0.15, 0.97, 0.95, 0.97, 0.0, 0.56, 0.83, 0.02, 0.76, 0.88, 0.0, 0.15, 0.04, 0.2, 0.01, 0.1, 0.0, 0.86, 0.0, 1.0, 0.93, 0.05, 0.37, 0.0, 0.0, 0.85, 0.92, 0.52, 0.78, 0.09, 0.37, 0.04, 0.19, 0.64, 0.96, 0.66, 0.95, 0.0, 0.01, 0.87, 0.75, 0.0, 0.45, 0.18, 0.05, 0.77, 0.05, 0.0, 0.02, 0.07, 0.06, 0.02, 0.79, 0.12, 0.03, 0.46, 0.99, 0.03, 0.65, 0.88, 0.03, 0.04, 0.89, 0.85, 0.68, 0.67, 0.06, 0.0, 0.04, 0.96, 0.32, 0.16, 0.62, 0.8, 0.51, 0.0, 0.99, 0.15, 0.05, 0.78, 0.17, 0.66, 0.0, 0.79, 0.0, 0.01, 0.72, 0.87, 0.0, 0.0, 0.8]"
Naive Bayes,1,1,"[1, 0, 1, 1, 1, 1, 0, 0, 0, 0, 1, 0, 0, 0, 1, 1, 0, 0, 1, 0, 0, 1, 0, 1, 0, 0, 0, 0, 1, 0, 1, 1, 0, 0, 0, 0, 1, 0, 0, 0, 1, 1, 0, 1, 0, 1, 0, 1, 1, 0, 1, 0, 1, 0, 0, 1, 1, 1, 0, 0, 0, 0, 0, 0, 1, 0, 1, 0, 0, 1, 1, 1, 1, 1, 1, 0, 1, 0, 1, 1, 0, 0, 0, 1, 0, 1, 0, 1, 1, 1, 1, 1, 0, 1, 1, 0, 0, 0, 0, 1, 0, 0, 1, 1, 0, 0, 0, 0, 1, 1, 0, 1, 1, 0, 0, 0, 0, 1, 0, 1, 1, 1, 0, 0, 0, 0, 0, 0, 0, 1, 0, 1, 1, 1, 0, 1, 1, 1, 0, 0, 1, 0, 1]","[1, 1, 1, 1, 1, 1, 1, 1, 0, 0, 1, 1, 0, 0, 1, 1, 1, 1, 1, 0, 0, 0, 0, 1, 0, 0, 0, 0, 1, 1, 1, 1, 0, 0, 0, 0, 1, 1, 0, 0, 1, 1, 1, 1, 0, 0, 0, 1, 1, 0, 1, 0, 1, 0, 0, 1, 1, 1, 0, 0, 0, 0, 0, 0, 1, 0, 1, 0, 1, 1, 1, 0, 1, 1, 1, 0, 1, 0, 1, 1, 0, 1, 1, 1, 0, 1, 1, 1, 1, 0, 1, 1, 0, 1, 1, 0, 0, 0, 0, 1, 0, 1, 1, 1, 0, 1, 1, 1, 1, 1, 0, 1, 1, 0, 0, 0, 1, 1, 1, 1, 1, 1, 0, 0, 0, 0, 0, 1, 1, 1, 0, 1, 1, 1, 0, 1, 1, 1, 1, 0, 1, 0, 1]","[1.0, 1.0, 1.0, 1.0, 1.0, 1.0, 1.0, 1.0, 0.0, 7.92435933240212e-25, 1.0, 0.9999999984776622, 0.0, 0.0, 1.0, 1.0, 1.0, 1.0, 1.0, 0.0, 4.30496536368688e-121, 0.09741392758636719, 3.2448015454826457e-78, 1.0, 2.662247989036306e-95, 7.954146344839227e-113, 3.3429607841349444e-59, 6.636612984887287e-28, 1.0, 1.0, 1.0, 1.0, 5.278277960574e-311, 5.4107865889822166e-14, 0.0, 2.8164534322373304e-90, 1.0, 1.0, 0.0, 0.0, 1.0, 1.0, 1.0, 1.0, 0.0, 1.1906129328205025e-172, 3.4468812678390887e-69, 1.0, 1.0, 0.0, 1.0, 0.0, 1.0, 0.0, 0.0, 1.0, 0.9999999999976943, 1.0, 1.4268267942651242e-178, 1.2413015561977169e-113, 0.0, 1.5354640947923565e-192, 1.224157182214453e-92, 0.0, 1.0, 0.0, 1.0, 0.0, 1.0, 1.0, 1.0, 1.2573590565276896e-44, 1.0, 1.0, 1.0, 0.0, 1.0, 1.6486990130638752e-25, 1.0, 1.0, 0.0, 1.0, 0.9684147647631888, 0.9999999999993356, 0.0, 1.0, 1.0, 1.0, 1.0, 0.01766935565099262, 1.0, 1.0, 2.1499694339916775e-38, 1.0, 1.0, 0.0, 3.2279344421137595e-222, 1.6505291171751366e-96, 4.15594443362499e-57, 1.0, 1.1012233346672412e-07, 0.9999999998004867, 1.0, 1.0, 7.89812248915e-312, 1.0, 1.0, 0.9974532264834308, 1.0, 1.0, 1.6794576235328987e-38, 1.0, 1.0, 2.06301038068447e-19, 9.598936744661055e-270, 0.0, 1.0, 1.0, 0.9999999999893703, 1.0, 1.0, 1.0, 0.0, 0.0, 0.004580973561887299, 7.49708640114154e-60, 1.9820197971704806e-06, 1.0, 0.9999528095584633, 1.0, 4.729196635621614e-270, 1.0, 0.9999980671531353, 1.0, 0.0, 1.0, 1.0, 1.0, 0.9999999932616035, 1.2642954345201567e-53, 1.0, 0.0, 1.0]"
Naive Bayes,2,1,"[0, 0, 1, 1, 0, 1, 0, 1, 0, 0, 0, 0, 0, 1, 1, 1, 0, 0, 1, 1, 0, 1, 0, 0, 0, 1, 0, 0, 0, 0, 0, 0, 1, 0, 0, 0, 0, 0, 0, 1, 1, 1, 1, 0, 1, 0, 0, 0, 1, 1, 1, 1, 1, 0, 1, 0, 0, 0, 1, 0, 0, 0, 0, 1, 0, 0, 0, 1, 0, 0, 1, 1, 0, 1, 1, 1, 1, 1, 1, 1, 0, 0, 0, 1, 1, 0, 1, 1, 0, 0, 0, 0, 0, 1, 1, 0, 0, 1, 1, 1, 0, 1, 1, 1, 0, 1, 1, 1, 1, 1, 1, 0, 0, 1, 0, 0, 1, 1, 0, 1, 0, 1, 1, 1, 0, 1, 0, 1, 0, 1, 1, 1, 0, 0, 1, 1, 0, 0, 0, 0, 0, 1, 0, 1]","[1, 0, 0, 1, 0, 1, 0, 1, 0, 0, 0, 0, 1, 1, 1, 1, 0, 0, 1, 1, 0, 1, 0, 0, 0, 1, 0, 0, 1, 0, 0, 0, 1, 0, 0, 0, 1, 1, 1, 1, 1, 1, 1, 0, 1, 0, 0, 0, 1, 1, 1, 1, 1, 0, 1, 0, 0, 0, 0, 1, 0, 0, 0, 1, 0, 0, 0, 1, 1, 0, 1, 1, 0, 1, 1, 1, 1, 1, 1, 1, 0, 0, 0, 1, 1, 1, 1, 1, 0, 0, 1, 0, 0, 1, 1, 0, 0, 1, 1, 1, 1, 0, 1, 1, 0, 1, 1, 1, 0, 1, 1, 1, 0, 1, 0, 0, 1, 1, 1, 1, 1, 1, 1, 1, 1, 1, 0, 1, 1, 1, 1, 1, 0, 0, 1, 1, 0, 0, 1, 1, 1, 1, 1, 1]","[1.0, 2.83095e-319, 2.3671838348419096e-128, 1.0, 1.182096682166175e-13, 1.0, 0.0, 0.9999999999999787, 1.2938568246198406e-55, 0.0, 0.0, 9.981896936099415e-115, 1.0, 1.0, 1.0, 1.0, 3.244958130000235e-116, 5.3709063594754205e-27, 1.0, 1.0, 1.6638459009423218e-47, 1.0, 0.10013218955671928, 0.0, 7.9581518986519e-271, 1.0, 0.0, 0.0, 1.0, 0.0, 0.05958015609966133, 2.3881638521760115e-215, 1.0, 0.0, 5.655939541615772e-200, 0.0, 0.9999999999982947, 1.0, 0.9997622090481566, 0.9999999999999893, 1.0, 1.0, 1.0, 8.735324135925711e-13, 1.0, 0.0, 0.0, 6.831521767109943e-08, 1.0, 1.0, 1.0, 1.0, 0.999999999999968, 0.0, 0.9168699449090164, 0.0, 0.0, 1.59452705799284e-144, 2.5715699204140645e-31, 0.9995403771145192, 0.02127466164773613, 5.462190217771594e-106, 0.0, 1.0, 3.528141214801586e-70, 4.651003265613004e-128, 0.0, 1.0, 1.0, 2.8802936204039303e-38, 1.0, 1.0, 0.0, 1.0, 1.0, 1.0, 1.0, 1.0, 1.0, 1.0, 4.2647381708898325e-188, 0.0, 2.130992072170936e-11, 1.0, 1.0, 1.0, 1.0, 1.0, 4.0253016101675826e-19, 0.0, 1.0, 1.7030510223113395e-107, 0.0, 1.0, 1.0, 1.1042461296725232e-169, 1.4032378350020853e-80, 1.0, 1.0, 1.0, 0.9999999999999964, 3.8535491417650224e-291, 1.0, 1.0, 8.960736047056357e-181, 1.0, 1.0, 1.0, 1.2961911344393654e-22, 1.0, 1.0, 1.0, 2.0928877768208287e-255, 1.0, 0.0, 6.817554363594175e-292, 1.0, 1.0, 1.0, 1.0, 1.0, 1.0, 1.0, 1.0, 1.0, 1.0, 5.076428659115352e-193, 1.0, 1.0, 1.0, 1.0, 1.0, 0.0, 3.3035434800371007e-102, 1.0, 1.0, 0.0, 2.3535737724320488e-281, 0.9991116295541399, 1.0, 0.9995058093538637, 1.0, 1.0, 1.0]"
Naive Bayes,3,1,"[0, 0, 0, 0, 0, 1, 1, 0, 1, 0, 0, 1, 0, 0, 1, 1, 1, 0, 0, 0, 0, 0, 0, 1, 1, 1, 1, 0, 0, 1, 0, 1, 0, 1, 1, 0, 0, 1, 0, 0, 0, 0, 0, 0, 1, 1, 0, 1, 1, 1, 0, 0, 1, 0, 1, 0, 0, 1, 1, 0, 1, 0, 0, 0, 1, 1, 0, 1, 0, 0, 0, 0, 0, 0, 0, 0, 0, 1, 0, 0, 0, 1, 0, 0, 0, 1, 0, 1, 0, 1, 1, 1, 0, 1, 1, 0, 0, 0, 1, 0, 1, 0, 1, 0, 1, 0, 0, 1, 1, 0, 0, 0, 1, 1, 0, 1, 1, 0, 0, 0, 0, 0, 0, 1, 0, 1, 0, 0, 0, 0, 0, 1, 1, 1, 0, 1, 0, 0, 1, 1, 0, 0, 1]","[0, 0, 1, 1, 0, 1, 0, 0, 1, 0, 1, 1, 0, 0, 1, 0, 1, 1, 0, 1, 0, 0, 0, 1, 1, 1, 1, 1, 0, 1, 1, 1, 1, 1, 1, 0, 0, 1, 0, 0, 1, 0, 0, 0, 1, 1, 0, 1, 1, 1, 1, 0, 1, 0, 1, 0, 0, 1, 1, 1, 1, 1, 0, 0, 1, 1, 0, 1, 0, 0, 0, 0, 0, 0, 0, 0, 0, 1, 1, 0, 1, 1, 1, 0, 0, 1, 1, 1, 0, 1, 1, 1, 0, 1, 1, 0, 1, 0, 1, 1, 1, 1, 1, 0, 1, 0, 0, 1, 1, 1, 0, 1, 1, 1, 0, 1, 1, 0, 0, 0, 0, 0, 0, 1, 0, 1, 1, 0, 1, 0, 1, 0, 1, 1, 0, 1, 0, 0, 1, 1, 0, 0, 1]","[4.5174384121606665e-117, 1.0535467149642329e-196, 0.9999999938896309, 1.0, 0.0, 1.0, 0.15307139596015754, 1.106571990241725e-47, 1.0, 2.399806781468963e-38, 1.0, 1.0, 0.0, 1.184131999408284e-21, 1.0, 6.841179564196951e-08, 1.0, 1.0, 0.0, 1.0, 1.7746002200538188e-238, 0.0, 0.0, 1.0, 1.0, 1.0, 1.0, 0.9999999999997122, 4.75450039575328e-214, 0.9999999999875904, 0.999999999999698, 1.0, 0.9999999999985789, 1.0, 1.0, 7.033593692192861e-117, 1.3970152727321081e-11, 1.0, 0.0, 1.16e-321, 0.9999999999964544, 3.1638822437081754e-51, 4.13623225765e-313, 4.890669386520486e-288, 1.0, 1.0, 5.823485244270353e-121, 1.0, 1.0, 1.0, 1.0, 0.0, 1.0, 0.0, 1.0, 8.691005589830105e-241, 1.1332098089504283e-34, 1.0, 1.0, 0.9999999999999858, 1.0, 0.9999999988678567, 9.767332110855293e-113, 0.0, 1.0, 1.0, 1.9302459829228047e-14, 1.0, 7.221845944867278e-16, 2.340222170604135e-98, 1.261044517469448e-52, 1.2245190574889664e-109, 0.0, 2.2283954783154188e-07, 0.0, 3.871108293213248e-68, 2.7861918325504633e-160, 1.0, 1.0, 4.5588873538242793e-29, 0.9999999999999929, 1.0, 1.0, 0.0, 1.889453917156e-243, 1.0, 1.0, 1.0, 0.0, 1.0, 1.0, 1.0, 0.0, 1.0, 1.0, 0.0, 1.0, 0.0, 1.0, 1.0, 1.0, 1.0, 1.0, 1.9373390568093032e-26, 1.0, 0.0, 1.7949354006178995e-17, 1.0, 1.0, 1.0, 0.0, 1.0, 0.9999999999977831, 1.0, 4.0008242779684766e-33, 1.0, 1.0, 9.211172471326267e-179, 0.0002863437723407317, 4.653926295119215e-256, 0.0, 0.0, 6.701749607250364e-278, 1.0, 1.048581515252447e-05, 1.0, 1.0, 0.0, 1.0, 0.0, 0.9999999242636506, 4.769145981580428e-52, 1.0, 1.0, 0.0, 1.0, 1.0770267150792924e-31, 1.5908926293188834e-93, 1.0, 1.0, 0.0, 0.0, 1.0]"
Naive Bayes,4,1,"[1, 1, 0, 1, 0, 1, 1, 0, 0, 0, 0, 0, 1, 1, 0, 0, 0, 1, 0, 1, 0, 1, 1, 0, 1, 0, 1, 1, 1, 0, 1, 0, 0, 1, 0, 1, 1, 0, 0, 0, 0, 1, 0, 0, 0, 0, 0, 0, 0, 0, 0, 0, 1, 1, 1, 0, 0, 1, 1, 1, 1, 0, 0, 0, 1, 1, 1, 1, 0, 0, 0, 0, 1, 0, 0, 0, 1, 0, 0, 1, 0, 0, 0, 1, 0, 1, 0, 1, 0, 0, 1, 1, 0, 0, 0, 1, 1, 0, 0, 0, 1, 0, 1, 1, 1, 1, 0, 0, 0, 0, 0, 0, 0, 1, 0, 0, 1, 1, 0, 1, 1, 0, 0, 0, 0, 1, 0, 1, 0, 0, 1, 1, 0, 1, 1, 0, 0, 0, 1, 0, 0, 0, 1]","[1, 1, 0, 0, 1, 1, 1, 1, 0, 0, 0, 0, 1, 1, 1, 0, 0, 0, 0, 1, 0, 1, 0, 0, 1, 0, 1, 1, 1, 0, 1, 0, 0, 1, 0, 1, 1, 0, 0, 1, 1, 1, 0, 1, 0, 0, 1, 0, 0, 0, 0, 0, 1, 1, 0, 0, 0, 1, 1, 1, 0, 0, 0, 0, 1, 1, 1, 1, 0, 0, 0, 0, 1, 1, 0, 0, 1, 1, 0, 1, 1, 0, 0, 1, 1, 1, 0, 1, 1, 0, 0, 1, 0, 0, 0, 1, 1, 0, 0, 0, 1, 0, 1, 1, 1, 1, 0, 1, 0, 0, 0, 0, 1, 1, 0, 0, 1, 1, 0, 1, 1, 0, 0, 1, 0, 1, 0, 1, 0, 0, 1, 1, 0, 1, 1, 1, 0, 0, 1, 0, 0, 0, 1]","[1.0, 1.0, 9.40424576936149e-152, 3.6651618661810115e-32, 1.0, 1.0, 1.0, 1.0, 7.715594250251047e-49, 9.934233438944746e-191, 4.091922863582123e-102, 1.49139718155005e-144, 1.0, 1.0, 1.0, 0.0, 5.2550250134108125e-194, 1.8564540015153004e-11, 0.0, 1.0, 1.978891787830454e-13, 1.0, 1.653757830435922e-18, 0.0, 0.9998147847490416, 0.0, 1.0, 1.0, 1.0, 1.2919307383197985e-288, 1.0, 1.9611374713543785e-54, 0.0, 1.0, 0.0, 1.0, 1.0, 1.4613183777273448e-73, 1.8138243348511921e-12, 0.9999999998294697, 1.0, 1.0, 5.780090512951695e-07, 0.9991466918512212, 3.820639489845678e-91, 0.0, 1.0, 0.0, 0.0, 0.0, 0.0, 0.0, 1.0, 1.0, 1.099417696835461e-92, 2.179062435685711e-48, 6.596542777346327e-157, 1.0, 1.0, 1.0, 1.6940010654132601e-43, 7.83426874511192e-74, 0.004542653780686732, 1.2778783577651647e-18, 1.0, 1.0, 1.0, 1.0, 5.58065102915857e-13, 1.2017916582533758e-20, 1.1875940466767696e-151, 7.001127228447852e-120, 1.0, 0.9999989187807065, 1.9877177842e-313, 0.0, 1.0, 1.0, 1.1925168319734434e-12, 1.0, 1.0, 3.0320095429390856e-08, 0.0, 1.0, 0.9999999999952536, 1.0, 0.0, 1.0, 1.0, 6.418326208224097e-11, 6.884343167395362e-07, 0.9999999999999183, 0.0, 0.0, 0.2110288947356453, 1.0, 1.0, 0.0, 6.454242576359059e-13, 0.0, 1.0, 0.0, 1.0, 1.0, 1.0, 1.0, 4.366145330010879e-238, 1.0, 1.929473968557574e-10, 0.0, 3.1663254526262643e-50, 2.9996825490754016e-260, 0.9999999992575326, 1.0, 0.0, 2.164250048604764e-208, 1.0, 1.0, 5.772722311993288e-97, 1.0, 1.0, 4.529110941923474e-19, 0.0, 0.9999999999999964, 5.33963417412061e-139, 1.0, 0.0, 1.0, 1.2109878253111122e-51, 2.601284732572228e-209, 1.0, 1.0, 8.540342590827043e-266, 1.0, 1.0, 1.0, 0.01028042535989806, 0.0, 1.0, 0.0, 2.111522351136606e-42, 4.037845028797701e-151, 1.0]"
Naive Bayes,5,1,"[0, 0, 0, 0, 0, 0, 0, 0, 0, 1, 1, 0, 0, 0, 1, 1, 0, 1, 0, 1, 1, 1, 0, 0, 0, 0, 0, 0, 1, 0, 1, 1, 0, 1, 1, 0, 0, 0, 1, 0, 1, 0, 1, 1, 0, 1, 0, 0, 0, 1, 0, 0, 0, 1, 1, 0, 1, 1, 0, 0, 1, 0, 0, 0, 0, 1, 0, 1, 0, 1, 0, 1, 1, 0, 0, 1, 0, 1, 1, 1, 1, 1, 1, 1, 0, 0, 1, 0, 0, 0, 0, 1, 1, 1, 0, 0, 1, 0, 1, 0, 0, 0, 0, 0, 1, 0, 0, 0, 0, 1, 0, 0, 0, 1, 0, 1, 0, 1, 1, 1, 0, 0, 1, 0, 0, 1, 0, 0, 0, 0, 0, 0, 1, 0, 0, 1, 1, 1, 0, 0, 0, 0, 0]","[0, 1, 0, 1, 1, 0, 0, 0, 0, 1, 1, 1, 0, 0, 1, 1, 1, 1, 1, 1, 1, 1, 0, 0, 0, 1, 0, 0, 1, 0, 1, 1, 0, 1, 1, 0, 0, 0, 1, 0, 1, 1, 1, 0, 1, 1, 0, 1, 0, 1, 0, 1, 1, 1, 1, 1, 1, 1, 0, 1, 1, 0, 0, 0, 0, 1, 0, 1, 0, 1, 1, 1, 1, 0, 1, 1, 0, 1, 1, 1, 1, 1, 1, 1, 1, 1, 1, 1, 1, 0, 0, 1, 1, 1, 0, 0, 1, 0, 1, 1, 0, 0, 1, 0, 1, 0, 0, 1, 0, 1, 1, 1, 1, 1, 0, 1, 1, 1, 1, 1, 0, 0, 0, 1, 1, 1, 0, 0, 1, 0, 0, 0, 1, 0, 1, 1, 1, 1, 0, 0, 0, 0, 1]","[1.6109084525900982e-196, 0.9999999998842419, 2.3088754430582863e-103, 1.0, 1.0, 0.0, 7.272615004967418e-102, 2.6163113155240573e-08, 1.4571555794408669e-201, 1.0, 1.0, 0.9999973442904796, 3.9230475914471835e-05, 1.5843206327230174e-46, 1.0, 1.0, 1.0, 1.0, 0.9999998307036934, 1.0, 1.0, 1.0, 6.539404382695745e-49, 0.0, 1.0148871649298648e-298, 1.0, 9.784945455350634e-274, 4.48288258319514e-127, 1.0, 0.0, 1.0, 1.0, 1.7263828635163158e-13, 1.0, 1.0, 1.8945830879843668e-110, 2.929796014122471e-39, 1.2546884821322991e-05, 1.0, 3.273010521832693e-184, 1.0, 1.0, 0.9999999999426699, 1.1632321603460962e-05, 1.0, 1.0, 0.0, 1.0, 0.0, 1.0, 7.868626513074835e-203, 1.0, 1.0, 1.0, 1.0, 1.0, 1.0, 1.0, 0.0, 0.9999999999993392, 1.0, 8.54273085201287e-81, 2.7300358763370485e-43, 0.0, 0.0, 1.0, 0.0, 1.0, 1.3180379270702913e-36, 1.0, 1.0, 1.0, 1.0, 1.8609271337070388e-53, 0.9982989684205966, 1.0, 0.0, 1.0, 1.0, 1.0, 1.0, 1.0, 1.0, 1.0, 1.0, 1.0, 1.0, 1.0, 0.9796919884416092, 1.9690392319277687e-22, 0.0, 1.0, 1.0, 1.0, 0.0, 0.0, 1.0, 1.8123681657882534e-117, 1.0, 0.9729158914828547, 1.2304515980878864e-79, 1.7039838750627642e-27, 1.0, 0.0, 1.0, 6.773535398053008e-74, 7.953213977065304e-174, 0.9999999999998543, 4.794737422734444e-07, 1.0, 1.0, 0.9993675013872371, 1.0, 1.0, 1.184199408539468e-217, 1.0, 1.0, 1.0, 1.0, 1.0, 0.0, 3.9933723341665275e-128, 2.2327359931025588e-30, 0.9999566142090885, 1.0, 1.0, 0.0, 1.696786653272984e-54, 1.0, 4.0845513077950564e-66, 4.165084902488336e-78, 7.017038559960293e-33, 1.0, 1.1086914963985716e-54, 1.0, 1.0, 1.0, 1.0, 6.913589722105542e-63, 0.0, 1.529970107511734e-249, 0.0, 1.0]"
Naive Bayes,6,2,"[1, 0, 1, 1, 1, 0, 1, 1, 0, 1, 0, 1, 0, 0, 1, 1, 0, 1, 0, 0, 0, 0, 1, 0, 1, 0, 0, 1, 1, 0, 1, 0, 0, 0, 0, 0, 0, 0, 0, 0, 0, 1, 0, 1, 0, 1, 0, 1, 1, 0, 0, 0, 0, 0, 0, 0, 0, 1, 0, 0, 0, 0, 0, 1, 1, 1, 1, 1, 0, 1, 1, 0, 0, 1, 0, 0, 1, 1, 0, 0, 1, 1, 1, 1, 0, 1, 0, 1, 1, 0, 0, 1, 1, 0, 1, 1, 0, 0, 1, 1, 1, 1, 1, 0, 0, 0, 0, 1, 0, 1, 1, 1, 1, 0, 0, 0, 0, 1, 0, 0, 1, 0, 1, 0, 1, 0, 0, 0, 1, 1, 0, 0, 0, 1, 0, 1, 1, 1, 1, 0, 1, 1, 1]","[1, 0, 1, 1, 1, 0, 0, 1, 1, 1, 1, 1, 0, 0, 1, 0, 1, 1, 0, 0, 0, 0, 1, 0, 1, 0, 0, 1, 1, 0, 1, 0, 1, 0, 0, 0, 0, 0, 0, 1, 1, 1, 0, 1, 0, 1, 1, 1, 1, 0, 0, 0, 0, 0, 0, 1, 0, 1, 0, 1, 0, 0, 0, 1, 1, 1, 1, 0, 0, 1, 1, 0, 0, 1, 0, 0, 1, 1, 0, 0, 1, 1, 1, 1, 0, 1, 0, 1, 1, 1, 1, 1, 1, 0, 1, 1, 0, 1, 1, 1, 1, 1, 1, 0, 0, 0, 1, 1, 1, 1, 1, 1, 1, 0, 1, 0, 1, 1, 1, 0, 1, 1, 1, 1, 1, 0, 0, 0, 1, 1, 0, 1, 1, 1, 0, 1, 1, 1, 0, 1, 1, 1, 1]","[1.0, 2.553945006473595e-200, 1.0, 1.0, 1.0, 0.0, 0.029408842904753905, 1.0, 1.0, 1.0, 1.0, 0.999999999999929, 0.0, 0.0, 1.0, 0.0004953989017794955, 1.0, 1.0, 9.063569436054615e-91, 0.0, 2.3850946645530161e-240, 8.160442138045513e-91, 0.9999673934498273, 3.761734468185487e-57, 1.0, 1.0863439576528744e-39, 0.0, 1.0, 1.0, 0.0, 1.0, 1.0294201105807282e-13, 1.0, 0.0, 1.0222945926640252e-86, 0.0, 2.9897452510411906e-289, 7.07711510566212e-298, 6.538704141640891e-302, 0.9999999999932534, 0.9987804058757884, 1.0, 1.8807609710152973e-83, 1.0, 0.0, 1.0, 1.0, 0.9999999999895977, 0.9166507011669335, 7.867800245392842e-168, 2.741140555478677e-108, 5.784594610027955e-181, 0.0, 0.0, 0.0, 0.999999999999936, 0.0, 1.0, 2.653751101108199e-117, 0.9998983549280885, 0.23729584039179125, 2.3896515509826154e-84, 0.0, 1.0, 1.0, 1.0, 1.0, 4.930588460832997e-42, 5.1343817844289205e-17, 1.0, 1.0, 6.656127221960037e-57, 2.1921467621852524e-160, 1.0, 0.026496261523920907, 2.8543383894280944e-24, 1.0, 1.0, 1.874513503144109e-32, 0.0, 1.0, 1.0, 1.0, 0.9999999999979643, 0.0, 1.0, 5.3593185735307384e-142, 1.0, 1.0, 0.9999941477229163, 1.0, 1.0, 1.0, 0.0, 1.0, 1.0, 1.27450632689768e-16, 1.0, 1.0, 1.0, 1.0, 1.0, 1.0, 1.488301505064707e-205, 2.0522385553231028e-92, 2.224045845804918e-07, 0.999999999999968, 1.0, 0.9999999988280415, 1.0, 1.0, 1.0, 1.0, 8.184263488914931e-220, 0.9954631399294942, 0.0, 1.0, 1.0, 1.0, 0.0, 1.0, 0.9999999999755538, 1.0, 1.0, 1.0, 1.398409906260514e-190, 0.0, 0.0, 1.0, 1.0, 4.80841417333201e-17, 0.9999105867853981, 1.0, 1.0, 4.8771984799679933e-191, 0.999984075569485, 1.0, 1.0, 9.571199990561019e-54, 0.9999999685415522, 1.0, 1.0, 1.0]"
Naive Bayes,7,2,"[0, 1, 0, 0, 0, 1, 1, 0, 1, 0, 0, 0, 1, 1, 0, 1, 0, 1, 1, 1, 1, 1, 1, 0, 1, 0, 1, 1, 0, 1, 0, 1, 0, 1, 1, 0, 0, 0, 1, 0, 0, 1, 1, 0, 1, 0, 0, 1, 1, 1, 0, 1, 1, 1, 0, 1, 0, 1, 1, 1, 1, 0, 0, 1, 0, 0, 0, 1, 0, 1, 0, 0, 0, 1, 0, 1, 0, 1, 1, 0, 0, 1, 1, 1, 1, 1, 1, 1, 1, 0, 0, 1, 0, 0, 0, 0, 1, 0, 1, 1, 0, 1, 0, 1, 0, 0, 0, 0, 0, 1, 0, 1, 1, 1, 0, 0, 1, 0, 1, 0, 1, 0, 1, 1, 0, 0, 1, 1, 0, 0, 0, 1, 0, 0, 0, 1, 0, 0, 0, 0, 1, 0, 0, 1]","[0, 1, 1, 1, 0, 0, 1, 0, 1, 0, 1, 0, 1, 1, 1, 1, 0, 1, 1, 0, 0, 1, 0, 0, 1, 0, 1, 1, 0, 1, 0, 1, 0, 1, 1, 0, 1, 0, 1, 0, 0, 1, 1, 1, 1, 0, 0, 1, 1, 0, 0, 1, 1, 1, 0, 1, 0, 1, 1, 1, 1, 0, 0, 0, 1, 0, 0, 1, 0, 1, 0, 0, 0, 1, 0, 1, 1, 1, 1, 0, 1, 0, 1, 1, 1, 1, 1, 1, 1, 0, 0, 1, 0, 0, 0, 0, 1, 0, 0, 1, 0, 1, 0, 1, 0, 0, 0, 1, 1, 1, 0, 1, 1, 1, 1, 1, 1, 0, 1, 0, 1, 1, 1, 1, 1, 0, 1, 1, 0, 1, 0, 1, 0, 0, 0, 1, 0, 0, 0, 0, 1, 0, 0, 1]","[0.0, 0.9999999999997939, 0.9999886590942966, 1.0, 0.0, 2.5670995636419106e-166, 1.0, 0.0, 1.0, 0.0, 1.0, 4.964375599177408e-71, 1.0, 1.0, 1.0, 1.0, 0.0, 1.0, 1.0, 3.132180296876476e-24, 5.2695474651715125e-05, 1.0, 6.310349503569946e-28, 3.441606018851628e-171, 1.0, 0.0007968366317275837, 1.0, 1.0, 0.0, 0.9999999999666542, 0.0, 1.0, 0.0, 1.0, 1.0, 0.0, 0.9999999475555454, 2.0572850551656004e-82, 1.0, 0.0, 1.990332374849527e-19, 1.0, 1.0, 0.9999999998876064, 1.0, 0.0, 1.9351631745024445e-251, 1.0, 0.9999998961078927, 1.1732263549699332e-259, 1.0118765060059217e-14, 0.9999999999997513, 1.0, 1.0, 0.0, 1.0, 0.0, 1.0, 1.0, 1.0, 0.9999999999999929, 0.0, 0.0, 2.0616473485737426e-41, 0.9999997742117273, 6.225872301159936e-238, 6.47454936883106e-25, 1.0, 7.853837183647371e-165, 1.0, 3.466702338839834e-87, 5.583318945400825e-180, 2.7196159072281727e-111, 1.0, 0.0027012640276074997, 1.0, 1.0, 1.0, 1.0, 0.0, 1.0, 0.0006041760991069822, 1.0, 1.0, 1.0, 1.0, 1.0, 1.0, 1.0, 3.063228315304237e-143, 0.0, 1.0, 0.0, 8.417962649952878e-88, 1.116866844675557e-117, 0.0, 1.0, 0.0, 0.0, 1.0, 1.24791672387724e-122, 1.0, 3.478799794494246e-38, 1.0, 5.1503332794325424e-238, 0.0, 0.0, 1.0, 1.0, 1.0, 9.429952140423986e-66, 1.0, 1.0, 1.0, 1.0, 1.0, 1.0, 0.0, 1.0, 0.0, 1.0, 1.0, 1.0, 1.0, 1.0, 1.5447953699463543e-75, 1.0, 1.0, 7.151387446048397e-130, 0.9999999999999716, 1.1433570883907486e-67, 1.0, 0.0, 0.0, 0.0, 1.0, 2.3131883137958265e-147, 0.061974702932966017, 5.280462513631407e-218, 1.1976724689513359e-83, 1.0, 0.0, 2.2247849101698028e-104, 1.0]"
Naive Bayes,8,2,"[0, 1, 0, 1, 1, 0, 0, 0, 0, 1, 1, 0, 0, 1, 0, 0, 0, 0, 1, 0, 1, 1, 1, 1, 0, 0, 0, 0, 0, 0, 1, 0, 0, 0, 1, 0, 0, 0, 1, 1, 0, 0, 0, 0, 1, 1, 1, 0, 0, 0, 1, 1, 0, 1, 0, 1, 0, 0, 0, 1, 1, 1, 0, 1, 0, 1, 0, 0, 0, 0, 1, 1, 0, 1, 1, 0, 0, 0, 1, 0, 1, 0, 1, 1, 0, 0, 1, 1, 0, 0, 0, 1, 0, 0, 0, 1, 0, 0, 1, 0, 0, 1, 1, 0, 1, 1, 0, 0, 0, 1, 0, 0, 0, 0, 1, 0, 1, 0, 0, 0, 1, 0, 1, 0, 0, 0, 0, 0, 1, 1, 0, 0, 1, 1, 0, 0, 0, 0, 0, 0, 0, 1, 1]","[0, 1, 0, 1, 1, 1, 0, 1, 0, 1, 1, 1, 1, 1, 0, 0, 0, 0, 1, 0, 1, 1, 1, 1, 1, 0, 1, 1, 0, 0, 1, 0, 0, 1, 1, 1, 1, 1, 0, 1, 1, 0, 0, 0, 1, 1, 1, 0, 0, 0, 1, 1, 0, 1, 0, 0, 0, 0, 1, 1, 1, 1, 0, 1, 1, 1, 0, 0, 0, 1, 1, 1, 1, 1, 1, 1, 1, 0, 1, 1, 1, 0, 1, 1, 0, 0, 1, 1, 0, 1, 0, 1, 0, 0, 0, 1, 1, 0, 1, 0, 1, 1, 1, 0, 1, 1, 1, 1, 1, 1, 1, 0, 0, 0, 1, 0, 1, 0, 0, 0, 1, 0, 1, 0, 0, 0, 0, 0, 1, 1, 0, 0, 1, 1, 1, 0, 0, 0, 1, 0, 0, 1, 1]","[1.3204345620053124e-117, 1.0, 3.1302860721326835e-109, 1.0, 1.0, 1.0, 0.0, 0.9999999995710382, 0.0, 1.0, 1.0, 1.0, 1.0, 1.0, 0.0, 1.9924883119979874e-21, 5.323118960584048e-114, 0.0, 1.0, 1.298602573374138e-26, 1.0, 1.0, 1.0, 1.0, 1.0, 2.765398626e-314, 0.9999999999999254, 0.9999999999968523, 2.623702441035438e-291, 0.0, 1.0, 0.0, 2.9723862144893297e-305, 1.0, 1.0, 1.0, 1.0, 1.0, 4.468141084523432e-07, 1.0, 0.9999470882361347, 0.0, 0.0, 0.0, 1.0, 1.0, 0.999999999999936, 0.0, 0.0, 0.0, 1.0, 1.0, 0.0, 1.0, 0.0, 9.945753551918925e-86, 2.549768684402689e-86, 1.889035849471345e-113, 1.0, 1.0, 1.0, 1.0, 1.1568423330504852e-98, 1.0, 1.0, 1.0, 0.0, 0.0, 0.0, 0.9997799389642545, 1.0, 1.0, 1.0, 1.0, 1.0, 0.9999999999999964, 1.0, 0.0, 1.0, 0.9999999799760746, 1.0, 1.9718204594316754e-10, 1.0, 1.0, 0.0, 0.0, 1.0, 1.0, 1.5821874027199705e-09, 1.0, 0.0, 1.0, 0.0, 0.0, 2.717560032051231e-123, 1.0, 0.9395874177222111, 0.0, 1.0, 3.609154399506379e-10, 1.0, 1.0, 1.0, 0.0, 1.0, 1.0, 1.0, 1.0, 1.0, 1.0, 0.9999999999999964, 2.1583300160341992e-08, 1.2523838736907972e-33, 1.3170920202623623e-256, 1.0, 0.00026838261466617316, 1.0, 0.0, 6.56126575475398e-90, 1.753623492562685e-05, 1.0, 0.0, 1.0, 6.613802091076715e-157, 0.0, 2.130267016749687e-254, 1.0002552728075254e-126, 0.0, 1.0, 1.0, 1.8199862440098883e-247, 5.480549737601348e-69, 1.0, 1.0, 0.9988327226198158, 0.38118437851220904, 1.0211535868033143e-225, 0.0, 1.0, 0.0, 2.326930108248728e-268, 1.0, 1.0]"
Naive Bayes,9,2,"[0, 1, 0, 0, 1, 0, 0, 0, 0, 1, 0, 0, 1, 0, 0, 1, 0, 1, 0, 0, 1, 1, 0, 0, 1, 1, 0, 0, 1, 0, 0, 0, 0, 0, 0, 0, 0, 1, 1, 0, 0, 0, 0, 1, 1, 0, 1, 0, 0, 1, 1, 0, 0, 0, 1, 0, 1, 0, 0, 0, 0, 1, 1, 0, 1, 0, 0, 1, 0, 0, 0, 1, 0, 0, 1, 0, 0, 1, 1, 1, 1, 0, 0, 0, 0, 1, 0, 0, 1, 0, 0, 0, 1, 1, 1, 0, 0, 0, 0, 0, 0, 0, 0, 1, 0, 0, 0, 1, 0, 0, 1, 1, 1, 1, 1, 1, 1, 0, 1, 0, 1, 1, 0, 1, 1, 0, 0, 1, 0, 1, 0, 1, 1, 0, 0, 1, 1, 1, 0, 1, 0, 0, 0]","[1, 0, 0, 0, 1, 0, 0, 0, 0, 1, 0, 0, 1, 0, 0, 1, 0, 1, 0, 1, 1, 1, 0, 1, 1, 1, 1, 0, 1, 0, 1, 0, 0, 0, 0, 0, 0, 1, 1, 0, 0, 0, 1, 1, 1, 0, 1, 0, 0, 1, 1, 0, 0, 1, 1, 0, 1, 0, 0, 0, 1, 1, 1, 0, 1, 0, 0, 1, 0, 0, 0, 0, 0, 0, 1, 0, 1, 1, 1, 1, 1, 1, 0, 0, 1, 1, 0, 0, 1, 0, 0, 0, 1, 1, 0, 0, 0, 1, 1, 0, 0, 0, 1, 1, 0, 1, 1, 1, 0, 0, 1, 0, 1, 0, 1, 1, 1, 0, 1, 1, 1, 1, 1, 1, 1, 1, 0, 0, 1, 1, 0, 1, 1, 1, 0, 1, 1, 1, 0, 1, 1, 1, 1]","[1.0, 2.2834322031338533e-29, 1.747894718088301e-48, 3.575087712499075e-31, 1.0, 3.4592521166550576e-47, 5.1691503789729135e-177, 1.0797639477237837e-134, 6.948792381638267e-94, 1.0, 0.0, 3.66722576302126e-39, 1.0, 2.510174697324191e-182, 8.853905001620318e-215, 1.0, 1.1737925184905192e-06, 1.0, 3.1430316208831e-13, 1.0, 1.0, 1.0, 2.392813248221344e-74, 1.0, 1.0, 1.0, 0.9999999999999325, 1.7305655001738405e-222, 1.0, 0.0, 1.0, 0.0, 7.592516620929588e-136, 0.0, 0.0, 2.712061905436886e-117, 1.812986151266396e-12, 1.0, 1.0, 4.903312663e-314, 0.35429652185466726, 4.743714161141173e-198, 1.0, 1.0, 1.0, 9.445428476455196e-123, 1.0, 3.1819046482616555e-63, 0.0, 1.0, 1.0, 0.0, 0.0, 1.0, 1.0, 0.0, 1.0, 0.0, 6.8325802972207316e-93, 1.2902099196772287e-36, 1.0, 1.0, 1.0, 3.22458578228191e-45, 1.0, 0.0, 6.687191847542081e-47, 1.0, 0.0, 0.0, 1.2365181768938639e-56, 1.0145628059776625e-39, 0.0, 1.0819578902074439e-07, 1.0, 3.650012684843165e-30, 1.0, 1.0, 1.0, 1.0, 1.0, 1.0, 2.838998702714083e-12, 1.1807239364249847e-16, 1.0, 1.0, 1.3503028628198518e-286, 1.4095776265413626e-24, 1.0, 2.157371586546158e-06, 0.0, 0.0, 1.0, 1.0, 5.140948073341531e-11, 5.372738969240748e-38, 0.0, 1.0, 0.9316735232235528, 0.0, 0.0, 3.564813110533985e-142, 1.0, 1.0, 7.451457650278868e-30, 1.0, 1.0, 1.0, 0.0, 2.0109507574135585e-18, 1.0, 1.4195130029566132e-18, 1.0, 0.00041949761507941764, 1.0, 1.0, 1.0, 0.0, 1.0, 0.9999999999082405, 1.0, 1.0, 1.0, 1.0, 1.0, 1.0, 3.037522287945206e-138, 3.300794318128413e-40, 0.9996991792171116, 1.0, 0.0, 1.0, 1.0, 1.0, 8.025840318684981e-84, 1.0, 1.0, 1.0, 0.0, 1.0, 1.0, 0.9999839778623316, 0.9999999999999929]"
Naive Bayes,10,2,"[0, 0, 0, 0, 0, 0, 0, 0, 0, 0, 0, 1, 1, 0, 0, 0, 0, 1, 0, 0, 1, 1, 0, 0, 0, 1, 0, 0, 1, 1, 0, 1, 1, 1, 0, 0, 0, 0, 0, 1, 1, 1, 1, 0, 1, 0, 0, 0, 0, 0, 0, 1, 0, 0, 0, 1, 1, 1, 1, 1, 0, 1, 1, 0, 1, 0, 1, 0, 0, 1, 1, 0, 1, 0, 0, 0, 0, 1, 0, 0, 1, 0, 0, 1, 0, 1, 0, 1, 1, 1, 0, 1, 0, 1, 1, 0, 1, 1, 1, 0, 0, 1, 0, 0, 1, 0, 0, 0, 0, 1, 1, 0, 0, 0, 0, 0, 0, 1, 0, 0, 1, 1, 0, 0, 0, 1, 1, 1, 0, 1, 0, 1, 0, 0, 0, 0, 0, 1, 0, 1, 1, 0, 0]","[1, 1, 0, 1, 1, 0, 0, 0, 0, 1, 0, 1, 1, 1, 0, 0, 1, 1, 0, 1, 1, 1, 0, 0, 0, 1, 0, 0, 1, 1, 0, 1, 1, 1, 0, 0, 0, 0, 0, 1, 1, 1, 1, 1, 1, 0, 1, 0, 0, 1, 0, 1, 0, 0, 1, 1, 1, 1, 1, 1, 1, 1, 1, 0, 1, 0, 1, 0, 0, 1, 1, 0, 1, 0, 0, 0, 1, 1, 1, 1, 1, 1, 0, 1, 0, 1, 0, 1, 1, 1, 0, 1, 0, 1, 1, 0, 1, 1, 1, 1, 0, 1, 0, 1, 1, 1, 0, 0, 0, 1, 1, 0, 0, 0, 0, 0, 0, 1, 0, 0, 1, 1, 0, 1, 1, 1, 1, 1, 0, 1, 0, 1, 0, 0, 0, 0, 1, 1, 0, 1, 1, 0, 0]","[1.0, 0.9999999999291624, 3.4343897507604454e-127, 1.0, 1.0, 2.4424021564065916e-20, 1.0082945563085909e-83, 0.0, 5.216406617374734e-97, 1.0, 1.4101925029408494e-06, 1.0, 1.0, 0.9999992317764959, 4.002271996939021e-44, 0.0, 1.0, 1.0, 7.973575503315693e-18, 0.9999999630004488, 1.0, 1.0, 0.0, 0.0, 5.612222229097326e-46, 1.0, 6.862793893659862e-44, 3.75812926717692e-263, 1.0, 1.0, 9.312593884898014e-12, 1.0, 1.0, 1.0, 2.9537154773072347e-103, 8.169485446771139e-37, 2.421787933225591e-60, 1.0791606614802155e-150, 1.9833633708125936e-08, 1.0, 1.0, 1.0, 1.0, 1.0, 1.0, 2.090765163332772e-09, 1.0, 1.071228988521074e-193, 0.007780830010213456, 1.0, 0.0, 1.0, 0.0, 2.2871161446301385e-219, 1.0, 1.0, 1.0, 1.0, 1.0, 1.0, 0.9999999999996945, 1.0, 1.0, 0.0, 1.0, 3.051233897229787e-34, 1.0, 2.9092622901790125e-60, 0.0, 1.0, 1.0, 1.3409887048138566e-13, 1.0, 0.0, 5.967904309824144e-225, 5.798689571457993e-99, 1.0, 1.0, 1.0, 1.0, 1.0, 1.0, 6.906204533732911e-136, 1.0, 5.328675421840511e-06, 0.9999999999999964, 0.0, 1.0, 1.0, 1.0, 0.0, 1.0, 9.64697570302204e-57, 1.0, 1.0, 4.027024566972087e-164, 1.0, 1.0, 1.0, 0.999999999999833, 3.280500787363263e-06, 1.0, 1.0130500438103276e-182, 1.0, 1.0, 0.9998516680521025, 6.537508412629942e-41, 7.146294610251426e-16, 6.143520294522972e-211, 1.0, 1.0, 2.5567214194485395e-163, 2.204514019123704e-216, 1.8049158224182115e-208, 0.0, 2.3898211731322757e-234, 0.17528245654638996, 1.0, 2.2605703215007873e-50, 0.00028377155131522393, 1.0, 1.0, 0.0, 1.0, 1.0, 1.0, 1.0, 1.0, 0.0, 1.0, 0.0, 1.0, 8.162322182799804e-52, 0.0, 7.178224044995955e-28, 7.303041489337609e-52, 1.0, 1.0, 6.824059557878559e-34, 1.0, 1.0, 0.0, 0.0]"
Naive Bayes,11,3,"[1, 1, 1, 0, 0, 0, 1, 0, 0, 0, 0, 0, 1, 1, 1, 1, 0, 0, 0, 0, 0, 1, 0, 1, 0, 0, 0, 1, 0, 1, 0, 1, 0, 0, 0, 0, 1, 0, 0, 0, 0, 1, 0, 1, 0, 0, 1, 1, 0, 0, 1, 0, 1, 1, 0, 1, 0, 0, 0, 0, 0, 1, 0, 0, 0, 1, 1, 1, 1, 1, 1, 1, 0, 0, 1, 0, 0, 1, 1, 0, 1, 1, 0, 1, 0, 0, 0, 1, 1, 0, 1, 1, 1, 0, 0, 1, 1, 0, 0, 1, 0, 0, 0, 1, 1, 0, 1, 0, 1, 0, 0, 0, 0, 0, 0, 0, 0, 0, 0, 1, 0, 1, 0, 1, 0, 1, 0, 0, 1, 0, 1, 0, 0, 0, 0, 0, 0, 0, 0, 0, 0, 1, 1, 1]","[1, 0, 1, 1, 0, 1, 1, 0, 0, 0, 1, 1, 1, 1, 1, 1, 0, 1, 0, 0, 0, 1, 0, 1, 0, 0, 1, 1, 0, 1, 1, 1, 0, 1, 0, 0, 1, 1, 0, 0, 1, 0, 1, 1, 0, 0, 1, 1, 1, 0, 1, 0, 1, 1, 0, 1, 0, 0, 0, 0, 1, 1, 0, 1, 0, 1, 1, 1, 1, 1, 0, 1, 0, 0, 1, 1, 0, 1, 1, 0, 1, 1, 0, 1, 0, 1, 1, 1, 1, 0, 1, 1, 1, 0, 0, 1, 1, 0, 0, 1, 0, 0, 1, 0, 1, 0, 1, 0, 1, 1, 1, 1, 0, 1, 0, 0, 0, 0, 1, 1, 0, 1, 0, 1, 0, 1, 0, 0, 1, 1, 1, 0, 0, 0, 0, 0, 0, 1, 0, 0, 1, 1, 1, 1]","[0.9999999999999929, 1.778147457268319e-156, 1.0, 1.0, 0.0, 1.0, 1.0, 2.328778529492775e-140, 0.0, 9.379108427068499e-170, 1.0, 1.0, 1.0, 1.0, 1.0, 1.0, 1.357590735774414e-171, 1.0, 2.494016156853337e-33, 2.3366672476695407e-142, 5.861059251850487e-38, 1.0, 0.0, 1.0, 0.06295123948326514, 2.0639895733948306e-78, 1.0, 1.0, 0.0, 1.0, 0.9999999999999147, 1.0, 3.2419918979110362e-80, 1.0, 0.0, 6.639530962371393e-106, 1.0, 1.0, 0.0, 0.0, 0.9999999999984297, 8.765463912664817e-262, 0.9999415914073552, 1.0, 4.326419544018759e-108, 4.18013954546826e-132, 1.0, 1.0, 1.0, 0.0, 1.0, 0.0, 1.0, 0.9999999999999929, 0.0, 1.0, 1.4648604958815285e-271, 0.0, 3.7572688750841063e-290, 0.0, 0.9999999999999964, 1.0, 3.016418688821209e-183, 0.9999990369576414, 5.229490271554844e-133, 1.0, 1.0, 1.0, 1.0, 1.0, 5.757406776883529e-68, 1.0, 8.305205480270585e-22, 3.5000711029548075e-177, 1.0, 1.0, 0.0016203659400620596, 1.0, 1.0, 0.0, 1.0, 1.0, 0.0, 1.0, 3.54399822896702e-230, 1.0, 1.0, 1.0, 1.0, 3.47895438853149e-232, 1.0, 1.0, 1.0, 0.0, 4.55408692508211e-147, 1.0, 1.0, 0.0, 0.0, 1.0, 5.692235445553217e-19, 0.0, 1.0, 0.0, 1.0, 6.198972422598269e-35, 1.0, 1.2820556902345094e-248, 1.0, 1.0, 1.0, 1.0, 0.0, 1.0, 1.3017636679377901e-47, 2.873089029529513e-32, 0.0, 0.0, 0.999999999969134, 1.0, 0.0, 1.0, 0.0004541276754513595, 1.0, 1.1076115726926237e-88, 1.0, 0.0, 0.0, 1.0, 1.0, 1.0, 1.4831873578030553e-71, 3.3911412467694688e-304, 1.3366760720192337e-128, 2.6135996382002493e-66, 0.0, 0.0, 0.9380066322045826, 9.222222907027051e-216, 2.000500506714227e-82, 1.0, 1.0, 1.0, 1.0]"
Naive Bayes,12,3,"[1, 0, 0, 0, 0, 1, 0, 0, 1, 0, 0, 0, 0, 0, 0, 0, 0, 1, 1, 0, 1, 0, 1, 1, 1, 0, 0, 0, 1, 1, 0, 0, 0, 1, 0, 0, 0, 1, 0, 0, 0, 0, 1, 0, 1, 0, 0, 1, 1, 1, 1, 0, 1, 0, 1, 0, 0, 0, 0, 1, 0, 0, 1, 1, 1, 1, 0, 1, 1, 1, 0, 0, 0, 1, 0, 0, 1, 1, 0, 0, 0, 1, 1, 1, 1, 0, 0, 0, 1, 0, 0, 1, 1, 0, 0, 1, 1, 0, 1, 1, 0, 1, 1, 1, 0, 0, 0, 1, 1, 1, 1, 0, 1, 1, 0, 0, 0, 0, 1, 1, 0, 1, 1, 1, 0, 1, 0, 1, 1, 1, 0, 0, 1, 1, 0, 0, 1, 0, 1, 0, 1, 0, 0]","[1, 1, 1, 1, 0, 1, 0, 1, 1, 1, 0, 0, 1, 0, 0, 1, 0, 1, 0, 0, 1, 0, 1, 1, 1, 0, 1, 0, 1, 1, 0, 0, 0, 1, 0, 0, 0, 1, 0, 0, 1, 1, 0, 0, 1, 0, 1, 1, 1, 1, 1, 0, 1, 0, 1, 0, 0, 0, 0, 1, 0, 0, 1, 1, 1, 1, 0, 1, 1, 1, 0, 0, 0, 1, 1, 0, 1, 1, 1, 0, 1, 1, 1, 1, 1, 0, 0, 0, 1, 0, 1, 1, 1, 0, 0, 1, 1, 0, 1, 1, 0, 1, 1, 1, 0, 0, 1, 1, 1, 1, 1, 1, 1, 1, 0, 1, 1, 1, 1, 1, 0, 1, 1, 1, 0, 1, 0, 1, 1, 1, 1, 0, 1, 1, 1, 1, 1, 1, 1, 0, 1, 0, 0]","[1.0, 1.0, 0.9999999992053894, 1.0, 4.798593212844397e-132, 0.7659530178916374, 1.145779628915537e-101, 1.0, 1.0, 1.0, 7.309097444279718e-124, 0.0, 0.9999999996255582, 1.613436008161366e-35, 6.6500996565953305e-168, 1.0, 2.2215006492711804e-19, 1.0, 4.774132020901301e-07, 1.2477198653181849e-225, 1.0, 9.307792070080432e-54, 1.0, 1.0, 1.0, 0.0, 0.9999999999999645, 2.717853480493199e-203, 1.0, 1.0, 8.114386516257321e-269, 0.0, 0.0, 1.0, 2.3825183143484482e-306, 1.2274702275407093e-281, 8.545865740082932e-78, 1.0, 1.0993894974409028e-05, 5.31911596157025e-156, 0.9999999999894236, 1.0, 8.865772664184918e-06, 0.0012128142905876065, 1.0, 1.0973950599858679e-307, 1.0, 1.0, 1.0, 0.9999999999990017, 1.0, 2.0897891674382347e-103, 1.0, 0.0, 1.0, 0.0, 0.0, 0.0, 0.0, 1.0, 1.838064318328689e-13, 0.0, 1.0, 1.0, 1.0, 1.0, 7.008354350422965e-53, 1.0, 1.0, 1.0, 1.607496706495268e-14, 7.835511311872983e-22, 4.57280659878555e-30, 0.9999999999998472, 1.0, 0.0, 1.0, 1.0, 0.9999999968191915, 4.706118751670315e-266, 0.9999783328210032, 1.0, 0.9226708188952337, 1.0, 1.0, 0.0, 0.0, 0.0, 1.0, 6.447120413032569e-15, 1.0, 1.0, 1.0, 3.5040205267571605e-116, 3.0453722360615007e-43, 1.0, 1.0, 2.520434822241717e-05, 1.0, 1.0, 2.1962804869957703e-16, 1.0, 1.0, 1.0, 0.0, 1.1303502143716333e-187, 0.9999999999999964, 1.0, 1.0, 1.0, 1.0, 1.0, 1.0, 1.0, 3.211936414582298e-223, 1.0, 1.0, 1.0, 1.0, 1.0, 3.3236718630460183e-177, 1.0, 1.0, 1.0, 5.5999408214590396e-05, 1.0, 1.2175675429674306e-121, 1.0, 0.9999973128229565, 1.0, 1.0, 6.571255860310334e-227, 1.0, 1.0, 1.0, 0.9995113813057207, 1.0, 0.9558019683322243, 1.0, 1.9144495167242703e-89, 1.0, 0.0, 0.0]"
Naive Bayes,13,3,"[1, 0, 0, 1, 1, 0, 1, 0, 0, 1, 0, 1, 1, 0, 1, 0, 0, 1, 1, 0, 0, 1, 0, 0, 1, 1, 1, 0, 0, 0, 0, 0, 0, 1, 0, 1, 0, 0, 1, 0, 1, 0, 1, 1, 0, 1, 1, 1, 1, 0, 1, 0, 1, 1, 1, 0, 0, 0, 0, 1, 0, 1, 1, 0, 1, 1, 0, 0, 0, 1, 1, 0, 0, 0, 0, 0, 0, 1, 0, 1, 0, 1, 1, 0, 1, 1, 0, 1, 0, 1, 0, 0, 0, 0, 1, 0, 0, 0, 0, 1, 0, 1, 1, 1, 1, 1, 0, 1, 1, 0, 0, 0, 0, 0, 1, 0, 0, 0, 1, 1, 0, 0, 0, 1, 0, 0, 0, 0, 1, 0, 1, 0, 1, 0, 1, 0, 0, 0, 0, 1, 0, 1, 0]","[1, 1, 0, 1, 1, 0, 1, 0, 0, 1, 1, 1, 1, 0, 1, 0, 0, 1, 0, 0, 0, 1, 0, 0, 1, 1, 1, 0, 0, 0, 0, 0, 0, 1, 0, 1, 0, 0, 1, 0, 1, 1, 1, 1, 1, 1, 1, 1, 1, 0, 1, 1, 1, 1, 1, 0, 0, 0, 0, 1, 0, 1, 1, 0, 1, 0, 1, 0, 1, 1, 1, 0, 0, 0, 0, 0, 0, 1, 1, 1, 1, 1, 1, 0, 1, 1, 1, 1, 1, 1, 0, 0, 0, 0, 1, 0, 1, 1, 0, 1, 1, 1, 1, 1, 1, 1, 0, 1, 1, 1, 0, 0, 0, 0, 1, 1, 0, 0, 1, 1, 0, 1, 0, 1, 1, 1, 0, 0, 1, 0, 1, 0, 1, 0, 0, 0, 0, 0, 1, 1, 0, 1, 1]","[1.0, 1.0, 4.843284537207371e-265, 1.0, 1.0, 1.8949930448418317e-50, 1.0, 6.463885128321994e-45, 2.4789432397778957e-46, 1.0, 1.0, 1.0, 0.9999999987641957, 4.864513138018278e-223, 1.0, 0.0, 0.0, 1.0, 0.02019885730638305, 0.0, 0.0, 1.0, 1.451930393466983e-110, 0.0, 1.0, 1.0, 1.0, 0.0, 0.0, 0.0, 2.8975210149523155e-142, 2.9834552874776727e-15, 0.0, 1.0, 0.0, 1.0, 0.15343666895789293, 1.3731076381573898e-304, 1.0, 2.931323103954296e-170, 1.0, 1.0, 0.9999999999999858, 1.0, 0.9995123665652104, 1.0, 1.0, 1.0, 1.0, 0.0, 1.0, 1.0, 1.0, 1.0, 0.9380067668494362, 0.0, 0.0, 0.0, 5.056691377164705e-36, 1.0, 0.0, 1.0, 1.0, 0.0, 1.0, 8.010140813928694e-92, 0.999999996712198, 2.596402105163755e-153, 1.0, 1.0, 1.0, 7.642234552965285e-105, 0.0, 0.0, 0.0, 1.884555000943307e-170, 0.0, 1.0, 0.9999999999999822, 1.0, 1.0, 1.0, 1.0, 1.1225730100138243e-255, 1.0, 1.0, 1.0, 1.0, 1.0, 1.0, 0.0, 0.3875487871674749, 0.0, 0.0, 1.0, 0.0, 1.0, 0.7277404784186012, 0.0, 1.0, 0.9999999999999893, 1.0, 1.0, 1.0, 1.0, 1.0, 7.72034106039891e-09, 1.0, 0.5289209755478977, 0.9941826144314349, 4.948196732180848e-10, 2.865229779142694e-39, 0.0, 5.073076396505348e-244, 1.0, 0.9999999998527827, 2.6042979767094247e-05, 0.0, 1.0, 1.0, 1.4008833259023073e-294, 1.0, 1.3799782831267276e-94, 1.0, 1.0, 1.0, 4.2780569707172103e-166, 0.0, 1.0, 0.0, 1.0, 0.0, 1.0, 1.0770105990430046e-71, 7.51029572767347e-59, 0.0, 0.0, 3.6698956783949187e-237, 1.0, 1.0, 0.0, 1.0, 0.999999999999968]"
Naive Bayes,14,3,"[0, 0, 0, 1, 0, 1, 0, 0, 1, 0, 0, 0, 1, 0, 0, 0, 1, 0, 0, 0, 0, 1, 0, 1, 1, 0, 0, 0, 1, 0, 0, 1, 0, 1, 0, 0, 1, 1, 0, 0, 1, 0, 1, 0, 1, 1, 0, 0, 0, 0, 1, 0, 0, 0, 0, 0, 0, 0, 0, 0, 1, 1, 1, 1, 0, 0, 0, 1, 0, 0, 1, 1, 1, 0, 0, 0, 0, 1, 0, 1, 0, 0, 1, 0, 0, 1, 0, 1, 1, 0, 1, 1, 1, 1, 0, 0, 1, 1, 1, 0, 0, 0, 0, 0, 1, 0, 1, 1, 0, 1, 0, 1, 1, 0, 1, 0, 0, 0, 0, 1, 0, 0, 0, 0, 1, 0, 0, 0, 1, 1, 1, 1, 1, 1, 1, 1, 0, 1, 0, 1, 0, 0, 0]","[0, 0, 1, 1, 0, 1, 1, 1, 1, 0, 0, 0, 1, 0, 0, 0, 1, 0, 0, 1, 0, 1, 1, 1, 1, 0, 0, 1, 1, 0, 1, 1, 0, 1, 0, 1, 1, 1, 0, 1, 1, 0, 1, 1, 1, 1, 0, 0, 0, 0, 1, 0, 0, 0, 0, 0, 1, 0, 0, 0, 1, 1, 0, 1, 0, 1, 0, 1, 0, 1, 1, 1, 1, 1, 0, 0, 1, 1, 0, 1, 0, 0, 1, 0, 0, 1, 1, 1, 1, 0, 1, 1, 1, 1, 0, 0, 1, 1, 1, 0, 1, 0, 1, 0, 1, 0, 1, 1, 1, 0, 0, 1, 1, 0, 1, 0, 1, 0, 0, 1, 0, 1, 0, 0, 0, 0, 0, 1, 1, 1, 1, 1, 1, 1, 1, 1, 0, 1, 1, 1, 0, 0, 0]","[1.5152564566629806e-204, 5.011208864048541e-191, 0.9999999972387101, 1.0, 0.0, 1.0, 1.0, 1.0, 0.9999999999998828, 6.906547572178969e-92, 0.0, 0.0, 1.0, 0.0, 0.0, 1.0891116289130944e-09, 1.0, 0.0, 5.186470719415934e-12, 1.0, 3.4869876564209023e-91, 1.0, 1.0, 0.9999999999999858, 0.9999531877490352, 0.0, 1.527734094112461e-38, 0.9999999999989804, 0.9999999999603411, 7.643681320725953e-258, 1.0, 1.0, 1.140557957884841e-114, 1.0, 0.0, 0.9999999999867484, 1.0, 1.0, 1.801746003806161e-11, 1.0, 1.0, 2.6952790142915463e-301, 0.9999999976162464, 0.9999999999999964, 1.0, 1.0, 8.289294615356491e-14, 0.0, 4.4950633095980565e-209, 0.0, 1.0, 0.0, 0.0, 0.0, 8.506668306593638e-238, 6.16495983614512e-44, 0.9999999999907203, 3.11831378210096e-111, 0.0, 0.0, 1.0, 1.0, 7.800035254467027e-40, 1.0, 1.0872381495736186e-07, 0.9913181530423855, 4.8239504200279756e-67, 1.0, 5.741167552840492e-30, 1.0, 1.0, 1.0, 1.0, 1.0, 3.696375566993065e-12, 0.0, 1.0, 1.0, 0.0, 1.0, 2.528680008037075e-24, 2.0311982166591195e-11, 1.0, 0.0, 8.872276412584726e-07, 1.0, 1.0, 1.0, 1.0, 5.7109628682714076e-11, 1.0, 1.0, 0.999999999999929, 1.0, 0.0, 4.047277464083351e-137, 1.0, 1.0, 1.0, 2.786617482381775e-82, 1.0, 0.0, 0.999999998843947, 9.29958623830513e-77, 1.0, 0.0, 1.0, 1.0, 0.9999999999910081, 1.6845346173117647e-18, 2.3646093323368483e-283, 1.0, 1.0, 3.5815337331830253e-175, 1.0, 0.0, 1.0, 0.0, 0.0, 1.0, 6.919601755882891e-07, 1.0, 0.0, 6.673522131806539e-135, 1.9633030784096476e-33, 7.0137135938352e-17, 0.0, 0.9999747912305482, 1.0, 1.0, 1.0, 1.0, 1.0, 1.0, 1.0, 1.0, 7.325337818693933e-57, 1.0, 0.9999999769737757, 1.0, 0.0, 1.464931839698096e-258, 0.0]"
Naive Bayes,15,3,"[0, 1, 0, 1, 0, 1, 1, 0, 0, 0, 1, 1, 1, 1, 1, 0, 0, 0, 1, 0, 1, 1, 0, 1, 1, 1, 0, 1, 0, 0, 1, 0, 1, 0, 1, 0, 0, 1, 0, 0, 0, 1, 0, 1, 1, 0, 1, 0, 0, 0, 0, 0, 0, 0, 1, 1, 0, 1, 1, 1, 0, 1, 0, 0, 1, 0, 0, 0, 0, 0, 0, 1, 0, 0, 1, 1, 1, 1, 0, 0, 0, 1, 1, 0, 0, 0, 1, 1, 0, 0, 1, 0, 1, 0, 0, 1, 1, 1, 1, 0, 0, 0, 0, 0, 1, 0, 0, 1, 1, 0, 0, 1, 0, 0, 1, 0, 1, 1, 1, 0, 0, 1, 1, 1, 0, 0, 0, 1, 1, 0, 1, 0, 0, 0, 0, 0, 1, 0, 0, 1, 1, 0, 1]","[0, 1, 0, 0, 0, 1, 1, 0, 0, 1, 1, 0, 1, 1, 1, 1, 0, 0, 1, 0, 1, 0, 1, 1, 1, 1, 0, 1, 0, 0, 1, 0, 1, 0, 1, 1, 0, 1, 0, 0, 0, 1, 0, 1, 1, 0, 1, 0, 1, 0, 0, 0, 0, 1, 1, 1, 1, 1, 1, 0, 1, 1, 0, 0, 1, 0, 0, 0, 0, 0, 1, 1, 0, 0, 1, 1, 1, 1, 1, 0, 0, 1, 1, 1, 1, 0, 1, 1, 0, 0, 1, 0, 0, 0, 1, 1, 1, 1, 1, 0, 0, 0, 0, 1, 1, 0, 0, 1, 1, 1, 1, 1, 0, 1, 1, 0, 1, 1, 1, 0, 0, 1, 1, 1, 1, 1, 1, 1, 1, 0, 1, 0, 0, 0, 0, 1, 1, 0, 1, 1, 1, 0, 1]","[2.844586700398553e-114, 1.0, 0.0, 5.787965172391758e-28, 1.4056224801317763e-22, 1.0, 1.0, 4.301353834382434e-22, 3.929843984469172e-164, 1.0, 1.0, 1.2038442546043009e-08, 1.0, 1.0, 1.0, 0.999980507073315, 5.01658957570269e-06, 1.6476275468620202e-47, 1.0, 8.008554075042648e-71, 1.0, 1.7914621680200665e-15, 0.9999992742257153, 1.0, 1.0, 1.0, 1.1621887567208189e-253, 1.0, 1.7468807666910473e-47, 3.4044940704643437e-277, 1.0, 0.0, 1.0, 4.2205030575323714e-14, 1.0, 1.0, 6.065831227540155e-12, 1.0, 4.776755090826906e-111, 0.0, 1.5363877440374567e-40, 1.0, 3.2943224768899727e-186, 1.0, 1.0, 4.3679426302269224e-116, 1.0, 0.0, 1.0, 0.0, 0.0, 0.0005786643622148958, 1.087917713880091e-86, 1.0, 1.0, 1.0, 1.0, 1.0, 1.0, 7.212903645638045e-23, 0.6836933162309655, 1.0, 1.019526991621227e-82, 5.201045701904716e-44, 1.0, 0.0, 2.9112731320916005e-37, 4.234305946301403e-53, 1.3074669531950911e-96, 0.0, 1.0, 1.0, 5.880886953534711e-51, 8.769989891932911e-65, 1.0, 1.0, 1.0, 1.0, 0.9819596969311222, 1.8950193147104335e-15, 8.334699201868026e-105, 0.9999999999999964, 1.0, 1.0, 1.0, 0.0, 1.0, 1.0, 0.0, 0.0, 1.0, 1.5706472382259537e-07, 0.000383506995509763, 1.5503828640057203e-35, 1.0, 1.0, 1.0, 1.0, 1.0, 1.7050238244184771e-90, 0.0, 1.3541542375126756e-60, 2.0169499848068581e-28, 1.0, 1.0, 0.0, 1.7200708121627912e-175, 1.0, 1.0, 1.0, 1.0, 1.0, 0.0, 0.9967359618012812, 1.0, 1.984035739908928e-43, 1.0, 1.0, 1.0, 3.2853798825903627e-248, 0.0, 1.0, 1.0, 1.0, 0.9997143723941715, 1.0, 1.0, 1.0, 1.0, 0.0, 1.0, 2.4414480597334976e-55, 0.0, 1.673934609342772e-78, 1.3020474862516064e-30, 1.0, 1.0, 3.0734772615268635e-38, 0.9999875052220731, 1.0, 1.0, 2.2745202039469336e-63, 1.0]"
Naive Bayes,16,4,"[1, 1, 1, 1, 0, 1, 1, 1, 1, 0, 0, 0, 0, 1, 0, 1, 0, 1, 1, 1, 0, 0, 1, 0, 0, 1, 1, 0, 0, 0, 0, 0, 1, 0, 1, 0, 0, 0, 0, 0, 1, 0, 0, 1, 0, 0, 0, 1, 0, 0, 0, 0, 0, 1, 0, 0, 1, 1, 0, 0, 1, 1, 1, 0, 1, 1, 0, 1, 1, 0, 1, 1, 1, 0, 1, 0, 1, 1, 1, 0, 1, 1, 1, 1, 1, 1, 1, 0, 0, 0, 1, 1, 0, 1, 0, 0, 0, 0, 1, 1, 1, 1, 0, 1, 1, 1, 0, 1, 1, 0, 0, 0, 0, 0, 1, 0, 1, 0, 1, 0, 1, 1, 1, 0, 0, 0, 0, 0, 0, 1, 0, 0, 0, 1, 0, 0, 1, 0, 1, 0, 0, 0, 1, 0]","[1, 1, 0, 1, 0, 1, 1, 1, 1, 0, 0, 0, 1, 1, 0, 0, 1, 1, 1, 1, 0, 0, 1, 0, 0, 1, 1, 0, 1, 0, 0, 0, 1, 0, 1, 0, 1, 0, 0, 1, 1, 0, 0, 1, 0, 1, 1, 1, 0, 0, 0, 0, 0, 1, 1, 0, 1, 0, 0, 1, 1, 1, 1, 0, 1, 1, 0, 1, 1, 0, 1, 1, 1, 0, 1, 0, 1, 1, 1, 1, 1, 1, 1, 1, 1, 1, 1, 0, 0, 0, 1, 1, 0, 1, 1, 0, 0, 1, 0, 1, 1, 1, 1, 1, 1, 1, 0, 1, 1, 0, 0, 0, 0, 1, 1, 0, 1, 0, 1, 0, 1, 1, 1, 0, 1, 1, 0, 0, 0, 1, 0, 0, 1, 1, 0, 0, 1, 1, 1, 0, 1, 0, 1, 0]","[1.0, 1.0, 2.157004103634694e-123, 1.0, 2.529234129790925e-169, 1.0, 1.0, 1.0, 0.999999999999929, 0.0, 1.267313405735842e-31, 5.3316620990957425e-51, 0.9999999979396321, 1.0, 6.841499090787846e-218, 8.357229587071843e-07, 1.0, 1.0, 1.0, 1.0, 0.0, 5.588571257580507e-26, 1.0, 1.2994075133415707e-68, 0.0, 1.0, 1.0, 0.0, 0.999999999997069, 0.0, 0.0, 0.0, 1.0, 0.0, 1.0, 0.0, 1.0, 0.06592021033959523, 4.793918815697347e-193, 0.9998110169274834, 0.9999999999999716, 5.447178794464852e-81, 3.763359147150456e-102, 1.0, 0.0, 1.0, 1.0, 1.0, 3.3595482512246124e-133, 0.0, 2.5602544277339304e-224, 0.0, 1.9252625953919522e-107, 1.0, 0.9999999999999751, 0.0, 1.0, 3.591873388465697e-30, 0.020523940190411573, 0.9999999958852044, 1.0, 1.0, 1.0, 1.8166929370097896e-67, 1.0, 1.0, 0.0, 1.0, 1.0, 1.3467806337374646e-30, 1.0, 1.0, 1.0, 0.0, 1.0, 0.0, 1.0, 1.0, 1.0, 1.0, 1.0, 1.0, 1.0, 1.0, 1.0, 1.0, 1.0, 2.965685655966723e-18, 0.0, 0.0, 1.0, 1.0, 1.0003070787942669e-162, 1.0, 1.0, 0.0, 4.842667338689925e-10, 0.9999999999999929, 7.543339736725176e-285, 1.0, 1.0, 1.0, 1.0, 1.0, 1.0, 1.0, 2.125319947687421e-47, 1.0, 1.0, 8.121956298748602e-288, 1.365541225e-315, 1.0068471910476462e-296, 0.0, 1.0, 1.0, 0.0, 1.0, 0.0017839126961197366, 1.0, 3.123823753334377e-07, 1.0, 1.0, 1.0, 2.463608669001242e-21, 0.9997578836238548, 1.0, 2.5647010496563975e-308, 4.5594172910462145e-236, 5.5889716684380405e-99, 1.0, 5.812735000669959e-305, 4.810990900404368e-83, 1.0, 1.0, 0.0, 0.0, 1.0, 0.9999999897537393, 1.0, 4.144431770232823e-166, 0.9990864010282959, 4.781609326748724e-62, 1.0, 0.0]"
Naive Bayes,17,4,"[0, 1, 1, 0, 0, 1, 0, 0, 0, 0, 1, 0, 0, 0, 1, 0, 0, 0, 0, 1, 1, 0, 1, 0, 1, 1, 1, 0, 0, 0, 0, 1, 1, 1, 0, 1, 0, 0, 1, 0, 0, 0, 0, 1, 0, 0, 1, 0, 0, 1, 1, 1, 0, 1, 0, 0, 0, 1, 1, 1, 1, 1, 0, 1, 1, 0, 0, 0, 0, 0, 0, 0, 0, 1, 1, 0, 1, 0, 0, 1, 0, 0, 0, 0, 0, 0, 0, 1, 0, 0, 0, 1, 1, 0, 0, 1, 0, 0, 0, 1, 1, 0, 1, 0, 1, 0, 1, 0, 1, 1, 0, 0, 1, 1, 0, 0, 0, 0, 1, 0, 0, 1, 0, 1, 1, 0, 0, 1, 1, 1, 0, 1, 1, 0, 1, 1, 1, 1, 1, 0, 0, 0, 0]","[0, 1, 1, 0, 0, 0, 0, 1, 1, 0, 1, 0, 0, 0, 1, 0, 0, 0, 0, 0, 0, 0, 1, 0, 1, 1, 1, 0, 0, 1, 0, 1, 1, 1, 0, 1, 0, 0, 1, 0, 0, 0, 1, 1, 1, 1, 1, 0, 1, 1, 1, 1, 1, 1, 0, 0, 0, 1, 1, 1, 1, 1, 0, 1, 1, 0, 0, 0, 0, 0, 0, 0, 0, 1, 1, 0, 0, 0, 0, 1, 0, 0, 0, 0, 1, 1, 1, 1, 0, 1, 1, 0, 1, 1, 0, 1, 0, 0, 1, 1, 1, 0, 1, 0, 1, 0, 1, 1, 1, 1, 0, 0, 1, 1, 0, 0, 0, 1, 1, 1, 1, 1, 1, 1, 1, 1, 1, 1, 1, 1, 0, 1, 1, 0, 1, 1, 1, 0, 1, 1, 1, 0, 1]","[1.0374548348553397e-204, 1.0, 1.0, 1.9559177129347813e-259, 0.0, 0.018924814903239, 0.0, 1.0, 1.0, 1.6151746027657942e-46, 1.0, 0.0, 0.0, 1.0932122478164013e-40, 1.0, 0.0, 0.0, 3.508197292264434e-23, 3.017417781932482e-118, 5.7221006831536195e-09, 0.004660943048805634, 7.613664934808277e-96, 1.0, 2.645759640829352e-110, 1.0, 1.0, 1.0, 1.7e-322, 0.0, 1.0, 2.707916353492507e-122, 1.0, 1.0, 1.0, 2.5865560852802512e-54, 1.0, 0.0, 1.8909106201239793e-08, 1.0, 2.4689417942374402e-70, 1.729816235850979e-173, 3.2333078723679768e-202, 0.9999999999161986, 1.0, 1.0, 1.0, 1.0, 0.0, 1.0, 1.0, 1.0, 1.0, 1.0, 1.0, 0.0, 0.0, 0.0, 1.0, 1.0, 1.0, 1.0, 0.9999999999930118, 0.0, 1.0, 1.0, 6.039145746713255e-176, 0.0, 8.279745234627892e-251, 0.0, 0.0, 2.0252074811311733e-88, 7.492230649747744e-150, 0.0, 1.0, 1.0, 3.1064035908294125e-16, 1.443099473804619e-44, 9.891251660273056e-105, 0.0, 1.0, 9.857408502206892e-56, 7.052171910594192e-115, 0.0, 2.432880028616257e-31, 0.9999999999999822, 1.0, 0.9098757178338199, 1.0, 1.0775391868253445e-145, 1.0, 1.0, 6.150830592473179e-05, 1.0, 1.0, 0.0, 1.0, 0.0, 0.39585414531045926, 1.0, 1.0, 1.0, 2.0305044515426104e-51, 1.0, 2.2741610279277334e-85, 1.0, 1.0364988655344284e-11, 1.0, 1.0, 1.0, 1.0, 3.2742455416673487e-29, 1.368754606624261e-153, 1.0, 1.0, 4.066981481657689e-304, 3.068712549284565e-36, 0.0, 1.0, 1.0, 1.0, 1.0, 1.0, 1.0, 1.0, 1.0, 1.0, 1.0, 1.0, 1.0, 1.0, 2.6748085897665147e-49, 0.9999752512513752, 1.0, 0.0, 1.0, 1.0, 1.0, 1.0868519485978281e-54, 1.0, 0.9999871890051688, 1.0, 0.0, 1.0]"
Naive Bayes,18,4,"[0, 0, 0, 0, 0, 0, 0, 0, 0, 0, 0, 0, 1, 1, 0, 1, 0, 0, 1, 0, 1, 0, 0, 1, 1, 0, 1, 0, 0, 0, 0, 0, 0, 0, 0, 0, 1, 1, 1, 1, 0, 1, 1, 0, 0, 1, 0, 1, 0, 0, 1, 0, 0, 1, 1, 1, 0, 1, 1, 0, 0, 0, 1, 1, 1, 1, 0, 1, 1, 0, 0, 0, 0, 0, 0, 0, 0, 0, 0, 0, 1, 1, 0, 1, 0, 0, 1, 1, 0, 0, 1, 0, 0, 0, 0, 0, 1, 0, 1, 0, 1, 0, 1, 0, 0, 0, 1, 0, 0, 1, 1, 1, 0, 1, 0, 0, 1, 1, 1, 1, 0, 0, 0, 0, 1, 1, 0, 0, 1, 1, 1, 1, 1, 0, 0, 1, 0, 1, 0, 1, 1, 0, 0]","[0, 1, 1, 0, 0, 1, 1, 1, 0, 0, 0, 0, 1, 1, 1, 1, 0, 0, 1, 0, 1, 1, 0, 1, 1, 0, 1, 0, 0, 0, 1, 0, 0, 0, 0, 1, 1, 0, 1, 1, 0, 1, 1, 0, 0, 1, 0, 1, 1, 0, 1, 0, 0, 1, 1, 1, 0, 1, 1, 0, 0, 0, 1, 1, 1, 1, 0, 0, 1, 1, 0, 0, 0, 0, 1, 0, 0, 0, 1, 0, 1, 1, 0, 1, 1, 0, 1, 1, 0, 1, 1, 1, 0, 0, 0, 0, 1, 0, 1, 0, 1, 0, 1, 0, 1, 0, 1, 0, 0, 1, 1, 1, 0, 1, 0, 0, 1, 1, 1, 1, 0, 0, 0, 0, 0, 1, 0, 0, 1, 1, 1, 1, 1, 0, 1, 1, 0, 1, 0, 1, 1, 0, 1]","[3.791039582138059e-201, 0.9999999987100558, 1.0, 1.438913935618061e-45, 4.076232105592074e-17, 1.0, 1.0, 1.0, 9.16802435668817e-89, 0.0, 1.5785095991642182e-103, 4.608416334973729e-09, 1.0, 1.0, 1.0, 1.0, 5.649244179913197e-11, 1.5742940081935928e-90, 1.0, 5.16241946065643e-37, 1.0, 1.0, 2.012099389300504e-210, 0.9999999999916085, 1.0, 4.250940907954972e-210, 1.0, 1.6755674305985553e-11, 0.0, 0.0, 0.9999999999996056, 1.2428108270064816e-288, 0.0, 1.567232944595207e-39, 1.4688826397429675e-286, 0.9999999999991154, 0.9999999998023199, 4.04990251729415e-06, 1.0, 1.0, 1.510703132475788e-115, 1.0, 1.0, 1.9319e-319, 0.0, 1.0, 0.0009135449928976271, 1.0, 1.0, 0.0, 0.999999999999929, 0.0, 0.0, 1.0, 1.0, 1.0, 6.46028618442271e-112, 1.0, 1.0, 2.0067475907028417e-81, 2.3306318206539703e-108, 0.0, 1.0, 1.0, 1.0, 1.0, 7.760851676533937e-95, 1.9660688600699436e-37, 1.0, 1.0, 6.420397954794498e-54, 8.183212860097432e-64, 4.73511712853778e-155, 5.977726376457296e-15, 1.0, 8.442880541481806e-31, 0.0, 4.26176337461048e-11, 1.0, 0.0, 1.0, 1.0, 2.3307523512716263e-273, 1.0, 1.0, 5.078875420273638e-10, 1.0, 1.0, 0.0, 1.0, 1.0, 1.0, 0.0, 2.0186835011406192e-145, 0.0, 4.55139036314145e-10, 1.0, 0.0, 1.0, 7.046377807789515e-81, 1.0, 0.0, 1.0, 1.999633800048413e-195, 1.0, 0.0, 1.0, 0.0, 0.0, 1.0, 1.0, 1.0, 1.7529788546225439e-192, 0.9999999999992326, 0.0, 3.3366093633869104e-07, 1.0, 1.0, 1.0, 1.0, 0.0011300692017546315, 2.8114479917959707e-183, 0.0, 5.965736852832959e-85, 1.9265816147104427e-27, 1.0, 2.2116912325765203e-146, 0.0, 1.0, 1.0, 1.0, 1.0, 1.0, 0.0, 0.9998808387815149, 1.0, 4.558186601853893e-55, 1.0, 1.2787293928842634e-91, 1.0, 1.0, 0.0, 0.9999999999999929]"
Naive Bayes,19,4,"[0, 0, 1, 1, 1, 0, 1, 0, 0, 0, 0, 1, 0, 1, 0, 0, 0, 1, 0, 1, 1, 0, 0, 0, 0, 0, 1, 1, 1, 1, 0, 0, 0, 0, 1, 0, 1, 1, 0, 0, 1, 0, 0, 1, 0, 1, 1, 0, 1, 0, 1, 0, 1, 0, 0, 0, 1, 0, 0, 0, 0, 0, 0, 1, 0, 0, 0, 1, 0, 1, 1, 0, 0, 1, 0, 0, 0, 0, 0, 0, 1, 1, 0, 1, 0, 0, 1, 1, 0, 1, 0, 0, 1, 0, 1, 1, 1, 1, 0, 0, 1, 0, 0, 1, 0, 0, 1, 0, 0, 1, 1, 0, 0, 0, 1, 0, 0, 1, 1, 0, 0, 0, 1, 0, 0, 0, 1, 1, 0, 1, 1, 1, 0, 0, 0, 0, 0, 0, 0, 0, 0, 1, 1]","[0, 1, 1, 1, 0, 0, 1, 0, 0, 0, 0, 1, 0, 1, 1, 0, 0, 1, 1, 1, 1, 0, 1, 1, 0, 1, 1, 1, 1, 1, 1, 0, 1, 0, 1, 0, 1, 1, 0, 0, 0, 1, 0, 1, 1, 1, 1, 0, 1, 0, 1, 0, 1, 0, 0, 0, 0, 0, 1, 0, 0, 0, 1, 1, 0, 0, 1, 1, 0, 1, 1, 1, 0, 1, 0, 1, 0, 1, 0, 0, 1, 1, 0, 1, 1, 0, 1, 1, 0, 1, 0, 0, 1, 1, 1, 1, 1, 1, 1, 0, 0, 0, 1, 1, 1, 1, 1, 1, 0, 1, 1, 0, 1, 0, 1, 0, 0, 1, 1, 0, 0, 0, 1, 0, 0, 0, 1, 1, 1, 1, 1, 1, 0, 0, 1, 0, 0, 0, 0, 0, 0, 1, 1]","[7.369400294801596e-142, 1.0, 1.0, 1.0, 1.9077791246754816e-36, 2.579050508109542e-134, 1.0, 9.086823312818186e-211, 9.583689499444241e-115, 7.037902475579184e-160, 0.0, 1.0, 0.0, 1.0, 1.0, 1.3266353127326576e-06, 0.0, 1.0, 1.0, 1.0, 1.0, 2.8664573918155576e-92, 1.0, 1.0, 3.5026118751846546e-298, 0.99999927346886, 0.9996456296681568, 1.0, 1.0, 1.0, 0.9999999999991935, 0.0, 1.0, 0.0, 1.0, 0.0, 1.0, 1.0, 0.0, 0.0, 4.100715374850305e-201, 1.0, 5.469451338391721e-09, 1.0, 0.9981555682763046, 1.0, 1.0, 7.944818561623875e-12, 1.0, 0.0, 1.0, 0.0, 0.9398848868443734, 0.0, 0.0, 0.0, 2.3380629718126817e-109, 9.47634470224878e-53, 1.0, 2.655244202541558e-19, 8.094916455885258e-11, 0.0, 0.9999171438363436, 1.0, 0.0, 1.784341354944984e-82, 1.0, 1.0, 0.006507360377184983, 1.0, 1.0, 1.0, 1.9544441778813414e-25, 1.0, 4.392274162808235e-301, 0.9999706992313493, 0.0, 0.9999994559760582, 4.421134380352885e-30, 4.999595834201522e-09, 1.0, 1.0, 2.3457383519459952e-45, 0.9999999999999574, 1.0, 0.0, 1.0, 1.0, 0.0, 1.0, 7.150353568847093e-148, 3.104467198733804e-111, 1.0, 1.0, 1.0, 1.0, 1.0, 1.0, 0.9999999999559392, 8.288030542490064e-12, 8.442966511387984e-23, 0.0, 1.0, 1.0, 1.0, 0.8441985009056802, 1.0, 0.9085225439649102, 2.303771089551882e-24, 1.0, 1.0, 8.163009290428252e-225, 0.9999999993649595, 0.0, 1.0, 0.0, 0.0, 1.0, 1.0, 9.418235980228525e-175, 5.717885112192141e-08, 0.0, 1.0, 4.084277383873212e-151, 0.0, 0.0, 1.0, 1.0, 1.0, 1.0, 1.0, 1.0, 6.182031095135479e-49, 0.0, 1.0, 0.0, 3.242811490386288e-45, 6.302622216538424e-283, 0.0, 2.769297129584822e-79, 0.0, 1.0, 1.0]"
Naive Bayes,20,4,"[0, 0, 1, 1, 0, 0, 1, 0, 0, 1, 1, 0, 1, 0, 0, 1, 1, 1, 1, 1, 0, 0, 0, 0, 0, 0, 1, 1, 1, 0, 0, 0, 1, 0, 0, 1, 0, 1, 0, 0, 1, 0, 0, 1, 1, 0, 1, 0, 0, 0, 0, 0, 1, 1, 0, 1, 0, 1, 1, 0, 0, 0, 1, 0, 0, 1, 0, 0, 1, 1, 1, 1, 1, 1, 1, 1, 1, 1, 1, 1, 1, 0, 0, 1, 1, 0, 1, 1, 0, 1, 1, 1, 0, 1, 0, 0, 0, 0, 1, 0, 0, 0, 0, 0, 1, 1, 1, 0, 1, 0, 0, 1, 0, 0, 0, 0, 1, 0, 0, 1, 0, 0, 1, 1, 0, 1, 0, 0, 0, 0, 0, 1, 0, 0, 0, 0, 0, 0, 1, 1, 1, 0, 1]","[1, 1, 1, 1, 1, 0, 1, 1, 1, 1, 1, 0, 1, 1, 0, 1, 1, 0, 1, 1, 0, 0, 0, 0, 1, 0, 1, 1, 1, 0, 0, 0, 1, 1, 0, 1, 0, 1, 0, 0, 1, 0, 0, 1, 1, 1, 1, 0, 0, 0, 0, 1, 1, 1, 0, 1, 1, 1, 1, 0, 1, 0, 1, 0, 0, 1, 0, 0, 1, 1, 1, 1, 1, 1, 1, 1, 1, 1, 1, 1, 1, 1, 0, 1, 1, 0, 1, 1, 0, 1, 1, 1, 0, 0, 0, 1, 0, 0, 1, 0, 0, 1, 0, 0, 1, 1, 1, 0, 1, 1, 1, 1, 1, 0, 1, 0, 1, 0, 1, 1, 0, 0, 1, 1, 0, 1, 1, 0, 1, 1, 1, 1, 1, 0, 0, 0, 1, 0, 1, 1, 1, 0, 1]","[1.0, 0.9999999998934719, 1.0, 1.0, 1.0, 0.0, 1.0, 1.0, 1.0, 1.0, 0.9999999999999858, 1.1098168405648835e-195, 1.0, 0.9999982632319889, 7.333311199582414e-45, 1.0, 1.0, 1.5927136019502086e-14, 1.0, 1.0, 0.0, 0.0, 6.66631046391299e-25, 0.0, 0.593591523966354, 2.3870297178789543e-47, 1.0, 1.0, 1.0, 5.80820671778111e-45, 8.639182241203553e-266, 2.4848705255478488e-123, 1.0, 0.999999999997975, 8.384894496944764e-13, 1.0, 3.805519923139616e-10, 1.0, 2.2841485567809898e-107, 9.641348396785751e-76, 1.0, 7.348266197415657e-288, 4.678570781833763e-09, 1.0, 1.0, 1.0, 1.0, 0.0, 7.000386143079617e-197, 0.0, 2.162007514506824e-32, 1.0, 1.0, 1.0, 0.0, 1.0, 1.0, 1.0, 1.0, 0.2088569972290993, 0.9999999999996234, 1.247529576806842e-41, 1.0, 0.0, 0.0, 1.0, 0.0, 3.5058936614796373e-35, 1.0, 1.0, 1.0, 1.0, 1.0, 1.0, 1.0, 1.0, 1.0, 1.0, 1.0, 1.0, 0.9999999999999325, 1.0, 8.981359044631858e-101, 1.0, 1.0, 0.0, 1.0, 1.0, 0.0, 1.0, 1.0, 1.0, 3.2435015436009836e-06, 0.0507080832878788, 0.0, 0.981928235345476, 0.0, 7.195947836942531e-58, 1.0, 1.8324094168847301e-26, 0.0, 0.9999999998996145, 6.796122472045754e-72, 6.919442144746564e-169, 1.0, 1.0, 1.0, 4.956675430948373e-16, 1.0, 1.0, 1.0, 1.0, 1.0, 3.422369643430779e-203, 0.9999999999999964, 4.291124499312027e-42, 1.0, 3.6289646298257866e-211, 0.9999999999991651, 1.0, 3.493971040018596e-238, 0.0, 1.0, 1.0, 1.1337521822788766e-51, 1.0, 1.0, 0.0, 0.9999549986195981, 1.0, 1.0, 1.0, 1.0, 0.0, 1.2280690901258132e-52, 1.3950084615595047e-75, 0.9879605694473957, 9.043774733080301e-29, 1.0, 1.0, 1.0, 0.0, 1.0]"
Naive Bayes,21,5,"[0, 1, 1, 1, 1, 0, 1, 0, 0, 0, 1, 0, 0, 0, 0, 1, 1, 1, 0, 0, 0, 0, 1, 0, 0, 1, 0, 1, 0, 0, 1, 0, 1, 0, 0, 1, 0, 1, 0, 1, 1, 0, 1, 0, 0, 0, 0, 0, 1, 0, 1, 0, 0, 1, 1, 1, 1, 1, 0, 1, 1, 1, 1, 0, 1, 0, 0, 1, 0, 1, 1, 1, 0, 1, 0, 0, 0, 1, 0, 1, 1, 0, 1, 1, 1, 0, 0, 1, 1, 0, 0, 0, 1, 0, 0, 1, 0, 1, 0, 1, 0, 1, 1, 0, 0, 0, 1, 0, 1, 0, 0, 0, 0, 1, 1, 1, 0, 1, 0, 0, 1, 0, 0, 0, 0, 1, 0, 1, 0, 1, 1, 0, 0, 1, 0, 1, 0, 0, 0, 0, 0, 1, 0, 1]","[1, 1, 1, 1, 1, 1, 1, 0, 1, 0, 1, 0, 0, 0, 0, 1, 1, 0, 1, 1, 1, 0, 0, 0, 0, 1, 1, 1, 0, 1, 1, 0, 1, 0, 0, 1, 0, 1, 0, 1, 1, 1, 1, 0, 0, 1, 0, 1, 1, 0, 1, 0, 0, 1, 1, 1, 1, 1, 0, 1, 1, 1, 1, 0, 1, 0, 1, 1, 0, 1, 1, 1, 0, 1, 0, 1, 1, 1, 1, 1, 1, 0, 1, 1, 1, 0, 0, 1, 1, 0, 0, 0, 1, 0, 1, 1, 1, 1, 0, 1, 0, 1, 1, 1, 1, 0, 1, 0, 1, 0, 0, 1, 1, 1, 1, 1, 0, 1, 0, 1, 1, 0, 1, 0, 0, 1, 0, 1, 1, 1, 1, 0, 1, 1, 0, 1, 0, 0, 1, 1, 1, 1, 0, 1]","[0.9999999995320188, 1.0, 1.0, 1.0, 1.0, 1.0, 1.0, 0.0, 1.0, 1.6604041475876113e-39, 1.0, 0.0, 0.0, 1.2713087515795115e-82, 0.0, 1.0, 0.9999999999999432, 6.31108656932201e-08, 1.0, 1.0, 1.0, 0.0, 0.1489504154407145, 8.900769227472519e-84, 5.511989882599062e-52, 1.0, 0.9999999999999893, 1.0, 0.0, 0.9999999999913527, 1.0, 9.202380147928892e-261, 1.0, 6.2453245752547435e-273, 6.502910872427771e-76, 1.0, 5.637502769837764e-150, 1.0, 1.09339290912208e-269, 1.0, 0.9999999999325659, 0.9998038665539325, 1.0, 1.3798270604413283e-56, 1.2460264946545762e-12, 1.0, 0.006129196408914145, 1.0, 1.0, 0.0, 1.0, 0.0, 4.875236199370788e-106, 1.0, 1.0, 1.0, 1.0, 1.0, 4.446036358833407e-91, 1.0, 1.0, 1.0, 1.0, 0.0, 1.0, 1.0824901301072007e-20, 0.9999999999999964, 1.0, 0.0, 1.0, 1.0, 0.9999999999999609, 0.0, 1.0, 1.1546232054501485e-124, 1.0, 1.0, 1.0, 1.0, 1.0, 1.0, 4.7768319203095223e-135, 1.0, 1.0, 1.0, 0.0, 1.4674953803392585e-14, 1.0, 1.0, 7.042607618757626e-185, 1.570840711054183e-85, 4.3999537902945284e-42, 1.0, 1.4882158510937164e-08, 1.0, 1.0, 0.9999999998246452, 1.0, 4.3917074676381864e-70, 1.0, 7.285956738085773e-16, 1.0, 1.0, 1.0, 0.9999686315542167, 1.7431526465354056e-06, 1.0, 8.513335732767792e-33, 1.0, 6.436036053645e-209, 5.8967541269484e-234, 1.0, 0.9999999999993321, 1.0, 1.0, 1.0, 0.010639689596880792, 1.0, 2.9235031620259817e-80, 1.0, 1.0, 3.626410083920986e-14, 1.0, 5.26460619681195e-139, 4.10042204e-316, 1.0, 1.2038661399122766e-116, 1.0, 1.0, 0.9999949230968408, 1.0, 3.5929293355137375e-76, 1.0, 1.0, 3.5913384030488353e-219, 1.0, 0.0, 0.0, 0.9999999970320701, 0.9999999068128859, 0.9999991722331332, 1.0, 0.0, 1.0]"
Naive Bayes,22,5,"[0, 0, 1, 1, 0, 1, 0, 0, 1, 0, 0, 0, 1, 1, 1, 1, 0, 0, 0, 0, 1, 1, 0, 0, 1, 1, 1, 0, 0, 1, 0, 0, 0, 0, 1, 0, 1, 0, 0, 0, 0, 1, 0, 0, 1, 0, 1, 1, 1, 1, 0, 0, 1, 0, 1, 0, 1, 1, 1, 0, 0, 1, 0, 1, 1, 0, 0, 0, 0, 1, 1, 1, 0, 0, 1, 1, 0, 0, 0, 1, 0, 1, 0, 1, 0, 0, 1, 0, 1, 0, 1, 1, 0, 1, 1, 1, 1, 0, 1, 0, 0, 0, 1, 1, 1, 1, 1, 1, 0, 0, 0, 1, 0, 0, 1, 0, 0, 1, 1, 0, 1, 1, 0, 0, 1, 1, 0, 0, 0, 1, 1, 0, 1, 0, 1, 0, 0, 1, 0, 1, 0, 1, 0]","[1, 1, 1, 1, 1, 1, 1, 0, 1, 0, 0, 0, 1, 1, 1, 0, 0, 0, 0, 0, 1, 1, 0, 0, 1, 1, 1, 0, 0, 1, 0, 0, 0, 0, 1, 1, 1, 0, 0, 0, 1, 1, 0, 0, 1, 1, 1, 1, 1, 1, 0, 1, 1, 0, 1, 0, 1, 1, 1, 0, 0, 1, 0, 1, 1, 1, 0, 0, 1, 1, 1, 1, 1, 0, 1, 1, 1, 1, 0, 1, 0, 1, 0, 1, 1, 0, 1, 0, 1, 0, 1, 1, 0, 1, 1, 1, 1, 0, 1, 0, 0, 1, 1, 1, 1, 1, 1, 1, 1, 0, 1, 1, 1, 0, 1, 0, 1, 1, 1, 1, 1, 1, 0, 0, 1, 1, 0, 1, 0, 1, 1, 0, 1, 0, 1, 1, 0, 1, 0, 1, 0, 1, 1]","[1.0, 1.0, 1.0, 1.0, 1.0, 1.0, 1.0, 1.347909977344074e-19, 1.0, 0.0, 1.605734788034944e-32, 5.329799298960411e-158, 1.0, 1.0, 1.0, 8.635997636098997e-06, 4.975105537310291e-80, 6.382218133200578e-64, 3.759895825819767e-215, 9.588490212303407e-17, 1.0, 1.0, 7.329989367520378e-33, 0.0, 1.0, 1.0, 1.0, 0.0, 4.1561354074039086e-193, 1.0, 2.1867828601130864e-09, 0.0, 0.0, 6.2466786344151755e-102, 1.0, 0.9999999999998366, 1.0, 0.0, 0.0, 0.0002444898749592525, 1.0, 1.0, 0.0, 4.940234456348671e-139, 1.0, 1.0, 1.0, 1.0, 1.0, 1.0, 6.450912669196993e-292, 1.0, 1.0, 5.219643745222868e-189, 1.0, 0.0, 1.0, 1.0, 0.9999999999999893, 0.0, 0.0, 1.0, 1.6795105399092398e-78, 1.0, 1.0, 0.9999999999999964, 0.0, 2.4570736305774723e-37, 0.9999999999566924, 1.0, 1.0, 1.0, 1.0, 9.920655397367433e-05, 1.0, 1.0, 1.0, 1.0, 0.0, 1.0, 4.7525753162846024e-219, 1.0, 0.0, 1.0, 0.9999999999999858, 8.553699943207725e-20, 1.0, 0.0011630524665882111, 1.0, 8.435848600839989e-07, 1.0, 1.0, 0.0, 1.0, 1.0, 1.0, 1.0, 0.0, 1.0, 0.00041965694934376383, 0.0, 1.0, 1.0, 1.0, 1.0, 1.0, 1.0, 1.0, 1.0, 2.468224825297886e-178, 1.0, 1.0, 1.0, 0.0, 1.0, 3.664797974095551e-15, 1.0, 1.0, 1.0, 0.9999999999968345, 1.0, 1.0, 0.0, 1.1062576814142119e-248, 1.0, 1.0, 0.0, 1.0, 6.191368332251659e-222, 1.0, 1.0, 0.0, 1.0, 3.2878668524174197e-60, 1.0, 1.0, 7.144428626357065e-30, 1.0, 5.2353687646968774e-198, 1.0, 3.3993932374578396e-123, 1.0, 1.0]"
Naive Bayes,23,5,"[0, 1, 0, 0, 0, 0, 1, 0, 0, 0, 0, 0, 0, 1, 1, 0, 0, 1, 1, 0, 0, 0, 1, 1, 0, 1, 1, 0, 1, 1, 0, 0, 0, 1, 0, 0, 0, 0, 0, 0, 0, 1, 0, 0, 1, 0, 1, 0, 0, 1, 0, 1, 0, 0, 0, 0, 0, 0, 1, 1, 0, 0, 1, 0, 1, 1, 0, 0, 0, 0, 0, 1, 0, 1, 1, 0, 0, 0, 0, 1, 0, 0, 1, 0, 1, 1, 1, 0, 0, 1, 0, 1, 1, 0, 1, 0, 1, 0, 0, 1, 0, 0, 1, 0, 0, 1, 0, 0, 0, 1, 1, 1, 0, 0, 1, 0, 1, 0, 0, 0, 1, 1, 1, 0, 1, 0, 1, 1, 0, 1, 1, 1, 1, 1, 0, 0, 0, 0, 0, 1, 0, 1, 1]","[0, 1, 0, 1, 0, 0, 0, 0, 1, 0, 0, 0, 0, 1, 1, 0, 0, 1, 1, 1, 0, 1, 1, 1, 0, 1, 1, 0, 1, 1, 0, 1, 0, 1, 0, 0, 0, 0, 0, 1, 1, 1, 0, 1, 0, 0, 1, 0, 1, 1, 0, 1, 1, 0, 0, 0, 0, 0, 1, 1, 0, 0, 1, 0, 0, 0, 0, 0, 0, 0, 1, 1, 0, 1, 1, 0, 0, 0, 0, 1, 0, 1, 1, 1, 1, 1, 1, 1, 0, 1, 0, 1, 1, 1, 1, 0, 1, 1, 0, 1, 0, 0, 1, 0, 1, 1, 0, 0, 0, 1, 1, 1, 0, 1, 1, 0, 1, 1, 1, 0, 1, 1, 1, 1, 1, 0, 1, 1, 1, 1, 1, 1, 1, 1, 0, 0, 0, 0, 0, 1, 0, 1, 1]","[4.156116869287922e-223, 1.0, 5.552466451932073e-207, 1.0, 0.0, 6.127552086186872e-145, 0.036328299186112314, 0.0, 1.0, 2.7555337356797808e-98, 0.0, 9.901566853761385e-112, 2.0722949510777715e-10, 1.0, 1.0, 0.0, 4.0525824991421105e-11, 1.0, 1.0, 1.0, 0.0, 1.0, 0.9999694501692455, 1.0, 2.8057084508435576e-54, 1.0, 1.0, 6.1644398947531734e-226, 0.999999999986418, 1.0, 3.234707944817702e-141, 1.0, 0.0, 1.0, 2.6226106586308747e-115, 0.0, 2.672747150727021e-302, 1.0382321564668791e-70, 8.077453885091752e-11, 1.0, 1.0, 1.0, 1.0730114867064e-311, 0.9999999999985896, 2.0272114182826385e-08, 4.395918150566521e-06, 1.0, 7.452376010141239e-128, 0.9997336316174031, 1.0, 1.108763723070719e-87, 1.0, 1.0, 0.0, 0.0, 0.0, 0.0, 0.0, 0.9999999999972786, 0.9164178967050288, 2.7760308082056415e-176, 0.0, 1.0, 0.0, 1.838729645745675e-26, 4.657288229235646e-90, 0.35025059862888236, 5.246245551382122e-88, 1.396675082659228e-151, 0.0, 1.0, 1.0, 5.324096756474598e-41, 1.0, 1.0, 3.369006610045442e-59, 1.717916488096956e-169, 0.03681765447154826, 4.6870609503819333e-17, 1.0, 1.0660153025341787e-33, 1.0, 1.0, 0.9999999606702169, 0.9999999999999964, 1.0, 1.0, 1.0, 1.8338397350698475e-11, 1.0, 0.0, 1.0, 1.0, 1.0, 1.0, 0.0, 0.9999999999999822, 1.0, 0.0, 1.0, 4.2754396526253294e-91, 0.0, 1.0, 6.830912170973294e-67, 1.0, 1.0, 2.8592221862009882e-28, 2.9392176790853676e-186, 1.5245888714571824e-155, 1.0, 1.0, 1.0, 0.0, 1.0, 0.9987929656932399, 2.4271091244085754e-35, 1.0, 1.0, 1.0, 4.219149856668905e-05, 1.0, 1.0, 1.0, 1.0, 1.0, 3.9249398031641206e-60, 1.0, 1.0, 0.9999641292078081, 1.0, 1.0, 1.0, 1.0, 1.0, 0.045684612485743334, 0.0, 2.7986284937339965e-40, 0.0, 0.0, 1.0, 9.02344118670415e-280, 1.0, 1.0]"
Naive Bayes,24,5,"[1, 0, 1, 1, 0, 0, 1, 0, 0, 0, 1, 0, 0, 1, 0, 0, 1, 1, 1, 1, 0, 0, 0, 0, 0, 1, 0, 1, 0, 0, 1, 0, 1, 1, 1, 0, 1, 0, 1, 0, 0, 1, 1, 0, 1, 1, 0, 0, 0, 0, 0, 0, 1, 1, 1, 0, 0, 1, 1, 0, 0, 0, 1, 0, 1, 1, 0, 1, 0, 0, 0, 0, 0, 0, 0, 1, 1, 1, 0, 0, 0, 0, 0, 1, 1, 1, 0, 0, 1, 0, 0, 0, 1, 1, 0, 0, 0, 1, 0, 0, 1, 0, 0, 1, 1, 0, 0, 1, 0, 0, 1, 0, 1, 0, 1, 0, 1, 0, 0, 1, 0, 0, 0, 0, 0, 1, 1, 0, 1, 1, 0, 0, 0, 0, 1, 0, 0, 0, 0, 1, 1, 0, 0]","[1, 1, 1, 1, 0, 0, 1, 1, 0, 0, 1, 0, 0, 1, 1, 0, 1, 1, 0, 1, 0, 0, 0, 0, 0, 1, 1, 1, 0, 0, 1, 0, 1, 1, 1, 1, 1, 0, 1, 1, 1, 1, 1, 0, 1, 1, 0, 0, 0, 0, 0, 0, 1, 1, 1, 0, 0, 1, 1, 1, 0, 0, 1, 0, 1, 0, 0, 0, 0, 0, 0, 0, 0, 1, 0, 1, 1, 1, 1, 1, 0, 0, 1, 0, 1, 1, 0, 0, 1, 0, 0, 1, 1, 1, 0, 0, 1, 1, 1, 0, 1, 0, 1, 1, 1, 0, 0, 0, 0, 1, 1, 0, 1, 1, 1, 0, 1, 0, 0, 1, 0, 0, 0, 0, 0, 1, 1, 1, 1, 1, 0, 0, 0, 0, 1, 1, 0, 0, 1, 1, 1, 0, 0]","[1.0, 0.999999999064876, 1.0, 1.0, 2.0310333893252776e-44, 2.061548996034043e-133, 1.0, 1.0, 0.0, 8.456599001193508e-214, 1.0, 4.216271246623606e-05, 0.0, 1.0, 1.0, 7.84071858586804e-117, 1.0, 1.0, 8.118287976436867e-18, 1.0, 0.0, 6.223804054690167e-109, 3.4127204126880547e-26, 0.0, 0.4418631970589091, 1.0, 0.9999999999997726, 1.0, 2.2612633496480406e-266, 9.423470741891868e-292, 1.0, 0.0, 1.0, 1.0, 1.0, 1.0, 1.0, 3.6703414251e-313, 1.0, 0.9999999999926104, 1.0, 1.0, 1.0, 0.0, 1.0, 1.0, 1.7409846164948343e-111, 0.0, 3.6264359843758663e-187, 0.0, 0.0, 1.4721631475874636e-36, 1.0, 1.0, 1.0, 0.0, 0.0, 1.0, 1.0, 0.9999999999965787, 7.160378324866837e-115, 2.9339201504125755e-14, 1.0, 0.0, 1.0, 2.563366637944357e-44, 1.457269485626377e-15, 4.309149461046227e-40, 0.0, 0.0, 0.0, 3.424510379789892e-67, 2.4284473915597776e-68, 1.0, 1.1670321328201004e-29, 1.0, 1.0, 1.0, 1.0, 0.9820380528330431, 1.7125401546783964e-17, 8.844620923989263e-286, 1.0, 0.0015773931873805723, 1.0, 1.0, 0.0, 5.8855062219676766e-09, 1.0, 1.914098077271951e-37, 0.0, 0.9567866027564009, 1.0, 1.0, 0.0, 5.008173164864132e-125, 1.0, 1.0, 0.9299271995208244, 0.0, 1.0, 1.9850144580005377e-83, 0.9999999999999964, 1.0, 1.0, 0.0, 2.4420283428611175e-08, 1.2084922990431729e-18, 1.0443180659079011e-291, 1.0, 1.0, 2.6240464753278016e-222, 1.0, 0.9999999999999929, 1.0, 0.0, 1.0, 1.201213140684586e-241, 0.0, 1.0, 0.0, 1.4036844815471696e-193, 3.734813343469142e-260, 0.0, 0.0, 1.0, 1.0, 1.0, 1.0, 1.0, 3.858519172021884e-48, 1.1057294023087746e-197, 0.0, 1.0377357256144113e-58, 1.0, 1.0, 0.0, 0.0, 1.0, 1.0, 1.0, 4.388151996075634e-96, 2.207154128915572e-49]"
Naive Bayes,25,5,"[0, 1, 0, 1, 1, 0, 0, 0, 1, 0, 0, 0, 0, 1, 1, 0, 0, 1, 0, 1, 0, 1, 0, 1, 0, 1, 1, 0, 0, 0, 0, 0, 0, 1, 0, 0, 0, 0, 1, 0, 0, 1, 1, 1, 0, 1, 1, 0, 1, 1, 0, 0, 0, 0, 1, 0, 1, 0, 0, 0, 0, 1, 0, 0, 0, 0, 1, 0, 0, 0, 0, 1, 1, 1, 1, 1, 1, 1, 1, 1, 0, 0, 0, 1, 0, 1, 0, 1, 0, 1, 0, 0, 1, 1, 0, 1, 0, 0, 1, 0, 0, 0, 1, 1, 0, 1, 0, 1, 0, 1, 0, 1, 0, 0, 0, 0, 0, 1, 0, 0, 0, 1, 0, 0, 0, 0, 1, 1, 0, 1, 1, 1, 1, 0, 0, 1, 0, 1, 1, 0, 0, 0, 0]","[0, 1, 0, 0, 0, 0, 0, 0, 1, 1, 0, 1, 1, 1, 1, 0, 0, 1, 0, 1, 1, 1, 0, 1, 1, 1, 1, 0, 0, 0, 1, 0, 0, 1, 0, 0, 0, 0, 1, 0, 0, 1, 0, 1, 0, 1, 1, 0, 1, 1, 0, 0, 1, 0, 1, 1, 1, 0, 0, 0, 0, 1, 0, 0, 0, 0, 1, 0, 0, 0, 0, 1, 1, 1, 1, 1, 1, 1, 1, 1, 0, 0, 0, 1, 1, 1, 0, 1, 0, 1, 1, 0, 0, 1, 1, 1, 0, 0, 1, 0, 0, 0, 1, 0, 0, 1, 1, 1, 0, 1, 0, 1, 0, 0, 1, 0, 0, 1, 0, 0, 0, 0, 0, 1, 0, 0, 1, 1, 0, 0, 1, 1, 1, 0, 0, 1, 1, 1, 1, 0, 0, 0, 1]","[1.5387893280449677e-209, 1.0, 0.0, 5.168224845709765e-181, 3.4579233149172636e-57, 1.395495954760222e-93, 6.546048527610902e-200, 4.288374642017389e-30, 1.0, 1.0, 9.926e-321, 0.9999988619564572, 1.0, 1.0, 1.0, 0.03830652146788917, 1.2229803484601554e-97, 1.0, 4.1402620046958416e-47, 1.0, 0.9994653441298367, 0.9999999999999787, 0.0, 1.0, 0.9999999999995453, 1.0, 1.0, 0.0, 0.0, 2.244621148432278e-93, 1.0, 0.0, 1.7515505685787705e-28, 1.0, 2.8265102172971896e-28, 0.0, 6.725103932079293e-97, 5.247726171772842e-85, 1.0, 3.6923610122989517e-08, 0.0, 1.0, 7.658142174830189e-305, 0.9999999999977653, 0.0, 1.0, 1.0, 0.0, 1.0, 0.999999999999936, 0.0, 0.0, 1.0, 0.0, 1.0, 1.0, 1.0, 7.606867838942226e-05, 3.1205597086416705e-167, 0.0, 5.841744016680615e-80, 1.0, 0.0, 0.0, 2.6593566539768035e-101, 5.535712854241143e-176, 1.0, 3.3333778631158245e-103, 8.062189683715744e-208, 0.12842616126971343, 0.0, 1.0, 1.0, 1.0, 1.0, 1.0, 1.0, 1.0, 1.0, 1.0, 1.5939398338411883e-21, 0.0, 7.376495934237609e-196, 1.0, 1.0, 1.0, 0.0, 1.0, 0.0, 1.0, 1.0, 0.0, 4.403561154640579e-05, 1.0, 0.9999999999999964, 1.0, 0.0, 0.0, 1.0, 1.9934234940973868e-235, 0.0, 2.8416519339235946e-56, 1.0, 0.0, 0.0, 1.0, 0.9999998765436763, 1.0, 5.0814172165160815e-05, 1.0, 2.572332700788379e-83, 1.0, 0.0, 0.0, 1.0, 0.0, 1.4662937595265297e-14, 1.0, 0.0, 5.342635065698155e-270, 1.187233425533349e-15, 1.890572888774731e-48, 4.423378066493096e-07, 0.9999999999999858, 0.0, 0.0, 1.0, 1.0, 1.090392096349398e-138, 1.1744411470760123e-114, 1.0, 1.0, 1.0, 1.3488047497518705e-59, 3.748519515357921e-115, 1.0, 1.0, 1.0, 1.0, 5.704314412110699e-116, 0.0, 0.0, 0.9999999993454693]"
Naive Bayes,26,6,"[0, 0, 1, 1, 0, 0, 1, 1, 1, 0, 0, 0, 0, 1, 0, 0, 1, 1, 0, 1, 1, 0, 0, 0, 1, 1, 0, 1, 0, 0, 1, 0, 1, 0, 1, 0, 0, 0, 0, 1, 0, 0, 0, 1, 0, 1, 0, 0, 0, 1, 1, 0, 1, 1, 1, 0, 0, 0, 1, 1, 0, 0, 0, 0, 1, 0, 0, 1, 1, 1, 1, 1, 1, 0, 0, 0, 1, 0, 0, 1, 1, 1, 1, 0, 1, 1, 1, 0, 0, 0, 1, 1, 0, 0, 0, 0, 1, 1, 0, 0, 1, 1, 1, 1, 0, 1, 1, 1, 1, 0, 1, 1, 0, 1, 0, 0, 0, 1, 1, 0, 0, 0, 0, 0, 0, 1, 0, 1, 1, 0, 1, 1, 1, 1, 0, 1, 1, 0, 1, 0, 1, 0, 1]","[0, 1, 1, 1, 0, 1, 1, 1, 1, 0, 0, 0, 1, 1, 1, 0, 0, 1, 0, 1, 1, 0, 0, 0, 1, 1, 0, 1, 0, 0, 1, 0, 1, 0, 1, 0, 0, 0, 0, 1, 1, 0, 0, 0, 1, 1, 0, 0, 0, 1, 1, 0, 1, 1, 1, 0, 0, 0, 1, 1, 0, 0, 0, 0, 1, 0, 1, 1, 1, 1, 0, 1, 1, 0, 0, 0, 1, 0, 1, 1, 1, 1, 1, 0, 1, 1, 1, 0, 0, 1, 1, 1, 0, 0, 1, 0, 1, 1, 0, 0, 0, 1, 1, 1, 1, 1, 1, 1, 1, 0, 1, 1, 0, 1, 0, 0, 1, 1, 1, 0, 0, 0, 0, 1, 1, 1, 1, 1, 1, 0, 1, 1, 1, 1, 1, 1, 1, 0, 1, 0, 1, 1, 1]","[5.992141104162175e-278, 0.9999996626297475, 1.0, 1.0, 4.326407699455352e-180, 1.0, 1.0, 0.9999999999996305, 1.0, 9.28085192584748e-33, 0.0, 0.0, 0.9999999858545793, 1.0, 1.0, 1.8562344973154906e-150, 0.00305016719599103, 1.0, 0.0, 0.996228618747779, 1.0, 1.556126350952515e-74, 5.6803288804180584e-52, 0.0, 1.0, 1.0, 0.0, 0.9999999999694467, 0.0, 0.0, 1.0, 0.0, 1.0, 4.260474340417076e-21, 1.0, 6.861250766410655e-156, 0.0, 0.0, 1.7312828060380517e-13, 1.0, 0.9999999998685425, 2.4258050893833476e-205, 0.0, 1.2804770491587038e-219, 0.9987263771462184, 1.0, 3.0387786997997233e-89, 0.0, 0.0, 1.0, 1.0, 0.0, 0.9999999999839524, 1.0, 0.9999999999999964, 8.86121111376914e-230, 3.0000253399371195e-144, 4.085685113914386e-116, 1.0, 1.0, 0.0, 5.643343061846543e-157, 0.00018815776788493461, 3.0492617763337993e-114, 1.0, 0.0, 1.0, 1.0, 1.0, 1.0, 3.1906889235312587e-52, 1.0, 1.0, 1.5292179981227644e-149, 5.674514567628421e-74, 0.0, 0.9999999999858744, 0.0, 0.9989300485716595, 1.0, 1.0, 1.0, 1.0, 0.0, 1.0, 1.0, 0.7806859129725691, 1.9431779044341816e-21, 0.0, 1.0, 1.0, 1.0, 0.0, 3.5437435202933504e-289, 1.0, 0.0, 1.0, 1.0, 7.24211146153094e-13, 0.0, 1.185e-319, 1.0, 1.0, 1.0, 0.9999999992539372, 1.0, 1.0, 1.0, 1.0, 2.4020612936160026e-50, 1.0, 1.0, 6.494127980223562e-27, 1.0, 9.0167e-319, 0.0, 1.0, 1.0, 1.0, 6.632384047905294e-254, 0.0, 0.0, 1.8943821741133886e-24, 1.0, 0.9807169472375371, 1.0, 1.0, 1.0, 1.0, 1.0513593759356033e-257, 0.9999928562551272, 1.0, 1.0, 1.0, 1.0, 1.0, 1.0, 5.068470038665443e-186, 1.0, 0.0, 1.0, 0.9999999999965503, 1.0]"
Naive Bayes,27,6,"[0, 0, 1, 1, 0, 0, 0, 0, 0, 1, 1, 1, 0, 0, 0, 0, 1, 0, 1, 1, 1, 1, 0, 1, 0, 1, 1, 0, 0, 0, 1, 0, 0, 1, 0, 0, 0, 1, 1, 0, 1, 0, 1, 0, 0, 1, 0, 0, 1, 1, 1, 1, 0, 0, 1, 1, 1, 1, 0, 0, 1, 1, 0, 0, 0, 1, 0, 0, 1, 1, 1, 1, 1, 0, 0, 0, 1, 0, 1, 0, 1, 0, 0, 1, 1, 0, 0, 1, 1, 1, 1, 0, 0, 0, 1, 1, 1, 0, 0, 1, 1, 1, 0, 1, 1, 1, 1, 0, 0, 0, 0, 0, 1, 0, 1, 0, 1, 0, 1, 0, 1, 0, 1, 1, 0, 0, 1, 0, 0, 0, 0, 1, 1, 1, 0, 0, 0, 0, 1, 1, 0, 0, 1]","[0, 1, 1, 1, 0, 1, 1, 0, 0, 1, 0, 1, 0, 0, 0, 0, 1, 0, 1, 1, 1, 1, 1, 1, 0, 1, 1, 1, 1, 0, 1, 0, 1, 1, 0, 1, 0, 1, 1, 1, 1, 1, 1, 1, 0, 1, 0, 1, 1, 1, 1, 1, 1, 1, 1, 1, 1, 1, 0, 0, 1, 1, 0, 0, 1, 1, 0, 0, 1, 1, 1, 1, 1, 0, 0, 1, 1, 1, 1, 0, 1, 0, 1, 1, 1, 1, 1, 1, 0, 1, 1, 0, 0, 1, 1, 1, 1, 0, 0, 1, 1, 1, 0, 1, 1, 1, 1, 1, 1, 1, 1, 0, 1, 1, 1, 1, 1, 0, 1, 0, 1, 0, 0, 1, 0, 0, 1, 0, 0, 0, 0, 1, 1, 1, 1, 0, 0, 0, 1, 1, 1, 0, 1]","[4.519692742123473e-193, 1.0, 1.0, 0.6702819567424958, 0.0, 1.0, 1.0, 3.904640966462626e-86, 2.8724349522957657e-100, 0.9999999824077862, 3.8082310400344e-19, 1.0, 0.0, 0.0, 1.418546172953339e-16, 2.0750875476726888e-86, 1.0, 3.5244008162787912e-87, 1.0, 1.0, 1.0, 1.0, 0.9999999999999645, 1.0, 3.923536323424191e-205, 1.0, 1.0, 1.0, 0.9999999991534594, 2.2510982341307445e-15, 1.0, 0.0, 1.0, 1.0, 9.393752053235e-312, 0.9999999999999147, 3.578965299780266e-285, 1.0, 1.0, 1.0, 1.0, 1.0, 1.0, 0.9999999999995808, 0.0010691833854942997, 1.0, 7.052563296833081e-113, 0.9999794279385209, 1.0, 1.0, 1.0, 1.0, 1.0, 1.0, 1.0, 1.0, 0.9999999999997691, 0.7999446844264049, 1.116945435367722e-172, 0.0, 1.0, 1.0, 0.0, 0.0, 0.9999999994931628, 1.0, 1.3806487095254866e-17, 3.8305159559008606e-148, 1.0, 1.0, 1.0, 1.0, 1.0, 0.013310273112408694, 8.115217900829573e-22, 0.9999999999999964, 1.0, 1.0, 1.0, 0.0, 1.0, 1.0933652102076934e-129, 1.0, 1.0, 1.0, 0.9999999985837107, 1.0, 1.0, 6.897527097795074e-15, 1.0, 1.0, 0.0, 1.9147873691183403e-140, 1.0, 1.0, 1.0, 1.0, 0.0, 0.0, 1.0, 1.0, 1.0, 2.221623882336997e-17, 1.0, 1.0, 1.0, 1.0, 1.0, 1.0, 1.0, 0.9999469433036476, 2.1123055301321598e-07, 1.0, 1.0, 1.0, 0.9999999999794937, 1.0, 9.40667207416184e-262, 1.0, 6.266237650597253e-09, 1.0, 7.58973111360515e-07, 7.781906920583759e-47, 1.0, 0.0, 1.6723667167961985e-121, 1.0, 3.967704177058325e-44, 0.0, 6.428751437661897e-81, 0.0, 1.0, 1.0, 1.0, 1.0, 3.0866810579971384e-18, 0.0, 2.64192019622815e-55, 1.0, 1.0, 1.0, 3.839474571005503e-246, 1.0]"
Naive Bayes,28,6,"[0, 0, 0, 0, 1, 1, 0, 0, 1, 0, 0, 0, 0, 1, 0, 1, 0, 1, 1, 0, 0, 1, 0, 0, 1, 1, 0, 0, 0, 0, 0, 0, 1, 0, 0, 0, 0, 0, 0, 1, 0, 1, 1, 1, 0, 0, 0, 0, 0, 1, 1, 1, 0, 0, 0, 0, 1, 1, 0, 1, 0, 1, 0, 0, 0, 0, 1, 0, 0, 1, 1, 1, 0, 0, 0, 0, 0, 0, 1, 0, 0, 0, 1, 0, 1, 1, 0, 1, 0, 0, 0, 1, 0, 1, 0, 0, 1, 0, 1, 1, 0, 0, 0, 0, 0, 0, 0, 0, 0, 0, 1, 0, 1, 0, 0, 1, 0, 1, 0, 1, 1, 0, 1, 1, 1, 1, 0, 1, 0, 0, 0, 0, 1, 1, 1, 0, 0, 0, 1, 0, 0, 1, 0, 1]","[0, 1, 1, 0, 0, 0, 0, 0, 1, 1, 1, 1, 0, 1, 0, 1, 1, 1, 1, 0, 1, 0, 1, 1, 1, 1, 0, 0, 1, 0, 0, 0, 1, 0, 0, 0, 0, 0, 0, 1, 1, 1, 1, 1, 1, 0, 0, 0, 0, 1, 1, 1, 1, 0, 1, 0, 1, 1, 0, 1, 1, 1, 0, 0, 1, 0, 1, 0, 1, 1, 1, 1, 1, 0, 0, 1, 1, 0, 1, 0, 0, 0, 1, 0, 1, 1, 0, 1, 0, 0, 1, 1, 0, 1, 1, 1, 1, 0, 1, 1, 1, 1, 1, 0, 0, 1, 0, 1, 0, 1, 1, 0, 1, 0, 0, 1, 0, 1, 1, 1, 1, 0, 1, 1, 1, 1, 0, 1, 0, 0, 0, 0, 1, 1, 1, 0, 0, 0, 1, 0, 1, 1, 0, 1]","[8.572146670930337e-126, 0.9999999989919246, 1.0, 9.291296305365634e-267, 1.0462533056045665e-110, 3.9113367564213284e-30, 4.200509570968209e-111, 8.633250713289682e-08, 1.0, 1.0, 1.0, 1.0, 1.148441348364206e-44, 1.0, 0.0, 1.0, 1.0, 1.0, 1.0, 0.0, 1.0, 8.461473870113278e-12, 1.0, 0.9999993970082712, 1.0, 1.0, 1.6107006727396146e-111, 0.0, 0.9999999999999964, 2.5047581541855204e-52, 1.8272806045517337e-305, 0.0, 1.0, 4.181443544772214e-114, 1.1080163061584084e-84, 0.0, 3.4384992601299914e-304, 5.955414932577101e-183, 0.0, 0.9999999989644834, 1.0, 0.9999999999999893, 1.0, 1.0, 1.0, 0.0, 0.0, 0.0, 8.017886364257918e-06, 1.0, 1.0, 1.0, 1.0, 0.0, 0.9999999999999787, 0.0, 1.0, 1.0, 1.6016573444501072e-60, 1.0, 1.0, 1.0, 9.589401047169403e-08, 0.0, 0.9998987024999008, 2.589834265021545e-73, 1.0, 1.7471187690798973e-32, 1.0, 1.0, 1.0, 1.0, 1.0, 0.0, 0.0, 1.0, 1.0, 2.439649808900075e-12, 1.0, 0.0, 5.023045535802088e-10, 3.122505607582598e-09, 1.0, 0.0, 1.0, 1.0, 0.0, 1.0, 0.0, 4.953750624742126e-132, 0.8316483823328282, 1.0, 1.2569175493959361e-82, 1.0, 1.0, 0.999999999998856, 1.0, 2.245521884943049e-09, 1.0, 1.0, 1.0, 1.0, 0.9999999999999858, 9.499616837817128e-35, 0.0, 1.0, 9.290559426686343e-277, 1.0, 5.312475434744796e-243, 0.999999999995481, 1.0, 0.0001601596387362453, 1.0, 0.0, 0.0, 1.0, 0.007361840370403044, 1.0, 1.0, 1.0, 1.0, 8.014157995089556e-94, 1.0, 1.0, 1.0, 1.0, 8.797073669625657e-261, 1.0, 0.0, 0.0, 3.978884433861535e-260, 6.914611567559489e-74, 1.0, 1.0, 1.0, 0.03799141228669327, 0.0, 0.0, 1.0, 1.1418590812876563e-230, 0.9999810596890631, 1.0, 0.0, 1.0]"
Naive Bayes,29,6,"[1, 1, 0, 1, 1, 1, 1, 0, 0, 0, 1, 0, 0, 0, 1, 0, 1, 0, 0, 1, 1, 0, 1, 1, 1, 0, 1, 1, 0, 1, 0, 0, 0, 0, 0, 0, 1, 0, 0, 1, 0, 1, 1, 1, 0, 0, 0, 1, 0, 1, 1, 0, 0, 0, 0, 0, 1, 0, 0, 1, 1, 0, 1, 0, 0, 1, 0, 0, 1, 0, 1, 0, 0, 1, 0, 0, 0, 1, 0, 1, 0, 1, 1, 0, 1, 0, 0, 0, 1, 0, 1, 0, 1, 0, 0, 0, 0, 1, 1, 0, 1, 0, 1, 0, 0, 1, 1, 1, 0, 0, 0, 0, 1, 0, 0, 0, 1, 0, 0, 1, 0, 1, 0, 1, 1, 0, 1, 1, 0, 0, 0, 1, 1, 1, 1, 1, 0, 0, 0, 0, 1, 0, 0]","[1, 1, 0, 1, 1, 1, 1, 0, 0, 0, 1, 1, 0, 0, 1, 0, 1, 1, 0, 1, 1, 0, 1, 1, 1, 0, 1, 1, 1, 1, 0, 0, 0, 0, 0, 0, 1, 1, 1, 1, 0, 0, 1, 1, 0, 1, 0, 1, 0, 1, 1, 0, 0, 0, 0, 0, 1, 0, 0, 1, 1, 1, 0, 0, 0, 1, 0, 0, 1, 0, 1, 0, 0, 1, 0, 0, 0, 1, 1, 1, 0, 1, 1, 0, 1, 1, 0, 0, 1, 0, 1, 0, 1, 0, 1, 1, 0, 1, 1, 1, 1, 0, 1, 0, 0, 1, 1, 1, 0, 0, 1, 0, 1, 1, 0, 0, 1, 1, 0, 1, 0, 1, 0, 1, 1, 1, 1, 1, 0, 1, 0, 1, 1, 1, 1, 0, 0, 1, 0, 0, 1, 0, 0]","[1.0, 1.0, 0.0, 1.0, 1.0, 1.0, 1.0, 0.0, 5.820326483087063e-139, 1.6027223692837417e-45, 1.0, 1.0, 0.0, 1.9956814598415706e-40, 1.0, 0.0, 1.0, 1.0, 0.0002204325617520279, 1.0, 1.0, 1.2311473755433784e-22, 1.0, 1.0, 1.0, 0.0, 1.0, 1.0, 0.7079787569574829, 1.0, 8.763705829233145e-227, 1.3200778183478694e-142, 0.0, 0.0, 3.2973767981593737e-12, 4.021942713936145e-54, 1.0, 0.6002867845207349, 1.0, 1.0, 1.740681965e-315, 1.2690890840915897e-07, 1.0, 1.0, 0.0, 1.0, 0.0, 1.0, 0.0, 1.0, 1.0, 0.0, 0.0, 0.0, 0.0, 2.8213168292358796e-35, 1.0, 0.0, 0.0, 1.0, 1.0, 0.9999442550230183, 2.0289204229978435e-92, 3.2326371227616666e-154, 0.0, 1.0, 0.0, 1.3622942755937122e-14, 1.0, 0.0, 1.0, 4.4991435451932626e-105, 0.0, 1.0, 0.0, 0.0, 3.551063631442761e-74, 1.0, 1.0, 1.0, 1.4591125702161844e-16, 1.0, 1.0, 3.7330755768441294e-32, 1.0, 1.0, 1.2292024285340318e-09, 6.828059698651423e-20, 1.0, 1.9080804729372956e-257, 1.0, 1.10994214e-316, 1.0, 0.0, 1.0, 1.0, 0.0, 1.0, 1.0, 1.0, 1.0, 1.9259713312850112e-38, 0.9999999999999822, 0.0, 4.367415193175609e-93, 1.0, 1.0, 1.0, 1.2770888530962708e-54, 3.024216938343521e-66, 1.0, 9.537132507078908e-11, 1.0, 1.0, 0.0, 1.528089682911494e-160, 1.0, 1.0, 0.0, 0.9999999989048547, 0.0, 1.0, 2.404930204964299e-251, 1.0, 1.0, 1.0, 1.0, 1.0, 2.3978277986309866e-59, 1.0, 0.0, 1.0, 1.0, 1.0, 1.0, 4.576048691449964e-59, 1.542517948014842e-39, 1.0, 1.88832860000267e-97, 2.1671741459180411e-38, 1.0, 1.1909609899885046e-52, 0.0]"
Naive Bayes,30,6,"[0, 0, 1, 0, 0, 0, 1, 0, 0, 0, 0, 1, 0, 0, 1, 1, 0, 0, 0, 1, 0, 0, 0, 1, 0, 1, 0, 0, 0, 1, 1, 0, 1, 1, 0, 0, 0, 1, 0, 0, 0, 1, 1, 1, 0, 1, 0, 0, 0, 1, 0, 0, 0, 0, 0, 1, 1, 1, 0, 0, 0, 0, 0, 1, 1, 0, 1, 0, 1, 0, 1, 0, 0, 1, 1, 1, 0, 1, 0, 0, 1, 1, 1, 0, 1, 0, 0, 1, 1, 1, 1, 0, 0, 1, 0, 0, 0, 1, 0, 0, 0, 0, 0, 0, 1, 1, 1, 1, 1, 0, 0, 1, 0, 1, 0, 0, 1, 0, 0, 0, 1, 0, 0, 0, 0, 0, 0, 0, 1, 0, 0, 0, 0, 1, 0, 0, 0, 1, 1, 0, 0, 0, 0]","[1, 0, 1, 0, 0, 0, 1, 1, 0, 0, 0, 1, 1, 0, 1, 1, 0, 1, 0, 0, 0, 0, 0, 1, 0, 1, 0, 1, 0, 1, 1, 0, 1, 1, 1, 0, 0, 1, 0, 0, 0, 1, 1, 1, 1, 1, 0, 0, 0, 1, 0, 0, 0, 0, 1, 1, 1, 0, 0, 1, 0, 0, 0, 1, 1, 0, 1, 0, 0, 0, 1, 0, 0, 1, 1, 1, 1, 1, 0, 1, 1, 1, 1, 0, 1, 0, 0, 1, 1, 1, 1, 1, 0, 1, 0, 0, 0, 1, 0, 1, 0, 0, 0, 0, 1, 1, 1, 1, 0, 0, 0, 1, 0, 1, 1, 0, 1, 0, 0, 0, 1, 0, 0, 1, 1, 1, 0, 1, 1, 0, 0, 0, 0, 1, 0, 1, 1, 1, 1, 0, 0, 1, 0]","[1.0, 3.6561498405452776e-48, 1.0, 5.796768532002599e-174, 3.0842203759656668e-93, 0.0, 1.0, 1.0, 5.5618604336787205e-09, 2.011002066785879e-180, 2.84460141047431e-214, 1.0, 0.9999817624868499, 8.1052503049177e-50, 1.0, 1.0, 5.729850032869837e-74, 1.0, 6.315136847676658e-246, 1.6960024999737933e-17, 1.1235666502492978e-20, 0.0, 3.162723924200907e-26, 1.0, 8.612045073624503e-52, 1.0, 5.089364724884445e-268, 0.9999999999993783, 0.0, 1.0, 1.0, 7.514882444526691e-291, 1.0, 1.0, 1.0, 1.3070755255225706e-41, 2.19467848e-315, 1.0, 1.3936280695719446e-67, 6.0102407460824445e-195, 7.129751118473027e-11, 1.0, 1.0, 1.0, 1.0, 1.0, 2.9168121576587004e-11, 1.775814141576664e-83, 0.0, 1.0, 0.0, 7.469983494303183e-216, 0.0, 4.9785117262653244e-244, 1.0, 1.0, 1.0, 1.2865781986740878e-23, 1.7049443300520636e-43, 0.9999999999974634, 2.617332892418532e-85, 9.173644059568506e-114, 6.169945095657282e-44, 1.0, 1.0, 0.0, 1.0, 1.7464113023652756e-38, 8.047523050781364e-44, 2.063166066545064e-102, 1.0, 4.0388460093843354e-53, 0.0, 1.0, 1.0, 1.0, 0.9854315927939459, 1.0, 2.267097824889275e-110, 1.0, 1.0, 1.0, 1.0, 9.625859633794242e-24, 1.0, 8.664665495595848e-06, 0.0, 1.0, 1.0, 1.0, 1.0, 0.9464970992560362, 0.0, 1.0, 0.0, 3.9249889114861107e-140, 1.5262909853758714e-95, 1.0, 7.037372663089304e-29, 1.0, 0.0, 4.9864821899086564e-79, 3.248239989725683e-27, 5.261855853109499e-183, 1.0, 1.0, 1.0, 1.0, 1.9055423598865035e-18, 1.257619904268903e-292, 2.129210760890374e-202, 1.0, 2.783594093342302e-222, 1.0, 0.9984771248530983, 5.324623416766441e-47, 1.0, 6.843231905572298e-182, 0.0, 8.022871097993227e-261, 1.0, 0.0, 1.0576068653829341e-137, 0.9995158102741594, 1.0, 1.0, 1.1074236896588646e-155, 1.0, 1.0, 2.1486138633891325e-58, 0.0, 2.80215538089945e-82, 1.5562116030918439e-31, 1.0, 0.0, 0.9999999964045649, 0.9999654984182769, 1.0, 1.0, 0.0, 7.878750463708703e-67, 1.0, 0.0]"
Naive Bayes,31,7,"[0, 1, 0, 1, 1, 1, 0, 1, 0, 0, 0, 0, 0, 0, 1, 0, 1, 1, 1, 0, 1, 0, 0, 1, 1, 0, 0, 1, 0, 1, 0, 0, 0, 0, 1, 0, 1, 0, 1, 0, 0, 0, 1, 0, 0, 1, 1, 0, 0, 1, 0, 0, 1, 0, 1, 1, 0, 0, 0, 1, 0, 0, 0, 0, 0, 0, 0, 0, 1, 1, 1, 1, 0, 1, 0, 0, 1, 0, 1, 0, 1, 1, 0, 0, 1, 1, 0, 1, 1, 0, 1, 0, 0, 0, 0, 0, 1, 0, 0, 1, 1, 1, 0, 1, 0, 0, 1, 0, 0, 0, 0, 0, 1, 0, 0, 0, 1, 0, 0, 0, 1, 1, 1, 1, 0, 1, 0, 1, 1, 1, 0, 0, 0, 1, 1, 1, 0, 1, 1, 0, 0, 0, 0, 1]","[1, 1, 0, 1, 1, 1, 1, 1, 1, 0, 1, 1, 0, 0, 0, 1, 1, 1, 0, 0, 0, 0, 0, 1, 1, 0, 0, 1, 0, 1, 0, 0, 1, 0, 1, 0, 1, 0, 1, 1, 0, 0, 1, 1, 0, 1, 1, 0, 0, 1, 1, 0, 1, 1, 1, 1, 0, 0, 0, 1, 0, 0, 0, 1, 0, 0, 1, 0, 1, 1, 0, 1, 0, 1, 1, 0, 1, 1, 1, 1, 1, 1, 1, 1, 1, 1, 0, 1, 1, 0, 1, 0, 0, 0, 0, 0, 1, 0, 0, 1, 1, 1, 0, 1, 0, 1, 1, 1, 1, 0, 0, 1, 1, 0, 0, 0, 1, 0, 1, 0, 1, 1, 1, 1, 0, 1, 1, 1, 1, 1, 0, 0, 1, 1, 1, 1, 0, 1, 1, 0, 1, 0, 0, 1]","[0.9999999994666098, 1.0, 6.366427235224479e-235, 1.0, 1.0, 1.0, 1.0, 0.9999999999999964, 1.0, 0.0, 1.0, 0.9999999997237836, 2.413189059765883e-100, 0.0, 0.0012864006990104973, 1.0, 1.0, 1.0, 0.4168613275933636, 5.148989467351054e-228, 1.8131053210352465e-14, 1.0884847192414524e-18, 2.149415261718631e-53, 1.0, 1.0, 1.1146784776243886e-247, 1.0815365289641864e-205, 1.0, 0.0, 1.0, 1.083341903298732e-270, 1.4639716294184104e-10, 1.0, 0.0, 1.0, 1.1225729696997734e-107, 1.0, 3.731610966193326e-77, 1.0, 1.0, 0.0, 1.8324043490314518e-155, 1.0, 1.0, 0.0020984000081737003, 1.0, 1.0, 3.990152934140726e-11, 1.4132110845479248e-77, 1.0, 1.0, 0.0, 1.0, 1.0, 1.0, 1.0, 9.274321922598998e-161, 1.1306472417480038e-102, 6.4084675220448534e-173, 1.0, 0.0, 0.0, 0.0, 0.9999999999999964, 0.0, 1.200745443222948e-109, 0.9402936645694574, 1.5896180405273397e-79, 1.0, 1.0, 2.4089670291074444e-39, 1.0, 1.7533821260515933e-94, 1.0, 0.5082461580238494, 1.7232336970180236e-14, 1.0, 1.0, 1.0, 1.0, 1.0, 1.0, 0.999974856762738, 1.0, 1.0, 1.0, 0.0, 1.0, 1.0, 0.0, 1.0, 2.6039142102444227e-14, 0.0, 2.8005329222066887e-115, 2.0030206504347008e-192, 2.5783143497857723e-88, 1.0, 1.5726072549888433e-09, 1.4202102463738932e-05, 1.0, 1.0, 1.0, 0.0, 1.0, 9.046936580500737e-07, 1.0, 1.0, 1.0, 1.0, 1.0369702106199807e-206, 0.0, 0.9999999999999964, 1.0, 8.756110113594354e-32, 1.2799070545533508e-16, 2.5853201618328254e-217, 1.0, 3.701908697878561e-244, 1.0, 0.0, 1.0, 1.0, 1.0, 1.0, 0.03388173880760912, 1.0, 1.0, 1.0, 1.0, 1.0, 1.3913572748814197e-14, 0.0, 0.999998739161362, 1.0, 1.0, 0.9999993491058974, 5.134827893914068e-79, 1.0, 1.0, 0.0, 0.999999998646885, 5.743628081893833e-132, 4.177512774540101e-46, 1.0]"
Naive Bayes,32,7,"[1, 1, 0, 0, 0, 1, 0, 0, 0, 1, 0, 0, 0, 1, 1, 1, 0, 0, 1, 0, 0, 1, 1, 0, 1, 0, 0, 0, 0, 1, 0, 0, 0, 1, 0, 1, 0, 0, 0, 1, 1, 1, 0, 1, 1, 0, 0, 0, 0, 1, 1, 1, 0, 0, 1, 1, 0, 1, 0, 0, 1, 1, 0, 1, 0, 0, 0, 1, 1, 0, 1, 0, 0, 1, 1, 1, 0, 0, 1, 0, 0, 1, 0, 0, 1, 1, 0, 0, 1, 1, 0, 1, 1, 1, 0, 1, 0, 0, 1, 1, 1, 1, 1, 1, 0, 1, 0, 1, 1, 0, 0, 1, 1, 1, 0, 1, 0, 0, 0, 1, 1, 0, 1, 0, 0, 0, 1, 1, 0, 1, 0, 1, 1, 0, 0, 1, 0, 0, 0, 0, 1, 0, 1]","[1, 0, 0, 0, 0, 1, 0, 0, 0, 1, 0, 0, 0, 1, 0, 1, 1, 0, 1, 0, 0, 1, 1, 1, 1, 1, 0, 0, 1, 1, 0, 0, 0, 1, 0, 1, 0, 0, 1, 1, 1, 1, 0, 1, 1, 0, 1, 0, 0, 1, 1, 1, 0, 0, 1, 1, 0, 1, 1, 0, 1, 1, 0, 1, 0, 0, 0, 1, 1, 0, 1, 0, 0, 1, 1, 1, 0, 1, 1, 0, 0, 1, 0, 0, 1, 1, 0, 1, 1, 1, 0, 1, 1, 1, 0, 1, 0, 1, 1, 1, 1, 1, 1, 1, 1, 1, 1, 1, 1, 0, 0, 1, 1, 1, 0, 1, 1, 0, 1, 1, 1, 0, 1, 0, 0, 1, 1, 1, 1, 1, 0, 1, 1, 1, 0, 1, 0, 0, 1, 1, 1, 0, 1]","[1.0, 2.941931450542531e-102, 0.0, 2.761530654177434e-141, 0.0, 1.0, 0.0, 0.0, 0.0, 1.0, 0.0, 6.4961844230695726e-21, 7.130441522234082e-108, 1.0, 3.6350440669873596e-10, 1.0, 1.0, 0.0, 1.0, 4.591319798095179e-104, 0.0, 1.0, 1.0, 1.0, 1.0, 0.9999999999997975, 1.0564727112197134e-221, 4.9463757787419845e-307, 0.9999999999998472, 1.0, 0.0, 0.0, 0.0, 1.0, 1.1620044701971484e-293, 1.0, 0.0, 3.282774635253443e-07, 0.8973691086868762, 1.0, 1.0, 1.0, 3.7735240321844624e-62, 1.0, 1.0, 0.0, 1.0, 0.0004570139315624004, 0.0, 1.0, 0.9999999999999609, 1.0, 0.0, 0.0, 1.0, 1.0, 3.2879421198057266e-42, 1.0, 0.9999999997299724, 0.0, 1.0, 1.0, 4.726291057621642e-13, 1.0, 3.11727683930474e-55, 2.3259356966081896e-14, 1.91822732891893e-94, 1.0, 1.0, 3.3917405074899174e-50, 1.0, 0.0, 1.795589303639799e-163, 1.0, 1.0, 1.0, 0.0, 0.9985013802254837, 1.0, 1.5953374045349883e-09, 0.0, 1.0, 0.0, 0.0, 1.0, 1.0, 1.0687872869581739e-134, 1.0, 1.0, 1.0, 7.541474614892655e-23, 1.0, 1.0, 1.0, 0.0, 1.0, 0.0, 1.0, 1.0, 1.0, 1.0, 1.0, 1.0, 1.0, 0.9999999999999964, 1.0, 0.9999999999298197, 1.0, 1.0, 3.0078039313662588e-137, 1.017494050284848e-16, 1.0, 1.0, 1.0, 8.615860515799802e-291, 1.0, 1.0, 1.178416235503283e-38, 1.0, 1.0, 1.0, 0.0, 1.0, 0.00017127535417272492, 2.4776096131451823e-86, 1.0, 1.0, 1.0, 1.0, 1.0, 0.0, 1.0, 1.0, 0.9998328013189282, 4.4783484647068454e-35, 1.0, 0.0, 7.250133440849053e-216, 0.999991748526108, 0.9999959732027224, 1.0, 0.0, 1.0]"
Naive Bayes,33,7,"[0, 1, 0, 0, 0, 1, 0, 0, 1, 0, 1, 0, 0, 0, 1, 0, 1, 0, 1, 1, 0, 1, 0, 1, 0, 0, 0, 1, 0, 1, 1, 0, 0, 0, 1, 0, 0, 1, 1, 0, 0, 1, 0, 0, 1, 0, 1, 1, 0, 1, 0, 1, 0, 0, 0, 1, 1, 1, 1, 1, 0, 0, 1, 0, 1, 0, 1, 1, 0, 0, 1, 0, 0, 0, 0, 0, 1, 0, 1, 0, 0, 1, 0, 0, 0, 1, 1, 0, 0, 1, 1, 0, 1, 0, 0, 0, 0, 1, 0, 1, 1, 0, 0, 1, 0, 0, 1, 1, 1, 1, 0, 1, 0, 1, 0, 0, 0, 0, 0, 1, 0, 0, 0, 1, 0, 1, 1, 1, 1, 0, 1, 1, 1, 0, 1, 1, 0, 1, 0, 1, 0, 0, 1]","[0, 1, 1, 1, 1, 1, 0, 0, 1, 1, 1, 1, 0, 0, 1, 0, 1, 0, 1, 1, 1, 1, 0, 1, 0, 0, 0, 1, 0, 1, 1, 1, 0, 0, 1, 0, 1, 1, 1, 0, 0, 1, 0, 1, 1, 1, 1, 1, 0, 1, 0, 1, 0, 0, 0, 1, 1, 1, 1, 0, 1, 0, 1, 0, 1, 0, 1, 1, 0, 0, 1, 1, 0, 0, 1, 1, 1, 0, 1, 1, 0, 1, 0, 1, 0, 1, 1, 0, 0, 1, 1, 1, 1, 0, 0, 0, 1, 1, 0, 1, 1, 1, 0, 1, 0, 1, 1, 0, 1, 1, 0, 1, 0, 1, 0, 1, 1, 1, 1, 1, 0, 0, 0, 1, 1, 1, 1, 1, 1, 0, 1, 1, 1, 0, 1, 1, 0, 1, 1, 1, 0, 1, 1]","[5.4917884667515455e-112, 1.0, 1.0, 1.0, 1.0, 0.5870165133311676, 5.738624635007342e-45, 1.3712958968004313e-07, 1.0, 1.0, 1.0, 1.0, 9.238371506241672e-42, 1.1693882047848961e-87, 1.0, 0.0, 1.0, 3.060951692150254e-08, 1.0, 1.0, 1.0, 1.0, 0.00021248400205928415, 1.0, 0.0, 4.917347922221901e-09, 6.090174661943817e-87, 1.0, 0.0, 1.0, 1.0, 0.6144528578781788, 0.0, 6.261335712820095e-13, 1.0, 8.859187842541399e-108, 0.9999999999995879, 1.0, 1.0, 4.459607357735318e-295, 2.8821323143964704e-274, 1.0, 1.1650110265544731e-286, 0.9999999999993676, 1.0, 0.9999809481254711, 1.0, 1.0, 0.0, 1.0, 0.0, 1.0, 0.0, 3.317958150660219e-228, 2.551397224274678e-33, 1.0, 1.0, 1.0, 1.0, 1.6586555735276477e-22, 0.9999996653026805, 2.059338650802132e-135, 1.0, 0.0, 1.0, 5.037253357709416e-36, 1.0, 1.0, 1.2873261543472315e-103, 3.2913191775443946e-63, 1.0, 1.0, 2.1522065690807162e-27, 2.860265030437079e-22, 1.0, 0.9999999999999964, 1.0, 3.0731228299812974e-30, 1.0, 1.0, 2.901388143703334e-15, 0.999999999999762, 3.1037209671718684e-232, 0.9999999943803743, 0.0, 1.0, 1.0, 0.0, 9.103031796819023e-09, 1.0, 1.0, 1.0, 1.0, 6.654445546145447e-81, 0.0, 6.442068202467495e-131, 1.0, 1.0, 0.0, 1.0, 1.0, 1.0, 0.0, 1.0, 0.0, 1.0, 1.0, 4.497597091052549e-17, 1.0, 1.0, 3.6928103661175893e-190, 0.9999999999055831, 2.4056927055423355e-07, 1.0, 9.26385226090888e-43, 1.0, 1.0, 0.9999999999796962, 0.9999999999983125, 1.0, 0.0012105635742442943, 9.797053068047115e-181, 0.0, 1.0, 1.0, 1.0, 1.0, 1.0, 1.0, 1.9578399446489185e-65, 1.0, 1.0, 1.0, 0.0, 1.0, 1.0, 8.468456507796973e-90, 1.0, 1.0, 1.0, 0.0, 1.0, 1.0]"
Naive Bayes,34,7,"[0, 0, 1, 1, 0, 0, 0, 0, 0, 1, 0, 0, 0, 1, 0, 1, 0, 0, 1, 0, 1, 1, 1, 1, 1, 1, 0, 0, 1, 0, 1, 0, 1, 0, 0, 0, 0, 0, 0, 1, 0, 0, 1, 1, 0, 1, 1, 0, 0, 0, 1, 0, 1, 1, 0, 1, 1, 0, 0, 0, 0, 0, 1, 0, 1, 1, 0, 0, 0, 1, 0, 0, 1, 1, 0, 1, 0, 0, 0, 1, 1, 1, 0, 1, 0, 0, 0, 0, 0, 1, 0, 0, 1, 1, 1, 0, 0, 0, 0, 0, 0, 1, 0, 0, 0, 1, 0, 1, 0, 1, 1, 0, 0, 1, 0, 0, 0, 1, 1, 1, 0, 1, 0, 0, 0, 0, 0, 1, 0, 1, 0, 0, 1, 0, 0, 0, 0, 1, 0, 0, 0, 1, 0]","[0, 1, 1, 1, 1, 0, 0, 0, 0, 1, 1, 0, 0, 1, 1, 1, 0, 1, 1, 0, 1, 1, 1, 1, 1, 1, 0, 0, 1, 1, 1, 0, 1, 0, 0, 0, 0, 0, 1, 1, 1, 0, 0, 0, 1, 1, 1, 0, 0, 0, 1, 0, 1, 1, 0, 0, 1, 0, 0, 0, 1, 0, 1, 0, 1, 0, 0, 0, 0, 1, 0, 0, 1, 0, 0, 1, 0, 0, 0, 1, 1, 1, 1, 1, 0, 1, 0, 1, 0, 1, 1, 0, 1, 1, 1, 0, 0, 0, 0, 0, 1, 0, 0, 0, 0, 1, 0, 1, 0, 1, 1, 0, 1, 1, 0, 0, 0, 1, 1, 1, 0, 0, 0, 1, 0, 0, 0, 1, 0, 1, 1, 0, 1, 1, 0, 0, 0, 1, 0, 0, 0, 1, 1]","[0.0, 0.9999997272489639, 1.0, 1.0, 1.0, 2.8883109471437682e-43, 4.136322141450563e-289, 2.056003917959899e-72, 1.7968053313419338e-150, 1.0, 1.0, 3.904190593111023e-65, 0.0, 1.0, 1.0, 1.0, 0.0, 1.0, 1.0, 0.0, 0.6751237857999393, 1.0, 1.0, 1.0, 0.9999999999672617, 1.0, 0.0, 2.794402754043374e-226, 1.0, 0.9999999999667395, 1.0, 1.322166173382177e-24, 1.0, 0.0, 8.717891034737176e-89, 2.864832149331453e-76, 1.5246136053915345e-115, 1.3607e-320, 0.9999999993464144, 1.0, 1.0, 9.780346939832523e-261, 4.611216249555015e-283, 1.8614168941879285e-17, 0.9872255038320029, 0.9999999999999112, 1.0, 0.0, 0.0, 0.0, 1.0, 0.0, 1.0, 0.9999999999738485, 0.0, 0.12194291502916461, 1.0, 0.0, 0.0, 1.410732876022659e-144, 1.0, 0.0, 1.0, 0.0, 1.0, 9.803905974445185e-156, 4.5822575622627696e-155, 1.012774559942268e-197, 1.4964385781851543e-75, 1.0, 0.0, 0.0, 1.0, 2.4926596159560345e-66, 0.0, 1.0, 1.769348428929453e-93, 4.253523548362572e-17, 5.110650548250196e-124, 1.0, 1.0, 1.0, 1.0, 1.0, 0.0, 1.0, 8.41046747557958e-21, 1.0, 4.861440073811705e-14, 1.0, 1.0, 6.454713177711051e-62, 1.0, 1.0, 1.0, 0.0, 0.0, 5.4002921972282446e-108, 0.0, 1.3592925525159113e-124, 1.0, 0.0, 2.7647201194223522e-129, 0.0, 6.173120319734882e-05, 1.0, 0.0, 1.0, 0.0066601467336072475, 1.0, 1.0, 2.18962903e-315, 1.0, 1.0, 0.0, 0.0, 0.0, 1.0, 1.0, 1.0, 2.657474119241708e-13, 7.53463852014877e-50, 0.00012114184619715565, 1.0, 1.673973024576855e-285, 0.0, 0.0, 1.0, 1e-323, 1.0, 0.9999999999972715, 0.0, 1.0, 1.0, 6.648934424633718e-129, 4.762387346515192e-10, 5.0908363480808443e-104, 1.0, 0.0, 1.6271407359257995e-61, 3.294762446916232e-107, 1.0, 0.9999999999641105]"
Naive Bayes,35,7,"[0, 1, 1, 0, 1, 0, 1, 0, 0, 1, 0, 0, 0, 1, 1, 0, 0, 1, 0, 1, 0, 0, 0, 0, 1, 0, 1, 0, 1, 0, 0, 0, 1, 0, 1, 0, 0, 0, 1, 0, 1, 0, 0, 0, 1, 0, 0, 1, 0, 0, 0, 1, 1, 0, 0, 0, 0, 1, 1, 0, 0, 0, 0, 0, 1, 1, 1, 1, 1, 1, 0, 1, 1, 0, 1, 0, 0, 1, 1, 0, 1, 0, 0, 1, 1, 1, 0, 1, 1, 0, 0, 1, 0, 1, 0, 0, 0, 1, 0, 1, 0, 0, 1, 1, 1, 0, 0, 0, 1, 1, 1, 0, 0, 1, 1, 0, 0, 1, 0, 0, 0, 0, 0, 0, 1, 1, 0, 0, 0, 0, 0, 1, 0, 1, 0, 0, 1, 1, 0, 0, 0, 0, 1]","[0, 1, 0, 0, 1, 0, 1, 0, 1, 1, 0, 1, 0, 1, 1, 0, 1, 1, 1, 1, 0, 0, 0, 0, 1, 0, 1, 0, 1, 0, 1, 0, 1, 0, 1, 0, 0, 1, 1, 0, 1, 1, 1, 0, 1, 0, 0, 1, 1, 0, 1, 1, 1, 0, 1, 0, 1, 1, 1, 1, 0, 0, 1, 0, 1, 1, 1, 1, 1, 1, 0, 1, 1, 1, 1, 0, 0, 0, 1, 0, 1, 1, 0, 1, 1, 1, 0, 0, 1, 0, 0, 1, 0, 1, 0, 0, 0, 1, 0, 1, 0, 0, 1, 1, 1, 1, 1, 1, 1, 1, 1, 0, 0, 1, 1, 0, 0, 1, 0, 0, 0, 1, 1, 0, 1, 1, 0, 0, 0, 0, 0, 1, 0, 0, 0, 1, 1, 1, 0, 0, 0, 0, 1]","[5.604475987336532e-212, 1.0, 1.5978802110358916e-30, 6.202797458485047e-111, 1.0, 5.673936107678304e-132, 1.0, 0.0, 1.0, 1.0, 9.247182302648759e-181, 0.9998937699194355, 5.874740004458244e-51, 1.0, 1.0, 1.0374079207439393e-75, 1.0, 1.0, 0.9999893466165626, 0.9999999999999645, 1.536426489706476e-91, 1.9291851379176947e-29, 8.970407109772959e-41, 0.0, 1.0, 6.514121486578154e-53, 1.0, 2.8664864707324735e-266, 1.0, 1.3884002044955993e-50, 1.0, 8.105475845616634e-294, 1.0, 0.0, 1.0, 1.024351276707842e-10, 0.0, 1.0, 1.0, 6.388957953622919e-300, 0.999999998349324, 1.0, 0.9999999999999929, 1.5890909146612745e-122, 1.0, 0.0, 0.0, 1.0, 1.0, 0.0, 1.0, 1.0, 1.0, 0.0, 0.9999999999654605, 0.0, 1.0, 1.0, 1.0, 1.0, 0.0, 0.0, 0.7767030774747292, 0.0, 1.0, 1.0, 1.0, 1.0, 1.0, 1.0, 3.389449792145706e-109, 1.0, 0.9999999999999858, 1.0, 1.0, 0.0, 0.0, 7.789405834454821e-05, 1.0, 0.0, 1.0, 1.0, 1.2312303956498993e-147, 1.0, 1.0, 1.0, 4.280354820117501e-09, 0.0006004335617051449, 0.9999999999999538, 0.0, 0.25174974679655443, 1.0, 0.0, 1.0, 0.32363136125868935, 3.577877799330242e-64, 4.85814377423406e-31, 1.0, 0.0, 1.0, 3.253177964480093e-29, 7.118010629598862e-183, 1.0, 1.0, 1.0, 0.9999999999970335, 1.0, 1.0, 1.0, 1.0, 1.0, 2.559298222860117e-240, 1.1228225225312808e-232, 1.0, 1.0, 0.0, 3.8424189079303427e-261, 1.0, 9.321716801267423e-59, 0.0, 3.3362172747602777e-140, 1.0, 1.0, 2.0298750909460764e-126, 1.0, 1.0, 0.0, 2.174982773286813e-47, 0.0, 0.0, 6.467025627794514e-59, 1.0, 0.0, 1.466581353607667e-54, 2.9189466692536832e-33, 1.0, 1.0, 1.0, 0.0, 0.0, 3.156547712637465e-267, 0.0, 1.0]"
Naive Bayes,36,8,"[1, 0, 0, 0, 0, 0, 1, 1, 1, 0, 0, 0, 0, 1, 1, 1, 1, 1, 0, 0, 1, 0, 0, 1, 1, 1, 0, 0, 0, 0, 1, 1, 0, 0, 1, 0, 0, 0, 0, 0, 0, 0, 0, 0, 0, 1, 0, 0, 0, 0, 0, 0, 0, 0, 1, 0, 1, 0, 0, 1, 1, 1, 1, 1, 1, 1, 1, 0, 1, 1, 0, 0, 0, 0, 1, 0, 1, 1, 1, 0, 1, 1, 1, 1, 0, 0, 0, 0, 0, 1, 1, 1, 0, 0, 1, 1, 0, 1, 0, 1, 0, 1, 1, 1, 1, 0, 1, 1, 1, 1, 0, 0, 0, 0, 1, 1, 0, 0, 0, 0, 1, 1, 0, 0, 0, 0, 1, 1, 0, 0, 1, 0, 1, 1, 1, 0, 0, 0, 0, 1, 0, 1, 0, 0]","[1, 1, 1, 1, 0, 0, 1, 1, 1, 1, 0, 0, 1, 1, 1, 1, 1, 1, 0, 0, 1, 0, 0, 1, 1, 1, 1, 0, 0, 0, 1, 1, 0, 0, 1, 1, 0, 0, 0, 1, 0, 1, 0, 0, 1, 1, 1, 0, 0, 0, 0, 0, 0, 1, 1, 1, 1, 1, 1, 1, 1, 1, 1, 1, 1, 1, 1, 0, 1, 1, 0, 0, 1, 1, 1, 1, 1, 1, 1, 0, 1, 1, 1, 1, 0, 1, 0, 0, 0, 1, 1, 1, 0, 0, 1, 1, 0, 1, 1, 1, 1, 1, 1, 1, 1, 0, 1, 1, 1, 1, 0, 0, 0, 0, 1, 1, 0, 0, 0, 0, 1, 1, 0, 0, 0, 0, 1, 1, 0, 0, 1, 0, 1, 1, 1, 1, 0, 0, 1, 1, 1, 1, 0, 1]","[1.0, 1.0, 0.9999999997274998, 1.0, 0.0, 5.622575947401159e-124, 0.9504041136696447, 1.0, 1.0, 1.0, 0.0, 0.0, 1.0, 1.0, 1.0, 1.0, 0.6330409366256965, 1.0, 0.0, 2.4298467278495608e-17, 1.0, 5.22060293713289e-50, 9.658572984473301e-24, 1.0, 1.0, 1.0, 0.9999999999999609, 0.0, 9.219053819401952e-192, 2.4405670736293574e-237, 1.0, 1.0, 4.0132820779859444e-259, 3.0442753647788037e-09, 1.0, 1.0, 0.0, 0.0, 8.768648469583734e-148, 0.999999999993598, 0.0, 0.9999999999996874, 0.012319842094167002, 2.400354601817818e-73, 1.0, 1.0, 1.0, 1.9072651111407006e-151, 6.70117598754488e-97, 0.0, 0.0, 1.938811464298966e-79, 0.0, 0.9999999999999964, 1.0, 0.9900550065782264, 1.0, 0.999999999865647, 1.0, 1.0, 1.0, 1.0, 1.0, 1.0, 1.0, 1.0, 1.0, 1.0150190019935514e-19, 1.0, 1.0, 0.0, 0.0, 1.0, 1.0, 1.0, 0.9997898177145645, 1.0, 1.0, 1.0, 0.0, 1.0, 1.0, 1.0, 0.9302142890957036, 0.0, 1.0, 1.2029414148383997e-76, 0.0, 0.0, 1.0, 1.0, 1.0, 1.255200249210205e-183, 6.501644111583708e-43, 1.0, 1.0, 0.0, 1.0, 0.9999999999999964, 1.0, 0.9999999999330029, 1.0, 1.0, 1.0, 1.0, 1.25954666524352e-05, 1.0, 1.0, 1.0, 1.0, 9.010305538997351e-15, 6.739792461152345e-230, 7.911521653679794e-213, 0.0, 1.0, 1.0, 4.7367303188953745e-169, 0.0, 6.98926384988428e-50, 8.009729568940782e-05, 1.0, 1.0, 2.988572089448562e-13, 6.666366532e-314, 9.840840407425369e-225, 1.710955769129147e-113, 1.0, 1.0, 2.125229517854133e-40, 8.915592496492921e-172, 0.9999990701081163, 3.790454606039505e-74, 1.0, 1.0, 1.0, 1.0, 0.0, 0.0, 0.9999999988485975, 1.0, 0.9999999216288731, 1.0, 0.0, 0.9999999999999964]"
Naive Bayes,37,8,"[0, 0, 1, 0, 0, 0, 0, 1, 1, 0, 0, 1, 0, 0, 0, 1, 1, 1, 1, 1, 0, 0, 0, 0, 0, 1, 0, 1, 1, 0, 0, 0, 0, 1, 0, 0, 1, 0, 0, 0, 0, 0, 0, 1, 1, 1, 0, 1, 1, 0, 1, 0, 0, 0, 1, 1, 1, 1, 1, 1, 0, 1, 1, 1, 1, 0, 0, 0, 0, 0, 1, 0, 1, 1, 0, 0, 0, 0, 0, 0, 1, 0, 0, 1, 0, 1, 0, 1, 1, 1, 0, 0, 1, 1, 1, 0, 0, 1, 1, 0, 0, 1, 0, 0, 0, 0, 1, 1, 0, 1, 1, 0, 0, 0, 0, 0, 0, 0, 0, 0, 1, 1, 1, 1, 0, 0, 1, 1, 0, 0, 1, 0, 0, 1, 0, 1, 1, 1, 1, 0, 0, 0, 0]","[0, 0, 1, 0, 0, 1, 0, 1, 1, 1, 0, 1, 0, 0, 0, 1, 0, 1, 1, 0, 0, 0, 0, 0, 0, 1, 1, 1, 1, 1, 0, 0, 0, 1, 0, 0, 1, 0, 0, 1, 1, 0, 1, 1, 0, 1, 1, 1, 1, 0, 1, 0, 0, 0, 1, 1, 1, 1, 1, 1, 0, 1, 1, 1, 1, 0, 0, 0, 0, 0, 1, 0, 0, 1, 0, 0, 0, 0, 1, 0, 1, 1, 0, 1, 0, 1, 1, 1, 1, 1, 1, 1, 0, 1, 1, 0, 0, 1, 1, 0, 0, 1, 0, 0, 0, 1, 1, 1, 0, 1, 1, 1, 1, 1, 1, 0, 0, 0, 1, 0, 1, 1, 1, 1, 0, 0, 1, 1, 0, 0, 1, 1, 1, 1, 0, 1, 1, 1, 1, 0, 0, 0, 1]","[7.054385355256346e-206, 3.180393460479704e-193, 1.0, 5.74720033104548e-48, 4.5648363326508264e-27, 1.0, 0.0, 1.0, 0.9999999999999503, 1.0, 8.847146737479176e-47, 1.0, 0.0, 0.0, 1.22975613114481e-106, 0.9999999993465423, 7.448480677008695e-12, 1.0, 1.0, 8.615553686003226e-17, 0.0, 3.856956030102275e-93, 2.417477400547368e-106, 5.563074761733331e-40, 0.0061057157592167375, 1.0, 0.9999999999999964, 0.9999999999304627, 1.0, 0.999999999881112, 0.0, 2.5970888761659133e-115, 5.530022289578228e-13, 1.0, 6.23e-322, 7.62974524141793e-52, 1.0, 9.281305858501769e-08, 1.3578585043870203e-285, 1.0, 1.0, 1.0178408764305856e-157, 1.0, 1.0, 8.576561494906724e-08, 1.0, 0.999581852505953, 1.0, 1.0, 5.561700673230798e-63, 1.0, 0.0, 0.0, 0.0, 1.0, 1.0, 1.0, 1.0, 1.0, 0.6309864177478434, 0.0, 1.0, 1.0, 1.0, 1.0, 0.0, 0.0, 0.0, 7.333002643980773e-85, 4.1249049164537396e-141, 1.0, 8.002685359404954e-18, 1.5109811189245626e-39, 1.0, 7.7811609303325425e-53, 0.0, 0.0, 0.0, 0.7952870799807609, 5.203869419554937e-159, 1.0, 0.999999999999801, 3.958630971066735e-17, 1.0, 0.0, 0.999999999998586, 1.0, 1.0, 1.0, 1.0, 1.0, 1.0, 6.981930284152484e-09, 1.0, 1.0, 5.142533315341041e-149, 0.0, 1.0, 1.0, 1.6349052415548232e-17, 0.0, 1.0, 0.0, 1.635702294163104e-07, 0.0, 1.0, 1.0, 1.0, 5.155497467489185e-19, 1.0, 1.0, 1.0, 1.0, 1.0, 0.997756816376635, 6.067628977310838e-09, 3.190458494920984e-38, 0.0, 1.0, 2.772394648584665e-226, 1.0, 1.0, 1.0, 1.0, 0.0, 2.2161153929234935e-273, 1.0, 1.0, 0.0, 1.3788663174423783e-150, 1.0, 1.0, 1.0, 1.0, 1.3517362628860819e-238, 1.0, 1.0, 1.0, 1.0, 7.55961382156852e-217, 6.239743164499936e-139, 0.0, 1.0]"
Naive Bayes,38,8,"[0, 0, 1, 1, 0, 1, 0, 0, 1, 0, 0, 1, 0, 1, 0, 0, 0, 0, 1, 0, 1, 1, 1, 1, 0, 1, 1, 0, 1, 0, 0, 0, 0, 1, 0, 0, 0, 1, 1, 0, 0, 1, 1, 0, 1, 0, 0, 1, 0, 1, 0, 0, 0, 1, 1, 0, 0, 0, 1, 1, 0, 1, 0, 1, 0, 1, 0, 0, 1, 1, 1, 0, 0, 0, 0, 0, 1, 0, 0, 0, 1, 0, 0, 0, 0, 0, 1, 0, 1, 0, 1, 0, 0, 1, 1, 1, 1, 0, 1, 0, 1, 1, 0, 0, 0, 1, 1, 0, 0, 1, 0, 0, 0, 1, 0, 1, 0, 0, 1, 0, 1, 1, 0, 0, 1, 1, 0, 1, 0, 1, 0, 1, 1, 1, 0, 1, 1, 0, 0, 1, 0, 0, 1]","[0, 0, 1, 1, 0, 1, 1, 1, 1, 0, 0, 1, 1, 1, 0, 0, 0, 0, 1, 0, 1, 1, 1, 1, 0, 1, 1, 0, 1, 0, 0, 1, 0, 1, 0, 0, 0, 1, 1, 0, 0, 1, 1, 0, 1, 0, 1, 1, 0, 1, 1, 0, 0, 1, 1, 0, 0, 0, 1, 1, 0, 0, 0, 0, 0, 1, 0, 0, 1, 1, 0, 0, 0, 0, 0, 0, 1, 0, 1, 0, 1, 1, 0, 1, 0, 1, 1, 0, 1, 0, 1, 0, 1, 1, 1, 1, 1, 0, 1, 0, 1, 1, 0, 0, 0, 1, 1, 1, 0, 1, 1, 0, 0, 1, 0, 1, 1, 0, 1, 0, 0, 1, 1, 1, 1, 1, 0, 1, 1, 1, 0, 1, 1, 0, 0, 1, 1, 1, 1, 1, 0, 0, 1]","[6.276022218433526e-131, 2.688323492964529e-285, 1.0, 1.0, 2.1691826330459275e-122, 1.0, 1.0, 1.0, 1.0, 6.006879980370774e-44, 5.080370104492803e-202, 1.0, 1.0, 1.0, 0.0, 0.0, 8.004768221334819e-13, 1.4330326174395738e-126, 1.0, 5.092514103509997e-103, 1.0, 1.0, 1.0, 0.9999690776401553, 0.0, 1.0, 1.0, 0.0, 1.0, 0.0, 0.0, 0.9999999999961169, 0.0, 1.0, 0.0, 0.08299429959130687, 2.7118565063722305e-223, 1.0, 1.0, 0.0, 0.0, 1.0, 1.0, 0.0, 1.0, 0.0, 1.0, 1.0, 0.0, 1.0, 1.0, 0.0, 0.0, 1.0, 0.9999999999998579, 0.0, 2.1733084527096503e-38, 0.0, 1.0, 1.0, 0.0, 6.077340915356685e-29, 0.001064276279847241, 1.1437872542097735e-98, 2.9235417354701394e-98, 1.0, 3.778560275215421e-17, 0.0, 1.0, 1.0, 7.668010004791916e-47, 4.21229867317683e-63, 1.6573370535040563e-63, 2.581714608863709e-09, 7.83649766264356e-80, 1.827752692415307e-75, 1.0, 0.012004810438790548, 0.9999999999999929, 4.843467680971632e-36, 1.0, 1.0, 3.2805033312417716e-163, 1.0, 3.861905911967858e-274, 0.9999998648888015, 1.0, 7.011707214289402e-28, 1.0, 1.0329622942571344e-08, 1.0, 5.4431499214478104e-12, 1.0, 1.0, 1.0, 1.0, 1.0, 1.4978309309481724e-137, 1.0, 5.720795366416241e-89, 1.0, 1.0, 7.608791687498141e-201, 0.0, 0.0, 1.0, 0.9999996841479445, 1.0, 0.0, 1.0, 1.0, 7.299856405035342e-262, 4.629746030429642e-06, 1.0, 0.0, 1.0, 1.0, 7.781384686174853e-102, 1.0, 1.8750952957978474e-07, 2.5346071604772614e-34, 1.0, 1.0, 1.0, 1.0, 1.0, 0.0, 1.0, 1.0, 1.0, 3.0692617662261315e-77, 1.0, 1.0, 8.100872392836825e-64, 6.0985073013724525e-43, 1.0, 1.0, 1.0, 0.999830045608675, 1.0, 0.0, 5.737571103265021e-73, 1.0]"
Naive Bayes,39,8,"[1, 1, 0, 1, 0, 1, 0, 0, 0, 1, 0, 1, 0, 0, 1, 0, 0, 0, 1, 0, 0, 0, 1, 1, 1, 0, 1, 0, 0, 0, 0, 0, 0, 1, 1, 0, 1, 0, 1, 1, 0, 1, 1, 0, 0, 0, 1, 1, 1, 0, 0, 0, 1, 0, 1, 0, 0, 0, 0, 0, 0, 1, 0, 0, 0, 1, 0, 1, 0, 0, 1, 1, 1, 0, 0, 0, 0, 1, 1, 1, 0, 0, 0, 0, 1, 1, 1, 1, 0, 0, 0, 1, 0, 1, 0, 0, 0, 0, 0, 1, 0, 0, 0, 0, 1, 1, 1, 1, 1, 0, 0, 0, 0, 1, 1, 1, 0, 1, 1, 0, 0, 0, 1, 0, 1, 0, 0, 1, 0, 0, 1, 1, 0, 0, 0, 1, 0, 0, 0, 1, 1, 0, 0]","[1, 1, 1, 0, 1, 1, 0, 0, 0, 1, 1, 1, 0, 1, 1, 0, 0, 1, 1, 1, 1, 0, 1, 1, 1, 0, 1, 0, 0, 1, 0, 0, 0, 1, 1, 0, 1, 0, 1, 1, 0, 1, 0, 1, 1, 1, 1, 1, 1, 0, 0, 0, 1, 0, 1, 0, 0, 1, 0, 0, 0, 1, 0, 0, 0, 1, 0, 1, 0, 1, 1, 1, 1, 1, 0, 0, 0, 1, 1, 1, 0, 0, 0, 1, 1, 1, 1, 1, 1, 0, 0, 1, 0, 1, 1, 0, 0, 1, 1, 1, 0, 0, 0, 0, 1, 1, 1, 1, 0, 1, 0, 0, 1, 1, 1, 1, 1, 1, 1, 1, 1, 1, 1, 1, 1, 0, 0, 1, 1, 1, 1, 1, 0, 0, 0, 1, 0, 0, 0, 1, 1, 0, 0]","[1.0, 1.0, 1.0, 2.0399186903485463e-32, 1.0, 1.0, 3.0424143065724747e-187, 0.0, 3.7187375153140596e-99, 1.0, 1.0, 1.0, 5.723910368032823e-233, 1.0, 1.0, 1.303464580574916e-55, 0.0, 1.0, 1.0, 1.0, 0.9999991197200553, 0.0, 1.0, 1.0, 1.0, 1.6728627600167318e-290, 1.0, 5.166987891135397e-239, 0.0, 1.0, 0.0, 9.401072260813426e-16, 0.0, 1.0, 1.0, 0.0, 1.0, 3.199402778982327e-47, 1.0, 1.0, 2.1316381282470805e-74, 1.0, 5.07162734455206e-178, 1.0, 0.9995971668430175, 0.9999999999999964, 1.0, 1.0, 1.0, 0.0, 2.5426238120780756e-234, 2.7406551494827555e-06, 0.9999999999937721, 0.0, 1.0, 5.420803098600549e-200, 1.8356974933742186e-264, 1.0, 1.410527402199336e-47, 0.0, 0.0, 1.0, 0.0, 2.073464000705677e-110, 0.0, 1.0, 0.0, 1.0, 1.7661777056898182e-32, 1.0, 1.0, 1.0, 1.0, 0.8327967784683064, 7.677982366518112e-21, 0.0, 1.3490513855553223e-118, 0.9999999999999964, 1.0, 1.0, 2.7511397098602734e-12, 0.0, 0.0, 1.0, 1.0, 1.0, 1.0, 0.9999999999999574, 1.0, 0.0, 0.0, 1.0, 6.0529974058453076e-149, 1.0, 0.576821668761132, 0.0, 4.981186779868068e-69, 1.0, 1.0, 1.0, 0.0, 1.904308538210375e-85, 3.425998537145858e-29, 6.0644691223052015e-168, 1.0, 1.0, 1.0, 1.0, 2.020630973251182e-20, 1.0, 0.0, 8.739387073132133e-225, 1.0, 1.0, 1.0, 1.0, 0.9758647441920928, 1.0, 1.0, 1.0, 1.0, 0.9999999999575735, 1.0, 1.0, 1.0, 0.0, 0.0008682858725792748, 1.0, 1.0, 0.9997877249351169, 1.0, 1.0, 0.0, 6.64151735344687e-64, 0.0, 1.0, 0.020256865520530555, 2.419127703184244e-65, 1.0533515725238252e-103, 1.0, 1.0, 0.0, 0.0]"
Naive Bayes,40,8,"[0, 1, 1, 1, 0, 0, 0, 0, 0, 0, 0, 1, 0, 0, 1, 0, 0, 1, 0, 1, 0, 0, 0, 1, 0, 1, 1, 0, 0, 0, 0, 0, 1, 1, 1, 0, 1, 0, 0, 0, 1, 1, 1, 1, 0, 0, 1, 0, 0, 1, 0, 0, 1, 1, 0, 1, 0, 1, 0, 0, 0, 0, 1, 1, 0, 0, 0, 1, 1, 0, 1, 1, 1, 1, 1, 1, 1, 1, 0, 0, 1, 1, 0, 0, 1, 0, 1, 0, 1, 0, 1, 0, 0, 0, 1, 1, 0, 0, 0, 0, 0, 0, 1, 1, 1, 1, 0, 0, 1, 0, 0, 0, 0, 0, 1, 0, 0, 1, 1, 1, 0, 0, 1, 0, 0, 1, 1, 0, 0, 0, 1, 0, 0, 0, 0, 0, 0, 0, 1, 1, 0, 1, 1]","[1, 1, 0, 1, 0, 0, 0, 0, 0, 1, 1, 1, 0, 0, 1, 1, 0, 1, 0, 0, 0, 1, 0, 1, 0, 1, 1, 0, 1, 0, 0, 0, 1, 1, 1, 1, 1, 0, 0, 0, 1, 1, 1, 1, 0, 0, 1, 0, 0, 1, 0, 1, 1, 1, 0, 1, 0, 1, 1, 0, 0, 0, 1, 1, 0, 0, 1, 1, 1, 0, 1, 1, 1, 1, 1, 1, 1, 1, 1, 0, 1, 1, 0, 0, 1, 1, 1, 0, 1, 0, 1, 0, 0, 0, 1, 1, 0, 0, 1, 0, 0, 0, 1, 0, 1, 1, 1, 0, 1, 1, 0, 0, 0, 1, 1, 0, 0, 1, 1, 1, 0, 0, 1, 1, 1, 1, 1, 0, 0, 1, 1, 0, 0, 0, 1, 0, 0, 0, 1, 1, 0, 1, 1]","[0.9999999995398987, 1.0, 1.4259435167885956e-129, 1.0, 2.223560459463946e-32, 6.7503955975119255e-118, 2.680014220982279e-170, 4.111450787005129e-55, 0.0, 0.9999999996039151, 1.0, 1.0, 0.0, 7.284693275304504e-09, 1.0, 0.9999716447379968, 5.473785146354216e-05, 1.0, 2.0779682728808253e-29, 3.807986959132501e-17, 6.880405004769152e-92, 1.0, 2.778052585215857e-309, 1.0, 0.0, 1.0, 1.0, 1.2127066087208926e-63, 0.9999999999978968, 7.127896645481237e-62, 0.0, 1.3441752894535195e-164, 1.0, 1.0, 1.0, 1.0, 1.0, 2.545000885694628e-137, 3.299567923308893e-99, 2.8656456746375913e-15, 1.0, 0.9999999987405594, 1.0, 0.9999999999999929, 7.206703154548803e-150, 2.6602966521308755e-11, 1.0, 0.0, 0.0, 1.0, 0.0, 1.0, 1.0, 1.0, 0.0, 1.0, 5.4194345859953534e-145, 1.0, 0.9999999999986144, 5.381486680225267e-147, 2.094894315152349e-55, 0.0, 1.0, 1.0, 6.106110537602922e-50, 1.7772323173706226e-130, 1.0, 1.0, 1.0, 5.645599648254878e-140, 1.0, 1.0, 1.0, 1.0, 1.0, 1.0, 1.0, 1.0, 1.0, 5.663656874790388e-13, 1.0, 1.0, 0.0, 0.0, 1.0, 1.0, 1.0, 0.0, 1.0, 0.0, 1.0, 9.331352663275554e-14, 4.84221503247224e-47, 0.25725888518841106, 1.0, 1.0, 0.0, 0.0, 1.0, 4.4263664537947e-118, 2.7148499952086463e-35, 4.505657086017042e-15, 1.0, 3.569046381466543e-296, 1.0, 1.0, 0.9999999999919353, 5.9243016388950535e-282, 1.0, 0.9999999999999964, 1.1699565370418926e-39, 8.471083566327743e-61, 4.7545234839876886e-225, 0.9999999999472422, 1.0, 0.0, 0.0, 1.0, 1.0, 1.0, 0.0, 6.806754849909869e-178, 1.0, 0.9459916050237139, 1.0, 1.0, 1.0, 0.0, 0.0, 0.9991028806749138, 1.0, 5.260599761805409e-100, 0.0, 1.7468892536608834e-39, 1.0, 0.0, 3.575763703844122e-44, 2.373548941880526e-63, 1.0, 1.0, 0.0, 1.0, 1.0]"
Naive Bayes,41,9,"[1, 1, 1, 0, 0, 1, 1, 0, 0, 1, 1, 0, 1, 1, 0, 1, 1, 0, 0, 1, 0, 1, 0, 1, 1, 0, 1, 0, 1, 1, 0, 1, 0, 0, 1, 0, 0, 0, 0, 1, 1, 0, 0, 1, 1, 0, 0, 0, 0, 1, 1, 1, 0, 1, 0, 0, 0, 0, 0, 1, 0, 0, 0, 0, 1, 1, 1, 0, 1, 1, 0, 1, 0, 1, 1, 0, 0, 1, 0, 1, 1, 0, 0, 1, 1, 1, 0, 1, 0, 1, 1, 0, 0, 1, 1, 1, 1, 0, 0, 0, 1, 0, 0, 1, 1, 1, 1, 1, 1, 1, 0, 0, 1, 0, 0, 1, 1, 1, 1, 0, 1, 0, 0, 1, 0, 0, 1, 1, 1, 0, 1, 0, 1, 1, 1, 0, 1, 1, 0, 0, 0, 0, 1, 1]","[1, 0, 1, 0, 0, 1, 1, 1, 0, 1, 1, 1, 1, 1, 0, 1, 1, 0, 0, 1, 0, 1, 0, 1, 1, 1, 1, 0, 1, 1, 0, 1, 0, 0, 1, 0, 1, 0, 1, 1, 1, 1, 1, 1, 1, 0, 1, 0, 0, 1, 1, 1, 0, 1, 0, 0, 0, 0, 0, 1, 0, 0, 0, 0, 1, 1, 1, 0, 1, 1, 0, 1, 0, 1, 1, 0, 0, 1, 1, 1, 1, 0, 1, 1, 1, 1, 0, 1, 0, 1, 1, 0, 0, 1, 1, 1, 1, 0, 0, 0, 0, 1, 0, 1, 1, 1, 1, 1, 1, 1, 1, 0, 1, 0, 0, 1, 1, 1, 1, 0, 1, 0, 0, 1, 1, 0, 1, 1, 1, 0, 1, 0, 1, 1, 1, 1, 0, 1, 0, 0, 1, 0, 1, 1]","[1.0, 1.3271443045178646e-128, 1.0, 0.0, 1.4288487972359746e-12, 1.0, 1.0, 1.0, 5.376895554213296e-34, 1.0, 1.0, 1.0, 1.0, 1.0, 1.1942657353732024e-138, 1.0, 1.0, 0.0, 1.7865759877338397e-115, 0.9987644017203857, 6.625248784778805e-32, 1.0, 1.4991128329316434e-48, 1.0, 1.0, 0.9999999999999964, 1.0, 0.0, 1.0, 1.0, 0.0, 1.0, 1.4157255305827273e-21, 0.0, 1.0, 6.824324826095715e-109, 1.0, 3.5852485266051367e-218, 0.99999999994888, 1.0, 1.0, 0.999999999994241, 1.0, 0.9999999999999574, 1.0, 5.881482714150958e-12, 1.0, 0.0, 2.4481522661970714e-08, 1.0, 1.0, 1.0, 0.0, 0.9999999999933458, 3.0998604428947865e-137, 0.0, 3.424543910099508e-231, 0.0, 0.0, 1.0, 0.0, 3.3952560149009657e-147, 0.005682351921033609, 1.3644831753387393e-106, 1.0, 1.0, 1.0, 6.164828045801988e-128, 1.0, 1.0, 2.9645459594166204e-68, 1.0, 4.26176774150174e-142, 1.0, 1.0, 6.92398084290335e-32, 0.0, 1.0, 1.0, 1.0, 0.9999999999973959, 0.0, 1.0, 1.0, 1.0, 1.0, 0.0, 1.0, 0.0, 1.0, 1.0, 0.0, 7.317993949187539e-114, 1.0, 1.0, 1.0, 1.0, 1.4341719525465411e-115, 0.0, 1.0619304670523657e-10, 5.582172114847098e-295, 0.9999999997595133, 2.2973394149561927e-97, 1.0, 1.0, 1.0, 1.0, 1.0, 1.0, 1.0, 0.520816255298263, 0.0, 1.0, 1.6706760752644047e-305, 0.0, 1.0, 1.0, 1.0, 1.0, 0.0, 1.0, 3.963029579136313e-72, 9.904229999393012e-115, 1.0, 0.9982421520422956, 0.0, 1.0, 1.0, 1.0, 1.6909756816626752e-244, 1.0, 5.95769435399394e-104, 1.0, 1.0, 1.0, 1.0, 1.3328869044358378e-72, 1.0, 9.597239211521525e-51, 0.0, 0.9953927262582646, 2.773413022780371e-65, 1.0, 1.0]"
Naive Bayes,42,9,"[0, 1, 0, 0, 0, 1, 0, 0, 1, 1, 1, 0, 0, 0, 0, 0, 1, 1, 0, 0, 1, 1, 0, 0, 1, 1, 0, 0, 0, 0, 0, 0, 0, 1, 0, 1, 0, 1, 0, 1, 1, 0, 1, 0, 0, 1, 0, 1, 1, 0, 0, 0, 0, 1, 0, 1, 1, 0, 1, 1, 1, 0, 0, 1, 0, 1, 0, 0, 0, 1, 0, 1, 1, 1, 0, 0, 1, 1, 0, 1, 1, 1, 1, 0, 0, 0, 0, 0, 1, 0, 0, 1, 0, 1, 0, 0, 1, 1, 1, 0, 1, 0, 1, 1, 0, 1, 1, 0, 0, 0, 0, 0, 1, 1, 0, 1, 1, 0, 1, 0, 0, 0, 1, 1, 0, 0, 1, 0, 0, 0, 0, 1, 0, 0, 1, 1, 1, 1, 0, 0, 1, 1, 1]","[0, 1, 0, 1, 1, 1, 0, 0, 1, 1, 1, 1, 0, 0, 0, 0, 1, 0, 0, 1, 1, 1, 0, 0, 1, 1, 1, 0, 0, 1, 0, 0, 0, 1, 0, 1, 1, 1, 0, 1, 1, 0, 1, 1, 0, 1, 1, 1, 1, 0, 0, 0, 0, 1, 0, 1, 1, 0, 1, 0, 1, 0, 0, 1, 0, 1, 0, 1, 1, 1, 1, 1, 1, 1, 1, 0, 1, 1, 0, 1, 1, 1, 1, 0, 0, 1, 1, 0, 1, 0, 1, 1, 0, 1, 1, 1, 1, 1, 1, 0, 1, 0, 1, 1, 0, 0, 1, 1, 0, 1, 1, 1, 1, 1, 1, 1, 1, 0, 1, 0, 1, 0, 1, 1, 0, 1, 1, 1, 0, 0, 1, 1, 0, 0, 1, 1, 1, 1, 0, 0, 1, 1, 1]","[2.35630852302544e-115, 1.0, 1.849535503385902e-189, 0.9999999992756443, 1.0, 1.0, 5.768463590701062e-241, 5.932420629794333e-136, 0.7932763219474726, 1.0, 1.0, 1.0, 0.0, 0.0, 0.0, 1.2881557529103119e-36, 1.0, 6.980479677382894e-08, 2.5017204892595502e-70, 1.0, 1.0, 1.0, 1.8708302150860433e-103, 0.0, 1.0, 1.0, 0.9999999999999538, 0.0, 6.423788314287947e-209, 0.999999999999936, 3.0685721571293563e-211, 0.0, 0.0, 1.0, 2.8154288491738115e-111, 1.0, 0.9999999999994529, 1.0, 0.0, 1.0, 1.0, 2.0019982550701585e-151, 1.0, 0.9999724559263901, 5.023153360126434e-60, 1.0, 1.0, 0.9972119500312652, 1.0, 6.647289448140892e-167, 5.138211898581599e-87, 0.0, 0.0, 1.0, 0.0, 1.0, 1.0, 2.41269172866995e-13, 1.0, 3.7366083099004224e-41, 1.0, 1.8466147082831596e-53, 7.482410339392736e-155, 1.0, 9.503994518235538e-65, 1.0, 6.981833924557302e-15, 1.0, 1.0, 1.0, 0.9972753753995095, 1.0, 1.0, 1.0, 0.9999987027115539, 1.6542301162640209e-22, 1.0, 1.0, 1.0909120216370246e-145, 1.0, 0.9997913956446247, 1.0, 1.0, 1.537378281940215e-14, 0.0, 0.98785655200156, 1.0, 0.0, 1.0, 3.738153391872246e-197, 1.0, 1.0, 4.680969031150599e-10, 1.0, 1.0, 1.0, 1.0, 1.0, 1.0, 5.886746715611959e-26, 1.0, 1.3292642770781133e-16, 1.0, 1.0, 3.2520552432671125e-07, 7.690277227162614e-17, 1.0, 1.0, 2.960088389714332e-278, 1.0, 1.0, 1.0, 1.0, 1.0, 1.0, 1.0, 1.0, 1.8945130360061555e-229, 1.0, 0.0, 0.9999999999988134, 0.0, 1.0, 1.0, 4.217597670564827e-05, 1.0, 1.0, 1.0, 7.963010215332931e-148, 2.0108023676692355e-240, 1.0, 1.0, 3.396067035602616e-45, 1.0592424749041105e-66, 1.0, 1.0, 1.0, 1.0, 7.601487992645943e-214, 5.511674608133877e-135, 1.0, 1.0, 1.0]"
Naive Bayes,43,9,"[0, 0, 0, 0, 0, 0, 0, 0, 0, 0, 0, 1, 0, 1, 0, 0, 0, 1, 0, 0, 1, 0, 0, 0, 0, 1, 1, 0, 0, 0, 1, 0, 1, 0, 0, 1, 0, 0, 1, 1, 0, 1, 1, 0, 0, 0, 0, 1, 1, 0, 1, 1, 0, 0, 1, 1, 0, 1, 1, 0, 0, 0, 0, 1, 1, 0, 0, 0, 1, 0, 1, 0, 1, 0, 0, 0, 1, 1, 1, 1, 1, 0, 0, 0, 1, 1, 1, 1, 0, 0, 0, 1, 0, 1, 1, 1, 0, 1, 0, 1, 0, 1, 0, 1, 0, 0, 0, 1, 0, 1, 1, 0, 1, 0, 0, 0, 1, 1, 0, 0, 1, 0, 0, 1, 1, 0, 1, 1, 1, 0, 0, 1, 1, 1, 1, 1, 0, 1, 1, 0, 0, 0, 0]","[1, 0, 0, 1, 0, 0, 0, 1, 0, 0, 0, 1, 0, 1, 0, 0, 0, 0, 0, 0, 1, 0, 0, 0, 0, 1, 1, 0, 0, 0, 1, 0, 1, 0, 0, 1, 0, 1, 1, 1, 1, 1, 1, 0, 1, 0, 0, 1, 1, 0, 1, 1, 0, 0, 1, 1, 1, 1, 0, 1, 1, 0, 1, 1, 1, 0, 0, 0, 0, 0, 1, 1, 1, 0, 0, 0, 1, 1, 1, 1, 1, 1, 0, 1, 1, 1, 1, 1, 1, 1, 0, 1, 1, 1, 1, 1, 0, 1, 0, 1, 0, 1, 0, 1, 0, 1, 0, 1, 0, 1, 1, 0, 1, 0, 0, 1, 1, 1, 0, 0, 1, 0, 0, 1, 1, 0, 1, 1, 0, 0, 1, 1, 1, 1, 1, 1, 1, 1, 1, 0, 0, 1, 0]","[1.0, 4.9073999745017995e-105, 0.0, 1.0, 0.0, 0.0, 6.514718134611798e-90, 0.9999999987114379, 8.43531598706656e-105, 0.0, 2.8885862002620747e-09, 1.0, 5.008680205983505e-48, 1.0, 0.0, 0.0, 1.2653546845695494e-11, 0.07685603396734186, 4.557283340000337e-90, 4.374982909935822e-234, 1.0, 0.0, 0.0, 2.7415527139228906e-56, 0.2836670840257946, 1.0, 1.0, 0.0, 3.026555665170522e-130, 0.0, 1.0, 1.612899520055115e-11, 1.0, 1.7408557684143124e-06, 4.684908146274407e-10, 1.0, 0.0, 1.0, 0.9999999998442348, 1.0, 0.9999840225512446, 1.0, 1.0, 0.0, 1.0, 0.0, 0.0, 1.0, 1.0, 0.0, 1.0, 1.0, 0.0, 1.987503088878431e-34, 1.0, 1.0, 0.9999999999999964, 1.0, 4.241458909449998e-23, 0.9999999999992788, 0.9999999997661781, 9.484792945833444e-110, 1.0, 1.0, 1.0, 5.076830733642852e-38, 2.3994767986467312e-54, 5.183175653782485e-16, 3.4427849343090607e-38, 0.0, 1.0, 1.0, 1.0, 0.0, 1.0912850803306399e-64, 1.0639411837452896e-28, 1.0, 1.0, 1.0, 1.0, 1.0, 1.0, 0.0, 1.0, 1.0, 1.0, 1.0, 1.0, 1.0, 1.0, 3.278444978827353e-10, 1.0, 1.0, 1.0, 1.0, 1.0, 1.7600556004021743e-10, 1.0, 0.0, 1.0, 1.9127737546708517e-121, 1.0, 3.164158901269766e-44, 1.0, 3.5429074085437362e-81, 1.0, 0.0, 1.0, 0.0, 1.0, 1.0, 0.0, 1.0, 0.0, 1.018523649826618e-194, 1.0, 1.0, 0.9995502546020129, 1.019556267262012e-33, 1.0656823915698628e-36, 1.0, 2.180823169652704e-18, 1.0529677744004868e-223, 1.0, 1.0, 0.0014241374151408802, 1.0, 1.0, 2.5434419023125942e-36, 1.2281870377671388e-15, 1.0, 1.0, 1.0, 1.0, 1.0, 1.0, 1.0, 1.0, 1.0, 7.073105966809263e-93, 0.0, 1.0, 0.0]"
Naive Bayes,44,9,"[0, 0, 1, 1, 0, 1, 0, 0, 1, 1, 1, 0, 1, 0, 1, 1, 0, 0, 1, 0, 1, 1, 0, 1, 1, 1, 0, 1, 0, 1, 0, 1, 0, 1, 0, 0, 0, 1, 0, 0, 0, 0, 1, 1, 0, 0, 1, 1, 0, 1, 0, 0, 1, 1, 0, 0, 0, 0, 0, 0, 1, 0, 1, 0, 1, 0, 0, 0, 1, 0, 0, 0, 0, 0, 1, 0, 0, 0, 0, 0, 0, 0, 0, 0, 1, 0, 1, 0, 1, 0, 0, 1, 0, 0, 1, 0, 0, 0, 0, 0, 0, 1, 0, 0, 1, 0, 0, 1, 0, 0, 0, 0, 0, 0, 0, 1, 0, 0, 0, 0, 0, 0, 1, 0, 0, 0, 1, 1, 0, 0, 0, 0, 0, 1, 0, 0, 0, 1, 1, 0, 0, 0, 0]","[0, 1, 1, 1, 0, 1, 1, 0, 1, 1, 1, 1, 1, 0, 1, 1, 0, 0, 1, 1, 1, 1, 0, 1, 1, 1, 0, 1, 0, 1, 1, 1, 1, 1, 0, 0, 0, 1, 0, 0, 0, 0, 1, 1, 0, 0, 0, 0, 0, 1, 0, 0, 1, 1, 0, 1, 0, 1, 1, 0, 1, 0, 0, 0, 1, 0, 0, 0, 1, 0, 0, 0, 1, 0, 1, 0, 0, 1, 0, 0, 0, 0, 0, 1, 1, 0, 0, 0, 1, 0, 1, 1, 0, 0, 1, 0, 0, 0, 0, 0, 1, 1, 0, 0, 1, 0, 1, 1, 1, 0, 0, 0, 0, 0, 1, 1, 0, 0, 0, 0, 1, 0, 1, 0, 0, 0, 1, 1, 0, 0, 0, 0, 0, 1, 0, 1, 0, 1, 1, 1, 0, 0, 0]","[3.9895763301942535e-258, 1.0, 1.0, 1.0, 8.000963227485406e-60, 1.0, 1.0, 2.854279404869417e-53, 1.0, 1.0, 1.0, 1.0, 1.0, 2.0580211399563775e-258, 1.0, 1.0, 5.893026772203798e-08, 0.0, 1.0, 1.0, 1.0, 0.9999999999999858, 0.0, 1.0, 1.0, 0.9999999999386517, 7.4e-323, 1.0, 0.0, 1.0, 1.0, 1.0, 0.9999999999315037, 1.0, 0.0, 7.982950588969165e-64, 0.0, 1.0, 0.0, 0.0035536883627612192, 0.0, 1.5552097287933362e-82, 1.0, 1.0, 0.0, 0.0, 1.3211418361152946e-198, 4.428916192753599e-11, 5.237985864114702e-148, 1.0, 1.276422983279261e-101, 0.0, 1.0, 1.0, 0.0, 1.0, 0.0, 1.0, 1.0, 0.0, 1.0, 0.0, 7.676386266156342e-108, 4.495432337098363e-53, 1.0, 1.231320422774814e-107, 0.0, 0.0, 1.0, 4.8195646259212105e-120, 0.0, 0.0, 0.9392720622856898, 0.0, 1.0, 0.0008556680055124051, 1.3008993060543533e-38, 1.0, 9.646579287221868e-14, 7.884248111378486e-25, 0.0, 3.1234466005464356e-176, 2.122455134027602e-297, 0.9999686787543752, 1.0, 0.0, 4.4174823926380975e-07, 1.1587007516967536e-09, 1.0, 0.0, 1.0, 1.0, 3.203560186625348e-45, 0.0, 1.0, 0.0, 0.0, 5.673319313152761e-162, 1.0055430989721944e-76, 1.3422626426412014e-36, 1.0, 1.0, 0.0, 0.0, 1.0, 5.793324009425336e-13, 0.6717654285298299, 1.0, 1.0, 0.0, 6.5121854e-317, 0.0, 0.0, 3.1534986664474976e-05, 1.0, 1.0, 0.0, 4.3060532498001303e-172, 7.69592602459966e-09, 0.0, 0.9999999999999964, 0.0, 0.9999596702102328, 0.0, 0.0, 2.643554042366752e-71, 1.0, 1.0, 2.3339136712079454e-95, 0.00014003079258588063, 0.0, 2.928531144595573e-39, 3.947542914201279e-74, 1.0, 0.0, 0.9999998802140554, 4.627066476467214e-46, 1.0, 1.0, 0.9996224639773453, 0.0, 1.8123818053765797e-78, 0.0]"
Naive Bayes,45,9,"[0, 1, 1, 0, 1, 1, 0, 0, 0, 0, 0, 0, 0, 0, 1, 1, 0, 0, 0, 1, 1, 0, 0, 1, 0, 0, 1, 0, 0, 0, 1, 0, 0, 0, 1, 0, 0, 0, 0, 0, 0, 0, 0, 0, 1, 1, 1, 1, 1, 0, 0, 0, 0, 1, 1, 0, 0, 0, 1, 1, 1, 1, 1, 0, 0, 0, 0, 1, 0, 1, 1, 0, 0, 1, 0, 1, 1, 1, 1, 1, 0, 0, 0, 0, 0, 1, 1, 0, 0, 1, 1, 0, 1, 0, 1, 1, 0, 1, 0, 0, 1, 1, 0, 0, 1, 0, 0, 1, 0, 0, 1, 0, 1, 0, 0, 0, 0, 0, 1, 0, 0, 1, 1, 1, 1, 0, 1, 0, 0, 0, 0, 1, 0, 0, 0, 0, 0, 1, 1, 0, 0, 1, 0]","[1, 1, 0, 1, 1, 1, 1, 0, 0, 0, 0, 1, 0, 0, 1, 1, 1, 1, 1, 1, 1, 1, 0, 0, 0, 1, 1, 0, 0, 0, 1, 0, 0, 1, 1, 0, 0, 0, 0, 0, 1, 1, 0, 1, 1, 1, 1, 1, 1, 0, 0, 0, 0, 1, 1, 0, 0, 0, 1, 1, 1, 1, 1, 0, 1, 0, 0, 1, 0, 1, 1, 0, 0, 1, 1, 1, 1, 1, 1, 1, 0, 0, 0, 1, 0, 1, 1, 0, 1, 1, 1, 0, 1, 1, 1, 1, 0, 1, 1, 0, 1, 1, 0, 0, 1, 1, 1, 1, 1, 0, 1, 0, 1, 0, 1, 1, 1, 1, 1, 0, 0, 1, 1, 1, 1, 1, 1, 1, 0, 0, 0, 1, 0, 1, 0, 1, 1, 1, 1, 0, 0, 1, 1]","[0.9999999995104929, 1.0, 1.4178893551364564e-27, 1.0, 1.0, 0.9999999999999929, 1.0, 3.4065643038497196e-43, 5.919779396487295e-163, 1.5250945415950964e-88, 1.5113033030995467e-124, 1.0, 0.0, 1.3269141644110573e-170, 0.9986682780771283, 1.0, 1.0, 1.0, 0.9999903309241908, 1.0, 1.0, 1.0, 2.2281935626948314e-20, 2.1996239581833158e-15, 9.083228094721087e-20, 0.9999996334082116, 1.0, 2.5498814576418745e-49, 3.483870017226788e-47, 3.1897731358365975e-275, 1.0, 9.072436017668062e-275, 1.4464877825200595e-13, 1.0, 1.0, 3.0717014521686526e-110, 3.80473817e-315, 4.493325180147209e-287, 6.8802067973852394e-40, 1.457640310436893e-183, 1.0, 1.0, 0.0003504416080253203, 1.0, 1.0, 1.0, 1.0, 1.0, 1.0, 4.160483214957e-311, 0.0, 3.158908626323012e-203, 0.0, 0.9999999999999609, 1.0, 0.0, 0.0, 2.4762972813810922e-229, 1.0, 1.0, 1.0, 1.0, 1.0, 0.0, 0.9999999999954241, 8.178808308504909e-138, 1.127315626682432e-42, 1.0, 0.0, 1.0, 1.0, 0.0, 4.4772595070629374e-07, 1.0, 1.0, 1.0, 1.0, 1.0, 1.0, 1.0, 3.952333123675732e-104, 1.3095029002219076e-271, 0.0, 1.0, 0.0, 1.0, 1.0, 0.0, 1.0, 1.0, 1.0, 1.8561557892944496e-07, 0.9999999999999929, 1.0, 1.0, 1.0, 0.0, 1.0, 0.9251836856326843, 0.0, 1.0, 1.0, 1.3672513350528737e-173, 1.5334981633244966e-141, 1.0, 0.9999999999991864, 1.0, 1.0, 1.0, 7.122831775105869e-210, 1.0, 1.221014296247169e-43, 1.0, 4.4401788171109455e-172, 1.0, 1.0, 1.0, 0.9999999999556834, 1.0, 1.1330636524712064e-180, 0.0, 1.0, 1.0, 1.0, 1.0, 0.999767472673501, 1.0, 1.0, 7.561372946606897e-123, 0.0, 3.1629122414267203e-230, 1.0, 0.0, 0.9999999999993179, 0.0, 1.0, 1.0, 1.0, 1.0, 0.0, 5.920311498253824e-250, 1.0, 0.9999999999999929]"
Naive Bayes,46,10,"[0, 1, 1, 0, 1, 0, 0, 1, 1, 0, 1, 1, 0, 0, 0, 1, 0, 1, 0, 0, 0, 1, 0, 0, 1, 0, 0, 0, 0, 1, 0, 0, 0, 0, 0, 1, 0, 0, 0, 0, 1, 0, 1, 0, 0, 0, 0, 0, 0, 0, 1, 1, 1, 1, 1, 0, 1, 0, 0, 0, 1, 0, 0, 0, 0, 1, 0, 1, 1, 0, 0, 1, 0, 1, 0, 1, 1, 0, 0, 1, 1, 0, 0, 1, 1, 1, 1, 1, 1, 1, 1, 1, 1, 0, 1, 1, 1, 1, 0, 0, 0, 1, 1, 0, 1, 1, 0, 1, 1, 1, 0, 0, 0, 1, 1, 1, 0, 0, 0, 0, 1, 0, 0, 0, 0, 0, 0, 0, 0, 1, 1, 0, 0, 0, 1, 0, 1, 0, 1, 0, 0, 1, 0, 1]","[1, 1, 0, 0, 1, 1, 0, 1, 1, 1, 1, 1, 0, 1, 1, 1, 0, 1, 0, 1, 0, 0, 0, 0, 1, 0, 0, 0, 0, 1, 0, 0, 0, 0, 0, 1, 0, 0, 1, 0, 1, 1, 0, 0, 0, 0, 1, 0, 1, 1, 1, 1, 1, 1, 1, 0, 1, 1, 0, 0, 1, 0, 0, 0, 1, 1, 0, 1, 1, 0, 0, 1, 0, 1, 1, 1, 1, 0, 0, 1, 1, 1, 1, 1, 1, 1, 1, 1, 1, 1, 1, 1, 1, 0, 1, 1, 1, 1, 1, 0, 1, 1, 1, 0, 1, 1, 0, 1, 1, 1, 1, 1, 0, 1, 1, 1, 0, 0, 1, 0, 1, 0, 0, 0, 0, 1, 0, 1, 0, 1, 1, 1, 0, 0, 1, 0, 1, 0, 1, 1, 0, 1, 0, 1]","[1.0, 1.0, 1.9014430153658932e-117, 0.0, 1.0, 1.0, 0.0, 1.0, 1.0, 1.0, 1.0, 1.0, 1.3626150343625576e-205, 1.0, 1.0, 1.0, 0.0, 1.0, 3.7090376464522875e-85, 1.0, 4.146232619295635e-275, 2.234137461457167e-18, 1.3436484807408829e-24, 1.416665653451417e-105, 1.0, 2.4799818147846287e-65, 1.0596146607648149e-28, 8.557571668921528e-44, 0.0, 1.0, 0.0, 0.0, 2.374150914645817e-18, 0.0, 0.0, 1.0, 0.0, 6.211632199791056e-96, 0.9999999999930935, 0.0, 1.0, 0.9999999999976978, 1.0941379865132485e-185, 1.6550653379673253e-07, 7.84163627470308e-11, 3.773978195286202e-96, 1.0, 0.0, 1.0, 1.0, 1.0, 1.0, 1.0, 0.978220356129926, 1.0, 9.95762105509256e-209, 1.0, 0.9999999999999858, 0.0, 7.335354054018065e-133, 1.0, 0.05096847096079685, 1.2921624716155384e-96, 0.0, 1.0, 1.0, 4.658322317641312e-117, 1.0, 1.0, 1.1989530933516064e-18, 1.3329646385831695e-28, 1.0, 7.5351092735228e-35, 1.0, 1.0, 1.0, 0.9999999999993747, 0.0, 1.4274421117085192e-163, 1.0, 1.0, 0.9999999953164007, 1.0, 1.0, 1.0, 1.0, 1.0, 1.0, 1.0, 1.0, 1.0, 1.0, 1.0, 0.0, 1.0, 1.0, 1.0, 1.0, 1.0, 0.0, 0.9999999999999964, 1.0, 1.0, 3.127158569092047e-28, 1.0, 1.0, 4.870289064754307e-171, 1.0, 1.0, 1.0, 1.0, 0.9771407714773288, 0.0, 1.0, 1.0, 1.0, 1.7115037752221376e-23, 6.121313854199158e-272, 1.0, 0.0, 1.0, 1.0478329403094527e-224, 0.0, 0.0064538576921811495, 9.157739561975925e-65, 1.0, 9.783837718365363e-20, 0.9999264636580862, 0.0, 1.0, 1.0, 1.0, 4.746296243015822e-222, 2.1521881049383914e-94, 1.0, 3.7440798249964e-289, 1.0, 0.0, 1.0, 0.9999006223579828, 6.855275313065191e-58, 1.0, 6.03741566767e-313, 1.0]"
Naive Bayes,47,10,"[0, 0, 1, 0, 1, 0, 0, 0, 1, 1, 0, 1, 1, 0, 0, 0, 1, 0, 1, 1, 0, 1, 1, 1, 0, 0, 0, 0, 1, 1, 1, 0, 0, 0, 0, 1, 0, 0, 1, 0, 0, 1, 0, 1, 0, 1, 1, 0, 0, 0, 1, 0, 1, 0, 0, 0, 0, 0, 0, 1, 0, 1, 0, 1, 0, 1, 0, 0, 0, 1, 1, 0, 1, 1, 0, 0, 0, 0, 0, 0, 0, 1, 1, 1, 0, 1, 1, 1, 0, 0, 0, 0, 0, 1, 0, 0, 1, 0, 1, 0, 1, 1, 0, 1, 1, 0, 0, 1, 0, 0, 0, 1, 1, 1, 0, 1, 1, 1, 0, 1, 0, 0, 0, 1, 1, 0, 1, 0, 1, 0, 1, 0, 0, 1, 0, 1, 0, 1, 0, 0, 0, 1, 0]","[1, 0, 1, 0, 1, 1, 0, 1, 1, 0, 1, 1, 1, 0, 0, 0, 0, 0, 1, 1, 0, 1, 1, 1, 1, 0, 1, 0, 1, 1, 1, 0, 0, 0, 0, 1, 0, 0, 1, 0, 0, 1, 0, 0, 1, 1, 1, 0, 0, 0, 1, 0, 1, 0, 0, 0, 0, 0, 0, 1, 0, 1, 0, 1, 0, 0, 0, 0, 1, 1, 1, 0, 1, 0, 0, 0, 0, 0, 1, 1, 1, 1, 1, 1, 1, 1, 1, 0, 0, 0, 0, 0, 0, 1, 0, 0, 1, 0, 1, 1, 1, 1, 1, 1, 1, 0, 0, 1, 0, 0, 0, 1, 1, 1, 0, 1, 1, 1, 0, 1, 1, 0, 0, 1, 1, 0, 1, 0, 1, 1, 1, 0, 0, 0, 0, 1, 0, 1, 0, 1, 1, 1, 1]","[1.0, 8.007985621617899e-213, 1.0, 2.8656744277188715e-151, 0.9999999999999787, 1.0, 2.872994217113234e-28, 0.9999999952523453, 0.9999999998052829, 2.6475711386335457e-12, 1.0, 1.0, 1.0, 0.0, 1.6500794988127805e-14, 3.5640323470937384e-24, 0.0007149742522606722, 3.9452345116539066e-101, 1.0, 0.999938418669505, 2.240894580717157e-114, 1.0, 1.0, 1.0, 0.9999999999999964, 0.0, 0.9999999999996341, 9.913825561924143e-230, 1.0, 1.0, 1.0, 3.0361915259725e-311, 0.0, 6.248225915787085e-15, 3.789400601100807e-57, 1.0, 2.0576160943854084e-09, 0.0, 1.0, 0.05254512786912213, 1.0840256694781727e-181, 1.0, 2.5847022604284744e-176, 2.793449716535379e-09, 0.9938457615916684, 0.9999999999999822, 1.0, 0.0, 0.0, 0.0, 0.9999999999926956, 0.0, 1.0, 6.235552988913018e-181, 5.484823339346912e-118, 0.0, 0.0, 2.1569296705889974e-97, 1.0499583255458552e-38, 1.0, 0.0, 1.0, 0.0, 1.0, 0.0, 2.448942628004528e-28, 1.4327776248175235e-07, 2.64496466946983e-49, 0.9999999950253766, 1.0, 1.0, 0.0, 1.0, 2.2966797416177518e-46, 1.24651961529536e-19, 7.047066159568523e-120, 0.0, 0.0, 0.7695563915513951, 0.9999999999999822, 1.0, 1.0, 1.0, 1.0, 1.0, 1.0, 1.0, 4.043031234918176e-09, 0.0, 1.1448964674007015e-12, 3.570481300209446e-19, 0.0, 0.0, 1.0, 2.6726732819735404e-134, 0.0, 1.0, 0.0, 1.0, 0.9999999990719566, 1.0, 1.0, 0.9999999999965681, 1.0, 1.0, 1.2089534318121292e-220, 1.14763706994632e-10, 1.0, 1.7312480382019967e-38, 1.948898300195381e-41, 6.999469423459346e-275, 1.0, 1.0, 1.0, 9.283269203481526e-98, 1.0, 1.0, 1.0, 0.0, 1.0, 1.0, 3.851568546898661e-167, 1.0268683598350346e-136, 1.0, 1.0, 1.532350127495712e-51, 1.0, 0.0, 1.0, 1.0, 1.0, 7.397538121633189e-76, 4.255414152088789e-09, 7.9612397542778604e-59, 4.640546135098781e-40, 1.0, 1.0029902437380256e-239, 1.0, 1.1136251206479232e-150, 0.9997390787538644, 1.0, 1.0, 0.999999999999968]"
Naive Bayes,48,10,"[0, 1, 1, 1, 1, 0, 0, 0, 0, 0, 0, 0, 0, 0, 0, 1, 0, 0, 1, 1, 0, 0, 1, 1, 1, 1, 0, 1, 0, 1, 1, 0, 0, 0, 0, 1, 0, 0, 1, 1, 1, 0, 0, 1, 1, 1, 0, 0, 0, 1, 1, 0, 1, 0, 1, 1, 0, 1, 0, 1, 0, 0, 0, 0, 1, 0, 1, 0, 1, 1, 0, 1, 0, 0, 1, 0, 0, 0, 1, 1, 0, 0, 1, 1, 0, 1, 0, 1, 1, 0, 1, 0, 1, 0, 1, 0, 1, 0, 1, 1, 1, 1, 1, 0, 1, 1, 0, 0, 0, 0, 1, 0, 0, 1, 1, 0, 1, 0, 1, 0, 0, 1, 1, 1, 1, 0, 1, 0, 1, 1, 1, 1, 1, 1, 0, 1, 0, 0, 1, 0, 0, 1, 0]","[0, 1, 1, 1, 1, 1, 0, 1, 0, 0, 0, 0, 0, 0, 0, 1, 0, 0, 1, 1, 0, 0, 1, 1, 1, 1, 0, 1, 0, 1, 1, 0, 1, 0, 0, 1, 1, 0, 1, 1, 1, 0, 1, 1, 1, 1, 0, 0, 0, 1, 1, 1, 1, 0, 1, 1, 0, 0, 0, 1, 1, 0, 0, 0, 1, 0, 1, 1, 1, 1, 0, 1, 0, 1, 1, 0, 0, 0, 1, 1, 1, 0, 1, 1, 1, 1, 0, 1, 1, 0, 1, 1, 1, 0, 1, 1, 0, 0, 1, 1, 1, 1, 1, 0, 0, 1, 1, 0, 1, 1, 1, 0, 1, 1, 1, 1, 1, 0, 1, 0, 0, 1, 1, 1, 1, 0, 1, 0, 0, 1, 1, 1, 1, 1, 0, 1, 1, 0, 1, 0, 0, 1, 0]","[6.659686881201454e-234, 1.0, 1.0, 1.0, 1.0, 1.0, 0.0, 1.0, 2.5736844782346598e-48, 0.0, 0.0, 4.138550458077072e-105, 0.0, 0.0, 3.629434896917642e-09, 1.0, 5.224561388188359e-06, 5.052950040395779e-128, 1.0, 1.0, 0.0, 0.0, 1.0, 1.0, 1.0, 0.9999999999967066, 7.721037487336308e-301, 1.0, 0.0, 1.0, 1.0, 9.176080268239898e-131, 0.9999999999953211, 0.0, 4.7134808046732805e-76, 1.0, 1.0, 0.0, 1.0, 1.0, 1.0, 2.0123475471518674e-133, 0.999974896678072, 1.0, 1.0, 1.0, 0.0, 0.0, 0.0, 1.0, 0.9999999999999716, 1.0, 1.0, 0.0, 1.0, 1.0, 3.267435592656554e-112, 5.040415995992905e-44, 0.0, 1.0, 1.0, 3.9220305270105e-62, 1.646997906832918e-75, 1.1232431406003321e-181, 1.0, 5.654522111075489e-76, 1.0, 1.0, 1.0, 1.0, 0.0, 1.0, 2.658153952276898e-13, 1.0, 1.0, 0.0, 4.464130497211158e-26, 3.617730067901515e-12, 1.0, 1.0, 1.0, 9.019943511589263e-173, 1.0, 1.0, 1.0, 1.0, 0.0, 1.0, 1.0, 0.0, 1.0, 1.0, 1.0, 1.2355029373117192e-08, 1.0, 1.0, 4.849317217288013e-274, 1.1314984111774544e-86, 1.0, 1.0, 1.0, 1.0, 1.0, 3.3361523270132216e-10, 8.678885313816547e-20, 1.0, 1.0, 0.0, 1.0, 1.0, 1.0, 4.2629636761067184e-54, 1.0, 1.0, 1.0, 1.0, 1.0, 9.080508241276236e-05, 1.0, 0.0, 0.0, 1.0, 1.0, 1.0, 1.0, 7.28814016638021e-07, 1.0, 0.0, 2.9988171041477164e-34, 1.0, 1.0, 1.0, 1.0, 1.0, 0.4088359556315902, 1.0, 0.9999999955348322, 0.0, 1.0, 0.0, 5.6648648166168325e-74, 1.0, 0.0]"
Naive Bayes,49,10,"[0, 0, 0, 0, 0, 1, 0, 0, 0, 1, 0, 1, 0, 0, 0, 0, 1, 0, 1, 0, 1, 0, 0, 1, 0, 0, 1, 0, 0, 0, 1, 0, 0, 0, 0, 0, 1, 0, 0, 0, 0, 0, 0, 0, 1, 1, 0, 1, 0, 1, 1, 0, 0, 0, 0, 1, 0, 1, 1, 0, 1, 0, 1, 0, 1, 1, 0, 1, 0, 0, 1, 0, 1, 1, 1, 1, 0, 0, 0, 0, 0, 0, 0, 1, 0, 0, 0, 0, 1, 1, 1, 0, 0, 1, 1, 0, 0, 0, 0, 0, 1, 1, 0, 0, 1, 0, 0, 0, 0, 0, 0, 0, 1, 0, 1, 0, 1, 0, 0, 0, 0, 0, 0, 0, 0, 0, 1, 0, 0, 1, 1, 0, 1, 0, 1, 1, 1, 0, 0, 0, 0, 1, 1]","[0, 1, 0, 0, 0, 1, 1, 0, 0, 1, 0, 1, 1, 1, 0, 0, 1, 0, 1, 1, 1, 1, 0, 1, 0, 0, 1, 1, 0, 1, 1, 1, 1, 1, 0, 0, 1, 0, 0, 1, 1, 0, 0, 0, 1, 1, 0, 1, 0, 1, 1, 0, 0, 0, 0, 1, 1, 0, 1, 0, 1, 0, 1, 0, 1, 1, 0, 1, 0, 0, 1, 1, 1, 1, 1, 1, 1, 0, 0, 0, 0, 1, 1, 1, 0, 0, 1, 0, 1, 1, 1, 1, 0, 0, 1, 0, 1, 0, 1, 0, 1, 1, 0, 1, 1, 1, 0, 0, 0, 0, 0, 0, 1, 1, 1, 0, 1, 0, 0, 1, 1, 1, 1, 0, 1, 0, 1, 0, 0, 1, 1, 0, 1, 0, 1, 1, 1, 0, 0, 0, 0, 1, 1]","[5.770016973013905e-118, 1.0, 1.4012746258469562e-252, 1.154414699260615e-47, 3.566028632790741e-109, 1.0, 1.0, 3.8589250151022843e-44, 3.3923885678913977e-132, 1.0, 0.0, 1.0, 1.0, 1.0, 5.689640470277399e-38, 0.0, 1.0, 0.0, 1.0, 1.0, 1.0, 0.9999998885345454, 0.0, 1.0, 0.47746952241263646, 2.8343821314140046e-51, 1.0, 0.9999999999999538, 3.36048241024875e-268, 1.0, 1.0, 0.9999999999982805, 1.0, 1.0, 0.0, 0.0, 1.0, 1.7963337196397915e-195, 9.874469405286108e-10, 1.0, 1.0, 3.134007115271461e-305, 5.8757777816065994e-65, 0.0, 1.0, 1.0, 0.0, 1.0, 0.0, 1.0, 1.0, 0.0, 0.0, 0.0, 0.0, 1.0, 1.0, 4.315083775234757e-85, 1.0, 4.599908447567549e-146, 1.0, 4.3488524059037744e-14, 1.0, 3.0229153226794806e-38, 1.0, 1.0, 7.662784879232152e-53, 1.0, 6.269475422542939e-07, 8.453782739265417e-29, 1.0, 1.0, 1.0, 1.0, 1.0, 1.0, 0.9961812869819225, 4.951652783631638e-17, 0.0, 0.0, 1.2149151676787902e-247, 1.0, 0.9999999909433441, 1.0, 2.4564011070557408e-293, 0.0, 1.0, 9.705038384955214e-06, 1.0, 1.0, 1.0, 1.0, 0.0, 1.3923115337156504e-05, 0.9999999999999964, 0.0, 1.0, 0.0, 0.9662049721985921, 2.929163004575154e-87, 1.0, 1.0, 3.552010729273217e-137, 1.0, 1.0, 0.9716875678945858, 0.0, 5.01799307040133e-63, 4.711248769573012e-10, 0.0, 0.0, 0.0, 0.9290976730965119, 1.0, 1.0, 0.0, 1.0, 6.626442144040978e-241, 3.064612681714148e-232, 1.0, 0.9999999999863469, 0.9999999999988596, 1.0, 3.0801953629640017e-282, 1.0, 2.1183730916289804e-05, 1.0, 5.059714524240359e-255, 0.0, 1.0, 1.0, 0.0, 1.0, 2.5287774916226467e-80, 1.0, 1.0, 1.0, 0.0, 1.9445701181468675e-31, 8.08407568354056e-59, 1.7561493365742067e-94, 1.0, 1.0]"
Naive Bayes,50,10,"[1, 0, 1, 0, 1, 1, 0, 0, 0, 0, 1, 1, 0, 1, 1, 0, 0, 1, 0, 1, 1, 1, 1, 0, 1, 1, 0, 0, 0, 1, 0, 0, 0, 1, 0, 1, 1, 1, 0, 1, 0, 1, 0, 1, 1, 1, 0, 0, 1, 1, 1, 0, 0, 0, 1, 1, 0, 1, 1, 0, 1, 1, 0, 0, 0, 0, 0, 0, 0, 1, 0, 1, 1, 0, 1, 0, 0, 1, 1, 1, 1, 0, 1, 0, 1, 0, 1, 0, 1, 0, 0, 1, 1, 0, 1, 0, 0, 1, 0, 0, 0, 0, 0, 0, 1, 0, 0, 0, 1, 0, 0, 1, 0, 0, 1, 1, 1, 1, 0, 0, 0, 1, 0, 0, 0, 0, 0, 0, 1, 1, 0, 1, 0, 0, 0, 0, 0, 0, 0, 1, 0, 0, 1]","[1, 1, 1, 1, 0, 0, 0, 0, 0, 0, 1, 1, 0, 1, 1, 1, 0, 1, 1, 0, 1, 1, 1, 0, 1, 1, 0, 0, 0, 1, 0, 0, 0, 1, 0, 1, 1, 1, 0, 1, 0, 1, 0, 1, 1, 1, 1, 1, 1, 1, 1, 0, 0, 1, 1, 1, 0, 1, 1, 0, 1, 1, 0, 1, 0, 0, 0, 0, 0, 1, 0, 1, 1, 0, 1, 0, 0, 1, 1, 1, 1, 0, 1, 0, 1, 1, 1, 1, 1, 0, 0, 1, 1, 0, 1, 0, 0, 1, 0, 0, 0, 0, 0, 0, 1, 0, 0, 1, 1, 0, 1, 1, 1, 0, 1, 1, 1, 1, 0, 0, 0, 1, 0, 1, 1, 1, 1, 0, 1, 1, 0, 1, 0, 1, 0, 1, 0, 0, 1, 1, 0, 0, 1]","[1.0, 0.9999999979540135, 1.0, 0.9999999890900996, 0.21847744870804783, 8.47966197364108e-28, 6.840467356798925e-11, 8.810803566156299e-165, 9.389801540044362e-89, 9.131108616020181e-103, 1.0, 1.0, 7.68953757071516e-201, 1.0, 1.0, 0.9999717549984612, 7.667334059480936e-48, 1.0, 1.0, 2.7954312235844807e-08, 0.9999999999999787, 1.0, 1.0, 0.0, 1.0, 1.0, 0.0, 3.727683100289754e-205, 2.070171106651537e-47, 1.0, 1.0505354171916279e-274, 5.881637370454763e-127, 6.362039884506533e-14, 1.0, 2.5048582265014394e-110, 1.0, 1.0, 1.0, 0.0, 1.0, 6.04990745829673e-40, 1.0, 3.402542598316369e-276, 1.0, 1.0, 0.9999999986718286, 1.0, 0.9999999999999929, 1.0, 1.0, 1.0, 1.044737624748811e-202, 0.00012611124925634187, 1.0, 1.0, 1.0, 1.760687664055937e-229, 1.0, 1.0, 0.0, 1.0, 1.0, 0.0, 0.9999999999904539, 1.7921267280096412e-81, 9.248753977315021e-108, 0.0, 7.079448710316086e-43, 0.0, 1.0, 0.0, 1.0, 1.0, 3.3679070859132844e-53, 1.0, 0.0, 0.0, 1.0, 1.0, 1.0, 1.0, 0.06924366053434905, 1.0, 7.897550781160902e-105, 0.9999999999999929, 1.0, 1.0, 1.0, 1.0, 0.0, 0.0, 1.0, 1.0, 0.0, 1.0, 5.032564905227417e-08, 5.966881194903652e-36, 1.0, 0.0, 2.8774162771024096e-195, 2.907614027640467e-90, 1.4162283153835187e-45, 2.9580015159992757e-78, 4.303618615720604e-28, 1.0, 5.558180299551166e-172, 1.9609079415895393e-17, 1.0, 1.0, 2.1752713298327584e-209, 1.0, 1.0, 0.9947807812462452, 3.347860253421187e-171, 1.0, 1.0, 1.0, 1.0, 0.0, 0.0, 1.0302939824700158e-244, 1.0, 6.604387146870229e-130, 0.9987503081051667, 0.9999999999999964, 1.0, 1.0, 0.0, 1.0, 0.9999936715043437, 0.0, 1.0, 1.1400631238113448e-55, 1.0, 0.0, 1.0, 0.0, 6.232217954551195e-37, 1.0, 1.0, 0.0, 0.0, 1.0]"
KNN,1,1,"[1, 0, 1, 1, 1, 1, 0, 0, 0, 0, 1, 0, 0, 0, 1, 1, 0, 0, 1, 0, 0, 1, 0, 1, 0, 0, 0, 0, 1, 0, 1, 1, 0, 0, 0, 0, 1, 0, 0, 0, 1, 1, 0, 1, 0, 1, 0, 1, 1, 0, 1, 0, 1, 0, 0, 1, 1, 1, 0, 0, 0, 0, 0, 0, 1, 0, 1, 0, 0, 1, 1, 1, 1, 1, 1, 0, 1, 0, 1, 1, 0, 0, 0, 1, 0, 1, 0, 1, 1, 1, 1, 1, 0, 1, 1, 0, 0, 0, 0, 1, 0, 0, 1, 1, 0, 0, 0, 0, 1, 1, 0, 1, 1, 0, 0, 0, 0, 1, 0, 1, 1, 1, 0, 0, 0, 0, 0, 0, 0, 1, 0, 1, 1, 1, 0, 1, 1, 1, 0, 0, 1, 0, 1]","[1, 1, 1, 1, 1, 1, 1, 1, 0, 0, 1, 0, 0, 0, 1, 1, 1, 1, 1, 0, 0, 0, 0, 1, 0, 0, 0, 0, 1, 0, 0, 1, 0, 0, 0, 0, 1, 0, 0, 0, 1, 1, 1, 1, 0, 0, 1, 1, 1, 0, 1, 0, 1, 0, 0, 1, 0, 1, 0, 0, 0, 0, 0, 0, 0, 0, 1, 0, 1, 1, 1, 0, 1, 1, 1, 0, 1, 0, 1, 1, 0, 0, 0, 0, 0, 1, 1, 1, 1, 1, 1, 1, 0, 1, 1, 0, 0, 0, 0, 1, 0, 0, 1, 1, 0, 1, 0, 0, 1, 0, 0, 1, 1, 0, 0, 0, 0, 1, 0, 1, 1, 1, 0, 0, 0, 0, 0, 0, 0, 1, 0, 0, 0, 1, 0, 1, 1, 1, 0, 0, 1, 0, 1]","[0.8, 0.8, 1.0, 1.0, 1.0, 1.0, 0.6, 0.8, 0.0, 0.2, 0.8, 0.4, 0.0, 0.0, 1.0, 1.0, 0.8, 1.0, 1.0, 0.0, 0.0, 0.4, 0.0, 0.8, 0.0, 0.0, 0.0, 0.0, 1.0, 0.2, 0.4, 1.0, 0.0, 0.2, 0.0, 0.0, 0.8, 0.4, 0.0, 0.0, 1.0, 0.6, 0.6, 0.6, 0.0, 0.0, 0.6, 1.0, 1.0, 0.0, 1.0, 0.0, 0.8, 0.0, 0.2, 1.0, 0.4, 0.8, 0.0, 0.0, 0.0, 0.0, 0.0, 0.0, 0.4, 0.0, 0.8, 0.0, 0.8, 0.8, 1.0, 0.2, 1.0, 0.8, 0.8, 0.0, 0.8, 0.0, 0.8, 1.0, 0.0, 0.4, 0.0, 0.0, 0.0, 0.8, 0.6, 0.8, 0.8, 0.6, 1.0, 0.8, 0.0, 0.8, 0.6, 0.0, 0.0, 0.0, 0.0, 1.0, 0.0, 0.2, 0.8, 1.0, 0.0, 0.8, 0.2, 0.2, 1.0, 0.4, 0.4, 0.6, 1.0, 0.2, 0.0, 0.0, 0.4, 0.6, 0.0, 0.8, 0.8, 1.0, 0.0, 0.0, 0.0, 0.0, 0.0, 0.4, 0.2, 1.0, 0.0, 0.2, 0.0, 0.8, 0.0, 1.0, 0.8, 1.0, 0.0, 0.0, 1.0, 0.0, 1.0]"
KNN,2,1,"[0, 0, 1, 1, 0, 1, 0, 1, 0, 0, 0, 0, 0, 1, 1, 1, 0, 0, 1, 1, 0, 1, 0, 0, 0, 1, 0, 0, 0, 0, 0, 0, 1, 0, 0, 0, 0, 0, 0, 1, 1, 1, 1, 0, 1, 0, 0, 0, 1, 1, 1, 1, 1, 0, 1, 0, 0, 0, 1, 0, 0, 0, 0, 1, 0, 0, 0, 1, 0, 0, 1, 1, 0, 1, 1, 1, 1, 1, 1, 1, 0, 0, 0, 1, 1, 0, 1, 1, 0, 0, 0, 0, 0, 1, 1, 0, 0, 1, 1, 1, 0, 1, 1, 1, 0, 1, 1, 1, 1, 1, 1, 0, 0, 1, 0, 0, 1, 1, 0, 1, 0, 1, 1, 1, 0, 1, 0, 1, 0, 1, 1, 1, 0, 0, 1, 1, 0, 0, 0, 0, 0, 1, 0, 1]","[1, 0, 0, 0, 1, 1, 0, 0, 0, 0, 0, 0, 1, 1, 1, 1, 0, 0, 1, 1, 0, 1, 0, 0, 0, 1, 0, 0, 1, 0, 0, 0, 0, 0, 0, 0, 0, 1, 0, 0, 1, 1, 1, 0, 1, 0, 0, 0, 1, 1, 1, 1, 0, 0, 0, 0, 0, 0, 0, 1, 0, 0, 0, 1, 0, 0, 0, 0, 1, 0, 1, 1, 0, 1, 1, 1, 1, 1, 1, 1, 0, 0, 0, 1, 1, 0, 1, 1, 0, 0, 0, 0, 0, 0, 1, 0, 0, 1, 1, 1, 0, 0, 1, 0, 0, 0, 1, 1, 0, 1, 1, 0, 0, 1, 0, 0, 1, 1, 0, 1, 1, 1, 0, 1, 1, 1, 0, 1, 1, 1, 1, 1, 0, 0, 1, 1, 0, 0, 0, 1, 0, 1, 1, 1]","[1.0, 0.0, 0.0, 0.4, 0.8, 1.0, 0.0, 0.2, 0.0, 0.0, 0.0, 0.0, 0.8, 0.6, 1.0, 1.0, 0.0, 0.2, 1.0, 0.6, 0.2, 1.0, 0.0, 0.0, 0.0, 0.8, 0.0, 0.0, 0.8, 0.0, 0.0, 0.0, 0.4, 0.0, 0.2, 0.0, 0.4, 0.6, 0.2, 0.4, 1.0, 0.8, 0.6, 0.0, 0.8, 0.0, 0.0, 0.0, 1.0, 1.0, 1.0, 1.0, 0.0, 0.0, 0.2, 0.0, 0.0, 0.0, 0.2, 0.6, 0.0, 0.0, 0.0, 1.0, 0.0, 0.0, 0.0, 0.4, 0.8, 0.0, 1.0, 1.0, 0.0, 1.0, 1.0, 1.0, 1.0, 0.8, 1.0, 0.8, 0.0, 0.0, 0.0, 0.8, 0.8, 0.2, 0.8, 1.0, 0.2, 0.0, 0.4, 0.0, 0.0, 0.4, 1.0, 0.0, 0.0, 1.0, 0.8, 0.6, 0.0, 0.0, 0.8, 0.4, 0.0, 0.4, 1.0, 1.0, 0.0, 1.0, 1.0, 0.4, 0.2, 0.8, 0.0, 0.2, 1.0, 0.6, 0.2, 1.0, 0.8, 1.0, 0.2, 1.0, 0.8, 0.8, 0.0, 1.0, 0.6, 1.0, 1.0, 0.8, 0.0, 0.0, 1.0, 1.0, 0.0, 0.2, 0.2, 0.6, 0.4, 0.8, 0.8, 0.8]"
KNN,3,1,"[0, 0, 0, 0, 0, 1, 1, 0, 1, 0, 0, 1, 0, 0, 1, 1, 1, 0, 0, 0, 0, 0, 0, 1, 1, 1, 1, 0, 0, 1, 0, 1, 0, 1, 1, 0, 0, 1, 0, 0, 0, 0, 0, 0, 1, 1, 0, 1, 1, 1, 0, 0, 1, 0, 1, 0, 0, 1, 1, 0, 1, 0, 0, 0, 1, 1, 0, 1, 0, 0, 0, 0, 0, 0, 0, 0, 0, 1, 0, 0, 0, 1, 0, 0, 0, 1, 0, 1, 0, 1, 1, 1, 0, 1, 1, 0, 0, 0, 1, 0, 1, 0, 1, 0, 1, 0, 0, 1, 1, 0, 0, 0, 1, 1, 0, 1, 1, 0, 0, 0, 0, 0, 0, 1, 0, 1, 0, 0, 0, 0, 0, 1, 1, 1, 0, 1, 0, 0, 1, 1, 0, 0, 1]","[0, 0, 1, 0, 0, 1, 0, 0, 1, 0, 0, 1, 0, 0, 1, 0, 1, 1, 0, 1, 0, 0, 0, 1, 1, 1, 1, 1, 0, 0, 0, 1, 0, 1, 1, 0, 0, 1, 0, 0, 0, 0, 0, 0, 1, 1, 0, 0, 1, 1, 0, 0, 0, 0, 0, 0, 0, 1, 1, 0, 1, 0, 0, 0, 1, 1, 0, 1, 0, 0, 0, 0, 0, 0, 0, 0, 0, 0, 0, 0, 0, 1, 1, 0, 0, 1, 1, 1, 0, 1, 1, 1, 0, 1, 0, 0, 0, 0, 1, 1, 1, 1, 1, 0, 1, 0, 0, 1, 1, 0, 0, 1, 0, 1, 0, 1, 1, 0, 0, 0, 0, 0, 0, 1, 0, 1, 0, 0, 1, 0, 1, 0, 1, 0, 0, 1, 0, 0, 1, 1, 0, 0, 1]","[0.2, 0.0, 0.6, 0.4, 0.0, 1.0, 0.0, 0.2, 0.6, 0.0, 0.4, 0.8, 0.0, 0.0, 0.6, 0.2, 1.0, 0.8, 0.0, 0.6, 0.0, 0.0, 0.0, 0.6, 0.8, 1.0, 0.8, 0.8, 0.0, 0.2, 0.4, 0.6, 0.4, 0.8, 1.0, 0.0, 0.2, 1.0, 0.0, 0.0, 0.2, 0.0, 0.0, 0.0, 0.8, 1.0, 0.0, 0.4, 1.0, 1.0, 0.4, 0.0, 0.4, 0.0, 0.4, 0.0, 0.0, 1.0, 1.0, 0.2, 0.8, 0.2, 0.2, 0.0, 0.8, 0.8, 0.2, 0.8, 0.0, 0.0, 0.0, 0.0, 0.0, 0.0, 0.0, 0.0, 0.0, 0.4, 0.2, 0.0, 0.4, 1.0, 0.8, 0.0, 0.0, 0.6, 1.0, 0.8, 0.0, 0.8, 0.6, 0.6, 0.0, 0.6, 0.2, 0.0, 0.4, 0.0, 0.8, 0.6, 0.6, 1.0, 0.8, 0.0, 1.0, 0.0, 0.2, 1.0, 1.0, 0.4, 0.0, 0.6, 0.4, 1.0, 0.0, 1.0, 1.0, 0.2, 0.0, 0.2, 0.0, 0.0, 0.0, 0.8, 0.2, 1.0, 0.4, 0.0, 0.6, 0.0, 0.6, 0.2, 1.0, 0.2, 0.0, 0.6, 0.0, 0.0, 1.0, 1.0, 0.0, 0.0, 0.6]"
KNN,4,1,"[1, 1, 0, 1, 0, 1, 1, 0, 0, 0, 0, 0, 1, 1, 0, 0, 0, 1, 0, 1, 0, 1, 1, 0, 1, 0, 1, 1, 1, 0, 1, 0, 0, 1, 0, 1, 1, 0, 0, 0, 0, 1, 0, 0, 0, 0, 0, 0, 0, 0, 0, 0, 1, 1, 1, 0, 0, 1, 1, 1, 1, 0, 0, 0, 1, 1, 1, 1, 0, 0, 0, 0, 1, 0, 0, 0, 1, 0, 0, 1, 0, 0, 0, 1, 0, 1, 0, 1, 0, 0, 1, 1, 0, 0, 0, 1, 1, 0, 0, 0, 1, 0, 1, 1, 1, 1, 0, 0, 0, 0, 0, 0, 0, 1, 0, 0, 1, 1, 0, 1, 1, 0, 0, 0, 0, 1, 0, 1, 0, 0, 1, 1, 0, 1, 1, 0, 0, 0, 1, 0, 0, 0, 1]","[0, 1, 0, 0, 1, 1, 0, 1, 0, 0, 0, 0, 1, 1, 1, 0, 0, 0, 0, 1, 0, 1, 0, 0, 0, 0, 1, 1, 1, 0, 1, 0, 0, 1, 0, 1, 1, 0, 0, 0, 1, 0, 0, 0, 0, 0, 1, 0, 0, 0, 0, 0, 1, 1, 0, 0, 0, 1, 1, 1, 0, 0, 0, 0, 1, 1, 0, 1, 0, 0, 0, 0, 1, 0, 0, 0, 1, 1, 0, 1, 1, 1, 0, 1, 0, 1, 0, 1, 0, 0, 0, 0, 0, 0, 0, 1, 1, 0, 0, 0, 1, 0, 1, 0, 1, 1, 0, 1, 0, 0, 0, 0, 0, 1, 0, 0, 1, 1, 0, 1, 1, 0, 0, 1, 0, 1, 0, 1, 0, 0, 1, 1, 0, 1, 1, 1, 0, 0, 1, 0, 0, 0, 1]","[0.2, 1.0, 0.2, 0.2, 0.8, 1.0, 0.4, 0.6, 0.0, 0.0, 0.0, 0.2, 0.6, 1.0, 1.0, 0.0, 0.0, 0.4, 0.0, 1.0, 0.0, 1.0, 0.4, 0.0, 0.4, 0.0, 0.6, 0.8, 0.8, 0.0, 0.8, 0.0, 0.0, 0.8, 0.0, 1.0, 1.0, 0.0, 0.2, 0.2, 0.8, 0.2, 0.0, 0.2, 0.0, 0.0, 0.6, 0.0, 0.0, 0.0, 0.0, 0.0, 0.6, 1.0, 0.0, 0.0, 0.0, 0.8, 0.8, 1.0, 0.0, 0.0, 0.2, 0.2, 0.6, 0.8, 0.4, 0.8, 0.0, 0.0, 0.0, 0.0, 1.0, 0.0, 0.0, 0.0, 1.0, 0.6, 0.0, 0.8, 0.6, 0.8, 0.0, 1.0, 0.4, 0.6, 0.0, 0.6, 0.4, 0.0, 0.4, 0.4, 0.0, 0.2, 0.2, 1.0, 0.8, 0.0, 0.2, 0.0, 1.0, 0.0, 0.8, 0.4, 0.8, 1.0, 0.0, 0.6, 0.4, 0.0, 0.2, 0.0, 0.4, 1.0, 0.0, 0.0, 1.0, 1.0, 0.0, 1.0, 1.0, 0.4, 0.0, 0.6, 0.0, 0.8, 0.0, 1.0, 0.0, 0.0, 1.0, 1.0, 0.0, 1.0, 0.6, 0.6, 0.0, 0.0, 0.8, 0.0, 0.0, 0.2, 0.6]"
KNN,5,1,"[0, 0, 0, 0, 0, 0, 0, 0, 0, 1, 1, 0, 0, 0, 1, 1, 0, 1, 0, 1, 1, 1, 0, 0, 0, 0, 0, 0, 1, 0, 1, 1, 0, 1, 1, 0, 0, 0, 1, 0, 1, 0, 1, 1, 0, 1, 0, 0, 0, 1, 0, 0, 0, 1, 1, 0, 1, 1, 0, 0, 1, 0, 0, 0, 0, 1, 0, 1, 0, 1, 0, 1, 1, 0, 0, 1, 0, 1, 1, 1, 1, 1, 1, 1, 0, 0, 1, 0, 0, 0, 0, 1, 1, 1, 0, 0, 1, 0, 1, 0, 0, 0, 0, 0, 1, 0, 0, 0, 0, 1, 0, 0, 0, 1, 0, 1, 0, 1, 1, 1, 0, 0, 1, 0, 0, 1, 0, 0, 0, 0, 0, 0, 1, 0, 0, 1, 1, 1, 0, 0, 0, 0, 0]","[0, 0, 0, 1, 1, 0, 0, 0, 0, 1, 1, 0, 0, 0, 1, 1, 0, 1, 0, 0, 1, 1, 0, 0, 0, 0, 0, 0, 0, 0, 1, 1, 0, 1, 1, 0, 0, 0, 1, 0, 1, 0, 0, 0, 0, 1, 0, 1, 0, 1, 0, 1, 1, 0, 1, 1, 1, 1, 0, 0, 1, 0, 0, 0, 0, 1, 0, 1, 0, 1, 1, 1, 1, 0, 0, 1, 0, 1, 1, 1, 1, 1, 1, 1, 0, 1, 0, 0, 1, 0, 0, 1, 1, 1, 0, 0, 1, 0, 1, 0, 0, 0, 1, 0, 1, 0, 0, 0, 0, 1, 0, 0, 0, 0, 0, 1, 1, 0, 1, 1, 0, 0, 1, 1, 1, 1, 0, 0, 1, 0, 0, 0, 1, 0, 1, 1, 1, 1, 0, 0, 0, 0, 0]","[0.0, 0.4, 0.0, 1.0, 1.0, 0.0, 0.0, 0.2, 0.0, 1.0, 1.0, 0.4, 0.0, 0.0, 0.8, 1.0, 0.4, 0.8, 0.0, 0.2, 1.0, 1.0, 0.0, 0.0, 0.0, 0.4, 0.0, 0.0, 0.4, 0.0, 1.0, 0.8, 0.0, 0.8, 0.8, 0.0, 0.2, 0.0, 1.0, 0.0, 0.8, 0.2, 0.4, 0.0, 0.2, 1.0, 0.0, 0.6, 0.0, 0.8, 0.0, 1.0, 0.8, 0.4, 1.0, 1.0, 0.8, 1.0, 0.0, 0.2, 0.8, 0.0, 0.0, 0.0, 0.0, 0.8, 0.0, 0.6, 0.0, 0.8, 0.6, 0.6, 1.0, 0.0, 0.2, 1.0, 0.0, 0.8, 1.0, 1.0, 1.0, 1.0, 1.0, 0.8, 0.4, 1.0, 0.2, 0.2, 0.6, 0.2, 0.0, 1.0, 1.0, 0.6, 0.0, 0.0, 1.0, 0.2, 0.8, 0.0, 0.0, 0.2, 0.8, 0.0, 0.8, 0.0, 0.2, 0.4, 0.0, 0.8, 0.2, 0.0, 0.4, 0.4, 0.0, 1.0, 1.0, 0.4, 0.6, 1.0, 0.0, 0.2, 0.6, 0.6, 0.8, 0.6, 0.0, 0.2, 1.0, 0.0, 0.0, 0.0, 1.0, 0.0, 1.0, 1.0, 0.8, 1.0, 0.0, 0.0, 0.0, 0.0, 0.2]"
KNN,6,2,"[1, 0, 1, 1, 1, 0, 1, 1, 0, 1, 0, 1, 0, 0, 1, 1, 0, 1, 0, 0, 0, 0, 1, 0, 1, 0, 0, 1, 1, 0, 1, 0, 0, 0, 0, 0, 0, 0, 0, 0, 0, 1, 0, 1, 0, 1, 0, 1, 1, 0, 0, 0, 0, 0, 0, 0, 0, 1, 0, 0, 0, 0, 0, 1, 1, 1, 1, 1, 0, 1, 1, 0, 0, 1, 0, 0, 1, 1, 0, 0, 1, 1, 1, 1, 0, 1, 0, 1, 1, 0, 0, 1, 1, 0, 1, 1, 0, 0, 1, 1, 1, 1, 1, 0, 0, 0, 0, 1, 0, 1, 1, 1, 1, 0, 0, 0, 0, 1, 0, 0, 1, 0, 1, 0, 1, 0, 0, 0, 1, 1, 0, 0, 0, 1, 0, 1, 1, 1, 1, 0, 1, 1, 1]","[1, 0, 1, 1, 1, 0, 0, 1, 1, 1, 0, 0, 0, 0, 1, 1, 0, 1, 0, 0, 0, 0, 0, 0, 1, 0, 0, 1, 1, 0, 1, 0, 1, 0, 0, 0, 0, 0, 0, 0, 0, 0, 0, 1, 0, 1, 0, 0, 0, 0, 0, 0, 0, 0, 0, 0, 0, 1, 0, 1, 0, 0, 0, 1, 1, 1, 1, 0, 0, 1, 1, 0, 0, 1, 0, 0, 1, 1, 0, 0, 1, 1, 1, 0, 0, 1, 0, 1, 1, 1, 1, 1, 1, 0, 1, 1, 0, 1, 0, 1, 1, 0, 1, 0, 0, 0, 0, 1, 0, 1, 1, 1, 1, 0, 0, 0, 1, 1, 0, 0, 1, 0, 1, 1, 1, 0, 0, 0, 0, 1, 0, 0, 1, 1, 0, 0, 1, 1, 0, 0, 1, 1, 1]","[1.0, 0.2, 1.0, 1.0, 0.8, 0.0, 0.2, 1.0, 0.8, 1.0, 0.4, 0.2, 0.0, 0.0, 1.0, 0.6, 0.4, 1.0, 0.0, 0.0, 0.0, 0.0, 0.2, 0.0, 0.6, 0.2, 0.0, 1.0, 1.0, 0.0, 0.8, 0.0, 0.6, 0.0, 0.0, 0.0, 0.0, 0.0, 0.0, 0.2, 0.0, 0.4, 0.0, 1.0, 0.0, 1.0, 0.2, 0.4, 0.2, 0.0, 0.0, 0.2, 0.0, 0.0, 0.0, 0.2, 0.0, 0.8, 0.0, 0.6, 0.0, 0.0, 0.0, 0.8, 0.8, 1.0, 0.6, 0.0, 0.0, 1.0, 0.8, 0.0, 0.0, 1.0, 0.0, 0.0, 1.0, 1.0, 0.0, 0.0, 0.8, 1.0, 1.0, 0.2, 0.0, 1.0, 0.0, 1.0, 0.8, 0.6, 0.8, 0.6, 1.0, 0.0, 0.8, 1.0, 0.2, 0.6, 0.4, 1.0, 0.6, 0.2, 1.0, 0.2, 0.0, 0.0, 0.2, 0.8, 0.2, 1.0, 0.8, 1.0, 0.8, 0.0, 0.2, 0.0, 0.6, 1.0, 0.4, 0.0, 0.6, 0.2, 1.0, 0.8, 0.8, 0.0, 0.0, 0.0, 0.2, 0.8, 0.4, 0.2, 0.6, 0.6, 0.0, 0.0, 1.0, 1.0, 0.2, 0.0, 0.8, 1.0, 1.0]"
KNN,7,2,"[0, 1, 0, 0, 0, 1, 1, 0, 1, 0, 0, 0, 1, 1, 0, 1, 0, 1, 1, 1, 1, 1, 1, 0, 1, 0, 1, 1, 0, 1, 0, 1, 0, 1, 1, 0, 0, 0, 1, 0, 0, 1, 1, 0, 1, 0, 0, 1, 1, 1, 0, 1, 1, 1, 0, 1, 0, 1, 1, 1, 1, 0, 0, 1, 0, 0, 0, 1, 0, 1, 0, 0, 0, 1, 0, 1, 0, 1, 1, 0, 0, 1, 1, 1, 1, 1, 1, 1, 1, 0, 0, 1, 0, 0, 0, 0, 1, 0, 1, 1, 0, 1, 0, 1, 0, 0, 0, 0, 0, 1, 0, 1, 1, 1, 0, 0, 1, 0, 1, 0, 1, 0, 1, 1, 0, 0, 1, 1, 0, 0, 0, 1, 0, 0, 0, 1, 0, 0, 0, 0, 1, 0, 0, 1]","[0, 0, 0, 1, 0, 0, 0, 0, 1, 0, 1, 0, 1, 1, 1, 1, 0, 1, 1, 0, 0, 1, 0, 0, 1, 0, 1, 1, 0, 0, 0, 1, 0, 1, 1, 0, 0, 0, 1, 0, 0, 1, 1, 0, 0, 0, 0, 0, 0, 0, 0, 0, 1, 1, 0, 1, 0, 1, 1, 1, 0, 0, 0, 0, 0, 0, 0, 1, 0, 1, 0, 0, 0, 1, 0, 1, 1, 1, 1, 0, 1, 1, 1, 1, 1, 1, 1, 1, 1, 0, 0, 1, 0, 0, 0, 0, 1, 0, 0, 1, 0, 0, 0, 0, 0, 0, 0, 1, 0, 0, 0, 1, 1, 1, 0, 1, 1, 0, 1, 0, 1, 0, 1, 0, 1, 0, 1, 1, 0, 1, 0, 1, 0, 0, 0, 0, 0, 0, 0, 0, 1, 0, 0, 1]","[0.0, 0.2, 0.4, 1.0, 0.0, 0.2, 0.2, 0.0, 1.0, 0.0, 1.0, 0.0, 0.6, 0.8, 0.8, 0.8, 0.0, 1.0, 1.0, 0.4, 0.4, 0.6, 0.2, 0.0, 0.8, 0.0, 0.8, 0.6, 0.0, 0.4, 0.0, 0.8, 0.0, 0.8, 1.0, 0.0, 0.2, 0.0, 1.0, 0.0, 0.0, 1.0, 1.0, 0.2, 0.2, 0.0, 0.0, 0.4, 0.4, 0.0, 0.0, 0.4, 1.0, 1.0, 0.0, 0.8, 0.0, 1.0, 1.0, 1.0, 0.4, 0.0, 0.0, 0.2, 0.2, 0.0, 0.2, 1.0, 0.0, 0.8, 0.0, 0.0, 0.2, 0.6, 0.0, 1.0, 0.6, 1.0, 1.0, 0.0, 0.6, 0.6, 0.6, 0.8, 0.6, 0.8, 1.0, 1.0, 0.8, 0.0, 0.0, 0.8, 0.0, 0.0, 0.0, 0.0, 1.0, 0.0, 0.0, 0.6, 0.0, 0.4, 0.0, 0.2, 0.0, 0.0, 0.0, 0.8, 0.4, 0.4, 0.2, 0.8, 1.0, 0.6, 0.2, 0.8, 1.0, 0.0, 1.0, 0.0, 1.0, 0.4, 0.8, 0.2, 0.6, 0.0, 0.8, 0.8, 0.0, 1.0, 0.0, 1.0, 0.0, 0.0, 0.0, 0.4, 0.0, 0.2, 0.0, 0.0, 0.8, 0.0, 0.0, 0.6]"
KNN,8,2,"[0, 1, 0, 1, 1, 0, 0, 0, 0, 1, 1, 0, 0, 1, 0, 0, 0, 0, 1, 0, 1, 1, 1, 1, 0, 0, 0, 0, 0, 0, 1, 0, 0, 0, 1, 0, 0, 0, 1, 1, 0, 0, 0, 0, 1, 1, 1, 0, 0, 0, 1, 1, 0, 1, 0, 1, 0, 0, 0, 1, 1, 1, 0, 1, 0, 1, 0, 0, 0, 0, 1, 1, 0, 1, 1, 0, 0, 0, 1, 0, 1, 0, 1, 1, 0, 0, 1, 1, 0, 0, 0, 1, 0, 0, 0, 1, 0, 0, 1, 0, 0, 1, 1, 0, 1, 1, 0, 0, 0, 1, 0, 0, 0, 0, 1, 0, 1, 0, 0, 0, 1, 0, 1, 0, 0, 0, 0, 0, 1, 1, 0, 0, 1, 1, 0, 0, 0, 0, 0, 0, 0, 1, 1]","[0, 1, 0, 0, 1, 1, 0, 0, 0, 0, 1, 1, 1, 1, 0, 0, 0, 0, 0, 0, 1, 1, 1, 1, 0, 0, 0, 0, 0, 0, 1, 0, 0, 0, 1, 1, 0, 0, 0, 1, 0, 0, 0, 0, 0, 1, 0, 0, 0, 0, 1, 1, 0, 1, 0, 0, 0, 0, 1, 1, 1, 1, 0, 0, 1, 1, 0, 0, 0, 0, 1, 1, 0, 1, 1, 0, 1, 0, 1, 0, 1, 0, 1, 1, 0, 0, 1, 1, 0, 1, 0, 1, 0, 0, 0, 1, 0, 0, 1, 0, 1, 1, 1, 0, 1, 1, 0, 1, 1, 1, 0, 0, 0, 0, 1, 0, 1, 0, 0, 0, 1, 0, 1, 0, 0, 0, 0, 0, 1, 1, 0, 0, 1, 1, 1, 0, 0, 0, 1, 0, 0, 1, 1]","[0.2, 1.0, 0.0, 0.4, 1.0, 0.8, 0.0, 0.2, 0.0, 0.4, 0.8, 0.6, 1.0, 1.0, 0.0, 0.0, 0.0, 0.0, 0.4, 0.0, 0.8, 0.8, 1.0, 1.0, 0.2, 0.0, 0.2, 0.4, 0.0, 0.0, 0.8, 0.0, 0.0, 0.4, 1.0, 0.8, 0.2, 0.4, 0.0, 1.0, 0.2, 0.0, 0.0, 0.0, 0.4, 1.0, 0.0, 0.0, 0.0, 0.0, 0.6, 1.0, 0.0, 0.8, 0.0, 0.0, 0.0, 0.0, 0.8, 0.6, 1.0, 0.8, 0.0, 0.2, 0.6, 0.8, 0.0, 0.0, 0.0, 0.2, 1.0, 0.6, 0.2, 1.0, 1.0, 0.2, 0.8, 0.0, 1.0, 0.2, 1.0, 0.0, 0.8, 0.8, 0.0, 0.0, 1.0, 0.8, 0.0, 0.6, 0.0, 1.0, 0.2, 0.0, 0.2, 1.0, 0.0, 0.0, 1.0, 0.2, 1.0, 1.0, 0.8, 0.0, 1.0, 1.0, 0.4, 0.6, 0.8, 1.0, 0.2, 0.2, 0.0, 0.0, 0.6, 0.0, 1.0, 0.0, 0.0, 0.2, 1.0, 0.0, 1.0, 0.0, 0.0, 0.0, 0.0, 0.0, 1.0, 1.0, 0.0, 0.0, 0.8, 1.0, 0.6, 0.2, 0.2, 0.0, 0.8, 0.0, 0.0, 0.8, 0.8]"
KNN,9,2,"[0, 1, 0, 0, 1, 0, 0, 0, 0, 1, 0, 0, 1, 0, 0, 1, 0, 1, 0, 0, 1, 1, 0, 0, 1, 1, 0, 0, 1, 0, 0, 0, 0, 0, 0, 0, 0, 1, 1, 0, 0, 0, 0, 1, 1, 0, 1, 0, 0, 1, 1, 0, 0, 0, 1, 0, 1, 0, 0, 0, 0, 1, 1, 0, 1, 0, 0, 1, 0, 0, 0, 1, 0, 0, 1, 0, 0, 1, 1, 1, 1, 0, 0, 0, 0, 1, 0, 0, 1, 0, 0, 0, 1, 1, 1, 0, 0, 0, 0, 0, 0, 0, 0, 1, 0, 0, 0, 1, 0, 0, 1, 1, 1, 1, 1, 1, 1, 0, 1, 0, 1, 1, 0, 1, 1, 0, 0, 1, 0, 1, 0, 1, 1, 0, 0, 1, 1, 1, 0, 1, 0, 0, 0]","[0, 0, 0, 0, 1, 0, 0, 0, 0, 1, 0, 0, 1, 0, 0, 1, 0, 1, 0, 0, 1, 1, 0, 0, 1, 1, 1, 0, 1, 0, 0, 0, 0, 0, 0, 0, 0, 1, 1, 0, 0, 0, 1, 1, 1, 0, 1, 1, 0, 1, 1, 0, 0, 1, 1, 0, 1, 0, 0, 0, 1, 1, 1, 0, 1, 0, 0, 1, 0, 0, 0, 0, 0, 0, 1, 0, 1, 1, 1, 1, 1, 1, 0, 0, 1, 1, 0, 0, 1, 1, 0, 0, 1, 1, 0, 0, 0, 1, 0, 0, 0, 0, 0, 1, 0, 1, 1, 1, 0, 0, 1, 0, 1, 0, 1, 1, 1, 0, 1, 0, 0, 1, 1, 1, 1, 0, 0, 0, 0, 1, 0, 1, 1, 1, 0, 1, 1, 1, 0, 1, 1, 0, 0]","[0.4, 0.2, 0.2, 0.4, 0.6, 0.0, 0.0, 0.2, 0.0, 1.0, 0.0, 0.0, 1.0, 0.0, 0.0, 0.8, 0.0, 1.0, 0.0, 0.4, 0.8, 1.0, 0.0, 0.4, 1.0, 0.8, 0.6, 0.0, 0.6, 0.2, 0.4, 0.0, 0.0, 0.0, 0.0, 0.0, 0.2, 1.0, 1.0, 0.0, 0.0, 0.0, 0.6, 1.0, 0.8, 0.0, 1.0, 0.6, 0.0, 0.8, 1.0, 0.0, 0.0, 0.8, 0.6, 0.0, 1.0, 0.0, 0.0, 0.0, 0.6, 0.6, 1.0, 0.0, 0.8, 0.0, 0.0, 1.0, 0.0, 0.0, 0.0, 0.0, 0.0, 0.0, 1.0, 0.0, 0.6, 0.8, 0.6, 0.8, 1.0, 0.6, 0.0, 0.0, 0.6, 0.8, 0.0, 0.2, 1.0, 0.8, 0.0, 0.0, 0.8, 1.0, 0.4, 0.0, 0.0, 0.6, 0.2, 0.0, 0.0, 0.0, 0.4, 0.8, 0.0, 0.8, 0.8, 0.6, 0.0, 0.2, 1.0, 0.0, 1.0, 0.4, 1.0, 1.0, 1.0, 0.0, 1.0, 0.4, 0.4, 1.0, 0.8, 1.0, 1.0, 0.4, 0.4, 0.4, 0.4, 1.0, 0.0, 1.0, 0.6, 0.6, 0.0, 1.0, 0.8, 0.8, 0.0, 1.0, 0.6, 0.4, 0.2]"
KNN,10,2,"[0, 0, 0, 0, 0, 0, 0, 0, 0, 0, 0, 1, 1, 0, 0, 0, 0, 1, 0, 0, 1, 1, 0, 0, 0, 1, 0, 0, 1, 1, 0, 1, 1, 1, 0, 0, 0, 0, 0, 1, 1, 1, 1, 0, 1, 0, 0, 0, 0, 0, 0, 1, 0, 0, 0, 1, 1, 1, 1, 1, 0, 1, 1, 0, 1, 0, 1, 0, 0, 1, 1, 0, 1, 0, 0, 0, 0, 1, 0, 0, 1, 0, 0, 1, 0, 1, 0, 1, 1, 1, 0, 1, 0, 1, 1, 0, 1, 1, 1, 0, 0, 1, 0, 0, 1, 0, 0, 0, 0, 1, 1, 0, 0, 0, 0, 0, 0, 1, 0, 0, 1, 1, 0, 0, 0, 1, 1, 1, 0, 1, 0, 1, 0, 0, 0, 0, 0, 1, 0, 1, 1, 0, 0]","[1, 0, 0, 1, 1, 0, 0, 0, 0, 1, 0, 1, 1, 0, 0, 0, 1, 1, 0, 0, 0, 1, 0, 0, 0, 1, 0, 0, 0, 1, 0, 1, 1, 1, 0, 0, 0, 0, 0, 1, 1, 0, 1, 0, 1, 0, 0, 0, 0, 1, 0, 1, 0, 0, 1, 1, 0, 1, 1, 1, 0, 1, 1, 0, 1, 0, 1, 0, 0, 1, 1, 0, 1, 0, 0, 0, 1, 0, 0, 1, 1, 0, 0, 0, 0, 0, 0, 1, 0, 1, 0, 1, 0, 1, 1, 0, 1, 0, 1, 0, 0, 1, 0, 1, 1, 0, 0, 0, 0, 1, 0, 0, 0, 0, 0, 0, 0, 1, 0, 0, 1, 1, 0, 1, 1, 1, 1, 1, 0, 1, 0, 1, 0, 0, 0, 0, 1, 1, 0, 1, 1, 0, 0]","[1.0, 0.4, 0.2, 1.0, 0.6, 0.2, 0.0, 0.0, 0.0, 1.0, 0.2, 0.8, 1.0, 0.4, 0.0, 0.0, 0.8, 0.8, 0.4, 0.0, 0.2, 1.0, 0.0, 0.0, 0.0, 1.0, 0.0, 0.0, 0.4, 1.0, 0.0, 0.6, 0.8, 0.8, 0.0, 0.2, 0.0, 0.0, 0.2, 0.6, 0.8, 0.2, 0.8, 0.2, 0.6, 0.0, 0.4, 0.0, 0.0, 1.0, 0.0, 1.0, 0.0, 0.0, 0.8, 1.0, 0.4, 1.0, 1.0, 0.8, 0.2, 0.8, 0.8, 0.0, 0.6, 0.2, 0.6, 0.0, 0.0, 0.6, 1.0, 0.4, 1.0, 0.0, 0.0, 0.0, 0.8, 0.2, 0.4, 0.6, 1.0, 0.4, 0.0, 0.4, 0.0, 0.4, 0.0, 1.0, 0.4, 1.0, 0.0, 1.0, 0.0, 1.0, 0.6, 0.2, 0.8, 0.2, 0.8, 0.4, 0.0, 1.0, 0.0, 0.8, 1.0, 0.0, 0.2, 0.4, 0.2, 1.0, 0.2, 0.2, 0.0, 0.0, 0.0, 0.0, 0.0, 0.6, 0.0, 0.0, 1.0, 1.0, 0.0, 0.6, 0.8, 1.0, 1.0, 1.0, 0.0, 1.0, 0.0, 1.0, 0.2, 0.0, 0.0, 0.0, 1.0, 1.0, 0.0, 0.8, 1.0, 0.0, 0.0]"
KNN,11,3,"[1, 1, 1, 0, 0, 0, 1, 0, 0, 0, 0, 0, 1, 1, 1, 1, 0, 0, 0, 0, 0, 1, 0, 1, 0, 0, 0, 1, 0, 1, 0, 1, 0, 0, 0, 0, 1, 0, 0, 0, 0, 1, 0, 1, 0, 0, 1, 1, 0, 0, 1, 0, 1, 1, 0, 1, 0, 0, 0, 0, 0, 1, 0, 0, 0, 1, 1, 1, 1, 1, 1, 1, 0, 0, 1, 0, 0, 1, 1, 0, 1, 1, 0, 1, 0, 0, 0, 1, 1, 0, 1, 1, 1, 0, 0, 1, 1, 0, 0, 1, 0, 0, 0, 1, 1, 0, 1, 0, 1, 0, 0, 0, 0, 0, 0, 0, 0, 0, 0, 1, 0, 1, 0, 1, 0, 1, 0, 0, 1, 0, 1, 0, 0, 0, 0, 0, 0, 0, 0, 0, 0, 1, 1, 1]","[0, 0, 1, 1, 0, 1, 1, 0, 0, 0, 1, 1, 1, 1, 1, 1, 0, 1, 0, 0, 0, 1, 0, 1, 0, 0, 0, 1, 0, 1, 0, 1, 0, 0, 0, 0, 1, 0, 0, 0, 0, 0, 0, 1, 1, 0, 1, 1, 0, 0, 1, 0, 1, 0, 0, 1, 0, 0, 0, 0, 0, 1, 0, 1, 0, 1, 1, 1, 1, 1, 0, 1, 0, 0, 1, 0, 0, 1, 1, 0, 1, 1, 0, 1, 0, 1, 1, 1, 1, 0, 1, 1, 1, 0, 0, 0, 1, 0, 0, 1, 0, 0, 1, 0, 1, 0, 0, 0, 1, 1, 1, 0, 0, 1, 0, 0, 0, 0, 0, 0, 0, 0, 0, 1, 0, 1, 0, 0, 1, 1, 1, 0, 0, 0, 0, 0, 0, 0, 0, 0, 1, 1, 1, 1]","[0.2, 0.0, 1.0, 1.0, 0.0, 1.0, 0.8, 0.0, 0.0, 0.0, 0.6, 1.0, 1.0, 1.0, 1.0, 1.0, 0.0, 0.6, 0.4, 0.0, 0.0, 0.8, 0.0, 0.8, 0.0, 0.0, 0.2, 1.0, 0.0, 0.8, 0.4, 1.0, 0.0, 0.4, 0.0, 0.0, 0.6, 0.2, 0.0, 0.0, 0.4, 0.0, 0.4, 1.0, 0.6, 0.0, 1.0, 1.0, 0.4, 0.0, 0.8, 0.0, 1.0, 0.0, 0.0, 0.8, 0.0, 0.0, 0.0, 0.0, 0.2, 1.0, 0.0, 0.8, 0.0, 0.8, 1.0, 0.6, 0.6, 0.8, 0.0, 1.0, 0.0, 0.0, 1.0, 0.2, 0.2, 0.8, 1.0, 0.0, 0.6, 1.0, 0.0, 0.8, 0.0, 0.6, 0.6, 1.0, 0.6, 0.0, 1.0, 0.8, 0.8, 0.0, 0.0, 0.4, 0.6, 0.0, 0.0, 1.0, 0.2, 0.0, 1.0, 0.0, 1.0, 0.0, 0.4, 0.0, 1.0, 1.0, 0.8, 0.4, 0.0, 0.8, 0.0, 0.0, 0.0, 0.0, 0.2, 0.4, 0.0, 0.4, 0.0, 1.0, 0.0, 1.0, 0.0, 0.0, 0.8, 0.8, 1.0, 0.0, 0.0, 0.0, 0.0, 0.0, 0.0, 0.2, 0.0, 0.2, 0.8, 0.8, 1.0, 0.6]"
KNN,12,3,"[1, 0, 0, 0, 0, 1, 0, 0, 1, 0, 0, 0, 0, 0, 0, 0, 0, 1, 1, 0, 1, 0, 1, 1, 1, 0, 0, 0, 1, 1, 0, 0, 0, 1, 0, 0, 0, 1, 0, 0, 0, 0, 1, 0, 1, 0, 0, 1, 1, 1, 1, 0, 1, 0, 1, 0, 0, 0, 0, 1, 0, 0, 1, 1, 1, 1, 0, 1, 1, 1, 0, 0, 0, 1, 0, 0, 1, 1, 0, 0, 0, 1, 1, 1, 1, 0, 0, 0, 1, 0, 0, 1, 1, 0, 0, 1, 1, 0, 1, 1, 0, 1, 1, 1, 0, 0, 0, 1, 1, 1, 1, 0, 1, 1, 0, 0, 0, 0, 1, 1, 0, 1, 1, 1, 0, 1, 0, 1, 1, 1, 0, 0, 1, 1, 0, 0, 1, 0, 1, 0, 1, 0, 0]","[1, 1, 0, 1, 0, 0, 0, 1, 1, 0, 0, 0, 0, 0, 0, 1, 0, 1, 0, 0, 1, 0, 1, 1, 0, 0, 0, 0, 1, 1, 0, 0, 0, 1, 0, 0, 0, 1, 0, 0, 0, 1, 0, 0, 1, 0, 1, 1, 1, 0, 0, 0, 1, 0, 1, 0, 0, 0, 0, 1, 0, 0, 0, 1, 1, 1, 0, 1, 1, 1, 0, 0, 0, 0, 0, 0, 1, 1, 0, 0, 1, 1, 1, 1, 1, 0, 0, 0, 1, 0, 1, 1, 1, 0, 0, 1, 1, 0, 1, 1, 0, 1, 1, 1, 0, 0, 0, 1, 0, 1, 1, 0, 1, 1, 0, 0, 0, 1, 1, 1, 0, 1, 1, 1, 0, 1, 0, 1, 0, 1, 1, 0, 1, 1, 1, 1, 0, 0, 1, 0, 1, 0, 0]","[1.0, 1.0, 0.4, 0.8, 0.2, 0.0, 0.0, 0.8, 0.8, 0.4, 0.2, 0.0, 0.4, 0.0, 0.0, 0.6, 0.0, 0.6, 0.2, 0.0, 0.6, 0.0, 0.6, 1.0, 0.4, 0.0, 0.2, 0.0, 1.0, 0.6, 0.0, 0.0, 0.0, 1.0, 0.0, 0.0, 0.0, 0.8, 0.0, 0.0, 0.2, 0.6, 0.0, 0.0, 1.0, 0.0, 0.6, 1.0, 1.0, 0.4, 0.4, 0.0, 1.0, 0.0, 0.6, 0.0, 0.0, 0.0, 0.0, 1.0, 0.2, 0.0, 0.2, 0.8, 0.6, 0.8, 0.0, 1.0, 0.6, 1.0, 0.2, 0.0, 0.0, 0.2, 0.2, 0.0, 1.0, 0.8, 0.0, 0.0, 0.6, 1.0, 0.6, 0.8, 0.6, 0.0, 0.0, 0.0, 0.6, 0.2, 0.6, 0.8, 1.0, 0.2, 0.0, 0.8, 1.0, 0.0, 0.6, 1.0, 0.2, 0.6, 0.8, 1.0, 0.0, 0.2, 0.2, 1.0, 0.4, 1.0, 0.6, 0.4, 1.0, 0.6, 0.0, 0.4, 0.4, 0.8, 1.0, 1.0, 0.0, 1.0, 0.6, 0.8, 0.2, 1.0, 0.0, 1.0, 0.0, 1.0, 1.0, 0.0, 1.0, 1.0, 0.6, 0.6, 0.4, 0.4, 0.6, 0.0, 1.0, 0.0, 0.0]"
KNN,13,3,"[1, 0, 0, 1, 1, 0, 1, 0, 0, 1, 0, 1, 1, 0, 1, 0, 0, 1, 1, 0, 0, 1, 0, 0, 1, 1, 1, 0, 0, 0, 0, 0, 0, 1, 0, 1, 0, 0, 1, 0, 1, 0, 1, 1, 0, 1, 1, 1, 1, 0, 1, 0, 1, 1, 1, 0, 0, 0, 0, 1, 0, 1, 1, 0, 1, 1, 0, 0, 0, 1, 1, 0, 0, 0, 0, 0, 0, 1, 0, 1, 0, 1, 1, 0, 1, 1, 0, 1, 0, 1, 0, 0, 0, 0, 1, 0, 0, 0, 0, 1, 0, 1, 1, 1, 1, 1, 0, 1, 1, 0, 0, 0, 0, 0, 1, 0, 0, 0, 1, 1, 0, 0, 0, 1, 0, 0, 0, 0, 1, 0, 1, 0, 1, 0, 1, 0, 0, 0, 0, 1, 0, 1, 0]","[1, 1, 0, 1, 0, 0, 1, 0, 0, 1, 1, 1, 0, 0, 1, 0, 0, 1, 0, 0, 0, 1, 0, 0, 1, 1, 1, 0, 0, 0, 0, 0, 0, 1, 0, 1, 0, 0, 0, 0, 1, 0, 1, 1, 0, 1, 1, 1, 1, 0, 1, 1, 1, 1, 0, 0, 0, 0, 0, 1, 0, 1, 1, 0, 1, 0, 0, 0, 1, 1, 1, 0, 0, 0, 0, 0, 0, 1, 0, 1, 1, 1, 1, 0, 1, 1, 1, 1, 0, 1, 0, 0, 0, 0, 0, 0, 0, 0, 0, 1, 0, 1, 1, 1, 1, 1, 0, 1, 0, 0, 0, 0, 0, 0, 1, 0, 0, 0, 1, 1, 0, 1, 0, 1, 0, 1, 0, 0, 1, 0, 1, 0, 1, 0, 0, 0, 0, 0, 0, 1, 0, 1, 0]","[1.0, 0.6, 0.0, 1.0, 0.2, 0.0, 1.0, 0.0, 0.0, 0.8, 1.0, 1.0, 0.4, 0.0, 0.8, 0.0, 0.0, 1.0, 0.2, 0.0, 0.0, 1.0, 0.0, 0.0, 1.0, 1.0, 1.0, 0.0, 0.2, 0.0, 0.0, 0.2, 0.0, 0.8, 0.0, 1.0, 0.0, 0.0, 0.4, 0.2, 0.6, 0.4, 0.6, 1.0, 0.2, 0.6, 0.6, 0.8, 1.0, 0.0, 0.6, 1.0, 1.0, 1.0, 0.0, 0.0, 0.0, 0.0, 0.2, 1.0, 0.0, 0.8, 0.6, 0.0, 1.0, 0.0, 0.4, 0.0, 0.8, 1.0, 0.8, 0.0, 0.0, 0.0, 0.0, 0.0, 0.0, 0.8, 0.4, 0.8, 1.0, 1.0, 1.0, 0.0, 1.0, 0.8, 0.8, 0.8, 0.4, 0.8, 0.2, 0.2, 0.0, 0.2, 0.2, 0.0, 0.4, 0.0, 0.0, 0.6, 0.0, 1.0, 0.6, 1.0, 1.0, 0.8, 0.0, 0.8, 0.2, 0.2, 0.4, 0.2, 0.0, 0.0, 0.6, 0.4, 0.0, 0.0, 1.0, 1.0, 0.0, 1.0, 0.0, 1.0, 0.4, 0.8, 0.0, 0.0, 1.0, 0.0, 0.8, 0.0, 1.0, 0.0, 0.2, 0.0, 0.0, 0.2, 0.4, 0.8, 0.0, 0.6, 0.2]"
KNN,14,3,"[0, 0, 0, 1, 0, 1, 0, 0, 1, 0, 0, 0, 1, 0, 0, 0, 1, 0, 0, 0, 0, 1, 0, 1, 1, 0, 0, 0, 1, 0, 0, 1, 0, 1, 0, 0, 1, 1, 0, 0, 1, 0, 1, 0, 1, 1, 0, 0, 0, 0, 1, 0, 0, 0, 0, 0, 0, 0, 0, 0, 1, 1, 1, 1, 0, 0, 0, 1, 0, 0, 1, 1, 1, 0, 0, 0, 0, 1, 0, 1, 0, 0, 1, 0, 0, 1, 0, 1, 1, 0, 1, 1, 1, 1, 0, 0, 1, 1, 1, 0, 0, 0, 0, 0, 1, 0, 1, 1, 0, 1, 0, 1, 1, 0, 1, 0, 0, 0, 0, 1, 0, 0, 0, 0, 1, 0, 0, 0, 1, 1, 1, 1, 1, 1, 1, 1, 0, 1, 0, 1, 0, 0, 0]","[0, 0, 0, 1, 0, 1, 1, 0, 0, 0, 0, 0, 1, 0, 0, 0, 1, 0, 0, 0, 0, 1, 1, 0, 0, 0, 0, 0, 0, 0, 0, 1, 0, 1, 0, 0, 1, 1, 0, 1, 0, 0, 0, 0, 1, 1, 0, 0, 0, 0, 0, 0, 0, 0, 0, 0, 0, 0, 0, 0, 1, 0, 0, 1, 0, 0, 0, 1, 0, 1, 1, 1, 0, 0, 0, 0, 0, 1, 0, 1, 0, 0, 1, 0, 1, 1, 0, 1, 1, 0, 1, 1, 0, 1, 0, 0, 1, 1, 1, 0, 1, 0, 0, 0, 1, 0, 1, 0, 0, 0, 0, 1, 1, 0, 1, 0, 1, 0, 0, 1, 0, 0, 0, 0, 1, 0, 0, 0, 1, 1, 1, 0, 1, 1, 1, 1, 0, 1, 0, 1, 0, 0, 0]","[0.0, 0.0, 0.2, 1.0, 0.0, 1.0, 1.0, 0.4, 0.2, 0.0, 0.0, 0.0, 1.0, 0.0, 0.0, 0.2, 0.6, 0.0, 0.0, 0.4, 0.0, 0.8, 0.8, 0.2, 0.0, 0.0, 0.2, 0.4, 0.2, 0.0, 0.4, 0.8, 0.0, 0.8, 0.0, 0.0, 1.0, 1.0, 0.0, 1.0, 0.4, 0.0, 0.4, 0.2, 1.0, 1.0, 0.2, 0.0, 0.0, 0.0, 0.2, 0.0, 0.0, 0.0, 0.0, 0.0, 0.2, 0.2, 0.0, 0.0, 1.0, 0.4, 0.0, 1.0, 0.0, 0.2, 0.2, 0.8, 0.0, 0.6, 0.6, 1.0, 0.4, 0.4, 0.0, 0.0, 0.4, 1.0, 0.0, 1.0, 0.2, 0.0, 0.8, 0.0, 0.8, 1.0, 0.4, 0.6, 1.0, 0.0, 0.8, 0.8, 0.2, 1.0, 0.0, 0.0, 0.8, 1.0, 0.8, 0.0, 0.8, 0.0, 0.0, 0.0, 0.6, 0.0, 0.8, 0.4, 0.4, 0.0, 0.0, 0.8, 1.0, 0.2, 0.8, 0.0, 1.0, 0.0, 0.0, 1.0, 0.0, 0.4, 0.0, 0.2, 0.6, 0.4, 0.0, 0.0, 1.0, 0.8, 1.0, 0.4, 0.8, 1.0, 1.0, 1.0, 0.0, 1.0, 0.0, 1.0, 0.0, 0.0, 0.0]"
KNN,15,3,"[0, 1, 0, 1, 0, 1, 1, 0, 0, 0, 1, 1, 1, 1, 1, 0, 0, 0, 1, 0, 1, 1, 0, 1, 1, 1, 0, 1, 0, 0, 1, 0, 1, 0, 1, 0, 0, 1, 0, 0, 0, 1, 0, 1, 1, 0, 1, 0, 0, 0, 0, 0, 0, 0, 1, 1, 0, 1, 1, 1, 0, 1, 0, 0, 1, 0, 0, 0, 0, 0, 0, 1, 0, 0, 1, 1, 1, 1, 0, 0, 0, 1, 1, 0, 0, 0, 1, 1, 0, 0, 1, 0, 1, 0, 0, 1, 1, 1, 1, 0, 0, 0, 0, 0, 1, 0, 0, 1, 1, 0, 0, 1, 0, 0, 1, 0, 1, 1, 1, 0, 0, 1, 1, 1, 0, 0, 0, 1, 1, 0, 1, 0, 0, 0, 0, 0, 1, 0, 0, 1, 1, 0, 1]","[0, 1, 0, 0, 0, 1, 1, 0, 0, 1, 1, 0, 1, 1, 1, 0, 0, 0, 1, 0, 1, 0, 0, 1, 1, 1, 0, 1, 0, 0, 0, 0, 1, 0, 1, 1, 0, 1, 0, 0, 0, 1, 0, 1, 1, 0, 1, 0, 0, 0, 0, 0, 0, 1, 1, 1, 1, 1, 1, 0, 0, 1, 0, 0, 1, 0, 0, 0, 0, 0, 1, 1, 0, 0, 1, 1, 1, 1, 0, 0, 0, 0, 1, 1, 1, 0, 1, 1, 0, 0, 0, 0, 0, 0, 0, 1, 1, 0, 1, 0, 0, 0, 0, 0, 1, 0, 0, 1, 1, 0, 0, 1, 0, 0, 1, 0, 0, 1, 0, 0, 0, 1, 1, 1, 0, 1, 1, 1, 0, 0, 1, 0, 0, 0, 0, 1, 1, 0, 0, 1, 1, 0, 1]","[0.2, 0.8, 0.0, 0.0, 0.4, 0.6, 0.6, 0.0, 0.0, 0.8, 0.8, 0.4, 0.8, 1.0, 1.0, 0.2, 0.0, 0.0, 1.0, 0.0, 1.0, 0.4, 0.0, 1.0, 0.8, 0.8, 0.0, 0.8, 0.0, 0.0, 0.4, 0.0, 1.0, 0.0, 0.6, 0.6, 0.2, 0.6, 0.0, 0.0, 0.0, 1.0, 0.0, 0.8, 0.8, 0.2, 1.0, 0.0, 0.2, 0.0, 0.0, 0.0, 0.0, 0.8, 1.0, 1.0, 0.8, 0.8, 0.8, 0.2, 0.2, 0.8, 0.0, 0.0, 1.0, 0.0, 0.0, 0.0, 0.0, 0.0, 0.8, 0.6, 0.0, 0.0, 0.8, 1.0, 1.0, 1.0, 0.0, 0.0, 0.0, 0.2, 0.8, 0.8, 0.6, 0.0, 1.0, 1.0, 0.0, 0.0, 0.4, 0.0, 0.4, 0.0, 0.2, 1.0, 1.0, 0.2, 0.8, 0.0, 0.0, 0.0, 0.0, 0.4, 0.6, 0.0, 0.2, 1.0, 1.0, 0.2, 0.2, 0.8, 0.0, 0.0, 1.0, 0.2, 0.2, 1.0, 0.2, 0.0, 0.0, 1.0, 1.0, 0.8, 0.4, 0.6, 0.6, 1.0, 0.2, 0.0, 1.0, 0.2, 0.0, 0.0, 0.0, 1.0, 1.0, 0.0, 0.4, 0.8, 1.0, 0.0, 0.6]"
KNN,16,4,"[1, 1, 1, 1, 0, 1, 1, 1, 1, 0, 0, 0, 0, 1, 0, 1, 0, 1, 1, 1, 0, 0, 1, 0, 0, 1, 1, 0, 0, 0, 0, 0, 1, 0, 1, 0, 0, 0, 0, 0, 1, 0, 0, 1, 0, 0, 0, 1, 0, 0, 0, 0, 0, 1, 0, 0, 1, 1, 0, 0, 1, 1, 1, 0, 1, 1, 0, 1, 1, 0, 1, 1, 1, 0, 1, 0, 1, 1, 1, 0, 1, 1, 1, 1, 1, 1, 1, 0, 0, 0, 1, 1, 0, 1, 0, 0, 0, 0, 1, 1, 1, 1, 0, 1, 1, 1, 0, 1, 1, 0, 0, 0, 0, 0, 1, 0, 1, 0, 1, 0, 1, 1, 1, 0, 0, 0, 0, 0, 0, 1, 0, 0, 0, 1, 0, 0, 1, 0, 1, 0, 0, 0, 1, 0]","[1, 1, 0, 1, 0, 1, 1, 1, 0, 0, 0, 0, 0, 1, 0, 1, 1, 1, 1, 1, 0, 0, 1, 0, 0, 1, 1, 0, 0, 0, 0, 0, 1, 0, 1, 0, 0, 0, 0, 0, 0, 0, 0, 1, 0, 0, 1, 1, 0, 0, 0, 0, 0, 1, 0, 0, 1, 0, 0, 0, 1, 0, 1, 0, 1, 1, 0, 0, 1, 0, 1, 1, 1, 0, 1, 0, 1, 1, 1, 1, 1, 1, 1, 1, 1, 1, 1, 0, 0, 0, 1, 0, 0, 1, 1, 0, 0, 0, 0, 1, 1, 1, 0, 1, 1, 0, 0, 1, 1, 0, 0, 0, 0, 1, 1, 0, 0, 0, 1, 0, 1, 1, 1, 0, 0, 1, 0, 0, 0, 1, 0, 0, 1, 1, 0, 0, 1, 0, 1, 0, 0, 0, 1, 0]","[1.0, 1.0, 0.0, 1.0, 0.2, 1.0, 1.0, 1.0, 0.2, 0.0, 0.0, 0.0, 0.4, 1.0, 0.0, 0.6, 0.8, 0.8, 1.0, 0.8, 0.0, 0.2, 0.8, 0.0, 0.0, 1.0, 0.8, 0.0, 0.2, 0.0, 0.0, 0.0, 0.8, 0.0, 1.0, 0.0, 0.2, 0.0, 0.2, 0.4, 0.2, 0.4, 0.0, 1.0, 0.0, 0.4, 0.6, 1.0, 0.0, 0.0, 0.0, 0.0, 0.0, 1.0, 0.2, 0.0, 0.8, 0.2, 0.2, 0.2, 0.8, 0.4, 1.0, 0.0, 1.0, 0.8, 0.0, 0.4, 1.0, 0.0, 0.6, 1.0, 1.0, 0.0, 1.0, 0.0, 1.0, 1.0, 0.8, 0.8, 0.6, 1.0, 0.8, 1.0, 0.8, 1.0, 0.8, 0.2, 0.0, 0.0, 0.6, 0.2, 0.0, 0.8, 0.8, 0.0, 0.0, 0.2, 0.0, 0.8, 0.6, 1.0, 0.2, 1.0, 1.0, 0.2, 0.2, 0.6, 1.0, 0.2, 0.0, 0.0, 0.0, 0.6, 1.0, 0.0, 0.0, 0.0, 1.0, 0.0, 0.8, 0.8, 0.8, 0.2, 0.2, 0.6, 0.0, 0.0, 0.0, 1.0, 0.0, 0.0, 0.6, 1.0, 0.0, 0.0, 0.6, 0.0, 1.0, 0.2, 0.4, 0.0, 0.8, 0.0]"
KNN,17,4,"[0, 1, 1, 0, 0, 1, 0, 0, 0, 0, 1, 0, 0, 0, 1, 0, 0, 0, 0, 1, 1, 0, 1, 0, 1, 1, 1, 0, 0, 0, 0, 1, 1, 1, 0, 1, 0, 0, 1, 0, 0, 0, 0, 1, 0, 0, 1, 0, 0, 1, 1, 1, 0, 1, 0, 0, 0, 1, 1, 1, 1, 1, 0, 1, 1, 0, 0, 0, 0, 0, 0, 0, 0, 1, 1, 0, 1, 0, 0, 1, 0, 0, 0, 0, 0, 0, 0, 1, 0, 0, 0, 1, 1, 0, 0, 1, 0, 0, 0, 1, 1, 0, 1, 0, 1, 0, 1, 0, 1, 1, 0, 0, 1, 1, 0, 0, 0, 0, 1, 0, 0, 1, 0, 1, 1, 0, 0, 1, 1, 1, 0, 1, 1, 0, 1, 1, 1, 1, 1, 0, 0, 0, 0]","[0, 0, 1, 0, 0, 0, 0, 1, 1, 0, 1, 0, 0, 0, 1, 0, 0, 0, 0, 0, 0, 0, 1, 0, 1, 1, 1, 0, 0, 1, 0, 1, 1, 1, 0, 1, 0, 0, 1, 0, 0, 0, 0, 1, 1, 0, 0, 0, 1, 0, 1, 0, 0, 1, 0, 0, 0, 1, 1, 1, 1, 0, 0, 1, 0, 0, 0, 0, 0, 0, 0, 0, 0, 1, 1, 0, 0, 0, 0, 1, 0, 0, 0, 0, 0, 1, 0, 1, 0, 1, 1, 1, 1, 0, 0, 1, 0, 0, 1, 1, 0, 0, 1, 0, 1, 0, 1, 1, 1, 1, 0, 0, 0, 1, 0, 0, 0, 0, 1, 0, 1, 1, 1, 1, 1, 1, 0, 1, 1, 0, 0, 0, 1, 0, 1, 1, 1, 0, 1, 0, 1, 0, 1]","[0.0, 0.2, 1.0, 0.0, 0.0, 0.0, 0.0, 1.0, 0.6, 0.0, 0.8, 0.0, 0.0, 0.0, 1.0, 0.0, 0.0, 0.0, 0.0, 0.4, 0.4, 0.0, 0.8, 0.0, 0.8, 0.8, 0.6, 0.0, 0.0, 0.6, 0.0, 0.8, 0.8, 1.0, 0.0, 0.8, 0.0, 0.0, 1.0, 0.0, 0.0, 0.0, 0.2, 0.6, 1.0, 0.4, 0.4, 0.0, 0.6, 0.4, 0.6, 0.4, 0.4, 1.0, 0.0, 0.0, 0.0, 1.0, 1.0, 1.0, 1.0, 0.4, 0.0, 0.8, 0.4, 0.0, 0.0, 0.0, 0.0, 0.0, 0.0, 0.0, 0.0, 1.0, 1.0, 0.2, 0.0, 0.0, 0.0, 0.8, 0.0, 0.0, 0.0, 0.0, 0.2, 0.6, 0.0, 1.0, 0.0, 0.8, 0.6, 0.6, 1.0, 0.4, 0.0, 1.0, 0.0, 0.2, 0.8, 0.8, 0.4, 0.0, 1.0, 0.0, 1.0, 0.2, 0.6, 1.0, 0.8, 1.0, 0.0, 0.0, 0.4, 1.0, 0.0, 0.0, 0.0, 0.4, 1.0, 0.2, 0.8, 1.0, 1.0, 0.6, 1.0, 0.8, 0.4, 1.0, 0.6, 0.2, 0.0, 0.0, 0.8, 0.0, 0.8, 1.0, 1.0, 0.2, 1.0, 0.2, 0.6, 0.0, 1.0]"
KNN,18,4,"[0, 0, 0, 0, 0, 0, 0, 0, 0, 0, 0, 0, 1, 1, 0, 1, 0, 0, 1, 0, 1, 0, 0, 1, 1, 0, 1, 0, 0, 0, 0, 0, 0, 0, 0, 0, 1, 1, 1, 1, 0, 1, 1, 0, 0, 1, 0, 1, 0, 0, 1, 0, 0, 1, 1, 1, 0, 1, 1, 0, 0, 0, 1, 1, 1, 1, 0, 1, 1, 0, 0, 0, 0, 0, 0, 0, 0, 0, 0, 0, 1, 1, 0, 1, 0, 0, 1, 1, 0, 0, 1, 0, 0, 0, 0, 0, 1, 0, 1, 0, 1, 0, 1, 0, 0, 0, 1, 0, 0, 1, 1, 1, 0, 1, 0, 0, 1, 1, 1, 1, 0, 0, 0, 0, 1, 1, 0, 0, 1, 1, 1, 1, 1, 0, 0, 1, 0, 1, 0, 1, 1, 0, 0]","[0, 0, 0, 0, 1, 1, 1, 1, 0, 0, 0, 0, 1, 1, 1, 1, 0, 0, 0, 0, 1, 0, 0, 0, 1, 0, 1, 0, 0, 0, 0, 0, 0, 0, 0, 0, 0, 0, 1, 1, 0, 1, 1, 0, 0, 0, 0, 1, 1, 0, 0, 0, 0, 1, 1, 1, 0, 1, 1, 0, 0, 0, 1, 1, 1, 1, 0, 0, 0, 1, 0, 0, 0, 0, 1, 0, 0, 0, 0, 0, 1, 1, 0, 1, 1, 0, 1, 1, 0, 1, 1, 1, 0, 0, 0, 0, 1, 0, 1, 0, 0, 0, 1, 0, 0, 0, 1, 0, 0, 1, 1, 1, 0, 0, 0, 0, 1, 1, 1, 1, 0, 0, 0, 0, 1, 1, 0, 0, 1, 1, 1, 1, 1, 0, 1, 1, 0, 1, 0, 1, 1, 0, 0]","[0.0, 0.4, 0.4, 0.0, 0.6, 1.0, 0.6, 1.0, 0.0, 0.0, 0.0, 0.2, 0.8, 1.0, 1.0, 0.8, 0.0, 0.0, 0.4, 0.2, 1.0, 0.0, 0.0, 0.2, 0.8, 0.0, 0.6, 0.2, 0.0, 0.0, 0.2, 0.0, 0.0, 0.4, 0.0, 0.4, 0.4, 0.0, 1.0, 1.0, 0.0, 1.0, 1.0, 0.0, 0.0, 0.2, 0.2, 0.8, 1.0, 0.2, 0.0, 0.0, 0.0, 1.0, 0.6, 0.6, 0.0, 0.8, 1.0, 0.0, 0.2, 0.0, 1.0, 1.0, 1.0, 1.0, 0.0, 0.0, 0.2, 0.8, 0.0, 0.0, 0.2, 0.4, 0.6, 0.0, 0.0, 0.0, 0.4, 0.0, 0.8, 1.0, 0.0, 1.0, 0.8, 0.0, 0.8, 0.8, 0.0, 0.6, 0.8, 0.6, 0.0, 0.0, 0.0, 0.0, 0.8, 0.0, 0.6, 0.0, 0.4, 0.0, 1.0, 0.0, 0.4, 0.0, 1.0, 0.0, 0.0, 1.0, 1.0, 1.0, 0.2, 0.4, 0.0, 0.2, 1.0, 1.0, 0.6, 0.8, 0.0, 0.0, 0.0, 0.0, 0.6, 0.8, 0.0, 0.0, 1.0, 1.0, 1.0, 1.0, 1.0, 0.0, 0.6, 1.0, 0.0, 0.8, 0.0, 1.0, 0.8, 0.0, 0.2]"
KNN,19,4,"[0, 0, 1, 1, 1, 0, 1, 0, 0, 0, 0, 1, 0, 1, 0, 0, 0, 1, 0, 1, 1, 0, 0, 0, 0, 0, 1, 1, 1, 1, 0, 0, 0, 0, 1, 0, 1, 1, 0, 0, 1, 0, 0, 1, 0, 1, 1, 0, 1, 0, 1, 0, 1, 0, 0, 0, 1, 0, 0, 0, 0, 0, 0, 1, 0, 0, 0, 1, 0, 1, 1, 0, 0, 1, 0, 0, 0, 0, 0, 0, 1, 1, 0, 1, 0, 0, 1, 1, 0, 1, 0, 0, 1, 0, 1, 1, 1, 1, 0, 0, 1, 0, 0, 1, 0, 0, 1, 0, 0, 1, 1, 0, 0, 0, 1, 0, 0, 1, 1, 0, 0, 0, 1, 0, 0, 0, 1, 1, 0, 1, 1, 1, 0, 0, 0, 0, 0, 0, 0, 0, 0, 1, 1]","[0, 1, 1, 0, 0, 0, 1, 0, 0, 0, 0, 1, 0, 1, 1, 0, 0, 1, 0, 1, 1, 0, 1, 0, 0, 0, 0, 1, 1, 1, 1, 0, 0, 0, 1, 0, 1, 1, 0, 0, 0, 1, 0, 1, 0, 1, 1, 0, 1, 0, 1, 0, 0, 0, 0, 0, 0, 0, 1, 0, 0, 0, 0, 1, 0, 0, 0, 1, 0, 1, 1, 1, 0, 1, 0, 0, 0, 1, 0, 1, 1, 1, 0, 0, 0, 0, 1, 1, 0, 1, 0, 0, 1, 0, 1, 1, 1, 1, 0, 0, 0, 0, 1, 1, 1, 0, 1, 0, 0, 1, 1, 0, 0, 0, 1, 0, 0, 1, 1, 0, 0, 0, 1, 0, 0, 0, 1, 1, 1, 1, 0, 0, 0, 0, 1, 0, 0, 0, 0, 0, 0, 1, 1]","[0.0, 1.0, 1.0, 0.4, 0.2, 0.0, 1.0, 0.0, 0.0, 0.0, 0.0, 1.0, 0.0, 1.0, 0.6, 0.0, 0.0, 1.0, 0.2, 0.8, 1.0, 0.0, 0.8, 0.4, 0.0, 0.0, 0.2, 0.8, 0.8, 1.0, 0.6, 0.0, 0.4, 0.0, 0.8, 0.0, 1.0, 1.0, 0.0, 0.0, 0.0, 0.6, 0.0, 1.0, 0.2, 1.0, 0.6, 0.0, 1.0, 0.0, 0.6, 0.0, 0.2, 0.0, 0.0, 0.0, 0.0, 0.0, 0.8, 0.0, 0.0, 0.0, 0.2, 1.0, 0.0, 0.0, 0.0, 1.0, 0.0, 0.8, 1.0, 0.8, 0.0, 1.0, 0.0, 0.2, 0.0, 0.6, 0.2, 0.6, 1.0, 0.8, 0.0, 0.4, 0.2, 0.2, 1.0, 1.0, 0.0, 1.0, 0.0, 0.0, 0.8, 0.4, 0.6, 0.8, 1.0, 0.8, 0.2, 0.0, 0.0, 0.0, 0.8, 1.0, 0.8, 0.2, 0.8, 0.0, 0.0, 1.0, 1.0, 0.0, 0.4, 0.0, 1.0, 0.0, 0.0, 1.0, 1.0, 0.2, 0.0, 0.0, 1.0, 0.0, 0.0, 0.0, 0.8, 1.0, 1.0, 1.0, 0.4, 0.4, 0.0, 0.0, 1.0, 0.0, 0.0, 0.0, 0.0, 0.0, 0.0, 0.6, 0.8]"
KNN,20,4,"[0, 0, 1, 1, 0, 0, 1, 0, 0, 1, 1, 0, 1, 0, 0, 1, 1, 1, 1, 1, 0, 0, 0, 0, 0, 0, 1, 1, 1, 0, 0, 0, 1, 0, 0, 1, 0, 1, 0, 0, 1, 0, 0, 1, 1, 0, 1, 0, 0, 0, 0, 0, 1, 1, 0, 1, 0, 1, 1, 0, 0, 0, 1, 0, 0, 1, 0, 0, 1, 1, 1, 1, 1, 1, 1, 1, 1, 1, 1, 1, 1, 0, 0, 1, 1, 0, 1, 1, 0, 1, 1, 1, 0, 1, 0, 0, 0, 0, 1, 0, 0, 0, 0, 0, 1, 1, 1, 0, 1, 0, 0, 1, 0, 0, 0, 0, 1, 0, 0, 1, 0, 0, 1, 1, 0, 1, 0, 0, 0, 0, 0, 1, 0, 0, 0, 0, 0, 0, 1, 1, 1, 0, 1]","[1, 0, 0, 0, 1, 0, 1, 1, 1, 1, 0, 0, 1, 0, 0, 1, 1, 0, 0, 1, 0, 0, 0, 0, 0, 0, 1, 1, 1, 0, 0, 0, 1, 0, 0, 0, 0, 1, 0, 0, 1, 0, 0, 1, 1, 0, 1, 0, 0, 0, 0, 1, 0, 1, 0, 1, 1, 1, 1, 0, 0, 0, 1, 0, 0, 1, 0, 0, 1, 1, 1, 1, 1, 1, 1, 1, 1, 1, 0, 1, 0, 0, 0, 1, 0, 0, 1, 1, 0, 1, 1, 0, 0, 0, 0, 0, 0, 0, 1, 0, 0, 0, 0, 0, 1, 0, 1, 0, 1, 0, 1, 1, 0, 0, 0, 0, 0, 0, 0, 0, 0, 0, 1, 1, 0, 1, 0, 0, 0, 1, 1, 1, 1, 0, 0, 0, 0, 0, 1, 1, 1, 0, 1]","[0.8, 0.4, 0.4, 0.4, 1.0, 0.0, 0.8, 1.0, 0.8, 0.8, 0.4, 0.0, 0.8, 0.2, 0.0, 1.0, 0.8, 0.4, 0.2, 1.0, 0.0, 0.0, 0.0, 0.0, 0.0, 0.0, 1.0, 0.8, 1.0, 0.0, 0.0, 0.0, 1.0, 0.4, 0.0, 0.4, 0.2, 0.8, 0.0, 0.0, 1.0, 0.0, 0.2, 0.8, 0.8, 0.2, 1.0, 0.0, 0.0, 0.0, 0.0, 0.8, 0.4, 1.0, 0.0, 1.0, 0.6, 1.0, 1.0, 0.4, 0.2, 0.0, 1.0, 0.0, 0.0, 0.8, 0.0, 0.0, 0.6, 0.8, 0.6, 1.0, 0.6, 1.0, 1.0, 1.0, 0.8, 1.0, 0.2, 0.8, 0.2, 0.4, 0.0, 1.0, 0.2, 0.0, 0.8, 1.0, 0.0, 1.0, 0.6, 0.4, 0.0, 0.4, 0.0, 0.0, 0.0, 0.0, 0.8, 0.2, 0.0, 0.2, 0.0, 0.2, 1.0, 0.4, 0.8, 0.2, 0.8, 0.2, 0.8, 0.8, 0.4, 0.0, 0.2, 0.2, 0.0, 0.0, 0.2, 0.2, 0.2, 0.0, 0.6, 1.0, 0.0, 1.0, 0.2, 0.0, 0.4, 0.6, 1.0, 1.0, 0.8, 0.0, 0.2, 0.0, 0.2, 0.0, 1.0, 0.8, 1.0, 0.0, 0.6]"
KNN,21,5,"[0, 1, 1, 1, 1, 0, 1, 0, 0, 0, 1, 0, 0, 0, 0, 1, 1, 1, 0, 0, 0, 0, 1, 0, 0, 1, 0, 1, 0, 0, 1, 0, 1, 0, 0, 1, 0, 1, 0, 1, 1, 0, 1, 0, 0, 0, 0, 0, 1, 0, 1, 0, 0, 1, 1, 1, 1, 1, 0, 1, 1, 1, 1, 0, 1, 0, 0, 1, 0, 1, 1, 1, 0, 1, 0, 0, 0, 1, 0, 1, 1, 0, 1, 1, 1, 0, 0, 1, 1, 0, 0, 0, 1, 0, 0, 1, 0, 1, 0, 1, 0, 1, 1, 0, 0, 0, 1, 0, 1, 0, 0, 0, 0, 1, 1, 1, 0, 1, 0, 0, 1, 0, 0, 0, 0, 1, 0, 1, 0, 1, 1, 0, 0, 1, 0, 1, 0, 0, 0, 0, 0, 1, 0, 1]","[0, 1, 1, 1, 1, 1, 0, 0, 1, 0, 1, 0, 0, 0, 0, 1, 0, 1, 0, 1, 1, 0, 0, 0, 0, 1, 0, 1, 0, 0, 1, 0, 1, 0, 0, 1, 0, 1, 0, 1, 0, 0, 1, 1, 0, 0, 0, 1, 1, 0, 1, 0, 0, 1, 1, 1, 1, 1, 0, 0, 1, 1, 1, 0, 1, 0, 0, 1, 0, 1, 1, 0, 0, 1, 0, 1, 1, 1, 1, 1, 1, 0, 1, 1, 1, 0, 0, 1, 1, 0, 0, 0, 1, 0, 1, 1, 0, 1, 0, 1, 0, 1, 1, 0, 0, 0, 0, 0, 1, 0, 0, 0, 0, 1, 1, 0, 0, 1, 0, 1, 1, 0, 0, 0, 0, 1, 0, 0, 1, 0, 1, 0, 1, 1, 0, 1, 0, 0, 0, 0, 0, 1, 0, 1]","[0.4, 1.0, 0.8, 0.8, 1.0, 0.6, 0.2, 0.0, 1.0, 0.0, 0.8, 0.0, 0.0, 0.0, 0.0, 1.0, 0.4, 0.6, 0.4, 0.6, 1.0, 0.0, 0.4, 0.0, 0.0, 1.0, 0.2, 1.0, 0.2, 0.2, 0.8, 0.0, 0.8, 0.0, 0.0, 0.8, 0.0, 0.6, 0.0, 0.6, 0.4, 0.2, 1.0, 0.6, 0.0, 0.2, 0.2, 1.0, 1.0, 0.0, 0.6, 0.0, 0.0, 1.0, 0.8, 0.8, 0.6, 1.0, 0.0, 0.2, 1.0, 1.0, 0.8, 0.0, 0.8, 0.0, 0.2, 0.8, 0.0, 1.0, 1.0, 0.0, 0.0, 1.0, 0.0, 0.6, 0.8, 1.0, 0.8, 0.8, 0.8, 0.2, 0.8, 1.0, 0.8, 0.0, 0.2, 0.8, 1.0, 0.0, 0.2, 0.0, 1.0, 0.2, 0.8, 0.8, 0.2, 0.6, 0.0, 0.8, 0.2, 1.0, 1.0, 0.2, 0.2, 0.4, 0.4, 0.2, 0.6, 0.2, 0.0, 0.4, 0.0, 1.0, 0.8, 0.0, 0.0, 1.0, 0.0, 0.6, 1.0, 0.4, 0.4, 0.0, 0.0, 0.6, 0.0, 0.2, 0.6, 0.0, 0.6, 0.0, 1.0, 1.0, 0.0, 1.0, 0.0, 0.0, 0.0, 0.2, 0.4, 1.0, 0.0, 0.8]"
KNN,22,5,"[0, 0, 1, 1, 0, 1, 0, 0, 1, 0, 0, 0, 1, 1, 1, 1, 0, 0, 0, 0, 1, 1, 0, 0, 1, 1, 1, 0, 0, 1, 0, 0, 0, 0, 1, 0, 1, 0, 0, 0, 0, 1, 0, 0, 1, 0, 1, 1, 1, 1, 0, 0, 1, 0, 1, 0, 1, 1, 1, 0, 0, 1, 0, 1, 1, 0, 0, 0, 0, 1, 1, 1, 0, 0, 1, 1, 0, 0, 0, 1, 0, 1, 0, 1, 0, 0, 1, 0, 1, 0, 1, 1, 0, 1, 1, 1, 1, 0, 1, 0, 0, 0, 1, 1, 1, 1, 1, 1, 0, 0, 0, 1, 0, 0, 1, 0, 0, 1, 1, 0, 1, 1, 0, 0, 1, 1, 0, 0, 0, 1, 1, 0, 1, 0, 1, 0, 0, 1, 0, 1, 0, 1, 0]","[1, 1, 0, 1, 1, 1, 0, 0, 1, 0, 0, 0, 1, 1, 1, 0, 0, 0, 0, 0, 1, 1, 0, 0, 1, 1, 1, 0, 0, 1, 0, 0, 0, 0, 1, 0, 1, 0, 0, 0, 0, 0, 0, 0, 1, 1, 1, 1, 1, 1, 0, 0, 0, 0, 1, 0, 1, 1, 0, 0, 0, 1, 0, 1, 1, 0, 0, 0, 0, 1, 1, 0, 1, 0, 1, 0, 1, 0, 0, 1, 0, 1, 0, 1, 1, 0, 1, 1, 1, 0, 1, 1, 0, 0, 1, 1, 1, 0, 1, 0, 0, 1, 1, 0, 1, 1, 1, 1, 0, 0, 1, 1, 1, 0, 1, 0, 1, 1, 1, 0, 1, 1, 0, 0, 1, 1, 0, 1, 0, 1, 1, 0, 1, 0, 1, 1, 0, 1, 0, 1, 0, 1, 1]","[0.8, 1.0, 0.4, 0.8, 0.8, 1.0, 0.4, 0.2, 0.6, 0.0, 0.0, 0.0, 0.8, 0.8, 1.0, 0.4, 0.0, 0.0, 0.0, 0.4, 1.0, 0.6, 0.2, 0.0, 0.8, 0.8, 0.8, 0.0, 0.0, 1.0, 0.2, 0.0, 0.0, 0.0, 1.0, 0.2, 1.0, 0.0, 0.0, 0.0, 0.2, 0.4, 0.0, 0.2, 0.8, 0.6, 1.0, 0.6, 1.0, 1.0, 0.0, 0.4, 0.4, 0.0, 0.6, 0.0, 1.0, 1.0, 0.0, 0.0, 0.0, 0.8, 0.0, 1.0, 1.0, 0.0, 0.0, 0.0, 0.4, 0.8, 0.8, 0.4, 0.6, 0.0, 1.0, 0.4, 0.6, 0.2, 0.0, 1.0, 0.0, 0.8, 0.0, 0.8, 0.8, 0.4, 1.0, 0.8, 1.0, 0.0, 0.8, 0.8, 0.0, 0.4, 1.0, 1.0, 1.0, 0.0, 1.0, 0.0, 0.0, 1.0, 0.6, 0.4, 1.0, 0.8, 1.0, 1.0, 0.4, 0.2, 0.8, 0.8, 0.6, 0.0, 1.0, 0.2, 0.6, 1.0, 0.6, 0.4, 1.0, 0.6, 0.0, 0.0, 1.0, 0.8, 0.0, 0.6, 0.0, 1.0, 0.8, 0.0, 1.0, 0.0, 1.0, 0.8, 0.0, 1.0, 0.2, 1.0, 0.2, 0.8, 0.6]"
KNN,23,5,"[0, 1, 0, 0, 0, 0, 1, 0, 0, 0, 0, 0, 0, 1, 1, 0, 0, 1, 1, 0, 0, 0, 1, 1, 0, 1, 1, 0, 1, 1, 0, 0, 0, 1, 0, 0, 0, 0, 0, 0, 0, 1, 0, 0, 1, 0, 1, 0, 0, 1, 0, 1, 0, 0, 0, 0, 0, 0, 1, 1, 0, 0, 1, 0, 1, 1, 0, 0, 0, 0, 0, 1, 0, 1, 1, 0, 0, 0, 0, 1, 0, 0, 1, 0, 1, 1, 1, 0, 0, 1, 0, 1, 1, 0, 1, 0, 1, 0, 0, 1, 0, 0, 1, 0, 0, 1, 0, 0, 0, 1, 1, 1, 0, 0, 1, 0, 1, 0, 0, 0, 1, 1, 1, 0, 1, 0, 1, 1, 0, 1, 1, 1, 1, 1, 0, 0, 0, 0, 0, 1, 0, 1, 1]","[0, 1, 0, 0, 0, 0, 0, 0, 1, 0, 0, 0, 0, 1, 1, 0, 0, 1, 1, 1, 0, 1, 0, 1, 0, 1, 1, 0, 0, 1, 0, 1, 0, 1, 0, 0, 0, 0, 0, 1, 1, 0, 0, 0, 0, 0, 1, 0, 0, 0, 0, 1, 1, 0, 0, 0, 0, 0, 0, 0, 0, 0, 1, 0, 0, 0, 0, 0, 0, 0, 1, 1, 0, 1, 1, 0, 0, 0, 0, 1, 0, 1, 1, 0, 0, 1, 1, 1, 0, 1, 0, 1, 1, 1, 1, 0, 0, 0, 0, 1, 0, 0, 0, 0, 0, 1, 0, 0, 0, 1, 0, 1, 0, 1, 0, 0, 1, 0, 1, 0, 0, 1, 1, 1, 1, 0, 1, 1, 0, 1, 1, 1, 1, 1, 0, 0, 0, 0, 0, 1, 0, 1, 1]","[0.0, 1.0, 0.0, 0.2, 0.0, 0.2, 0.0, 0.0, 1.0, 0.0, 0.0, 0.0, 0.2, 0.8, 1.0, 0.0, 0.0, 1.0, 0.8, 0.8, 0.0, 0.6, 0.2, 0.6, 0.0, 1.0, 0.8, 0.0, 0.2, 0.8, 0.0, 0.8, 0.0, 0.8, 0.0, 0.0, 0.0, 0.0, 0.2, 1.0, 0.6, 0.2, 0.0, 0.4, 0.0, 0.0, 1.0, 0.2, 0.0, 0.4, 0.0, 0.8, 0.6, 0.0, 0.0, 0.0, 0.0, 0.2, 0.2, 0.2, 0.0, 0.0, 0.8, 0.0, 0.2, 0.0, 0.0, 0.0, 0.0, 0.0, 0.8, 0.8, 0.0, 0.8, 0.8, 0.0, 0.0, 0.0, 0.2, 1.0, 0.0, 0.6, 1.0, 0.2, 0.0, 1.0, 1.0, 0.6, 0.0, 0.8, 0.0, 0.8, 0.8, 0.6, 0.6, 0.0, 0.4, 0.4, 0.2, 1.0, 0.0, 0.0, 0.2, 0.0, 0.4, 0.6, 0.0, 0.2, 0.0, 0.8, 0.4, 1.0, 0.0, 0.8, 0.4, 0.0, 1.0, 0.2, 0.8, 0.0, 0.2, 1.0, 1.0, 0.8, 0.8, 0.0, 1.0, 0.8, 0.0, 1.0, 1.0, 0.8, 0.6, 0.8, 0.0, 0.0, 0.0, 0.0, 0.0, 0.8, 0.0, 0.6, 0.8]"
KNN,24,5,"[1, 0, 1, 1, 0, 0, 1, 0, 0, 0, 1, 0, 0, 1, 0, 0, 1, 1, 1, 1, 0, 0, 0, 0, 0, 1, 0, 1, 0, 0, 1, 0, 1, 1, 1, 0, 1, 0, 1, 0, 0, 1, 1, 0, 1, 1, 0, 0, 0, 0, 0, 0, 1, 1, 1, 0, 0, 1, 1, 0, 0, 0, 1, 0, 1, 1, 0, 1, 0, 0, 0, 0, 0, 0, 0, 1, 1, 1, 0, 0, 0, 0, 0, 1, 1, 1, 0, 0, 1, 0, 0, 0, 1, 1, 0, 0, 0, 1, 0, 0, 1, 0, 0, 1, 1, 0, 0, 1, 0, 0, 1, 0, 1, 0, 1, 0, 1, 0, 0, 1, 0, 0, 0, 0, 0, 1, 1, 0, 1, 1, 0, 0, 0, 0, 1, 0, 0, 0, 0, 1, 1, 0, 0]","[0, 0, 0, 1, 0, 0, 1, 1, 0, 0, 1, 0, 0, 1, 0, 0, 1, 1, 0, 1, 0, 0, 0, 0, 0, 1, 1, 1, 0, 0, 0, 0, 1, 1, 1, 0, 1, 0, 1, 0, 0, 1, 1, 0, 0, 1, 0, 0, 0, 0, 0, 0, 0, 1, 1, 0, 0, 1, 1, 0, 0, 0, 1, 0, 1, 0, 0, 0, 0, 0, 0, 0, 0, 0, 0, 1, 1, 1, 1, 0, 0, 0, 1, 1, 1, 1, 0, 0, 1, 0, 0, 0, 0, 0, 0, 0, 0, 1, 0, 0, 1, 0, 0, 1, 1, 0, 0, 0, 0, 0, 1, 0, 1, 0, 1, 0, 0, 0, 0, 1, 0, 0, 0, 0, 0, 1, 1, 1, 1, 1, 0, 0, 0, 0, 1, 0, 0, 0, 1, 1, 1, 0, 0]","[0.2, 0.4, 0.4, 1.0, 0.0, 0.2, 1.0, 0.8, 0.0, 0.0, 1.0, 0.0, 0.0, 1.0, 0.4, 0.0, 1.0, 1.0, 0.0, 1.0, 0.0, 0.0, 0.0, 0.0, 0.0, 0.6, 0.6, 0.8, 0.0, 0.0, 0.4, 0.0, 1.0, 1.0, 1.0, 0.4, 1.0, 0.0, 1.0, 0.2, 0.4, 1.0, 0.8, 0.0, 0.4, 1.0, 0.0, 0.0, 0.0, 0.0, 0.0, 0.0, 0.4, 0.6, 1.0, 0.0, 0.0, 0.8, 1.0, 0.2, 0.2, 0.2, 0.8, 0.0, 0.6, 0.0, 0.0, 0.0, 0.0, 0.0, 0.0, 0.0, 0.2, 0.0, 0.0, 1.0, 0.6, 1.0, 0.8, 0.0, 0.0, 0.0, 0.6, 0.6, 1.0, 0.6, 0.0, 0.0, 0.8, 0.0, 0.0, 0.2, 0.4, 0.4, 0.0, 0.2, 0.4, 0.8, 0.0, 0.0, 0.8, 0.0, 0.2, 1.0, 0.8, 0.0, 0.0, 0.0, 0.0, 0.4, 1.0, 0.0, 1.0, 0.4, 1.0, 0.0, 0.2, 0.0, 0.0, 1.0, 0.0, 0.0, 0.2, 0.0, 0.0, 1.0, 1.0, 0.8, 1.0, 1.0, 0.0, 0.0, 0.0, 0.2, 1.0, 0.4, 0.0, 0.0, 1.0, 0.8, 1.0, 0.0, 0.0]"
KNN,25,5,"[0, 1, 0, 1, 1, 0, 0, 0, 1, 0, 0, 0, 0, 1, 1, 0, 0, 1, 0, 1, 0, 1, 0, 1, 0, 1, 1, 0, 0, 0, 0, 0, 0, 1, 0, 0, 0, 0, 1, 0, 0, 1, 1, 1, 0, 1, 1, 0, 1, 1, 0, 0, 0, 0, 1, 0, 1, 0, 0, 0, 0, 1, 0, 0, 0, 0, 1, 0, 0, 0, 0, 1, 1, 1, 1, 1, 1, 1, 1, 1, 0, 0, 0, 1, 0, 1, 0, 1, 0, 1, 0, 0, 1, 1, 0, 1, 0, 0, 1, 0, 0, 0, 1, 1, 0, 1, 0, 1, 0, 1, 0, 1, 0, 0, 0, 0, 0, 1, 0, 0, 0, 1, 0, 0, 0, 0, 1, 1, 0, 1, 1, 1, 1, 0, 0, 1, 0, 1, 1, 0, 0, 0, 0]","[0, 1, 0, 0, 0, 0, 0, 1, 0, 1, 0, 0, 1, 1, 1, 0, 0, 1, 0, 1, 0, 0, 0, 1, 0, 1, 1, 0, 0, 0, 0, 0, 0, 1, 0, 0, 0, 0, 1, 0, 0, 1, 0, 0, 0, 1, 1, 0, 1, 0, 0, 0, 1, 0, 1, 1, 1, 1, 0, 0, 0, 1, 0, 0, 0, 0, 1, 0, 0, 0, 0, 1, 1, 1, 1, 1, 1, 0, 1, 1, 0, 0, 0, 1, 0, 1, 0, 1, 0, 1, 1, 0, 1, 1, 0, 1, 0, 0, 1, 0, 0, 0, 1, 0, 0, 1, 0, 1, 0, 1, 0, 1, 0, 0, 1, 0, 0, 1, 0, 0, 0, 1, 0, 0, 0, 0, 1, 1, 0, 0, 1, 0, 0, 0, 0, 1, 1, 1, 1, 0, 0, 0, 0]","[0.0, 1.0, 0.0, 0.2, 0.2, 0.2, 0.0, 0.6, 0.4, 1.0, 0.0, 0.4, 1.0, 1.0, 0.8, 0.4, 0.0, 0.8, 0.0, 1.0, 0.0, 0.2, 0.0, 0.8, 0.2, 0.6, 0.8, 0.0, 0.0, 0.0, 0.4, 0.0, 0.2, 0.6, 0.2, 0.0, 0.0, 0.2, 1.0, 0.0, 0.0, 0.8, 0.0, 0.4, 0.0, 1.0, 1.0, 0.0, 1.0, 0.2, 0.0, 0.0, 0.8, 0.0, 1.0, 0.6, 0.8, 0.6, 0.0, 0.0, 0.0, 1.0, 0.0, 0.0, 0.0, 0.0, 0.8, 0.0, 0.0, 0.2, 0.0, 1.0, 1.0, 1.0, 1.0, 1.0, 1.0, 0.2, 0.8, 0.8, 0.2, 0.0, 0.0, 1.0, 0.4, 0.6, 0.0, 0.8, 0.0, 1.0, 0.6, 0.0, 0.6, 1.0, 0.4, 1.0, 0.0, 0.0, 0.8, 0.0, 0.0, 0.0, 0.8, 0.0, 0.0, 1.0, 0.2, 1.0, 0.0, 1.0, 0.2, 1.0, 0.0, 0.0, 1.0, 0.0, 0.0, 1.0, 0.0, 0.0, 0.0, 0.6, 0.4, 0.4, 0.0, 0.0, 1.0, 1.0, 0.0, 0.2, 1.0, 0.4, 0.4, 0.2, 0.0, 1.0, 0.6, 0.8, 1.0, 0.0, 0.0, 0.0, 0.2]"
KNN,26,6,"[0, 0, 1, 1, 0, 0, 1, 1, 1, 0, 0, 0, 0, 1, 0, 0, 1, 1, 0, 1, 1, 0, 0, 0, 1, 1, 0, 1, 0, 0, 1, 0, 1, 0, 1, 0, 0, 0, 0, 1, 0, 0, 0, 1, 0, 1, 0, 0, 0, 1, 1, 0, 1, 1, 1, 0, 0, 0, 1, 1, 0, 0, 0, 0, 1, 0, 0, 1, 1, 1, 1, 1, 1, 0, 0, 0, 1, 0, 0, 1, 1, 1, 1, 0, 1, 1, 1, 0, 0, 0, 1, 1, 0, 0, 0, 0, 1, 1, 0, 0, 1, 1, 1, 1, 0, 1, 1, 1, 1, 0, 1, 1, 0, 1, 0, 0, 0, 1, 1, 0, 0, 0, 0, 0, 0, 1, 0, 1, 1, 0, 1, 1, 1, 1, 0, 1, 1, 0, 1, 0, 1, 0, 1]","[0, 0, 1, 1, 0, 1, 1, 0, 0, 0, 0, 0, 0, 1, 0, 0, 0, 1, 0, 0, 1, 0, 0, 0, 1, 1, 0, 0, 0, 0, 1, 0, 1, 0, 1, 0, 0, 0, 0, 1, 0, 0, 0, 0, 0, 1, 1, 0, 0, 1, 1, 0, 0, 1, 0, 0, 0, 0, 1, 1, 0, 0, 0, 0, 1, 0, 1, 1, 0, 1, 0, 1, 1, 0, 0, 0, 0, 0, 1, 1, 1, 1, 1, 0, 1, 1, 1, 0, 0, 1, 1, 0, 0, 0, 0, 0, 1, 1, 0, 0, 0, 1, 1, 1, 0, 1, 0, 1, 1, 0, 1, 1, 0, 1, 0, 0, 1, 1, 1, 0, 0, 0, 0, 0, 0, 1, 1, 1, 1, 0, 0, 1, 1, 1, 1, 1, 1, 0, 1, 0, 1, 0, 1]","[0.0, 0.2, 1.0, 0.6, 0.0, 0.6, 0.8, 0.2, 0.4, 0.2, 0.0, 0.0, 0.4, 1.0, 0.4, 0.0, 0.4, 0.8, 0.0, 0.2, 0.6, 0.0, 0.2, 0.0, 1.0, 0.8, 0.0, 0.4, 0.0, 0.0, 0.8, 0.0, 0.8, 0.0, 1.0, 0.0, 0.0, 0.0, 0.0, 1.0, 0.2, 0.0, 0.0, 0.0, 0.2, 1.0, 0.6, 0.0, 0.0, 1.0, 1.0, 0.0, 0.4, 0.8, 0.2, 0.0, 0.0, 0.0, 1.0, 0.8, 0.0, 0.0, 0.0, 0.0, 0.8, 0.0, 0.8, 1.0, 0.4, 1.0, 0.2, 1.0, 0.8, 0.0, 0.0, 0.0, 0.2, 0.0, 0.6, 0.6, 0.8, 0.8, 1.0, 0.0, 0.8, 1.0, 0.6, 0.2, 0.0, 0.6, 1.0, 0.2, 0.0, 0.0, 0.4, 0.0, 1.0, 0.8, 0.0, 0.0, 0.0, 0.8, 1.0, 1.0, 0.0, 0.8, 0.4, 1.0, 0.6, 0.2, 0.6, 1.0, 0.2, 1.0, 0.0, 0.0, 0.8, 1.0, 0.6, 0.0, 0.0, 0.0, 0.4, 0.4, 0.0, 1.0, 0.6, 0.6, 1.0, 0.0, 0.0, 1.0, 1.0, 1.0, 1.0, 1.0, 1.0, 0.0, 0.8, 0.0, 1.0, 0.0, 0.8]"
KNN,27,6,"[0, 0, 1, 1, 0, 0, 0, 0, 0, 1, 1, 1, 0, 0, 0, 0, 1, 0, 1, 1, 1, 1, 0, 1, 0, 1, 1, 0, 0, 0, 1, 0, 0, 1, 0, 0, 0, 1, 1, 0, 1, 0, 1, 0, 0, 1, 0, 0, 1, 1, 1, 1, 0, 0, 1, 1, 1, 1, 0, 0, 1, 1, 0, 0, 0, 1, 0, 0, 1, 1, 1, 1, 1, 0, 0, 0, 1, 0, 1, 0, 1, 0, 0, 1, 1, 0, 0, 1, 1, 1, 1, 0, 0, 0, 1, 1, 1, 0, 0, 1, 1, 1, 0, 1, 1, 1, 1, 0, 0, 0, 0, 0, 1, 0, 1, 0, 1, 0, 1, 0, 1, 0, 1, 1, 0, 0, 1, 0, 0, 0, 0, 1, 1, 1, 0, 0, 0, 0, 1, 1, 0, 0, 1]","[0, 1, 0, 0, 0, 1, 1, 0, 0, 0, 0, 1, 0, 0, 0, 0, 1, 0, 1, 1, 1, 0, 1, 1, 0, 1, 1, 0, 0, 0, 1, 0, 1, 1, 0, 0, 0, 1, 1, 0, 1, 1, 1, 0, 0, 1, 0, 0, 1, 0, 1, 1, 0, 1, 1, 1, 0, 0, 0, 0, 1, 1, 0, 0, 0, 1, 0, 0, 1, 1, 1, 1, 1, 0, 0, 0, 0, 1, 1, 0, 1, 0, 0, 1, 1, 0, 1, 1, 0, 1, 1, 0, 0, 0, 1, 0, 1, 0, 0, 1, 1, 0, 0, 1, 1, 1, 1, 0, 1, 0, 0, 0, 1, 0, 1, 0, 1, 0, 1, 0, 1, 0, 0, 1, 0, 0, 1, 0, 0, 0, 0, 1, 1, 1, 0, 0, 0, 0, 1, 1, 1, 0, 1]","[0.0, 0.8, 0.2, 0.4, 0.0, 1.0, 0.6, 0.0, 0.0, 0.4, 0.2, 0.8, 0.0, 0.0, 0.0, 0.0, 1.0, 0.0, 1.0, 1.0, 1.0, 0.4, 0.6, 0.8, 0.0, 1.0, 0.6, 0.4, 0.4, 0.0, 0.6, 0.0, 0.6, 0.8, 0.0, 0.2, 0.0, 1.0, 0.8, 0.2, 0.6, 0.6, 0.6, 0.4, 0.0, 1.0, 0.2, 0.2, 0.8, 0.4, 1.0, 1.0, 0.4, 1.0, 1.0, 1.0, 0.0, 0.2, 0.0, 0.0, 1.0, 0.6, 0.0, 0.0, 0.4, 1.0, 0.0, 0.0, 0.6, 1.0, 0.8, 1.0, 1.0, 0.0, 0.0, 0.2, 0.4, 0.8, 1.0, 0.0, 1.0, 0.0, 0.4, 0.6, 1.0, 0.2, 1.0, 0.8, 0.2, 1.0, 0.8, 0.0, 0.2, 0.2, 1.0, 0.4, 1.0, 0.0, 0.0, 1.0, 0.8, 0.4, 0.2, 1.0, 0.8, 1.0, 1.0, 0.4, 0.8, 0.4, 0.2, 0.2, 0.6, 0.2, 0.6, 0.4, 1.0, 0.0, 1.0, 0.0, 1.0, 0.0, 0.2, 1.0, 0.0, 0.0, 1.0, 0.0, 0.0, 0.0, 0.0, 1.0, 1.0, 1.0, 0.4, 0.2, 0.0, 0.0, 1.0, 1.0, 0.6, 0.0, 0.6]"
KNN,28,6,"[0, 0, 0, 0, 1, 1, 0, 0, 1, 0, 0, 0, 0, 1, 0, 1, 0, 1, 1, 0, 0, 1, 0, 0, 1, 1, 0, 0, 0, 0, 0, 0, 1, 0, 0, 0, 0, 0, 0, 1, 0, 1, 1, 1, 0, 0, 0, 0, 0, 1, 1, 1, 0, 0, 0, 0, 1, 1, 0, 1, 0, 1, 0, 0, 0, 0, 1, 0, 0, 1, 1, 1, 0, 0, 0, 0, 0, 0, 1, 0, 0, 0, 1, 0, 1, 1, 0, 1, 0, 0, 0, 1, 0, 1, 0, 0, 1, 0, 1, 1, 0, 0, 0, 0, 0, 0, 0, 0, 0, 0, 1, 0, 1, 0, 0, 1, 0, 1, 0, 1, 1, 0, 1, 1, 1, 1, 0, 1, 0, 0, 0, 0, 1, 1, 1, 0, 0, 0, 1, 0, 0, 1, 0, 1]","[0, 0, 0, 0, 0, 0, 0, 1, 1, 1, 1, 1, 0, 1, 0, 1, 1, 1, 1, 0, 0, 0, 1, 0, 1, 1, 0, 0, 0, 0, 0, 0, 1, 0, 0, 0, 0, 0, 0, 0, 1, 0, 1, 1, 1, 0, 0, 0, 0, 1, 1, 1, 1, 0, 0, 0, 1, 1, 0, 0, 1, 1, 0, 0, 0, 0, 1, 0, 1, 1, 1, 1, 0, 0, 0, 1, 1, 0, 1, 0, 0, 0, 1, 0, 1, 1, 0, 0, 0, 0, 0, 1, 0, 1, 1, 0, 1, 0, 1, 1, 0, 1, 0, 0, 0, 0, 0, 0, 0, 0, 1, 0, 0, 0, 0, 0, 0, 1, 1, 1, 1, 0, 1, 1, 1, 1, 0, 1, 0, 0, 0, 0, 1, 1, 1, 0, 0, 0, 1, 0, 0, 1, 0, 1]","[0.2, 0.2, 0.4, 0.0, 0.0, 0.2, 0.0, 0.8, 1.0, 0.6, 1.0, 1.0, 0.0, 0.8, 0.0, 1.0, 1.0, 1.0, 1.0, 0.0, 0.2, 0.4, 1.0, 0.0, 1.0, 1.0, 0.0, 0.0, 0.2, 0.0, 0.0, 0.0, 0.8, 0.0, 0.0, 0.0, 0.0, 0.0, 0.0, 0.4, 0.6, 0.4, 1.0, 1.0, 0.6, 0.0, 0.0, 0.0, 0.2, 0.8, 1.0, 1.0, 0.6, 0.0, 0.4, 0.0, 0.6, 0.8, 0.0, 0.4, 0.8, 0.8, 0.0, 0.0, 0.2, 0.2, 1.0, 0.0, 0.6, 1.0, 0.8, 1.0, 0.2, 0.0, 0.0, 0.6, 0.8, 0.0, 1.0, 0.0, 0.0, 0.0, 1.0, 0.2, 0.8, 0.6, 0.0, 0.4, 0.0, 0.2, 0.0, 0.8, 0.0, 0.8, 1.0, 0.4, 1.0, 0.0, 1.0, 0.6, 0.4, 0.8, 0.2, 0.0, 0.0, 0.4, 0.0, 0.4, 0.0, 0.2, 1.0, 0.0, 0.4, 0.0, 0.0, 0.4, 0.0, 1.0, 0.8, 0.8, 1.0, 0.0, 1.0, 0.8, 0.8, 1.0, 0.0, 1.0, 0.0, 0.0, 0.0, 0.0, 0.8, 0.6, 1.0, 0.2, 0.0, 0.0, 0.8, 0.2, 0.4, 0.8, 0.0, 0.8]"
KNN,29,6,"[1, 1, 0, 1, 1, 1, 1, 0, 0, 0, 1, 0, 0, 0, 1, 0, 1, 0, 0, 1, 1, 0, 1, 1, 1, 0, 1, 1, 0, 1, 0, 0, 0, 0, 0, 0, 1, 0, 0, 1, 0, 1, 1, 1, 0, 0, 0, 1, 0, 1, 1, 0, 0, 0, 0, 0, 1, 0, 0, 1, 1, 0, 1, 0, 0, 1, 0, 0, 1, 0, 1, 0, 0, 1, 0, 0, 0, 1, 0, 1, 0, 1, 1, 0, 1, 0, 0, 0, 1, 0, 1, 0, 1, 0, 0, 0, 0, 1, 1, 0, 1, 0, 1, 0, 0, 1, 1, 1, 0, 0, 0, 0, 1, 0, 0, 0, 1, 0, 0, 1, 0, 1, 0, 1, 1, 0, 1, 1, 0, 0, 0, 1, 1, 1, 1, 1, 0, 0, 0, 0, 1, 0, 0]","[1, 1, 0, 1, 0, 1, 1, 0, 0, 0, 1, 1, 0, 0, 1, 0, 1, 1, 0, 1, 1, 0, 1, 1, 0, 0, 1, 1, 0, 1, 0, 0, 0, 0, 0, 0, 1, 0, 1, 1, 0, 0, 1, 1, 0, 0, 0, 1, 0, 0, 1, 0, 0, 0, 0, 0, 1, 0, 0, 1, 1, 1, 0, 0, 0, 1, 0, 0, 1, 0, 1, 0, 0, 1, 0, 0, 0, 1, 0, 1, 0, 1, 1, 0, 1, 1, 0, 0, 1, 0, 1, 0, 1, 0, 1, 1, 0, 1, 1, 1, 0, 0, 0, 0, 0, 1, 1, 1, 0, 0, 1, 0, 1, 0, 0, 0, 1, 0, 0, 1, 0, 1, 0, 1, 1, 1, 1, 1, 0, 0, 0, 1, 0, 1, 1, 0, 0, 1, 0, 0, 1, 0, 0]","[1.0, 1.0, 0.0, 1.0, 0.2, 1.0, 1.0, 0.0, 0.2, 0.0, 1.0, 0.8, 0.0, 0.0, 1.0, 0.0, 1.0, 0.8, 0.0, 0.8, 1.0, 0.0, 1.0, 1.0, 0.2, 0.0, 0.6, 1.0, 0.0, 0.8, 0.0, 0.0, 0.0, 0.0, 0.2, 0.0, 1.0, 0.0, 1.0, 0.8, 0.0, 0.0, 0.8, 1.0, 0.0, 0.4, 0.0, 0.6, 0.0, 0.2, 1.0, 0.0, 0.0, 0.0, 0.0, 0.0, 1.0, 0.0, 0.0, 0.8, 0.8, 0.8, 0.0, 0.0, 0.0, 0.8, 0.0, 0.2, 0.8, 0.0, 0.8, 0.0, 0.0, 0.8, 0.0, 0.0, 0.0, 1.0, 0.0, 1.0, 0.4, 1.0, 0.8, 0.0, 0.6, 0.6, 0.0, 0.0, 1.0, 0.0, 1.0, 0.0, 1.0, 0.0, 0.6, 0.6, 0.0, 1.0, 0.8, 0.6, 0.4, 0.0, 0.4, 0.0, 0.0, 1.0, 0.8, 0.8, 0.0, 0.0, 0.6, 0.2, 0.8, 0.0, 0.0, 0.0, 1.0, 0.2, 0.0, 0.6, 0.0, 1.0, 0.2, 1.0, 0.8, 1.0, 0.8, 1.0, 0.0, 0.4, 0.0, 0.8, 0.2, 0.8, 1.0, 0.2, 0.0, 1.0, 0.0, 0.0, 1.0, 0.0, 0.0]"
KNN,30,6,"[0, 0, 1, 0, 0, 0, 1, 0, 0, 0, 0, 1, 0, 0, 1, 1, 0, 0, 0, 1, 0, 0, 0, 1, 0, 1, 0, 0, 0, 1, 1, 0, 1, 1, 0, 0, 0, 1, 0, 0, 0, 1, 1, 1, 0, 1, 0, 0, 0, 1, 0, 0, 0, 0, 0, 1, 1, 1, 0, 0, 0, 0, 0, 1, 1, 0, 1, 0, 1, 0, 1, 0, 0, 1, 1, 1, 0, 1, 0, 0, 1, 1, 1, 0, 1, 0, 0, 1, 1, 1, 1, 0, 0, 1, 0, 0, 0, 1, 0, 0, 0, 0, 0, 0, 1, 1, 1, 1, 1, 0, 0, 1, 0, 1, 0, 0, 1, 0, 0, 0, 1, 0, 0, 0, 0, 0, 0, 0, 1, 0, 0, 0, 0, 1, 0, 0, 0, 1, 1, 0, 0, 0, 0]","[1, 0, 0, 0, 0, 0, 1, 1, 0, 0, 0, 1, 0, 0, 1, 1, 0, 0, 0, 0, 0, 0, 0, 1, 0, 1, 0, 0, 0, 0, 1, 0, 1, 1, 0, 0, 0, 1, 0, 0, 0, 1, 0, 1, 0, 1, 0, 0, 0, 1, 0, 0, 0, 0, 1, 1, 1, 0, 0, 0, 0, 0, 0, 1, 1, 0, 1, 0, 0, 0, 1, 0, 0, 1, 1, 1, 0, 1, 0, 1, 0, 1, 1, 0, 1, 1, 0, 1, 1, 1, 1, 0, 0, 1, 0, 0, 0, 1, 0, 1, 0, 0, 0, 0, 1, 0, 1, 1, 0, 0, 0, 1, 0, 1, 0, 0, 0, 0, 0, 0, 1, 0, 0, 0, 1, 1, 0, 1, 1, 0, 0, 0, 0, 1, 0, 0, 0, 1, 1, 0, 0, 1, 0]","[0.8, 0.2, 0.4, 0.0, 0.0, 0.0, 0.6, 1.0, 0.2, 0.0, 0.0, 0.8, 0.4, 0.0, 1.0, 0.8, 0.0, 0.4, 0.0, 0.0, 0.2, 0.0, 0.0, 0.6, 0.0, 0.8, 0.0, 0.2, 0.0, 0.4, 1.0, 0.0, 0.8, 0.8, 0.4, 0.2, 0.0, 1.0, 0.0, 0.2, 0.0, 0.6, 0.2, 0.8, 0.4, 1.0, 0.0, 0.0, 0.0, 1.0, 0.0, 0.0, 0.0, 0.0, 0.8, 0.6, 1.0, 0.4, 0.0, 0.2, 0.0, 0.2, 0.0, 1.0, 0.8, 0.0, 1.0, 0.2, 0.0, 0.0, 0.6, 0.0, 0.0, 0.6, 1.0, 1.0, 0.0, 1.0, 0.0, 0.8, 0.2, 1.0, 1.0, 0.2, 1.0, 0.6, 0.0, 1.0, 0.8, 0.6, 0.6, 0.2, 0.0, 0.8, 0.0, 0.2, 0.2, 1.0, 0.2, 0.8, 0.0, 0.0, 0.0, 0.2, 1.0, 0.4, 0.8, 0.8, 0.0, 0.0, 0.2, 1.0, 0.0, 0.8, 0.0, 0.0, 0.2, 0.2, 0.0, 0.2, 1.0, 0.0, 0.2, 0.4, 0.8, 0.8, 0.0, 0.8, 0.8, 0.2, 0.0, 0.0, 0.0, 1.0, 0.0, 0.0, 0.4, 1.0, 1.0, 0.0, 0.0, 0.6, 0.0]"
KNN,31,7,"[0, 1, 0, 1, 1, 1, 0, 1, 0, 0, 0, 0, 0, 0, 1, 0, 1, 1, 1, 0, 1, 0, 0, 1, 1, 0, 0, 1, 0, 1, 0, 0, 0, 0, 1, 0, 1, 0, 1, 0, 0, 0, 1, 0, 0, 1, 1, 0, 0, 1, 0, 0, 1, 0, 1, 1, 0, 0, 0, 1, 0, 0, 0, 0, 0, 0, 0, 0, 1, 1, 1, 1, 0, 1, 0, 0, 1, 0, 1, 0, 1, 1, 0, 0, 1, 1, 0, 1, 1, 0, 1, 0, 0, 0, 0, 0, 1, 0, 0, 1, 1, 1, 0, 1, 0, 0, 1, 0, 0, 0, 0, 0, 1, 0, 0, 0, 1, 0, 0, 0, 1, 1, 1, 1, 0, 1, 0, 1, 1, 1, 0, 0, 0, 1, 1, 1, 0, 1, 1, 0, 0, 0, 0, 1]","[1, 1, 0, 1, 1, 1, 1, 0, 1, 0, 1, 0, 0, 0, 1, 1, 1, 1, 1, 0, 0, 0, 0, 1, 1, 0, 0, 1, 0, 1, 0, 0, 1, 0, 1, 0, 1, 0, 1, 0, 0, 0, 1, 1, 0, 1, 1, 0, 0, 1, 0, 0, 1, 0, 1, 1, 0, 0, 0, 1, 0, 0, 0, 0, 0, 0, 0, 0, 1, 1, 0, 1, 0, 1, 0, 0, 1, 1, 1, 1, 1, 1, 1, 1, 1, 1, 0, 1, 1, 0, 1, 0, 0, 0, 0, 0, 1, 0, 0, 1, 1, 1, 0, 1, 0, 0, 1, 0, 0, 0, 0, 0, 1, 0, 0, 0, 1, 0, 0, 0, 1, 1, 1, 0, 0, 1, 1, 1, 1, 1, 0, 0, 0, 1, 1, 0, 0, 1, 1, 0, 0, 0, 0, 1]","[0.6, 1.0, 0.0, 1.0, 1.0, 1.0, 0.8, 0.4, 0.8, 0.0, 1.0, 0.4, 0.0, 0.0, 0.6, 1.0, 1.0, 1.0, 0.6, 0.0, 0.2, 0.4, 0.0, 0.8, 1.0, 0.0, 0.0, 1.0, 0.2, 0.8, 0.0, 0.2, 0.8, 0.0, 1.0, 0.0, 1.0, 0.0, 0.8, 0.2, 0.0, 0.0, 0.8, 1.0, 0.0, 1.0, 0.6, 0.0, 0.0, 1.0, 0.4, 0.0, 1.0, 0.4, 1.0, 1.0, 0.0, 0.0, 0.0, 1.0, 0.0, 0.0, 0.0, 0.2, 0.0, 0.0, 0.2, 0.0, 0.8, 0.6, 0.0, 1.0, 0.0, 1.0, 0.2, 0.4, 0.8, 0.8, 1.0, 0.8, 1.0, 0.8, 0.6, 1.0, 0.8, 1.0, 0.0, 1.0, 1.0, 0.0, 0.8, 0.2, 0.0, 0.2, 0.0, 0.2, 1.0, 0.2, 0.0, 0.8, 0.8, 1.0, 0.0, 1.0, 0.0, 0.2, 1.0, 0.2, 0.4, 0.0, 0.0, 0.4, 1.0, 0.0, 0.2, 0.2, 1.0, 0.0, 0.4, 0.0, 0.6, 1.0, 0.8, 0.2, 0.0, 1.0, 0.8, 0.8, 1.0, 1.0, 0.4, 0.0, 0.2, 1.0, 0.6, 0.0, 0.0, 1.0, 1.0, 0.0, 0.0, 0.2, 0.0, 1.0]"
KNN,32,7,"[1, 1, 0, 0, 0, 1, 0, 0, 0, 1, 0, 0, 0, 1, 1, 1, 0, 0, 1, 0, 0, 1, 1, 0, 1, 0, 0, 0, 0, 1, 0, 0, 0, 1, 0, 1, 0, 0, 0, 1, 1, 1, 0, 1, 1, 0, 0, 0, 0, 1, 1, 1, 0, 0, 1, 1, 0, 1, 0, 0, 1, 1, 0, 1, 0, 0, 0, 1, 1, 0, 1, 0, 0, 1, 1, 1, 0, 0, 1, 0, 0, 1, 0, 0, 1, 1, 0, 0, 1, 1, 0, 1, 1, 1, 0, 1, 0, 0, 1, 1, 1, 1, 1, 1, 0, 1, 0, 1, 1, 0, 0, 1, 1, 1, 0, 1, 0, 0, 0, 1, 1, 0, 1, 0, 0, 0, 1, 1, 0, 1, 0, 1, 1, 0, 0, 1, 0, 0, 0, 0, 1, 0, 1]","[0, 0, 0, 0, 0, 1, 0, 0, 0, 0, 0, 0, 0, 1, 0, 1, 1, 0, 1, 0, 0, 1, 1, 0, 1, 1, 0, 0, 0, 1, 0, 0, 0, 1, 0, 1, 0, 0, 0, 1, 1, 1, 1, 1, 1, 0, 0, 0, 0, 1, 0, 0, 0, 0, 1, 1, 0, 1, 0, 0, 1, 1, 0, 1, 0, 0, 0, 0, 1, 0, 1, 0, 0, 1, 1, 1, 0, 0, 1, 0, 0, 1, 0, 0, 1, 1, 0, 1, 1, 1, 0, 1, 1, 1, 0, 1, 0, 1, 1, 0, 0, 1, 1, 1, 0, 1, 0, 1, 0, 0, 0, 1, 1, 1, 0, 1, 1, 0, 1, 1, 1, 0, 1, 0, 0, 0, 1, 1, 1, 1, 0, 1, 1, 1, 0, 1, 0, 0, 0, 0, 1, 0, 1]","[0.2, 0.2, 0.0, 0.2, 0.0, 1.0, 0.0, 0.0, 0.0, 0.4, 0.0, 0.0, 0.0, 1.0, 0.4, 0.6, 0.6, 0.0, 0.6, 0.0, 0.0, 0.8, 1.0, 0.2, 0.8, 0.8, 0.0, 0.0, 0.2, 0.8, 0.0, 0.0, 0.0, 0.8, 0.0, 1.0, 0.0, 0.0, 0.0, 0.6, 1.0, 0.8, 0.6, 1.0, 0.8, 0.0, 0.4, 0.0, 0.0, 1.0, 0.0, 0.4, 0.0, 0.0, 1.0, 0.8, 0.0, 0.8, 0.2, 0.0, 0.6, 1.0, 0.2, 1.0, 0.0, 0.0, 0.0, 0.4, 1.0, 0.0, 0.8, 0.0, 0.0, 1.0, 1.0, 0.6, 0.0, 0.0, 1.0, 0.0, 0.0, 1.0, 0.0, 0.0, 1.0, 1.0, 0.0, 0.6, 0.8, 1.0, 0.4, 0.8, 0.8, 0.8, 0.0, 0.8, 0.0, 0.8, 1.0, 0.2, 0.2, 1.0, 1.0, 1.0, 0.0, 1.0, 0.2, 0.8, 0.4, 0.0, 0.2, 1.0, 1.0, 1.0, 0.0, 0.6, 0.8, 0.2, 0.6, 0.6, 1.0, 0.0, 1.0, 0.0, 0.0, 0.4, 0.8, 1.0, 0.6, 0.8, 0.0, 1.0, 0.8, 0.6, 0.0, 1.0, 0.0, 0.2, 0.2, 0.4, 0.8, 0.0, 1.0]"
KNN,33,7,"[0, 1, 0, 0, 0, 1, 0, 0, 1, 0, 1, 0, 0, 0, 1, 0, 1, 0, 1, 1, 0, 1, 0, 1, 0, 0, 0, 1, 0, 1, 1, 0, 0, 0, 1, 0, 0, 1, 1, 0, 0, 1, 0, 0, 1, 0, 1, 1, 0, 1, 0, 1, 0, 0, 0, 1, 1, 1, 1, 1, 0, 0, 1, 0, 1, 0, 1, 1, 0, 0, 1, 0, 0, 0, 0, 0, 1, 0, 1, 0, 0, 1, 0, 0, 0, 1, 1, 0, 0, 1, 1, 0, 1, 0, 0, 0, 0, 1, 0, 1, 1, 0, 0, 1, 0, 0, 1, 1, 1, 1, 0, 1, 0, 1, 0, 0, 0, 0, 0, 1, 0, 0, 0, 1, 0, 1, 1, 1, 1, 0, 1, 1, 1, 0, 1, 1, 0, 1, 0, 1, 0, 0, 1]","[0, 1, 1, 1, 1, 0, 0, 1, 1, 1, 0, 0, 0, 0, 1, 0, 1, 0, 1, 1, 1, 1, 0, 1, 0, 0, 0, 1, 0, 1, 1, 0, 0, 0, 1, 0, 0, 1, 1, 0, 0, 0, 0, 0, 1, 0, 1, 1, 0, 1, 0, 1, 0, 0, 0, 1, 1, 1, 1, 0, 1, 0, 1, 0, 1, 0, 1, 1, 0, 0, 1, 0, 0, 0, 0, 0, 1, 0, 1, 1, 0, 0, 0, 0, 0, 1, 1, 0, 0, 1, 1, 0, 1, 0, 0, 0, 1, 1, 0, 1, 1, 1, 0, 1, 0, 1, 1, 0, 1, 1, 0, 0, 0, 0, 0, 0, 1, 0, 0, 1, 0, 0, 0, 1, 0, 1, 1, 1, 1, 0, 1, 1, 1, 0, 0, 1, 0, 1, 1, 1, 0, 1, 1]","[0.2, 1.0, 0.8, 0.6, 0.8, 0.2, 0.0, 0.8, 1.0, 0.8, 0.4, 0.4, 0.0, 0.0, 0.8, 0.0, 1.0, 0.2, 0.8, 0.8, 0.6, 0.8, 0.0, 1.0, 0.0, 0.0, 0.0, 1.0, 0.0, 1.0, 0.8, 0.0, 0.0, 0.0, 0.8, 0.0, 0.2, 1.0, 1.0, 0.0, 0.0, 0.4, 0.0, 0.2, 0.8, 0.2, 1.0, 1.0, 0.0, 0.6, 0.0, 1.0, 0.0, 0.0, 0.0, 0.6, 1.0, 0.8, 0.6, 0.2, 0.8, 0.0, 1.0, 0.0, 0.6, 0.0, 0.8, 0.8, 0.0, 0.2, 1.0, 0.2, 0.0, 0.0, 0.4, 0.2, 1.0, 0.0, 0.8, 0.8, 0.0, 0.2, 0.0, 0.2, 0.0, 0.8, 0.8, 0.0, 0.0, 1.0, 1.0, 0.2, 1.0, 0.0, 0.0, 0.0, 0.6, 1.0, 0.0, 1.0, 0.8, 0.8, 0.0, 0.8, 0.0, 1.0, 1.0, 0.0, 1.0, 1.0, 0.0, 0.4, 0.2, 0.4, 0.4, 0.2, 0.8, 0.4, 0.2, 1.0, 0.0, 0.0, 0.0, 1.0, 0.4, 1.0, 1.0, 0.8, 1.0, 0.0, 0.6, 1.0, 0.6, 0.0, 0.4, 1.0, 0.0, 1.0, 0.6, 1.0, 0.0, 0.8, 0.6]"
KNN,34,7,"[0, 0, 1, 1, 0, 0, 0, 0, 0, 1, 0, 0, 0, 1, 0, 1, 0, 0, 1, 0, 1, 1, 1, 1, 1, 1, 0, 0, 1, 0, 1, 0, 1, 0, 0, 0, 0, 0, 0, 1, 0, 0, 1, 1, 0, 1, 1, 0, 0, 0, 1, 0, 1, 1, 0, 1, 1, 0, 0, 0, 0, 0, 1, 0, 1, 1, 0, 0, 0, 1, 0, 0, 1, 1, 0, 1, 0, 0, 0, 1, 1, 1, 0, 1, 0, 0, 0, 0, 0, 1, 0, 0, 1, 1, 1, 0, 0, 0, 0, 0, 0, 1, 0, 0, 0, 1, 0, 1, 0, 1, 1, 0, 0, 1, 0, 0, 0, 1, 1, 1, 0, 1, 0, 0, 0, 0, 0, 1, 0, 1, 0, 0, 1, 0, 0, 0, 0, 1, 0, 0, 0, 1, 0]","[0, 0, 0, 1, 1, 0, 0, 0, 0, 1, 1, 0, 0, 1, 1, 1, 0, 0, 1, 0, 0, 1, 1, 1, 0, 1, 0, 0, 0, 1, 1, 0, 1, 0, 0, 0, 0, 0, 0, 1, 0, 0, 0, 0, 0, 1, 1, 0, 0, 0, 0, 0, 1, 0, 0, 0, 1, 0, 0, 0, 1, 0, 1, 0, 1, 0, 0, 0, 0, 1, 0, 0, 1, 0, 0, 1, 0, 0, 0, 1, 1, 1, 1, 1, 0, 1, 0, 1, 0, 1, 1, 0, 1, 0, 1, 0, 0, 0, 0, 0, 1, 0, 0, 0, 0, 1, 0, 1, 0, 1, 0, 0, 1, 1, 0, 0, 0, 1, 1, 1, 0, 1, 0, 1, 0, 0, 0, 1, 0, 1, 1, 0, 1, 1, 0, 0, 0, 1, 0, 0, 0, 1, 0]","[0.0, 0.0, 0.4, 1.0, 1.0, 0.2, 0.0, 0.0, 0.0, 1.0, 0.8, 0.0, 0.0, 1.0, 0.6, 0.8, 0.0, 0.4, 1.0, 0.0, 0.2, 0.8, 0.6, 0.8, 0.2, 0.6, 0.0, 0.0, 0.4, 0.6, 1.0, 0.2, 1.0, 0.0, 0.0, 0.2, 0.0, 0.0, 0.2, 0.8, 0.4, 0.0, 0.0, 0.0, 0.2, 0.6, 1.0, 0.0, 0.0, 0.0, 0.4, 0.0, 1.0, 0.2, 0.0, 0.2, 0.8, 0.0, 0.0, 0.0, 0.6, 0.0, 0.8, 0.0, 1.0, 0.0, 0.0, 0.0, 0.0, 0.8, 0.0, 0.0, 1.0, 0.0, 0.0, 0.8, 0.0, 0.0, 0.0, 0.8, 0.6, 1.0, 0.6, 1.0, 0.0, 0.8, 0.0, 0.6, 0.4, 0.6, 0.6, 0.0, 1.0, 0.4, 1.0, 0.0, 0.0, 0.0, 0.0, 0.0, 0.6, 0.0, 0.0, 0.0, 0.2, 1.0, 0.0, 0.8, 0.0, 1.0, 0.4, 0.0, 1.0, 1.0, 0.0, 0.0, 0.0, 1.0, 1.0, 1.0, 0.0, 0.6, 0.4, 0.6, 0.0, 0.0, 0.0, 1.0, 0.0, 1.0, 1.0, 0.0, 1.0, 0.6, 0.0, 0.0, 0.0, 1.0, 0.0, 0.0, 0.0, 0.8, 0.2]"
KNN,35,7,"[0, 1, 1, 0, 1, 0, 1, 0, 0, 1, 0, 0, 0, 1, 1, 0, 0, 1, 0, 1, 0, 0, 0, 0, 1, 0, 1, 0, 1, 0, 0, 0, 1, 0, 1, 0, 0, 0, 1, 0, 1, 0, 0, 0, 1, 0, 0, 1, 0, 0, 0, 1, 1, 0, 0, 0, 0, 1, 1, 0, 0, 0, 0, 0, 1, 1, 1, 1, 1, 1, 0, 1, 1, 0, 1, 0, 0, 1, 1, 0, 1, 0, 0, 1, 1, 1, 0, 1, 1, 0, 0, 1, 0, 1, 0, 0, 0, 1, 0, 1, 0, 0, 1, 1, 1, 0, 0, 0, 1, 1, 1, 0, 0, 1, 1, 0, 0, 1, 0, 0, 0, 0, 0, 0, 1, 1, 0, 0, 0, 0, 0, 1, 0, 1, 0, 0, 1, 1, 0, 0, 0, 0, 1]","[0, 1, 0, 0, 0, 0, 1, 0, 1, 1, 0, 0, 0, 1, 1, 0, 1, 1, 0, 0, 0, 0, 0, 0, 1, 0, 1, 0, 1, 0, 0, 0, 1, 0, 1, 0, 0, 0, 0, 0, 0, 0, 0, 0, 1, 0, 0, 1, 1, 0, 1, 1, 1, 0, 0, 0, 1, 1, 1, 1, 0, 0, 0, 0, 1, 1, 1, 0, 1, 1, 0, 1, 0, 0, 1, 0, 0, 0, 1, 0, 1, 0, 0, 1, 1, 0, 0, 0, 0, 0, 0, 0, 0, 1, 0, 0, 0, 1, 0, 1, 0, 0, 1, 1, 0, 0, 1, 0, 1, 1, 1, 0, 0, 1, 0, 0, 0, 1, 0, 0, 0, 1, 0, 0, 0, 1, 0, 0, 0, 0, 0, 1, 0, 0, 0, 1, 1, 1, 0, 0, 0, 0, 1]","[0.0, 1.0, 0.2, 0.0, 0.4, 0.2, 0.8, 0.0, 1.0, 1.0, 0.0, 0.2, 0.0, 0.8, 0.6, 0.0, 0.6, 0.8, 0.0, 0.2, 0.0, 0.0, 0.0, 0.0, 0.8, 0.0, 0.8, 0.0, 1.0, 0.0, 0.2, 0.0, 1.0, 0.0, 1.0, 0.2, 0.0, 0.4, 0.4, 0.0, 0.4, 0.4, 0.2, 0.2, 0.6, 0.0, 0.0, 0.8, 1.0, 0.0, 0.8, 0.8, 1.0, 0.0, 0.0, 0.0, 0.8, 0.8, 0.8, 0.6, 0.0, 0.0, 0.2, 0.0, 1.0, 1.0, 1.0, 0.2, 0.8, 1.0, 0.0, 1.0, 0.2, 0.2, 0.8, 0.0, 0.0, 0.4, 1.0, 0.0, 1.0, 0.4, 0.2, 0.6, 0.8, 0.4, 0.0, 0.4, 0.4, 0.2, 0.2, 0.2, 0.0, 1.0, 0.0, 0.0, 0.0, 0.6, 0.0, 0.6, 0.0, 0.2, 0.8, 0.8, 0.4, 0.2, 0.8, 0.4, 1.0, 0.8, 1.0, 0.0, 0.0, 1.0, 0.2, 0.0, 0.0, 0.6, 0.0, 0.0, 0.2, 0.8, 0.4, 0.0, 0.2, 1.0, 0.0, 0.0, 0.0, 0.0, 0.2, 1.0, 0.0, 0.2, 0.0, 1.0, 1.0, 1.0, 0.0, 0.0, 0.0, 0.0, 0.6]"
KNN,36,8,"[1, 0, 0, 0, 0, 0, 1, 1, 1, 0, 0, 0, 0, 1, 1, 1, 1, 1, 0, 0, 1, 0, 0, 1, 1, 1, 0, 0, 0, 0, 1, 1, 0, 0, 1, 0, 0, 0, 0, 0, 0, 0, 0, 0, 0, 1, 0, 0, 0, 0, 0, 0, 0, 0, 1, 0, 1, 0, 0, 1, 1, 1, 1, 1, 1, 1, 1, 0, 1, 1, 0, 0, 0, 0, 1, 0, 1, 1, 1, 0, 1, 1, 1, 1, 0, 0, 0, 0, 0, 1, 1, 1, 0, 0, 1, 1, 0, 1, 0, 1, 0, 1, 1, 1, 1, 0, 1, 1, 1, 1, 0, 0, 0, 0, 1, 1, 0, 0, 0, 0, 1, 1, 0, 0, 0, 0, 1, 1, 0, 0, 1, 0, 1, 1, 1, 0, 0, 0, 0, 1, 0, 1, 0, 0]","[1, 1, 1, 1, 0, 0, 0, 1, 1, 1, 0, 0, 1, 1, 1, 1, 0, 1, 0, 0, 1, 0, 0, 1, 1, 0, 1, 0, 0, 0, 1, 1, 0, 0, 1, 0, 0, 0, 0, 0, 0, 0, 0, 0, 0, 1, 0, 0, 0, 0, 0, 0, 0, 0, 1, 0, 1, 0, 1, 1, 1, 1, 1, 1, 1, 1, 1, 0, 1, 1, 0, 0, 1, 0, 1, 1, 1, 1, 1, 0, 1, 1, 1, 1, 0, 1, 0, 0, 0, 1, 1, 0, 0, 0, 1, 1, 0, 1, 0, 1, 0, 1, 1, 1, 1, 0, 1, 1, 1, 1, 0, 0, 0, 0, 1, 1, 0, 0, 0, 0, 1, 1, 0, 0, 0, 0, 0, 1, 0, 0, 0, 0, 1, 1, 1, 0, 0, 0, 0, 1, 0, 1, 0, 0]","[1.0, 0.8, 0.6, 1.0, 0.0, 0.2, 0.2, 1.0, 0.8, 1.0, 0.0, 0.0, 0.6, 1.0, 1.0, 1.0, 0.4, 0.8, 0.0, 0.4, 0.6, 0.0, 0.0, 0.6, 1.0, 0.4, 0.8, 0.0, 0.0, 0.0, 0.8, 0.8, 0.0, 0.2, 0.8, 0.4, 0.0, 0.0, 0.0, 0.2, 0.0, 0.2, 0.0, 0.0, 0.4, 1.0, 0.2, 0.0, 0.0, 0.0, 0.0, 0.0, 0.0, 0.2, 0.8, 0.0, 0.8, 0.2, 0.8, 0.8, 0.6, 0.8, 0.8, 1.0, 0.8, 0.8, 0.8, 0.0, 1.0, 1.0, 0.0, 0.0, 0.6, 0.4, 0.8, 0.6, 0.6, 1.0, 0.8, 0.0, 0.8, 1.0, 0.8, 0.6, 0.0, 0.6, 0.0, 0.0, 0.0, 1.0, 0.6, 0.2, 0.0, 0.0, 1.0, 0.8, 0.0, 1.0, 0.2, 1.0, 0.2, 1.0, 0.6, 0.8, 0.8, 0.0, 1.0, 1.0, 0.8, 0.6, 0.2, 0.0, 0.0, 0.0, 0.6, 0.8, 0.0, 0.0, 0.0, 0.0, 0.8, 1.0, 0.4, 0.0, 0.0, 0.0, 0.4, 1.0, 0.0, 0.0, 0.0, 0.0, 1.0, 1.0, 1.0, 0.4, 0.0, 0.0, 0.2, 1.0, 0.4, 0.8, 0.0, 0.2]"
KNN,37,8,"[0, 0, 1, 0, 0, 0, 0, 1, 1, 0, 0, 1, 0, 0, 0, 1, 1, 1, 1, 1, 0, 0, 0, 0, 0, 1, 0, 1, 1, 0, 0, 0, 0, 1, 0, 0, 1, 0, 0, 0, 0, 0, 0, 1, 1, 1, 0, 1, 1, 0, 1, 0, 0, 0, 1, 1, 1, 1, 1, 1, 0, 1, 1, 1, 1, 0, 0, 0, 0, 0, 1, 0, 1, 1, 0, 0, 0, 0, 0, 0, 1, 0, 0, 1, 0, 1, 0, 1, 1, 1, 0, 0, 1, 1, 1, 0, 0, 1, 1, 0, 0, 1, 0, 0, 0, 0, 1, 1, 0, 1, 1, 0, 0, 0, 0, 0, 0, 0, 0, 0, 1, 1, 1, 1, 0, 0, 1, 1, 0, 0, 1, 0, 0, 1, 0, 1, 1, 1, 1, 0, 0, 0, 0]","[0, 0, 1, 0, 0, 1, 0, 1, 0, 1, 0, 1, 0, 0, 0, 0, 0, 1, 1, 0, 0, 0, 0, 0, 0, 1, 0, 0, 1, 0, 0, 0, 0, 1, 0, 0, 1, 0, 0, 1, 0, 0, 0, 0, 0, 1, 0, 1, 0, 1, 1, 0, 0, 0, 1, 1, 1, 1, 1, 0, 0, 1, 1, 1, 1, 0, 0, 0, 0, 0, 1, 0, 0, 0, 0, 0, 0, 0, 0, 0, 1, 0, 0, 1, 0, 0, 0, 1, 1, 1, 1, 1, 0, 1, 1, 0, 0, 1, 1, 0, 0, 1, 0, 0, 0, 1, 1, 1, 0, 1, 1, 0, 1, 1, 0, 0, 0, 0, 0, 0, 1, 1, 1, 1, 0, 0, 0, 1, 0, 0, 1, 1, 1, 1, 0, 1, 1, 1, 0, 0, 0, 0, 1]","[0.0, 0.0, 1.0, 0.0, 0.4, 0.8, 0.0, 1.0, 0.2, 1.0, 0.0, 0.6, 0.0, 0.0, 0.0, 0.4, 0.4, 0.8, 1.0, 0.4, 0.0, 0.0, 0.0, 0.2, 0.0, 0.8, 0.0, 0.2, 1.0, 0.4, 0.0, 0.0, 0.2, 1.0, 0.0, 0.0, 0.8, 0.0, 0.0, 1.0, 0.4, 0.0, 0.4, 0.4, 0.0, 1.0, 0.2, 0.8, 0.4, 0.6, 1.0, 0.0, 0.0, 0.0, 0.8, 1.0, 1.0, 1.0, 1.0, 0.2, 0.0, 1.0, 1.0, 1.0, 0.6, 0.0, 0.0, 0.0, 0.0, 0.0, 0.8, 0.0, 0.0, 0.2, 0.0, 0.0, 0.0, 0.0, 0.2, 0.0, 1.0, 0.2, 0.4, 1.0, 0.0, 0.2, 0.2, 1.0, 1.0, 0.6, 1.0, 0.6, 0.4, 0.6, 0.8, 0.0, 0.0, 0.8, 0.8, 0.2, 0.0, 1.0, 0.0, 0.0, 0.0, 1.0, 0.8, 0.8, 0.2, 1.0, 1.0, 0.4, 0.8, 0.8, 0.2, 0.2, 0.0, 0.0, 0.4, 0.2, 1.0, 0.6, 1.0, 1.0, 0.0, 0.0, 0.2, 1.0, 0.0, 0.0, 1.0, 0.6, 0.8, 1.0, 0.0, 0.6, 1.0, 1.0, 0.4, 0.2, 0.2, 0.0, 0.8]"
KNN,38,8,"[0, 0, 1, 1, 0, 1, 0, 0, 1, 0, 0, 1, 0, 1, 0, 0, 0, 0, 1, 0, 1, 1, 1, 1, 0, 1, 1, 0, 1, 0, 0, 0, 0, 1, 0, 0, 0, 1, 1, 0, 0, 1, 1, 0, 1, 0, 0, 1, 0, 1, 0, 0, 0, 1, 1, 0, 0, 0, 1, 1, 0, 1, 0, 1, 0, 1, 0, 0, 1, 1, 1, 0, 0, 0, 0, 0, 1, 0, 0, 0, 1, 0, 0, 0, 0, 0, 1, 0, 1, 0, 1, 0, 0, 1, 1, 1, 1, 0, 1, 0, 1, 1, 0, 0, 0, 1, 1, 0, 0, 1, 0, 0, 0, 1, 0, 1, 0, 0, 1, 0, 1, 1, 0, 0, 1, 1, 0, 1, 0, 1, 0, 1, 1, 1, 0, 1, 1, 0, 0, 1, 0, 0, 1]","[0, 0, 1, 0, 0, 1, 1, 0, 1, 0, 0, 1, 1, 1, 0, 0, 0, 0, 1, 0, 1, 1, 1, 0, 0, 1, 1, 0, 1, 0, 0, 0, 0, 1, 0, 0, 0, 1, 0, 0, 0, 1, 1, 0, 1, 0, 0, 1, 0, 0, 1, 0, 0, 1, 0, 0, 0, 0, 1, 1, 0, 0, 1, 0, 0, 1, 0, 0, 1, 1, 0, 0, 0, 0, 0, 0, 1, 0, 0, 0, 1, 1, 0, 1, 0, 0, 1, 0, 1, 1, 1, 0, 1, 1, 1, 1, 0, 0, 1, 0, 1, 1, 0, 0, 0, 1, 0, 0, 0, 1, 0, 0, 0, 1, 0, 1, 1, 0, 1, 0, 1, 1, 0, 1, 1, 1, 0, 1, 1, 1, 0, 1, 1, 0, 0, 1, 1, 0, 0, 1, 0, 0, 1]","[0.2, 0.0, 1.0, 0.4, 0.0, 1.0, 1.0, 0.4, 0.8, 0.0, 0.0, 1.0, 1.0, 1.0, 0.0, 0.0, 0.0, 0.0, 0.8, 0.0, 1.0, 1.0, 1.0, 0.2, 0.0, 1.0, 1.0, 0.0, 0.6, 0.0, 0.0, 0.2, 0.0, 1.0, 0.0, 0.0, 0.2, 0.6, 0.4, 0.0, 0.0, 1.0, 1.0, 0.0, 0.8, 0.0, 0.4, 0.6, 0.0, 0.4, 1.0, 0.0, 0.2, 1.0, 0.0, 0.0, 0.0, 0.0, 0.8, 0.8, 0.0, 0.2, 0.8, 0.0, 0.0, 1.0, 0.2, 0.0, 0.8, 0.6, 0.0, 0.0, 0.0, 0.0, 0.0, 0.0, 1.0, 0.2, 0.2, 0.0, 1.0, 1.0, 0.0, 0.6, 0.0, 0.0, 1.0, 0.2, 0.8, 0.6, 1.0, 0.0, 0.6, 0.6, 1.0, 0.8, 0.2, 0.2, 0.8, 0.0, 1.0, 0.6, 0.2, 0.0, 0.0, 0.8, 0.4, 0.4, 0.0, 1.0, 0.0, 0.0, 0.0, 0.8, 0.0, 1.0, 1.0, 0.0, 1.0, 0.2, 0.6, 1.0, 0.4, 0.6, 1.0, 1.0, 0.0, 0.8, 1.0, 1.0, 0.0, 1.0, 1.0, 0.2, 0.0, 1.0, 1.0, 0.4, 0.4, 1.0, 0.0, 0.0, 0.6]"
KNN,39,8,"[1, 1, 0, 1, 0, 1, 0, 0, 0, 1, 0, 1, 0, 0, 1, 0, 0, 0, 1, 0, 0, 0, 1, 1, 1, 0, 1, 0, 0, 0, 0, 0, 0, 1, 1, 0, 1, 0, 1, 1, 0, 1, 1, 0, 0, 0, 1, 1, 1, 0, 0, 0, 1, 0, 1, 0, 0, 0, 0, 0, 0, 1, 0, 0, 0, 1, 0, 1, 0, 0, 1, 1, 1, 0, 0, 0, 0, 1, 1, 1, 0, 0, 0, 0, 1, 1, 1, 1, 0, 0, 0, 1, 0, 1, 0, 0, 0, 0, 0, 1, 0, 0, 0, 0, 1, 1, 1, 1, 1, 0, 0, 0, 0, 1, 1, 1, 0, 1, 1, 0, 0, 0, 1, 0, 1, 0, 0, 1, 0, 0, 1, 1, 0, 0, 0, 1, 0, 0, 0, 1, 1, 0, 0]","[0, 1, 1, 0, 1, 0, 0, 0, 0, 1, 1, 1, 0, 1, 1, 0, 0, 0, 1, 0, 0, 0, 1, 1, 1, 0, 1, 0, 0, 0, 0, 0, 0, 1, 1, 0, 1, 0, 1, 1, 0, 1, 0, 1, 0, 0, 1, 1, 1, 0, 0, 0, 0, 0, 0, 0, 0, 1, 0, 0, 0, 1, 0, 0, 0, 1, 0, 1, 0, 1, 1, 1, 0, 0, 0, 0, 0, 0, 1, 1, 0, 0, 0, 0, 1, 1, 1, 0, 0, 0, 0, 1, 0, 1, 0, 0, 0, 0, 1, 1, 0, 0, 0, 0, 1, 1, 0, 1, 0, 0, 0, 0, 1, 1, 1, 1, 0, 0, 1, 0, 1, 0, 1, 1, 1, 0, 0, 1, 0, 0, 1, 1, 0, 0, 0, 1, 0, 0, 0, 1, 1, 0, 0]","[0.2, 1.0, 0.6, 0.2, 0.8, 0.4, 0.0, 0.0, 0.0, 1.0, 1.0, 1.0, 0.0, 0.6, 1.0, 0.0, 0.0, 0.2, 1.0, 0.4, 0.0, 0.0, 0.8, 0.8, 0.8, 0.0, 0.8, 0.0, 0.0, 0.2, 0.0, 0.0, 0.0, 1.0, 0.8, 0.0, 1.0, 0.0, 1.0, 1.0, 0.0, 0.8, 0.0, 0.6, 0.4, 0.4, 1.0, 1.0, 1.0, 0.0, 0.0, 0.2, 0.4, 0.0, 0.2, 0.0, 0.0, 0.6, 0.0, 0.0, 0.0, 1.0, 0.0, 0.0, 0.0, 0.6, 0.0, 0.6, 0.0, 0.6, 0.8, 0.6, 0.4, 0.0, 0.0, 0.0, 0.0, 0.2, 1.0, 1.0, 0.0, 0.0, 0.0, 0.4, 0.8, 0.6, 0.8, 0.4, 0.2, 0.2, 0.0, 0.8, 0.0, 0.8, 0.0, 0.0, 0.0, 0.4, 0.8, 1.0, 0.0, 0.0, 0.0, 0.0, 0.8, 1.0, 0.4, 1.0, 0.0, 0.2, 0.0, 0.0, 0.8, 1.0, 1.0, 1.0, 0.0, 0.2, 1.0, 0.2, 0.8, 0.2, 1.0, 1.0, 0.8, 0.0, 0.0, 1.0, 0.4, 0.2, 0.6, 1.0, 0.0, 0.2, 0.0, 0.8, 0.2, 0.0, 0.0, 1.0, 0.8, 0.0, 0.0]"
KNN,40,8,"[0, 1, 1, 1, 0, 0, 0, 0, 0, 0, 0, 1, 0, 0, 1, 0, 0, 1, 0, 1, 0, 0, 0, 1, 0, 1, 1, 0, 0, 0, 0, 0, 1, 1, 1, 0, 1, 0, 0, 0, 1, 1, 1, 1, 0, 0, 1, 0, 0, 1, 0, 0, 1, 1, 0, 1, 0, 1, 0, 0, 0, 0, 1, 1, 0, 0, 0, 1, 1, 0, 1, 1, 1, 1, 1, 1, 1, 1, 0, 0, 1, 1, 0, 0, 1, 0, 1, 0, 1, 0, 1, 0, 0, 0, 1, 1, 0, 0, 0, 0, 0, 0, 1, 1, 1, 1, 0, 0, 1, 0, 0, 0, 0, 0, 1, 0, 0, 1, 1, 1, 0, 0, 1, 0, 0, 1, 1, 0, 0, 0, 1, 0, 0, 0, 0, 0, 0, 0, 1, 1, 0, 1, 1]","[0, 1, 0, 0, 0, 0, 0, 0, 0, 0, 1, 1, 0, 0, 1, 0, 0, 1, 0, 0, 0, 1, 0, 0, 0, 1, 1, 0, 0, 0, 0, 0, 0, 1, 1, 1, 1, 0, 0, 0, 1, 0, 1, 1, 0, 0, 1, 0, 0, 1, 0, 1, 1, 1, 0, 1, 0, 1, 0, 0, 0, 0, 1, 1, 0, 0, 1, 1, 1, 0, 1, 1, 1, 1, 1, 1, 1, 1, 1, 0, 1, 1, 0, 0, 1, 1, 1, 0, 1, 0, 0, 0, 0, 0, 1, 0, 0, 0, 0, 0, 0, 0, 1, 0, 1, 1, 0, 0, 1, 0, 0, 0, 0, 0, 0, 0, 0, 1, 1, 1, 0, 0, 1, 0, 1, 1, 1, 0, 0, 1, 1, 0, 0, 0, 1, 0, 0, 0, 1, 1, 0, 1, 0]","[0.2, 1.0, 0.2, 0.4, 0.2, 0.0, 0.2, 0.0, 0.0, 0.4, 1.0, 1.0, 0.0, 0.2, 1.0, 0.4, 0.0, 0.6, 0.0, 0.2, 0.0, 0.8, 0.0, 0.2, 0.0, 0.8, 0.8, 0.0, 0.4, 0.0, 0.0, 0.0, 0.4, 1.0, 0.6, 0.8, 0.8, 0.0, 0.0, 0.2, 0.6, 0.4, 0.8, 0.6, 0.2, 0.0, 1.0, 0.0, 0.0, 1.0, 0.0, 0.8, 0.6, 1.0, 0.0, 0.8, 0.0, 1.0, 0.2, 0.2, 0.0, 0.0, 0.8, 0.8, 0.0, 0.0, 0.6, 1.0, 0.8, 0.0, 1.0, 1.0, 1.0, 1.0, 1.0, 1.0, 0.8, 0.6, 0.6, 0.0, 1.0, 1.0, 0.0, 0.0, 0.8, 0.6, 1.0, 0.0, 1.0, 0.0, 0.4, 0.0, 0.0, 0.2, 1.0, 0.4, 0.0, 0.0, 0.4, 0.0, 0.2, 0.2, 0.6, 0.0, 1.0, 1.0, 0.2, 0.0, 0.8, 0.2, 0.0, 0.2, 0.2, 0.4, 0.2, 0.0, 0.0, 1.0, 1.0, 0.6, 0.0, 0.0, 1.0, 0.4, 0.8, 0.8, 1.0, 0.0, 0.0, 0.6, 1.0, 0.0, 0.0, 0.2, 1.0, 0.0, 0.0, 0.2, 1.0, 1.0, 0.0, 0.6, 0.4]"
KNN,41,9,"[1, 1, 1, 0, 0, 1, 1, 0, 0, 1, 1, 0, 1, 1, 0, 1, 1, 0, 0, 1, 0, 1, 0, 1, 1, 0, 1, 0, 1, 1, 0, 1, 0, 0, 1, 0, 0, 0, 0, 1, 1, 0, 0, 1, 1, 0, 0, 0, 0, 1, 1, 1, 0, 1, 0, 0, 0, 0, 0, 1, 0, 0, 0, 0, 1, 1, 1, 0, 1, 1, 0, 1, 0, 1, 1, 0, 0, 1, 0, 1, 1, 0, 0, 1, 1, 1, 0, 1, 0, 1, 1, 0, 0, 1, 1, 1, 1, 0, 0, 0, 1, 0, 0, 1, 1, 1, 1, 1, 1, 1, 0, 0, 1, 0, 0, 1, 1, 1, 1, 0, 1, 0, 0, 1, 0, 0, 1, 1, 1, 0, 1, 0, 1, 1, 1, 0, 1, 1, 0, 0, 0, 0, 1, 1]","[1, 0, 1, 0, 1, 1, 1, 1, 0, 1, 0, 1, 1, 1, 0, 1, 1, 0, 0, 0, 0, 1, 0, 1, 1, 0, 1, 0, 1, 1, 0, 1, 0, 0, 1, 0, 0, 0, 0, 1, 1, 0, 1, 1, 1, 0, 0, 0, 0, 1, 1, 1, 0, 0, 0, 0, 0, 0, 0, 1, 0, 0, 0, 0, 1, 1, 1, 0, 1, 1, 0, 1, 0, 0, 1, 0, 0, 1, 0, 1, 0, 0, 1, 1, 1, 1, 0, 1, 0, 1, 1, 0, 0, 0, 1, 1, 1, 0, 0, 0, 0, 0, 0, 1, 1, 0, 0, 1, 1, 1, 0, 0, 1, 0, 0, 1, 1, 1, 1, 0, 0, 0, 0, 1, 0, 0, 1, 1, 0, 0, 1, 0, 1, 1, 1, 1, 0, 0, 0, 0, 0, 0, 1, 1]","[1.0, 0.0, 0.8, 0.0, 0.8, 1.0, 1.0, 0.6, 0.2, 1.0, 0.4, 1.0, 1.0, 1.0, 0.0, 1.0, 0.8, 0.0, 0.0, 0.2, 0.0, 0.8, 0.2, 0.8, 1.0, 0.2, 0.8, 0.0, 0.8, 1.0, 0.0, 0.8, 0.0, 0.0, 1.0, 0.0, 0.4, 0.0, 0.2, 0.6, 0.6, 0.0, 0.6, 0.6, 1.0, 0.0, 0.4, 0.0, 0.0, 0.8, 1.0, 1.0, 0.0, 0.4, 0.0, 0.0, 0.0, 0.0, 0.0, 0.8, 0.0, 0.0, 0.0, 0.0, 1.0, 0.8, 1.0, 0.0, 1.0, 0.6, 0.0, 0.8, 0.0, 0.4, 0.8, 0.0, 0.0, 0.6, 0.4, 1.0, 0.0, 0.0, 0.6, 1.0, 1.0, 0.8, 0.0, 1.0, 0.0, 0.8, 1.0, 0.0, 0.0, 0.2, 1.0, 0.6, 1.0, 0.0, 0.0, 0.0, 0.0, 0.2, 0.0, 1.0, 0.8, 0.4, 0.2, 0.8, 1.0, 1.0, 0.2, 0.0, 0.6, 0.2, 0.0, 1.0, 0.8, 0.6, 1.0, 0.0, 0.4, 0.0, 0.0, 0.8, 0.2, 0.0, 0.6, 0.8, 0.2, 0.0, 0.6, 0.0, 1.0, 1.0, 1.0, 1.0, 0.2, 0.2, 0.0, 0.0, 0.2, 0.2, 0.8, 0.6]"
KNN,42,9,"[0, 1, 0, 0, 0, 1, 0, 0, 1, 1, 1, 0, 0, 0, 0, 0, 1, 1, 0, 0, 1, 1, 0, 0, 1, 1, 0, 0, 0, 0, 0, 0, 0, 1, 0, 1, 0, 1, 0, 1, 1, 0, 1, 0, 0, 1, 0, 1, 1, 0, 0, 0, 0, 1, 0, 1, 1, 0, 1, 1, 1, 0, 0, 1, 0, 1, 0, 0, 0, 1, 0, 1, 1, 1, 0, 0, 1, 1, 0, 1, 1, 1, 1, 0, 0, 0, 0, 0, 1, 0, 0, 1, 0, 1, 0, 0, 1, 1, 1, 0, 1, 0, 1, 1, 0, 1, 1, 0, 0, 0, 0, 0, 1, 1, 0, 1, 1, 0, 1, 0, 0, 0, 1, 1, 0, 0, 1, 0, 0, 0, 0, 1, 0, 0, 1, 1, 1, 1, 0, 0, 1, 1, 1]","[0, 1, 0, 1, 1, 1, 0, 0, 0, 1, 0, 1, 0, 0, 0, 0, 1, 0, 0, 0, 1, 1, 0, 0, 1, 1, 1, 0, 0, 0, 0, 0, 0, 1, 0, 1, 0, 1, 0, 1, 1, 0, 1, 0, 1, 1, 1, 0, 1, 0, 0, 0, 0, 1, 0, 1, 1, 0, 1, 0, 1, 0, 0, 1, 0, 1, 0, 1, 0, 1, 0, 1, 1, 1, 1, 0, 1, 1, 0, 1, 1, 1, 1, 0, 0, 0, 1, 0, 0, 0, 0, 1, 0, 1, 0, 1, 1, 1, 1, 0, 0, 0, 1, 1, 0, 0, 1, 0, 0, 1, 1, 0, 0, 1, 1, 1, 1, 0, 1, 0, 0, 0, 1, 1, 0, 0, 1, 1, 0, 0, 1, 1, 0, 0, 1, 1, 1, 1, 0, 0, 1, 1, 1]","[0.2, 1.0, 0.0, 0.6, 0.8, 1.0, 0.0, 0.2, 0.0, 1.0, 0.4, 0.8, 0.0, 0.0, 0.0, 0.0, 0.8, 0.2, 0.0, 0.4, 1.0, 0.6, 0.0, 0.0, 0.8, 1.0, 0.8, 0.0, 0.0, 0.4, 0.0, 0.0, 0.0, 1.0, 0.0, 1.0, 0.2, 0.8, 0.0, 1.0, 1.0, 0.2, 0.8, 0.2, 0.6, 1.0, 0.6, 0.2, 0.6, 0.0, 0.0, 0.0, 0.0, 0.6, 0.0, 0.8, 1.0, 0.2, 0.8, 0.0, 0.8, 0.0, 0.0, 1.0, 0.2, 0.8, 0.2, 0.6, 0.4, 1.0, 0.0, 1.0, 1.0, 1.0, 0.6, 0.4, 0.8, 0.6, 0.2, 1.0, 0.6, 1.0, 0.8, 0.2, 0.0, 0.2, 0.6, 0.0, 0.2, 0.0, 0.4, 0.8, 0.0, 0.6, 0.2, 1.0, 1.0, 0.8, 0.6, 0.0, 0.4, 0.2, 1.0, 1.0, 0.0, 0.0, 1.0, 0.4, 0.0, 0.6, 0.8, 0.4, 0.4, 1.0, 0.6, 1.0, 0.6, 0.0, 1.0, 0.0, 0.2, 0.0, 0.8, 1.0, 0.0, 0.4, 1.0, 1.0, 0.0, 0.0, 0.8, 1.0, 0.0, 0.0, 0.8, 1.0, 1.0, 0.8, 0.2, 0.2, 0.8, 1.0, 0.8]"
KNN,43,9,"[0, 0, 0, 0, 0, 0, 0, 0, 0, 0, 0, 1, 0, 1, 0, 0, 0, 1, 0, 0, 1, 0, 0, 0, 0, 1, 1, 0, 0, 0, 1, 0, 1, 0, 0, 1, 0, 0, 1, 1, 0, 1, 1, 0, 0, 0, 0, 1, 1, 0, 1, 1, 0, 0, 1, 1, 0, 1, 1, 0, 0, 0, 0, 1, 1, 0, 0, 0, 1, 0, 1, 0, 1, 0, 0, 0, 1, 1, 1, 1, 1, 0, 0, 0, 1, 1, 1, 1, 0, 0, 0, 1, 0, 1, 1, 1, 0, 1, 0, 1, 0, 1, 0, 1, 0, 0, 0, 1, 0, 1, 1, 0, 1, 0, 0, 0, 1, 1, 0, 0, 1, 0, 0, 1, 1, 0, 1, 1, 1, 0, 0, 1, 1, 1, 1, 1, 0, 1, 1, 0, 0, 0, 0]","[0, 0, 0, 1, 0, 0, 0, 0, 0, 0, 0, 1, 0, 1, 0, 0, 0, 0, 0, 0, 1, 0, 0, 0, 0, 1, 0, 0, 0, 0, 1, 0, 1, 0, 0, 1, 0, 1, 0, 1, 0, 1, 1, 0, 0, 0, 0, 0, 1, 0, 1, 1, 0, 0, 1, 1, 0, 1, 0, 0, 0, 0, 1, 0, 1, 0, 0, 0, 0, 0, 0, 1, 1, 0, 0, 0, 1, 1, 1, 0, 1, 0, 0, 1, 1, 0, 1, 1, 1, 1, 0, 1, 1, 1, 1, 1, 0, 1, 0, 0, 0, 1, 0, 1, 0, 1, 0, 1, 0, 1, 1, 0, 1, 0, 0, 1, 1, 0, 0, 0, 1, 0, 0, 1, 1, 0, 1, 1, 1, 0, 0, 1, 1, 1, 1, 1, 1, 1, 1, 0, 0, 1, 0]","[0.4, 0.0, 0.0, 0.6, 0.0, 0.0, 0.0, 0.2, 0.0, 0.0, 0.0, 0.8, 0.0, 1.0, 0.0, 0.0, 0.0, 0.4, 0.0, 0.0, 1.0, 0.0, 0.0, 0.0, 0.0, 1.0, 0.4, 0.2, 0.0, 0.0, 0.8, 0.2, 1.0, 0.0, 0.2, 1.0, 0.0, 0.6, 0.4, 1.0, 0.2, 1.0, 1.0, 0.0, 0.2, 0.0, 0.0, 0.2, 1.0, 0.2, 1.0, 1.0, 0.0, 0.0, 1.0, 1.0, 0.0, 1.0, 0.2, 0.0, 0.2, 0.2, 1.0, 0.4, 1.0, 0.0, 0.0, 0.0, 0.0, 0.0, 0.2, 1.0, 0.8, 0.0, 0.0, 0.0, 1.0, 1.0, 0.8, 0.4, 0.8, 0.2, 0.0, 0.6, 0.6, 0.2, 1.0, 1.0, 1.0, 1.0, 0.0, 0.6, 0.8, 1.0, 0.6, 0.8, 0.0, 0.8, 0.0, 0.4, 0.2, 0.8, 0.0, 1.0, 0.0, 1.0, 0.0, 1.0, 0.0, 0.8, 0.8, 0.0, 0.8, 0.0, 0.0, 0.8, 0.8, 0.4, 0.0, 0.2, 1.0, 0.2, 0.0, 0.6, 1.0, 0.0, 1.0, 1.0, 0.6, 0.2, 0.4, 1.0, 0.8, 1.0, 0.8, 1.0, 0.8, 1.0, 0.6, 0.0, 0.0, 0.8, 0.0]"
KNN,44,9,"[0, 0, 1, 1, 0, 1, 0, 0, 1, 1, 1, 0, 1, 0, 1, 1, 0, 0, 1, 0, 1, 1, 0, 1, 1, 1, 0, 1, 0, 1, 0, 1, 0, 1, 0, 0, 0, 1, 0, 0, 0, 0, 1, 1, 0, 0, 1, 1, 0, 1, 0, 0, 1, 1, 0, 0, 0, 0, 0, 0, 1, 0, 1, 0, 1, 0, 0, 0, 1, 0, 0, 0, 0, 0, 1, 0, 0, 0, 0, 0, 0, 0, 0, 0, 1, 0, 1, 0, 1, 0, 0, 1, 0, 0, 1, 0, 0, 0, 0, 0, 0, 1, 0, 0, 1, 0, 0, 1, 0, 0, 0, 0, 0, 0, 0, 1, 0, 0, 0, 0, 0, 0, 1, 0, 0, 0, 1, 1, 0, 0, 0, 0, 0, 1, 0, 0, 0, 1, 1, 0, 0, 0, 0]","[0, 1, 0, 0, 0, 1, 1, 0, 1, 1, 1, 1, 1, 0, 1, 1, 0, 0, 1, 1, 1, 0, 0, 1, 1, 0, 0, 1, 0, 1, 0, 0, 0, 1, 0, 0, 0, 1, 0, 0, 0, 0, 0, 0, 0, 0, 0, 0, 0, 1, 0, 0, 1, 1, 0, 1, 0, 1, 1, 0, 1, 0, 0, 0, 1, 0, 0, 0, 1, 0, 0, 0, 0, 0, 1, 0, 0, 1, 0, 0, 0, 0, 0, 0, 1, 0, 1, 1, 1, 0, 0, 0, 0, 0, 1, 0, 0, 0, 0, 0, 0, 1, 0, 0, 1, 0, 0, 1, 1, 0, 0, 0, 0, 0, 1, 1, 0, 0, 0, 0, 1, 0, 0, 0, 0, 0, 1, 0, 0, 0, 0, 0, 0, 1, 0, 0, 0, 1, 1, 0, 0, 0, 0]","[0.0, 0.8, 0.2, 0.2, 0.0, 1.0, 1.0, 0.0, 0.8, 0.8, 1.0, 0.8, 1.0, 0.0, 1.0, 0.8, 0.0, 0.0, 1.0, 0.8, 1.0, 0.2, 0.0, 1.0, 1.0, 0.2, 0.0, 1.0, 0.0, 0.6, 0.2, 0.4, 0.2, 0.8, 0.0, 0.0, 0.0, 1.0, 0.0, 0.0, 0.0, 0.0, 0.4, 0.2, 0.0, 0.0, 0.0, 0.0, 0.0, 0.6, 0.0, 0.0, 1.0, 0.6, 0.0, 1.0, 0.0, 1.0, 0.6, 0.0, 0.8, 0.0, 0.0, 0.0, 0.8, 0.0, 0.0, 0.0, 0.8, 0.0, 0.0, 0.0, 0.0, 0.0, 1.0, 0.2, 0.0, 1.0, 0.2, 0.0, 0.0, 0.0, 0.0, 0.0, 0.8, 0.0, 0.6, 0.6, 1.0, 0.0, 0.4, 0.4, 0.0, 0.2, 0.6, 0.0, 0.0, 0.0, 0.0, 0.2, 0.4, 0.6, 0.0, 0.0, 1.0, 0.2, 0.0, 1.0, 1.0, 0.0, 0.0, 0.0, 0.0, 0.0, 1.0, 1.0, 0.0, 0.2, 0.0, 0.0, 0.6, 0.0, 0.0, 0.0, 0.0, 0.0, 1.0, 0.4, 0.0, 0.2, 0.0, 0.2, 0.0, 1.0, 0.0, 0.0, 0.0, 1.0, 1.0, 0.2, 0.0, 0.0, 0.0]"
KNN,45,9,"[0, 1, 1, 0, 1, 1, 0, 0, 0, 0, 0, 0, 0, 0, 1, 1, 0, 0, 0, 1, 1, 0, 0, 1, 0, 0, 1, 0, 0, 0, 1, 0, 0, 0, 1, 0, 0, 0, 0, 0, 0, 0, 0, 0, 1, 1, 1, 1, 1, 0, 0, 0, 0, 1, 1, 0, 0, 0, 1, 1, 1, 1, 1, 0, 0, 0, 0, 1, 0, 1, 1, 0, 0, 1, 0, 1, 1, 1, 1, 1, 0, 0, 0, 0, 0, 1, 1, 0, 0, 1, 1, 0, 1, 0, 1, 1, 0, 1, 0, 0, 1, 1, 0, 0, 1, 0, 0, 1, 0, 0, 1, 0, 1, 0, 0, 0, 0, 0, 1, 0, 0, 1, 1, 1, 1, 0, 1, 0, 0, 0, 0, 1, 0, 0, 0, 0, 0, 1, 1, 0, 0, 1, 0]","[0, 1, 0, 1, 0, 0, 1, 0, 0, 0, 0, 1, 0, 0, 1, 1, 1, 1, 0, 1, 1, 0, 0, 0, 0, 0, 1, 0, 0, 0, 1, 0, 0, 0, 1, 0, 0, 0, 0, 0, 1, 0, 0, 0, 1, 1, 1, 1, 1, 0, 0, 0, 0, 0, 1, 0, 0, 0, 1, 1, 1, 1, 1, 0, 1, 0, 0, 1, 0, 1, 1, 0, 0, 1, 0, 1, 0, 1, 1, 1, 0, 0, 0, 0, 0, 1, 1, 0, 1, 1, 1, 0, 0, 0, 1, 1, 0, 1, 0, 0, 1, 1, 0, 0, 1, 0, 0, 1, 1, 0, 1, 0, 0, 0, 0, 0, 1, 0, 0, 0, 0, 1, 1, 1, 1, 1, 1, 1, 0, 0, 0, 1, 0, 1, 0, 1, 1, 1, 1, 0, 0, 1, 0]","[0.4, 1.0, 0.2, 0.8, 0.4, 0.2, 1.0, 0.0, 0.0, 0.0, 0.2, 1.0, 0.0, 0.0, 0.6, 0.8, 0.6, 0.8, 0.4, 0.8, 1.0, 0.4, 0.0, 0.2, 0.2, 0.0, 0.8, 0.0, 0.0, 0.0, 1.0, 0.0, 0.0, 0.4, 0.8, 0.0, 0.0, 0.0, 0.0, 0.2, 1.0, 0.2, 0.0, 0.4, 0.8, 1.0, 0.6, 1.0, 1.0, 0.0, 0.0, 0.0, 0.0, 0.0, 1.0, 0.0, 0.0, 0.0, 0.6, 0.8, 1.0, 1.0, 0.8, 0.0, 0.6, 0.0, 0.0, 0.8, 0.0, 0.8, 0.8, 0.0, 0.0, 1.0, 0.0, 1.0, 0.4, 1.0, 1.0, 1.0, 0.0, 0.0, 0.0, 0.4, 0.0, 1.0, 1.0, 0.0, 0.8, 0.6, 0.6, 0.0, 0.2, 0.2, 1.0, 1.0, 0.0, 0.8, 0.0, 0.0, 0.8, 1.0, 0.2, 0.0, 1.0, 0.2, 0.4, 0.8, 0.6, 0.0, 1.0, 0.2, 0.2, 0.2, 0.4, 0.4, 0.8, 0.4, 0.4, 0.0, 0.0, 1.0, 0.6, 1.0, 0.8, 0.6, 1.0, 0.6, 0.0, 0.0, 0.0, 1.0, 0.0, 0.6, 0.0, 1.0, 0.6, 0.8, 1.0, 0.0, 0.0, 0.6, 0.2]"
KNN,46,10,"[0, 1, 1, 0, 1, 0, 0, 1, 1, 0, 1, 1, 0, 0, 0, 1, 0, 1, 0, 0, 0, 1, 0, 0, 1, 0, 0, 0, 0, 1, 0, 0, 0, 0, 0, 1, 0, 0, 0, 0, 1, 0, 1, 0, 0, 0, 0, 0, 0, 0, 1, 1, 1, 1, 1, 0, 1, 0, 0, 0, 1, 0, 0, 0, 0, 1, 0, 1, 1, 0, 0, 1, 0, 1, 0, 1, 1, 0, 0, 1, 1, 0, 0, 1, 1, 1, 1, 1, 1, 1, 1, 1, 1, 0, 1, 1, 1, 1, 0, 0, 0, 1, 1, 0, 1, 1, 0, 1, 1, 1, 0, 0, 0, 1, 1, 1, 0, 0, 0, 0, 1, 0, 0, 0, 0, 0, 0, 0, 0, 1, 1, 0, 0, 0, 1, 0, 1, 0, 1, 0, 0, 1, 0, 1]","[1, 1, 0, 0, 1, 1, 0, 1, 1, 0, 0, 1, 0, 0, 1, 1, 0, 1, 0, 1, 0, 0, 0, 0, 1, 0, 0, 0, 0, 1, 0, 0, 0, 0, 0, 1, 0, 0, 0, 0, 0, 0, 0, 0, 0, 0, 0, 0, 1, 1, 1, 1, 1, 0, 1, 0, 1, 0, 0, 0, 1, 0, 0, 0, 1, 1, 0, 1, 1, 0, 0, 1, 0, 1, 1, 1, 0, 0, 0, 1, 1, 1, 1, 1, 1, 1, 1, 1, 1, 1, 1, 1, 1, 0, 1, 1, 1, 1, 1, 0, 0, 1, 1, 0, 1, 0, 0, 1, 0, 1, 0, 0, 0, 1, 1, 1, 0, 0, 0, 0, 1, 0, 0, 0, 0, 0, 0, 0, 0, 1, 0, 1, 0, 0, 1, 0, 1, 0, 1, 0, 0, 1, 0, 1]","[0.8, 1.0, 0.0, 0.0, 1.0, 0.6, 0.0, 1.0, 1.0, 0.4, 0.2, 0.6, 0.0, 0.4, 0.6, 1.0, 0.0, 1.0, 0.0, 0.6, 0.0, 0.2, 0.4, 0.0, 0.6, 0.0, 0.0, 0.2, 0.0, 1.0, 0.2, 0.0, 0.2, 0.0, 0.0, 0.8, 0.0, 0.0, 0.2, 0.0, 0.4, 0.0, 0.0, 0.0, 0.0, 0.0, 0.4, 0.0, 0.6, 0.6, 0.6, 1.0, 1.0, 0.2, 0.8, 0.0, 1.0, 0.2, 0.0, 0.0, 0.8, 0.0, 0.0, 0.0, 1.0, 0.8, 0.0, 0.8, 0.8, 0.4, 0.0, 1.0, 0.0, 0.8, 0.8, 1.0, 0.0, 0.0, 0.0, 0.6, 0.8, 0.6, 0.8, 0.6, 0.8, 0.8, 0.8, 0.8, 1.0, 0.6, 0.8, 0.8, 0.8, 0.0, 0.6, 0.6, 1.0, 0.8, 1.0, 0.0, 0.0, 0.8, 0.6, 0.0, 1.0, 0.4, 0.0, 0.8, 0.4, 1.0, 0.4, 0.4, 0.0, 1.0, 0.6, 1.0, 0.2, 0.0, 0.4, 0.0, 0.8, 0.0, 0.0, 0.0, 0.0, 0.4, 0.4, 0.2, 0.0, 1.0, 0.2, 0.8, 0.0, 0.0, 1.0, 0.0, 0.8, 0.0, 0.8, 0.4, 0.0, 0.8, 0.0, 0.6]"
KNN,47,10,"[0, 0, 1, 0, 1, 0, 0, 0, 1, 1, 0, 1, 1, 0, 0, 0, 1, 0, 1, 1, 0, 1, 1, 1, 0, 0, 0, 0, 1, 1, 1, 0, 0, 0, 0, 1, 0, 0, 1, 0, 0, 1, 0, 1, 0, 1, 1, 0, 0, 0, 1, 0, 1, 0, 0, 0, 0, 0, 0, 1, 0, 1, 0, 1, 0, 1, 0, 0, 0, 1, 1, 0, 1, 1, 0, 0, 0, 0, 0, 0, 0, 1, 1, 1, 0, 1, 1, 1, 0, 0, 0, 0, 0, 1, 0, 0, 1, 0, 1, 0, 1, 1, 0, 1, 1, 0, 0, 1, 0, 0, 0, 1, 1, 1, 0, 1, 1, 1, 0, 1, 0, 0, 0, 1, 1, 0, 1, 0, 1, 0, 1, 0, 0, 1, 0, 1, 0, 1, 0, 0, 0, 1, 0]","[1, 0, 1, 0, 0, 1, 0, 0, 0, 0, 1, 1, 1, 0, 0, 0, 0, 0, 1, 0, 0, 1, 1, 1, 0, 0, 0, 0, 1, 1, 1, 0, 0, 0, 0, 1, 0, 0, 1, 0, 0, 0, 0, 0, 0, 0, 1, 0, 0, 0, 0, 0, 0, 0, 0, 0, 0, 0, 0, 1, 0, 1, 0, 1, 0, 0, 0, 0, 0, 1, 1, 0, 1, 0, 0, 0, 0, 0, 0, 0, 1, 1, 1, 1, 1, 1, 1, 0, 0, 0, 0, 0, 0, 1, 0, 0, 1, 0, 1, 0, 1, 1, 0, 1, 1, 0, 0, 0, 0, 0, 0, 1, 1, 1, 0, 1, 1, 1, 0, 1, 0, 0, 0, 1, 1, 0, 1, 0, 1, 1, 1, 0, 0, 0, 0, 1, 0, 1, 0, 0, 1, 1, 0]","[0.8, 0.0, 1.0, 0.2, 0.2, 0.8, 0.0, 0.4, 0.4, 0.4, 1.0, 1.0, 1.0, 0.0, 0.0, 0.0, 0.2, 0.0, 0.8, 0.2, 0.0, 0.8, 1.0, 1.0, 0.2, 0.0, 0.4, 0.0, 0.8, 1.0, 0.8, 0.0, 0.0, 0.2, 0.0, 0.8, 0.0, 0.0, 1.0, 0.0, 0.0, 0.4, 0.2, 0.0, 0.4, 0.4, 1.0, 0.0, 0.0, 0.2, 0.4, 0.0, 0.4, 0.0, 0.0, 0.0, 0.0, 0.0, 0.2, 0.6, 0.0, 0.6, 0.0, 1.0, 0.0, 0.2, 0.4, 0.0, 0.2, 1.0, 0.8, 0.0, 0.6, 0.2, 0.0, 0.0, 0.0, 0.0, 0.2, 0.2, 0.8, 1.0, 1.0, 1.0, 0.6, 1.0, 1.0, 0.4, 0.0, 0.0, 0.2, 0.0, 0.0, 1.0, 0.2, 0.0, 1.0, 0.0, 0.8, 0.2, 0.6, 1.0, 0.4, 1.0, 1.0, 0.2, 0.2, 0.4, 0.0, 0.2, 0.0, 0.6, 1.0, 1.0, 0.0, 1.0, 0.8, 1.0, 0.0, 1.0, 0.4, 0.0, 0.0, 0.8, 1.0, 0.0, 0.8, 0.0, 1.0, 1.0, 1.0, 0.0, 0.4, 0.0, 0.0, 0.8, 0.2, 1.0, 0.2, 0.2, 0.8, 0.8, 0.0]"
KNN,48,10,"[0, 1, 1, 1, 1, 0, 0, 0, 0, 0, 0, 0, 0, 0, 0, 1, 0, 0, 1, 1, 0, 0, 1, 1, 1, 1, 0, 1, 0, 1, 1, 0, 0, 0, 0, 1, 0, 0, 1, 1, 1, 0, 0, 1, 1, 1, 0, 0, 0, 1, 1, 0, 1, 0, 1, 1, 0, 1, 0, 1, 0, 0, 0, 0, 1, 0, 1, 0, 1, 1, 0, 1, 0, 0, 1, 0, 0, 0, 1, 1, 0, 0, 1, 1, 0, 1, 0, 1, 1, 0, 1, 0, 1, 0, 1, 0, 1, 0, 1, 1, 1, 1, 1, 0, 1, 1, 0, 0, 0, 0, 1, 0, 0, 1, 1, 0, 1, 0, 1, 0, 0, 1, 1, 1, 1, 0, 1, 0, 1, 1, 1, 1, 1, 1, 0, 1, 0, 0, 1, 0, 0, 1, 0]","[0, 0, 1, 0, 1, 1, 0, 1, 0, 0, 0, 0, 0, 0, 0, 1, 0, 0, 1, 1, 0, 0, 1, 1, 1, 0, 0, 1, 0, 0, 1, 0, 0, 0, 0, 1, 1, 0, 1, 1, 1, 0, 0, 1, 0, 1, 0, 0, 0, 1, 0, 1, 1, 0, 1, 1, 0, 0, 0, 0, 1, 0, 0, 0, 1, 0, 1, 0, 1, 1, 0, 1, 0, 0, 1, 0, 0, 0, 1, 1, 0, 0, 1, 1, 1, 1, 0, 0, 1, 0, 1, 1, 1, 0, 0, 1, 0, 0, 0, 1, 1, 1, 1, 0, 0, 1, 0, 0, 1, 1, 1, 0, 0, 1, 1, 0, 1, 0, 1, 0, 0, 1, 0, 1, 1, 0, 1, 0, 1, 1, 1, 1, 1, 1, 0, 1, 0, 0, 1, 0, 0, 1, 0]","[0.0, 0.2, 1.0, 0.4, 1.0, 1.0, 0.0, 1.0, 0.0, 0.0, 0.0, 0.0, 0.0, 0.0, 0.2, 0.8, 0.0, 0.0, 1.0, 1.0, 0.0, 0.0, 0.6, 0.6, 0.8, 0.2, 0.0, 1.0, 0.0, 0.4, 1.0, 0.0, 0.2, 0.0, 0.0, 0.6, 1.0, 0.0, 0.8, 1.0, 1.0, 0.0, 0.2, 0.6, 0.4, 1.0, 0.0, 0.0, 0.0, 0.8, 0.0, 0.8, 1.0, 0.0, 0.8, 0.8, 0.0, 0.0, 0.0, 0.2, 0.6, 0.0, 0.0, 0.0, 1.0, 0.2, 0.6, 0.0, 1.0, 0.8, 0.0, 1.0, 0.0, 0.2, 1.0, 0.0, 0.2, 0.0, 1.0, 1.0, 0.4, 0.0, 0.6, 1.0, 0.6, 0.8, 0.0, 0.0, 0.8, 0.0, 1.0, 0.6, 1.0, 0.0, 0.4, 1.0, 0.0, 0.0, 0.4, 0.8, 0.8, 1.0, 1.0, 0.0, 0.0, 0.8, 0.2, 0.0, 0.6, 0.8, 0.8, 0.2, 0.4, 1.0, 1.0, 0.4, 1.0, 0.0, 1.0, 0.0, 0.0, 1.0, 0.4, 1.0, 0.6, 0.0, 1.0, 0.0, 0.6, 1.0, 1.0, 1.0, 1.0, 1.0, 0.2, 1.0, 0.0, 0.0, 0.8, 0.0, 0.0, 1.0, 0.0]"
KNN,49,10,"[0, 0, 0, 0, 0, 1, 0, 0, 0, 1, 0, 1, 0, 0, 0, 0, 1, 0, 1, 0, 1, 0, 0, 1, 0, 0, 1, 0, 0, 0, 1, 0, 0, 0, 0, 0, 1, 0, 0, 0, 0, 0, 0, 0, 1, 1, 0, 1, 0, 1, 1, 0, 0, 0, 0, 1, 0, 1, 1, 0, 1, 0, 1, 0, 1, 1, 0, 1, 0, 0, 1, 0, 1, 1, 1, 1, 0, 0, 0, 0, 0, 0, 0, 1, 0, 0, 0, 0, 1, 1, 1, 0, 0, 1, 1, 0, 0, 0, 0, 0, 1, 1, 0, 0, 1, 0, 0, 0, 0, 0, 0, 0, 1, 0, 1, 0, 1, 0, 0, 0, 0, 0, 0, 0, 0, 0, 1, 0, 0, 1, 1, 0, 1, 0, 1, 1, 1, 0, 0, 0, 0, 1, 1]","[0, 1, 0, 0, 0, 0, 1, 0, 0, 1, 0, 1, 1, 1, 0, 0, 1, 0, 1, 1, 1, 0, 0, 1, 0, 0, 1, 1, 0, 1, 1, 0, 0, 0, 0, 0, 1, 0, 0, 0, 0, 0, 0, 0, 1, 1, 0, 1, 0, 1, 1, 0, 0, 0, 0, 1, 1, 0, 1, 0, 1, 0, 1, 0, 1, 1, 0, 1, 0, 0, 1, 1, 1, 1, 1, 1, 0, 0, 0, 0, 0, 1, 0, 1, 0, 0, 1, 1, 1, 1, 1, 1, 0, 0, 0, 0, 0, 0, 0, 0, 0, 1, 0, 0, 1, 0, 0, 0, 0, 0, 0, 0, 0, 0, 1, 0, 0, 0, 0, 1, 0, 0, 1, 0, 1, 0, 1, 0, 0, 0, 1, 0, 1, 0, 1, 0, 1, 0, 0, 0, 0, 1, 1]","[0.2, 0.6, 0.0, 0.0, 0.0, 0.2, 0.6, 0.0, 0.2, 0.8, 0.0, 1.0, 1.0, 1.0, 0.0, 0.0, 1.0, 0.0, 0.8, 0.8, 1.0, 0.0, 0.0, 0.8, 0.0, 0.0, 0.8, 0.6, 0.0, 0.6, 1.0, 0.4, 0.4, 0.4, 0.0, 0.0, 1.0, 0.0, 0.2, 0.4, 0.4, 0.0, 0.4, 0.0, 0.8, 1.0, 0.0, 1.0, 0.0, 0.6, 1.0, 0.0, 0.0, 0.0, 0.0, 1.0, 0.8, 0.0, 0.8, 0.0, 0.8, 0.2, 0.6, 0.0, 0.8, 1.0, 0.0, 0.8, 0.0, 0.0, 1.0, 0.6, 1.0, 0.6, 0.8, 0.8, 0.0, 0.0, 0.0, 0.0, 0.0, 0.8, 0.2, 1.0, 0.0, 0.0, 0.6, 0.8, 0.8, 0.8, 1.0, 0.6, 0.0, 0.4, 0.4, 0.0, 0.2, 0.2, 0.2, 0.0, 0.4, 1.0, 0.0, 0.4, 0.8, 0.2, 0.0, 0.0, 0.2, 0.0, 0.0, 0.0, 0.4, 0.4, 1.0, 0.0, 0.2, 0.0, 0.0, 0.8, 0.4, 0.4, 1.0, 0.0, 0.8, 0.2, 0.6, 0.0, 0.0, 0.4, 1.0, 0.0, 1.0, 0.0, 1.0, 0.4, 1.0, 0.0, 0.2, 0.0, 0.0, 1.0, 0.8]"
KNN,50,10,"[1, 0, 1, 0, 1, 1, 0, 0, 0, 0, 1, 1, 0, 1, 1, 0, 0, 1, 0, 1, 1, 1, 1, 0, 1, 1, 0, 0, 0, 1, 0, 0, 0, 1, 0, 1, 1, 1, 0, 1, 0, 1, 0, 1, 1, 1, 0, 0, 1, 1, 1, 0, 0, 0, 1, 1, 0, 1, 1, 0, 1, 1, 0, 0, 0, 0, 0, 0, 0, 1, 0, 1, 1, 0, 1, 0, 0, 1, 1, 1, 1, 0, 1, 0, 1, 0, 1, 0, 1, 0, 0, 1, 1, 0, 1, 0, 0, 1, 0, 0, 0, 0, 0, 0, 1, 0, 0, 0, 1, 0, 0, 1, 0, 0, 1, 1, 1, 1, 0, 0, 0, 1, 0, 0, 0, 0, 0, 0, 1, 1, 0, 1, 0, 0, 0, 0, 0, 0, 0, 1, 0, 0, 1]","[1, 0, 1, 0, 0, 0, 1, 0, 0, 0, 1, 1, 0, 1, 1, 0, 0, 1, 0, 0, 0, 1, 1, 0, 1, 1, 0, 0, 0, 1, 0, 0, 0, 1, 0, 1, 1, 1, 0, 1, 0, 1, 0, 1, 0, 1, 0, 0, 1, 1, 1, 0, 0, 1, 1, 1, 0, 0, 1, 0, 1, 1, 0, 0, 0, 0, 0, 0, 0, 1, 0, 1, 1, 0, 1, 0, 0, 1, 1, 1, 1, 0, 0, 0, 0, 1, 1, 1, 1, 0, 0, 1, 1, 0, 0, 0, 0, 1, 0, 0, 0, 0, 0, 0, 1, 0, 0, 0, 1, 0, 1, 1, 0, 0, 1, 1, 1, 0, 0, 0, 0, 1, 0, 0, 1, 1, 0, 0, 1, 0, 0, 1, 0, 1, 0, 1, 0, 0, 1, 1, 0, 0, 1]","[1.0, 0.4, 1.0, 0.4, 0.2, 0.2, 0.8, 0.0, 0.0, 0.0, 0.8, 1.0, 0.0, 0.8, 1.0, 0.4, 0.0, 0.8, 0.4, 0.2, 0.2, 1.0, 1.0, 0.0, 0.8, 1.0, 0.0, 0.0, 0.0, 0.8, 0.0, 0.0, 0.2, 0.6, 0.0, 0.8, 0.8, 1.0, 0.0, 0.8, 0.0, 1.0, 0.0, 0.8, 0.4, 0.6, 0.4, 0.2, 0.8, 1.0, 1.0, 0.0, 0.2, 1.0, 1.0, 1.0, 0.0, 0.4, 1.0, 0.0, 0.8, 0.8, 0.0, 0.2, 0.0, 0.2, 0.0, 0.0, 0.0, 0.8, 0.0, 0.8, 1.0, 0.0, 0.6, 0.0, 0.0, 1.0, 1.0, 0.8, 1.0, 0.2, 0.2, 0.0, 0.2, 0.6, 1.0, 0.8, 1.0, 0.0, 0.0, 1.0, 0.6, 0.0, 0.4, 0.0, 0.0, 1.0, 0.0, 0.0, 0.2, 0.0, 0.0, 0.0, 0.6, 0.2, 0.2, 0.4, 0.8, 0.0, 0.8, 0.8, 0.0, 0.2, 1.0, 0.8, 0.6, 0.4, 0.0, 0.0, 0.0, 1.0, 0.2, 0.4, 0.6, 0.8, 0.4, 0.0, 1.0, 0.0, 0.0, 1.0, 0.2, 0.6, 0.0, 1.0, 0.0, 0.0, 0.6, 1.0, 0.0, 0.0, 0.6]"
Gradient Boosting,1,1,"[1, 0, 1, 1, 1, 1, 0, 0, 0, 0, 1, 0, 0, 0, 1, 1, 0, 0, 1, 0, 0, 1, 0, 1, 0, 0, 0, 0, 1, 0, 1, 1, 0, 0, 0, 0, 1, 0, 0, 0, 1, 1, 0, 1, 0, 1, 0, 1, 1, 0, 1, 0, 1, 0, 0, 1, 1, 1, 0, 0, 0, 0, 0, 0, 1, 0, 1, 0, 0, 1, 1, 1, 1, 1, 1, 0, 1, 0, 1, 1, 0, 0, 0, 1, 0, 1, 0, 1, 1, 1, 1, 1, 0, 1, 1, 0, 0, 0, 0, 1, 0, 0, 1, 1, 0, 0, 0, 0, 1, 1, 0, 1, 1, 0, 0, 0, 0, 1, 0, 1, 1, 1, 0, 0, 0, 0, 0, 0, 0, 1, 0, 1, 1, 1, 0, 1, 1, 1, 0, 0, 1, 0, 1]","[1, 0, 1, 1, 1, 1, 1, 1, 0, 0, 1, 0, 0, 0, 1, 1, 1, 1, 1, 0, 0, 0, 0, 1, 0, 0, 0, 0, 1, 0, 1, 1, 0, 0, 0, 0, 1, 0, 0, 0, 1, 1, 1, 0, 0, 0, 0, 1, 1, 0, 1, 0, 1, 0, 0, 1, 1, 1, 0, 0, 0, 0, 0, 0, 1, 0, 1, 0, 1, 1, 1, 0, 1, 1, 0, 0, 1, 0, 1, 1, 0, 0, 0, 0, 0, 0, 0, 1, 1, 0, 1, 1, 0, 1, 1, 0, 0, 0, 0, 1, 0, 0, 1, 1, 0, 1, 0, 0, 1, 1, 0, 1, 1, 0, 0, 0, 1, 1, 0, 1, 1, 1, 0, 0, 0, 0, 0, 0, 0, 1, 0, 0, 0, 1, 0, 1, 1, 1, 0, 0, 1, 0, 1]","[0.953485616813944, 0.48038100275103063, 0.9732274975139751, 0.9713870583090124, 0.5606675305810224, 0.986616754174265, 0.8865038976343563, 0.7867811234804903, 0.0067877682437960645, 0.18594267806293857, 0.8471564347473918, 0.09286468845262834, 0.0067877682437960645, 0.00770619462704084, 0.6980188934032219, 0.9559195667855441, 0.759604715106399, 0.9775492389817189, 0.9654604678671233, 0.0067877682437960645, 0.007546527097448508, 0.3897958597797987, 0.01892792906165312, 0.9038596660040515, 0.02030178965935787, 0.0067877682437960645, 0.00975349699136498, 0.02500169318549149, 0.9399113048837364, 0.4831555834328738, 0.9328326968036482, 0.9699134766108536, 0.0067877682437960645, 0.19893404157414388, 0.0067877682437960645, 0.0527197599005398, 0.8864468892614402, 0.2928073704323706, 0.014100297314333479, 0.0067877682437960645, 0.9069739332504717, 0.9819830591368641, 0.7984545053174303, 0.39605592525274297, 0.00966323224766409, 0.00770619462704084, 0.3848248593239968, 0.9517247032358847, 0.9791349343449771, 0.0067877682437960645, 0.98263150388602, 0.0067877682437960645, 0.864628249040549, 0.0067877682437960645, 0.30722548485846485, 0.8905146882304735, 0.6869128614904055, 0.9351884376714419, 0.019782776357634063, 0.01828202110766064, 0.0067877682437960645, 0.00770619462704084, 0.0067877682437960645, 0.0067877682437960645, 0.7258247645553022, 0.0067877682437960645, 0.9584510951948861, 0.0067877682437960645, 0.6875028178685406, 0.9764131805740727, 0.941047387824432, 0.04282761892837879, 0.9784337921604039, 0.9338117939758407, 0.47032590323205237, 0.0067877682437960645, 0.5609243335980688, 0.09011174439078234, 0.9700269489714725, 0.971920981361908, 0.00770619462704084, 0.3029826715621569, 0.05145663753923942, 0.03629039643989763, 0.0067877682437960645, 0.2783588992868665, 0.36935258804968385, 0.8845282410304269, 0.7753457069429138, 0.26572348990732103, 0.9731196181747236, 0.9215357382499074, 0.02030178965935787, 0.9280768319918892, 0.5101118274605703, 0.0067877682437960645, 0.007546527097448508, 0.04158533237927613, 0.032271519537882674, 0.9576715118199296, 0.0984975915529338, 0.2867647166554595, 0.9725173058237774, 0.9458892123960533, 0.0067877682437960645, 0.9482946580293268, 0.29475383112935943, 0.1769832485441768, 0.9634687966934891, 0.770723456051441, 0.2425340337564847, 0.892354847991973, 0.8531349209669362, 0.22996182128464257, 0.018284191445007966, 0.0067877682437960645, 0.819956571130774, 0.7508739926422301, 0.02854164704949168, 0.9677381389378527, 0.7226004501505614, 0.9694159456163103, 0.0067877682437960645, 0.0067877682437960645, 0.014357004660921822, 0.030488641633796824, 0.03199908130632182, 0.3948468489211109, 0.0757436270015036, 0.9449995479712361, 0.0067877682437960645, 0.06609626465191132, 0.07167973961161501, 0.9549203800287592, 0.0067877682437960645, 0.9642314512471184, 0.986175317100408, 0.7791105224926841, 0.09636453915617778, 0.053571584152774875, 0.796579509773572, 0.0067877682437960645, 0.8292000469188413]"
Gradient Boosting,2,1,"[0, 0, 1, 1, 0, 1, 0, 1, 0, 0, 0, 0, 0, 1, 1, 1, 0, 0, 1, 1, 0, 1, 0, 0, 0, 1, 0, 0, 0, 0, 0, 0, 1, 0, 0, 0, 0, 0, 0, 1, 1, 1, 1, 0, 1, 0, 0, 0, 1, 1, 1, 1, 1, 0, 1, 0, 0, 0, 1, 0, 0, 0, 0, 1, 0, 0, 0, 1, 0, 0, 1, 1, 0, 1, 1, 1, 1, 1, 1, 1, 0, 0, 0, 1, 1, 0, 1, 1, 0, 0, 0, 0, 0, 1, 1, 0, 0, 1, 1, 1, 0, 1, 1, 1, 0, 1, 1, 1, 1, 1, 1, 0, 0, 1, 0, 0, 1, 1, 0, 1, 0, 1, 1, 1, 0, 1, 0, 1, 0, 1, 1, 1, 0, 0, 1, 1, 0, 0, 0, 0, 0, 1, 0, 1]","[1, 0, 0, 0, 1, 1, 0, 0, 0, 0, 0, 0, 1, 0, 1, 1, 0, 0, 1, 1, 0, 1, 0, 0, 0, 1, 0, 0, 1, 0, 0, 0, 0, 0, 0, 0, 0, 0, 0, 0, 1, 1, 1, 0, 1, 0, 0, 0, 1, 1, 1, 1, 0, 0, 0, 0, 0, 0, 0, 0, 0, 0, 0, 1, 0, 0, 0, 0, 0, 0, 1, 1, 0, 1, 1, 1, 1, 1, 1, 1, 0, 0, 0, 1, 1, 0, 1, 1, 0, 0, 0, 0, 0, 0, 1, 0, 0, 1, 1, 1, 0, 0, 1, 1, 0, 1, 1, 1, 0, 1, 1, 0, 0, 1, 0, 0, 1, 1, 0, 1, 1, 1, 1, 1, 1, 1, 0, 1, 0, 1, 1, 1, 0, 0, 1, 1, 0, 0, 1, 1, 0, 1, 1, 1]","[0.6622071449366969, 0.007677966440032378, 0.02810365288275585, 0.23663652964302828, 0.7319044791208503, 0.9326219017545078, 0.007677966440032378, 0.4360496975563991, 0.03854150244312758, 0.007677966440032378, 0.007677966440032378, 0.014452425529346917, 0.765652417520829, 0.357139713856013, 0.9369635965096115, 0.9775288777133893, 0.013484349393124396, 0.025321793316285413, 0.9682364933931193, 0.7293785330480074, 0.007677966440032378, 0.9760881706250175, 0.04750119695474167, 0.007677966440032378, 0.007677966440032378, 0.989437943188856, 0.007677966440032378, 0.007677966440032378, 0.7926977053680616, 0.007677966440032378, 0.019210893040853824, 0.04887418858828482, 0.21705459137120725, 0.007677966440032378, 0.007677966440032378, 0.007677966440032378, 0.188714348722841, 0.0997632824314199, 0.24056134431405887, 0.32787523238525906, 0.9835042259695432, 0.9667774901517826, 0.9411583380975018, 0.4078660263023852, 0.9726485617034616, 0.013484349393124396, 0.007677966440032378, 0.051280813505319586, 0.9458155187116348, 0.9045973608995806, 0.9714728027644636, 0.9038858672480446, 0.06874151884456006, 0.007677966440032378, 0.2923290345267134, 0.007677966440032378, 0.007677966440032378, 0.007677966440032378, 0.025321793316285413, 0.14933816893232418, 0.015606032241853744, 0.052248428806090826, 0.007677966440032378, 0.8671754968520917, 0.02885391787975483, 0.03601882346032065, 0.007677966440032378, 0.19648566959642905, 0.16186460978600584, 0.007677966440032378, 0.9845609295946866, 0.9846651566780857, 0.007677966440032378, 0.9835777902498317, 0.9195499050577258, 0.9785279425336662, 0.9691116064812497, 0.9661688742069879, 0.9820517334034268, 0.7641009472105577, 0.013484349393124396, 0.007677966440032378, 0.019116158075022448, 0.9247034775995827, 0.9694542839329728, 0.4478439107488228, 0.9412203356294696, 0.9842362654119846, 0.013522310370589556, 0.007677966440032378, 0.14088602739853984, 0.018516805355764256, 0.007677966440032378, 0.3564366784124139, 0.9574756298615408, 0.007677966440032378, 0.014452425529346917, 0.8511240664194836, 0.9673334336772368, 0.8410076002231877, 0.2730930162267951, 0.007677966440032378, 0.9880882429262322, 0.9399692324219137, 0.007677966440032378, 0.7360765102924651, 0.9918145150320903, 0.9618463198912786, 0.030960212275119747, 0.9245850222937939, 0.8161310778545228, 0.2543241259580156, 0.007677966440032378, 0.7366108390089675, 0.009702725743440242, 0.013484349393124396, 0.9885962656617947, 0.8639708382545263, 0.06409356978203908, 0.933615065876815, 0.7850633410041258, 0.9533270165198838, 0.5241118035637031, 0.8918352286159652, 0.9576738907446585, 0.9774407589045485, 0.010678952844969338, 0.8755169876977879, 0.42011542753495706, 0.9647280332698451, 0.9871492385716469, 0.9800754908082269, 0.007677966440032378, 0.013484349393124396, 0.9625127078554091, 0.9737115525773584, 0.013484349393124396, 0.007677966440032378, 0.843867100994136, 0.7507690979841491, 0.12416552359762614, 0.9556623392773178, 0.9357004290110451, 0.8099933894050491]"
Gradient Boosting,3,1,"[0, 0, 0, 0, 0, 1, 1, 0, 1, 0, 0, 1, 0, 0, 1, 1, 1, 0, 0, 0, 0, 0, 0, 1, 1, 1, 1, 0, 0, 1, 0, 1, 0, 1, 1, 0, 0, 1, 0, 0, 0, 0, 0, 0, 1, 1, 0, 1, 1, 1, 0, 0, 1, 0, 1, 0, 0, 1, 1, 0, 1, 0, 0, 0, 1, 1, 0, 1, 0, 0, 0, 0, 0, 0, 0, 0, 0, 1, 0, 0, 0, 1, 0, 0, 0, 1, 0, 1, 0, 1, 1, 1, 0, 1, 1, 0, 0, 0, 1, 0, 1, 0, 1, 0, 1, 0, 0, 1, 1, 0, 0, 0, 1, 1, 0, 1, 1, 0, 0, 0, 0, 0, 0, 1, 0, 1, 0, 0, 0, 0, 0, 1, 1, 1, 0, 1, 0, 0, 1, 1, 0, 0, 1]","[0, 0, 0, 1, 0, 1, 0, 0, 1, 0, 1, 1, 0, 0, 1, 0, 1, 0, 0, 0, 0, 0, 0, 0, 1, 1, 1, 1, 0, 0, 0, 1, 0, 0, 1, 0, 0, 0, 0, 0, 0, 0, 0, 0, 1, 1, 0, 1, 1, 1, 0, 0, 1, 0, 0, 0, 0, 1, 1, 0, 1, 0, 0, 0, 1, 1, 0, 1, 0, 0, 0, 0, 0, 0, 0, 0, 0, 1, 0, 0, 0, 1, 1, 0, 0, 1, 1, 1, 0, 1, 1, 1, 0, 1, 1, 0, 0, 0, 1, 1, 1, 1, 1, 0, 1, 0, 0, 1, 1, 0, 0, 1, 1, 1, 0, 1, 1, 0, 0, 0, 0, 0, 0, 1, 0, 1, 1, 0, 1, 0, 0, 0, 1, 0, 0, 0, 0, 0, 1, 1, 0, 0, 1]","[0.018403704170171745, 0.012540734709139838, 0.3698141669190311, 0.8361796472195832, 0.009394025070397384, 0.9315531832001449, 0.2137133331109979, 0.04454780320213757, 0.580732980828006, 0.10611748919861705, 0.6078074219394919, 0.9899787579196837, 0.01026671608550101, 0.04034965871396643, 0.5793533336359689, 0.41465790278660936, 0.9855106963625594, 0.4518082145220319, 0.009394025070397384, 0.35505291381771564, 0.017291575011701695, 0.01026671608550101, 0.04828317345968252, 0.44740438849203806, 0.9829662969526375, 0.9922523422555499, 0.7833189447647141, 0.6118330368251177, 0.01526360330189611, 0.3290432901082116, 0.06194036305515201, 0.541959138020002, 0.1346426151379932, 0.46123784695169123, 0.9748209618850855, 0.01526360330189611, 0.1990926049113933, 0.27746575332845136, 0.009394025070397384, 0.01026671608550101, 0.08667351827781673, 0.037918284920116764, 0.009394025070397384, 0.012960326075718892, 0.9059676004299947, 0.9783484261831183, 0.14355239183664467, 0.8136106081826417, 0.9857184496580191, 0.9798527106617837, 0.2882776130543979, 0.009394025070397384, 0.6255250124176328, 0.009394025070397384, 0.21398009615808, 0.009383761493702287, 0.06082919786201077, 0.983016978422756, 0.9914392645413925, 0.16970256215806498, 0.6761074748026428, 0.033703643551003956, 0.05683213699270511, 0.009394025070397384, 0.9137085152424964, 0.859858136786566, 0.04534599813116955, 0.9853092333272192, 0.045567387514219716, 0.03131387311104303, 0.037918284920116764, 0.026948652776919126, 0.009394025070397384, 0.03567862214399798, 0.009394025070397384, 0.02228034875052861, 0.024346846099360192, 0.5186998737159542, 0.14917845317466444, 0.04270176878810021, 0.35483173073627416, 0.9764775394035189, 0.9624757222210442, 0.009394025070397384, 0.01026671608550101, 0.9156941964832406, 0.9747904725082468, 0.9459221218222159, 0.01026671608550101, 0.5888253554966818, 0.9105197332397325, 0.5863252453603662, 0.009394025070397384, 0.9563085925565666, 0.6237467569913905, 0.009394025070397384, 0.4117627504224214, 0.0171235394847513, 0.9091392311328673, 0.6637808802261935, 0.8307110610518, 0.979477128371668, 0.93019713708036, 0.015231466456541167, 0.9848479506909597, 0.009394025070397384, 0.1561041378913446, 0.7238085694349128, 0.9130193679412097, 0.13493785379022036, 0.009394025070397384, 0.8899323499601126, 0.8172764669310418, 0.9873411197469051, 0.01252707662603072, 0.9758131691840497, 0.9781632066902398, 0.021355449599372408, 0.059509012938052296, 0.01120927529485482, 0.009394025070397384, 0.015078720282626136, 0.009394025070397384, 0.7824341081422449, 0.0392501158314772, 0.9804823227381297, 0.7052238545551918, 0.009394025070397384, 0.7367726183192476, 0.009394025070397384, 0.1495509410170691, 0.03980611392347868, 0.9501158768264645, 0.43338688348220705, 0.015280198810593856, 0.38922330704450075, 0.04036296589339795, 0.01252707662603072, 0.9294065628719445, 0.9605323592170204, 0.009394025070397384, 0.009394025070397384, 0.8158390732860434]"
Gradient Boosting,4,1,"[1, 1, 0, 1, 0, 1, 1, 0, 0, 0, 0, 0, 1, 1, 0, 0, 0, 1, 0, 1, 0, 1, 1, 0, 1, 0, 1, 1, 1, 0, 1, 0, 0, 1, 0, 1, 1, 0, 0, 0, 0, 1, 0, 0, 0, 0, 0, 0, 0, 0, 0, 0, 1, 1, 1, 0, 0, 1, 1, 1, 1, 0, 0, 0, 1, 1, 1, 1, 0, 0, 0, 0, 1, 0, 0, 0, 1, 0, 0, 1, 0, 0, 0, 1, 0, 1, 0, 1, 0, 0, 1, 1, 0, 0, 0, 1, 1, 0, 0, 0, 1, 0, 1, 1, 1, 1, 0, 0, 0, 0, 0, 0, 0, 1, 0, 0, 1, 1, 0, 1, 1, 0, 0, 0, 0, 1, 0, 1, 0, 0, 1, 1, 0, 1, 1, 0, 0, 0, 1, 0, 0, 0, 1]","[0, 1, 0, 0, 1, 1, 1, 0, 0, 0, 0, 0, 1, 1, 1, 0, 0, 0, 0, 1, 0, 1, 1, 0, 0, 0, 1, 0, 1, 0, 1, 0, 0, 1, 0, 1, 1, 0, 0, 0, 1, 0, 0, 0, 0, 0, 0, 0, 0, 0, 0, 0, 1, 1, 0, 0, 0, 1, 1, 1, 1, 0, 0, 0, 1, 1, 0, 1, 0, 0, 0, 0, 0, 0, 0, 0, 1, 0, 0, 1, 1, 0, 0, 1, 0, 1, 0, 1, 0, 0, 0, 1, 0, 0, 0, 1, 1, 0, 0, 0, 1, 0, 1, 0, 0, 1, 0, 1, 0, 0, 0, 0, 0, 1, 0, 0, 1, 1, 0, 1, 1, 0, 0, 1, 0, 1, 0, 1, 0, 0, 1, 1, 0, 1, 1, 1, 1, 0, 1, 0, 0, 0, 1]","[0.2813875205046615, 0.9562709126425349, 0.010545037163387281, 0.020244607853845114, 0.5056841085092392, 0.9862830822910398, 0.5710133738226219, 0.2585448579656524, 0.023349798926742642, 0.024794692706328943, 0.010545037163387281, 0.010545037163387281, 0.8569833122485365, 0.9696209873037778, 0.9681561505666906, 0.010545037163387281, 0.010545037163387281, 0.30144082017466733, 0.010545037163387281, 0.9923566543238906, 0.0626147234055039, 0.9861976562006891, 0.6685095408631131, 0.011047423992376942, 0.2749695366596281, 0.010545037163387281, 0.9847984465407066, 0.25771414393357106, 0.9746089173259396, 0.010545037163387281, 0.9648407635524815, 0.017628800159055897, 0.010545037163387281, 0.9489119747005078, 0.011047423992376942, 0.6811155175470687, 0.9834480790197608, 0.010545037163387281, 0.4135694163193891, 0.08863188491338692, 0.5710563567338259, 0.12119079901863637, 0.2301694643175734, 0.22011929683501447, 0.01922077846599174, 0.010545037163387281, 0.423394449712684, 0.011047423992376942, 0.010545037163387281, 0.010545037163387281, 0.011047423992376942, 0.010545037163387281, 0.7536777836242482, 0.9688313339183421, 0.017996893292513607, 0.013878123904566294, 0.010545037163387281, 0.8408632469965673, 0.6198587007185635, 0.9567689247427631, 0.5178378129169705, 0.029834714715816398, 0.05278725637594798, 0.055980076602235515, 0.6113558233268267, 0.9825115193540714, 0.32157857063859613, 0.5709178058883003, 0.02606225016138181, 0.2149535352397172, 0.010545037163387281, 0.01922077846599174, 0.4294201250262725, 0.022040364079292912, 0.010545037163387281, 0.01922077846599174, 0.985000850587262, 0.3840599582052703, 0.016271695107088383, 0.9870932674585506, 0.9661358590430591, 0.4652477910304693, 0.011047423992376942, 0.9654042006555714, 0.3583215672417648, 0.9218685065486008, 0.010545037163387281, 0.9754504723098443, 0.3969155938325419, 0.08460617679972181, 0.45010322061608404, 0.7397179048205842, 0.010545037163387281, 0.18319527843322636, 0.16038951770090493, 0.9144106028985632, 0.9735245668756963, 0.011047423992376942, 0.07963918725548319, 0.02297108481523478, 0.8864969181631563, 0.010545037163387281, 0.880217213223232, 0.23100512015663432, 0.3029721311772624, 0.9538926863769313, 0.010545037163387281, 0.5022691446539027, 0.13195809183930773, 0.010545037163387281, 0.48330053296444336, 0.02297108481523478, 0.43038963106638334, 0.9754641617787893, 0.012883069270852044, 0.3255860074306339, 0.8990117642435485, 0.9399803620943695, 0.01922077846599174, 0.9822644247130424, 0.9782512566316867, 0.05642687850559788, 0.010545037163387281, 0.8067930509965526, 0.01922077846599174, 0.9874193532318608, 0.010545037163387281, 0.974066566121025, 0.029604419160653452, 0.05004177420637526, 0.973315090469048, 0.8259557534732432, 0.010545037163387281, 0.9867268510215426, 0.9355127352387833, 0.6182081181576972, 0.8322824628285647, 0.010545037163387281, 0.8911735261045288, 0.010545037163387281, 0.013878123904566294, 0.010545037163387281, 0.9760133675897904]"
Gradient Boosting,5,1,"[0, 0, 0, 0, 0, 0, 0, 0, 0, 1, 1, 0, 0, 0, 1, 1, 0, 1, 0, 1, 1, 1, 0, 0, 0, 0, 0, 0, 1, 0, 1, 1, 0, 1, 1, 0, 0, 0, 1, 0, 1, 0, 1, 1, 0, 1, 0, 0, 0, 1, 0, 0, 0, 1, 1, 0, 1, 1, 0, 0, 1, 0, 0, 0, 0, 1, 0, 1, 0, 1, 0, 1, 1, 0, 0, 1, 0, 1, 1, 1, 1, 1, 1, 1, 0, 0, 1, 0, 0, 0, 0, 1, 1, 1, 0, 0, 1, 0, 1, 0, 0, 0, 0, 0, 1, 0, 0, 0, 0, 1, 0, 0, 0, 1, 0, 1, 0, 1, 1, 1, 0, 0, 1, 0, 0, 1, 0, 0, 0, 0, 0, 0, 1, 0, 0, 1, 1, 1, 0, 0, 0, 0, 0]","[0, 0, 0, 1, 1, 0, 0, 0, 0, 1, 1, 0, 0, 0, 1, 1, 1, 1, 0, 1, 1, 1, 0, 0, 0, 0, 0, 0, 0, 0, 1, 1, 0, 1, 1, 0, 0, 0, 1, 0, 1, 0, 0, 0, 0, 1, 0, 1, 0, 1, 0, 1, 1, 0, 1, 1, 1, 1, 0, 0, 1, 0, 0, 0, 0, 1, 0, 1, 0, 1, 1, 0, 1, 0, 0, 1, 0, 1, 1, 1, 1, 1, 1, 0, 1, 1, 0, 1, 0, 0, 0, 1, 1, 1, 0, 0, 1, 0, 1, 0, 0, 0, 1, 0, 1, 0, 0, 0, 0, 1, 0, 0, 1, 1, 0, 1, 1, 1, 1, 1, 0, 0, 0, 0, 1, 1, 0, 0, 1, 0, 0, 0, 1, 0, 1, 1, 1, 1, 0, 0, 0, 0, 0]","[0.012403585581702072, 0.23968322404245315, 0.01778850532830146, 0.8093460292669407, 0.9499078105767764, 0.009527018143927323, 0.03031511772980535, 0.1296251441715469, 0.009527018143927323, 0.9688608107802535, 0.9432930410091271, 0.3243625755399405, 0.05172832750267155, 0.04908507694509483, 0.9801444338215999, 0.9596964336423348, 0.5422489498448472, 0.9225105114533383, 0.07952840565998032, 0.6778203907334128, 0.9895559028451506, 0.9851507295016928, 0.022697916002198944, 0.009527018143927323, 0.011183916802980596, 0.09577505070055417, 0.010567924001308057, 0.019912762867592335, 0.41408690240610835, 0.009527018143927323, 0.9859756476637329, 0.9669869481387224, 0.022956391882410963, 0.9830658350426794, 0.927489912337385, 0.01602068219137551, 0.04925013819925503, 0.09706237292502672, 0.9846524103720212, 0.016324752731504147, 0.915924500096509, 0.1474328903746985, 0.16389990857168332, 0.1416021708308435, 0.29092620978779765, 0.8930241784786593, 0.009527018143927323, 0.8012708611301123, 0.009527018143927323, 0.966120485114586, 0.009527018143927323, 0.9677262306445737, 0.8924532016012672, 0.4078412274402643, 0.9435166073819311, 0.9028890217724096, 0.8434360536394739, 0.9869084073969051, 0.009527018143927323, 0.03927791999992, 0.9898832772360403, 0.01832845389777995, 0.024848944119373134, 0.009527018143927323, 0.009527018143927323, 0.9888259406861374, 0.009527018143927323, 0.8839326426206047, 0.030662837151957407, 0.7820401692368851, 0.895140821211731, 0.14869256108930884, 0.9854350780080374, 0.01832845389777995, 0.36279184695793276, 0.9839333938153276, 0.009527018143927323, 0.9834491868746262, 0.9283483856420561, 0.959268754660799, 0.9777264574321182, 0.9903125087024848, 0.9935081392945676, 0.2285087858541626, 0.7681273823603149, 0.9602183850979698, 0.11970308719128128, 0.6833918842929548, 0.3952280528047952, 0.05456360679533941, 0.009527018143927323, 0.9837398630322933, 0.7258060401211387, 0.6199787404418339, 0.03619858724049527, 0.009527018143927323, 0.9803349537981194, 0.03237553774940338, 0.9746627616801044, 0.03718423743114762, 0.02684881908392862, 0.01832845389777995, 0.721771959530468, 0.009527018143927323, 0.9414849213595949, 0.04425860545222012, 0.03202819344215216, 0.13341183489742325, 0.04259324235785284, 0.9795034628592041, 0.08689574543067992, 0.037681596660556614, 0.7623660383739778, 0.6100449861721362, 0.010567924001308057, 0.9891336071340026, 0.9639391978748704, 0.9321276373433327, 0.9873875538182533, 0.9877982452273321, 0.009527018143927323, 0.2593422447797678, 0.11880243039910243, 0.10566274972806958, 0.9884562822242712, 0.7097620332062036, 0.01660632766632566, 0.09642600259788296, 0.8996287914559908, 0.02857697535533613, 0.02626574060886638, 0.11563033191148313, 0.9897971161664573, 0.027891261754147512, 0.9242732749081424, 0.9917747906261585, 0.7319760330667111, 0.8917862900402587, 0.02085195852975794, 0.009527018143927323, 0.010567924001308057, 0.009527018143927323, 0.3461939246598155]"
Gradient Boosting,6,2,"[1, 0, 1, 1, 1, 0, 1, 1, 0, 1, 0, 1, 0, 0, 1, 1, 0, 1, 0, 0, 0, 0, 1, 0, 1, 0, 0, 1, 1, 0, 1, 0, 0, 0, 0, 0, 0, 0, 0, 0, 0, 1, 0, 1, 0, 1, 0, 1, 1, 0, 0, 0, 0, 0, 0, 0, 0, 1, 0, 0, 0, 0, 0, 1, 1, 1, 1, 1, 0, 1, 1, 0, 0, 1, 0, 0, 1, 1, 0, 0, 1, 1, 1, 1, 0, 1, 0, 1, 1, 0, 0, 1, 1, 0, 1, 1, 0, 0, 1, 1, 1, 1, 1, 0, 0, 0, 0, 1, 0, 1, 1, 1, 1, 0, 0, 0, 0, 1, 0, 0, 1, 0, 1, 0, 1, 0, 0, 0, 1, 1, 0, 0, 0, 1, 0, 1, 1, 1, 1, 0, 1, 1, 1]","[1, 0, 1, 1, 1, 0, 0, 1, 1, 1, 1, 1, 0, 0, 1, 1, 0, 1, 0, 0, 0, 0, 0, 0, 1, 0, 0, 1, 0, 0, 1, 0, 1, 0, 0, 0, 0, 0, 0, 0, 0, 1, 0, 1, 0, 1, 1, 0, 0, 0, 0, 0, 0, 0, 0, 0, 0, 1, 0, 1, 0, 0, 0, 1, 1, 1, 1, 0, 0, 1, 1, 0, 0, 1, 0, 0, 1, 1, 0, 0, 1, 1, 1, 0, 0, 1, 0, 1, 1, 1, 1, 1, 1, 0, 1, 1, 0, 0, 1, 1, 0, 1, 1, 0, 0, 0, 1, 1, 0, 1, 1, 1, 1, 0, 0, 0, 1, 1, 0, 0, 1, 0, 1, 1, 1, 0, 0, 0, 0, 1, 0, 0, 1, 1, 0, 0, 1, 1, 0, 0, 1, 1, 1]","[0.8441308440390256, 0.009271986954898438, 0.9697347044914775, 0.9644617333719961, 0.9566282294102755, 0.0076026068240189855, 0.42659038200622795, 0.9595120840917222, 0.7933254081853345, 0.9407621522912705, 0.8103168751566302, 0.6787663111766916, 0.0076026068240189855, 0.012839353297613128, 0.9617586650979286, 0.5949917423169395, 0.15518213234338785, 0.9753532614056042, 0.034474740184093376, 0.0076026068240189855, 0.015666471684149738, 0.023883425339883368, 0.31765963418372156, 0.016651452939754157, 0.704219068660871, 0.009824345224670728, 0.0076026068240189855, 0.9791519826476166, 0.3542402906368693, 0.0076026068240189855, 0.9650588956008578, 0.11026794717734814, 0.6193973778776363, 0.0076026068240189855, 0.021289998488813036, 0.0076026068240189855, 0.012839353297613128, 0.0076026068240189855, 0.07808219732325958, 0.10480357297946685, 0.052382827252640346, 0.8749247196631526, 0.01992977013631964, 0.982988375132075, 0.0076026068240189855, 0.9485279588392311, 0.7234175154538502, 0.29792968020756827, 0.488225427856452, 0.04227142890398009, 0.010298841733036837, 0.012839353297613128, 0.015369943670987363, 0.0076026068240189855, 0.0076026068240189855, 0.10254408736414435, 0.0076026068240189855, 0.9507109012530717, 0.009271986954898438, 0.9792779506130744, 0.062338227987732905, 0.048585300637449744, 0.0076026068240189855, 0.9881382541928604, 0.8839808148582102, 0.9326953718693113, 0.7614476624167946, 0.05553614080051444, 0.011752520261089517, 0.9678216061784504, 0.9777748912179478, 0.00850138955876499, 0.028982401221355515, 0.9871937257677812, 0.02828637888548961, 0.13443980599588817, 0.9679283522717932, 0.9510130422260606, 0.009824345224670728, 0.014711851140870685, 0.5475765307324953, 0.938122215805948, 0.984797510325191, 0.08819063713912857, 0.013131255583806404, 0.9794259151838023, 0.01686218302993837, 0.9557295549348399, 0.963563899837336, 0.8266558774517321, 0.9771865023754676, 0.8489515766567123, 0.933324630083064, 0.008907247985275433, 0.9359860824705644, 0.8806416390422906, 0.013445491396709313, 0.35098416854947145, 0.5384201168452156, 0.958772993607326, 0.41619447473769666, 0.8924940382602018, 0.9856700066750727, 0.010298841733036837, 0.019605895956685777, 0.0834314937995163, 0.517133283740857, 0.988802302626313, 0.30287142865814987, 0.9919965557078322, 0.8874094525409161, 0.9316000577122499, 0.9327092171837206, 0.0076026068240189855, 0.2979524109341863, 0.012839353297613128, 0.722617914167963, 0.9566179831510336, 0.16435401777726397, 0.0076026068240189855, 0.8504107371748565, 0.08838224814606123, 0.9477666957576489, 0.9135353234748671, 0.9832387639387088, 0.05841382970937532, 0.0076026068240189855, 0.0076026068240189855, 0.43229692081415705, 0.9357077718428212, 0.4072769321661585, 0.055028101879734996, 0.6886565174276752, 0.7236853268775865, 0.014711851140870685, 0.05363748804086156, 0.9844995844728621, 0.9688623015435591, 0.12491379233547238, 0.08164576292915093, 0.9637276777384967, 0.8794859071188387, 0.9638789506240465]"
Gradient Boosting,7,2,"[0, 1, 0, 0, 0, 1, 1, 0, 1, 0, 0, 0, 1, 1, 0, 1, 0, 1, 1, 1, 1, 1, 1, 0, 1, 0, 1, 1, 0, 1, 0, 1, 0, 1, 1, 0, 0, 0, 1, 0, 0, 1, 1, 0, 1, 0, 0, 1, 1, 1, 0, 1, 1, 1, 0, 1, 0, 1, 1, 1, 1, 0, 0, 1, 0, 0, 0, 1, 0, 1, 0, 0, 0, 1, 0, 1, 0, 1, 1, 0, 0, 1, 1, 1, 1, 1, 1, 1, 1, 0, 0, 1, 0, 0, 0, 0, 1, 0, 1, 1, 0, 1, 0, 1, 0, 0, 0, 0, 0, 1, 0, 1, 1, 1, 0, 0, 1, 0, 1, 0, 1, 0, 1, 1, 0, 0, 1, 1, 0, 0, 0, 1, 0, 0, 0, 1, 0, 0, 0, 0, 1, 0, 0, 1]","[0, 1, 0, 0, 0, 0, 0, 0, 1, 0, 1, 0, 0, 1, 1, 1, 0, 1, 1, 0, 1, 1, 1, 0, 1, 0, 1, 1, 0, 0, 0, 1, 0, 1, 1, 0, 0, 0, 1, 0, 0, 1, 1, 0, 0, 0, 0, 0, 1, 0, 0, 0, 1, 1, 0, 1, 0, 1, 1, 1, 0, 0, 0, 0, 0, 0, 0, 1, 0, 0, 0, 0, 0, 1, 0, 1, 0, 1, 1, 0, 1, 0, 1, 0, 1, 1, 1, 1, 0, 0, 0, 1, 0, 0, 0, 0, 1, 0, 0, 1, 0, 1, 0, 0, 0, 0, 0, 0, 0, 1, 0, 1, 1, 1, 0, 1, 1, 0, 1, 0, 1, 1, 1, 0, 0, 0, 1, 1, 0, 1, 0, 1, 0, 0, 0, 0, 0, 1, 0, 0, 1, 0, 0, 0]","[0.0064766175857726965, 0.6612284842102889, 0.1377650628841337, 0.4540205693408132, 0.009312231587613863, 0.03134034155786827, 0.22733836583034844, 0.0064766175857726965, 0.9844833683090652, 0.0064766175857726965, 0.9553791155232655, 0.03923370193201857, 0.419524621014067, 0.8505902983604092, 0.8998459049785993, 0.983962213022523, 0.0064766175857726965, 0.9925566249460911, 0.987998269190547, 0.2889038077170276, 0.5038746119835472, 0.638339912660447, 0.8299725813601194, 0.0064766175857726965, 0.9702153110644371, 0.01650873162549678, 0.9426700053555949, 0.8267578553154916, 0.0064766175857726965, 0.24024207311747975, 0.0064766175857726965, 0.8975107378693508, 0.0064766175857726965, 0.9818391081693119, 0.9767868094645944, 0.0064766175857726965, 0.037490214888188066, 0.007589528386344759, 0.9712545366127617, 0.0064766175857726965, 0.06508330065080592, 0.9575084282994429, 0.993323607420362, 0.1864692095733644, 0.10035516421520456, 0.0064766175857726965, 0.0064766175857726965, 0.3831171801971827, 0.5215450025529799, 0.0064766175857726965, 0.04288304372192433, 0.48044060903937996, 0.989714627764514, 0.9885295845967188, 0.0064766175857726965, 0.9351265498173083, 0.00717067497688966, 0.9383727410623729, 0.8747587641448935, 0.8571748456049205, 0.14030360227333788, 0.0064766175857726965, 0.0064766175857726965, 0.015156612551548284, 0.02441695650937646, 0.00717067497688966, 0.06483360401648587, 0.9275320906871158, 0.014372441952395587, 0.4669102646292903, 0.0265440464810077, 0.0064766175857726965, 0.011381342074196736, 0.5162658766242804, 0.035386562502689484, 0.8894403874386704, 0.1684440070763327, 0.5913572309595623, 0.9927907227577238, 0.0064766175857726965, 0.7976058995870161, 0.49280498412042867, 0.6236863660651162, 0.2865951073930501, 0.9225422822025687, 0.99111994328671, 0.9292357189188619, 0.9164711023062403, 0.3055401104392456, 0.04113370363281321, 0.0064766175857726965, 0.9139419878239711, 0.0064766175857726965, 0.05037112763552977, 0.00717067497688966, 0.0064766175857726965, 0.9410002780249199, 0.0064766175857726965, 0.00717067497688966, 0.9220911455665329, 0.014822691132979609, 0.8248869007982281, 0.02270806116782279, 0.05861500300802758, 0.1000288710871716, 0.0064766175857726965, 0.0064766175857726965, 0.34768078187093965, 0.1693522040672564, 0.6149207215487517, 0.09674769637555604, 0.8972472826760168, 0.9733405512265686, 0.8893787770935558, 0.25270986303498366, 0.7224880168636972, 0.9526685151037128, 0.0064766175857726965, 0.9882168942056332, 0.0064766175857726965, 0.971313193584517, 0.5917805312449852, 0.9097938491426895, 0.12716903660496612, 0.3559252940001647, 0.016397482687730648, 0.9790662906619713, 0.890942809233214, 0.0064766175857726965, 0.9472634195509574, 0.11080790687939586, 0.9499365888339909, 0.0064766175857726965, 0.0064766175857726965, 0.0064766175857726965, 0.14794754452030845, 0.0064766175857726965, 0.5033484556945764, 0.0064766175857726965, 0.018647564483834516, 0.8790551978655876, 0.0064766175857726965, 0.00878482424940384, 0.4744686307903503]"
Gradient Boosting,8,2,"[0, 1, 0, 1, 1, 0, 0, 0, 0, 1, 1, 0, 0, 1, 0, 0, 0, 0, 1, 0, 1, 1, 1, 1, 0, 0, 0, 0, 0, 0, 1, 0, 0, 0, 1, 0, 0, 0, 1, 1, 0, 0, 0, 0, 1, 1, 1, 0, 0, 0, 1, 1, 0, 1, 0, 1, 0, 0, 0, 1, 1, 1, 0, 1, 0, 1, 0, 0, 0, 0, 1, 1, 0, 1, 1, 0, 0, 0, 1, 0, 1, 0, 1, 1, 0, 0, 1, 1, 0, 0, 0, 1, 0, 0, 0, 1, 0, 0, 1, 0, 0, 1, 1, 0, 1, 1, 0, 0, 0, 1, 0, 0, 0, 0, 1, 0, 1, 0, 0, 0, 1, 0, 1, 0, 0, 0, 0, 0, 1, 1, 0, 0, 1, 1, 0, 0, 0, 0, 0, 0, 0, 1, 1]","[0, 1, 0, 1, 1, 1, 0, 0, 0, 0, 1, 0, 1, 1, 0, 0, 0, 0, 0, 0, 0, 1, 1, 1, 0, 0, 0, 0, 0, 0, 1, 0, 0, 0, 1, 1, 0, 1, 0, 1, 0, 0, 0, 0, 1, 1, 0, 0, 0, 0, 1, 1, 0, 1, 0, 0, 0, 0, 1, 1, 1, 1, 0, 1, 1, 1, 0, 0, 0, 0, 1, 1, 0, 1, 1, 0, 1, 0, 0, 0, 1, 0, 1, 1, 0, 0, 1, 1, 0, 1, 0, 1, 0, 0, 0, 1, 0, 0, 1, 0, 1, 1, 1, 0, 1, 1, 0, 0, 1, 1, 0, 0, 0, 0, 1, 0, 1, 0, 0, 0, 1, 0, 1, 0, 0, 0, 0, 0, 1, 1, 0, 0, 1, 1, 0, 0, 0, 0, 1, 0, 0, 1, 1]","[0.018703204240350078, 0.9319871246728546, 0.011727489514065628, 0.5033769934811488, 0.9734612607965256, 0.8675795529972715, 0.009557168178018808, 0.29479862052477673, 0.009557168178018808, 0.10922817465706508, 0.94142946041233, 0.4758077355863735, 0.9861418685708132, 0.9839976968206805, 0.009557168178018808, 0.025886959029265407, 0.011727489514065628, 0.01843307823873671, 0.46324508013044585, 0.02034640964279069, 0.345031444559889, 0.9810648072530107, 0.9825803699072745, 0.8626763213554887, 0.19788351417431058, 0.015240520441147445, 0.21983876571409144, 0.36618962710499026, 0.009557168178018808, 0.009557168178018808, 0.9677389874099578, 0.009557168178018808, 0.010285747567245587, 0.44597754305310405, 0.9849962742211131, 0.921683561364415, 0.2040769717128834, 0.5550373449092674, 0.0999219044689089, 0.9653374430573335, 0.20247663600373125, 0.020004283068008045, 0.009557168178018808, 0.009557168178018808, 0.813175695258036, 0.8845005404268933, 0.09799556062273801, 0.009557168178018808, 0.010285747567245587, 0.009557168178018808, 0.852818993118901, 0.9857872558984965, 0.009557168178018808, 0.8606808479250206, 0.009557168178018808, 0.023525113199526996, 0.01137309715467257, 0.036729328133878233, 0.7188168165865356, 0.9118715010743575, 0.9807840250947183, 0.7118317106549138, 0.018703204240350078, 0.5108437356816189, 0.9020063631814433, 0.8183559114752225, 0.009557168178018808, 0.009557168178018808, 0.009557168178018808, 0.42989022228306395, 0.9885294780613965, 0.6507933805485909, 0.052983105257005426, 0.9843854734309986, 0.9746461815651195, 0.18504908188140867, 0.987889331538843, 0.009557168178018808, 0.31148090105950405, 0.0585737651417229, 0.9781517469847013, 0.032117687703789574, 0.9794886402558206, 0.9749289864947704, 0.009557168178018808, 0.009557168178018808, 0.9315082807473795, 0.9177787371711223, 0.021567519369693287, 0.7352027875849262, 0.009557168178018808, 0.9845048760198042, 0.012690129985259868, 0.009557168178018808, 0.022026860846452983, 0.9841199985102399, 0.051925963391660244, 0.009557168178018808, 0.975804644768103, 0.12063310557762005, 0.9732589320294993, 0.9827328107067813, 0.955679043659059, 0.009557168178018808, 0.9893767627748464, 0.8741402501780076, 0.31441413354562614, 0.303334104118065, 0.7828750901001091, 0.8832836505494974, 0.13831279996997337, 0.3053903752379459, 0.013421979633004705, 0.020655421781822773, 0.7920560821918606, 0.057335143709533715, 0.9780861775320352, 0.015240520441147445, 0.022026860846452983, 0.021567519369693287, 0.9696131468508823, 0.009557168178018808, 0.9861011174594021, 0.015582947682222101, 0.009557168178018808, 0.012699127652553653, 0.018703204240350078, 0.009557168178018808, 0.9749092792318377, 0.8910529403989561, 0.2916101709134256, 0.022026860846452983, 0.9714649312881092, 0.9600945907861086, 0.1756899044204014, 0.40317145586124736, 0.009557168178018808, 0.009557168178018808, 0.9309641890502882, 0.009557168178018808, 0.009557168178018808, 0.914236592078889, 0.9883624569787451]"
Gradient Boosting,9,2,"[0, 1, 0, 0, 1, 0, 0, 0, 0, 1, 0, 0, 1, 0, 0, 1, 0, 1, 0, 0, 1, 1, 0, 0, 1, 1, 0, 0, 1, 0, 0, 0, 0, 0, 0, 0, 0, 1, 1, 0, 0, 0, 0, 1, 1, 0, 1, 0, 0, 1, 1, 0, 0, 0, 1, 0, 1, 0, 0, 0, 0, 1, 1, 0, 1, 0, 0, 1, 0, 0, 0, 1, 0, 0, 1, 0, 0, 1, 1, 1, 1, 0, 0, 0, 0, 1, 0, 0, 1, 0, 0, 0, 1, 1, 1, 0, 0, 0, 0, 0, 0, 0, 0, 1, 0, 0, 0, 1, 0, 0, 1, 1, 1, 1, 1, 1, 1, 0, 1, 0, 1, 1, 0, 1, 1, 0, 0, 1, 0, 1, 0, 1, 1, 0, 0, 1, 1, 1, 0, 1, 0, 0, 0]","[1, 0, 0, 0, 0, 0, 0, 0, 0, 1, 0, 0, 1, 0, 0, 1, 0, 1, 0, 1, 1, 1, 0, 0, 1, 1, 1, 0, 1, 0, 0, 0, 0, 0, 0, 0, 0, 1, 1, 0, 0, 0, 1, 1, 1, 0, 1, 0, 0, 1, 1, 0, 0, 1, 1, 0, 1, 0, 0, 0, 1, 1, 1, 0, 1, 0, 0, 1, 0, 0, 0, 0, 0, 0, 1, 0, 0, 1, 1, 0, 1, 1, 0, 0, 1, 1, 0, 0, 1, 0, 0, 0, 1, 1, 0, 0, 0, 0, 0, 0, 0, 0, 0, 1, 0, 1, 1, 1, 0, 0, 1, 0, 1, 1, 1, 1, 1, 0, 1, 0, 1, 1, 1, 1, 1, 0, 0, 0, 0, 1, 0, 1, 1, 1, 0, 1, 1, 1, 0, 1, 1, 0, 0]","[0.8255783634724709, 0.012491799117045697, 0.021093665948641354, 0.2386956242234352, 0.3951207074371199, 0.025300399277824747, 0.03675976885644651, 0.010205302458540181, 0.018205445221051067, 0.9788824292237793, 0.009213331076807047, 0.09302921836755804, 0.8512673912369118, 0.010205302458540181, 0.009213331076807047, 0.8688461160775074, 0.05651065558851055, 0.9687258428139438, 0.06328114793591924, 0.6508741829034461, 0.887845627715985, 0.9899914293173158, 0.012491799117045697, 0.4368008449608005, 0.9717666072465112, 0.9466541659239492, 0.6770822095349718, 0.011280109544081986, 0.5681420203759348, 0.08502230021142945, 0.27507301695473135, 0.009213331076807047, 0.017873901496910934, 0.009213331076807047, 0.009213331076807047, 0.01897251693403153, 0.23993617982715296, 0.7772789273818683, 0.9376206107231474, 0.009213331076807047, 0.03159176212966048, 0.00996641253029606, 0.6471559734990988, 0.9836993894778258, 0.9552652039596544, 0.04914519591476508, 0.9755068555035942, 0.14846336671733185, 0.009213331076807047, 0.9640265437321986, 0.9787759363350524, 0.009213331076807047, 0.009213331076807047, 0.9253143013356993, 0.8953985179749724, 0.009213331076807047, 0.9506269892503465, 0.009213331076807047, 0.012491799117045697, 0.033552319256165905, 0.6749984955664294, 0.8859305403896724, 0.9696188362211066, 0.012491799117045697, 0.7838208067451565, 0.009213331076807047, 0.020794051996961892, 0.7754161802055259, 0.009213331076807047, 0.009000221156049858, 0.03359128788104202, 0.06040618459868446, 0.009213331076807047, 0.013944476958450129, 0.9362169210592185, 0.02508725347852121, 0.079712523606311, 0.9820326164354982, 0.7720912522256742, 0.320576325184126, 0.9785341549408598, 0.7408977283639714, 0.03792270361622315, 0.1410398168352849, 0.9186077127713582, 0.8830391385675425, 0.009213331076807047, 0.03016791755508604, 0.8418131382598867, 0.07059008124506895, 0.009000221156049858, 0.009213331076807047, 0.9372719880379353, 0.9575601484186099, 0.2961252077784132, 0.045248804366448375, 0.009213331076807047, 0.42461714696387326, 0.19912658636523195, 0.028736304960034164, 0.009213331076807047, 0.015954670902068934, 0.09500201218764528, 0.8818088639867028, 0.012491799117045697, 0.5092570733630105, 0.7540356193766121, 0.8791585430580363, 0.009000221156049858, 0.049670583705336606, 0.9733154846957363, 0.04141973068255326, 0.8696112271371209, 0.5954794045663544, 0.9684905435868406, 0.9801396837226164, 0.9800084896857254, 0.009213331076807047, 0.936600671901708, 0.1974515148115986, 0.7960909872241384, 0.8629039079307668, 0.9702346851164064, 0.9837535564658648, 0.971749524073738, 0.4422617736075648, 0.16356622125435072, 0.07149050240352472, 0.13223228132887732, 0.9057584376239692, 0.009213331076807047, 0.9832137323086386, 0.9283149115367484, 0.6410475285556794, 0.012491799117045697, 0.9714817274485423, 0.6014175620823576, 0.8652382848929825, 0.009213331076807047, 0.9659214089035725, 0.8684401804462137, 0.14833750681484992, 0.4697204448053613]"
Gradient Boosting,10,2,"[0, 0, 0, 0, 0, 0, 0, 0, 0, 0, 0, 1, 1, 0, 0, 0, 0, 1, 0, 0, 1, 1, 0, 0, 0, 1, 0, 0, 1, 1, 0, 1, 1, 1, 0, 0, 0, 0, 0, 1, 1, 1, 1, 0, 1, 0, 0, 0, 0, 0, 0, 1, 0, 0, 0, 1, 1, 1, 1, 1, 0, 1, 1, 0, 1, 0, 1, 0, 0, 1, 1, 0, 1, 0, 0, 0, 0, 1, 0, 0, 1, 0, 0, 1, 0, 1, 0, 1, 1, 1, 0, 1, 0, 1, 1, 0, 1, 1, 1, 0, 0, 1, 0, 0, 1, 0, 0, 0, 0, 1, 1, 0, 0, 0, 0, 0, 0, 1, 0, 0, 1, 1, 0, 0, 0, 1, 1, 1, 0, 1, 0, 1, 0, 0, 0, 0, 0, 1, 0, 1, 1, 0, 0]","[1, 0, 0, 1, 0, 0, 0, 0, 0, 1, 0, 1, 1, 0, 0, 0, 1, 1, 0, 0, 1, 1, 0, 0, 0, 1, 0, 0, 1, 1, 0, 1, 1, 1, 0, 0, 0, 0, 0, 1, 1, 0, 1, 0, 1, 0, 0, 0, 0, 1, 0, 1, 0, 0, 1, 1, 1, 1, 1, 1, 0, 1, 1, 0, 1, 0, 0, 0, 0, 1, 1, 0, 1, 0, 0, 0, 1, 0, 1, 1, 1, 1, 0, 1, 0, 1, 0, 1, 1, 1, 0, 1, 0, 1, 1, 0, 0, 1, 1, 0, 0, 1, 0, 1, 1, 0, 1, 1, 0, 1, 0, 0, 0, 0, 0, 0, 0, 1, 0, 0, 1, 1, 0, 1, 1, 1, 1, 1, 0, 1, 0, 1, 0, 0, 0, 0, 1, 1, 0, 1, 1, 0, 0]","[0.8078684209174534, 0.09750366306195486, 0.008872905984703769, 0.8798579161915406, 0.11882020931477122, 0.1717873236373719, 0.019745804805390885, 0.009166081714112023, 0.025325436607953066, 0.9770785431845368, 0.07301720646289984, 0.9417716619786368, 0.9553594446251861, 0.12144030382283955, 0.040361042435450925, 0.009166081714112023, 0.8190864583255542, 0.9509637537791926, 0.05475717668566683, 0.0987075937569705, 0.5008133129341714, 0.9903255628956855, 0.009166081714112023, 0.013004907829910817, 0.020519867911745485, 0.9808929304453169, 0.021867620429689465, 0.011277132704468798, 0.5643825110750218, 0.9579949816945978, 0.02822708468413024, 0.5296905762799136, 0.9910768810967816, 0.8134743884054729, 0.01649062975728737, 0.03306418605280678, 0.02343257874248795, 0.015651492864728896, 0.3207185462419804, 0.9702192165202319, 0.9377854353408925, 0.12911133819525758, 0.9173064748135424, 0.18529102192552632, 0.9639645713976359, 0.18492217109314246, 0.46339289158904845, 0.009166081714112023, 0.12045731692403819, 0.9846483525414323, 0.009166081714112023, 0.9807079115848149, 0.009166081714112023, 0.009166081714112023, 0.8970172843021046, 0.9640881554604805, 0.6448361077598304, 0.8483940660516339, 0.9766653532668292, 0.9300680531203371, 0.18504363223961864, 0.9872895345384478, 0.9905950745890895, 0.009166081714112023, 0.9525277081743738, 0.10141588192306064, 0.09245428881390526, 0.02659160625592168, 0.009166081714112023, 0.6545354993322068, 0.9487558077486752, 0.035446271706890936, 0.9927705462033433, 0.010314989082236948, 0.009166081714112023, 0.02343257874248795, 0.9705024078093418, 0.1351158478662129, 0.8631940403704497, 0.9630682097132753, 0.9812721458250442, 0.544747624264164, 0.019414528539808597, 0.5907649106795105, 0.10206978817174463, 0.8536200227234692, 0.009166081714112023, 0.8645753165233153, 0.512747264713798, 0.9922098382144519, 0.009166081714112023, 0.9456271843365658, 0.033853934146031175, 0.8617621860111677, 0.9370833884571759, 0.016060830191095263, 0.1995446151274481, 0.7420735235245988, 0.9725562680358097, 0.11534217364034813, 0.05684568555547551, 0.8946067138172311, 0.010154284172039585, 0.9043678889045768, 0.8466699294720353, 0.034825803599017366, 0.6583615702014103, 0.7543792266470233, 0.013053899727080775, 0.9900833836693713, 0.45380818409365775, 0.02351588391688866, 0.01335181966423597, 0.010154284172039585, 0.010314989082236948, 0.010314989082236948, 0.030703092272272654, 0.9897293870576589, 0.018326088636728546, 0.06852874562032679, 0.9892493213291258, 0.9430006878843477, 0.009166081714112023, 0.7053931345283943, 0.9923165004522596, 0.9901047961805096, 0.9875280029597275, 0.9903876548308506, 0.009166081714112023, 0.9887971707173228, 0.010927362293812849, 0.9683735581447943, 0.054397915940341136, 0.009166081714112023, 0.026622022598545125, 0.0336067272928624, 0.9073761185032115, 0.9879712288623812, 0.015988730069753515, 0.7375416416154471, 0.8994183406208366, 0.009166081714112023, 0.009166081714112023]"
Gradient Boosting,11,3,"[1, 1, 1, 0, 0, 0, 1, 0, 0, 0, 0, 0, 1, 1, 1, 1, 0, 0, 0, 0, 0, 1, 0, 1, 0, 0, 0, 1, 0, 1, 0, 1, 0, 0, 0, 0, 1, 0, 0, 0, 0, 1, 0, 1, 0, 0, 1, 1, 0, 0, 1, 0, 1, 1, 0, 1, 0, 0, 0, 0, 0, 1, 0, 0, 0, 1, 1, 1, 1, 1, 1, 1, 0, 0, 1, 0, 0, 1, 1, 0, 1, 1, 0, 1, 0, 0, 0, 1, 1, 0, 1, 1, 1, 0, 0, 1, 1, 0, 0, 1, 0, 0, 0, 1, 1, 0, 1, 0, 1, 0, 0, 0, 0, 0, 0, 0, 0, 0, 0, 1, 0, 1, 0, 1, 0, 1, 0, 0, 1, 0, 1, 0, 0, 0, 0, 0, 0, 0, 0, 0, 0, 1, 1, 1]","[0, 0, 1, 1, 0, 1, 1, 0, 0, 0, 0, 1, 1, 1, 1, 1, 0, 0, 0, 0, 0, 1, 0, 1, 0, 0, 0, 1, 0, 1, 0, 0, 0, 0, 0, 0, 1, 0, 0, 0, 0, 0, 0, 1, 0, 0, 1, 1, 1, 0, 1, 0, 1, 0, 0, 1, 0, 0, 0, 0, 0, 1, 0, 1, 0, 1, 1, 1, 1, 1, 0, 1, 0, 0, 1, 0, 0, 1, 1, 0, 0, 1, 0, 0, 0, 1, 1, 1, 1, 0, 1, 1, 1, 0, 0, 1, 1, 0, 0, 1, 0, 0, 1, 0, 1, 0, 0, 0, 1, 1, 1, 0, 0, 1, 0, 0, 0, 0, 0, 1, 0, 1, 0, 1, 0, 1, 0, 0, 1, 1, 1, 0, 0, 0, 0, 0, 0, 1, 0, 0, 1, 1, 1, 0]","[0.16641146188530956, 0.030827344959412428, 0.9207114493147592, 0.9385988207989536, 0.005541496183828354, 0.9656550645104899, 0.893473765955512, 0.008747264969785062, 0.005541496183828354, 0.01949325063276271, 0.28791623528853627, 0.9489881048983551, 0.983250743310059, 0.983969348701507, 0.971093411928134, 0.9844943686278911, 0.005541496183828354, 0.05890435076733348, 0.03691760494256402, 0.01239846511620083, 0.008624387015081945, 0.921591347069928, 0.005541496183828354, 0.9778058995911854, 0.030976944302697436, 0.007333532351016575, 0.23088264488877006, 0.5660483052652465, 0.006311669109787766, 0.9786075007853937, 0.2781803947750503, 0.3840610336724978, 0.0065087922881406825, 0.3050754300015221, 0.005541496183828354, 0.005541496183828354, 0.9597667368368848, 0.1917181038305591, 0.005541496183828354, 0.005541496183828354, 0.15079645802417455, 0.005541496183828354, 0.1890764596242734, 0.9793149955467866, 0.22199691217788797, 0.005541496183828354, 0.9667647429263554, 0.9798962954881134, 0.5505580049819339, 0.005541496183828354, 0.9596569419160846, 0.007333532351016575, 0.9438509490664547, 0.11808091212047153, 0.005541496183828354, 0.9553469980005068, 0.011687771826541953, 0.005541496183828354, 0.005541496183828354, 0.005541496183828354, 0.24557479448009903, 0.974632402317354, 0.005541496183828354, 0.9510465210246543, 0.022839962597877357, 0.9877158485271165, 0.9613579745980744, 0.9401687303981343, 0.9756486866519746, 0.8648548645301912, 0.0366054708520911, 0.9589572646606903, 0.030383573356132426, 0.005541496183828354, 0.980586336269039, 0.040503859549269994, 0.029939846358113986, 0.9834012734493891, 0.9642331357729226, 0.005541496183828354, 0.4423811780598425, 0.983270771534953, 0.005541496183828354, 0.05821298547155098, 0.005541496183828354, 0.9705278125978617, 0.7752555024174976, 0.9811972342457501, 0.9076397357689897, 0.008747264969785062, 0.9466459437071378, 0.9914030230151029, 0.6910246028172242, 0.005541496183828354, 0.01736395266043446, 0.7647257088725647, 0.7756558425887656, 0.005541496183828354, 0.005541496183828354, 0.9537735362113606, 0.09354963370479248, 0.005541496183828354, 0.9672783620856611, 0.007333532351016575, 0.9179112121606214, 0.012182820683314213, 0.12237465183403898, 0.007850241343331883, 0.9761590604466324, 0.5096306600375494, 0.8286633509632073, 0.2687555728901281, 0.005541496183828354, 0.7475954407844647, 0.007333532351016575, 0.27938430539931924, 0.005541496183828354, 0.01949325063276271, 0.011881209261780629, 0.8019686585824519, 0.005541496183828354, 0.586509975696714, 0.021633183599100134, 0.8728073507094006, 0.007333532351016575, 0.9787888713299999, 0.005541496183828354, 0.005541496183828354, 0.9898838868075291, 0.7182719567469205, 0.9872931334125676, 0.021783822080926538, 0.005541496183828354, 0.011367263207587025, 0.04774464212319212, 0.005541496183828354, 0.005541496183828354, 0.664814289034939, 0.007727702774410948, 0.19139150013481449, 0.9716716240386941, 0.9649950653848999, 0.883687106018262, 0.3100551340993516]"
Gradient Boosting,12,3,"[1, 0, 0, 0, 0, 1, 0, 0, 1, 0, 0, 0, 0, 0, 0, 0, 0, 1, 1, 0, 1, 0, 1, 1, 1, 0, 0, 0, 1, 1, 0, 0, 0, 1, 0, 0, 0, 1, 0, 0, 0, 0, 1, 0, 1, 0, 0, 1, 1, 1, 1, 0, 1, 0, 1, 0, 0, 0, 0, 1, 0, 0, 1, 1, 1, 1, 0, 1, 1, 1, 0, 0, 0, 1, 0, 0, 1, 1, 0, 0, 0, 1, 1, 1, 1, 0, 0, 0, 1, 0, 0, 1, 1, 0, 0, 1, 1, 0, 1, 1, 0, 1, 1, 1, 0, 0, 0, 1, 1, 1, 1, 0, 1, 1, 0, 0, 0, 0, 1, 1, 0, 1, 1, 1, 0, 1, 0, 1, 1, 1, 0, 0, 1, 1, 0, 0, 1, 0, 1, 0, 1, 0, 0]","[1, 1, 0, 0, 0, 0, 0, 1, 1, 0, 0, 0, 0, 0, 0, 1, 0, 1, 1, 0, 0, 0, 1, 1, 1, 0, 0, 0, 1, 1, 0, 0, 0, 1, 0, 0, 0, 1, 0, 0, 0, 1, 0, 0, 1, 0, 1, 1, 1, 0, 1, 0, 1, 0, 1, 0, 0, 0, 0, 1, 0, 0, 0, 1, 0, 1, 0, 1, 1, 1, 0, 0, 0, 0, 1, 0, 1, 1, 0, 0, 1, 1, 1, 1, 1, 0, 0, 0, 1, 0, 0, 1, 1, 0, 0, 1, 1, 0, 1, 1, 0, 0, 1, 1, 0, 0, 0, 1, 1, 1, 1, 1, 1, 1, 0, 0, 1, 1, 1, 1, 0, 1, 1, 1, 0, 1, 0, 1, 0, 1, 1, 0, 1, 1, 1, 1, 1, 1, 1, 0, 1, 0, 0]","[0.9849816920435057, 0.918571017731121, 0.1432337434562077, 0.42140088984471424, 0.008726237005025774, 0.17860168133821533, 0.011874621847362663, 0.5346331304844655, 0.7485175803761385, 0.39569962701524336, 0.008726237005025774, 0.008726237005025774, 0.05602206965838411, 0.12391742139946668, 0.008726237005025774, 0.9033671154824389, 0.049956046182240185, 0.5575063050313255, 0.70600825224838, 0.01901193261492411, 0.4439268470993143, 0.01901193261492411, 0.9580571748604304, 0.9751945949415262, 0.7556799457140305, 0.008726237005025774, 0.1750953242909241, 0.011874621847362663, 0.963542048631252, 0.9121094101799331, 0.008726237005025774, 0.008726237005025774, 0.008726237005025774, 0.982112465462704, 0.008726237005025774, 0.012106072099295385, 0.025222297322502047, 0.9291261094559463, 0.06264437225481556, 0.023484919289567068, 0.023743888393972856, 0.5133313884671806, 0.05805968834477819, 0.049147012043939925, 0.9902763808348773, 0.020220427801063482, 0.7550318628412743, 0.915769498568485, 0.9195667966169695, 0.41878363947993136, 0.6056435350551362, 0.011874621847362663, 0.9333472383136703, 0.008726237005025774, 0.8837199383414122, 0.008726237005025774, 0.008726237005025774, 0.008726237005025774, 0.008726237005025774, 0.905753984673019, 0.034927107164562224, 0.012106072099295385, 0.271503571723219, 0.7193956842256991, 0.2360535841970113, 0.9477897980473047, 0.010681600463924497, 0.957602571152713, 0.6466728581198066, 0.9540085687879597, 0.04268101387500473, 0.05710882235431994, 0.012082393367585173, 0.060676152017829915, 0.8388428846009185, 0.008726237005025774, 0.9679124667244547, 0.9352743074109279, 0.023771377599452772, 0.008726237005025774, 0.7134805293283297, 0.7664300673233059, 0.7710177083685968, 0.9342828877789771, 0.9217763139898483, 0.012106072099295385, 0.008726237005025774, 0.008726237005025774, 0.9803483784219484, 0.013400334919463332, 0.0982051900271666, 0.9004968921442474, 0.9830859645605042, 0.021274022925303067, 0.057305113832666926, 0.8961971267109478, 0.9522894126137957, 0.05276840443715036, 0.9809393809726817, 0.9874031806389689, 0.05384804918640298, 0.1174007930444796, 0.957521917615352, 0.7791184407383043, 0.008726237005025774, 0.008726237005025774, 0.04341533419629214, 0.9853590643180768, 0.8063294914197185, 0.9708802062470612, 0.9314566625528333, 0.8524148140832309, 0.9932251940613313, 0.9069355599198058, 0.020220427801063482, 0.149242776195927, 0.5110679482396491, 0.7174097682542835, 0.8750047784452519, 0.9696167115539531, 0.19310337591005472, 0.9297208140505913, 0.9910582252488566, 0.6867546328823297, 0.01595326229303923, 0.7698839138301614, 0.021274022925303067, 0.9857659774923353, 0.06695371918904422, 0.8533303663375024, 0.956121535009667, 0.01399800020353982, 0.9724221081533927, 0.9851474386521589, 0.9054428961864319, 0.8306092902798127, 0.5526696038840049, 0.5112470710167634, 0.6074523658989059, 0.011874621847362663, 0.9747830866042485, 0.008726237005025774, 0.008726237005025774]"
Gradient Boosting,13,3,"[1, 0, 0, 1, 1, 0, 1, 0, 0, 1, 0, 1, 1, 0, 1, 0, 0, 1, 1, 0, 0, 1, 0, 0, 1, 1, 1, 0, 0, 0, 0, 0, 0, 1, 0, 1, 0, 0, 1, 0, 1, 0, 1, 1, 0, 1, 1, 1, 1, 0, 1, 0, 1, 1, 1, 0, 0, 0, 0, 1, 0, 1, 1, 0, 1, 1, 0, 0, 0, 1, 1, 0, 0, 0, 0, 0, 0, 1, 0, 1, 0, 1, 1, 0, 1, 1, 0, 1, 0, 1, 0, 0, 0, 0, 1, 0, 0, 0, 0, 1, 0, 1, 1, 1, 1, 1, 0, 1, 1, 0, 0, 0, 0, 0, 1, 0, 0, 0, 1, 1, 0, 0, 0, 1, 0, 0, 0, 0, 1, 0, 1, 0, 1, 0, 1, 0, 0, 0, 0, 1, 0, 1, 0]","[1, 1, 0, 1, 0, 0, 1, 0, 0, 1, 1, 1, 0, 0, 1, 0, 0, 1, 0, 0, 0, 1, 0, 0, 0, 1, 1, 0, 0, 0, 0, 0, 0, 1, 0, 1, 0, 0, 0, 0, 0, 0, 0, 1, 0, 1, 0, 1, 1, 0, 1, 1, 1, 1, 0, 0, 0, 0, 0, 1, 0, 1, 1, 0, 1, 0, 0, 0, 1, 1, 1, 0, 0, 0, 0, 0, 0, 1, 0, 0, 1, 1, 1, 0, 1, 1, 1, 1, 0, 1, 0, 0, 0, 0, 1, 0, 0, 0, 0, 1, 1, 1, 1, 1, 1, 1, 0, 1, 0, 0, 0, 0, 0, 0, 1, 0, 0, 0, 1, 1, 0, 1, 0, 1, 1, 1, 0, 0, 1, 0, 1, 0, 1, 0, 0, 0, 0, 0, 1, 1, 0, 1, 0]","[0.9895404464467438, 0.7910106140634667, 0.010617892995920359, 0.9175925062622777, 0.20645573284645363, 0.02210928761689972, 0.9760687853940027, 0.0913944359986002, 0.019869179711616378, 0.932159307451587, 0.9798106331730918, 0.9853643574013282, 0.06329613211638539, 0.010617892995920359, 0.9895710284386735, 0.010617892995920359, 0.010617892995920359, 0.9898155988175625, 0.08844121025798743, 0.010617892995920359, 0.010617892995920359, 0.9757024593624998, 0.010617892995920359, 0.012999091385568467, 0.4768688490095197, 0.9863645310691439, 0.9846459533573855, 0.018128101037144323, 0.1751382811152698, 0.010617892995920359, 0.010617892995920359, 0.3133240674213875, 0.010617892995920359, 0.990548685836675, 0.010617892995920359, 0.9753876144861956, 0.03991019095770902, 0.012999091385568467, 0.31156929837607356, 0.010617892995920359, 0.41307044923630837, 0.27906058590287275, 0.32173567860449886, 0.8757253348626807, 0.05881450227138962, 0.9412094429917363, 0.42487197631606993, 0.9704366456443791, 0.9808951307188248, 0.012999091385568467, 0.6812653046277066, 0.9895976390272232, 0.8731958248925791, 0.9453689081722715, 0.08803116149100541, 0.010617892995920359, 0.010617892995920359, 0.010617892995920359, 0.05346924487953655, 0.9674573728739938, 0.010617892995920359, 0.7826416768746796, 0.7997583765502115, 0.010617892995920359, 0.9827580772154827, 0.02758246978776034, 0.07686600433047702, 0.023454132412856918, 0.8912961229270596, 0.9580375277126154, 0.8369886836829403, 0.018128101037144323, 0.010617892995920359, 0.010617892995920359, 0.010617892995920359, 0.025184047703342708, 0.010617892995920359, 0.7757854517149076, 0.33849740328128386, 0.009366394328024736, 0.9905027790916854, 0.9816133068118431, 0.9762187698339274, 0.010617892995920359, 0.9780802412051673, 0.9702448043603342, 0.9643964627624177, 0.8947087628936149, 0.43873155259155605, 0.9881168038123412, 0.07694566598947873, 0.0366677349757509, 0.010617892995920359, 0.0694549432809965, 0.5292453197872583, 0.010617892995920359, 0.08533962010003222, 0.05059155105691668, 0.010617892995920359, 0.8713721601289209, 0.7155884346500009, 0.9625438288007582, 0.8530454370178896, 0.9872655279410537, 0.9906650184916014, 0.7691272023107062, 0.04367913586639233, 0.7348499089870396, 0.46422371428429926, 0.16449971546746509, 0.04349195047969858, 0.17677560634123624, 0.010617892995920359, 0.010617892995920359, 0.8263841541125968, 0.34444257775993775, 0.020339098936481132, 0.12790420750997755, 0.9851277426498148, 0.9920872766107018, 0.010617892995920359, 0.9870846380965318, 0.018128101037144323, 0.9773295865813255, 0.8450062058753037, 0.5788930688313267, 0.012971521552563809, 0.010617892995920359, 0.9742298041492454, 0.010617892995920359, 0.8807461524778017, 0.010617892995920359, 0.8514069701181725, 0.2974649967877333, 0.0762282162439664, 0.010617892995920359, 0.018128101037144323, 0.010617892995920359, 0.8073335543461508, 0.8846715069668838, 0.010617892995920359, 0.9040807021640835, 0.3594194082062498]"
Gradient Boosting,14,3,"[0, 0, 0, 1, 0, 1, 0, 0, 1, 0, 0, 0, 1, 0, 0, 0, 1, 0, 0, 0, 0, 1, 0, 1, 1, 0, 0, 0, 1, 0, 0, 1, 0, 1, 0, 0, 1, 1, 0, 0, 1, 0, 1, 0, 1, 1, 0, 0, 0, 0, 1, 0, 0, 0, 0, 0, 0, 0, 0, 0, 1, 1, 1, 1, 0, 0, 0, 1, 0, 0, 1, 1, 1, 0, 0, 0, 0, 1, 0, 1, 0, 0, 1, 0, 0, 1, 0, 1, 1, 0, 1, 1, 1, 1, 0, 0, 1, 1, 1, 0, 0, 0, 0, 0, 1, 0, 1, 1, 0, 1, 0, 1, 1, 0, 1, 0, 0, 0, 0, 1, 0, 0, 0, 0, 1, 0, 0, 0, 1, 1, 1, 1, 1, 1, 1, 1, 0, 1, 0, 1, 0, 0, 0]","[0, 0, 0, 1, 0, 1, 1, 1, 0, 0, 0, 0, 1, 0, 0, 0, 1, 0, 0, 0, 0, 1, 1, 0, 0, 0, 0, 0, 0, 0, 0, 1, 0, 1, 0, 0, 1, 1, 0, 1, 0, 0, 0, 0, 1, 1, 0, 0, 0, 0, 0, 0, 0, 0, 0, 0, 0, 0, 0, 0, 1, 1, 0, 1, 0, 0, 0, 1, 0, 0, 1, 1, 1, 1, 0, 0, 1, 1, 0, 1, 0, 0, 1, 0, 0, 1, 1, 1, 1, 0, 1, 1, 0, 1, 0, 0, 1, 1, 1, 0, 1, 0, 0, 0, 1, 0, 1, 0, 0, 0, 0, 1, 1, 0, 1, 0, 1, 0, 0, 1, 0, 0, 0, 0, 0, 0, 0, 0, 1, 1, 1, 1, 1, 1, 1, 1, 0, 1, 0, 1, 0, 0, 0]","[0.016547697774292675, 0.016845519838524364, 0.06682809759272906, 0.9653221734382262, 0.01112302306214155, 0.9579975421401913, 0.8438860610877715, 0.6691873028998233, 0.44566622967040626, 0.016845519838524364, 0.01112302306214155, 0.012336663331791344, 0.9934195942366875, 0.01314604626629566, 0.01112302306214155, 0.13399571227885554, 0.9515170722838335, 0.01112302306214155, 0.057846082454610225, 0.4683609802071734, 0.02761130799692227, 0.9341038775144357, 0.6241564999542736, 0.43771344341632884, 0.24359733284405874, 0.01112302306214155, 0.016845519838524364, 0.4391804827086827, 0.1901151767432447, 0.01068374523028652, 0.2502628539070577, 0.9731295808629273, 0.02256765787723308, 0.9249263873725181, 0.01112302306214155, 0.026785564745446647, 0.9101911812281313, 0.972251025671805, 0.050565733536949306, 0.9223740989374292, 0.27607756745144374, 0.016796697498352997, 0.2000125971075112, 0.3593417515872085, 0.9498918916266528, 0.9803407320856133, 0.08613674240774334, 0.01112302306214155, 0.01112302306214155, 0.01112302306214155, 0.36669666355294295, 0.01112302306214155, 0.01112302306214155, 0.01112302306214155, 0.01112302306214155, 0.01581394650829871, 0.3440798540217304, 0.024857583231537007, 0.012336663331791344, 0.01112302306214155, 0.9813513705951142, 0.9630378703623825, 0.07398748559937755, 0.9844279830867027, 0.01797387549246106, 0.184151536027443, 0.05419739509757936, 0.9827159751440083, 0.03597655054695131, 0.09200881177566567, 0.6855734197380303, 0.9736440080398264, 0.5164192776238501, 0.8212197705887474, 0.02051139565261918, 0.01112302306214155, 0.5410884286988972, 0.5885436594758722, 0.014914746605562903, 0.9821258024502532, 0.05550859843290176, 0.02382241749789762, 0.9815911114158992, 0.01112302306214155, 0.3480514758727259, 0.9763788232814623, 0.8406456672323843, 0.938769005028439, 0.9695463092087215, 0.027605954748320165, 0.8859820902695068, 0.8964614686697135, 0.49877410733725924, 0.9606434668687281, 0.01112302306214155, 0.015195137370943357, 0.9775359981715037, 0.7904105546248434, 0.820648722544619, 0.0168008490020918, 0.9108557283790586, 0.01112302306214155, 0.12047741200998471, 0.04105308720789989, 0.9272773726838031, 0.01112302306214155, 0.9742533030135155, 0.3331268004546786, 0.029891654082710974, 0.0496446171510519, 0.01112302306214155, 0.9558762944415976, 0.9653984915577339, 0.01987736171826659, 0.9519261874387395, 0.01112302306214155, 0.8998961227372567, 0.01112302306214155, 0.014901066945868525, 0.9179211770544476, 0.12409975823748486, 0.25294183217383753, 0.01112302306214155, 0.29229514803001727, 0.07733877150601187, 0.07637904733599706, 0.01112302306214155, 0.057088015467881933, 0.8683988769946678, 0.7435444219461276, 0.9610217006821191, 0.8440490189034798, 0.9717704187148954, 0.9834843422223443, 0.9770614710648079, 0.8271033135094124, 0.0284311832346034, 0.956317174532834, 0.08998429015129064, 0.9579422757486314, 0.01112302306214155, 0.012336663331791344, 0.01112302306214155]"
Gradient Boosting,15,3,"[0, 1, 0, 1, 0, 1, 1, 0, 0, 0, 1, 1, 1, 1, 1, 0, 0, 0, 1, 0, 1, 1, 0, 1, 1, 1, 0, 1, 0, 0, 1, 0, 1, 0, 1, 0, 0, 1, 0, 0, 0, 1, 0, 1, 1, 0, 1, 0, 0, 0, 0, 0, 0, 0, 1, 1, 0, 1, 1, 1, 0, 1, 0, 0, 1, 0, 0, 0, 0, 0, 0, 1, 0, 0, 1, 1, 1, 1, 0, 0, 0, 1, 1, 0, 0, 0, 1, 1, 0, 0, 1, 0, 1, 0, 0, 1, 1, 1, 1, 0, 0, 0, 0, 0, 1, 0, 0, 1, 1, 0, 0, 1, 0, 0, 1, 0, 1, 1, 1, 0, 0, 1, 1, 1, 0, 0, 0, 1, 1, 0, 1, 0, 0, 0, 0, 0, 1, 0, 0, 1, 1, 0, 1]","[0, 1, 0, 0, 0, 1, 1, 0, 0, 1, 1, 1, 1, 1, 1, 0, 0, 0, 1, 0, 1, 1, 0, 1, 1, 1, 0, 1, 0, 0, 1, 0, 1, 0, 0, 1, 0, 1, 0, 0, 0, 1, 0, 1, 1, 0, 1, 0, 0, 0, 0, 0, 0, 1, 1, 1, 1, 1, 1, 0, 0, 1, 0, 0, 1, 0, 0, 0, 0, 0, 1, 0, 0, 0, 1, 1, 1, 1, 0, 1, 0, 0, 1, 1, 1, 0, 1, 1, 0, 0, 0, 0, 0, 0, 0, 1, 1, 1, 1, 0, 0, 0, 0, 1, 1, 0, 0, 1, 1, 0, 0, 1, 0, 0, 1, 0, 0, 1, 0, 0, 0, 1, 1, 1, 0, 1, 0, 1, 0, 0, 1, 0, 0, 0, 0, 1, 1, 0, 0, 1, 1, 0, 1]","[0.015953125342468986, 0.9688492669709287, 0.010485113321577436, 0.014277854886070454, 0.33171967517646594, 0.5816785972523675, 0.663939205903304, 0.01960903218826918, 0.0357777305444891, 0.7380375847562657, 0.7344308011460168, 0.6790347879600482, 0.709289627217445, 0.9360647904874422, 0.9597689255767168, 0.0769231828840999, 0.06548700024060224, 0.027541200259303216, 0.9861171857283312, 0.014277854886070454, 0.9432110480020439, 0.5021455100488391, 0.07659029313410919, 0.9512773965250131, 0.8732591599639102, 0.9773989207237667, 0.010485113321577436, 0.9111445688430547, 0.009008755254612049, 0.010485113321577436, 0.6119851445735272, 0.010485113321577436, 0.9368416599513472, 0.01051249912796169, 0.3098854857551733, 0.902333969146304, 0.05266535894087291, 0.6444388666196397, 0.014277854886070454, 0.01172065962305559, 0.04380177517096293, 0.9623954369072815, 0.010485113321577436, 0.7696053174024242, 0.8722239633332863, 0.04239134192249216, 0.9701621379191578, 0.010485113321577436, 0.28670634839033027, 0.010485113321577436, 0.010485113321577436, 0.1013716845332138, 0.014277854886070454, 0.9507187372601157, 0.8347955189977836, 0.9761868162405317, 0.8937091445119709, 0.6785679756086079, 0.8555160013940533, 0.017657977577057466, 0.029349340539554198, 0.9876116309005767, 0.014277854886070454, 0.02286049819652775, 0.9614502569315797, 0.010485113321577436, 0.014277854886070454, 0.0288953253687703, 0.017657977577057466, 0.010485113321577436, 0.9215899374167644, 0.11858663773532342, 0.015953125342468986, 0.009622470823907174, 0.968010653694397, 0.9823775781570823, 0.986310236584288, 0.9714959966476425, 0.021409130634003327, 0.5504076285092423, 0.015953125342468986, 0.04545417941598006, 0.9445643533715339, 0.9042296709389449, 0.8297006691244648, 0.010485113321577436, 0.9837467209236008, 0.979471643937465, 0.010485113321577436, 0.010485113321577436, 0.41698542755486373, 0.08427250020591745, 0.31746530223914704, 0.04013200407344076, 0.21109403598927806, 0.9545268877842982, 0.9079996203581202, 0.8218134530154547, 0.9844578811818768, 0.0288953253687703, 0.010485113321577436, 0.015953125342468986, 0.014277854886070454, 0.5093769606262233, 0.8435804905557543, 0.010485113321577436, 0.014277854886070454, 0.9574361868448157, 0.6783627925923222, 0.127498612246805, 0.3241249918751236, 0.964659119522794, 0.010485113321577436, 0.02104467839994605, 0.7835556034730654, 0.47577952435666804, 0.4296990959550509, 0.9806393327036907, 0.4597062754053108, 0.010485113321577436, 0.010485113321577436, 0.9588707019042654, 0.8662551461737895, 0.9572351947784786, 0.03432073827036572, 0.9282681600993776, 0.49447619357460093, 0.9341821732746922, 0.06760312823571941, 0.04172748800539881, 0.9499048151903614, 0.02876597299005072, 0.010485113321577436, 0.014277854886070454, 0.015953125342468986, 0.8886396570696156, 0.9757329247653463, 0.014277854886070454, 0.08635137839671411, 0.6640621451751454, 0.7054721560990912, 0.015953125342468986, 0.9853912507410026]"
Gradient Boosting,16,4,"[1, 1, 1, 1, 0, 1, 1, 1, 1, 0, 0, 0, 0, 1, 0, 1, 0, 1, 1, 1, 0, 0, 1, 0, 0, 1, 1, 0, 0, 0, 0, 0, 1, 0, 1, 0, 0, 0, 0, 0, 1, 0, 0, 1, 0, 0, 0, 1, 0, 0, 0, 0, 0, 1, 0, 0, 1, 1, 0, 0, 1, 1, 1, 0, 1, 1, 0, 1, 1, 0, 1, 1, 1, 0, 1, 0, 1, 1, 1, 0, 1, 1, 1, 1, 1, 1, 1, 0, 0, 0, 1, 1, 0, 1, 0, 0, 0, 0, 1, 1, 1, 1, 0, 1, 1, 1, 0, 1, 1, 0, 0, 0, 0, 0, 1, 0, 1, 0, 1, 0, 1, 1, 1, 0, 0, 0, 0, 0, 0, 1, 0, 0, 0, 1, 0, 0, 1, 0, 1, 0, 0, 0, 1, 0]","[1, 1, 0, 1, 0, 1, 1, 1, 0, 0, 0, 0, 0, 1, 0, 1, 1, 1, 1, 1, 0, 0, 1, 0, 0, 1, 0, 0, 0, 0, 0, 0, 1, 0, 1, 0, 0, 0, 0, 0, 1, 0, 0, 1, 0, 1, 1, 1, 0, 0, 0, 0, 0, 1, 0, 0, 1, 0, 0, 0, 1, 1, 1, 0, 1, 1, 0, 1, 1, 0, 1, 1, 1, 0, 1, 0, 1, 1, 1, 1, 1, 1, 1, 1, 1, 1, 0, 0, 0, 0, 1, 1, 0, 1, 1, 0, 0, 0, 0, 1, 1, 1, 0, 1, 1, 1, 0, 1, 1, 0, 0, 0, 0, 0, 1, 0, 0, 0, 1, 0, 1, 1, 1, 0, 0, 1, 0, 0, 0, 1, 1, 0, 1, 1, 0, 0, 0, 0, 1, 0, 0, 0, 1, 0]","[0.9719344929848993, 0.968994410351565, 0.06073692716750372, 0.9581533441050271, 0.007860761960232795, 0.9240469289613332, 0.6981919393989083, 0.9896853938988107, 0.17354117636034655, 0.007860761960232795, 0.03205981219508704, 0.007860761960232795, 0.08380123555607459, 0.961897228480296, 0.007860761960232795, 0.6522600609268483, 0.5413662062241524, 0.9732529139418618, 0.9667927297624047, 0.8842518143161235, 0.007860761960232795, 0.031537380670608996, 0.7022892442241153, 0.015895134257560454, 0.007860761960232795, 0.9676289201421968, 0.3923526250832657, 0.007860761960232795, 0.15251741688130985, 0.007860761960232795, 0.007860761960232795, 0.007860761960232795, 0.9530168446580941, 0.007860761960232795, 0.9820134105566839, 0.007860761960232795, 0.3370327419338855, 0.05942947049524241, 0.007860761960232795, 0.06702231394039172, 0.6405798107826255, 0.37236480381997705, 0.015895134257560454, 0.9885051630915642, 0.007860761960232795, 0.5812585636833971, 0.6052948276243735, 0.9634854254744821, 0.007860761960232795, 0.007860761960232795, 0.014357830746901924, 0.007860761960232795, 0.007860761960232795, 0.9642913639243309, 0.2408872333127319, 0.007860761960232795, 0.9313636268156158, 0.03255660738755803, 0.05685174001624735, 0.02929282569886922, 0.9850858460729843, 0.9800616988555281, 0.9455127083439355, 0.021869471660841296, 0.9721475351988009, 0.9742335728382144, 0.007860761960232795, 0.5271028357493276, 0.9860033737568987, 0.16565836274014764, 0.5733869050706781, 0.9745727783725148, 0.988889757687786, 0.007860761960232795, 0.9857795562190482, 0.007860761960232795, 0.7447016886910037, 0.9771584066588738, 0.9602299449485141, 0.948745996002092, 0.8811696424760144, 0.9747913579755723, 0.9441991167785914, 0.9162544507151755, 0.9321260650587331, 0.8975120666927472, 0.43718771460267014, 0.017113703949933043, 0.007860761960232795, 0.007860761960232795, 0.6076332928575474, 0.7928150544986756, 0.007860761960232795, 0.9355853185232976, 0.6657462316659325, 0.015895134257560454, 0.07654864774578914, 0.25822988147943143, 0.007860761960232795, 0.8972680449892275, 0.8452880177483117, 0.9923077003976597, 0.19145408471729344, 0.9193151336793384, 0.9670203910578805, 0.7110445859224496, 0.15591218856951206, 0.9010342118304616, 0.9736050142105173, 0.015895134257560454, 0.021869471660841296, 0.015895134257560454, 0.007860761960232795, 0.46051393112824357, 0.9318590525069588, 0.007860761960232795, 0.3759561707921462, 0.015633854229992174, 0.6736067822109183, 0.038513260079009126, 0.6926804109387713, 0.9398848634907978, 0.9667783909690294, 0.03140696022682077, 0.10637826079476731, 0.696846338922439, 0.008708565858085392, 0.015895134257560454, 0.015895134257560454, 0.9522963097760325, 0.7029023411776886, 0.015895134257560454, 0.7996050678238509, 0.9498135119363282, 0.015895134257560454, 0.015895134257560454, 0.24651371151295928, 0.07525578649054318, 0.979209074942457, 0.015895134257560454, 0.2637904327306863, 0.028182059804128707, 0.8634655682366799, 0.007860761960232795]"
Gradient Boosting,17,4,"[0, 1, 1, 0, 0, 1, 0, 0, 0, 0, 1, 0, 0, 0, 1, 0, 0, 0, 0, 1, 1, 0, 1, 0, 1, 1, 1, 0, 0, 0, 0, 1, 1, 1, 0, 1, 0, 0, 1, 0, 0, 0, 0, 1, 0, 0, 1, 0, 0, 1, 1, 1, 0, 1, 0, 0, 0, 1, 1, 1, 1, 1, 0, 1, 1, 0, 0, 0, 0, 0, 0, 0, 0, 1, 1, 0, 1, 0, 0, 1, 0, 0, 0, 0, 0, 0, 0, 1, 0, 0, 0, 1, 1, 0, 0, 1, 0, 0, 0, 1, 1, 0, 1, 0, 1, 0, 1, 0, 1, 1, 0, 0, 1, 1, 0, 0, 0, 0, 1, 0, 0, 1, 0, 1, 1, 0, 0, 1, 1, 1, 0, 1, 1, 0, 1, 1, 1, 1, 1, 0, 0, 0, 0]","[0, 0, 1, 0, 0, 0, 0, 1, 1, 0, 1, 0, 0, 0, 1, 0, 0, 0, 0, 1, 0, 0, 1, 0, 1, 1, 1, 0, 0, 1, 0, 1, 1, 1, 0, 1, 0, 0, 1, 0, 0, 0, 0, 1, 0, 0, 0, 0, 1, 0, 1, 1, 1, 1, 0, 0, 0, 1, 1, 1, 1, 1, 0, 1, 0, 0, 0, 0, 0, 0, 0, 0, 0, 1, 1, 0, 0, 0, 0, 1, 0, 0, 0, 0, 0, 1, 0, 1, 0, 1, 1, 0, 1, 1, 0, 1, 0, 0, 1, 1, 1, 0, 1, 0, 1, 0, 1, 1, 1, 1, 0, 0, 1, 1, 0, 0, 0, 1, 1, 0, 1, 1, 1, 1, 1, 1, 1, 1, 1, 0, 0, 0, 1, 0, 1, 1, 1, 0, 1, 0, 1, 0, 1]","[0.01157627218829304, 0.4530027643688588, 0.9811821910397073, 0.0248118677202488, 0.009452156344289099, 0.2276421815054949, 0.009452156344289099, 0.7985274623795553, 0.6578528696437758, 0.030017064248526605, 0.816553026716121, 0.009452156344289099, 0.012992746149346023, 0.16882919840883262, 0.9359930633866724, 0.009452156344289099, 0.009452156344289099, 0.03473196104678944, 0.017964492196760544, 0.7731027332534899, 0.2398982520653737, 0.0360513478911503, 0.9894653528066365, 0.01157627218829304, 0.9772163018859811, 0.9823503605932818, 0.917247582779345, 0.015144208836681227, 0.009452156344289099, 0.8690185219770514, 0.032064775025764325, 0.9203964084003973, 0.9812746081971985, 0.5693833090768259, 0.018821434335775076, 0.9761334657844376, 0.009452156344289099, 0.10965975713882438, 0.9827479264626224, 0.015381828747707644, 0.020352251346557167, 0.01468562538368649, 0.19094284727288482, 0.9728663103991846, 0.48889632544667944, 0.18066785353673048, 0.18850020634230727, 0.009452156344289099, 0.7338079669313036, 0.1483568509534317, 0.6871534201298733, 0.8732091057087337, 0.5631027345844972, 0.9146671791826774, 0.009452156344289099, 0.009452156344289099, 0.009452156344289099, 0.982917622301038, 0.9059262401884941, 0.9652339356000533, 0.968067765118046, 0.5857024220091941, 0.009452156344289099, 0.963947158172457, 0.3902967782766472, 0.038234417547296076, 0.009452156344289099, 0.009452156344289099, 0.009452156344289099, 0.009452156344289099, 0.028184762851179417, 0.015509213527224017, 0.009452156344289099, 0.9820896816484905, 0.8785379151881613, 0.07306396583228363, 0.05532200687958854, 0.02494222235640481, 0.009452156344289099, 0.5372431627735275, 0.034308287685906866, 0.01589974217765683, 0.009452156344289099, 0.03648723558324686, 0.20730331862419937, 0.660822873363276, 0.0487273172344926, 0.9313143356818989, 0.018801594920764168, 0.969241243964033, 0.8969135255840969, 0.34809294076320374, 0.9873374823705893, 0.5278708310653332, 0.009452156344289099, 0.9816437160604455, 0.009452156344289099, 0.029476965960506345, 0.7074980031140747, 0.8505668501385484, 0.8938688131461434, 0.027697355948140732, 0.7015345270920338, 0.016259530881477368, 0.9144992887812006, 0.04702012662576219, 0.8770328759598364, 0.9770886697242442, 0.9825383358331028, 0.9764782945804829, 0.014362473472266357, 0.01157627218829304, 0.8731239882596603, 0.8752616795912356, 0.009452156344289099, 0.01234256279463337, 0.009452156344289099, 0.760851896765135, 0.9575757372253391, 0.1301353927371196, 0.6833594804418517, 0.9395561928171103, 0.9479949479356687, 0.8452329924287841, 0.9819153458763209, 0.9278657208130888, 0.5652889025965033, 0.941896008284483, 0.8792187225229217, 0.22312454961044045, 0.035544348273987385, 0.06523526775993492, 0.9806043181674036, 0.009452156344289099, 0.9756619027783854, 0.9766483354423822, 0.9845372436914871, 0.12922780417384758, 0.9830441111695196, 0.2819540441986025, 0.8185856760549687, 0.009452156344289099, 0.9753235910572161]"
Gradient Boosting,18,4,"[0, 0, 0, 0, 0, 0, 0, 0, 0, 0, 0, 0, 1, 1, 0, 1, 0, 0, 1, 0, 1, 0, 0, 1, 1, 0, 1, 0, 0, 0, 0, 0, 0, 0, 0, 0, 1, 1, 1, 1, 0, 1, 1, 0, 0, 1, 0, 1, 0, 0, 1, 0, 0, 1, 1, 1, 0, 1, 1, 0, 0, 0, 1, 1, 1, 1, 0, 1, 1, 0, 0, 0, 0, 0, 0, 0, 0, 0, 0, 0, 1, 1, 0, 1, 0, 0, 1, 1, 0, 0, 1, 0, 0, 0, 0, 0, 1, 0, 1, 0, 1, 0, 1, 0, 0, 0, 1, 0, 0, 1, 1, 1, 0, 1, 0, 0, 1, 1, 1, 1, 0, 0, 0, 0, 1, 1, 0, 0, 1, 1, 1, 1, 1, 0, 0, 1, 0, 1, 0, 1, 1, 0, 0]","[0, 0, 1, 0, 0, 1, 0, 1, 0, 0, 0, 0, 1, 1, 1, 1, 0, 0, 1, 0, 1, 0, 0, 0, 1, 0, 1, 0, 0, 0, 0, 0, 0, 0, 0, 0, 0, 0, 1, 1, 0, 1, 1, 0, 0, 1, 0, 1, 1, 0, 0, 0, 0, 1, 1, 1, 0, 1, 1, 0, 0, 0, 1, 1, 1, 1, 0, 0, 0, 1, 0, 0, 0, 0, 0, 0, 0, 0, 1, 0, 1, 1, 0, 1, 1, 0, 1, 1, 0, 1, 1, 1, 0, 0, 0, 0, 1, 0, 1, 0, 1, 0, 1, 0, 0, 0, 1, 0, 0, 1, 1, 1, 0, 1, 0, 0, 1, 1, 1, 1, 0, 0, 0, 0, 0, 1, 0, 0, 1, 1, 1, 1, 1, 0, 0, 1, 0, 1, 0, 1, 1, 0, 1]","[0.015288777415974397, 0.1876686621055524, 0.771605423934592, 0.023608092855678574, 0.32939476879517365, 0.7988207471844042, 0.2634353647141471, 0.8774516749935479, 0.02075800419237772, 0.010677800998524162, 0.02530421909948892, 0.0829843436828754, 0.9615656943588035, 0.9767500457632293, 0.9849476667717073, 0.9749388226314271, 0.033247554867888086, 0.022610597717814814, 0.7695412264498122, 0.034751285499155314, 0.9652212833050636, 0.11365599287434906, 0.01755175006189204, 0.3859612413543219, 0.9450027217038495, 0.014500630509498985, 0.7360575692075138, 0.19957838837842948, 0.010677800998524162, 0.010677800998524162, 0.04192171102697639, 0.010677800998524162, 0.01791062402949223, 0.042252646240354956, 0.010677800998524162, 0.08194800834017006, 0.2643223709669393, 0.06951571634822254, 0.9449483644459217, 0.9053641295012358, 0.04034074681977255, 0.9769618655793155, 0.9713097002011685, 0.02232446434861284, 0.010677800998524162, 0.6777973683779028, 0.23805372757191653, 0.940970170063631, 0.9882837244099957, 0.014500630509498985, 0.10465637749988226, 0.010677800998524162, 0.010677800998524162, 0.9827397168381552, 0.7721497036131298, 0.8363374710390518, 0.014500630509498985, 0.7640402982073479, 0.959556136062431, 0.014500630509498985, 0.30543020009652344, 0.010677800998524162, 0.9637381730327138, 0.9733456634240693, 0.7919904009582014, 0.9076473954251435, 0.0583567343658703, 0.05858168541128911, 0.2557417330570729, 0.9694465381244707, 0.014500630509498985, 0.00865338823119443, 0.04692047188499524, 0.03893511196416257, 0.21490241212396669, 0.030290671349242224, 0.015288777415974397, 0.026129726074452936, 0.8770367256009954, 0.010677800998524162, 0.9115768290170608, 0.98015406552662, 0.010677800998524162, 0.9837233978815049, 0.798376773999615, 0.02194488940209477, 0.9933287104468388, 0.9476601490758394, 0.010677800998524162, 0.967784930613665, 0.7942552270030759, 0.8391489119903257, 0.0165387966303899, 0.02075800419237772, 0.010677800998524162, 0.02312737619562924, 0.9474845701660433, 0.010677800998524162, 0.9758419504023453, 0.020412565073191506, 0.5577820377753048, 0.010677800998524162, 0.9911944777505837, 0.014500630509498985, 0.21286871565060214, 0.010677800998524162, 0.9875712882737135, 0.010677800998524162, 0.010677800998524162, 0.9890050576394198, 0.6041033755004807, 0.6317751737144216, 0.010677800998524162, 0.8805895937145853, 0.0165387966303899, 0.044899033069106246, 0.9839787964532509, 0.9652342680186302, 0.8357598629594447, 0.9761983744129338, 0.04259993089180502, 0.133032244651367, 0.015288777415974397, 0.029693927267380828, 0.12097281501213082, 0.9747327812520012, 0.023270612589623513, 0.010677800998524162, 0.9859265020659889, 0.9791078933421538, 0.9774583897929607, 0.964758762989945, 0.952121471329937, 0.010677800998524162, 0.056742583357045295, 0.9567392279387699, 0.03313186883106352, 0.9719927864726972, 0.014500630509498985, 0.7711992776809274, 0.9518102051592543, 0.010677800998524162, 0.5243608399117216]"
Gradient Boosting,19,4,"[0, 0, 1, 1, 1, 0, 1, 0, 0, 0, 0, 1, 0, 1, 0, 0, 0, 1, 0, 1, 1, 0, 0, 0, 0, 0, 1, 1, 1, 1, 0, 0, 0, 0, 1, 0, 1, 1, 0, 0, 1, 0, 0, 1, 0, 1, 1, 0, 1, 0, 1, 0, 1, 0, 0, 0, 1, 0, 0, 0, 0, 0, 0, 1, 0, 0, 0, 1, 0, 1, 1, 0, 0, 1, 0, 0, 0, 0, 0, 0, 1, 1, 0, 1, 0, 0, 1, 1, 0, 1, 0, 0, 1, 0, 1, 1, 1, 1, 0, 0, 1, 0, 0, 1, 0, 0, 1, 0, 0, 1, 1, 0, 0, 0, 1, 0, 0, 1, 1, 0, 0, 0, 1, 0, 0, 0, 1, 1, 0, 1, 1, 1, 0, 0, 0, 0, 0, 0, 0, 0, 0, 1, 1]","[0, 1, 1, 0, 0, 0, 1, 0, 0, 0, 0, 1, 0, 1, 1, 0, 0, 1, 0, 1, 1, 0, 1, 1, 0, 0, 0, 1, 1, 1, 1, 0, 0, 0, 1, 0, 1, 1, 0, 0, 0, 0, 0, 1, 0, 1, 1, 0, 1, 0, 1, 0, 0, 0, 0, 0, 0, 0, 1, 0, 0, 0, 0, 1, 0, 0, 0, 1, 0, 0, 1, 1, 1, 1, 0, 0, 0, 1, 0, 0, 1, 1, 0, 0, 0, 0, 1, 1, 0, 1, 0, 0, 1, 1, 1, 1, 1, 1, 0, 0, 0, 0, 1, 1, 1, 0, 1, 0, 0, 1, 1, 0, 0, 0, 1, 0, 0, 1, 1, 0, 0, 0, 1, 0, 0, 0, 1, 1, 1, 1, 1, 0, 1, 0, 1, 0, 0, 0, 0, 0, 0, 1, 1]","[0.007892005609958385, 0.6560970589451586, 0.9351483268373556, 0.2867979097195031, 0.00876704198640915, 0.007892005609958385, 0.9782265939924915, 0.11774837606811131, 0.00876704198640915, 0.007892005609958385, 0.007892005609958385, 0.9764019061642034, 0.007892005609958385, 0.9448504780731073, 0.8017851029355962, 0.19037209879191377, 0.007892005609958385, 0.9929356348711474, 0.23428705119171245, 0.7314083559689201, 0.9899698140723955, 0.00876704198640915, 0.5621084566656114, 0.5839729930983512, 0.007892005609958385, 0.10892938679091177, 0.161032173487251, 0.7246330002153472, 0.8007882557163146, 0.9844317801012292, 0.616488580317415, 0.007892005609958385, 0.14390561133564753, 0.007892005609958385, 0.7331154074197319, 0.007892005609958385, 0.8275306181478441, 0.9673522085826534, 0.007892005609958385, 0.00876704198640915, 0.007892005609958385, 0.25377872694589687, 0.11896228649557025, 0.9850270027385867, 0.09410085801253287, 0.9869832259639695, 0.7498957560534221, 0.20322418692965527, 0.9845836147158716, 0.007892005609958385, 0.7060344414644351, 0.007892005609958385, 0.39241435757773646, 0.007892005609958385, 0.007892005609958385, 0.007892005609958385, 0.02066542617101666, 0.013807172052938433, 0.7762351175921546, 0.13022912345333726, 0.016188063727173997, 0.007892005609958385, 0.4024290061829084, 0.9743031380093307, 0.007892005609958385, 0.02205835804894253, 0.05289329707455977, 0.9706893771060114, 0.0342536655021225, 0.1882713500909582, 0.9804181078878353, 0.9350000684898269, 0.7296646230523764, 0.9225923552879671, 0.007892005609958385, 0.15608789235405396, 0.007892005609958385, 0.6797452812497917, 0.021200388111867613, 0.13226894612252293, 0.8108713503711662, 0.7994319630217868, 0.02066542617101666, 0.22858900415003064, 0.2313611688777468, 0.00876704198640915, 0.7749420780930686, 0.8854709594264101, 0.007892005609958385, 0.9846570273623063, 0.007892005609958385, 0.011437271871709065, 0.9719167629076378, 0.59175963158853, 0.6928069937815381, 0.7699256849711419, 0.9723166562138561, 0.9273266624431177, 0.3643624925761867, 0.026177863992276607, 0.03949775758856964, 0.007892005609958385, 0.9436686508158073, 0.9794942315735398, 0.8314688026495356, 0.19727031346150814, 0.97668091769425, 0.03618319008397235, 0.3716179816452508, 0.9870598033485252, 0.9813881528055434, 0.007892005609958385, 0.20470128600306453, 0.007892005609958385, 0.9894815703301675, 0.007892005609958385, 0.007892005609958385, 0.9460435845455613, 0.9804772375131701, 0.06864047263684475, 0.015346213922903326, 0.007892005609958385, 0.897661759501255, 0.00876704198640915, 0.007892005609958385, 0.011347865567594468, 0.5713340979497858, 0.9616042149897577, 0.9855373516774889, 0.8847953858860435, 0.9493179622373993, 0.38423304428386384, 0.5282578137398521, 0.007892005609958385, 0.7649673821001245, 0.007892005609958385, 0.015327927378130555, 0.007892005609958385, 0.007892005609958385, 0.010430805374684306, 0.007892005609958385, 0.812068944863163, 0.7205780730393769]"
Gradient Boosting,20,4,"[0, 0, 1, 1, 0, 0, 1, 0, 0, 1, 1, 0, 1, 0, 0, 1, 1, 1, 1, 1, 0, 0, 0, 0, 0, 0, 1, 1, 1, 0, 0, 0, 1, 0, 0, 1, 0, 1, 0, 0, 1, 0, 0, 1, 1, 0, 1, 0, 0, 0, 0, 0, 1, 1, 0, 1, 0, 1, 1, 0, 0, 0, 1, 0, 0, 1, 0, 0, 1, 1, 1, 1, 1, 1, 1, 1, 1, 1, 1, 1, 1, 0, 0, 1, 1, 0, 1, 1, 0, 1, 1, 1, 0, 1, 0, 0, 0, 0, 1, 0, 0, 0, 0, 0, 1, 1, 1, 0, 1, 0, 0, 1, 0, 0, 0, 0, 1, 0, 0, 1, 0, 0, 1, 1, 0, 1, 0, 0, 0, 0, 0, 1, 0, 0, 0, 0, 0, 0, 1, 1, 1, 0, 1]","[1, 0, 0, 0, 1, 0, 1, 1, 1, 1, 0, 0, 1, 0, 0, 1, 1, 1, 0, 1, 0, 0, 0, 0, 0, 0, 1, 1, 1, 0, 0, 0, 1, 0, 0, 1, 0, 1, 0, 0, 1, 0, 0, 1, 1, 0, 1, 0, 0, 0, 0, 1, 1, 1, 0, 1, 1, 1, 1, 0, 0, 0, 1, 0, 0, 1, 0, 0, 0, 1, 0, 1, 1, 1, 1, 1, 1, 1, 0, 1, 0, 0, 0, 0, 0, 0, 1, 1, 0, 1, 1, 1, 0, 0, 0, 0, 0, 0, 1, 0, 0, 0, 0, 0, 1, 0, 1, 0, 0, 0, 1, 1, 0, 0, 0, 1, 0, 0, 0, 1, 0, 0, 1, 1, 0, 1, 0, 0, 0, 1, 1, 1, 1, 0, 0, 0, 0, 0, 1, 1, 1, 0, 1]","[0.899744648188719, 0.04058333500965008, 0.400113442517012, 0.24696651313936271, 0.9707745691307667, 0.008288202113531566, 0.8990855231648326, 0.9736077482194415, 0.9077995727093987, 0.6295257184533861, 0.1756075833526188, 0.008288202113531566, 0.9073588243395672, 0.020380490874217366, 0.03768616525877488, 0.9809129006111111, 0.9677001300651106, 0.8657126911695682, 0.37994456326719966, 0.9476908171207475, 0.009577680199555488, 0.008288202113531566, 0.07938708773594738, 0.010775186053329137, 0.03434952372452611, 0.019203380627918532, 0.9784823624447547, 0.990975848186132, 0.9766924857674737, 0.021536643875516345, 0.011046139806745122, 0.036001003450857584, 0.8966873149853778, 0.1635350338963525, 0.027631000062893738, 0.5268036834127853, 0.10416566917822097, 0.7492376422359137, 0.016683604692687762, 0.06402564442490295, 0.9867482345771376, 0.009211963035262373, 0.1430618783689306, 0.7718875019813091, 0.855597483156858, 0.2760504715330725, 0.9818739931956774, 0.008288202113531566, 0.008288202113531566, 0.008288202113531566, 0.047310799288385705, 0.9490733980524695, 0.6278108972858661, 0.6510089283821442, 0.008288202113531566, 0.9836338140390875, 0.8974412181593105, 0.7514844792327193, 0.982907906853283, 0.3861900340794788, 0.0568686599536911, 0.02943127315486881, 0.9706596102253022, 0.008288202113531566, 0.009577680199555488, 0.9821526564196952, 0.008288202113531566, 0.30851040281411796, 0.33591177870272054, 0.9872425494523792, 0.1723950890483254, 0.9787707231977061, 0.6441283430462511, 0.9796962183920761, 0.9831465997256261, 0.9839210614433934, 0.9517254576425586, 0.9835300986259872, 0.4505939933730623, 0.9191477790118816, 0.027428569177169054, 0.21598391144662887, 0.020106687493544512, 0.35473363161122307, 0.10944965809181281, 0.009211963035262373, 0.6449282387779638, 0.9452292993551404, 0.009577680199555488, 0.9818341512613273, 0.9605475701590827, 0.5925842612238366, 0.022313357126647296, 0.3909147877473792, 0.008288202113531566, 0.03879384020867625, 0.009577680199555488, 0.027600217070950377, 0.8134804479343423, 0.02514894940920934, 0.009577680199555488, 0.34884912703351434, 0.020615488356403217, 0.01793075233972249, 0.9832168953006298, 0.20858713464400883, 0.9679156638643467, 0.035562338331993126, 0.07540926933563177, 0.09969056655369246, 0.6632631355737113, 0.723532213481938, 0.22724460935516252, 0.010197738179877555, 0.05857552346911292, 0.7705052438995773, 0.23849039849860826, 0.06525457300814116, 0.021763011907451987, 0.5071433784547561, 0.01060217207702494, 0.008288202113531566, 0.9685548983035213, 0.9303861911591801, 0.21289897320420884, 0.9741084753200168, 0.20277509853353912, 0.008288202113531566, 0.09723841352917692, 0.9162208835453345, 0.9562246983692962, 0.9784758178402145, 0.766108709229912, 0.008288202113531566, 0.03798419912565231, 0.019887757149726088, 0.38340117764198584, 0.0445986521182622, 0.9868931842407512, 0.7561894544349195, 0.9658962429920741, 0.008288202113531566, 0.9356795569911527]"
Gradient Boosting,21,5,"[0, 1, 1, 1, 1, 0, 1, 0, 0, 0, 1, 0, 0, 0, 0, 1, 1, 1, 0, 0, 0, 0, 1, 0, 0, 1, 0, 1, 0, 0, 1, 0, 1, 0, 0, 1, 0, 1, 0, 1, 1, 0, 1, 0, 0, 0, 0, 0, 1, 0, 1, 0, 0, 1, 1, 1, 1, 1, 0, 1, 1, 1, 1, 0, 1, 0, 0, 1, 0, 1, 1, 1, 0, 1, 0, 0, 0, 1, 0, 1, 1, 0, 1, 1, 1, 0, 0, 1, 1, 0, 0, 0, 1, 0, 0, 1, 0, 1, 0, 1, 0, 1, 1, 0, 0, 0, 1, 0, 1, 0, 0, 0, 0, 1, 1, 1, 0, 1, 0, 0, 1, 0, 0, 0, 0, 1, 0, 1, 0, 1, 1, 0, 0, 1, 0, 1, 0, 0, 0, 0, 0, 1, 0, 1]","[0, 1, 1, 1, 1, 1, 0, 0, 1, 0, 1, 0, 0, 0, 0, 1, 0, 1, 1, 1, 1, 0, 1, 0, 0, 1, 0, 1, 0, 0, 1, 0, 1, 0, 0, 1, 0, 1, 0, 0, 1, 0, 1, 0, 0, 0, 0, 1, 1, 0, 1, 0, 0, 1, 1, 1, 1, 1, 0, 0, 1, 1, 1, 0, 1, 0, 0, 1, 0, 1, 1, 0, 0, 1, 0, 1, 1, 1, 1, 1, 1, 0, 1, 1, 1, 0, 0, 1, 1, 0, 0, 0, 1, 0, 1, 1, 0, 1, 0, 1, 0, 1, 1, 0, 0, 0, 1, 0, 1, 0, 0, 0, 0, 1, 1, 0, 0, 1, 0, 0, 1, 0, 1, 0, 0, 1, 0, 0, 1, 0, 1, 0, 1, 1, 0, 1, 0, 0, 0, 1, 0, 1, 0, 1]","[0.1522671432569843, 0.9773224435494574, 0.8390992430650978, 0.8915743654500355, 0.9052177412694545, 0.6023339171024145, 0.416267859591264, 0.009021165873727987, 0.9619506134472474, 0.04953594214938674, 0.9706727777410097, 0.008144837375242433, 0.009021165873727987, 0.03310288803441366, 0.012340334305197402, 0.5637379434376871, 0.0834258817303295, 0.6130709122056622, 0.5413362274180831, 0.847118344248305, 0.9912356151413378, 0.008144837375242433, 0.7363898707857648, 0.03159668937250789, 0.028825779973252714, 0.9920406063527627, 0.14093532454328214, 0.989263375991778, 0.00839241293470024, 0.046493316190467336, 0.9550400943347845, 0.011027717990243237, 0.975425880025201, 0.00839241293470024, 0.07892563911540498, 0.9594934911215514, 0.021120547492943093, 0.9679673236041557, 0.008144837375242433, 0.3087990337947849, 0.6819871898131835, 0.06555187319502613, 0.9516563567164027, 0.30129030707572674, 0.04699029287796943, 0.4568658936578832, 0.2261742790411563, 0.9899346483510398, 0.9731399311281469, 0.008144837375242433, 0.7969986609451938, 0.008144837375242433, 0.012236285071090617, 0.9362415462801117, 0.9554567538409073, 0.9429018182001182, 0.7138458441960494, 0.9095394998327746, 0.03159668937250789, 0.39517030133352743, 0.9901891121025791, 0.9790456787914357, 0.6714330507054221, 0.008144837375242433, 0.6974475663669796, 0.23208608009875506, 0.2172126209977897, 0.944807891610928, 0.012803065796854791, 0.9804318861063579, 0.9902081149978319, 0.028104636490520838, 0.00839241293470024, 0.9610628537688068, 0.024936140214746137, 0.5055512440496803, 0.9772375806893078, 0.9872469826950394, 0.9669224159661315, 0.9143927465098419, 0.744878053559575, 0.019234665679004292, 0.9308097785476565, 0.9584732765313467, 0.9918356732769734, 0.009021165873727987, 0.016900884028064653, 0.8646066961726256, 0.9437680248476837, 0.013027556940718627, 0.025832787677358787, 0.025619451490696513, 0.971927980478242, 0.2733641657586116, 0.5930916851186295, 0.9903100108550831, 0.10717357847804547, 0.8932002938141023, 0.1092440771982642, 0.9186255951732907, 0.07633073022892072, 0.9918663040240249, 0.8824779100163439, 0.15053619044533317, 0.23564570921847056, 0.10475517247115725, 0.6566043864806376, 0.281673633802586, 0.9338934229498869, 0.013632912676892346, 0.03625704417848238, 0.11947237553495527, 0.016937116312012623, 0.8994874858619469, 0.9738798140876517, 0.2777797085442452, 0.008862049069458689, 0.9692074618406438, 0.018495546530969294, 0.4769610241643345, 0.9537049708031589, 0.036170301626992356, 0.9567153811423736, 0.032465161000898836, 0.008144837375242433, 0.6893474979437806, 0.018492266955469936, 0.054559843003943675, 0.84375840849965, 0.05040876453041522, 0.9337108321534108, 0.023622221187606384, 0.9471473579512484, 0.8382609340204579, 0.05234185126956535, 0.9607143664442243, 0.012803065796854791, 0.012803065796854791, 0.0960276194972539, 0.5839454974628157, 0.16881831779607295, 0.8752654976463148, 0.008144837375242433, 0.8911212047874993]"
Gradient Boosting,22,5,"[0, 0, 1, 1, 0, 1, 0, 0, 1, 0, 0, 0, 1, 1, 1, 1, 0, 0, 0, 0, 1, 1, 0, 0, 1, 1, 1, 0, 0, 1, 0, 0, 0, 0, 1, 0, 1, 0, 0, 0, 0, 1, 0, 0, 1, 0, 1, 1, 1, 1, 0, 0, 1, 0, 1, 0, 1, 1, 1, 0, 0, 1, 0, 1, 1, 0, 0, 0, 0, 1, 1, 1, 0, 0, 1, 1, 0, 0, 0, 1, 0, 1, 0, 1, 0, 0, 1, 0, 1, 0, 1, 1, 0, 1, 1, 1, 1, 0, 1, 0, 0, 0, 1, 1, 1, 1, 1, 1, 0, 0, 0, 1, 0, 0, 1, 0, 0, 1, 1, 0, 1, 1, 0, 0, 1, 1, 0, 0, 0, 1, 1, 0, 1, 0, 1, 0, 0, 1, 0, 1, 0, 1, 0]","[1, 1, 1, 1, 1, 1, 0, 0, 1, 0, 0, 0, 1, 1, 1, 1, 0, 0, 0, 0, 1, 1, 0, 0, 1, 1, 1, 0, 0, 1, 0, 0, 0, 0, 0, 0, 1, 0, 0, 0, 0, 0, 0, 0, 1, 0, 1, 1, 1, 1, 0, 1, 1, 0, 1, 0, 1, 1, 0, 0, 0, 1, 0, 1, 1, 0, 0, 0, 0, 1, 1, 1, 1, 0, 1, 1, 0, 1, 0, 1, 0, 1, 0, 1, 1, 0, 1, 0, 1, 0, 1, 1, 0, 0, 1, 1, 1, 0, 1, 0, 0, 1, 1, 0, 1, 1, 1, 1, 0, 0, 1, 1, 1, 0, 1, 0, 1, 1, 1, 0, 1, 1, 0, 0, 1, 1, 0, 1, 0, 1, 1, 0, 1, 0, 1, 1, 0, 1, 0, 1, 0, 1, 1]","[0.8996434312866952, 0.7479014630300537, 0.6673921860289849, 0.9027599634377137, 0.7113543078208375, 0.9863743334139214, 0.17774842861530102, 0.22718289489948698, 0.8828521432293208, 0.008980782477732941, 0.2083354891538006, 0.008980782477732941, 0.8878505849588265, 0.9677729303694095, 0.9339631290470576, 0.770082027173891, 0.02451141029902708, 0.01663502362939995, 0.01329051964401632, 0.049298642060435084, 0.9777248436490491, 0.6621965583980745, 0.013852178116958404, 0.008980782477732941, 0.9797178790936469, 0.9772180524892451, 0.9445209465827176, 0.008980782477732941, 0.012236542598378586, 0.9800731628434568, 0.4800919262485717, 0.008980782477732941, 0.008980782477732941, 0.015716003255537195, 0.36581657077578944, 0.06353381541420114, 0.7820162270262117, 0.02283527610505147, 0.008980782477732941, 0.4842473011643315, 0.2763309070559496, 0.2421892227175555, 0.008980782477732941, 0.008980782477732941, 0.945430281509937, 0.17140446508292975, 0.9905774211708704, 0.589805165351967, 0.9691153919240211, 0.9755704725115021, 0.025060811749942437, 0.5538993105593465, 0.8315090326900156, 0.008980782477732941, 0.923715407483167, 0.012094088046416361, 0.9801809434802233, 0.9795111097135164, 0.10296207253652041, 0.008980782477732941, 0.008980782477732941, 0.9680745577488117, 0.012236542598378586, 0.9724593939285865, 0.9827735845481584, 0.13717424559077004, 0.008980782477732941, 0.011704034341689911, 0.05601187965350373, 0.9843350111105271, 0.9790145304245795, 0.9581544627450983, 0.6112521754740887, 0.019299825024254334, 0.9486595840144368, 0.6719512008067767, 0.361612265696577, 0.7684938322798192, 0.008980782477732941, 0.5399782604919581, 0.008980782477732941, 0.9494975368779187, 0.02283527610505147, 0.9717379828210813, 0.7898727398066945, 0.041434138764434955, 0.8226354923502739, 0.06591961528198155, 0.9600185734655688, 0.015860886384925724, 0.9523542325686004, 0.9183804127441716, 0.009581868597408515, 0.19066730252810474, 0.9924471670630955, 0.9006445216007969, 0.8778653061542306, 0.02283527610505147, 0.9488704633672503, 0.11930396866759993, 0.008980782477732941, 0.9717379828210813, 0.873159506611417, 0.2825236818516383, 0.9359363798960679, 0.9690978694666911, 0.8634831122162845, 0.8616223519185372, 0.3950363817687074, 0.008980782477732941, 0.9307401794666522, 0.7294599891299454, 0.7126424191636423, 0.009757099376998148, 0.9856909314568779, 0.3863296886058783, 0.7334537084670446, 0.9811319582722213, 0.7411746157348312, 0.21355051558289634, 0.9828487132289235, 0.8423361911273013, 0.009581868597408515, 0.008980782477732941, 0.9694894110762367, 0.8018560491823656, 0.008980782477732941, 0.6842244087520318, 0.012094088046416361, 0.9865919791884451, 0.9846287752210691, 0.008980782477732941, 0.9367156793844456, 0.01950603770433622, 0.970875940742036, 0.7033970968481001, 0.1442680969438982, 0.8452585442794222, 0.008980782477732941, 0.9720341204504336, 0.017870910329341107, 0.9483964552018005, 0.8858697586264689]"
Gradient Boosting,23,5,"[0, 1, 0, 0, 0, 0, 1, 0, 0, 0, 0, 0, 0, 1, 1, 0, 0, 1, 1, 0, 0, 0, 1, 1, 0, 1, 1, 0, 1, 1, 0, 0, 0, 1, 0, 0, 0, 0, 0, 0, 0, 1, 0, 0, 1, 0, 1, 0, 0, 1, 0, 1, 0, 0, 0, 0, 0, 0, 1, 1, 0, 0, 1, 0, 1, 1, 0, 0, 0, 0, 0, 1, 0, 1, 1, 0, 0, 0, 0, 1, 0, 0, 1, 0, 1, 1, 1, 0, 0, 1, 0, 1, 1, 0, 1, 0, 1, 0, 0, 1, 0, 0, 1, 0, 0, 1, 0, 0, 0, 1, 1, 1, 0, 0, 1, 0, 1, 0, 0, 0, 1, 1, 1, 0, 1, 0, 1, 1, 0, 1, 1, 1, 1, 1, 0, 0, 0, 0, 0, 1, 0, 1, 1]","[0, 1, 0, 1, 0, 0, 0, 0, 1, 0, 0, 0, 0, 1, 1, 0, 0, 1, 1, 1, 0, 0, 0, 1, 0, 1, 1, 0, 0, 1, 0, 1, 0, 1, 0, 0, 0, 0, 1, 1, 1, 0, 0, 0, 0, 0, 1, 0, 0, 1, 0, 1, 1, 0, 0, 0, 0, 0, 0, 0, 0, 0, 1, 0, 0, 0, 0, 0, 0, 0, 1, 1, 0, 1, 1, 0, 0, 0, 0, 1, 0, 1, 1, 0, 0, 1, 1, 1, 0, 1, 0, 1, 1, 0, 1, 0, 1, 1, 0, 1, 0, 0, 1, 0, 1, 1, 0, 0, 0, 0, 1, 1, 0, 1, 0, 0, 1, 0, 1, 0, 1, 1, 1, 1, 1, 0, 1, 1, 0, 1, 1, 1, 1, 1, 0, 0, 0, 0, 0, 1, 0, 1, 1]","[0.01207966125086908, 0.9496431379918477, 0.014498929732509576, 0.6913950395806444, 0.008660705939870731, 0.009587001455096975, 0.19215716965632088, 0.008660705939870731, 0.6327666210196993, 0.016067220565991542, 0.008660705939870731, 0.020215229118975366, 0.08350671291012615, 0.9159561121950273, 0.9849392660235987, 0.008660705939870731, 0.040606233211108914, 0.6480247380610883, 0.7524456018019983, 0.70679427799775, 0.008660705939870731, 0.4322104712690381, 0.0978478066372726, 0.8193195377841815, 0.020215229118975366, 0.980164690684355, 0.7791280612299055, 0.01207966125086908, 0.13955431352354397, 0.5609431219525992, 0.037930012128868255, 0.8992137082940067, 0.008660705939870731, 0.9776112470448944, 0.016067220565991542, 0.008660705939870731, 0.010915179358426832, 0.016067220565991542, 0.8302982638982156, 0.9053884514397732, 0.6749193643914678, 0.05325089625472096, 0.017437261638443613, 0.06391360288860079, 0.030879568118301483, 0.0327916436199064, 0.9662826001537448, 0.11888290274445824, 0.18989820326519838, 0.8380254031075917, 0.020215229118975366, 0.9899575906777144, 0.822673445286298, 0.008660705939870731, 0.010915179358426832, 0.008660705939870731, 0.008660705939870731, 0.045657810156487566, 0.23654253983821333, 0.1370413146175127, 0.05235283922223481, 0.008660705939870731, 0.7894950932246263, 0.008660705939870731, 0.02122995784037423, 0.06564200387877167, 0.1015629202925826, 0.017810810898083576, 0.016067220565991542, 0.008660705939870731, 0.8743689204149963, 0.9726945492804712, 0.01553478283982652, 0.8772454225779862, 0.9717025953739965, 0.016067220565991542, 0.02635136131352768, 0.022920836228412705, 0.019950416160566326, 0.9750043219462807, 0.016877321414353472, 0.6951845733238425, 0.9677522188621623, 0.14967266508180935, 0.09411058682613223, 0.9702692418180494, 0.9856055802566898, 0.7872887895775924, 0.035576581449214016, 0.9882400290846933, 0.008660705939870731, 0.9129558797976737, 0.9753550000730836, 0.28811948073213445, 0.7768466670193817, 0.008660705939870731, 0.8111394698867151, 0.5450842018608897, 0.02151465178958539, 0.8747754703510583, 0.020215229118975366, 0.045657810156487566, 0.7849057038495069, 0.019548065026500847, 0.7270586462009242, 0.7104718980115402, 0.01553478283982652, 0.015312150127082267, 0.016067220565991542, 0.06881579197732599, 0.9351023177792844, 0.8562285266244036, 0.008660705939870731, 0.8931629846034513, 0.4296310661663785, 0.01553478283982652, 0.9184910598614562, 0.4651586606481165, 0.814105439814423, 0.03528352902701978, 0.8434301925575927, 0.8904825503020212, 0.9801436014980354, 0.9795097623139974, 0.9784123676300056, 0.016067220565991542, 0.9854910610717139, 0.9817522969092785, 0.0203184038042659, 0.9458930677697308, 0.9563696632051776, 0.9902625111341244, 0.8790996613480103, 0.9864471723031663, 0.09688218471469388, 0.008660705939870731, 0.01553478283982652, 0.008660705939870731, 0.008660705939870731, 0.8717397833907696, 0.008660705939870731, 0.8614166899163028, 0.9822279654786057]"
Gradient Boosting,24,5,"[1, 0, 1, 1, 0, 0, 1, 0, 0, 0, 1, 0, 0, 1, 0, 0, 1, 1, 1, 1, 0, 0, 0, 0, 0, 1, 0, 1, 0, 0, 1, 0, 1, 1, 1, 0, 1, 0, 1, 0, 0, 1, 1, 0, 1, 1, 0, 0, 0, 0, 0, 0, 1, 1, 1, 0, 0, 1, 1, 0, 0, 0, 1, 0, 1, 1, 0, 1, 0, 0, 0, 0, 0, 0, 0, 1, 1, 1, 0, 0, 0, 0, 0, 1, 1, 1, 0, 0, 1, 0, 0, 0, 1, 1, 0, 0, 0, 1, 0, 0, 1, 0, 0, 1, 1, 0, 0, 1, 0, 0, 1, 0, 1, 0, 1, 0, 1, 0, 0, 1, 0, 0, 0, 0, 0, 1, 1, 0, 1, 1, 0, 0, 0, 0, 1, 0, 0, 0, 0, 1, 1, 0, 0]","[0, 0, 1, 1, 0, 0, 1, 1, 0, 0, 1, 0, 0, 1, 0, 0, 1, 1, 0, 1, 0, 0, 0, 0, 0, 1, 1, 1, 0, 0, 0, 0, 1, 1, 1, 0, 1, 0, 1, 0, 0, 1, 1, 0, 1, 1, 0, 0, 0, 0, 0, 0, 1, 1, 1, 0, 0, 1, 1, 1, 0, 0, 1, 0, 1, 0, 0, 0, 0, 0, 0, 0, 0, 0, 0, 1, 0, 1, 1, 0, 0, 0, 1, 0, 1, 1, 0, 0, 1, 0, 0, 0, 1, 1, 0, 0, 0, 1, 0, 0, 1, 0, 1, 1, 1, 0, 0, 0, 0, 1, 1, 0, 1, 0, 1, 0, 0, 0, 0, 1, 0, 0, 0, 0, 0, 1, 1, 1, 1, 1, 0, 0, 0, 0, 1, 1, 0, 0, 1, 1, 1, 0, 0]","[0.24919644546616776, 0.11708627945872352, 0.6489655698032006, 0.9871450299446077, 0.20023379428025279, 0.012028862414650805, 0.9853392935822756, 0.7508891008451264, 0.010848966192634967, 0.010848966192634967, 0.8939030694410393, 0.07946331115863745, 0.010848966192634967, 0.9553073479112184, 0.38925203298425143, 0.013263069997478288, 0.9834178455775978, 0.9893558552340551, 0.08966969744542615, 0.8923258110629774, 0.010848966192634967, 0.01470161360186989, 0.021313008565228532, 0.0132660337437548, 0.0943273908214403, 0.6119693295775548, 0.8144510955508424, 0.9169623070008043, 0.010848966192634967, 0.012028862414650805, 0.494852489612334, 0.010848966192634967, 0.9699143115985287, 0.9834178455775978, 0.7662293875420257, 0.47339543308590115, 0.9673696729473851, 0.010848966192634967, 0.9853445919632359, 0.4971264333382933, 0.48183958286992595, 0.9811559085355103, 0.9395299826886163, 0.010848966192634967, 0.5602529879808854, 0.9241480577271497, 0.01470161360186989, 0.010848966192634967, 0.01470489401250574, 0.010848966192634967, 0.010848966192634967, 0.03818581463762166, 0.663588139029742, 0.8090820525658117, 0.9487782856740791, 0.010848966192634967, 0.010848966192634967, 0.8956444684907989, 0.9798507573399224, 0.505872971406928, 0.019947491000051016, 0.05292936512196794, 0.9476883707930979, 0.010848966192634967, 0.8173426152068257, 0.10653955403116674, 0.056975255463285385, 0.1560013341076379, 0.010848966192634967, 0.010848966192634967, 0.010848966192634967, 0.018129880318574314, 0.029238985606994984, 0.03052851324825879, 0.028897979012945506, 0.9676568891245766, 0.4740718264014328, 0.9873656651400547, 0.983768079075214, 0.0439982759082102, 0.15127897279229194, 0.012028862414650805, 0.9728236230287365, 0.4268571545153316, 0.9748148132401101, 0.807698950237098, 0.012230237335507549, 0.10938781801690398, 0.904319351956952, 0.030745444846566997, 0.010848966192634967, 0.2074276449938297, 0.6344539515674538, 0.669890926408727, 0.010848966192634967, 0.017417521974587534, 0.0845651123493683, 0.9671370065346966, 0.05193555587833492, 0.010848966192634967, 0.8845905101532832, 0.015577876367958477, 0.5148117035303219, 0.8770199178955296, 0.5662713120658901, 0.010848966192634967, 0.03818581463762166, 0.03384227553624031, 0.010848966192634967, 0.5835971723717938, 0.9786822745015471, 0.010848966192634967, 0.9759073748067587, 0.177315330195003, 0.9829375532807205, 0.010848966192634967, 0.4581307200368822, 0.016461499427839976, 0.010848966192634967, 0.7200240389949332, 0.028628662341927104, 0.19371282444559104, 0.013558296755281685, 0.010848966192634967, 0.01581125063541483, 0.8106059529915594, 0.9826235549046727, 0.8897868703536972, 0.9700844215575367, 0.9598190160129185, 0.0412850955887511, 0.014258164082198216, 0.010848966192634967, 0.03263773157718911, 0.9810791142049213, 0.6829865204190817, 0.010848966192634967, 0.010848966192634967, 0.8265504111985406, 0.8778271929996012, 0.9791780043107983, 0.01470161360186989, 0.07574436823027048]"
Gradient Boosting,25,5,"[0, 1, 0, 1, 1, 0, 0, 0, 1, 0, 0, 0, 0, 1, 1, 0, 0, 1, 0, 1, 0, 1, 0, 1, 0, 1, 1, 0, 0, 0, 0, 0, 0, 1, 0, 0, 0, 0, 1, 0, 0, 1, 1, 1, 0, 1, 1, 0, 1, 1, 0, 0, 0, 0, 1, 0, 1, 0, 0, 0, 0, 1, 0, 0, 0, 0, 1, 0, 0, 0, 0, 1, 1, 1, 1, 1, 1, 1, 1, 1, 0, 0, 0, 1, 0, 1, 0, 1, 0, 1, 0, 0, 1, 1, 0, 1, 0, 0, 1, 0, 0, 0, 1, 1, 0, 1, 0, 1, 0, 1, 0, 1, 0, 0, 0, 0, 0, 1, 0, 0, 0, 1, 0, 0, 0, 0, 1, 1, 0, 1, 1, 1, 1, 0, 0, 1, 0, 1, 1, 0, 0, 0, 0]","[0, 1, 0, 0, 0, 0, 0, 1, 0, 1, 0, 0, 1, 1, 1, 0, 0, 1, 0, 1, 0, 1, 0, 0, 0, 0, 1, 0, 0, 0, 0, 0, 0, 0, 0, 0, 0, 0, 1, 0, 0, 1, 0, 0, 0, 1, 1, 0, 1, 0, 0, 0, 1, 0, 1, 1, 1, 1, 0, 0, 0, 1, 0, 0, 0, 0, 0, 0, 0, 0, 0, 1, 1, 1, 1, 1, 1, 0, 0, 1, 0, 0, 0, 1, 1, 1, 0, 1, 0, 1, 1, 0, 0, 1, 0, 1, 0, 0, 1, 0, 0, 0, 1, 0, 0, 1, 0, 1, 0, 1, 1, 1, 0, 0, 1, 0, 0, 1, 0, 0, 0, 0, 0, 0, 0, 0, 1, 1, 0, 0, 1, 0, 1, 0, 0, 1, 1, 1, 1, 0, 0, 0, 0]","[0.006070697831441886, 0.9828075758693089, 0.006070697831441886, 0.11609408330334477, 0.008778308933464865, 0.028020399247459082, 0.006070697831441886, 0.7003434473097233, 0.12410315225699818, 0.9303874950664717, 0.016258248003441594, 0.02342438681867371, 0.9693711970731697, 0.9640855307451118, 0.9312375370009773, 0.10401649265077574, 0.02715615679133675, 0.9519902422535145, 0.023274907487567144, 0.9684261429761609, 0.09584198545994596, 0.5383560200034709, 0.006070697831441886, 0.4170062419965801, 0.17748303486159422, 0.47099231034150607, 0.9421619920629272, 0.006070697831441886, 0.006070697831441886, 0.00945326511985079, 0.15050326033222516, 0.006070697831441886, 0.016224735833773415, 0.3729851789347949, 0.06050900775563026, 0.006070697831441886, 0.007907196254018714, 0.011832100399033011, 0.9710613076732002, 0.05205944794546298, 0.008142511348529967, 0.8645059803705797, 0.006070697831441886, 0.47070454293760666, 0.006070697831441886, 0.9514174854255665, 0.9795868919046403, 0.006070697831441886, 0.887768935226826, 0.4050211774293666, 0.006756751663585829, 0.006070697831441886, 0.8371486735290055, 0.006070697831441886, 0.9027795225463054, 0.7493921698314246, 0.8440567277540513, 0.7159506948044653, 0.007731259631847622, 0.006070697831441886, 0.020075651753305872, 0.7631722986000807, 0.006070697831441886, 0.006070697831441886, 0.02197311498048671, 0.008708067133069358, 0.06218100644073931, 0.01527384206279893, 0.006070697831441886, 0.16962360627430148, 0.006070697831441886, 0.9743764323751618, 0.9815862396900646, 0.9869614328557015, 0.9843678612172289, 0.9782182738114216, 0.969371596773671, 0.26021574454097696, 0.29426427208005607, 0.7557032636296491, 0.029864551197683668, 0.006070697831441886, 0.006070697831441886, 0.7527463097577906, 0.864723454094254, 0.8986505196091601, 0.006070697831441886, 0.7914770261802464, 0.006070697831441886, 0.9680397842820578, 0.531013503838523, 0.006070697831441886, 0.4775566110834246, 0.9510564804425092, 0.1815359300708886, 0.9359755826380147, 0.006070697831441886, 0.006070697831441886, 0.9798823093100751, 0.006070697831441886, 0.006070697831441886, 0.006689419065600226, 0.5929514481041576, 0.006070697831441886, 0.006070697831441886, 0.9810094751105327, 0.056709014122840115, 0.9339463902587276, 0.03873218236412843, 0.9632514473843394, 0.7150524842106111, 0.9820838814030413, 0.006070697831441886, 0.006070697831441886, 0.9380476019672435, 0.006070697831441886, 0.04393047295479953, 0.9791785236258587, 0.006756751663585829, 0.48728013300364365, 0.048237845620574205, 0.059900666335310694, 0.10922891372404618, 0.49563491164549767, 0.006070697831441886, 0.010354652677664021, 0.9852616946590428, 0.9757354229299515, 0.006070697831441886, 0.04657913487553129, 0.9700590603029747, 0.3204263464441642, 0.6296139591216215, 0.01470708492558501, 0.006070697831441886, 0.9398103290948167, 0.8392337607096755, 0.9239003166678411, 0.8477046330607575, 0.0071051664414994425, 0.006070697831441886, 0.006070697831441886, 0.4204407834752652]"
Gradient Boosting,26,6,"[0, 0, 1, 1, 0, 0, 1, 1, 1, 0, 0, 0, 0, 1, 0, 0, 1, 1, 0, 1, 1, 0, 0, 0, 1, 1, 0, 1, 0, 0, 1, 0, 1, 0, 1, 0, 0, 0, 0, 1, 0, 0, 0, 1, 0, 1, 0, 0, 0, 1, 1, 0, 1, 1, 1, 0, 0, 0, 1, 1, 0, 0, 0, 0, 1, 0, 0, 1, 1, 1, 1, 1, 1, 0, 0, 0, 1, 0, 0, 1, 1, 1, 1, 0, 1, 1, 1, 0, 0, 0, 1, 1, 0, 0, 0, 0, 1, 1, 0, 0, 1, 1, 1, 1, 0, 1, 1, 1, 1, 0, 1, 1, 0, 1, 0, 0, 0, 1, 1, 0, 0, 0, 0, 0, 0, 1, 0, 1, 1, 0, 1, 1, 1, 1, 0, 1, 1, 0, 1, 0, 1, 0, 1]","[0, 0, 1, 1, 0, 1, 1, 1, 0, 0, 0, 0, 0, 1, 0, 0, 0, 1, 0, 1, 1, 0, 0, 0, 1, 1, 0, 0, 0, 0, 1, 0, 1, 0, 1, 0, 0, 0, 0, 1, 0, 0, 0, 0, 0, 1, 0, 0, 0, 1, 1, 0, 0, 1, 0, 0, 0, 0, 1, 1, 0, 0, 0, 0, 1, 0, 1, 1, 1, 1, 1, 1, 0, 0, 0, 0, 0, 0, 0, 1, 1, 1, 1, 0, 1, 1, 0, 0, 0, 0, 1, 1, 0, 0, 0, 0, 1, 1, 0, 0, 0, 1, 1, 1, 0, 1, 1, 1, 1, 0, 1, 1, 0, 1, 0, 0, 1, 1, 1, 0, 0, 0, 0, 1, 0, 1, 1, 1, 1, 0, 0, 1, 1, 1, 1, 1, 1, 0, 1, 0, 1, 0, 1]","[0.0061068617187379015, 0.3173634893547175, 0.9669853287447683, 0.9411217324135827, 0.0061068617187379015, 0.8412103749499827, 0.8410488826754547, 0.7353267567329738, 0.44828201491048825, 0.3249731125056268, 0.0061068617187379015, 0.0061068617187379015, 0.09142934035589188, 0.9777971211387881, 0.4442147675648895, 0.007585616298484054, 0.18450192413411895, 0.7358436056669082, 0.0061068617187379015, 0.587902228300951, 0.6098189618102489, 0.0147032448270367, 0.0061068617187379015, 0.0061068617187379015, 0.9752424288412561, 0.8078643281526562, 0.0061068617187379015, 0.07810983952504633, 0.007791123194793986, 0.0061068617187379015, 0.9851517106396767, 0.0061068617187379015, 0.9710553260266194, 0.24800911569267078, 0.9685521298255023, 0.01181245929529105, 0.0061068617187379015, 0.0061068617187379015, 0.1957109223233278, 0.9595722980774337, 0.07986405799107095, 0.0061068617187379015, 0.0061068617187379015, 0.007791123194793986, 0.10181197914923207, 0.9806900044339721, 0.23949770705100298, 0.0061068617187379015, 0.006083268933709953, 0.9589952928550974, 0.9564779997193004, 0.0061068617187379015, 0.16034417166734988, 0.9595489271517179, 0.31238481785426253, 0.0703052012645514, 0.006083268933709953, 0.0061068617187379015, 0.9561649630348906, 0.8801270552480878, 0.0061068617187379015, 0.0061068617187379015, 0.03368646914287396, 0.06120243025303961, 0.9597562716662998, 0.0061068617187379015, 0.6747415200951778, 0.90353560847972, 0.9257518304951334, 0.9590887349268632, 0.6745626236458517, 0.9592971813950563, 0.40658224635017265, 0.007791123194793986, 0.0061068617187379015, 0.007791123194793986, 0.09417197068829429, 0.0061068617187379015, 0.41151695091451845, 0.8393283221236437, 0.8624733148006366, 0.8178369885901788, 0.8021499959338197, 0.0061068617187379015, 0.9730782111756421, 0.9531323882907117, 0.3253248356088857, 0.006948246825780536, 0.0061068617187379015, 0.43592878211674396, 0.9512968263027143, 0.945790034886002, 0.0061068617187379015, 0.0061068617187379015, 0.42516693363517366, 0.0061068617187379015, 0.8762230178018241, 0.9179411149621234, 0.11443429019918111, 0.0061068617187379015, 0.0061068617187379015, 0.9884940533400218, 0.9521258602545903, 0.818065909661932, 0.1723073713718902, 0.9772465874267455, 0.862438721293688, 0.967120600869737, 0.5650796173241786, 0.20296527816568774, 0.9161844938028619, 0.9763503581921514, 0.24564300611771278, 0.9720479452445023, 0.013958226389646385, 0.0061068617187379015, 0.5936671707844011, 0.9390957678606331, 0.8485251237849128, 0.0978663390444514, 0.0061068617187379015, 0.0061068617187379015, 0.0660467630712407, 0.9077657263548699, 0.16179212247550287, 0.9473406475290729, 0.8405189459623027, 0.6105578561282617, 0.9691547858146167, 0.007791123194793986, 0.020790637700127013, 0.8769199791360909, 0.9850047357325509, 0.9678378181467638, 0.926289896813317, 0.9797094767040732, 0.9642309350889842, 0.007791123194793986, 0.9321831495727793, 0.0061068617187379015, 0.94119036322828, 0.4887519177096918, 0.8011839062247677]"
Gradient Boosting,27,6,"[0, 0, 1, 1, 0, 0, 0, 0, 0, 1, 1, 1, 0, 0, 0, 0, 1, 0, 1, 1, 1, 1, 0, 1, 0, 1, 1, 0, 0, 0, 1, 0, 0, 1, 0, 0, 0, 1, 1, 0, 1, 0, 1, 0, 0, 1, 0, 0, 1, 1, 1, 1, 0, 0, 1, 1, 1, 1, 0, 0, 1, 1, 0, 0, 0, 1, 0, 0, 1, 1, 1, 1, 1, 0, 0, 0, 1, 0, 1, 0, 1, 0, 0, 1, 1, 0, 0, 1, 1, 1, 1, 0, 0, 0, 1, 1, 1, 0, 0, 1, 1, 1, 0, 1, 1, 1, 1, 0, 0, 0, 0, 0, 1, 0, 1, 0, 1, 0, 1, 0, 1, 0, 1, 1, 0, 0, 1, 0, 0, 0, 0, 1, 1, 1, 0, 0, 0, 0, 1, 1, 0, 0, 1]","[0, 1, 0, 0, 0, 1, 0, 0, 0, 0, 0, 1, 0, 0, 0, 0, 1, 0, 1, 1, 1, 0, 1, 1, 0, 1, 1, 0, 0, 0, 1, 0, 1, 1, 0, 0, 0, 1, 1, 0, 0, 1, 0, 0, 0, 1, 0, 0, 1, 1, 1, 1, 1, 1, 1, 1, 0, 0, 0, 0, 1, 1, 0, 0, 0, 1, 0, 0, 0, 1, 1, 1, 1, 0, 0, 0, 1, 1, 1, 0, 1, 0, 1, 1, 1, 0, 1, 1, 0, 1, 1, 0, 0, 0, 1, 1, 1, 0, 0, 1, 1, 1, 0, 1, 1, 1, 1, 1, 1, 1, 0, 0, 1, 1, 1, 0, 1, 0, 1, 0, 1, 0, 0, 1, 0, 0, 1, 0, 0, 0, 0, 1, 1, 1, 1, 0, 0, 0, 1, 1, 1, 0, 1]","[0.013690208201413078, 0.8909472325294147, 0.47110798513999785, 0.07342076196433255, 0.00817538479954126, 0.6394820781605636, 0.07916504742264749, 0.022021739313198008, 0.022772434131683256, 0.07460676592362957, 0.395435587383201, 0.8855225623021258, 0.00817538479954126, 0.00817538479954126, 0.06073445325385235, 0.028419256456313578, 0.9628299552138373, 0.028735439444698384, 0.9642766014972206, 0.9847238022457706, 0.989668348150909, 0.4658598380200626, 0.5424645802553355, 0.9311550502499362, 0.01231728305784005, 0.9730691127143813, 0.8239146160045472, 0.1908785523282818, 0.12596521758811194, 0.035650248726034534, 0.5433777760472097, 0.00817538479954126, 0.7351520550418271, 0.5465519988191503, 0.00817538479954126, 0.03930050061442452, 0.008079377098393063, 0.7958975724359504, 0.9586574348516433, 0.1965012857601618, 0.33116244071693696, 0.8509120649438155, 0.42872681170960236, 0.09979795150341032, 0.06651416307566374, 0.939191066697718, 0.049181066110072696, 0.21493175169816472, 0.9015396209044453, 0.9404258424256218, 0.9842545518248365, 0.9892052465874595, 0.8457580396232695, 0.977890514011243, 0.8785861250713857, 0.9387235145590181, 0.1750572389274273, 0.4882222973484949, 0.010167765163532313, 0.008079377098393063, 0.8534773215246186, 0.865613158220744, 0.00817538479954126, 0.00817538479954126, 0.05129799356019415, 0.8245704522459272, 0.04259025398864575, 0.019992526687100894, 0.482491555078324, 0.9799389194967423, 0.8129868225744907, 0.980039072862994, 0.9935373657201899, 0.025701000187757776, 0.33542780554947527, 0.08035605271496303, 0.5926622152188307, 0.9650629893232714, 0.9803687470604991, 0.00817538479954126, 0.6485322063160694, 0.01469510710416927, 0.5644882837159336, 0.8787760250894388, 0.7527562658315957, 0.08302120478563124, 0.959832724211956, 0.9600526261672975, 0.4871082999864348, 0.983168796209455, 0.7502422891365277, 0.011474817792507383, 0.030134236337897254, 0.4772116567630342, 0.9905572270659005, 0.748937654741075, 0.9857246854785957, 0.00817538479954126, 0.013690208201413078, 0.9401286356587317, 0.8664322384712719, 0.9618160938099852, 0.032732257563649815, 0.9673249009510935, 0.9539187437436875, 0.9590079883414013, 0.973217674103463, 0.5736418707228615, 0.5559768026969395, 0.6018296682750996, 0.09167798838717513, 0.07270921155910544, 0.9618820826797515, 0.5874115795774032, 0.8759857189907743, 0.3541667773285969, 0.9824414782553832, 0.00817538479954126, 0.9331053854706465, 0.026903447822774013, 0.9680793874927239, 0.01884098422063601, 0.17217921403024247, 0.9870094195420142, 0.00817538479954126, 0.03344941492349477, 0.9711068588096591, 0.033521410811702075, 0.00817538479954126, 0.01660333865423854, 0.00817538479954126, 0.8728759211502597, 0.9797979514511257, 0.9772538810189888, 0.5484001784623774, 0.25979858627830477, 0.00817538479954126, 0.027155365235710167, 0.8803307654361673, 0.9549488736016257, 0.7264931811895547, 0.00817538479954126, 0.8777138484823093]"
Gradient Boosting,28,6,"[0, 0, 0, 0, 1, 1, 0, 0, 1, 0, 0, 0, 0, 1, 0, 1, 0, 1, 1, 0, 0, 1, 0, 0, 1, 1, 0, 0, 0, 0, 0, 0, 1, 0, 0, 0, 0, 0, 0, 1, 0, 1, 1, 1, 0, 0, 0, 0, 0, 1, 1, 1, 0, 0, 0, 0, 1, 1, 0, 1, 0, 1, 0, 0, 0, 0, 1, 0, 0, 1, 1, 1, 0, 0, 0, 0, 0, 0, 1, 0, 0, 0, 1, 0, 1, 1, 0, 1, 0, 0, 0, 1, 0, 1, 0, 0, 1, 0, 1, 1, 0, 0, 0, 0, 0, 0, 0, 0, 0, 0, 1, 0, 1, 0, 0, 1, 0, 1, 0, 1, 1, 0, 1, 1, 1, 1, 0, 1, 0, 0, 0, 0, 1, 1, 1, 0, 0, 0, 1, 0, 0, 1, 0, 1]","[0, 0, 1, 0, 0, 0, 0, 1, 1, 1, 1, 1, 0, 0, 0, 1, 1, 1, 1, 0, 0, 1, 1, 0, 1, 1, 0, 0, 0, 0, 0, 0, 1, 0, 1, 0, 0, 0, 0, 0, 0, 1, 1, 1, 1, 0, 0, 0, 0, 1, 1, 1, 1, 0, 0, 0, 1, 1, 0, 0, 1, 1, 0, 0, 0, 0, 1, 0, 0, 1, 0, 1, 1, 0, 0, 1, 1, 0, 1, 0, 0, 0, 1, 0, 1, 0, 0, 1, 0, 0, 0, 1, 0, 0, 1, 0, 1, 0, 1, 1, 0, 1, 0, 0, 0, 1, 0, 0, 0, 0, 1, 0, 1, 0, 0, 1, 0, 1, 1, 1, 1, 0, 1, 1, 1, 1, 0, 1, 0, 0, 0, 0, 1, 1, 1, 0, 0, 0, 1, 0, 1, 1, 0, 1]","[0.01942227718943963, 0.1264171117120564, 0.5187337844259449, 0.008184774590183236, 0.026562661611018303, 0.012024341768282045, 0.011170747281670657, 0.9292761865859622, 0.9692996096172626, 0.5689225467087958, 0.9127088091791534, 0.9524103970493961, 0.014170316504953, 0.48456243879850125, 0.008184774590183236, 0.9762467009296516, 0.9847383127867649, 0.9870062587709801, 0.98735204438549, 0.008184774590183236, 0.4955038389112278, 0.6148504052983688, 0.8225506865413855, 0.07738498296540863, 0.9897344253033338, 0.9886392944598137, 0.011170747281670657, 0.008184774590183236, 0.2688576674636441, 0.03359740295016843, 0.008184774590183236, 0.008184774590183236, 0.8785107671996712, 0.011170747281670657, 0.543279043198823, 0.016081933662050324, 0.008184774590183236, 0.021801902838191733, 0.008184774590183236, 0.46246800860328846, 0.20838142580363955, 0.7671117864734982, 0.9839711992697686, 0.9837179754965603, 0.52429712524115, 0.016081933662050324, 0.008184774590183236, 0.008184774590183236, 0.04655080822788189, 0.9585738713535227, 0.9417340342702648, 0.9875502907214552, 0.7993045960495435, 0.008184774590183236, 0.21905807684702563, 0.008184774590183236, 0.9340835184588998, 0.8610620118941965, 0.02972285614327149, 0.231561438409975, 0.8873025900462156, 0.971089660936308, 0.008943134221679049, 0.008184774590183236, 0.45581855991844683, 0.02972285614327149, 0.9821087147440679, 0.01997904249562019, 0.1628777397447594, 0.9823815529454307, 0.3308671678446908, 0.9842250383299005, 0.8315813000207103, 0.008184774590183236, 0.014229813721258762, 0.9095824799756033, 0.9584826416366408, 0.03420305884694968, 0.9878554744065997, 0.008184774590183236, 0.03275647151024972, 0.0315903469178471, 0.961896666113551, 0.3425362625043914, 0.5201448015048706, 0.32841293566934027, 0.3425362625043914, 0.5516249038258335, 0.008184774590183236, 0.014229813721258762, 0.03359016623677227, 0.7437845595719469, 0.01401036627455084, 0.43824816417292517, 0.9863694327450454, 0.09073011752780312, 0.9737829896435852, 0.05540355711079762, 0.9409578908302075, 0.8401100401988091, 0.23165275492487652, 0.9310114054189252, 0.18706006671427095, 0.014170316504953, 0.008184774590183236, 0.7601600653040186, 0.021801902838191733, 0.17028971430960213, 0.008184774590183236, 0.08148258393865469, 0.9846009873254523, 0.029388098651738515, 0.8911186006492289, 0.008184774590183236, 0.014229813721258762, 0.7077887831532036, 0.022095885913317806, 0.8966905657574004, 0.9768188796322395, 0.9876946317057408, 0.9828379309782691, 0.01942227718943963, 0.9893219370848915, 0.8761644081719471, 0.9677954291821176, 0.9523251352848218, 0.008184774590183236, 0.9753460858554934, 0.008184774590183236, 0.008160111964265275, 0.008184774590183236, 0.07193971518343492, 0.9604324155869042, 0.5171553280027066, 0.961765206706223, 0.4274235815232859, 0.016066454993604477, 0.014229813721258762, 0.8144428101779635, 0.008184774590183236, 0.7809440893044778, 0.9351264067397163, 0.008184774590183236, 0.9843137475734721]"
Gradient Boosting,29,6,"[1, 1, 0, 1, 1, 1, 1, 0, 0, 0, 1, 0, 0, 0, 1, 0, 1, 0, 0, 1, 1, 0, 1, 1, 1, 0, 1, 1, 0, 1, 0, 0, 0, 0, 0, 0, 1, 0, 0, 1, 0, 1, 1, 1, 0, 0, 0, 1, 0, 1, 1, 0, 0, 0, 0, 0, 1, 0, 0, 1, 1, 0, 1, 0, 0, 1, 0, 0, 1, 0, 1, 0, 0, 1, 0, 0, 0, 1, 0, 1, 0, 1, 1, 0, 1, 0, 0, 0, 1, 0, 1, 0, 1, 0, 0, 0, 0, 1, 1, 0, 1, 0, 1, 0, 0, 1, 1, 1, 0, 0, 0, 0, 1, 0, 0, 0, 1, 0, 0, 1, 0, 1, 0, 1, 1, 0, 1, 1, 0, 0, 0, 1, 1, 1, 1, 1, 0, 0, 0, 0, 1, 0, 0]","[1, 1, 0, 1, 0, 1, 1, 0, 0, 0, 1, 1, 0, 0, 1, 0, 1, 1, 0, 1, 1, 0, 1, 1, 0, 0, 1, 1, 0, 1, 0, 0, 0, 0, 0, 0, 1, 0, 1, 1, 0, 0, 1, 1, 0, 1, 0, 1, 0, 1, 1, 0, 0, 0, 0, 0, 1, 0, 0, 1, 1, 0, 0, 0, 0, 1, 0, 0, 1, 0, 1, 0, 0, 1, 0, 0, 0, 1, 0, 1, 0, 1, 1, 0, 0, 0, 0, 0, 1, 0, 1, 0, 1, 0, 1, 0, 0, 1, 1, 0, 1, 0, 1, 0, 0, 1, 1, 1, 0, 0, 1, 0, 1, 0, 0, 0, 1, 1, 0, 1, 0, 1, 0, 1, 1, 1, 1, 1, 0, 0, 0, 1, 0, 1, 1, 0, 0, 1, 0, 0, 1, 0, 0]","[0.9693405605452282, 0.983381234592734, 0.010403727874719942, 0.9394318196544992, 0.21262190363918088, 0.9670248582726126, 0.9875315919167317, 0.010403727874719942, 0.012216556341514927, 0.02327651381878957, 0.984034575536212, 0.7959449447008324, 0.0143423793333395, 0.1416338837455993, 0.6998679300199107, 0.010403727874719942, 0.9599570249689385, 0.6107904465380425, 0.030436847754303952, 0.9794313445143187, 0.8211309160117565, 0.033865610949610415, 0.9819691877703315, 0.9848294468433699, 0.305902071611551, 0.011321340237836739, 0.8823875221842292, 0.9822322539908549, 0.041545967673457064, 0.9549678221150132, 0.01485122766575395, 0.013406900009212184, 0.010403727874719942, 0.010403727874719942, 0.10104029736435642, 0.02357850670203243, 0.9697603707425123, 0.059420504481808585, 0.9652412199561431, 0.7776977938784442, 0.025934052374736786, 0.03918793803615187, 0.8021734750646611, 0.9393516672214218, 0.013168065983829033, 0.7627524239972213, 0.010403727874719942, 0.7045397323924212, 0.010403727874719942, 0.8183634039628687, 0.9056100705651596, 0.010403727874719942, 0.010403727874719942, 0.010403727874719942, 0.010403727874719942, 0.04919978735787393, 0.9642596244898964, 0.010403727874719942, 0.013119413560718534, 0.5445197553490024, 0.8056260725369315, 0.39154653419032937, 0.026030332166136785, 0.017713597334401622, 0.010403727874719942, 0.9668340737916382, 0.010403727874719942, 0.03250445264804876, 0.9709826030020022, 0.010403727874719942, 0.8572671255931202, 0.021314053806262882, 0.010403727874719942, 0.9603328868849753, 0.010403727874719942, 0.010403727874719942, 0.016497254259335233, 0.9541462312519855, 0.12434794159393167, 0.9517827629830223, 0.033982051242209585, 0.9829175723242306, 0.9249271882931038, 0.027940188895511305, 0.24358836966827502, 0.34657003165074896, 0.055933001888046806, 0.4103935411418691, 0.9565443737536328, 0.010403727874719942, 0.9794447444660999, 0.010403727874719942, 0.9296773971162213, 0.010403727874719942, 0.9677041340236935, 0.49436451581372864, 0.010403727874719942, 0.8524119937458152, 0.9414187642370955, 0.3983899676702055, 0.6615586173438793, 0.027565426376867895, 0.6404564344572382, 0.010403727874719942, 0.02357850670203243, 0.9000641642764188, 0.9649368654752206, 0.9816626184947204, 0.0340905232298784, 0.022435008460443974, 0.6465597809247929, 0.025131735238056382, 0.6786810901121264, 0.23629096427369906, 0.010403727874719942, 0.013406900009212184, 0.9512152698955176, 0.6099175519224721, 0.010403727874719942, 0.6793869021728344, 0.011376461047666849, 0.890168244267818, 0.014316930958094538, 0.987703629801832, 0.9013821708072044, 0.866119686759379, 0.950748862344192, 0.9914215357301821, 0.018648803950605995, 0.4311377434784825, 0.010403727874719942, 0.9863816103337598, 0.14032531750872326, 0.7927854786190284, 0.9782224806741869, 0.040006911751301784, 0.08411757242504612, 0.8366227008703104, 0.014464615568550668, 0.01695014091457472, 0.9486193732857017, 0.02435305421614893, 0.010403727874719942]"
Gradient Boosting,30,6,"[0, 0, 1, 0, 0, 0, 1, 0, 0, 0, 0, 1, 0, 0, 1, 1, 0, 0, 0, 1, 0, 0, 0, 1, 0, 1, 0, 0, 0, 1, 1, 0, 1, 1, 0, 0, 0, 1, 0, 0, 0, 1, 1, 1, 0, 1, 0, 0, 0, 1, 0, 0, 0, 0, 0, 1, 1, 1, 0, 0, 0, 0, 0, 1, 1, 0, 1, 0, 1, 0, 1, 0, 0, 1, 1, 1, 0, 1, 0, 0, 1, 1, 1, 0, 1, 0, 0, 1, 1, 1, 1, 0, 0, 1, 0, 0, 0, 1, 0, 0, 0, 0, 0, 0, 1, 1, 1, 1, 1, 0, 0, 1, 0, 1, 0, 0, 1, 0, 0, 0, 1, 0, 0, 0, 0, 0, 0, 0, 1, 0, 0, 0, 0, 1, 0, 0, 0, 1, 1, 0, 0, 0, 0]","[0, 0, 0, 0, 0, 0, 1, 1, 0, 0, 0, 1, 0, 0, 1, 0, 0, 0, 0, 0, 0, 0, 0, 0, 0, 1, 0, 0, 0, 1, 1, 0, 1, 1, 0, 0, 0, 1, 0, 0, 0, 1, 0, 1, 0, 1, 0, 0, 0, 1, 0, 0, 0, 0, 1, 1, 1, 0, 0, 0, 0, 0, 0, 1, 1, 0, 1, 0, 0, 0, 0, 0, 0, 0, 1, 1, 0, 1, 0, 1, 0, 1, 1, 0, 1, 0, 0, 1, 1, 1, 1, 0, 0, 1, 0, 0, 0, 1, 0, 1, 0, 0, 0, 0, 1, 0, 0, 1, 0, 0, 0, 1, 0, 1, 0, 0, 0, 0, 0, 0, 1, 0, 0, 0, 1, 1, 0, 1, 1, 0, 0, 0, 0, 1, 0, 0, 0, 1, 1, 0, 0, 1, 0]","[0.3112131421550439, 0.01900582790717686, 0.421962242891291, 0.031407923456791775, 0.018915206241840662, 0.010146827467851567, 0.8423149601058885, 0.974044467544695, 0.04238203755589185, 0.011222373539510184, 0.010146827467851567, 0.9404712656117183, 0.06591294542304742, 0.025547704488121905, 0.9820660742696975, 0.2967529200749802, 0.017669891545254304, 0.1128457470512805, 0.016624175754915604, 0.28627423477715414, 0.042229049867240645, 0.011783084944092415, 0.08218855841345958, 0.3467523772626108, 0.017669891545254304, 0.5950259140277722, 0.011235952092286602, 0.06912495234020453, 0.010146827467851567, 0.7020167774630742, 0.9492897917387927, 0.011235952092286602, 0.9751447930731534, 0.8453605041974174, 0.3347731448885993, 0.03496800463188139, 0.010146827467851567, 0.9797236676135704, 0.01741689376869237, 0.05036543817791252, 0.32195678479790973, 0.972282199906416, 0.12330349539777166, 0.8566819367469978, 0.33778340349881747, 0.9876995764041842, 0.15826624753454077, 0.0209040136382335, 0.010146827467851567, 0.960805963678865, 0.010146827467851567, 0.010146827467851567, 0.010146827467851567, 0.010146827467851567, 0.9489698600296872, 0.7861315782291639, 0.9888732610540116, 0.040728697025663015, 0.015983755339720247, 0.10965273273124589, 0.01930693041956038, 0.018371453711280794, 0.020314294579160407, 0.9472752353975562, 0.9738785608619961, 0.011783084944092415, 0.9845382019233915, 0.022447553401371195, 0.033765328969449566, 0.015227342404972857, 0.2670635971294008, 0.02054980043808387, 0.010146827467851567, 0.4510746359461084, 0.9420771292079526, 0.9811658515952029, 0.037574006590154044, 0.9629510450076787, 0.0209040136382335, 0.9785547100647374, 0.06213114308977001, 0.9762594722455458, 0.9879965878348939, 0.0480617546112873, 0.9825269222220196, 0.052506883606332884, 0.011783084944092415, 0.9863213748929156, 0.8627180511157363, 0.9642541468412864, 0.926595360153568, 0.15258207884029618, 0.011783084944092415, 0.8883755440676985, 0.010146827467851567, 0.0137980026920572, 0.028297162552867208, 0.7362356739165208, 0.017721076325596535, 0.7332798694724092, 0.010146827467851567, 0.02106706971609559, 0.015983755339720247, 0.018243200931757998, 0.9843369651985774, 0.17796484429993603, 0.06056402006157265, 0.9346717771770696, 0.11040600134881083, 0.011235952092286602, 0.015383394185735135, 0.9632588895680787, 0.011235952092286602, 0.9731768307515217, 0.02739512470536232, 0.034737257331104936, 0.3367492270838557, 0.021186930144760068, 0.015589413514226248, 0.04126853189407309, 0.9876995764041842, 0.010146827467851567, 0.060381661205926265, 0.09312717002471088, 0.7564779493251239, 0.9805600950940413, 0.02220901367352606, 0.7921938664559208, 0.9848120063564607, 0.02882425332172541, 0.010146827467851567, 0.01925125489918392, 0.019586835584030328, 0.9644529847288856, 0.010146827467851567, 0.032405045774207976, 0.0771441194027398, 0.8373798564163313, 0.9370753007284864, 0.010146827467851567, 0.017669891545254304, 0.9442775150299438, 0.010146827467851567]"
Gradient Boosting,31,7,"[0, 1, 0, 1, 1, 1, 0, 1, 0, 0, 0, 0, 0, 0, 1, 0, 1, 1, 1, 0, 1, 0, 0, 1, 1, 0, 0, 1, 0, 1, 0, 0, 0, 0, 1, 0, 1, 0, 1, 0, 0, 0, 1, 0, 0, 1, 1, 0, 0, 1, 0, 0, 1, 0, 1, 1, 0, 0, 0, 1, 0, 0, 0, 0, 0, 0, 0, 0, 1, 1, 1, 1, 0, 1, 0, 0, 1, 0, 1, 0, 1, 1, 0, 0, 1, 1, 0, 1, 1, 0, 1, 0, 0, 0, 0, 0, 1, 0, 0, 1, 1, 1, 0, 1, 0, 0, 1, 0, 0, 0, 0, 0, 1, 0, 0, 0, 1, 0, 0, 0, 1, 1, 1, 1, 0, 1, 0, 1, 1, 1, 0, 0, 0, 1, 1, 1, 0, 1, 1, 0, 0, 0, 0, 1]","[0, 1, 0, 1, 1, 1, 1, 0, 1, 0, 1, 0, 0, 0, 0, 1, 1, 1, 1, 0, 0, 0, 0, 1, 1, 0, 0, 1, 0, 1, 0, 0, 1, 0, 1, 0, 1, 0, 1, 0, 0, 0, 1, 1, 0, 1, 1, 0, 0, 1, 0, 0, 1, 1, 1, 1, 0, 0, 0, 1, 0, 0, 0, 0, 0, 0, 0, 0, 1, 1, 0, 1, 0, 1, 0, 0, 1, 1, 1, 1, 1, 1, 1, 1, 1, 1, 0, 1, 1, 0, 0, 0, 0, 0, 0, 0, 1, 0, 0, 1, 1, 1, 0, 1, 0, 0, 1, 0, 0, 0, 0, 0, 1, 0, 0, 0, 1, 0, 0, 0, 1, 1, 1, 0, 0, 1, 1, 1, 1, 1, 0, 0, 0, 1, 1, 0, 0, 1, 1, 0, 0, 0, 0, 1]","[0.27876758469612645, 0.9669595726005414, 0.010081595063993715, 0.9709313982963882, 0.9039224444522712, 0.9612566739657048, 0.870221771000913, 0.3970420746527363, 0.8927011472452733, 0.008499038110046243, 0.9419101770638362, 0.046059818360486546, 0.025481902358810843, 0.013786314477416014, 0.30280817761494483, 0.9898563020647345, 0.9823890189521389, 0.9823977615853606, 0.5556508242918913, 0.018635019916374593, 0.1173037559208481, 0.041374025286952686, 0.018802682042493482, 0.9471606235162722, 0.9806698204013223, 0.008499038110046243, 0.011458223471512196, 0.9880943619998327, 0.06443948973522048, 0.9770740154675667, 0.008499038110046243, 0.28751483608026185, 0.8120173829902587, 0.008499038110046243, 0.9813952210499012, 0.020586243150966334, 0.9447163374802903, 0.030314074345723512, 0.9034867097543051, 0.35612450632972675, 0.008499038110046243, 0.01888596915356275, 0.9067497144795535, 0.9265202368696941, 0.18227000158569875, 0.9767852664868626, 0.9751272770727701, 0.24338485773496246, 0.018027142692336524, 0.9831722888814637, 0.33406412644645245, 0.008499038110046243, 0.9683293299655135, 0.6146436733544575, 0.85770190857103, 0.931022292008264, 0.05070650356268041, 0.012302643839201594, 0.013786314477416014, 0.9501224446755899, 0.008499038110046243, 0.008499038110046243, 0.008499038110046243, 0.3625649949855328, 0.008499038110046243, 0.010528724612210901, 0.06675519305195733, 0.044148704387032785, 0.9731239226358755, 0.6634854714674993, 0.08554388034048825, 0.9434314924489716, 0.025481902358810843, 0.9612863962606037, 0.02046350439093908, 0.037430390539104436, 0.9737452136476703, 0.5793423693954228, 0.9865582777867333, 0.9753212196822875, 0.9566321277761243, 0.7987638396487732, 0.7781004179245261, 0.9265171083345459, 0.9761948869555644, 0.9662444450903303, 0.008499038110046243, 0.9834517920941668, 0.9583276541689338, 0.008499038110046243, 0.46938624540632323, 0.013672009469890343, 0.028344369572819366, 0.03023913099610953, 0.011458223471512196, 0.035057640451648046, 0.9230800853942451, 0.29493343339618106, 0.04898161171135907, 0.979249877526491, 0.9623321885233885, 0.9813015756575516, 0.008499038110046243, 0.8456499925828934, 0.0329154616931509, 0.11685236282954306, 0.9615458389681436, 0.10284605844356035, 0.1433564556323256, 0.008499038110046243, 0.013786314477416014, 0.16751686240949965, 0.9748967243756284, 0.010086349386238909, 0.27302830879954193, 0.016252742832148073, 0.9798744531674809, 0.01888596915356275, 0.1488428945281778, 0.008499038110046243, 0.876433798404825, 0.9535192024755005, 0.8144466330006899, 0.4020166562218922, 0.012194492004665, 0.9281798081573172, 0.950509273867172, 0.8419447234255734, 0.9160939155801955, 0.9826875198767603, 0.042354216290426266, 0.008499038110046243, 0.0901923743224, 0.9822238934183645, 0.7421746096112775, 0.04817947224092029, 0.017133424931133148, 0.9747385556835313, 0.9298594659421435, 0.016252742832148073, 0.09202222520765732, 0.017133424931133148, 0.07945666355762866, 0.9287944228757715]"
Gradient Boosting,32,7,"[1, 1, 0, 0, 0, 1, 0, 0, 0, 1, 0, 0, 0, 1, 1, 1, 0, 0, 1, 0, 0, 1, 1, 0, 1, 0, 0, 0, 0, 1, 0, 0, 0, 1, 0, 1, 0, 0, 0, 1, 1, 1, 0, 1, 1, 0, 0, 0, 0, 1, 1, 1, 0, 0, 1, 1, 0, 1, 0, 0, 1, 1, 0, 1, 0, 0, 0, 1, 1, 0, 1, 0, 0, 1, 1, 1, 0, 0, 1, 0, 0, 1, 0, 0, 1, 1, 0, 0, 1, 1, 0, 1, 1, 1, 0, 1, 0, 0, 1, 1, 1, 1, 1, 1, 0, 1, 0, 1, 1, 0, 0, 1, 1, 1, 0, 1, 0, 0, 0, 1, 1, 0, 1, 0, 0, 0, 1, 1, 0, 1, 0, 1, 1, 0, 0, 1, 0, 0, 0, 0, 1, 0, 1]","[0, 0, 0, 0, 0, 1, 0, 0, 0, 0, 0, 0, 0, 1, 0, 1, 1, 0, 1, 0, 0, 1, 1, 0, 1, 1, 0, 0, 0, 1, 0, 0, 0, 1, 0, 1, 0, 0, 0, 1, 1, 1, 0, 1, 1, 0, 1, 0, 0, 1, 0, 1, 0, 0, 1, 1, 0, 1, 0, 0, 1, 1, 0, 1, 0, 0, 0, 0, 1, 0, 1, 0, 0, 1, 1, 1, 0, 0, 1, 0, 0, 1, 0, 0, 0, 1, 0, 0, 1, 1, 0, 1, 1, 1, 0, 1, 0, 1, 1, 1, 1, 1, 1, 1, 1, 1, 0, 1, 0, 0, 0, 1, 1, 1, 0, 1, 1, 0, 1, 1, 1, 0, 1, 0, 0, 1, 1, 1, 1, 1, 0, 1, 1, 0, 0, 1, 0, 0, 1, 0, 1, 0, 1]","[0.44128137052519656, 0.053640311498882966, 0.009595532935181617, 0.009595532935181617, 0.009595532935181617, 0.990818255774931, 0.009595532935181617, 0.009595532935181617, 0.009595532935181617, 0.13748035723006707, 0.009595532935181617, 0.03254610003538562, 0.014953892108979499, 0.9750066528859036, 0.35443688854909444, 0.6700412518445146, 0.5166995842065519, 0.009595532935181617, 0.7350761805742431, 0.012865227122034804, 0.012065078039002218, 0.9441371750908212, 0.9821655878704569, 0.18119642167256078, 0.650963487581242, 0.6049649191781593, 0.013711835891014965, 0.011591541465234336, 0.04805401809608472, 0.9809532116765544, 0.009595532935181617, 0.009595532935181617, 0.009595532935181617, 0.791505796819264, 0.014328266328854856, 0.739910862884803, 0.011591541465234336, 0.10267004949525758, 0.05196780027860153, 0.560916642872652, 0.9642072509389772, 0.971334653289559, 0.34737220877418284, 0.9587894385043838, 0.9638020146967429, 0.013711835891014965, 0.5340533263133698, 0.15672108796751527, 0.01073873975732915, 0.8878101676012138, 0.09123000875848057, 0.5735337678456227, 0.009595532935181617, 0.05875402861402021, 0.9565406785077328, 0.7342947973442747, 0.013496881753503765, 0.9644936932021583, 0.02033115940776248, 0.013314260578288807, 0.9107510300623717, 0.9187807827239138, 0.06020353813418853, 0.9312440548619684, 0.03749730793766387, 0.04868596558793497, 0.02036486539888363, 0.3103993261330371, 0.9660005655559133, 0.02135676954400403, 0.9509395345622365, 0.009595532935181617, 0.02864798858838385, 0.9792313937714576, 0.9770792579957052, 0.6757573356018028, 0.011591541465234336, 0.024412706504543715, 0.9742391846317693, 0.02355611154180381, 0.009595532935181617, 0.9774341129584776, 0.009595532935181617, 0.009595532935181617, 0.4979318469113256, 0.9514451740584907, 0.009270737970246133, 0.16757986727386529, 0.884478603566517, 0.9779063850744212, 0.0942158417086858, 0.7615027984563176, 0.7861011120395147, 0.9622497847724774, 0.009595532935181617, 0.9596961314858714, 0.009595532935181617, 0.6680040390487312, 0.9506161145773744, 0.5659926367490448, 0.8937599213880189, 0.9812773918422942, 0.7941177540389059, 0.8062163841310319, 0.5068410214374997, 0.9795627058566284, 0.21740453527567627, 0.8504966021323217, 0.2609017935318085, 0.013314260578288807, 0.05911218813522393, 0.9852960401434331, 0.9613083299399139, 0.953900627260787, 0.009595532935181617, 0.7264055275856462, 0.5987251358258932, 0.12258382267540724, 0.723573656725351, 0.9418097021093264, 0.9288356043879026, 0.04195093371279896, 0.9330971989295306, 0.031263345823872836, 0.029188864508509684, 0.8839730964725819, 0.9917179309915605, 0.976195531186365, 0.8513211111708137, 0.9808009663847951, 0.009595532935181617, 0.9636209286193389, 0.9875385792887166, 0.200316630976825, 0.05289221005906859, 0.791016660024312, 0.009595532935181617, 0.009595532935181617, 0.5506265608731259, 0.09456943582065903, 0.9280910589232249, 0.009595532935181617, 0.9292587589447096]"
Gradient Boosting,33,7,"[0, 1, 0, 0, 0, 1, 0, 0, 1, 0, 1, 0, 0, 0, 1, 0, 1, 0, 1, 1, 0, 1, 0, 1, 0, 0, 0, 1, 0, 1, 1, 0, 0, 0, 1, 0, 0, 1, 1, 0, 0, 1, 0, 0, 1, 0, 1, 1, 0, 1, 0, 1, 0, 0, 0, 1, 1, 1, 1, 1, 0, 0, 1, 0, 1, 0, 1, 1, 0, 0, 1, 0, 0, 0, 0, 0, 1, 0, 1, 0, 0, 1, 0, 0, 0, 1, 1, 0, 0, 1, 1, 0, 1, 0, 0, 0, 0, 1, 0, 1, 1, 0, 0, 1, 0, 0, 1, 1, 1, 1, 0, 1, 0, 1, 0, 0, 0, 0, 0, 1, 0, 0, 0, 1, 0, 1, 1, 1, 1, 0, 1, 1, 1, 0, 1, 1, 0, 1, 0, 1, 0, 0, 1]","[0, 1, 1, 1, 1, 0, 0, 1, 1, 1, 0, 0, 0, 0, 1, 0, 1, 0, 1, 1, 1, 1, 0, 1, 0, 0, 0, 1, 0, 1, 1, 0, 0, 0, 1, 0, 0, 1, 1, 0, 0, 0, 0, 0, 1, 0, 1, 1, 0, 1, 0, 1, 0, 0, 0, 1, 1, 1, 1, 0, 1, 0, 1, 0, 1, 0, 1, 1, 0, 0, 1, 0, 0, 0, 0, 0, 1, 0, 1, 1, 0, 0, 0, 0, 0, 1, 1, 0, 0, 1, 1, 0, 1, 0, 0, 0, 0, 1, 0, 1, 1, 1, 0, 1, 0, 1, 1, 0, 1, 1, 0, 1, 0, 1, 0, 1, 1, 0, 0, 1, 0, 0, 0, 1, 0, 1, 1, 0, 1, 0, 1, 1, 0, 0, 1, 1, 0, 1, 1, 1, 0, 1, 1]","[0.022489064375626363, 0.9550149454801363, 0.8308169803398594, 0.9250116227362969, 0.6259450937987003, 0.0984006183351883, 0.024405138524198466, 0.7144475052230898, 0.6575498692104437, 0.5923459195585308, 0.2998943569363704, 0.09484860853084445, 0.016880925639221892, 0.016880925639221892, 0.9291013271531917, 0.009051764746124189, 0.8400276751358541, 0.023459090572351966, 0.826730079709285, 0.9112816031503725, 0.6350598920784148, 0.9717549093888042, 0.03406111801280292, 0.9702117269739121, 0.009051764746124189, 0.030652755804053956, 0.022489064375626363, 0.9809443384315572, 0.010589993379930497, 0.9794661207558208, 0.9789201628349465, 0.2614394456284647, 0.009051764746124189, 0.028717132087311133, 0.9845985390511872, 0.01374795430103235, 0.031023964110659517, 0.9671859042595081, 0.9805983481281371, 0.009051764746124189, 0.01372683888344278, 0.12565663548858158, 0.3232553909837808, 0.13486879275303404, 0.8947641926914455, 0.06822112470453813, 0.9859225988436254, 0.9634983550574399, 0.01372683888344278, 0.9425888567817042, 0.009051764746124189, 0.962304092968128, 0.009051764746124189, 0.009051764746124189, 0.052794876120824, 0.7902472622574588, 0.9716049230610682, 0.7186892737235954, 0.8644842498301849, 0.024503543693909845, 0.547644589813545, 0.016880925639221892, 0.9803838669528999, 0.009051764746124189, 0.9642970930836556, 0.02263659851227084, 0.8497435133164021, 0.5120712584883881, 0.022489064375626363, 0.052794876120824, 0.8914134708307632, 0.15069536320389582, 0.0440297985427265, 0.04792168075068986, 0.39226110944252385, 0.35703681568065854, 0.9780468357542054, 0.016880925639221892, 0.632055708945653, 0.9864356911552841, 0.26513630679386474, 0.06716081060610252, 0.009051764746124189, 0.04907497916044107, 0.01372683888344278, 0.980495781710697, 0.7153027648607706, 0.01372683888344278, 0.020083462157763826, 0.9716181876369867, 0.969442522861464, 0.1358303155362676, 0.9891717231602831, 0.02784138372967655, 0.010589993379930497, 0.01374795430103235, 0.3105095530259229, 0.9768664940014746, 0.009051764746124189, 0.9213433362786656, 0.9024434693962421, 0.6689765406503441, 0.01372683888344278, 0.9194173066336031, 0.009051764746124189, 0.9787050750015014, 0.9667543835390681, 0.048866356787725905, 0.8952899541592321, 0.7966937606890654, 0.011111178028634202, 0.5623522820753509, 0.03584287718419849, 0.5622505757551423, 0.4972616553958956, 0.6808475699073503, 0.7462939236975913, 0.13003719140885378, 0.021050711672723748, 0.969753204437662, 0.028763622517087924, 0.15034681551104045, 0.027505762760520174, 0.849444605652932, 0.27915061793559437, 0.9792539036763165, 0.9454948052857379, 0.21612174742747522, 0.9056613513575266, 0.022489064375626363, 0.8586903647657202, 0.9558444246800237, 0.15628583364523926, 0.01372683888344278, 0.5403921484000702, 0.9886673708002165, 0.016880925639221892, 0.944043257725003, 0.8875098856779424, 0.9405518883224911, 0.009051764746124189, 0.9548396997510787, 0.6443705997537376]"
Gradient Boosting,34,7,"[0, 0, 1, 1, 0, 0, 0, 0, 0, 1, 0, 0, 0, 1, 0, 1, 0, 0, 1, 0, 1, 1, 1, 1, 1, 1, 0, 0, 1, 0, 1, 0, 1, 0, 0, 0, 0, 0, 0, 1, 0, 0, 1, 1, 0, 1, 1, 0, 0, 0, 1, 0, 1, 1, 0, 1, 1, 0, 0, 0, 0, 0, 1, 0, 1, 1, 0, 0, 0, 1, 0, 0, 1, 1, 0, 1, 0, 0, 0, 1, 1, 1, 0, 1, 0, 0, 0, 0, 0, 1, 0, 0, 1, 1, 1, 0, 0, 0, 0, 0, 0, 1, 0, 0, 0, 1, 0, 1, 0, 1, 1, 0, 0, 1, 0, 0, 0, 1, 1, 1, 0, 1, 0, 0, 0, 0, 0, 1, 0, 1, 0, 0, 1, 0, 0, 0, 0, 1, 0, 0, 0, 1, 0]","[0, 0, 1, 1, 1, 0, 0, 0, 0, 1, 1, 0, 0, 1, 1, 1, 0, 1, 1, 0, 0, 1, 1, 1, 0, 1, 0, 0, 1, 0, 1, 0, 1, 0, 0, 0, 0, 0, 0, 1, 0, 0, 0, 0, 0, 1, 1, 0, 0, 0, 0, 0, 1, 0, 0, 0, 1, 0, 0, 0, 1, 0, 1, 0, 1, 0, 0, 0, 0, 1, 0, 0, 1, 0, 0, 0, 0, 0, 0, 1, 0, 1, 1, 1, 0, 1, 0, 1, 0, 1, 0, 0, 1, 1, 1, 0, 0, 0, 0, 0, 1, 0, 0, 0, 0, 1, 0, 1, 0, 1, 1, 0, 1, 1, 0, 0, 0, 1, 1, 1, 0, 0, 0, 1, 0, 0, 0, 1, 0, 1, 1, 0, 1, 1, 0, 0, 0, 1, 0, 0, 0, 1, 1]","[0.007698969603738608, 0.0437472145381137, 0.7123683022519156, 0.9831202962443873, 0.9296697159437552, 0.02679197311150711, 0.01178239437101454, 0.01309080852316922, 0.007698969603738608, 0.9670479218237025, 0.838591543414871, 0.049356065726454734, 0.007698969603738608, 0.9725351379166793, 0.8602178155644765, 0.9382933666973616, 0.007698969603738608, 0.5932951797505116, 0.9873031640071525, 0.007698969603738608, 0.1710432105157019, 0.973169790370557, 0.6704727751914095, 0.9437282013224991, 0.06243001346862175, 0.7856236155103781, 0.007698969603738608, 0.007698969603738608, 0.5999093206328858, 0.1512675986060531, 0.9142523551688232, 0.3140744490073974, 0.8567309466799421, 0.007698969603738608, 0.007698969603738608, 0.10122228744326689, 0.008561073737351096, 0.007698969603738608, 0.04460195141615111, 0.6587433780528024, 0.26786631623176727, 0.007698969603738608, 0.007698969603738608, 0.04044690230374169, 0.09379080278245155, 0.6409996949972756, 0.9814025120083917, 0.007698969603738608, 0.007698969603738608, 0.007698969603738608, 0.33684241462679404, 0.007698969603738608, 0.9780031735992686, 0.20590846517901001, 0.007698969603738608, 0.1699591873008146, 0.9786924149008761, 0.007698969603738608, 0.007698969603738608, 0.007698969603738608, 0.7795575163812014, 0.007698969603738608, 0.9526414214468515, 0.007698969603738608, 0.9716516423200733, 0.01032165842891435, 0.007698969603738608, 0.017893826049025695, 0.026044650841569917, 0.9714812300840528, 0.007698969603738608, 0.007698969603738608, 0.9849785727868352, 0.15019887833641407, 0.007698969603738608, 0.21481120180130472, 0.007698969603738608, 0.012658381415208508, 0.018102920790186154, 0.9497944909829912, 0.3330765316599393, 0.9860856567928903, 0.5994535900035288, 0.9888074439791584, 0.007698969603738608, 0.7208742362553205, 0.01169931141634931, 0.9831411920862712, 0.10066511457014571, 0.8703590505586138, 0.2757800482454174, 0.013016451459726122, 0.8442892225147467, 0.5044590076333163, 0.9728327303804051, 0.007698969603738608, 0.007698969603738608, 0.10881256897153173, 0.007698969603738608, 0.007698969603738608, 0.5101357479357654, 0.007698969603738608, 0.008561073737351096, 0.007698969603738608, 0.05613410741977028, 0.9702000347220618, 0.007698969603738608, 0.9387924452253947, 0.020289894133898218, 0.9598729002614037, 0.8085067134822683, 0.007698969603738608, 0.914593818434674, 0.9766044397004223, 0.007698969603738608, 0.007698969603738608, 0.007698969603738608, 0.9230603964210953, 0.9786904260283703, 0.9808371035309101, 0.019914476681870182, 0.23694021493634018, 0.04044690230374169, 0.7758956142640036, 0.007698969603738608, 0.007698969603738608, 0.007698969603738608, 0.9647890086450489, 0.014900360733395988, 0.9794224047166284, 0.6708131565710683, 0.007698969603738608, 0.9754320977918814, 0.9356343391444616, 0.007698969603738608, 0.31608845220757714, 0.008327131908499638, 0.9673127710117171, 0.007698969603738608, 0.009248180279358207, 0.020476589973784848, 0.8795981207832072, 0.5876894927702707]"
Gradient Boosting,35,7,"[0, 1, 1, 0, 1, 0, 1, 0, 0, 1, 0, 0, 0, 1, 1, 0, 0, 1, 0, 1, 0, 0, 0, 0, 1, 0, 1, 0, 1, 0, 0, 0, 1, 0, 1, 0, 0, 0, 1, 0, 1, 0, 0, 0, 1, 0, 0, 1, 0, 0, 0, 1, 1, 0, 0, 0, 0, 1, 1, 0, 0, 0, 0, 0, 1, 1, 1, 1, 1, 1, 0, 1, 1, 0, 1, 0, 0, 1, 1, 0, 1, 0, 0, 1, 1, 1, 0, 1, 1, 0, 0, 1, 0, 1, 0, 0, 0, 1, 0, 1, 0, 0, 1, 1, 1, 0, 0, 0, 1, 1, 1, 0, 0, 1, 1, 0, 0, 1, 0, 0, 0, 0, 0, 0, 1, 1, 0, 0, 0, 0, 0, 1, 0, 1, 0, 0, 1, 1, 0, 0, 0, 0, 1]","[0, 1, 0, 0, 0, 0, 1, 0, 1, 1, 0, 0, 0, 1, 1, 0, 1, 1, 0, 1, 0, 0, 0, 0, 1, 0, 1, 0, 1, 0, 0, 0, 1, 0, 1, 0, 0, 1, 0, 0, 0, 0, 0, 0, 1, 0, 0, 1, 1, 0, 1, 1, 1, 0, 0, 0, 1, 1, 1, 1, 0, 0, 0, 0, 1, 1, 1, 0, 0, 1, 0, 1, 0, 1, 1, 0, 0, 0, 1, 0, 1, 1, 0, 1, 1, 1, 0, 0, 1, 0, 0, 1, 0, 1, 0, 0, 0, 1, 0, 1, 0, 0, 1, 0, 1, 0, 1, 1, 1, 1, 1, 0, 0, 1, 1, 0, 0, 1, 0, 0, 0, 1, 1, 0, 0, 1, 0, 0, 0, 0, 0, 1, 0, 0, 0, 1, 1, 1, 0, 0, 0, 0, 1]","[0.011267571460543375, 0.9926617840180445, 0.013766957355033724, 0.010428340996624692, 0.47637299481955064, 0.007979497933708949, 0.8640286070679943, 0.008518795796779619, 0.9795665037603699, 0.9212719476390095, 0.008518795796779619, 0.034254605745986606, 0.023391297072213612, 0.9891955528728998, 0.6957535980002071, 0.01435744087636297, 0.7017296151579254, 0.9665263462622361, 0.07175006736117075, 0.6265568883381931, 0.024384375205176657, 0.04463201306809345, 0.010199073973001306, 0.008518795796779619, 0.5859082047194715, 0.014061118579965611, 0.9492228350248193, 0.008518795796779619, 0.984518489992999, 0.015467664951645775, 0.3876574240750458, 0.012396953626034404, 0.9088426904443114, 0.008518795796779619, 0.9864470715259047, 0.43937887719659996, 0.008518795796779619, 0.6443829701491088, 0.07441621979388954, 0.008518795796779619, 0.302346309940035, 0.4350477519944859, 0.15265179728508, 0.04919837144318672, 0.9270061121163009, 0.008518795796779619, 0.008518795796779619, 0.9341709757442613, 0.9917841907972392, 0.008120551719980029, 0.7619394778200637, 0.9109867097807057, 0.9750769232175235, 0.008518795796779619, 0.11410055197615522, 0.008518795796779619, 0.9292016881793739, 0.9843723254166937, 0.8790196678220502, 0.9123794161772004, 0.008518795796779619, 0.008518795796779619, 0.08692036557529498, 0.008518795796779619, 0.9883633964367433, 0.9910961296578038, 0.982268445190845, 0.41691113927361517, 0.4697570471235322, 0.9923135340417356, 0.018625837059431702, 0.7337147278001167, 0.23293202137005267, 0.9509062511697913, 0.9807843037531848, 0.008518795796779619, 0.008518795796779619, 0.32134084789587103, 0.9880416316267576, 0.008120551719980029, 0.9842206855656533, 0.7781746548990273, 0.01654674260082232, 0.9670370630287464, 0.9226800442572319, 0.717872132616485, 0.0261732576855591, 0.4629555316881912, 0.7635803137814281, 0.014458218101808444, 0.02354174493645422, 0.6568023724306762, 0.008518795796779619, 0.9864686941422822, 0.029224562505879875, 0.017679725577003248, 0.010199073973001306, 0.7554254837380421, 0.008120551719980029, 0.9245088297414202, 0.009365766638214364, 0.010428340996624692, 0.9750479261853601, 0.08054125564548348, 0.8696741057970007, 0.11072514779016447, 0.7520481426998223, 0.9006899896998581, 0.9824574323837061, 0.9573621959112358, 0.983509221055041, 0.0147579865564449, 0.008518795796779619, 0.9558960186784541, 0.7597519739171749, 0.008518795796779619, 0.008518795796779619, 0.9930371405114264, 0.014539413794131166, 0.008518795796779619, 0.442481434482881, 0.989029788118021, 0.5491018581738997, 0.021900455471812436, 0.11503935679314464, 0.9877713689809249, 0.008518795796779619, 0.022614679923468908, 0.008063588104356634, 0.008518795796779619, 0.04013809167550483, 0.9749109494237242, 0.008518795796779619, 0.024639651161515206, 0.023391297072213612, 0.7667789897722723, 0.9892263857466113, 0.8797885627318637, 0.008518795796779619, 0.008518795796779619, 0.008518795796779619, 0.008518795796779619, 0.970873657676529]"
Gradient Boosting,36,8,"[1, 0, 0, 0, 0, 0, 1, 1, 1, 0, 0, 0, 0, 1, 1, 1, 1, 1, 0, 0, 1, 0, 0, 1, 1, 1, 0, 0, 0, 0, 1, 1, 0, 0, 1, 0, 0, 0, 0, 0, 0, 0, 0, 0, 0, 1, 0, 0, 0, 0, 0, 0, 0, 0, 1, 0, 1, 0, 0, 1, 1, 1, 1, 1, 1, 1, 1, 0, 1, 1, 0, 0, 0, 0, 1, 0, 1, 1, 1, 0, 1, 1, 1, 1, 0, 0, 0, 0, 0, 1, 1, 1, 0, 0, 1, 1, 0, 1, 0, 1, 0, 1, 1, 1, 1, 0, 1, 1, 1, 1, 0, 0, 0, 0, 1, 1, 0, 0, 0, 0, 1, 1, 0, 0, 0, 0, 1, 1, 0, 0, 1, 0, 1, 1, 1, 0, 0, 0, 0, 1, 0, 1, 0, 0]","[1, 1, 1, 0, 0, 0, 0, 1, 1, 1, 0, 0, 1, 1, 1, 1, 1, 1, 0, 0, 1, 0, 0, 1, 1, 1, 1, 0, 0, 0, 1, 1, 0, 0, 1, 1, 0, 0, 0, 0, 0, 0, 0, 0, 1, 1, 0, 0, 0, 0, 0, 0, 0, 0, 1, 0, 1, 0, 1, 1, 1, 1, 1, 1, 0, 1, 0, 0, 1, 1, 0, 0, 1, 1, 1, 1, 0, 1, 1, 0, 1, 1, 1, 1, 0, 1, 0, 0, 0, 1, 0, 1, 0, 0, 1, 1, 0, 1, 0, 1, 0, 1, 0, 1, 1, 0, 1, 1, 1, 1, 1, 0, 0, 0, 1, 1, 0, 0, 0, 0, 1, 1, 0, 0, 0, 0, 0, 1, 0, 0, 0, 0, 1, 1, 1, 1, 0, 0, 0, 1, 1, 1, 0, 1]","[0.9644490366830957, 0.7646046479805149, 0.7665221702563537, 0.4772263613597141, 0.008985532693927161, 0.008985532693927161, 0.04414384713816075, 0.9072165405894028, 0.8760397941401429, 0.7990309785184948, 0.008985532693927161, 0.016263859718698776, 0.8301972515744156, 0.9771498444668889, 0.9809667269912371, 0.9876871294516184, 0.6008267548333467, 0.8262367935749474, 0.008985532693927161, 0.07243679142408017, 0.642600015026134, 0.017962081334958108, 0.029712090918235852, 0.9200068435022154, 0.9833297168462302, 0.8640379550144435, 0.6856611614425737, 0.008985532693927161, 0.02584763139312952, 0.008985532693927161, 0.9872799039609009, 0.9764103105845654, 0.008985532693927161, 0.13438666875068533, 0.9669572176164754, 0.7818677942066128, 0.046660605872514346, 0.008985532693927161, 0.03706558812249993, 0.054010630620762085, 0.008985532693927161, 0.21728991228245695, 0.07387305472144923, 0.019157686986751247, 0.8176438606424157, 0.9787039329266652, 0.2649069954076636, 0.04821799263027324, 0.034262343609079024, 0.008985532693927161, 0.008985532693927161, 0.009921717607644603, 0.011102289153779704, 0.35427658124842143, 0.9465165259209216, 0.05673336024025273, 0.9547306410914819, 0.09146915909800524, 0.8088128329593373, 0.9794216954937436, 0.955142286669484, 0.9089945829400752, 0.9043073814372085, 0.9201132308325047, 0.24416031591413612, 0.9658133438003625, 0.4882995507559174, 0.10243015856289832, 0.973258681591564, 0.9888957076482753, 0.008985532693927161, 0.010091963192694602, 0.9493484513731341, 0.7069304744028014, 0.8735267707374201, 0.533852312157251, 0.2530305565869699, 0.9253080169320512, 0.8452693343595001, 0.008985532693927161, 0.9646137851291334, 0.9001347549103005, 0.9759425854171624, 0.6623625498095294, 0.008985532693927161, 0.5819310751972749, 0.029322139498713266, 0.010091963192694602, 0.010604366722110492, 0.917114095589638, 0.14673534109163755, 0.9579222496383286, 0.009921717607644603, 0.055243459024971235, 0.8123962993893543, 0.8935934673516821, 0.046660605872514346, 0.9656158665147918, 0.15782723047719102, 0.8726495816416059, 0.15472294150530436, 0.984426982048294, 0.36076972762148923, 0.9490778208953471, 0.8302103255238501, 0.06325256731757838, 0.6300922109533926, 0.9618016129641974, 0.8392706277469092, 0.9570216529406724, 0.5064694787248126, 0.03070426036843476, 0.046660605872514346, 0.008985532693927161, 0.8928972039927994, 0.9687825753968465, 0.4439180292373437, 0.008985532693927161, 0.01140663126893717, 0.017659177876356937, 0.5568155374705678, 0.9630626176166046, 0.047103361901510536, 0.008985532693927161, 0.011102289153779704, 0.021107196948887127, 0.15726552014351453, 0.9848546454018733, 0.045555047840706214, 0.0191174095867602, 0.036577052514285516, 0.017962081334958108, 0.9444201628646471, 0.946585334940707, 0.8674629890400404, 0.8563478083971334, 0.046603541942807546, 0.0191174095867602, 0.11464015864064099, 0.9752977515014406, 0.7925433756267088, 0.9424127678226749, 0.008985532693927161, 0.8482672944399042]"
Gradient Boosting,37,8,"[0, 0, 1, 0, 0, 0, 0, 1, 1, 0, 0, 1, 0, 0, 0, 1, 1, 1, 1, 1, 0, 0, 0, 0, 0, 1, 0, 1, 1, 0, 0, 0, 0, 1, 0, 0, 1, 0, 0, 0, 0, 0, 0, 1, 1, 1, 0, 1, 1, 0, 1, 0, 0, 0, 1, 1, 1, 1, 1, 1, 0, 1, 1, 1, 1, 0, 0, 0, 0, 0, 1, 0, 1, 1, 0, 0, 0, 0, 0, 0, 1, 0, 0, 1, 0, 1, 0, 1, 1, 1, 0, 0, 1, 1, 1, 0, 0, 1, 1, 0, 0, 1, 0, 0, 0, 0, 1, 1, 0, 1, 1, 0, 0, 0, 0, 0, 0, 0, 0, 0, 1, 1, 1, 1, 0, 0, 1, 1, 0, 0, 1, 0, 0, 1, 0, 1, 1, 1, 1, 0, 0, 0, 0]","[0, 0, 1, 0, 1, 1, 0, 1, 0, 1, 0, 1, 0, 0, 0, 0, 1, 1, 1, 0, 0, 0, 0, 0, 0, 1, 0, 0, 1, 0, 0, 0, 0, 1, 0, 0, 1, 0, 0, 1, 0, 0, 1, 0, 0, 1, 0, 1, 1, 0, 1, 0, 0, 0, 1, 1, 1, 1, 1, 1, 0, 1, 1, 1, 1, 0, 0, 0, 0, 0, 1, 0, 0, 1, 0, 0, 0, 0, 0, 0, 1, 0, 0, 1, 0, 0, 1, 1, 1, 1, 1, 1, 0, 1, 1, 0, 0, 1, 0, 0, 0, 1, 0, 0, 0, 1, 1, 1, 0, 1, 1, 0, 1, 1, 0, 0, 0, 0, 1, 0, 1, 1, 1, 1, 0, 0, 1, 1, 0, 0, 1, 0, 1, 1, 0, 1, 1, 1, 0, 0, 0, 0, 1]","[0.017253785642536153, 0.01581654431559354, 0.9361615059898026, 0.029174666646612595, 0.8109606095324705, 0.9207651750420688, 0.009455258549235825, 0.9903102606972638, 0.2700022253695837, 0.9624117975644082, 0.1495523087302822, 0.6762974350632633, 0.009455258549235825, 0.009455258549235825, 0.039583126040065, 0.0904121571682677, 0.8438803832165452, 0.9548703283156431, 0.983857327024195, 0.19967507288884384, 0.01162544357762628, 0.025245358405053184, 0.01581654431559354, 0.01581654431559354, 0.0766292017688143, 0.8830270396925193, 0.1716362561294275, 0.32254840134872054, 0.9801795972547571, 0.12559583453815584, 0.009455258549235825, 0.018544964704127413, 0.14149003571195498, 0.6639208555497133, 0.009455258549235825, 0.02825544602892068, 0.9711047491039054, 0.07649704953998698, 0.011446346363652741, 0.7671797166163405, 0.22211293645033475, 0.009455258549235825, 0.6683124553075926, 0.4604683843034748, 0.08845794869791215, 0.9613208297668235, 0.1242491121011924, 0.9484521154576422, 0.8396370007904489, 0.10098854480984983, 0.992791593826242, 0.009455258549235825, 0.014067038868403967, 0.011609554847280596, 0.9233894654779217, 0.9729364382296297, 0.9703536891442572, 0.9708016012746076, 0.978417581911752, 0.5782453949831242, 0.010483007066139801, 0.9693176447051028, 0.9410284133999658, 0.9917121243053199, 0.8328202635152092, 0.009455258549235825, 0.009455258549235825, 0.009455258549235825, 0.030344507878152332, 0.01581654431559354, 0.9355948956099462, 0.029341338031638083, 0.31417850885205073, 0.6229967511714872, 0.036882225627917035, 0.009455258549235825, 0.009455258549235825, 0.009455258549235825, 0.36408234952471064, 0.014136011308327024, 0.9736139382235683, 0.034834610813219216, 0.030344507878152332, 0.9612338189006807, 0.015572680257587268, 0.05911493138427163, 0.5261779446897578, 0.9883427729376262, 0.7964535038260978, 0.946458136648439, 0.6264138474421218, 0.8326196438402107, 0.1342549341959388, 0.6859949543535367, 0.7244640148246122, 0.02122239330092862, 0.009455258549235825, 0.9009320459434705, 0.32194732784649216, 0.019659686702122942, 0.009455258549235825, 0.9923676773221427, 0.010472529080710686, 0.058123448476026525, 0.009455258549235825, 0.9709959526267335, 0.9799045139498017, 0.9408434131776298, 0.030344507878152332, 0.9541432215557715, 0.9577428115980525, 0.09839197842527178, 0.7997470169887267, 0.7299137092952642, 0.13608557096617582, 0.21638870583529804, 0.13983076102896078, 0.009455258549235825, 0.7760857831723228, 0.015588180666112767, 0.9881492763790508, 0.8813366250390687, 0.9623655667047548, 0.981283599362046, 0.009455258549235825, 0.010472529080710686, 0.5462445182041443, 0.9680750456900231, 0.009455258549235825, 0.0286843266248386, 0.9679097924091374, 0.3047595388250431, 0.6863611625846603, 0.9723421692396853, 0.21652304239290884, 0.949680540525595, 0.9716421542460665, 0.8828831034605223, 0.2717919963194387, 0.011609554847280596, 0.019138737469396084, 0.009455258549235825, 0.9657282575183543]"
Gradient Boosting,38,8,"[0, 0, 1, 1, 0, 1, 0, 0, 1, 0, 0, 1, 0, 1, 0, 0, 0, 0, 1, 0, 1, 1, 1, 1, 0, 1, 1, 0, 1, 0, 0, 0, 0, 1, 0, 0, 0, 1, 1, 0, 0, 1, 1, 0, 1, 0, 0, 1, 0, 1, 0, 0, 0, 1, 1, 0, 0, 0, 1, 1, 0, 1, 0, 1, 0, 1, 0, 0, 1, 1, 1, 0, 0, 0, 0, 0, 1, 0, 0, 0, 1, 0, 0, 0, 0, 0, 1, 0, 1, 0, 1, 0, 0, 1, 1, 1, 1, 0, 1, 0, 1, 1, 0, 0, 0, 1, 1, 0, 0, 1, 0, 0, 0, 1, 0, 1, 0, 0, 1, 0, 1, 1, 0, 0, 1, 1, 0, 1, 0, 1, 0, 1, 1, 1, 0, 1, 1, 0, 0, 1, 0, 0, 1]","[0, 0, 1, 0, 0, 1, 1, 0, 1, 0, 0, 1, 1, 1, 0, 0, 0, 0, 0, 0, 1, 1, 1, 0, 0, 1, 1, 0, 1, 0, 0, 0, 0, 1, 0, 0, 0, 0, 0, 0, 0, 1, 1, 0, 1, 0, 1, 1, 0, 1, 1, 0, 0, 1, 0, 0, 0, 0, 1, 1, 0, 0, 1, 0, 0, 1, 0, 0, 1, 1, 0, 0, 0, 0, 0, 0, 1, 0, 0, 0, 1, 1, 0, 0, 0, 0, 1, 0, 1, 0, 1, 0, 0, 1, 1, 1, 0, 0, 1, 0, 1, 1, 0, 0, 0, 1, 1, 0, 0, 1, 0, 0, 0, 1, 0, 1, 1, 0, 1, 0, 0, 1, 1, 1, 1, 1, 0, 1, 1, 1, 0, 1, 1, 0, 0, 1, 1, 1, 0, 1, 0, 0, 1]","[0.013647869643162535, 0.009949847945813405, 0.8984453343824806, 0.3803012064625359, 0.011711825024292197, 0.9812057280436981, 0.7322859275424499, 0.04866406610250286, 0.9292182601172635, 0.06312896402574214, 0.009949847945813405, 0.9880126210716962, 0.992134221776707, 0.9828349881488644, 0.009949847945813405, 0.009949847945813405, 0.04343303979392713, 0.014548646077995562, 0.43443324455578186, 0.01577117868559295, 0.9476191658169394, 0.9896858582730814, 0.9864757453535257, 0.17639137919703723, 0.014420248348585244, 0.9945000243276856, 0.9944003612986176, 0.011598043885183545, 0.6066587829092771, 0.009949847945813405, 0.009949847945813405, 0.09470947483143795, 0.013099967378822503, 0.9875386518581664, 0.009949847945813405, 0.023709658073078684, 0.01626748773624913, 0.2205506381043255, 0.2951655253908158, 0.009949847945813405, 0.013720952508743212, 0.9679944112323651, 0.9534195113974013, 0.009949847945813405, 0.9758443497450828, 0.009949847945813405, 0.6703685938159262, 0.6496514065929577, 0.009949847945813405, 0.6286097574924655, 0.9931193127773755, 0.009949847945813405, 0.02951657059771661, 0.9773986569612403, 0.1027003886461388, 0.009949847945813405, 0.04190963146586577, 0.009949847945813405, 0.7988595199954726, 0.6884910608776014, 0.009949847945813405, 0.020045204253269517, 0.8391429778653149, 0.025494663586546056, 0.014548646077995562, 0.9777470900299421, 0.021426153904971428, 0.009949847945813405, 0.993307042031714, 0.8070157616327436, 0.04690452725719192, 0.024511363264596856, 0.011711825024292197, 0.011448186561172517, 0.019867227549089334, 0.025494663586546056, 0.9954061366072002, 0.03589134286475855, 0.15597052298907194, 0.01465612900739827, 0.9906291958763394, 0.9932096750319683, 0.0222545807691423, 0.25089503718620565, 0.009949847945813405, 0.1616479054327625, 0.9800711034724977, 0.02034917232540298, 0.9654306911089521, 0.10488655819243199, 0.9571327631241211, 0.024383928719870756, 0.31314918462959124, 0.9561053145016368, 0.9942051610279575, 0.8177171948596443, 0.35885093528379286, 0.029857687727606684, 0.8826328043726036, 0.015411102619797137, 0.9464524005402439, 0.9747520150717413, 0.023642849080766862, 0.009949847945813405, 0.009949847945813405, 0.9367075164998541, 0.8217573275746491, 0.10313279267642332, 0.01341846181713163, 0.8432304624293833, 0.04819882945627255, 0.009949847945813405, 0.041595698912973995, 0.996171718192882, 0.009949847945813405, 0.9938149073031102, 0.9931746218210603, 0.019588725778667236, 0.9924801633719701, 0.02692535814145631, 0.42266212780335644, 0.9922015286414875, 0.6955447341831378, 0.6285743982781571, 0.946416841646381, 0.9887981132099719, 0.009949847945813405, 0.8686152636322146, 0.9011801675367963, 0.9949627390679124, 0.19179720070388528, 0.9903127467859962, 0.9889929793042317, 0.03129885900474178, 0.15974437808153605, 0.9388637990185362, 0.9959899140108809, 0.7647851011946932, 0.10562969409464676, 0.7940566924606633, 0.009949847945813405, 0.013647869643162535, 0.8345291102216688]"
Gradient Boosting,39,8,"[1, 1, 0, 1, 0, 1, 0, 0, 0, 1, 0, 1, 0, 0, 1, 0, 0, 0, 1, 0, 0, 0, 1, 1, 1, 0, 1, 0, 0, 0, 0, 0, 0, 1, 1, 0, 1, 0, 1, 1, 0, 1, 1, 0, 0, 0, 1, 1, 1, 0, 0, 0, 1, 0, 1, 0, 0, 0, 0, 0, 0, 1, 0, 0, 0, 1, 0, 1, 0, 0, 1, 1, 1, 0, 0, 0, 0, 1, 1, 1, 0, 0, 0, 0, 1, 1, 1, 1, 0, 0, 0, 1, 0, 1, 0, 0, 0, 0, 0, 1, 0, 0, 0, 0, 1, 1, 1, 1, 1, 0, 0, 0, 0, 1, 1, 1, 0, 1, 1, 0, 0, 0, 1, 0, 1, 0, 0, 1, 0, 0, 1, 1, 0, 0, 0, 1, 0, 0, 0, 1, 1, 0, 0]","[0, 1, 1, 0, 1, 0, 0, 0, 0, 1, 1, 1, 0, 1, 1, 0, 0, 0, 1, 0, 0, 0, 1, 1, 1, 0, 1, 0, 0, 0, 0, 0, 0, 1, 1, 0, 1, 0, 1, 1, 0, 1, 0, 0, 0, 0, 1, 1, 1, 0, 0, 0, 0, 0, 1, 0, 0, 1, 0, 0, 0, 1, 0, 0, 0, 0, 0, 1, 0, 0, 1, 1, 1, 0, 1, 0, 0, 0, 1, 1, 0, 0, 0, 0, 1, 1, 1, 1, 0, 0, 0, 1, 0, 1, 0, 0, 0, 0, 0, 1, 0, 0, 0, 0, 1, 0, 1, 1, 0, 0, 0, 0, 0, 1, 1, 1, 0, 0, 1, 0, 1, 0, 1, 1, 1, 0, 0, 1, 0, 0, 1, 1, 0, 0, 0, 1, 0, 0, 0, 1, 1, 0, 0]","[0.40286243013797995, 0.9640616312097159, 0.8663563619756971, 0.009689853844527276, 0.8661822564785024, 0.2801209462289307, 0.06881846252928324, 0.007536628320022986, 0.010380608766429725, 0.983507361291149, 0.9264414795511884, 0.9661030170415448, 0.007536628320022986, 0.7935127642583241, 0.9692676812935284, 0.024568667096870975, 0.008265009644169739, 0.46182865827275527, 0.9879098517386155, 0.22181572348888542, 0.07611130929319923, 0.007536628320022986, 0.9786194718134974, 0.6402951594625144, 0.899970971489784, 0.007536628320022986, 0.94367041576661, 0.008265009644169739, 0.009986561380807868, 0.0753432802653376, 0.007536628320022986, 0.017332919836694945, 0.007536628320022986, 0.9731198802397445, 0.8621999829213274, 0.007536628320022986, 0.8552047857920171, 0.012608478972159144, 0.9585228703937754, 0.9261289633393467, 0.011380696215968454, 0.8562704478187363, 0.007536628320022986, 0.3578537061845005, 0.22231536132555144, 0.3690575261460778, 0.9802011989176175, 0.9052220147677489, 0.9344430089433502, 0.015847627751505302, 0.007536628320022986, 0.07788519679867173, 0.3287412909682067, 0.007536628320022986, 0.5691737249192982, 0.007536628320022986, 0.007536628320022986, 0.7779414553080408, 0.012608478972159144, 0.008265009644169739, 0.007536628320022986, 0.8074721660724208, 0.007536628320022986, 0.011380696215968454, 0.007536628320022986, 0.14724736767482677, 0.007536628320022986, 0.5793250448789091, 0.03622563270358817, 0.08265759488318317, 0.8739686997640702, 0.7793906523384431, 0.557930864207188, 0.0312593528444739, 0.5003838315918112, 0.007536628320022986, 0.010380608766429725, 0.134638877993968, 0.9672494495435215, 0.9880254026519244, 0.04597071719064431, 0.007536628320022986, 0.008265009644169739, 0.48652973634444235, 0.7620036838049457, 0.941545241495802, 0.912898160310175, 0.6638150136529153, 0.21546266052621818, 0.01599199082051273, 0.007536628320022986, 0.9703920979564562, 0.007536628320022986, 0.9677622299360026, 0.04615720644698822, 0.007536628320022986, 0.03311540942151461, 0.22414756015959725, 0.453454043848198, 0.8829689562542207, 0.007536628320022986, 0.009941462312653877, 0.006968187483271197, 0.011380696215968454, 0.9703753238806369, 0.21027375221959663, 0.5568176352971365, 0.9626232368318957, 0.0753012198205486, 0.07604582805193778, 0.007536628320022986, 0.008265009644169739, 0.22575122633236, 0.9577589474881473, 0.9722874132265539, 0.970413622120264, 0.04575389097808455, 0.44471991129481386, 0.977420070205048, 0.42137005768138563, 0.8841400719074576, 0.06565555286000226, 0.9587864233615389, 0.9216071700036838, 0.839579328773173, 0.007536628320022986, 0.01760146718932837, 0.9857947926837463, 0.38286225542579816, 0.1347218332706638, 0.6365672323620926, 0.9611146597956856, 0.007536628320022986, 0.02512464295583798, 0.007536628320022986, 0.6646539288008674, 0.24244443967356602, 0.01128458579268652, 0.008265009644169739, 0.9554249798440394, 0.7510234348086965, 0.007536628320022986, 0.007536628320022986]"
Gradient Boosting,40,8,"[0, 1, 1, 1, 0, 0, 0, 0, 0, 0, 0, 1, 0, 0, 1, 0, 0, 1, 0, 1, 0, 0, 0, 1, 0, 1, 1, 0, 0, 0, 0, 0, 1, 1, 1, 0, 1, 0, 0, 0, 1, 1, 1, 1, 0, 0, 1, 0, 0, 1, 0, 0, 1, 1, 0, 1, 0, 1, 0, 0, 0, 0, 1, 1, 0, 0, 0, 1, 1, 0, 1, 1, 1, 1, 1, 1, 1, 1, 0, 0, 1, 1, 0, 0, 1, 0, 1, 0, 1, 0, 1, 0, 0, 0, 1, 1, 0, 0, 0, 0, 0, 0, 1, 1, 1, 1, 0, 0, 1, 0, 0, 0, 0, 0, 1, 0, 0, 1, 1, 1, 0, 0, 1, 0, 0, 1, 1, 0, 0, 0, 1, 0, 0, 0, 0, 0, 0, 0, 1, 1, 0, 1, 1]","[0, 1, 0, 1, 0, 0, 0, 0, 0, 0, 1, 1, 0, 0, 1, 0, 0, 1, 0, 1, 0, 1, 0, 1, 0, 1, 1, 0, 0, 0, 0, 0, 1, 1, 0, 1, 1, 0, 0, 0, 1, 0, 1, 1, 0, 0, 1, 0, 0, 1, 0, 1, 1, 1, 0, 1, 0, 1, 0, 0, 0, 0, 1, 1, 0, 0, 1, 1, 1, 0, 1, 1, 1, 1, 1, 1, 0, 1, 0, 0, 1, 0, 0, 0, 1, 1, 1, 0, 1, 0, 0, 0, 0, 0, 1, 1, 0, 0, 0, 0, 0, 0, 1, 0, 1, 1, 0, 0, 1, 0, 0, 0, 0, 0, 1, 0, 0, 1, 1, 1, 0, 0, 1, 0, 1, 1, 1, 0, 0, 0, 1, 0, 0, 0, 1, 0, 0, 0, 1, 1, 0, 1, 1]","[0.10415815092591274, 0.9802237285027822, 0.051167359928763326, 0.716702408872364, 0.06612863216281574, 0.008836994587156526, 0.009788518160311628, 0.03915593403237972, 0.007972914395310364, 0.11301418634468713, 0.9770191110733698, 0.7642210783686241, 0.007972914395310364, 0.1806837834147102, 0.9406285398432438, 0.10133692095821319, 0.040388465072106076, 0.9733492632309199, 0.03692129669160812, 0.5300691276237585, 0.022234118689616375, 0.6728731882793308, 0.020062475309683008, 0.5273128118522282, 0.007972914395310364, 0.6191959059294397, 0.9870983948398718, 0.018537078955969975, 0.19240969477186912, 0.014091048898371447, 0.007972914395310364, 0.007972914395310364, 0.563549259263075, 0.9801229533654681, 0.49991796715608194, 0.7199357619036506, 0.8014038026904627, 0.007972914395310364, 0.011966096368372302, 0.312259115242072, 0.8919825739601187, 0.25896167062924036, 0.9778697171246424, 0.5382369374298825, 0.02790554272872741, 0.06216249667914815, 0.9783589984149794, 0.007972914395310364, 0.007972914395310364, 0.9812800092950078, 0.007972914395310364, 0.9100794781673239, 0.6505231584951071, 0.7316868211293313, 0.007972914395310364, 0.5082142346369033, 0.007972914395310364, 0.9853007110184631, 0.28927296412927295, 0.02452499766527255, 0.013635562027693183, 0.007972914395310364, 0.9782199504990787, 0.9872280722290712, 0.011608969123574528, 0.031117074442181543, 0.9560195338357415, 0.9766448717749825, 0.9608338827118278, 0.022234118689616375, 0.9746919267647877, 0.9269049460759141, 0.9303992707987866, 0.9826616391551385, 0.9626796567494595, 0.9686938635504889, 0.38729791667378943, 0.8218759436536226, 0.4447968808211773, 0.02715050024356545, 0.9004920573596245, 0.4247827189772103, 0.007972914395310364, 0.01672035665149187, 0.993660696866665, 0.9733207501782024, 0.9870983948398718, 0.007972914395310364, 0.9815914136863839, 0.020062475309683008, 0.3220337912296387, 0.024827326846773405, 0.03353342047886797, 0.23050916702418836, 0.8890006379117305, 0.7352584300364052, 0.007972914395310364, 0.007972914395310364, 0.04745796527959867, 0.032348933036175975, 0.011966096368372302, 0.08376582116052449, 0.9040691209597888, 0.007972914395310364, 0.9597493823812862, 0.964754964464024, 0.06267074471818468, 0.007972914395310364, 0.9707817439323618, 0.1369283270082295, 0.011917641671163772, 0.2848196093646343, 0.007972914395310364, 0.4661535590662962, 0.7616167933107775, 0.007972914395310364, 0.007972914395310364, 0.7281442631153003, 0.9300965574347819, 0.9844310424876844, 0.007972914395310364, 0.17915503332628643, 0.9759244552244583, 0.08807394410132997, 0.9609463168074815, 0.9867668453563673, 0.9779017508477491, 0.007972914395310364, 0.010794591289171237, 0.18574540287395708, 0.8864725679289102, 0.020062475309683008, 0.007972914395310364, 0.018537078955969975, 0.7225509411146277, 0.007972914395310364, 0.01262702553475952, 0.11001600237414036, 0.8694429816777415, 0.9816553336625305, 0.007972914395310364, 0.9762302608248552, 0.5903750585684024]"
Gradient Boosting,41,9,"[1, 1, 1, 0, 0, 1, 1, 0, 0, 1, 1, 0, 1, 1, 0, 1, 1, 0, 0, 1, 0, 1, 0, 1, 1, 0, 1, 0, 1, 1, 0, 1, 0, 0, 1, 0, 0, 0, 0, 1, 1, 0, 0, 1, 1, 0, 0, 0, 0, 1, 1, 1, 0, 1, 0, 0, 0, 0, 0, 1, 0, 0, 0, 0, 1, 1, 1, 0, 1, 1, 0, 1, 0, 1, 1, 0, 0, 1, 0, 1, 1, 0, 0, 1, 1, 1, 0, 1, 0, 1, 1, 0, 0, 1, 1, 1, 1, 0, 0, 0, 1, 0, 0, 1, 1, 1, 1, 1, 1, 1, 0, 0, 1, 0, 0, 1, 1, 1, 1, 0, 1, 0, 0, 1, 0, 0, 1, 1, 1, 0, 1, 0, 1, 1, 1, 0, 1, 1, 0, 0, 0, 0, 1, 1]","[1, 0, 1, 0, 1, 1, 1, 1, 0, 1, 0, 1, 1, 1, 0, 1, 1, 0, 0, 1, 0, 1, 0, 1, 1, 0, 0, 0, 1, 1, 0, 1, 0, 0, 1, 0, 0, 0, 0, 1, 0, 0, 0, 1, 1, 0, 1, 0, 0, 1, 1, 1, 0, 1, 0, 0, 0, 0, 0, 1, 0, 0, 0, 0, 1, 1, 1, 0, 1, 0, 0, 1, 0, 0, 0, 0, 0, 0, 0, 1, 0, 0, 1, 0, 1, 1, 0, 1, 0, 1, 1, 0, 0, 0, 1, 0, 1, 0, 0, 0, 0, 0, 0, 1, 1, 0, 0, 1, 1, 1, 0, 0, 1, 0, 0, 1, 1, 1, 1, 0, 1, 0, 0, 1, 0, 0, 1, 1, 0, 0, 1, 0, 1, 1, 1, 1, 0, 0, 0, 0, 0, 0, 1, 1]","[0.9736507648185616, 0.052252574999037966, 0.9531045714050077, 0.006450503776506487, 0.6427039574264006, 0.9410617682275031, 0.987618068280556, 0.7955935608822149, 0.047302574844531806, 0.7255660913456016, 0.07040886918174506, 0.9662490660496512, 0.9434136309788453, 0.9770050512444517, 0.009257077094639247, 0.9907235381774351, 0.8910298993164953, 0.006450503776506487, 0.023814840029723585, 0.5391892847949323, 0.052389214554862625, 0.939426019409185, 0.02040687948224825, 0.980281571002229, 0.9774421116283821, 0.23589911981224768, 0.2742931645436879, 0.017865178910045625, 0.9783999379735139, 0.9483080478427978, 0.006450503776506487, 0.9864935684794565, 0.2554174206381939, 0.006450503776506487, 0.590285369696903, 0.025208709285726102, 0.16640398652368527, 0.021499363557703925, 0.0457018830252465, 0.9774771077145195, 0.28644918586719736, 0.04262646025006319, 0.2023943900369714, 0.6128793202479615, 0.947401419782419, 0.4399091271464824, 0.6573599636106003, 0.006450503776506487, 0.26563005499462045, 0.8784194702174398, 0.8750723024831116, 0.9774399051678387, 0.006450503776506487, 0.7018896340687951, 0.009437362213513894, 0.006450503776506487, 0.013871549305664624, 0.008358796251460238, 0.006450503776506487, 0.9205950194222284, 0.006450503776506487, 0.009257077094639247, 0.05291879651289116, 0.023814840029723585, 0.9012151972683938, 0.9406758863803365, 0.9426287493587062, 0.021499363557703925, 0.9681264993846873, 0.25388955980579897, 0.027751024902915044, 0.8927684783291978, 0.015353087708199606, 0.4202739358358417, 0.24933822027622057, 0.1126656654403424, 0.017865178910045625, 0.1422752694025673, 0.42094832038417374, 0.9838456046321393, 0.05188544326309074, 0.006450503776506487, 0.961818572153971, 0.47900661456860966, 0.9690067675432333, 0.9573481860143889, 0.006450503776506487, 0.934529082411871, 0.006450503776506487, 0.9901844353430981, 0.978258761318443, 0.006450503776506487, 0.031490244514523466, 0.4197813080169509, 0.9751751854235607, 0.39967519317932604, 0.9802461173534708, 0.03368142761389945, 0.008358796251460238, 0.08952004114185197, 0.007145186981411802, 0.25694032264796485, 0.01979717341914496, 0.9895513329396168, 0.9707905317071132, 0.10898993363911712, 0.4993057273443096, 0.7409570325588448, 0.822844880423316, 0.9505069407898434, 0.15647425084161626, 0.006450503776506487, 0.8777769885914045, 0.017865178910045625, 0.021499363557703925, 0.8670616103841404, 0.9665425213719698, 0.6174487327488712, 0.9720845290929268, 0.006450503776506487, 0.6239407282705982, 0.008991128967291531, 0.029100978511404182, 0.6249920546729197, 0.05713979402175502, 0.006450503776506487, 0.6000979169480651, 0.9831023256698305, 0.12083241073926945, 0.017865178910045625, 0.8393464013216217, 0.014510560489547072, 0.9274076621517974, 0.9754456859249299, 0.9623197076725895, 0.9594029853168583, 0.09399198040077092, 0.18960206958157375, 0.19841453635452483, 0.017865178910045625, 0.13514354652388463, 0.05760649675142554, 0.7036177431027486, 0.5296336405159788]"
Gradient Boosting,42,9,"[0, 1, 0, 0, 0, 1, 0, 0, 1, 1, 1, 0, 0, 0, 0, 0, 1, 1, 0, 0, 1, 1, 0, 0, 1, 1, 0, 0, 0, 0, 0, 0, 0, 1, 0, 1, 0, 1, 0, 1, 1, 0, 1, 0, 0, 1, 0, 1, 1, 0, 0, 0, 0, 1, 0, 1, 1, 0, 1, 1, 1, 0, 0, 1, 0, 1, 0, 0, 0, 1, 0, 1, 1, 1, 0, 0, 1, 1, 0, 1, 1, 1, 1, 0, 0, 0, 0, 0, 1, 0, 0, 1, 0, 1, 0, 0, 1, 1, 1, 0, 1, 0, 1, 1, 0, 1, 1, 0, 0, 0, 0, 0, 1, 1, 0, 1, 1, 0, 1, 0, 0, 0, 1, 1, 0, 0, 1, 0, 0, 0, 0, 1, 0, 0, 1, 1, 1, 1, 0, 0, 1, 1, 1]","[0, 1, 0, 0, 1, 1, 0, 0, 0, 1, 0, 1, 0, 0, 0, 0, 0, 1, 0, 0, 1, 1, 0, 0, 1, 1, 1, 0, 0, 0, 0, 0, 0, 1, 0, 1, 0, 1, 0, 1, 1, 0, 1, 0, 0, 1, 1, 1, 0, 0, 0, 0, 0, 1, 0, 1, 1, 0, 1, 0, 1, 0, 0, 1, 0, 1, 0, 0, 1, 1, 0, 1, 1, 1, 0, 0, 1, 1, 0, 1, 1, 1, 1, 0, 0, 0, 1, 0, 1, 0, 0, 1, 0, 1, 1, 1, 1, 1, 1, 0, 0, 0, 1, 1, 0, 0, 1, 0, 0, 1, 1, 0, 1, 1, 1, 1, 1, 0, 1, 0, 0, 0, 1, 1, 0, 1, 1, 1, 0, 0, 1, 1, 0, 0, 1, 1, 1, 1, 0, 0, 1, 1, 1]","[0.016524678098283514, 0.9820078427356291, 0.01278555317781464, 0.3873158083533129, 0.6917231160848791, 0.9836210096647954, 0.01098306588884447, 0.008504703324897783, 0.08365439347082466, 0.7976111705668194, 0.19383745511962777, 0.9056410569333588, 0.008504703324897783, 0.008504703324897783, 0.008504703324897783, 0.13943568051210334, 0.48928786064155577, 0.7954471771529331, 0.016365280284424473, 0.43394802295905793, 0.987725347019934, 0.8242670897289669, 0.01278555317781464, 0.010233642588542338, 0.9758568819747915, 0.8100720561232163, 0.8383389782753975, 0.008504703324897783, 0.011630724906299744, 0.07814090030192382, 0.01278555317781464, 0.008504703324897783, 0.008504703324897783, 0.9779249581192818, 0.029995163004690767, 0.8993604858697458, 0.11904462088316117, 0.9793633387833663, 0.011630724906299744, 0.9564585731485197, 0.9754587861588364, 0.00843622862407048, 0.7737950503641671, 0.25343981491941925, 0.4553911291875095, 0.972269881491752, 0.7514876124033817, 0.631494712080898, 0.2651959854836064, 0.05022248899249655, 0.01278555317781464, 0.008504703324897783, 0.010233642588542338, 0.7833543490703061, 0.008504703324897783, 0.9831323084105268, 0.9692224299385612, 0.05144031968064866, 0.6971564387879475, 0.08253146473212071, 0.9653087640105343, 0.016365280284424473, 0.02803198467529859, 0.9645713041175206, 0.02583016478435006, 0.9815013727250461, 0.025946999913091753, 0.1458143008508827, 0.5018302487290729, 0.9680339987038397, 0.02253573856080827, 0.9725133711288174, 0.9746823454378156, 0.9867428044217981, 0.09691416937205918, 0.05950911402074946, 0.9780034133167085, 0.8079151549430112, 0.016524678098283514, 0.9756751182724317, 0.5445440632436646, 0.9345040611721691, 0.5387407309533739, 0.02622986363330021, 0.008504703324897783, 0.24928304090175177, 0.8015898872108816, 0.023858124096885057, 0.8494912336291426, 0.01278555317781464, 0.2114513326411186, 0.9285772219333546, 0.03396355211610869, 0.6841801002960488, 0.6764016712997052, 0.9709288023132118, 0.9839934312996163, 0.8740953732425466, 0.9436248180729022, 0.016125675792753376, 0.19361388114260222, 0.04791855979698608, 0.9683870875178456, 0.9601986607570239, 0.02965625503985838, 0.05846886246336184, 0.8885602019310272, 0.23607483277616742, 0.008504703324897783, 0.8611561116470934, 0.7927964718605788, 0.25568592555205577, 0.6203065293280525, 0.9319777473162413, 0.6148957915740918, 0.9845875282900133, 0.9807014679640659, 0.011630724906299744, 0.9697128609056778, 0.008504703324897783, 0.01882824271753489, 0.011001372257675753, 0.6968028047947367, 0.9509954240895806, 0.03603156046874514, 0.6329988303826656, 0.9667878727290231, 0.8050918378552949, 0.024991304705434345, 0.010233642588542338, 0.9349506882463121, 0.9863022457124123, 0.03214335982480246, 0.2199997406003257, 0.9735016820416369, 0.9713537709409501, 0.9664579376375003, 0.6810836645139036, 0.008504703324897783, 0.015371263744030118, 0.932147708381732, 0.9546951722985986, 0.8460734326015853]"
Gradient Boosting,43,9,"[0, 0, 0, 0, 0, 0, 0, 0, 0, 0, 0, 1, 0, 1, 0, 0, 0, 1, 0, 0, 1, 0, 0, 0, 0, 1, 1, 0, 0, 0, 1, 0, 1, 0, 0, 1, 0, 0, 1, 1, 0, 1, 1, 0, 0, 0, 0, 1, 1, 0, 1, 1, 0, 0, 1, 1, 0, 1, 1, 0, 0, 0, 0, 1, 1, 0, 0, 0, 1, 0, 1, 0, 1, 0, 0, 0, 1, 1, 1, 1, 1, 0, 0, 0, 1, 1, 1, 1, 0, 0, 0, 1, 0, 1, 1, 1, 0, 1, 0, 1, 0, 1, 0, 1, 0, 0, 0, 1, 0, 1, 1, 0, 1, 0, 0, 0, 1, 1, 0, 0, 1, 0, 0, 1, 1, 0, 1, 1, 1, 0, 0, 1, 1, 1, 1, 1, 0, 1, 1, 0, 0, 0, 0]","[1, 0, 0, 0, 0, 0, 0, 0, 0, 0, 0, 1, 0, 1, 0, 0, 0, 0, 0, 0, 1, 0, 0, 0, 0, 1, 1, 0, 0, 0, 1, 0, 1, 0, 0, 1, 0, 0, 0, 1, 0, 1, 1, 0, 0, 0, 0, 1, 1, 0, 1, 1, 0, 0, 1, 1, 0, 1, 0, 0, 0, 0, 1, 1, 1, 0, 0, 0, 0, 0, 1, 1, 1, 0, 0, 0, 1, 1, 1, 1, 1, 1, 0, 1, 1, 0, 1, 1, 1, 1, 0, 1, 1, 1, 1, 1, 0, 1, 0, 1, 0, 1, 0, 1, 0, 1, 0, 1, 0, 1, 1, 0, 1, 0, 0, 1, 1, 1, 0, 0, 1, 0, 0, 1, 1, 0, 1, 1, 0, 0, 1, 1, 1, 1, 1, 1, 1, 1, 1, 0, 0, 1, 0]","[0.8611399337860434, 0.01636614859194904, 0.008669271417040865, 0.04773582028361604, 0.008669271417040865, 0.008669271417040865, 0.01945267028313015, 0.0380631975648717, 0.029500665895892564, 0.008669271417040865, 0.056470909357657514, 0.9567513607947994, 0.0360758877494103, 0.9763724365337155, 0.008669271417040865, 0.008669271417040865, 0.035099585394579566, 0.3086723883201301, 0.020376137819314324, 0.030815603256451836, 0.988156811566365, 0.008669271417040865, 0.008669271417040865, 0.01945267028313015, 0.034196194636443585, 0.9879226555690988, 0.9327038315104338, 0.013258498538295325, 0.022126670200971477, 0.008669271417040865, 0.9907162128607668, 0.11544868111288645, 0.8950595214307161, 0.14246517115012597, 0.4866872123301201, 0.9144717519547271, 0.008669271417040865, 0.4643694691373395, 0.4715590469867406, 0.9717189646066998, 0.22299707869135937, 0.9918101567421486, 0.9874221992935489, 0.008669271417040865, 0.3237648353045739, 0.01031945368398741, 0.008669271417040865, 0.7134181517207229, 0.9628584474507401, 0.02253863816924169, 0.8695077164681417, 0.9790880001011225, 0.008669271417040865, 0.07811899230090913, 0.9647906227021019, 0.979945121715998, 0.13387221245496786, 0.9849488410468209, 0.020779255694671362, 0.09778075760307677, 0.019517123102982797, 0.03651719985870995, 0.8965848943084563, 0.9848592130557023, 0.9106196456446334, 0.014428345038984864, 0.03417242048765561, 0.01822866447691907, 0.19916671930160146, 0.008669271417040865, 0.5997157745069248, 0.9578198080598381, 0.6393059686429255, 0.008669271417040865, 0.01134292979092758, 0.02968294699796541, 0.9576461570939732, 0.9851194186242687, 0.9624873315107676, 0.7852697744524338, 0.974217092497812, 0.6203171753818011, 0.008669271417040865, 0.5239251647492088, 0.9389064664800902, 0.05734343620502369, 0.9819547432321818, 0.9828067438976328, 0.9317771982834115, 0.9529563831121458, 0.049963734303735234, 0.532134432642151, 0.9861315544924999, 0.8508543997275665, 0.6805066806821798, 0.8230258987860181, 0.0214601854584312, 0.9412752526490828, 0.008669271417040865, 0.63936429250206, 0.11783332554301554, 0.9486501190441049, 0.02309127354577791, 0.7757013403939435, 0.01636614859194904, 0.911813042342486, 0.01031945368398741, 0.9279825745110508, 0.008669271417040865, 0.9880112382515499, 0.924846080686442, 0.008669271417040865, 0.9884875148572752, 0.008669271417040865, 0.00960252455080508, 0.9695874494261012, 0.9396557132972166, 0.9556049855040133, 0.01636614859194904, 0.18985067485438215, 0.9601371323133581, 0.31718220397593955, 0.015408555169182457, 0.7728542124102675, 0.9693986513299803, 0.03297327136349433, 0.9674842455560749, 0.9685759396073116, 0.3135917574519263, 0.029581181970104342, 0.8137271580846973, 0.9428747848371893, 0.9863085093878973, 0.9545002488405848, 0.9764703555423437, 0.9705624391348291, 0.9604320627453717, 0.909333979913849, 0.5365402671520325, 0.01636614859194904, 0.008669271417040865, 0.9540663119519701, 0.008669271417040865]"
Gradient Boosting,44,9,"[0, 0, 1, 1, 0, 1, 0, 0, 1, 1, 1, 0, 1, 0, 1, 1, 0, 0, 1, 0, 1, 1, 0, 1, 1, 1, 0, 1, 0, 1, 0, 1, 0, 1, 0, 0, 0, 1, 0, 0, 0, 0, 1, 1, 0, 0, 1, 1, 0, 1, 0, 0, 1, 1, 0, 0, 0, 0, 0, 0, 1, 0, 1, 0, 1, 0, 0, 0, 1, 0, 0, 0, 0, 0, 1, 0, 0, 0, 0, 0, 0, 0, 0, 0, 1, 0, 1, 0, 1, 0, 0, 1, 0, 0, 1, 0, 0, 0, 0, 0, 0, 1, 0, 0, 1, 0, 0, 1, 0, 0, 0, 0, 0, 0, 0, 1, 0, 0, 0, 0, 0, 0, 1, 0, 0, 0, 1, 1, 0, 0, 0, 0, 0, 1, 0, 0, 0, 1, 1, 0, 0, 0, 0]","[0, 1, 1, 0, 0, 1, 1, 0, 1, 1, 1, 1, 1, 0, 1, 1, 0, 0, 1, 1, 1, 0, 0, 1, 1, 0, 0, 1, 0, 1, 0, 0, 0, 1, 0, 0, 0, 1, 0, 0, 0, 0, 0, 0, 0, 0, 0, 0, 0, 1, 0, 0, 1, 1, 0, 1, 0, 1, 1, 0, 1, 0, 0, 0, 1, 0, 0, 0, 1, 0, 0, 0, 0, 0, 1, 0, 0, 1, 0, 1, 0, 0, 0, 0, 1, 0, 0, 0, 1, 0, 0, 1, 0, 0, 1, 0, 0, 0, 0, 0, 0, 1, 0, 0, 1, 0, 0, 1, 1, 0, 0, 0, 0, 0, 1, 1, 0, 0, 0, 0, 1, 0, 0, 0, 0, 0, 1, 1, 0, 1, 0, 0, 0, 1, 0, 0, 0, 1, 1, 1, 0, 0, 0]","[0.00969057623661957, 0.8955965305123921, 0.7168463321660971, 0.3998045387042116, 0.03136086849209404, 0.9889865837926034, 0.9015740807582185, 0.020422578547644014, 0.9615404394577551, 0.7505090092440846, 0.9540541120396667, 0.6734396801939339, 0.9893109639391285, 0.008375400046057677, 0.9097574451598959, 0.9693888568511547, 0.0442475877028867, 0.00834027462697139, 0.9949491613801101, 0.7630814139825377, 0.963886573385062, 0.17071877784928116, 0.008375400046057677, 0.9876186845006963, 0.9893631214244161, 0.06006605795415186, 0.008375400046057677, 0.9657032885599766, 0.008375400046057677, 0.5748062869369299, 0.09401887250619832, 0.37396505408916275, 0.02286487883274694, 0.5138545137417524, 0.008375400046057677, 0.02165820243604017, 0.008375400046057677, 0.9889480979601387, 0.008375400046057677, 0.038122652571690056, 0.008375400046057677, 0.019207901483597883, 0.06251104356667786, 0.05702964534702577, 0.008375400046057677, 0.011457639647947658, 0.008375400046057677, 0.061676418847749874, 0.01287128772218435, 0.7340513142475893, 0.014831504699657702, 0.008375400046057677, 0.9902602733198804, 0.9328842067861952, 0.008375400046057677, 0.9901709088656953, 0.008501217618324348, 0.986194614579552, 0.9374159827556453, 0.008375400046057677, 0.8843123045820389, 0.008375400046057677, 0.0303838426617783, 0.013602207910118205, 0.9903875431470026, 0.012774107355927405, 0.008375400046057677, 0.008501217618324348, 0.6973126764277876, 0.014779152172512989, 0.008375400046057677, 0.008375400046057677, 0.02020887890456958, 0.008375400046057677, 0.9866133805956929, 0.07015368186196752, 0.015451320989619753, 0.9929155479002568, 0.05227456475599878, 0.8023208018568109, 0.008375400046057677, 0.010292904756420083, 0.008375400046057677, 0.021626696763332634, 0.9798536932260623, 0.008375400046057677, 0.2160551070869394, 0.10045388194132737, 0.9865293513071458, 0.008375400046057677, 0.19780744742181333, 0.9596336099084211, 0.020155111948413535, 0.031866903874272615, 0.9112056594777694, 0.008375400046057677, 0.008375400046057677, 0.008375400046057677, 0.02643431879223066, 0.015451320989619753, 0.3838636007515493, 0.7101468973878298, 0.008723840182272773, 0.008375400046057677, 0.9894956265854399, 0.048123384760800685, 0.03962540642228357, 0.988221296721143, 0.9144506921426513, 0.017054748809480783, 0.017954638454714754, 0.008501217618324348, 0.008375400046057677, 0.012845560994834249, 0.9937365819621439, 0.9738570429174304, 0.00836206285761878, 0.3232146109646066, 0.0228043191625338, 0.008375400046057677, 0.6603280105434839, 0.008375400046057677, 0.03314751087004816, 0.021891192384382963, 0.008375400046057677, 0.0235200566248114, 0.8498269173727709, 0.9025828236185294, 0.010292904756420083, 0.5835761196832089, 0.008375400046057677, 0.02926052451666415, 0.029299267857549795, 0.9944031319296397, 0.008375400046057677, 0.0295354179962043, 0.01927699838934497, 0.9461380424234641, 0.9590894638924304, 0.6097602456922739, 0.008375400046057677, 0.02140916527692665, 0.008375400046057677]"
Gradient Boosting,45,9,"[0, 1, 1, 0, 1, 1, 0, 0, 0, 0, 0, 0, 0, 0, 1, 1, 0, 0, 0, 1, 1, 0, 0, 1, 0, 0, 1, 0, 0, 0, 1, 0, 0, 0, 1, 0, 0, 0, 0, 0, 0, 0, 0, 0, 1, 1, 1, 1, 1, 0, 0, 0, 0, 1, 1, 0, 0, 0, 1, 1, 1, 1, 1, 0, 0, 0, 0, 1, 0, 1, 1, 0, 0, 1, 0, 1, 1, 1, 1, 1, 0, 0, 0, 0, 0, 1, 1, 0, 0, 1, 1, 0, 1, 0, 1, 1, 0, 1, 0, 0, 1, 1, 0, 0, 1, 0, 0, 1, 0, 0, 1, 0, 1, 0, 0, 0, 0, 0, 1, 0, 0, 1, 1, 1, 1, 0, 1, 0, 0, 0, 0, 1, 0, 0, 0, 0, 0, 1, 1, 0, 0, 1, 0]","[0, 1, 0, 1, 1, 0, 1, 0, 0, 0, 0, 1, 0, 0, 1, 1, 1, 1, 0, 1, 1, 1, 0, 0, 0, 0, 1, 0, 0, 0, 1, 0, 0, 1, 1, 0, 0, 0, 0, 0, 1, 0, 0, 0, 1, 1, 1, 1, 1, 0, 0, 0, 0, 0, 1, 0, 0, 0, 1, 1, 1, 1, 1, 0, 1, 0, 0, 1, 0, 1, 1, 0, 0, 1, 0, 1, 1, 0, 1, 1, 0, 0, 0, 1, 0, 1, 1, 0, 1, 1, 1, 0, 1, 0, 1, 1, 0, 1, 0, 0, 1, 1, 0, 0, 1, 0, 1, 1, 0, 0, 1, 1, 1, 0, 0, 0, 1, 1, 1, 0, 0, 1, 1, 1, 1, 0, 1, 1, 0, 0, 0, 1, 0, 1, 0, 1, 1, 1, 1, 0, 0, 1, 0]","[0.09553108633271429, 0.8264026898553746, 0.009094776348809517, 0.7569480542576232, 0.6503413703433583, 0.38233020683529834, 0.9352822302935417, 0.012337797137556906, 0.03755268379431737, 0.012337797137556906, 0.009674629210537165, 0.9668263211849256, 0.009674629210537165, 0.009674629210537165, 0.5287194618713957, 0.9357580343556379, 0.6988333647188077, 0.8244261055411555, 0.0566896107040154, 0.9861616262201135, 0.9775250514092431, 0.6906841431027922, 0.04466426604961574, 0.35171714794862197, 0.026605958320582233, 0.17614510810332337, 0.7024904192417127, 0.021706237372014173, 0.009269632963537304, 0.009674629210537165, 0.91988187343506, 0.009674629210537165, 0.011570822196933362, 0.8668856976503996, 0.793616579727611, 0.01068952579318071, 0.009674629210537165, 0.2815056020394079, 0.012337797137556906, 0.01114290831584003, 0.9696939445349626, 0.22703876685700225, 0.2664699254772203, 0.2750539226478652, 0.9630130099069196, 0.9841504914847164, 0.8635089744530083, 0.9814062590575156, 0.961711515651342, 0.021302999425862595, 0.009674629210537165, 0.009674629210537165, 0.009674629210537165, 0.05151398060946341, 0.980352528132622, 0.009674629210537165, 0.009674629210537165, 0.009674629210537165, 0.8533052345251837, 0.875696182748534, 0.7946053606151728, 0.9780160860153735, 0.735110681326374, 0.009674629210537165, 0.8812907378261418, 0.014492886173077844, 0.014854394156654351, 0.9233552487895269, 0.009674629210537165, 0.9617659734564948, 0.9706978167148176, 0.009674629210537165, 0.011342985497507117, 0.964914587534346, 0.11818830774916803, 0.9857511564328941, 0.6738106255210079, 0.25653114755738976, 0.9656091661034258, 0.9122051907361626, 0.016040692601700456, 0.009674629210537165, 0.014525199076418964, 0.9155750266624523, 0.009674629210537165, 0.9758390782441503, 0.9783283284368862, 0.01114290831584003, 0.7906887484724839, 0.9743060701048931, 0.5497741553715976, 0.066299159783778, 0.7950668048362411, 0.20971876674773446, 0.9838975971831693, 0.9315708178696875, 0.009674629210537165, 0.9708533454662558, 0.03813089086047999, 0.01114290831584003, 0.9118476540363263, 0.9252548879810932, 0.192729288276688, 0.01068952579318071, 0.990843683730918, 0.06369739415162634, 0.6758863285482453, 0.9278686987861436, 0.34557780915715747, 0.009674629210537165, 0.9663999139616137, 0.5049137155134933, 0.5266443599959602, 0.012671186733162145, 0.21131575275181005, 0.2510383245709336, 0.7177723762798437, 0.6798088245390197, 0.8156017163712952, 0.21167441982744256, 0.009674629210537165, 0.9811172306863604, 0.9691035069931297, 0.9625231063575989, 0.9600373534172586, 0.05225533682299035, 0.9610434547839221, 0.9065229383733333, 0.016040692601700456, 0.009674629210537165, 0.009674629210537165, 0.9744583082716853, 0.009674629210537165, 0.5610400302943859, 0.027309746364792505, 0.886932214547638, 0.6190342057645114, 0.8699970783317563, 0.880039617132699, 0.009674629210537165, 0.009674629210537165, 0.9660183457533845, 0.22712895170033875]"
Gradient Boosting,46,10,"[0, 1, 1, 0, 1, 0, 0, 1, 1, 0, 1, 1, 0, 0, 0, 1, 0, 1, 0, 0, 0, 1, 0, 0, 1, 0, 0, 0, 0, 1, 0, 0, 0, 0, 0, 1, 0, 0, 0, 0, 1, 0, 1, 0, 0, 0, 0, 0, 0, 0, 1, 1, 1, 1, 1, 0, 1, 0, 0, 0, 1, 0, 0, 0, 0, 1, 0, 1, 1, 0, 0, 1, 0, 1, 0, 1, 1, 0, 0, 1, 1, 0, 0, 1, 1, 1, 1, 1, 1, 1, 1, 1, 1, 0, 1, 1, 1, 1, 0, 0, 0, 1, 1, 0, 1, 1, 0, 1, 1, 1, 0, 0, 0, 1, 1, 1, 0, 0, 0, 0, 1, 0, 0, 0, 0, 0, 0, 0, 0, 1, 1, 0, 0, 0, 1, 0, 1, 0, 1, 0, 0, 1, 0, 1]","[1, 1, 0, 0, 1, 1, 0, 1, 1, 1, 0, 1, 0, 0, 1, 1, 0, 1, 0, 0, 0, 1, 0, 0, 1, 0, 0, 0, 0, 0, 0, 0, 0, 0, 0, 1, 0, 0, 0, 0, 0, 0, 0, 0, 0, 0, 0, 0, 0, 0, 1, 1, 1, 1, 1, 0, 1, 0, 0, 0, 1, 0, 0, 0, 1, 1, 0, 1, 0, 0, 0, 1, 0, 1, 0, 1, 0, 0, 0, 1, 1, 1, 1, 1, 1, 1, 1, 1, 1, 1, 1, 1, 1, 0, 1, 1, 1, 1, 1, 0, 0, 1, 1, 0, 1, 0, 0, 1, 1, 1, 0, 0, 0, 1, 1, 1, 0, 0, 0, 0, 1, 0, 0, 0, 0, 0, 0, 0, 0, 1, 0, 1, 0, 0, 1, 0, 1, 0, 0, 1, 0, 1, 0, 1]","[0.8152651254706256, 0.9698153463047019, 0.033014372125558404, 0.007698606161204317, 0.9000073050246938, 0.8004594250466752, 0.007698606161204317, 0.8172498654128661, 0.9911715659816154, 0.8784266654188687, 0.22990569581314252, 0.8080746272577037, 0.007698606161204317, 0.11060794074001438, 0.9009622188294222, 0.9199344174694175, 0.007698606161204317, 0.9822869049373664, 0.016429591844716852, 0.3214905869519805, 0.009705294981621584, 0.9026147902960826, 0.0396603685895772, 0.018272775506902258, 0.7144138467221738, 0.009705294981621584, 0.06508622042423995, 0.01982353076461918, 0.007698606161204317, 0.45221326006332446, 0.06250496916676243, 0.007698606161204317, 0.2072811082881206, 0.007698606161204317, 0.007698606161204317, 0.8760767429741416, 0.009705294981621584, 0.04246426054234307, 0.16006623703023926, 0.007698606161204317, 0.20446309742482033, 0.12747965664519467, 0.007698606161204317, 0.0833587543783332, 0.1948044707434942, 0.009705294981621584, 0.46145804069271107, 0.007698606161204317, 0.28078833290935623, 0.27311033929646417, 0.6947848530329075, 0.9672051066166893, 0.9546242145857803, 0.5656295312594203, 0.9728561758076532, 0.007698606161204317, 0.9574474433629075, 0.21841830759235595, 0.007698606161204317, 0.009705294981621584, 0.7995269460310018, 0.03901801838448868, 0.03686615108752, 0.009705294981621584, 0.9077061828152465, 0.7552839485231263, 0.02941040481816006, 0.9394162932845489, 0.4475221013228535, 0.03488653827040439, 0.06838149058250287, 0.9466277389288481, 0.011688960608584275, 0.7748387140758779, 0.43610787220132496, 0.9869314385849057, 0.0393660744752779, 0.007698606161204317, 0.007665184788938347, 0.8765443355693459, 0.9435376261180803, 0.6837378545445966, 0.8517898676694513, 0.9344852253786973, 0.9607476711732642, 0.8910405676439566, 0.5109758782791838, 0.9472626735486959, 0.5159860600264703, 0.8896618449803114, 0.964047249011068, 0.9532388754181267, 0.5342107398945513, 0.007698606161204317, 0.7455982517067625, 0.7183081238301939, 0.9270100731200922, 0.9342075045212018, 0.6776382287021873, 0.012384956163691951, 0.3250111008472761, 0.9836161831811671, 0.7318726344092605, 0.020375799695519017, 0.9884048313933517, 0.447713355781874, 0.009705294981621584, 0.9584203430543449, 0.8380967643897815, 0.9554449744431164, 0.25149371707521145, 0.1633945333296043, 0.007698606161204317, 0.9759504483497573, 0.8965400390405285, 0.9387351608769768, 0.49114274324702156, 0.007698606161204317, 0.3082625330704984, 0.007698606161204317, 0.9649873962480462, 0.10888233146634943, 0.007698606161204317, 0.01939584922047156, 0.016429591844716852, 0.43739481552356735, 0.04596298128726459, 0.09697896487080018, 0.007698606161204317, 0.8790037005849288, 0.16601941604159134, 0.6982641495158695, 0.007698606161204317, 0.010427447093222372, 0.9708920191418465, 0.007698606161204317, 0.9673484992596627, 0.007698606161204317, 0.40228623508685135, 0.6821289214752781, 0.10685291704649791, 0.906123265673754, 0.007698606161204317, 0.8602594723114012]"
Gradient Boosting,47,10,"[0, 0, 1, 0, 1, 0, 0, 0, 1, 1, 0, 1, 1, 0, 0, 0, 1, 0, 1, 1, 0, 1, 1, 1, 0, 0, 0, 0, 1, 1, 1, 0, 0, 0, 0, 1, 0, 0, 1, 0, 0, 1, 0, 1, 0, 1, 1, 0, 0, 0, 1, 0, 1, 0, 0, 0, 0, 0, 0, 1, 0, 1, 0, 1, 0, 1, 0, 0, 0, 1, 1, 0, 1, 1, 0, 0, 0, 0, 0, 0, 0, 1, 1, 1, 0, 1, 1, 1, 0, 0, 0, 0, 0, 1, 0, 0, 1, 0, 1, 0, 1, 1, 0, 1, 1, 0, 0, 1, 0, 0, 0, 1, 1, 1, 0, 1, 1, 1, 0, 1, 0, 0, 0, 1, 1, 0, 1, 0, 1, 0, 1, 0, 0, 1, 0, 1, 0, 1, 0, 0, 0, 1, 0]","[1, 0, 1, 0, 0, 1, 0, 0, 0, 0, 1, 1, 1, 0, 0, 0, 0, 0, 1, 0, 0, 1, 1, 1, 0, 0, 0, 0, 1, 1, 1, 0, 0, 0, 0, 1, 0, 0, 1, 0, 0, 0, 0, 0, 0, 0, 1, 0, 0, 0, 0, 0, 0, 0, 0, 0, 0, 0, 0, 1, 0, 1, 0, 1, 0, 0, 0, 0, 0, 1, 1, 0, 1, 0, 0, 0, 0, 0, 0, 0, 1, 1, 1, 1, 0, 1, 1, 1, 0, 0, 0, 0, 0, 1, 0, 0, 1, 0, 1, 0, 1, 1, 0, 1, 1, 0, 0, 1, 0, 0, 0, 1, 1, 1, 0, 1, 1, 1, 0, 1, 1, 0, 0, 1, 1, 0, 1, 0, 1, 1, 1, 0, 0, 0, 0, 1, 0, 1, 0, 0, 1, 1, 0]","[0.7731780378636407, 0.0132484613238329, 0.9467219966948387, 0.009787156585228515, 0.41388955853302, 0.8710757123419589, 0.039214185128516856, 0.06748636060113455, 0.08449294583172089, 0.48131128569793963, 0.9787177001297904, 0.9818035076457626, 0.9813326387212752, 0.008842931611807145, 0.028868289957571586, 0.026664155363037376, 0.16207271337588247, 0.022245920667088158, 0.9015678544562049, 0.32196807598788674, 0.0132484613238329, 0.9808204331946678, 0.989343447861697, 0.6452762783141224, 0.30822115132831546, 0.014553649226920321, 0.06494309345897895, 0.0132484613238329, 0.9751601872523911, 0.9762117418932086, 0.9772784648850796, 0.008842931611807145, 0.008842931611807145, 0.022614161462080586, 0.020546702739950542, 0.9587354474502886, 0.060606417130619004, 0.008842931611807145, 0.9534302594038858, 0.024601359268541644, 0.01372250430049367, 0.1972218718287626, 0.008828541766287192, 0.0310356674556394, 0.3088478597019295, 0.3398273412900681, 0.991458994857192, 0.008842931611807145, 0.008842931611807145, 0.02834629458559445, 0.22689218787631082, 0.009787156585228515, 0.283144531550925, 0.04789929792211439, 0.016530596443026097, 0.008842931611807145, 0.008842931611807145, 0.013236097651083207, 0.04936569673004461, 0.8005777158686249, 0.008842931611807145, 0.7967101440911967, 0.008842931611807145, 0.9724297385317706, 0.008842931611807145, 0.020546702739950542, 0.3584304908682155, 0.013236097651083207, 0.04199006703602076, 0.9431992302343835, 0.9601731387594229, 0.008842931611807145, 0.9797231930855435, 0.07390916658593079, 0.016826664989565976, 0.022245920667088158, 0.008842931611807145, 0.008842931611807145, 0.18324098100906278, 0.3668328779737363, 0.987831113860064, 0.9725128544265663, 0.983619482827786, 0.5977697172480807, 0.2426460237720322, 0.5163516768751147, 0.9772076098244905, 0.7391320472777486, 0.014902432831539797, 0.01620319061448194, 0.012973082096934005, 0.008842931611807145, 0.03540997542479053, 0.9804970477370779, 0.022266510394718532, 0.011038814369295038, 0.987861394619603, 0.008842931611807145, 0.9647362596390704, 0.26901030802389614, 0.8402652098366218, 0.983619482827786, 0.36550982016062866, 0.9424517999640933, 0.9571140472366392, 0.013487898283895471, 0.027953940079988564, 0.5617393586332068, 0.013236097651083207, 0.25714873376193453, 0.015189440853160036, 0.9760603321158318, 0.9526757158671754, 0.8963268129330286, 0.027719989799018317, 0.9846396998430623, 0.8804955587877381, 0.8878486693256201, 0.008842931611807145, 0.9875102593435028, 0.7956479423112691, 0.027335622809065617, 0.020546702739950542, 0.9720050643617202, 0.9716297756399498, 0.028292731890785724, 0.9694180041212436, 0.008842931611807145, 0.9580440458446011, 0.9589294912453623, 0.9888332357949153, 0.022245920667088158, 0.11503145449679612, 0.029856032292786494, 0.18347920957731198, 0.9060804108935907, 0.008842931611807145, 0.9541307648682461, 0.016480535685629325, 0.09526105049472773, 0.9237155673875341, 0.9757380581682835, 0.31585136406473313]"
Gradient Boosting,48,10,"[0, 1, 1, 1, 1, 0, 0, 0, 0, 0, 0, 0, 0, 0, 0, 1, 0, 0, 1, 1, 0, 0, 1, 1, 1, 1, 0, 1, 0, 1, 1, 0, 0, 0, 0, 1, 0, 0, 1, 1, 1, 0, 0, 1, 1, 1, 0, 0, 0, 1, 1, 0, 1, 0, 1, 1, 0, 1, 0, 1, 0, 0, 0, 0, 1, 0, 1, 0, 1, 1, 0, 1, 0, 0, 1, 0, 0, 0, 1, 1, 0, 0, 1, 1, 0, 1, 0, 1, 1, 0, 1, 0, 1, 0, 1, 0, 1, 0, 1, 1, 1, 1, 1, 0, 1, 1, 0, 0, 0, 0, 1, 0, 0, 1, 1, 0, 1, 0, 1, 0, 0, 1, 1, 1, 1, 0, 1, 0, 1, 1, 1, 1, 1, 1, 0, 1, 0, 0, 1, 0, 0, 1, 0]","[0, 1, 1, 0, 1, 1, 0, 1, 0, 0, 0, 0, 0, 0, 0, 1, 0, 0, 1, 1, 0, 0, 1, 1, 1, 0, 0, 1, 0, 1, 1, 0, 0, 0, 0, 1, 1, 0, 1, 1, 1, 0, 0, 1, 1, 1, 0, 0, 0, 1, 0, 1, 1, 0, 1, 1, 0, 0, 0, 0, 1, 0, 0, 0, 1, 0, 1, 0, 1, 1, 0, 1, 0, 1, 1, 0, 0, 0, 1, 1, 1, 0, 1, 1, 1, 1, 0, 1, 1, 0, 1, 1, 1, 0, 1, 1, 0, 0, 1, 0, 1, 1, 1, 0, 0, 1, 0, 0, 1, 1, 1, 0, 0, 1, 1, 0, 1, 0, 1, 0, 0, 1, 1, 1, 1, 0, 1, 0, 0, 1, 1, 1, 1, 1, 1, 1, 0, 0, 1, 0, 0, 1, 0]","[0.014233115978692482, 0.5433815580201622, 0.9683908767911487, 0.23438028856878698, 0.9824614335675003, 0.8080035800758185, 0.007328206459049122, 0.8861540446505142, 0.021919424464558367, 0.007328206459049122, 0.007328206459049122, 0.014233115978692482, 0.007328206459049122, 0.012551865244009577, 0.04114378523975792, 0.9115466812649718, 0.0958440250390759, 0.007328206459049122, 0.9858928579144922, 0.9917609815625079, 0.007328206459049122, 0.00965685719454533, 0.9638486746477463, 0.9828197392196489, 0.9782801915356043, 0.26950485658778517, 0.007328206459049122, 0.9799646482148667, 0.007328206459049122, 0.6540337403511177, 0.9668998947385389, 0.007328206459049122, 0.06836806649264932, 0.007328206459049122, 0.00965685719454533, 0.983956610380819, 0.9371299550718405, 0.007328206459049122, 0.7593512184482258, 0.9774278312985952, 0.9479060501264118, 0.028187119545367074, 0.33431138557740225, 0.5529483456070589, 0.781995011091454, 0.9373734939061099, 0.019279818942532646, 0.012551865244009577, 0.007328206459049122, 0.8668700519128082, 0.033731306365291154, 0.9604463551244848, 0.9823440977421747, 0.007328206459049122, 0.9710272652481775, 0.9827873853376501, 0.020072514059546326, 0.23882387319195944, 0.007328206459049122, 0.3076782875012942, 0.8844113325654985, 0.007328206459049122, 0.013171123430474135, 0.02960792300803298, 0.9611449936698496, 0.02046188984006314, 0.5943961139782683, 0.021374958562486376, 0.9739166421914396, 0.9233982491367657, 0.014233115978692482, 0.9678740078589924, 0.01776603050032062, 0.7100642937627767, 0.9574589059327738, 0.014233115978692482, 0.0680156457619596, 0.030483544011026518, 0.9813503744811953, 0.9804124962375704, 0.6571803182979259, 0.014233115978692482, 0.9589605806964667, 0.9570218610503567, 0.5446789337552834, 0.8647148771891987, 0.007328206459049122, 0.8828127466080855, 0.9847203120411061, 0.007328206459049122, 0.7405142033883672, 0.6714327673486075, 0.9506887837333537, 0.015712099518603244, 0.8078727789568586, 0.9656752743834738, 0.007328206459049122, 0.014233115978692482, 0.8889756743860948, 0.04969007561082697, 0.9369488985874598, 0.9429906533937217, 0.9578622872475839, 0.03815711798575837, 0.11094051848232389, 0.9380671365716212, 0.19966660165517236, 0.007328206459049122, 0.7371361359598639, 0.9178633421475818, 0.8889400647520644, 0.16616001106361017, 0.2933319833045845, 0.9869059950130177, 0.9813621651507617, 0.3510007189806782, 0.9189551814552332, 0.06399917979956535, 0.9839961966029083, 0.007328206459049122, 0.014233115978692482, 0.9829891132883991, 0.5297281775505334, 0.98592283210733, 0.9423248798874623, 0.03861750128949087, 0.9844486352236894, 0.007328206459049122, 0.061523647057352006, 0.9836472280063919, 0.9337509105277183, 0.9771186257461606, 0.9277481462578235, 0.7905859198268055, 0.5595376450514511, 0.9251210861995637, 0.06061003492069356, 0.007328206459049122, 0.9383151644247731, 0.007328206459049122, 0.019100282323308435, 0.9154256715146701, 0.007328206459049122]"
Gradient Boosting,49,10,"[0, 0, 0, 0, 0, 1, 0, 0, 0, 1, 0, 1, 0, 0, 0, 0, 1, 0, 1, 0, 1, 0, 0, 1, 0, 0, 1, 0, 0, 0, 1, 0, 0, 0, 0, 0, 1, 0, 0, 0, 0, 0, 0, 0, 1, 1, 0, 1, 0, 1, 1, 0, 0, 0, 0, 1, 0, 1, 1, 0, 1, 0, 1, 0, 1, 1, 0, 1, 0, 0, 1, 0, 1, 1, 1, 1, 0, 0, 0, 0, 0, 0, 0, 1, 0, 0, 0, 0, 1, 1, 1, 0, 0, 1, 1, 0, 0, 0, 0, 0, 1, 1, 0, 0, 1, 0, 0, 0, 0, 0, 0, 0, 1, 0, 1, 0, 1, 0, 0, 0, 0, 0, 0, 0, 0, 0, 1, 0, 0, 1, 1, 0, 1, 0, 1, 1, 1, 0, 0, 0, 0, 1, 1]","[0, 1, 0, 0, 0, 1, 0, 0, 0, 1, 0, 1, 1, 1, 0, 0, 1, 0, 0, 1, 1, 0, 0, 1, 0, 0, 1, 1, 0, 0, 1, 0, 1, 1, 0, 0, 1, 0, 1, 0, 1, 0, 0, 0, 1, 1, 0, 1, 0, 1, 1, 0, 0, 0, 0, 1, 1, 0, 1, 0, 1, 0, 1, 0, 1, 1, 0, 1, 0, 0, 1, 0, 1, 1, 1, 0, 0, 1, 0, 0, 0, 1, 0, 1, 0, 0, 1, 0, 1, 1, 1, 0, 0, 0, 0, 0, 0, 0, 0, 0, 1, 1, 0, 0, 1, 0, 0, 0, 0, 0, 0, 0, 1, 0, 1, 0, 0, 0, 0, 1, 0, 0, 1, 0, 1, 0, 1, 0, 0, 1, 1, 0, 1, 0, 1, 0, 0, 0, 0, 0, 0, 1, 1]","[0.020524983395621504, 0.9189667085118851, 0.010388911430872927, 0.029736822668659575, 0.012778328226594537, 0.6391849022272448, 0.21806556338477473, 0.014882449541855036, 0.010388911430872927, 0.9488590069812426, 0.010388911430872927, 0.9457901404643123, 0.9724593034851394, 0.8955013166135143, 0.15726442207625127, 0.010388911430872927, 0.8496453643849691, 0.010388911430872927, 0.4482140097882421, 0.8220870545945019, 0.9877403261496601, 0.14156464549079284, 0.012174036540968143, 0.9752412050814289, 0.2043541931051424, 0.017818862170957368, 0.9393998373647002, 0.6067702661707512, 0.010388911430872927, 0.17394416521543452, 0.937772262718586, 0.06334247833627013, 0.7699034337772713, 0.5012477148263956, 0.01668601528316622, 0.010388911430872927, 0.9728876027694282, 0.011661338630347726, 0.5793844813662941, 0.2987380888344889, 0.6661518802737935, 0.012778328226594537, 0.10251995667615449, 0.010388911430872927, 0.9743502294244206, 0.9767438874519498, 0.010388911430872927, 0.9703680891925484, 0.010388911430872927, 0.7657557794516795, 0.8802564682232062, 0.010388911430872927, 0.00945409324328078, 0.010388911430872927, 0.010388911430872927, 0.9763366449025777, 0.8323962166922985, 0.027193446059545604, 0.885559165600896, 0.011859408413508101, 0.9820047447673188, 0.07580155999618346, 0.8341356305728482, 0.06750915674294322, 0.8264258959670929, 0.976333299324304, 0.02942244327523374, 0.9689285146374474, 0.05383132380227502, 0.08374979185712807, 0.9736059636187735, 0.11637061117826172, 0.9871565202003382, 0.8098320730404215, 0.9815486054280729, 0.4448301268793781, 0.05667633071272052, 0.6277751486796358, 0.010388911430872927, 0.00945409324328078, 0.010388911430872927, 0.7420291973822347, 0.04393570697841872, 0.9839224658557815, 0.010388911430872927, 0.010388911430872927, 0.9583441992997783, 0.4312082890586361, 0.892259747777868, 0.9795275383799883, 0.9584023623538792, 0.3805535109119247, 0.010388911430872927, 0.24981065220921164, 0.22945128706406087, 0.010388911430872927, 0.31138154187883343, 0.011354921962005264, 0.07575106970603035, 0.025970809325133147, 0.8693251732138584, 0.9464366779145108, 0.012778328226594537, 0.18204563407100877, 0.968579936929795, 0.08312341330717697, 0.00945409324328078, 0.03448674250098525, 0.04501022593172973, 0.00945409324328078, 0.010388911430872927, 0.010388911430872927, 0.6558865937292797, 0.09018964759289275, 0.9796387077421966, 0.010388911430872927, 0.37323273011295627, 0.01668601528316622, 0.010388911430872927, 0.8565705674416623, 0.4103452192967132, 0.0714746036633771, 0.8971043453313278, 0.010388911430872927, 0.9619430138145235, 0.03760653280154178, 0.7039039371864706, 0.010388911430872927, 0.010388911430872927, 0.8553163526795272, 0.9741896311414848, 0.010388911430872927, 0.9022025324400614, 0.3960437735435104, 0.9046079899384868, 0.4887119770952565, 0.44764445031075295, 0.01668601528316622, 0.024539491837522277, 0.045129150228840356, 0.012778328226594537, 0.8880718280435828, 0.8833181119711764]"
Gradient Boosting,50,10,"[1, 0, 1, 0, 1, 1, 0, 0, 0, 0, 1, 1, 0, 1, 1, 0, 0, 1, 0, 1, 1, 1, 1, 0, 1, 1, 0, 0, 0, 1, 0, 0, 0, 1, 0, 1, 1, 1, 0, 1, 0, 1, 0, 1, 1, 1, 0, 0, 1, 1, 1, 0, 0, 0, 1, 1, 0, 1, 1, 0, 1, 1, 0, 0, 0, 0, 0, 0, 0, 1, 0, 1, 1, 0, 1, 0, 0, 1, 1, 1, 1, 0, 1, 0, 1, 0, 1, 0, 1, 0, 0, 1, 1, 0, 1, 0, 0, 1, 0, 0, 0, 0, 0, 0, 1, 0, 0, 0, 1, 0, 0, 1, 0, 0, 1, 1, 1, 1, 0, 0, 0, 1, 0, 0, 0, 0, 0, 0, 1, 1, 0, 1, 0, 0, 0, 0, 0, 0, 0, 1, 0, 0, 1]","[1, 0, 1, 0, 0, 0, 0, 0, 0, 0, 1, 1, 0, 1, 1, 0, 0, 1, 1, 0, 0, 1, 1, 0, 1, 1, 0, 0, 0, 0, 0, 0, 0, 1, 0, 1, 1, 1, 0, 1, 0, 1, 0, 1, 0, 1, 0, 0, 1, 1, 1, 0, 0, 1, 1, 1, 0, 0, 1, 0, 1, 1, 0, 0, 0, 0, 0, 0, 0, 1, 0, 1, 1, 0, 0, 0, 0, 1, 1, 0, 1, 0, 0, 0, 0, 1, 1, 1, 1, 0, 0, 1, 1, 0, 1, 0, 0, 1, 0, 0, 0, 0, 0, 0, 1, 0, 0, 1, 1, 0, 1, 1, 0, 0, 1, 1, 1, 1, 0, 0, 0, 1, 0, 0, 1, 1, 1, 0, 1, 0, 0, 1, 0, 1, 0, 1, 0, 0, 1, 1, 0, 0, 1]","[0.9458145643238369, 0.19672332112255783, 0.9876629165034936, 0.2841981049166649, 0.12239711635912905, 0.010770563107375557, 0.47241545355399595, 0.04358382531202902, 0.010585137055360948, 0.03621858403776206, 0.7722377611128809, 0.982258038256708, 0.008648103277142917, 0.8669533306009358, 0.937602916967708, 0.09265866931468286, 0.043657607057620326, 0.9707098928289792, 0.6378438619657257, 0.4542060778247222, 0.2785197231281214, 0.9887052303359999, 0.9671252105983572, 0.008648103277142917, 0.6024920122672373, 0.9843531652617349, 0.008648103277142917, 0.02107373184054851, 0.006582535474920433, 0.4834617557363899, 0.008648103277142917, 0.012134741712419145, 0.014094325228677707, 0.5762285992383266, 0.022726167165048855, 0.9891051456007366, 0.7546248441880525, 0.8261323477575341, 0.008648103277142917, 0.9514300237468676, 0.014267069458486825, 0.9572251262823758, 0.008648103277142917, 0.6082349926058584, 0.28626232208367663, 0.7136059048546045, 0.29432166879446114, 0.2700977061431821, 0.9442473948882864, 0.9720962119520931, 0.9780528814632893, 0.008648103277142917, 0.1535398092522235, 0.9868628058909134, 0.8324507387405806, 0.9524047311404478, 0.008648103277142917, 0.3134266570502571, 0.832378213648309, 0.008648103277142917, 0.7990506871413614, 0.84197482548919, 0.008648103277142917, 0.10917785937276364, 0.012600679819538036, 0.02701685297895752, 0.008648103277142917, 0.030397253546895497, 0.008648103277142917, 0.9714431730150005, 0.008899849363525014, 0.9876896226990336, 0.924630630268287, 0.03621858403776206, 0.18601142574026897, 0.008648103277142917, 0.008648103277142917, 0.9709256143723616, 0.9687927122015659, 0.49932382409519244, 0.9587092137799673, 0.015507691747729768, 0.3050131113686141, 0.013315198581864217, 0.0621967996141532, 0.7892644133696751, 0.9835373688400895, 0.6642991059645091, 0.9776235014037529, 0.008648103277142917, 0.008899849363525014, 0.979354536502772, 0.7706871125852722, 0.008648103277142917, 0.8130273180591164, 0.06505359492571314, 0.03305622620967391, 0.9168462553984051, 0.008648103277142917, 0.010585137055360948, 0.043908849676393136, 0.01644044673733162, 0.024352203336413563, 0.014267069458486825, 0.8592788808794967, 0.040985335697748704, 0.04125071466395761, 0.6290766719405816, 0.9815132109498759, 0.008648103277142917, 0.7881232448228978, 0.9771502857315867, 0.019546377667335288, 0.012134741712419145, 0.9213042120190615, 0.9059429159935248, 0.8578722122637671, 0.6509520504765066, 0.016802617651834474, 0.008648103277142917, 0.008648103277142917, 0.9804986152783135, 0.4487503505790719, 0.04980828342857471, 0.7636036449239217, 0.9837088816554262, 0.5913973596634189, 0.008648103277142917, 0.984167957031965, 0.028739632733395137, 0.009387727661545487, 0.8827879053190055, 0.09423139690267734, 0.7041595551213379, 0.008648103277142917, 0.8713210768527416, 0.008648103277142917, 0.011778603942083287, 0.7819527348142588, 0.8019622445764061, 0.008648103277142917, 0.008648103277142917, 0.846508066341578]"
