Classifier,Fold,Repeat,train_auc,train_f1,val_auc,val_mcc,val_kappa,val_f1_binary,val_f1_macro,val_accuracy,val_sensitivity,val_specificity,val_ppv,val_npv,val_balanced_accuracy,per_class_precision,per_class_recall,per_class_f1,per_class_accuracy
Gradient Boosting,1,1,0.9991174920969441,0.9931224209078404,0.8903268260583461,0.6122321344656758,0.611566681053086,0.8691099476439791,0.8056889944405463,0.8263888888888888,0.8556701030927835,0.7659574468085106,0.8829787234042553,0.72,0.810813774950647,"[0.72, 0.8829787234042553]","[0.7659574468085106, 0.8556701030927835]","[0.7422680412371134, 0.8691099476439791]","[0.7659574468085106, 0.8556701030927835]"
Gradient Boosting,2,1,0.9995298732000859,0.9933598937583001,0.9005507955936353,0.6050775381775609,0.6050127877237852,0.8439306358381503,0.8024962913704026,0.8111888111888111,0.8488372093023255,0.7543859649122807,0.8390804597701149,0.7678571428571429,0.8016115871073031,"[0.7678571428571429, 0.8390804597701149]","[0.7543859649122807, 0.8488372093023255]","[0.7610619469026548, 0.8439306358381503]","[0.7543859649122807, 0.8488372093023255]"
Gradient Boosting,3,1,0.9999465240641712,0.9946808510638298,0.840599173553719,0.515999819722341,0.5071090047393365,0.8297872340425532,0.7516283108988275,0.7762237762237763,0.8863636363636364,0.6,0.78,0.7674418604651163,0.7431818181818182,"[0.7674418604651163, 0.78]","[0.6, 0.8863636363636364]","[0.673469387755102, 0.8297872340425532]","[0.6, 0.8863636363636364]"
Gradient Boosting,4,1,0.9995872720010651,0.9892183288409704,0.8927675585284282,0.6951816970931011,0.6938775510204082,0.8936170212765957,0.8468085106382979,0.8611111111111112,0.9130434782608695,0.7692307692307693,0.875,0.8333333333333334,0.8411371237458194,"[0.8333333333333334, 0.875]","[0.7692307692307693, 0.9130434782608695]","[0.8, 0.8936170212765957]","[0.7692307692307693, 0.9130434782608695]"
Gradient Boosting,5,1,0.9989294060814956,0.9875862068965517,0.921487603305785,0.6123724356957946,0.6101694915254237,0.8866995073891626,0.8047955368271114,0.8391608391608392,0.9090909090909091,0.6818181818181818,0.8653846153846154,0.7692307692307693,0.7954545454545454,"[0.7692307692307693, 0.8653846153846154]","[0.6818181818181818, 0.9090909090909091]","[0.7228915662650602, 0.8866995073891626]","[0.6818181818181818, 0.9090909090909091]"
Gradient Boosting,6,2,0.9995340167753961,0.9905277401894452,0.8948578595317725,0.6472337470028501,0.6434108527131783,0.8795811518324608,0.8212338748853025,0.8402777777777778,0.9130434782608695,0.7115384615384616,0.8484848484848485,0.8222222222222222,0.8122909698996655,"[0.8222222222222222, 0.8484848484848485]","[0.7115384615384616, 0.9130434782608695]","[0.7628865979381443, 0.8795811518324608]","[0.7115384615384616, 0.9130434782608695]"
Gradient Boosting,7,2,0.9991896487592328,0.9891891891891892,0.9523508328062408,0.771373029787804,0.7712833545108004,0.9197860962566845,0.885635622385768,0.8958333333333334,0.9247311827956989,0.8431372549019608,0.9148936170212766,0.86,0.8839342188488298,"[0.86, 0.9148936170212766]","[0.8431372549019608, 0.9247311827956989]","[0.8514851485148515, 0.9197860962566845]","[0.8431372549019608, 0.9247311827956989]"
Gradient Boosting,8,2,0.9999601662395602,0.9919786096256684,0.8071639898562977,0.4441767823999583,0.44225352112676053,0.8085106382978723,0.7205818497611811,0.7482517482517482,0.8351648351648352,0.5961538461538461,0.7835051546391752,0.6739130434782609,0.7156593406593407,"[0.6739130434782609, 0.7835051546391752]","[0.5961538461538461, 0.8351648351648352]","[0.6326530612244898, 0.8085106382978723]","[0.5961538461538461, 0.8351648351648352]"
Gradient Boosting,9,2,0.9995524490252603,0.9918478260869565,0.8805921052631579,0.6282830428520738,0.6176915029640824,0.8855721393034826,0.8074919520046824,0.8391608391608392,0.9368421052631579,0.6458333333333334,0.839622641509434,0.8378378378378378,0.7913377192982456,"[0.8378378378378378, 0.839622641509434]","[0.6458333333333334, 0.9368421052631579]","[0.7294117647058823, 0.8855721393034826]","[0.6458333333333334, 0.9368421052631579]"
Gradient Boosting,10,2,0.999322826072524,0.9933065595716198,0.9040574809805579,0.6459926055212081,0.6421499292786421,0.8783068783068783,0.8205967381225112,0.8391608391608392,0.9120879120879121,0.7115384615384616,0.8469387755102041,0.8222222222222222,0.8118131868131868,"[0.8222222222222222, 0.8469387755102041]","[0.7115384615384616, 0.9120879120879121]","[0.7628865979381443, 0.8783068783068783]","[0.7115384615384616, 0.9120879120879121]"
Gradient Boosting,11,3,0.9996599842232679,0.9908256880733946,0.9014418329053921,0.6459432958531528,0.6341463414634145,0.8603351955307262,0.8154886986827943,0.8263888888888888,0.927710843373494,0.6885245901639344,0.8020833333333334,0.875,0.8081177167687141,"[0.875, 0.8020833333333334]","[0.6885245901639344, 0.927710843373494]","[0.7706422018348624, 0.8603351955307262]","[0.6885245901639344, 0.927710843373494]"
Gradient Boosting,12,3,0.9997492146458647,0.9931787175989086,0.8601345486111112,0.6123724356957946,0.6,0.8823529411764706,0.7983193277310925,0.8333333333333334,0.9375,0.625,0.8333333333333334,0.8333333333333334,0.78125,"[0.8333333333333334, 0.8333333333333334]","[0.625, 0.9375]","[0.7142857142857143, 0.8823529411764706]","[0.625, 0.9375]"
Gradient Boosting,13,3,0.9994855424229633,0.9905020352781547,0.8904689535388625,0.5997270836280497,0.5898818400825973,0.8743718592964824,0.793507768728701,0.8251748251748252,0.925531914893617,0.6326530612244898,0.8285714285714286,0.8157894736842105,0.7790924880590534,"[0.8157894736842105, 0.8285714285714286]","[0.6326530612244898, 0.925531914893617]","[0.7126436781609196, 0.8743718592964824]","[0.6326530612244898, 0.925531914893617]"
Gradient Boosting,14,3,0.999814924978518,0.994579945799458,0.9004301075268818,0.6002150537634409,0.600215053763441,0.8602150537634409,0.8001075268817204,0.8181818181818182,0.8602150537634409,0.74,0.8602150537634409,0.74,0.8001075268817204,"[0.74, 0.8602150537634409]","[0.74, 0.8602150537634409]","[0.74, 0.8602150537634409]","[0.74, 0.8602150537634409]"
Gradient Boosting,15,3,0.9988309163514082,0.9877216916780355,0.8964982269503546,0.6196808510638298,0.6196808510638299,0.875,0.8098404255319149,0.8321678321678322,0.875,0.7446808510638298,0.875,0.7446808510638298,0.8098404255319149,"[0.7446808510638298, 0.875]","[0.7446808510638298, 0.875]","[0.7446808510638298, 0.875]","[0.7446808510638298, 0.875]"
Gradient Boosting,16,4,0.9998387660226264,0.9959946595460614,0.8758116883116883,0.5937986879971447,0.5935483870967742,0.8390804597701149,0.7967332123411979,0.8055555555555556,0.8295454545454546,0.7678571428571429,0.8488372093023255,0.7413793103448276,0.7987012987012987,"[0.7413793103448276, 0.8488372093023255]","[0.7678571428571429, 0.8295454545454546]","[0.7543859649122807, 0.8390804597701149]","[0.7678571428571429, 0.8295454545454546]"
Gradient Boosting,17,4,0.9997090024073437,0.9931787175989086,0.9334049409237379,0.7804203957812481,0.776843037414213,0.9285714285714286,0.8881987577639752,0.9027777777777778,0.9578947368421052,0.7959183673469388,0.900990099009901,0.9069767441860465,0.8769065520945221,"[0.9069767441860465, 0.900990099009901]","[0.7959183673469388, 0.9578947368421052]","[0.8478260869565217, 0.9285714285714286]","[0.7959183673469388, 0.9578947368421052]"
Gradient Boosting,18,4,0.9993626598329637,0.9919137466307277,0.8854606931530009,0.5669467095138409,0.5625,0.8526315789473684,0.7804824561403509,0.8041958041958042,0.8901098901098901,0.6538461538461539,0.8181818181818182,0.7727272727272727,0.7719780219780219,"[0.7727272727272727, 0.8181818181818182]","[0.6538461538461539, 0.8901098901098901]","[0.7083333333333334, 0.8526315789473684]","[0.6538461538461539, 0.8901098901098901]"
Gradient Boosting,19,4,0.9992861392028554,0.9959404600811907,0.8660215053763441,0.5136460340657863,0.5120528343423225,0.837696335078534,0.7556902728024248,0.7832167832167832,0.8602150537634409,0.64,0.8163265306122449,0.7111111111111111,0.7501075268817204,"[0.7111111111111111, 0.8163265306122449]","[0.64, 0.8602150537634409]","[0.6736842105263158, 0.837696335078534]","[0.64, 0.8602150537634409]"
Gradient Boosting,20,4,0.9992365306901498,0.9877551020408163,0.8914473684210525,0.5944687880053119,0.5844472858305243,0.8756218905472637,0.7907521217442202,0.8251748251748252,0.9263157894736842,0.625,0.8301886792452831,0.8108108108108109,0.7756578947368421,"[0.8108108108108109, 0.8301886792452831]","[0.625, 0.9263157894736842]","[0.7058823529411765, 0.8756218905472637]","[0.625, 0.9263157894736842]"
Gradient Boosting,21,5,0.9993607703397437,0.9907529722589168,0.9219830140233063,0.7168819138916835,0.709267110841914,0.8863636363636364,0.8538961038961039,0.8611111111111112,0.9397590361445783,0.7540983606557377,0.8387096774193549,0.9019607843137255,0.846928698400158,"[0.9019607843137255, 0.8387096774193549]","[0.7540983606557377, 0.9397590361445783]","[0.8214285714285714, 0.8863636363636364]","[0.7540983606557377, 0.9397590361445783]"
Gradient Boosting,22,5,0.9990103247204837,0.9919571045576407,0.8818930041152264,0.6283222572373212,0.6282527881040892,0.861878453038674,0.8141167966127949,0.8263888888888888,0.8666666666666667,0.7592592592592593,0.8571428571428571,0.7735849056603774,0.812962962962963,"[0.7735849056603774, 0.8571428571428571]","[0.7592592592592593, 0.8666666666666667]","[0.7663551401869159, 0.861878453038674]","[0.7592592592592593, 0.8666666666666667]"
Gradient Boosting,23,5,0.999334610880443,0.9932885906040269,0.8979035639412998,0.6507857277652812,0.6369356441108289,0.8808290155440415,0.8167585937935261,0.8391608391608392,0.9444444444444444,0.660377358490566,0.8252427184466019,0.875,0.8024109014675052,"[0.875, 0.8252427184466019]","[0.660377358490566, 0.9444444444444444]","[0.7526881720430108, 0.8808290155440415]","[0.660377358490566, 0.9444444444444444]"
Gradient Boosting,24,5,0.9992977254106354,0.9903181189488244,0.834040546911834,0.4849535509366698,0.47856154910096815,0.8625592417061612,0.7379462875197472,0.7972027972027972,0.900990099009901,0.5476190476190477,0.8272727272727273,0.696969696969697,0.7243045733144744,"[0.696969696969697, 0.8272727272727273]","[0.5476190476190477, 0.900990099009901]","[0.6133333333333333, 0.8625592417061612]","[0.5476190476190477, 0.900990099009901]"
Gradient Boosting,25,5,0.9992019884877027,0.990450204638472,0.8659863945578232,0.5317667610268914,0.5290519877675841,0.8613861386138614,0.764026402640264,0.8041958041958042,0.8877551020408163,0.6222222222222222,0.8365384615384616,0.717948717948718,0.7549886621315193,"[0.717948717948718, 0.8365384615384616]","[0.6222222222222222, 0.8877551020408163]","[0.6666666666666666, 0.8613861386138614]","[0.6222222222222222, 0.8877551020408163]"
Gradient Boosting,26,6,0.9988196988196988,0.9894179894179894,0.9208333333333334,0.7416198487095662,0.7403846153846154,0.8953488372093024,0.8700882117080995,0.875,0.9166666666666666,0.8166666666666667,0.875,0.875,0.8666666666666667,"[0.875, 0.875]","[0.8166666666666667, 0.9166666666666666]","[0.8448275862068966, 0.8953488372093024]","[0.8166666666666667, 0.9166666666666666]"
Gradient Boosting,27,6,0.9996932228935751,0.9906790945406125,0.8493549729504786,0.5508633716263207,0.5148156525672924,0.85,0.7505813953488372,0.7902097902097902,0.9550561797752809,0.5185185185185185,0.7657657657657657,0.875,0.7367873491468997,"[0.875, 0.7657657657657657]","[0.5185185185185185, 0.9550561797752809]","[0.6511627906976745, 0.85]","[0.5185185185185185, 0.9550561797752809]"
Gradient Boosting,28,6,0.9991918388977212,0.9865591397849462,0.920076726342711,0.6585786554471895,0.6461988304093568,0.8877551020408163,0.8216553287981859,0.8461538461538461,0.9456521739130435,0.6666666666666666,0.8365384615384616,0.8717948717948718,0.806159420289855,"[0.8717948717948718, 0.8365384615384616]","[0.6666666666666666, 0.9456521739130435]","[0.7555555555555555, 0.8877551020408163]","[0.6666666666666666, 0.9456521739130435]"
Gradient Boosting,29,6,0.9995430391811262,0.989010989010989,0.8888888888888888,0.6249262995094654,0.6248431618569636,0.883248730964467,0.8124108823361661,0.8391608391608392,0.8787878787878788,0.75,0.8877551020408163,0.7333333333333333,0.8143939393939394,"[0.7333333333333333, 0.8877551020408163]","[0.75, 0.8787878787878788]","[0.7415730337078652, 0.883248730964467]","[0.75, 0.8787878787878788]"
Gradient Boosting,30,6,0.9995004995004995,0.990450204638472,0.879214729370009,0.6089328792055572,0.6076294277929155,0.88,0.8036363636363637,0.8333333333333334,0.8979591836734694,0.6956521739130435,0.8627450980392157,0.7619047619047619,0.7968056787932565,"[0.7619047619047619, 0.8627450980392157]","[0.6956521739130435, 0.8979591836734694]","[0.7272727272727273, 0.88]","[0.6956521739130435, 0.8979591836734694]"
Gradient Boosting,31,7,0.9994315552911626,0.991869918699187,0.9141935483870968,0.6540852086428582,0.6487271103171058,0.8865979381443299,0.8237337516808606,0.8461538461538461,0.9247311827956989,0.7,0.8514851485148515,0.8333333333333334,0.8123655913978494,"[0.8333333333333334, 0.8514851485148515]","[0.7, 0.9247311827956989]","[0.7608695652173914, 0.8865979381443299]","[0.7, 0.9247311827956989]"
Gradient Boosting,32,7,0.9996455061082024,0.9934469200524246,0.8873015873015873,0.6385390815666205,0.6209216965742251,0.8522727272727273,0.8079545454545455,0.8181818181818182,0.9375,0.6666666666666666,0.78125,0.8936170212765957,0.8020833333333333,"[0.8936170212765957, 0.78125]","[0.6666666666666666, 0.9375]","[0.7636363636363637, 0.8522727272727273]","[0.6666666666666666, 0.9375]"
Gradient Boosting,33,7,0.9995776246667195,0.9877551020408163,0.8898654513888891,0.583383351196948,0.5806451612903225,0.8686868686868687,0.7898989898989899,0.8194444444444444,0.8958333333333334,0.6666666666666666,0.8431372549019608,0.7619047619047619,0.78125,"[0.7619047619047619, 0.8431372549019608]","[0.6666666666666666, 0.8958333333333334]","[0.7111111111111111, 0.8686868686868687]","[0.6666666666666666, 0.8958333333333334]"
Gradient Boosting,34,7,0.9995277449822904,0.9917582417582418,0.9019079685746354,0.6586236588272109,0.6585365853658536,0.8944723618090452,0.829258652814635,0.8541666666666666,0.898989898989899,0.7555555555555555,0.89,0.7727272727272727,0.8272727272727273,"[0.7727272727272727, 0.89]","[0.7555555555555555, 0.898989898989899]","[0.7640449438202247, 0.8944723618090452]","[0.7555555555555555, 0.898989898989899]"
Gradient Boosting,35,7,0.9994723512030392,0.9905020352781547,0.8343465045592705,0.5049482732043021,0.5017421602787456,0.841025641025641,0.7501831501831502,0.7832167832167832,0.8723404255319149,0.6122448979591837,0.8118811881188119,0.7142857142857143,0.7422926617455493,"[0.7142857142857143, 0.8118811881188119]","[0.6122448979591837, 0.8723404255319149]","[0.6593406593406593, 0.841025641025641]","[0.6122448979591837, 0.8723404255319149]"
Gradient Boosting,36,8,0.9995566065622229,0.9907038512616202,0.9287743506493507,0.6903083860099652,0.6839464882943144,0.8864864864864865,0.8413014956704277,0.8541666666666666,0.9318181818181818,0.7321428571428571,0.845360824742268,0.8723404255319149,0.8319805194805194,"[0.8723404255319149, 0.845360824742268]","[0.7321428571428571, 0.9318181818181818]","[0.7961165048543689, 0.8864864864864865]","[0.7321428571428571, 0.9318181818181818]"
Gradient Boosting,37,8,0.9993101293832817,0.9888888888888889,0.9019654274212645,0.5634454374676889,0.5631271878646441,0.8725490196078431,0.7815126050420168,0.8194444444444444,0.8640776699029126,0.7073170731707317,0.8811881188118812,0.6744186046511628,0.7856973715368221,"[0.6744186046511628, 0.8811881188118812]","[0.7073170731707317, 0.8640776699029126]","[0.6904761904761905, 0.8725490196078431]","[0.7073170731707317, 0.8640776699029126]"
Gradient Boosting,38,8,0.9997604599169594,0.9932885906040269,0.85020964360587,0.4832223911114838,0.48232538330494035,0.8152173913043478,0.7409420289855072,0.7622377622377622,0.8333333333333334,0.6415094339622641,0.7978723404255319,0.6938775510204082,0.7374213836477987,"[0.6938775510204082, 0.7978723404255319]","[0.6415094339622641, 0.8333333333333334]","[0.6666666666666666, 0.8152173913043478]","[0.6415094339622641, 0.8333333333333334]"
Gradient Boosting,39,8,0.9997727272727273,0.9946524064171123,0.8861570247933884,0.6096565202595929,0.6051401869158879,0.8586956521739131,0.8018968456947997,0.8181818181818182,0.8977272727272727,0.6909090909090909,0.8229166666666666,0.8085106382978723,0.7943181818181818,"[0.8085106382978723, 0.8229166666666666]","[0.6909090909090909, 0.8977272727272727]","[0.7450980392156863, 0.8586956521739131]","[0.6909090909090909, 0.8977272727272727]"
Gradient Boosting,40,8,0.9990085266706326,0.9905277401894452,0.8987096774193548,0.6376712335595818,0.6309884438460676,0.882051282051282,0.8146520146520146,0.8391608391608392,0.9247311827956989,0.68,0.8431372549019608,0.8292682926829268,0.8023655913978495,"[0.8292682926829268, 0.8431372549019608]","[0.68, 0.9247311827956989]","[0.7472527472527473, 0.882051282051282]","[0.68, 0.9247311827956989]"
Gradient Boosting,41,9,0.9994141925176407,0.9905277401894452,0.8919314381270903,0.5725025740766715,0.5714285714285714,0.851063829787234,0.7855319148936171,0.8055555555555556,0.8695652173913043,0.6923076923076923,0.8333333333333334,0.75,0.7809364548494984,"[0.75, 0.8333333333333334]","[0.6923076923076923, 0.8695652173913043]","[0.72, 0.851063829787234]","[0.6923076923076923, 0.8695652173913043]"
Gradient Boosting,42,9,0.9991936016921146,0.9865229110512129,0.9316129032258065,0.7506781706076727,0.7445288075033497,0.9175257731958762,0.8718063648588077,0.8881118881118881,0.956989247311828,0.76,0.8811881188118812,0.9047619047619048,0.858494623655914,"[0.9047619047619048, 0.8811881188118812]","[0.76, 0.956989247311828]","[0.8260869565217391, 0.9175257731958762]","[0.76, 0.956989247311828]"
Gradient Boosting,43,9,0.9995051623602419,0.9906040268456375,0.8467078189300411,0.5299697525762356,0.524904214559387,0.8359788359788359,0.7614237614237613,0.7847222222222222,0.8777777777777778,0.6296296296296297,0.797979797979798,0.7555555555555555,0.7537037037037038,"[0.7555555555555555, 0.797979797979798]","[0.6296296296296297, 0.8777777777777778]","[0.6868686868686869, 0.8359788359788359]","[0.6296296296296297, 0.8777777777777778]"
Gradient Boosting,44,9,0.999906845523262,0.9946380697050938,0.85041928721174,0.5874153869412463,0.5839887943109578,0.8556149732620321,0.7914438502673797,0.8111888111888111,0.8888888888888888,0.6792452830188679,0.8247422680412371,0.782608695652174,0.7840670859538783,"[0.782608695652174, 0.8247422680412371]","[0.6792452830188679, 0.8888888888888888]","[0.7272727272727273, 0.8556149732620321]","[0.6792452830188679, 0.8888888888888888]"
Gradient Boosting,45,9,0.9989250835681982,0.9863387978142076,0.941281936351412,0.715182960604129,0.7148238422335476,0.90625,0.8573803191489362,0.8741258741258742,0.8969072164948454,0.8260869565217391,0.9157894736842105,0.7916666666666666,0.8614970865082923,"[0.7916666666666666, 0.9157894736842105]","[0.8260869565217391, 0.8969072164948454]","[0.8085106382978723, 0.90625]","[0.8260869565217391, 0.8969072164948454]"
Gradient Boosting,46,10,0.9992574792094178,0.9907038512616202,0.9274258219727346,0.666432049092504,0.6574265618535374,0.8743169398907104,0.8276346604215457,0.8402777777777778,0.9302325581395349,0.7068965517241379,0.8247422680412371,0.8723404255319149,0.8185645549318363,"[0.8723404255319149, 0.8247422680412371]","[0.7068965517241379, 0.9302325581395349]","[0.780952380952381, 0.8743169398907104]","[0.7068965517241379, 0.9302325581395349]"
Gradient Boosting,47,10,0.9998002929037413,0.9932523616734144,0.895066889632107,0.6651851344037146,0.6483126110124334,0.8888888888888888,0.8222222222222222,0.8472222222222222,0.9565217391304348,0.6538461538461539,0.8301886792452831,0.8947368421052632,0.8051839464882944,"[0.8947368421052632, 0.8301886792452831]","[0.6538461538461539, 0.9565217391304348]","[0.7555555555555555, 0.8888888888888888]","[0.6538461538461539, 0.9565217391304348]"
Gradient Boosting,48,10,0.9995164410058027,0.988110964332893,0.864749082007344,0.5270437718222111,0.5256809729621068,0.8023952095808383,0.7625421426055452,0.7692307692307693,0.7790697674418605,0.7543859649122807,0.8271604938271605,0.6935483870967742,0.7667278661770707,"[0.6935483870967742, 0.8271604938271605]","[0.7543859649122807, 0.7790697674418605]","[0.7226890756302521, 0.8023952095808383]","[0.7543859649122807, 0.7790697674418605]"
Gradient Boosting,49,10,0.9994351618327029,0.990450204638472,0.8991578014184397,0.6302283286689794,0.6294919454770755,0.882051282051282,0.8146520146520146,0.8391608391608392,0.8958333333333334,0.723404255319149,0.8686868686868687,0.7727272727272727,0.8096187943262412,"[0.7727272727272727, 0.8686868686868687]","[0.723404255319149, 0.8958333333333334]","[0.7472527472527473, 0.882051282051282]","[0.723404255319149, 0.8958333333333334]"
Gradient Boosting,50,10,0.9997533748701973,0.9903181189488244,0.8616690578670493,0.5757505965327668,0.5756676557863502,0.8768472906403941,0.7878212356816429,0.8251748251748252,0.8725490196078431,0.7073170731707317,0.8811881188118812,0.6904761904761905,0.7899330463892874,"[0.6904761904761905, 0.8811881188118812]","[0.7073170731707317, 0.8725490196078431]","[0.6987951807228916, 0.8768472906403941]","[0.7073170731707317, 0.8725490196078431]"
KNN,1,1,0.946318493150685,0.9027962716378163,0.8863785917964466,0.7129385118377664,0.7125748502994012,0.9081632653061225,0.8562555456965395,0.875,0.9175257731958762,0.7872340425531915,0.898989898989899,0.8222222222222222,0.8523799078745339,"[0.8222222222222222, 0.898989898989899]","[0.7872340425531915, 0.9175257731958762]","[0.8043478260869565, 0.9081632653061225]","[0.7872340425531915, 0.9175257731958762]"
KNN,2,1,0.95506259402536,0.9126466753585397,0.8624031007751938,0.591595267237862,0.5915952672378622,0.8372093023255814,0.7957976336189311,0.8041958041958042,0.8372093023255814,0.7543859649122807,0.8372093023255814,0.7543859649122807,0.7957976336189311,"[0.7543859649122807, 0.8372093023255814]","[0.7543859649122807, 0.8372093023255814]","[0.7543859649122807, 0.8372093023255814]","[0.7543859649122807, 0.8372093023255814]"
KNN,3,1,0.9521390374331551,0.9140625,0.8494834710743802,0.5794638346994002,0.5656324582338903,0.8526315789473684,0.7804824561403509,0.8041958041958042,0.9204545454545454,0.6181818181818182,0.7941176470588235,0.8292682926829268,0.7693181818181818,"[0.8292682926829268, 0.7941176470588235]","[0.6181818181818182, 0.9204545454545454]","[0.7083333333333334, 0.8526315789473684]","[0.6181818181818182, 0.9204545454545454]"
KNN,4,1,0.9484489415523898,0.9067017082785808,0.8851379598662208,0.6626755361780309,0.6544502617801047,0.8865979381443299,0.8262776924764202,0.8472222222222222,0.9347826086956522,0.6923076923076923,0.8431372549019608,0.8571428571428571,0.8135451505016722,"[0.8571428571428571, 0.8431372549019608]","[0.6923076923076923, 0.9347826086956522]","[0.7659574468085106, 0.8865979381443299]","[0.6923076923076923, 0.9347826086956522]"
KNN,5,1,0.9471622733147937,0.896551724137931,0.8945133149678606,0.6309666647603778,0.6295336787564767,0.8910891089108911,0.8145921735030646,0.8461538461538461,0.9090909090909091,0.7045454545454546,0.8737864077669902,0.775,0.8068181818181819,"[0.775, 0.8737864077669902]","[0.7045454545454546, 0.9090909090909091]","[0.7380952380952381, 0.8910891089108911]","[0.7045454545454546, 0.9090909090909091]"
KNN,6,2,0.944800958594062,0.9059602649006623,0.8584866220735785,0.7096177226175826,0.7054263565891472,0.900523560209424,0.8523236357748152,0.8680555555555556,0.9347826086956522,0.75,0.8686868686868687,0.8666666666666667,0.8423913043478262,"[0.8666666666666667, 0.8686868686868687]","[0.75, 0.9347826086956522]","[0.8041237113402062, 0.900523560209424]","[0.75, 0.9347826086956522]"
KNN,7,2,0.9407115149582869,0.891218872870249,0.9267341345140206,0.8006042632371598,0.7981888745148771,0.9319371727748691,0.898958277109084,0.9097222222222222,0.956989247311828,0.8235294117647058,0.9081632653061225,0.9130434782608695,0.8902593295382669,"[0.9130434782608695, 0.9081632653061225]","[0.8235294117647058, 0.956989247311828]","[0.865979381443299, 0.9319371727748691]","[0.8235294117647058, 0.956989247311828]"
KNN,8,2,0.9619587587800247,0.9220607661822986,0.793956043956044,0.447773662839645,0.44692737430167595,0.8064516129032258,0.7232258064516128,0.7482517482517482,0.8241758241758241,0.6153846153846154,0.7894736842105263,0.6666666666666666,0.7197802197802198,"[0.6666666666666666, 0.7894736842105263]","[0.6153846153846154, 0.8241758241758241]","[0.64, 0.8064516129032258]","[0.6153846153846154, 0.8241758241758241]"
KNN,9,2,0.9524411273019258,0.9117259552042161,0.8518640350877194,0.5972183612650198,0.5933340916846775,0.8730964467005076,0.7960987851480066,0.8251748251748252,0.9052631578947369,0.6666666666666666,0.8431372549019608,0.7804878048780488,0.7859649122807018,"[0.7804878048780488, 0.8431372549019608]","[0.6666666666666666, 0.9052631578947369]","[0.7191011235955056, 0.8730964467005076]","[0.6666666666666666, 0.9052631578947369]"
KNN,10,2,0.9453348027564963,0.8979057591623036,0.8928571428571429,0.6614378277661477,0.65625,0.8842105263157894,0.8275219298245614,0.8461538461538461,0.9230769230769231,0.7115384615384616,0.8484848484848485,0.8409090909090909,0.8173076923076923,"[0.8409090909090909, 0.8484848484848485]","[0.7115384615384616, 0.9230769230769231]","[0.7708333333333334, 0.8842105263157894]","[0.7115384615384616, 0.9230769230769231]"
KNN,11,3,0.9520985773739902,0.9097938144329897,0.8570017776022121,0.6736195244558236,0.6649129906920275,0.8700564971751412,0.8314246449839671,0.8402777777777778,0.927710843373494,0.7213114754098361,0.8191489361702128,0.88,0.824511159391665,"[0.88, 0.8191489361702128]","[0.7213114754098361, 0.927710843373494]","[0.7927927927927928, 0.8700564971751412]","[0.7213114754098361, 0.927710843373494]"
KNN,12,3,0.9502191072041393,0.9021164021164021,0.8569878472222223,0.6468302892389339,0.6413043478260869,0.89,0.8200000000000001,0.8472222222222222,0.9270833333333334,0.6875,0.8557692307692307,0.825,0.8072916666666667,"[0.825, 0.8557692307692307]","[0.6875, 0.9270833333333334]","[0.75, 0.89]","[0.6875, 0.9270833333333334]"
KNN,13,3,0.9443264563106796,0.9021164021164021,0.8851498046026922,0.5848868909117043,0.5799819249887032,0.8673469387755102,0.7892290249433107,0.8181818181818182,0.9042553191489362,0.6530612244897959,0.8333333333333334,0.7804878048780488,0.778658271819366,"[0.7804878048780488, 0.8333333333333334]","[0.6530612244897959, 0.9042553191489362]","[0.7111111111111111, 0.8673469387755102]","[0.6530612244897959, 0.9042553191489362]"
KNN,14,3,0.9481988234516492,0.8959156785243741,0.8820430107526882,0.7194244309744431,0.7180105170902716,0.9052631578947369,0.8588815789473685,0.8741258741258742,0.9247311827956989,0.78,0.8865979381443299,0.8478260869565217,0.8523655913978494,"[0.8478260869565217, 0.8865979381443299]","[0.78, 0.9247311827956989]","[0.8125, 0.9052631578947369]","[0.78, 0.9247311827956989]"
KNN,15,3,0.9489018495166036,0.9059602649006623,0.8761081560283688,0.6375750620016832,0.6374958668577098,0.8795811518324608,0.8187379443372831,0.8391608391608392,0.875,0.7659574468085106,0.8842105263157894,0.75,0.8204787234042553,"[0.75, 0.8842105263157894]","[0.7659574468085106, 0.875]","[0.7578947368421053, 0.8795811518324608]","[0.7659574468085106, 0.875]"
KNN,16,4,0.9518918120011823,0.9083870967741936,0.8423295454545454,0.5616883116883117,0.5616883116883117,0.8295454545454546,0.7808441558441559,0.7916666666666666,0.8295454545454546,0.7321428571428571,0.8295454545454546,0.7321428571428571,0.7808441558441559,"[0.7321428571428571, 0.8295454545454546]","[0.7321428571428571, 0.8295454545454546]","[0.7321428571428571, 0.8295454545454546]","[0.7321428571428571, 0.8295454545454546]"
KNN,17,4,0.9399354514430835,0.8862433862433863,0.9234156820622985,0.828219650048509,0.8273004797208896,0.9430051813471503,0.9136078538314698,0.9236111111111112,0.9578947368421052,0.8571428571428571,0.9285714285714286,0.9130434782608695,0.9075187969924812,"[0.9130434782608695, 0.9285714285714286]","[0.8571428571428571, 0.9578947368421052]","[0.8842105263157894, 0.9430051813471503]","[0.8571428571428571, 0.9578947368421052]"
KNN,18,4,0.9551405467847516,0.9148099606815203,0.8464708368554522,0.647089383871619,0.6451612903225806,0.8770053475935828,0.8223410576351753,0.8391608391608392,0.9010989010989011,0.7307692307692307,0.8541666666666666,0.8085106382978723,0.8159340659340659,"[0.8085106382978723, 0.8541666666666666]","[0.7307692307692307, 0.9010989010989011]","[0.7676767676767676, 0.8770053475935828]","[0.7307692307692307, 0.9010989010989011]"
KNN,19,4,0.9529446757882213,0.9133858267716536,0.8552688172043011,0.531061244591754,0.530017528483786,0.8421052631578947,0.7648026315789473,0.7902097902097902,0.8602150537634409,0.66,0.8247422680412371,0.717391304347826,0.7601075268817205,"[0.717391304347826, 0.8247422680412371]","[0.66, 0.8602150537634409]","[0.6875, 0.8421052631578947]","[0.66, 0.8602150537634409]"
KNN,20,4,0.945991127960089,0.9021164021164021,0.8689692982456141,0.645178015564028,0.6363005780346821,0.89,0.817093023255814,0.8461538461538461,0.9368421052631579,0.6666666666666666,0.8476190476190476,0.8421052631578947,0.8017543859649123,"[0.8421052631578947, 0.8476190476190476]","[0.6666666666666666, 0.9368421052631579]","[0.7441860465116279, 0.89]","[0.6666666666666666, 0.9368421052631579]"
KNN,21,5,0.9428501482468786,0.900523560209424,0.9036144578313253,0.8050381868211476,0.7964869775893398,0.9204545454545454,0.8977272727272727,0.9027777777777778,0.9759036144578314,0.8032786885245902,0.8709677419354839,0.9607843137254902,0.8895911514912107,"[0.9607843137254902, 0.8709677419354839]","[0.8032786885245902, 0.9759036144578314]","[0.875, 0.9204545454545454]","[0.8032786885245902, 0.9759036144578314]"
KNN,22,5,0.9500213983844219,0.9114583333333334,0.8763374485596708,0.6560936837982991,0.6554307116104869,0.8743169398907104,0.8276346604215457,0.8402777777777778,0.8888888888888888,0.7592592592592593,0.8602150537634409,0.803921568627451,0.8240740740740741,"[0.803921568627451, 0.8602150537634409]","[0.7592592592592593, 0.8888888888888888]","[0.780952380952381, 0.8743169398907104]","[0.7592592592592593, 0.8888888888888888]"
KNN,23,5,0.9561308953475993,0.910039113428944,0.8444444444444444,0.5442385517551414,0.543228279386712,0.8369565217391305,0.7714194373401535,0.7902097902097902,0.8555555555555555,0.6792452830188679,0.8191489361702128,0.7346938775510204,0.7674004192872117,"[0.7346938775510204, 0.8191489361702128]","[0.6792452830188679, 0.8555555555555555]","[0.7058823529411765, 0.8369565217391305]","[0.6792452830188679, 0.8555555555555555]"
KNN,24,5,0.9455737193242558,0.8978494623655914,0.8386374351720887,0.505428442310546,0.5002496255616575,0.8666666666666667,0.7491228070175439,0.8041958041958042,0.900990099009901,0.5714285714285714,0.8348623853211009,0.7058823529411765,0.7362093352192363,"[0.7058823529411765, 0.8348623853211009]","[0.5714285714285714, 0.900990099009901]","[0.631578947368421, 0.8666666666666667]","[0.5714285714285714, 0.900990099009901]"
KNN,25,5,0.9504513343799058,0.9098143236074271,0.8626984126984126,0.6512557324247804,0.6489772063120982,0.8955223880597015,0.8242317822651448,0.8531468531468531,0.9183673469387755,0.7111111111111111,0.8737864077669902,0.8,0.8147392290249433,"[0.8, 0.8737864077669902]","[0.7111111111111111, 0.9183673469387755]","[0.7529411764705882, 0.8955223880597015]","[0.7111111111111111, 0.9183673469387755]"
KNN,26,6,0.9468796635463301,0.9060489060489061,0.8994047619047619,0.6984927659993961,0.697841726618705,0.8771929824561403,0.8488529014844803,0.8541666666666666,0.8928571428571429,0.8,0.8620689655172413,0.8421052631578947,0.8464285714285715,"[0.8421052631578947, 0.8620689655172413]","[0.8, 0.8928571428571429]","[0.8205128205128205, 0.8771929824561403]","[0.8, 0.8928571428571429]"
KNN,27,6,0.9589852346844865,0.9153439153439153,0.7944236371202663,0.4787758080320863,0.4586951681140058,0.826530612244898,0.72437641723356,0.7622377622377622,0.9101123595505618,0.5185185185185185,0.7570093457943925,0.7777777777777778,0.7143154390345401,"[0.7777777777777778, 0.7570093457943925]","[0.5185185185185185, 0.9101123595505618]","[0.6222222222222222, 0.826530612244898]","[0.5185185185185185, 0.9101123595505618]"
KNN,28,6,0.9516759406465289,0.9076723016905072,0.88000852514919,0.609683680323285,0.6034387132556849,0.8704663212435233,0.800824558471224,0.8251748251748252,0.9130434782608695,0.6666666666666666,0.8316831683168316,0.8095238095238095,0.7898550724637681,"[0.8095238095238095, 0.8316831683168316]","[0.6666666666666666, 0.9130434782608695]","[0.7311827956989247, 0.8704663212435233]","[0.6666666666666666, 0.9130434782608695]"
KNN,29,6,0.9534356925567611,0.9146666666666666,0.8652433425160697,0.6575529737810439,0.657465495608532,0.8934010152284264,0.8287229795243256,0.8531468531468531,0.8888888888888888,0.7727272727272727,0.8979591836734694,0.7555555555555555,0.8308080808080808,"[0.7555555555555555, 0.8979591836734694]","[0.7727272727272727, 0.8888888888888888]","[0.7640449438202247, 0.8934010152284264]","[0.7727272727272727, 0.8888888888888888]"
KNN,30,6,0.9419922183080078,0.8891855807743658,0.910270629991127,0.6983677257340133,0.698279664755183,0.9025641025641026,0.8491315136476427,0.8680555555555556,0.8979591836734694,0.8043478260869565,0.9072164948453608,0.7872340425531915,0.851153504880213,"[0.7872340425531915, 0.9072164948453608]","[0.8043478260869565, 0.8979591836734694]","[0.7956989247311828, 0.9025641025641026]","[0.8043478260869565, 0.8979591836734694]"
KNN,31,7,0.9480930662965167,0.9071618037135278,0.8722580645161291,0.6704569920170392,0.66629625513946,0.8911917098445595,0.8326926291158281,0.8531468531468531,0.9247311827956989,0.72,0.86,0.8372093023255814,0.8223655913978494,"[0.8372093023255814, 0.86]","[0.72, 0.9247311827956989]","[0.7741935483870968, 0.8911917098445595]","[0.72, 0.9247311827956989]"
KNN,32,7,0.9531999890924956,0.9144316730523627,0.8659722222222221,0.6013377943029549,0.5973451327433628,0.8333333333333334,0.7980225988700564,0.8041958041958042,0.875,0.7142857142857143,0.7954545454545454,0.8181818181818182,0.7946428571428572,"[0.8181818181818182, 0.7954545454545454]","[0.7142857142857143, 0.875]","[0.7627118644067796, 0.8333333333333334]","[0.7142857142857143, 0.875]"
KNN,33,7,0.9514004382144083,0.9093298291721419,0.8764105902777778,0.5863019699779287,0.5851063829787234,0.8673469387755102,0.7923691215616682,0.8194444444444444,0.8854166666666666,0.6875,0.85,0.75,0.7864583333333333,"[0.75, 0.85]","[0.6875, 0.8854166666666666]","[0.717391304347826, 0.8673469387755102]","[0.6875, 0.8854166666666666]"
KNN,34,7,0.9390397481306573,0.8948069241011984,0.9117845117845118,0.7540063607523505,0.7530864197530864,0.9253731343283582,0.8764796706124549,0.8958333333333334,0.9393939393939394,0.8,0.9117647058823529,0.8571428571428571,0.8696969696969697,"[0.8571428571428571, 0.9117647058823529]","[0.8, 0.9393939393939394]","[0.8275862068965517, 0.9253731343283582]","[0.8, 0.9393939393939394]"
KNN,35,7,0.9549519839594766,0.9069462647444299,0.8193660442900564,0.5260781840849359,0.5250221434898139,0.84375,0.7623005319148937,0.7902097902097902,0.8617021276595744,0.6530612244897959,0.826530612244898,0.7111111111111111,0.7573816760746852,"[0.7111111111111111, 0.826530612244898]","[0.6530612244897959, 0.8617021276595744]","[0.6808510638297872, 0.84375]","[0.6530612244897959, 0.8617021276595744]"
KNN,36,8,0.9405315346787413,0.8988173455978975,0.9359780844155845,0.794572637082976,0.7913907284768212,0.9230769230769231,0.895500725689405,0.9027777777777778,0.9545454545454546,0.8214285714285714,0.8936170212765957,0.92,0.887987012987013,"[0.92, 0.8936170212765957]","[0.8214285714285714, 0.9545454545454546]","[0.8679245283018868, 0.9230769230769231]","[0.8214285714285714, 0.9545454545454546]"
KNN,37,8,0.9500624788483065,0.8979591836734694,0.8439497987212881,0.619693477106761,0.619322278298486,0.8942307692307693,0.8096153846153846,0.8472222222222222,0.9029126213592233,0.7073170731707317,0.8857142857142857,0.7435897435897436,0.8051148472649775,"[0.7435897435897436, 0.8857142857142857]","[0.7073170731707317, 0.9029126213592233]","[0.725, 0.8942307692307693]","[0.7073170731707317, 0.9029126213592233]"
KNN,38,8,0.9602430001064622,0.9194805194805195,0.7923480083857442,0.4475804393802389,0.44753054192335806,0.7932960893854749,0.7237508484310552,0.7412587412587412,0.7888888888888889,0.660377358490566,0.797752808988764,0.6481481481481481,0.7246331236897274,"[0.6481481481481481, 0.797752808988764]","[0.660377358490566, 0.7888888888888889]","[0.6542056074766355, 0.7932960893854749]","[0.660377358490566, 0.7888888888888889]"
KNN,39,8,0.9507620320855614,0.908150064683053,0.8833677685950414,0.6556695128532084,0.64947245017585,0.8756756756756757,0.8239764516992241,0.8391608391608392,0.9204545454545454,0.7090909090909091,0.8350515463917526,0.8478260869565217,0.8147727272727272,"[0.8478260869565217, 0.8350515463917526]","[0.7090909090909091, 0.9204545454545454]","[0.7722772277227723, 0.8756756756756757]","[0.7090909090909091, 0.9204545454545454]"
KNN,40,8,0.9452177936413511,0.9028871391076115,0.8790322580645162,0.6538747168364004,0.6453213077790304,0.8877551020408163,0.8216553287981859,0.8461538461538461,0.9354838709677419,0.68,0.8446601941747572,0.85,0.807741935483871,"[0.85, 0.8446601941747572]","[0.68, 0.9354838709677419]","[0.7555555555555555, 0.8877551020408163]","[0.68, 0.9354838709677419]"
KNN,41,9,0.9490680335507922,0.9109947643979057,0.8607859531772575,0.6086956521739131,0.6086956521739131,0.8586956521739131,0.8043478260869565,0.8194444444444444,0.8586956521739131,0.75,0.8586956521739131,0.75,0.8043478260869565,"[0.75, 0.8586956521739131]","[0.75, 0.8586956521739131]","[0.75, 0.8586956521739131]","[0.75, 0.8586956521739131]"
KNN,42,9,0.9434463612928813,0.8915343915343915,0.9018279569892473,0.7845582731013973,0.7742953776775648,0.9285714285714286,0.8865079365079365,0.9020979020979021,0.978494623655914,0.76,0.883495145631068,0.95,0.869247311827957,"[0.95, 0.883495145631068]","[0.76, 0.978494623655914]","[0.8444444444444444, 0.9285714285714286]","[0.76, 0.978494623655914]"
KNN,43,9,0.9549630877868721,0.9194187582562747,0.8122427983539096,0.5449492609130661,0.5384615384615384,0.8421052631578947,0.7679914070891514,0.7916666666666666,0.8888888888888888,0.6296296296296297,0.8,0.7727272727272727,0.7592592592592593,"[0.7727272727272727, 0.8]","[0.6296296296296297, 0.8888888888888888]","[0.6938775510204082, 0.8421052631578947]","[0.6296296296296297, 0.8888888888888888]"
KNN,44,9,0.9578143298200787,0.917098445595855,0.840356394129979,0.5911307683680678,0.5905186127903277,0.8524590163934426,0.7951615470316727,0.8111888111888111,0.8666666666666667,0.7169811320754716,0.8387096774193549,0.76,0.7918238993710691,"[0.76, 0.8387096774193549]","[0.7169811320754716, 0.8666666666666667]","[0.7378640776699029, 0.8524590163934426]","[0.7169811320754716, 0.8666666666666667]"
KNN,45,9,0.9380612178016648,0.8903743315508021,0.9232406992380098,0.7436127297176154,0.7436127297176154,0.9175257731958762,0.8718063648588077,0.8881118881118881,0.9175257731958762,0.8260869565217391,0.9175257731958762,0.8260869565217391,0.8718063648588077,"[0.8260869565217391, 0.9175257731958762]","[0.8260869565217391, 0.9175257731958762]","[0.8260869565217391, 0.9175257731958762]","[0.8260869565217391, 0.9175257731958762]"
KNN,46,10,0.9438519278539799,0.9003880983182406,0.9039695268644747,0.7127898785419563,0.7012448132780082,0.8913043478260869,0.8494983277591973,0.8611111111111112,0.9534883720930233,0.7241379310344828,0.8367346938775511,0.9130434782608695,0.838813151563753,"[0.9130434782608695, 0.8367346938775511]","[0.7241379310344828, 0.9534883720930233]","[0.8076923076923077, 0.8913043478260869]","[0.7241379310344828, 0.9534883720930233]"
KNN,47,10,0.9518639328984156,0.9139072847682119,0.8441680602006689,0.59905868470494,0.5916230366492147,0.865979381443299,0.7946918183812239,0.8194444444444444,0.9130434782608695,0.6538461538461539,0.8235294117647058,0.8095238095238095,0.7834448160535117,"[0.8095238095238095, 0.8235294117647058]","[0.6538461538461539, 0.9130434782608695]","[0.723404255319149, 0.865979381443299]","[0.6538461538461539, 0.9130434782608695]"
KNN,48,10,0.9592735869331614,0.9179487179487179,0.8255813953488371,0.5652346925280338,0.5649969580206855,0.8235294117647058,0.7824543610547667,0.7902097902097902,0.813953488372093,0.7543859649122807,0.8333333333333334,0.7288135593220338,0.7841697266421869,"[0.7288135593220338, 0.8333333333333334]","[0.7543859649122807, 0.813953488372093]","[0.7413793103448276, 0.8235294117647058]","[0.7543859649122807, 0.813953488372093]"
KNN,49,10,0.9492959226565784,0.9010695187165776,0.8607047872340425,0.6238539769449478,0.6168006524525225,0.8855721393034826,0.8074919520046824,0.8391608391608392,0.9270833333333334,0.6595744680851063,0.8476190476190476,0.8157894736842105,0.7933289007092199,"[0.8157894736842105, 0.8476190476190476]","[0.6595744680851063, 0.9270833333333334]","[0.7294117647058823, 0.8855721393034826]","[0.6595744680851063, 0.9270833333333334]"
KNN,50,10,0.9467354620976116,0.8983957219251337,0.8907221425155428,0.7073191705713725,0.707214259906058,0.9170731707317074,0.8535983137609153,0.8811188811188811,0.9215686274509803,0.7804878048780488,0.912621359223301,0.8,0.8510282161645146,"[0.8, 0.912621359223301]","[0.7804878048780488, 0.9215686274509803]","[0.7901234567901234, 0.9170731707317074]","[0.7804878048780488, 0.9215686274509803]"
Logistic Regression,1,1,0.9282929399367755,0.8772919605077574,0.8949330993638958,0.6983677257340133,0.698279664755183,0.9025641025641026,0.8491315136476427,0.8680555555555556,0.9072164948453608,0.7872340425531915,0.8979591836734694,0.8043478260869565,0.8472252686992762,"[0.8043478260869565, 0.8979591836734694]","[0.7872340425531915, 0.9072164948453608]","[0.7956989247311828, 0.9025641025641026]","[0.7872340425531915, 0.9072164948453608]"
Logistic Regression,2,1,0.9298436492585428,0.8940217391304348,0.8965728274173808,0.581276962020087,0.5807299565261349,0.8284023668639053,0.7902695595003287,0.7972027972027972,0.813953488372093,0.7719298245614035,0.8433734939759037,0.7333333333333333,0.7929416564667482,"[0.7333333333333333, 0.8433734939759037]","[0.7719298245614035, 0.813953488372093]","[0.7521367521367521, 0.8284023668639053]","[0.7719298245614035, 0.813953488372093]"
Logistic Regression,3,1,0.9323529411764706,0.9006802721088435,0.8545454545454546,0.5863636363636363,0.5863636363636364,0.8409090909090909,0.7931818181818182,0.8041958041958042,0.8409090909090909,0.7454545454545455,0.8409090909090909,0.7454545454545455,0.7931818181818182,"[0.7454545454545455, 0.8409090909090909]","[0.7454545454545455, 0.8409090909090909]","[0.7454545454545455, 0.8409090909090909]","[0.7454545454545455, 0.8409090909090909]"
Logistic Regression,4,1,0.9274796964452137,0.8806584362139918,0.9209866220735785,0.6627364947129052,0.6609336609336609,0.8715083798882681,0.8302496027881707,0.8402777777777778,0.8478260869565217,0.8269230769230769,0.896551724137931,0.7543859649122807,0.8373745819397993,"[0.7543859649122807, 0.896551724137931]","[0.8269230769230769, 0.8478260869565217]","[0.7889908256880734, 0.8715083798882681]","[0.8269230769230769, 0.8478260869565217]"
Logistic Regression,5,1,0.9218335879257895,0.8762169680111266,0.9226354453627181,0.7410378925702863,0.740648379052369,0.9183673469387755,0.8702947845804989,0.8881118881118881,0.9090909090909091,0.8409090909090909,0.9278350515463918,0.8043478260869565,0.875,"[0.8043478260869565, 0.9278350515463918]","[0.8409090909090909, 0.9090909090909091]","[0.8222222222222222, 0.9183673469387755]","[0.8409090909090909, 0.9090909090909091]"
Logistic Regression,6,2,0.928651311409932,0.8808864265927978,0.9046822742474915,0.6524674674995519,0.6523929471032746,0.8756756756756757,0.8261873524009447,0.8402777777777778,0.8804347826086957,0.7692307692307693,0.8709677419354839,0.7843137254901961,0.8248327759197325,"[0.7843137254901961, 0.8709677419354839]","[0.7692307692307693, 0.8804347826086957]","[0.7766990291262136, 0.8756756756756757]","[0.7692307692307693, 0.8804347826086957]"
Logistic Regression,7,2,0.914129337371805,0.88,0.958886780518659,0.8002699698284849,0.7947464874770922,0.9213483146067416,0.8970377936670071,0.9027777777777778,0.8817204301075269,0.9411764705882353,0.9647058823529412,0.8135593220338984,0.911448450347881,"[0.8135593220338984, 0.9647058823529412]","[0.9411764705882353, 0.8817204301075269]","[0.8727272727272727, 0.9213483146067416]","[0.9411764705882353, 0.8817204301075269]"
Logistic Regression,8,2,0.9410062007887084,0.9098360655737705,0.812764158918005,0.4258241758241758,0.42582417582417587,0.7912087912087912,0.7129120879120878,0.7342657342657343,0.7912087912087912,0.6346153846153846,0.7912087912087912,0.6346153846153846,0.7129120879120878,"[0.6346153846153846, 0.7912087912087912]","[0.6346153846153846, 0.7912087912087912]","[0.6346153846153846, 0.7912087912087912]","[0.6346153846153846, 0.7912087912087912]"
Logistic Regression,9,2,0.9264568442390976,0.8858321870701513,0.8453947368421053,0.6100884159786832,0.6100141813024982,0.8677248677248677,0.8049964544809906,0.8251748251748252,0.8631578947368421,0.75,0.8723404255319149,0.7346938775510204,0.8065789473684211,"[0.7346938775510204, 0.8723404255319149]","[0.75, 0.8631578947368421]","[0.7422680412371134, 0.8677248677248677]","[0.75, 0.8631578947368421]"
Logistic Regression,10,2,0.9306494230743696,0.8919288645690835,0.8945477599323753,0.6840719826074151,0.6839945280437756,0.8839779005524862,0.8419889502762431,0.8531468531468531,0.8791208791208791,0.8076923076923077,0.8888888888888888,0.7924528301886793,0.8434065934065934,"[0.7924528301886793, 0.8888888888888888]","[0.8076923076923077, 0.8791208791208791]","[0.8, 0.8839779005524862]","[0.8076923076923077, 0.8791208791208791]"
Logistic Regression,11,3,0.9255229442646138,0.8885869565217391,0.9069721508986766,0.6018171044835078,0.6018171044835078,0.8313253012048193,0.8009085522417538,0.8055555555555556,0.8313253012048193,0.7704918032786885,0.8313253012048193,0.7704918032786885,0.8009085522417538,"[0.7704918032786885, 0.8313253012048193]","[0.7704918032786885, 0.8313253012048193]","[0.7704918032786885, 0.8313253012048193]","[0.7704918032786885, 0.8313253012048193]"
Logistic Regression,12,3,0.936221324674639,0.8848821081830791,0.8680555555555556,0.6356417261637283,0.6349206349206349,0.882051282051282,0.8173697270471464,0.8402777777777778,0.8958333333333334,0.7291666666666666,0.8686868686868687,0.7777777777777778,0.8125,"[0.7777777777777778, 0.8686868686868687]","[0.7291666666666666, 0.8958333333333334]","[0.7526881720430108, 0.882051282051282]","[0.7291666666666666, 0.8958333333333334]"
Logistic Regression,13,3,0.9270393626002533,0.8934426229508197,0.8953538862353452,0.6274424663482414,0.6274424663482414,0.8723404255319149,0.8137212331741207,0.8321678321678322,0.8723404255319149,0.7551020408163265,0.8723404255319149,0.7551020408163265,0.8137212331741207,"[0.7551020408163265, 0.8723404255319149]","[0.7551020408163265, 0.8723404255319149]","[0.7551020408163265, 0.8723404255319149]","[0.7551020408163265, 0.8723404255319149]"
Logistic Regression,14,3,0.925427985987177,0.8898071625344353,0.9197849462365592,0.6735710326151559,0.6708516426030551,0.8777777777777778,0.8351153039832285,0.8461538461538461,0.8494623655913979,0.84,0.9080459770114943,0.75,0.8447311827956989,"[0.75, 0.9080459770114943]","[0.84, 0.8494623655913979]","[0.7924528301886793, 0.8777777777777778]","[0.84, 0.8494623655913979]"
Logistic Regression,15,3,0.9249290668348046,0.8781163434903048,0.9250886524822695,0.6586263569754033,0.6525092445853142,0.8743169398907104,0.825507984508462,0.8391608391608392,0.8333333333333334,0.851063829787234,0.9195402298850575,0.7142857142857143,0.8421985815602837,"[0.7142857142857143, 0.9195402298850575]","[0.851063829787234, 0.8333333333333334]","[0.7766990291262136, 0.8743169398907104]","[0.851063829787234, 0.8333333333333334]"
Logistic Regression,16,4,0.9334909843334317,0.8989071038251366,0.8762175324675324,0.5937986879971447,0.5935483870967742,0.8390804597701149,0.7967332123411979,0.8055555555555556,0.8295454545454546,0.7678571428571429,0.8488372093023255,0.7413793103448276,0.7987012987012987,"[0.7413793103448276, 0.8488372093023255]","[0.7678571428571429, 0.8295454545454546]","[0.7543859649122807, 0.8390804597701149]","[0.7678571428571429, 0.8295454545454546]"
Logistic Regression,17,4,0.9146980238618025,0.8722222222222222,0.9540279269602577,0.8165925138940232,0.8162093171665603,0.9361702127659575,0.9080851063829787,0.9166666666666666,0.9263157894736842,0.8979591836734694,0.946236559139785,0.8627450980392157,0.9121374865735767,"[0.8627450980392157, 0.946236559139785]","[0.8979591836734694, 0.9263157894736842]","[0.88, 0.9361702127659575]","[0.8979591836734694, 0.9263157894736842]"
Logistic Regression,18,4,0.9290029609761927,0.8839779005524862,0.8994082840236686,0.5806423446238239,0.5803814713896458,0.8444444444444444,0.790146750524109,0.8041958041958042,0.8351648351648352,0.75,0.8539325842696629,0.7222222222222222,0.7925824175824177,"[0.7222222222222222, 0.8539325842696629]","[0.75, 0.8351648351648352]","[0.7358490566037735, 0.8444444444444444]","[0.75, 0.8351648351648352]"
Logistic Regression,19,4,0.9341132923524356,0.8879781420765027,0.8866666666666666,0.5911307683680678,0.5905186127903277,0.8524590163934426,0.7951615470316727,0.8111888111888111,0.8387096774193549,0.76,0.8666666666666667,0.7169811320754716,0.7993548387096774,"[0.7169811320754716, 0.8666666666666667]","[0.76, 0.8387096774193549]","[0.7378640776699029, 0.8524590163934426]","[0.76, 0.8387096774193549]"
Logistic Regression,20,4,0.9269570482696889,0.8839779005524862,0.893640350877193,0.730090939790111,0.7292571555852545,0.9119170984455959,0.8645606997604324,0.8811188811188811,0.9263157894736842,0.7916666666666666,0.8979591836734694,0.8444444444444444,0.8589912280701755,"[0.8444444444444444, 0.8979591836734694]","[0.7916666666666666, 0.9263157894736842]","[0.8172043010752689, 0.9119170984455959]","[0.7916666666666666, 0.9263157894736842]"
Logistic Regression,21,5,0.9212115442156517,0.8782489740082079,0.928500888801106,0.7287223177593951,0.7268370607028753,0.8888888888888888,0.8632478632478633,0.8680555555555556,0.9156626506024096,0.8032786885245902,0.8636363636363636,0.875,0.8594706695634999,"[0.875, 0.8636363636363636]","[0.8032786885245902, 0.9156626506024096]","[0.8376068376068376, 0.8888888888888888]","[0.8032786885245902, 0.9156626506024096]"
Logistic Regression,22,5,0.9271251270529075,0.8919288645690835,0.9088477366255144,0.6546536707079772,0.6521739130434783,0.8620689655172413,0.8257713248638838,0.8333333333333334,0.8333333333333334,0.8333333333333334,0.8928571428571429,0.75,0.8333333333333334,"[0.75, 0.8928571428571429]","[0.8333333333333334, 0.8333333333333334]","[0.7894736842105263, 0.8620689655172413]","[0.8333333333333334, 0.8333333333333334]"
Logistic Regression,23,5,0.9263547322474182,0.8937329700272479,0.9023060796645703,0.6301949812197513,0.6295720650709771,0.8587570621468926,0.8146996319908775,0.8251748251748252,0.8444444444444444,0.7924528301886793,0.8735632183908046,0.75,0.8184486373165618,"[0.75, 0.8735632183908046]","[0.7924528301886793, 0.8444444444444444]","[0.7706422018348624, 0.8587570621468926]","[0.7924528301886793, 0.8444444444444444]"
Logistic Regression,24,5,0.9361320276228005,0.898186889818689,0.8413484205563414,0.4762550963128174,0.4752293577981651,0.8383838383838383,0.7373737373737373,0.7762237762237763,0.8217821782178217,0.6666666666666666,0.8556701030927835,0.6086956521739131,0.7442244224422442,"[0.6086956521739131, 0.8556701030927835]","[0.6666666666666666, 0.8217821782178217]","[0.6363636363636364, 0.8383838383838383]","[0.6666666666666666, 0.8217821782178217]"
Logistic Regression,25,5,0.9287545787545788,0.883008356545961,0.9049886621315193,0.6901796480526224,0.6900878293601004,0.9035532994923858,0.845035076712485,0.8671328671328671,0.9081632653061225,0.7777777777777778,0.898989898989899,0.7954545454545454,0.8429705215419501,"[0.7954545454545454, 0.898989898989899]","[0.7777777777777778, 0.9081632653061225]","[0.7865168539325843, 0.9035532994923858]","[0.7777777777777778, 0.9081632653061225]"
Logistic Regression,26,6,0.9263329263329264,0.8849797023004059,0.9091269841269841,0.6857142857142857,0.6857142857142857,0.8690476190476191,0.8428571428571429,0.8472222222222222,0.8690476190476191,0.8166666666666667,0.8690476190476191,0.8166666666666667,0.8428571428571429,"[0.8166666666666667, 0.8690476190476191]","[0.8166666666666667, 0.8690476190476191]","[0.8166666666666667, 0.8690476190476191]","[0.8166666666666667, 0.8690476190476191]"
Logistic Regression,27,6,0.9367905779413922,0.8958904109589041,0.8464419475655431,0.5621753854346867,0.5605594998410511,0.8415300546448088,0.7799883282932782,0.7972027972027972,0.8651685393258427,0.6851851851851852,0.8191489361702128,0.7551020408163265,0.775176862255514,"[0.7551020408163265, 0.8191489361702128]","[0.6851851851851852, 0.8651685393258427]","[0.7184466019417476, 0.8415300546448088]","[0.6851851851851852, 0.8651685393258427]"
Logistic Regression,28,6,0.9242050874403815,0.8782489740082079,0.9117647058823529,0.692866807145485,0.6925392388733607,0.8924731182795699,0.8462365591397849,0.8601398601398601,0.9021739130434783,0.7843137254901961,0.8829787234042553,0.8163265306122449,0.8432438192668372,"[0.8163265306122449, 0.8829787234042553]","[0.7843137254901961, 0.9021739130434783]","[0.8, 0.8924731182795699]","[0.7843137254901961, 0.9021739130434783]"
Logistic Regression,29,6,0.9273040617288786,0.8932038834951457,0.9228650137741047,0.6219086269863412,0.6078886310904872,0.8586956521739131,0.8018968456947997,0.8181818181818182,0.797979797979798,0.8636363636363636,0.9294117647058824,0.6551724137931034,0.8308080808080809,"[0.6551724137931034, 0.9294117647058824]","[0.8636363636363636, 0.797979797979798]","[0.7450980392156863, 0.8586956521739131]","[0.8636363636363636, 0.797979797979798]"
Logistic Regression,30,6,0.9288211788211789,0.8739495798319328,0.8633540372670806,0.6578319885100892,0.6565481352992195,0.8854166666666666,0.828125,0.8472222222222222,0.8673469387755102,0.8043478260869565,0.9042553191489362,0.74,0.8358473824312334,"[0.74, 0.9042553191489362]","[0.8043478260869565, 0.8673469387755102]","[0.7708333333333334, 0.8854166666666666]","[0.8043478260869565, 0.8673469387755102]"
Logistic Regression,31,7,0.922532883865424,0.8802228412256268,0.9279569892473118,0.7024367618163843,0.6980775641737971,0.9015544041450777,0.8486266644381302,0.8671328671328671,0.9354838709677419,0.74,0.87,0.8604651162790697,0.8377419354838709,"[0.8604651162790697, 0.87]","[0.74, 0.9354838709677419]","[0.7956989247311828, 0.9015544041450777]","[0.74, 0.9354838709677419]"
Logistic Regression,32,7,0.9287876308900523,0.8912751677852349,0.8938492063492063,0.6311507936507936,0.6311507936507936,0.8375,0.8155753968253968,0.8181818181818182,0.8375,0.7936507936507936,0.8375,0.7936507936507936,0.8155753968253968,"[0.7936507936507936, 0.8375]","[0.7936507936507936, 0.8375]","[0.7936507936507936, 0.8375]","[0.7936507936507936, 0.8375]"
Logistic Regression,33,7,0.9310208283836224,0.8916323731138546,0.896484375,0.6998677123677122,0.696969696969697,0.8924731182795699,0.8481973434535104,0.8611111111111112,0.8645833333333334,0.8541666666666666,0.9222222222222223,0.7592592592592593,0.859375,"[0.7592592592592593, 0.9222222222222223]","[0.8541666666666666, 0.8645833333333334]","[0.803921568627451, 0.8924731182795699]","[0.8541666666666666, 0.8645833333333334]"
Logistic Regression,34,7,0.9196904105995016,0.8805555555555555,0.9389450056116723,0.6911412248352033,0.6881091617933723,0.8958333333333334,0.84375,0.8611111111111112,0.8686868686868687,0.8444444444444444,0.9247311827956989,0.7450980392156863,0.8565656565656565,"[0.7450980392156863, 0.9247311827956989]","[0.8444444444444444, 0.8686868686868687]","[0.7916666666666666, 0.8958333333333334]","[0.8444444444444444, 0.8686868686868687]"
Logistic Regression,35,7,0.9374208526804558,0.9001367989056087,0.8682153712548849,0.5376669460487232,0.5346908785556839,0.8287292817679558,0.7667455932649303,0.7832167832167832,0.7978723404255319,0.7551020408163265,0.8620689655172413,0.6607142857142857,0.7764871906209292,"[0.6607142857142857, 0.8620689655172413]","[0.7551020408163265, 0.7978723404255319]","[0.7047619047619048, 0.8287292817679558]","[0.7551020408163265, 0.7978723404255319]"
Logistic Regression,36,8,0.9180125225055759,0.8713692946058091,0.9381087662337662,0.7646514917534916,0.7615894039735099,0.9120879120879121,0.8805722579307484,0.8888888888888888,0.9431818181818182,0.8035714285714286,0.8829787234042553,0.9,0.8733766233766234,"[0.9, 0.8829787234042553]","[0.8035714285714286, 0.9431818181818182]","[0.8490566037735849, 0.9120879120879121]","[0.8035714285714286, 0.9431818181818182]"
Logistic Regression,37,8,0.9237627886392628,0.8895104895104895,0.8979398531849396,0.6038111153343512,0.6024844720496895,0.8811881188118812,0.8010591756850103,0.8333333333333334,0.8640776699029126,0.7560975609756098,0.898989898989899,0.6888888888888889,0.8100876154392611,"[0.6888888888888889, 0.898989898989899]","[0.7560975609756098, 0.8640776699029126]","[0.7209302325581395, 0.8811881188118812]","[0.7560975609756098, 0.8640776699029126]"
Logistic Regression,38,8,0.938198658575535,0.9061224489795918,0.8666666666666666,0.5557396207031381,0.5509976704142612,0.8187134502923976,0.7745741164505466,0.7832167832167832,0.7777777777777778,0.7924528301886793,0.8641975308641975,0.6774193548387096,0.7851153039832286,"[0.6774193548387096, 0.8641975308641975]","[0.7924528301886793, 0.7777777777777778]","[0.7304347826086957, 0.8187134502923976]","[0.7924528301886793, 0.7777777777777778]"
Logistic Regression,39,8,0.9311363636363637,0.8943089430894309,0.8754132231404959,0.5600606133775833,0.5598194130925509,0.8275862068965517,0.7798645320197044,0.7902097902097902,0.8181818181818182,0.7454545454545455,0.8372093023255814,0.7192982456140351,0.7818181818181819,"[0.7192982456140351, 0.8372093023255814]","[0.7454545454545455, 0.8181818181818182]","[0.7321428571428571, 0.8275862068965517]","[0.7454545454545455, 0.8181818181818182]"
Logistic Regression,40,8,0.9286932381518938,0.8846153846153846,0.9096774193548387,0.6993337526789476,0.6980574324324325,0.8901098901098901,0.8489010989010989,0.8601398601398601,0.8709677419354839,0.84,0.9101123595505618,0.7777777777777778,0.8554838709677419,"[0.7777777777777778, 0.9101123595505618]","[0.84, 0.8709677419354839]","[0.8076923076923077, 0.8901098901098901]","[0.84, 0.8709677419354839]"
Logistic Regression,41,9,0.9258687258687259,0.8839779005524862,0.9096989966555183,0.658789060908675,0.6581337737407101,0.8729281767955801,0.8289874528837713,0.8402777777777778,0.8586956521739131,0.8076923076923077,0.8876404494382022,0.7636363636363637,0.8331939799331104,"[0.7636363636363637, 0.8876404494382022]","[0.8076923076923077, 0.8586956521739131]","[0.7850467289719626, 0.8729281767955801]","[0.8076923076923077, 0.8586956521739131]"
Logistic Regression,42,9,0.921951219512195,0.8808864265927978,0.9294623655913978,0.7209899082789094,0.7206425005426524,0.9042553191489362,0.8602909248805906,0.8741258741258742,0.9139784946236559,0.8,0.8947368421052632,0.8333333333333334,0.8569892473118279,"[0.8333333333333334, 0.8947368421052632]","[0.8, 0.9139784946236559]","[0.8163265306122449, 0.9042553191489362]","[0.8, 0.9139784946236559]"
Logistic Regression,43,9,0.9374632215267749,0.8980716253443526,0.8444444444444444,0.5555555555555556,0.5555555555555556,0.8333333333333334,0.7777777777777778,0.7916666666666666,0.8333333333333334,0.7222222222222222,0.8333333333333334,0.7222222222222222,0.7777777777777778,"[0.7222222222222222, 0.8333333333333334]","[0.7222222222222222, 0.8333333333333334]","[0.7222222222222222, 0.8333333333333334]","[0.7222222222222222, 0.8333333333333334]"
Logistic Regression,44,9,0.9349648674544874,0.8958051420838972,0.8863731656184486,0.6173031491169237,0.6162262592898431,0.8522727272727273,0.8079545454545455,0.8181818181818182,0.8333333333333334,0.7924528301886793,0.872093023255814,0.7368421052631579,0.8128930817610063,"[0.7368421052631579, 0.872093023255814]","[0.7924528301886793, 0.8333333333333334]","[0.7636363636363637, 0.8522727272727273]","[0.7924528301886793, 0.8333333333333334]"
Logistic Regression,45,9,0.9186340696073934,0.8833333333333333,0.9464365755266696,0.7329993533209496,0.7321802357607139,0.9109947643979057,0.8660236979884266,0.8811188811188811,0.8969072164948454,0.8478260869565217,0.925531914893617,0.7959183673469388,0.8723666517256836,"[0.7959183673469388, 0.925531914893617]","[0.8478260869565217, 0.8969072164948454]","[0.8210526315789474, 0.9109947643979057]","[0.8478260869565217, 0.8969072164948454]"
Logistic Regression,46,10,0.9251269035532995,0.8891928864569083,0.9131916599839616,0.6381850787902725,0.6381182147165259,0.8554913294797688,0.8190500125659714,0.8263888888888888,0.8604651162790697,0.7758620689655172,0.8505747126436781,0.7894736842105263,0.8181635926222934,"[0.7894736842105263, 0.8505747126436781]","[0.7758620689655172, 0.8604651162790697]","[0.782608695652174, 0.8554913294797688]","[0.7758620689655172, 0.8604651162790697]"
Logistic Regression,47,10,0.924617228065504,0.8821917808219178,0.9320652173913043,0.663228495486687,0.660377358490566,0.8842105263157894,0.8298603651987111,0.8472222222222222,0.9130434782608695,0.7307692307692307,0.8571428571428571,0.8260869565217391,0.8219063545150501,"[0.8260869565217391, 0.8571428571428571]","[0.7307692307692307, 0.9130434782608695]","[0.7755102040816326, 0.8842105263157894]","[0.7307692307692307, 0.9130434782608695]"
Logistic Regression,48,10,0.9381447453255964,0.9073825503355705,0.8765809873521011,0.528686983084276,0.5210795902285263,0.7875,0.758829365079365,0.7622377622377622,0.7325581395348837,0.8070175438596491,0.8513513513513513,0.6666666666666666,0.7697878416972663,"[0.6666666666666666, 0.8513513513513513]","[0.8070175438596491, 0.7325581395348837]","[0.7301587301587301, 0.7875]","[0.8070175438596491, 0.7325581395348837]"
Logistic Regression,49,10,0.9252049180327868,0.8852005532503457,0.8956117021276595,0.6289773111196436,0.6277657266811281,0.8723404255319149,0.8137212331741207,0.8321678321678322,0.8541666666666666,0.7872340425531915,0.8913043478260869,0.7254901960784313,0.8207003546099291,"[0.7254901960784313, 0.8913043478260869]","[0.7872340425531915, 0.8541666666666666]","[0.7551020408163265, 0.8723404255319149]","[0.7872340425531915, 0.8541666666666666]"
Logistic Regression,50,10,0.9284008307372793,0.8769448373408769,0.8935915829746532,0.6692300827510854,0.6677509293680297,0.9,0.8337209302325581,0.8601398601398601,0.8823529411764706,0.8048780487804879,0.9183673469387755,0.7333333333333333,0.8436154949784792,"[0.7333333333333333, 0.9183673469387755]","[0.8048780487804879, 0.8823529411764706]","[0.7674418604651163, 0.9]","[0.8048780487804879, 0.8823529411764706]"
Naive Bayes,1,1,0.8401870389884089,0.8688946015424165,0.8703663084009651,0.6264160902518746,0.6222627737226277,0.8855721393034826,0.8106021616057643,0.8402777777777778,0.9175257731958762,0.6808510638297872,0.8557692307692307,0.8,0.7991884185128317,"[0.8, 0.8557692307692307]","[0.6808510638297872, 0.9175257731958762]","[0.735632183908046, 0.8855721393034826]","[0.6808510638297872, 0.9175257731958762]"
Naive Bayes,2,1,0.8540860735009672,0.8787878787878788,0.8660750713994289,0.6332041211860469,0.6207701283547258,0.8648648648648649,0.8086700561948087,0.8251748251748252,0.9302325581395349,0.6666666666666666,0.8080808080808081,0.8636363636363636,0.7984496124031008,"[0.8636363636363636, 0.8080808080808081]","[0.6666666666666666, 0.9302325581395349]","[0.7524752475247525, 0.8648648648648649]","[0.6666666666666666, 0.9302325581395349]"
Naive Bayes,3,1,0.8601470588235295,0.8838383838383839,0.7991735537190082,0.550392748371996,0.5278450363196125,0.845360824742268,0.7596369341102645,0.7902097902097902,0.9318181818181818,0.5636363636363636,0.7735849056603774,0.8378378378378378,0.7477272727272727,"[0.8378378378378378, 0.7735849056603774]","[0.5636363636363636, 0.9318181818181818]","[0.6739130434782609, 0.845360824742268]","[0.5636363636363636, 0.9318181818181818]"
Naive Bayes,4,1,0.849553987485022,0.8795944233206591,0.8623536789297659,0.5829014895466441,0.5740578439964943,0.8615384615384616,0.7856079404466502,0.8125,0.9130434782608695,0.6346153846153846,0.8155339805825242,0.8048780487804879,0.7738294314381271,"[0.8048780487804879, 0.8155339805825242]","[0.6346153846153846, 0.9130434782608695]","[0.7096774193548387, 0.8615384615384616]","[0.6346153846153846, 0.9130434782608695]"
Naive Bayes,5,1,0.8465329729870875,0.8641025641025641,0.8790174471992654,0.6788442333021306,0.6602475928473177,0.909952606635071,0.8283096366508689,0.8671328671328671,0.9696969696969697,0.6363636363636364,0.8571428571428571,0.9032258064516129,0.803030303030303,"[0.9032258064516129, 0.8571428571428571]","[0.6363636363636364, 0.9696969696969697]","[0.7466666666666667, 0.909952606635071]","[0.6363636363636364, 0.9696969696969697]"
Naive Bayes,6,2,0.841585674344295,0.8676844783715013,0.8555602006688963,0.6805067368823484,0.6657824933687002,0.8934010152284264,0.8313158922295978,0.8541666666666666,0.9565217391304348,0.6730769230769231,0.8380952380952381,0.8974358974358975,0.814799331103679,"[0.8974358974358975, 0.8380952380952381]","[0.6730769230769231, 0.9565217391304348]","[0.7692307692307693, 0.8934010152284264]","[0.6730769230769231, 0.9565217391304348]"
Naive Bayes,7,2,0.8354787714543813,0.8675914249684742,0.9226228125658866,0.7249655124664182,0.7114228456913827,0.9090909090909091,0.8545454545454545,0.875,0.967741935483871,0.7058823529411765,0.8571428571428571,0.9230769230769231,0.8368121442125238,"[0.9230769230769231, 0.8571428571428571]","[0.7058823529411765, 0.967741935483871]","[0.8, 0.9090909090909091]","[0.7058823529411765, 0.967741935483871]"
Naive Bayes,8,2,0.8806314978821717,0.8946015424164524,0.7404902789518174,0.3886696337125573,0.3827338129496404,0.7979274611398963,0.6892863112151095,0.7272727272727273,0.8461538461538461,0.5192307692307693,0.7549019607843137,0.6585365853658537,0.6826923076923077,"[0.6585365853658537, 0.7549019607843137]","[0.5192307692307693, 0.8461538461538461]","[0.5806451612903226, 0.7979274611398963]","[0.5192307692307693, 0.8461538461538461]"
Naive Bayes,9,2,0.8447327199252326,0.8702290076335878,0.8752192982456141,0.6454189446601155,0.6323048153342683,0.8910891089108911,0.8145921735030646,0.8461538461538461,0.9473684210526315,0.6458333333333334,0.8411214953271028,0.8611111111111112,0.7966008771929824,"[0.8611111111111112, 0.8411214953271028]","[0.6458333333333334, 0.9473684210526315]","[0.7380952380952381, 0.8910891089108911]","[0.6458333333333334, 0.9473684210526315]"
Naive Bayes,10,2,0.8487445726501401,0.8737373737373737,0.8504860524091293,0.6312726760681983,0.6151603498542274,0.8775510204081632,0.8054421768707483,0.8321678321678322,0.945054945054945,0.6346153846153846,0.819047619047619,0.868421052631579,0.7898351648351648,"[0.868421052631579, 0.819047619047619]","[0.6346153846153846, 0.945054945054945]","[0.7333333333333333, 0.8775510204081632]","[0.6346153846153846, 0.945054945054945]"
Naive Bayes,11,3,0.8409814215379594,0.8767123287671232,0.8682599249456844,0.6459432958531528,0.6341463414634145,0.8603351955307262,0.8154886986827943,0.8263888888888888,0.927710843373494,0.6885245901639344,0.8020833333333334,0.875,0.8081177167687141,"[0.875, 0.8020833333333334]","[0.6885245901639344, 0.927710843373494]","[0.7706422018348624, 0.8603351955307262]","[0.6885245901639344, 0.927710843373494]"
Naive Bayes,12,3,0.8536469470182941,0.8766066838046273,0.8255208333333334,0.5489411402772777,0.5058823529411764,0.8691588785046729,0.7453902500631473,0.8055555555555556,0.96875,0.4791666666666667,0.788135593220339,0.8846153846153846,0.7239583333333334,"[0.8846153846153846, 0.788135593220339]","[0.4791666666666667, 0.96875]","[0.6216216216216216, 0.8691588785046729]","[0.4791666666666667, 0.96875]"
Naive Bayes,13,3,0.85648612283664,0.8759493670886076,0.8168693009118542,0.6005195698194662,0.594072896559555,0.8730964467005076,0.7960987851480066,0.8251748251748252,0.9148936170212766,0.6530612244897959,0.8349514563106796,0.8,0.7839774207555362,"[0.8, 0.8349514563106796]","[0.6530612244897959, 0.9148936170212766]","[0.7191011235955056, 0.8730964467005076]","[0.6530612244897959, 0.9148936170212766]"
Naive Bayes,14,3,0.845191354352568,0.8742058449809402,0.8844086021505376,0.638330477195822,0.6237272623269648,0.8844221105527639,0.8100271472304049,0.8391608391608392,0.946236559139785,0.64,0.8301886792452831,0.8648648648648649,0.7931182795698926,"[0.8648648648648649, 0.8301886792452831]","[0.64, 0.946236559139785]","[0.735632183908046, 0.8844221105527639]","[0.64, 0.946236559139785]"
Naive Bayes,15,3,0.8544622215216479,0.8769230769230769,0.8652482269503547,0.6125240875881038,0.6112369732668781,0.8775510204081632,0.8054421768707483,0.8321678321678322,0.8958333333333334,0.7021276595744681,0.86,0.7674418604651163,0.7989804964539007,"[0.7674418604651163, 0.86]","[0.7021276595744681, 0.8958333333333334]","[0.7333333333333333, 0.8775510204081632]","[0.7021276595744681, 0.8958333333333334]"
Naive Bayes,16,4,0.8490110982721092,0.8701134930643127,0.8561282467532467,0.7050950935222078,0.7,0.8913043478260869,0.8494983277591973,0.8611111111111112,0.9318181818181818,0.75,0.8541666666666666,0.875,0.8409090909090908,"[0.875, 0.8541666666666666]","[0.75, 0.9318181818181818]","[0.8076923076923077, 0.8913043478260869]","[0.75, 0.9318181818181818]"
Naive Bayes,17,4,0.8373588000317451,0.8661616161616161,0.9166487647690655,0.7181595353586775,0.7040420187257365,0.9108910891089109,0.8507943817637578,0.875,0.968421052631579,0.6938775510204082,0.8598130841121495,0.918918918918919,0.8311493018259936,"[0.918918918918919, 0.8598130841121495]","[0.6938775510204082, 0.968421052631579]","[0.7906976744186046, 0.9108910891089109]","[0.6938775510204082, 0.968421052631579]"
Naive Bayes,18,4,0.8579926440322387,0.8807106598984772,0.8355874894336432,0.5983627261309936,0.5830903790087463,0.8673469387755102,0.7892290249433107,0.8181818181818182,0.9340659340659341,0.6153846153846154,0.8095238095238095,0.8421052631578947,0.7747252747252747,"[0.8421052631578947, 0.8095238095238095]","[0.6153846153846154, 0.9340659340659341]","[0.7111111111111111, 0.8673469387755102]","[0.6153846153846154, 0.9340659340659341]"
Naive Bayes,19,4,0.8640888360103113,0.8897338403041825,0.7946236559139785,0.4608992847132292,0.4571237159446181,0.8247422680412371,0.7275885253249663,0.7622377622377622,0.8602150537634409,0.58,0.7920792079207921,0.6904761904761905,0.7201075268817204,"[0.6904761904761905, 0.7920792079207921]","[0.58, 0.8602150537634409]","[0.6304347826086957, 0.8247422680412371]","[0.58, 0.8602150537634409]"
Naive Bayes,20,4,0.8529202701101766,0.8724489795918368,0.8292763157894737,0.6358976850797381,0.6002187917831531,0.8899521531100478,0.7956254272043746,0.8391608391608392,0.9789473684210527,0.5625,0.8157894736842105,0.9310344827586207,0.7707236842105263,"[0.9310344827586207, 0.8157894736842105]","[0.5625, 0.9789473684210527]","[0.7012987012987013, 0.8899521531100478]","[0.5625, 0.9789473684210527]"
Naive Bayes,21,5,0.8372888502026494,0.8688118811881188,0.9129962472842189,0.7611104232952197,0.7336073997944501,0.9021739130434783,0.8645484949832776,0.875,1.0,0.7049180327868853,0.8217821782178217,1.0,0.8524590163934427,"[1.0, 0.8217821782178217]","[0.7049180327868853, 1.0]","[0.8269230769230769, 0.9021739130434783]","[0.7049180327868853, 1.0]"
Naive Bayes,22,5,0.8554004172684961,0.8821292775665399,0.8465020576131688,0.5781515884776753,0.5757575757575757,0.8494623655913979,0.7874762808349146,0.8055555555555556,0.8777777777777778,0.6851851851851852,0.8229166666666666,0.7708333333333334,0.7814814814814814,"[0.7708333333333334, 0.8229166666666666]","[0.6851851851851852, 0.8777777777777778]","[0.7254901960784313, 0.8494623655913979]","[0.6851851851851852, 0.8777777777777778]"
Naive Bayes,23,5,0.8549318641541573,0.8784810126582279,0.8493710691823899,0.604586866910474,0.5844881537773804,0.8673469387755102,0.7892290249433107,0.8181818181818182,0.9444444444444444,0.6037735849056604,0.8018867924528302,0.8648648648648649,0.7741090146750524,"[0.8648648648648649, 0.8018867924528302]","[0.6037735849056604, 0.9444444444444444]","[0.7111111111111111, 0.8673469387755102]","[0.6037735849056604, 0.9444444444444444]"
Naive Bayes,24,5,0.8577763905687124,0.8745148771021992,0.7811173974540311,0.5457290050434498,0.5426814268142681,0.875,0.7708333333333333,0.8181818181818182,0.900990099009901,0.6190476190476191,0.8504672897196262,0.7222222222222222,0.76001885902876,"[0.7222222222222222, 0.8504672897196262]","[0.6190476190476191, 0.900990099009901]","[0.6666666666666666, 0.875]","[0.6190476190476191, 0.900990099009901]"
Naive Bayes,25,5,0.8520408163265306,0.8791773778920309,0.8328798185941043,0.5394387074720529,0.5251506579756489,0.8708133971291866,0.7600820232399179,0.8111888111888111,0.9285714285714286,0.5555555555555556,0.8198198198198198,0.78125,0.7420634920634921,"[0.78125, 0.8198198198198198]","[0.5555555555555556, 0.9285714285714286]","[0.6493506493506493, 0.8708133971291866]","[0.5555555555555556, 0.9285714285714286]"
Naive Bayes,26,6,0.842253425586759,0.8703241895261845,0.872718253968254,0.6994944540094827,0.6934306569343065,0.8813559322033898,0.8460833715071003,0.8541666666666666,0.9285714285714286,0.75,0.8387096774193549,0.8823529411764706,0.8392857142857143,"[0.8823529411764706, 0.8387096774193549]","[0.75, 0.9285714285714286]","[0.8108108108108109, 0.8813559322033898]","[0.75, 0.9285714285714286]"
Naive Bayes,27,6,0.8657916850066024,0.8815286624203822,0.7824594257178527,0.5244201964731258,0.474143874971271,0.8431372549019608,0.7264466762314682,0.7762237762237763,0.9662921348314607,0.46296296296296297,0.7478260869565218,0.8928571428571429,0.7146275488972118,"[0.8928571428571429, 0.7478260869565218]","[0.46296296296296297, 0.9662921348314607]","[0.6097560975609756, 0.8431372549019608]","[0.46296296296296297, 0.9662921348314607]"
Naive Bayes,28,6,0.8501059883412825,0.8827238335435057,0.8338661551577152,0.526836241459293,0.5130533484676505,0.8484848484848485,0.7537878787878788,0.7902097902097902,0.9130434782608695,0.5686274509803921,0.7924528301886793,0.7837837837837838,0.7408354646206308,"[0.7837837837837838, 0.7924528301886793]","[0.5686274509803921, 0.9130434782608695]","[0.6590909090909091, 0.8484848484848485]","[0.5686274509803921, 0.9130434782608695]"
Naive Bayes,29,6,0.8508936848014832,0.87001287001287,0.8770661157024794,0.6494672797679953,0.6486486486486487,0.8955223880597015,0.8242317822651448,0.8531468531468531,0.9090909090909091,0.7272727272727273,0.8823529411764706,0.7804878048780488,0.8181818181818181,"[0.7804878048780488, 0.8823529411764706]","[0.7272727272727273, 0.9090909090909091]","[0.7529411764705882, 0.8955223880597015]","[0.7272727272727273, 0.9090909090909091]"
Naive Bayes,30,6,0.8461144119038856,0.8698979591836735,0.8858695652173914,0.6724387801454332,0.6691176470588236,0.900990099009901,0.8342159797375086,0.8611111111111112,0.9285714285714286,0.717391304347826,0.875,0.825,0.8229813664596273,"[0.825, 0.875]","[0.717391304347826, 0.9285714285714286]","[0.7674418604651163, 0.900990099009901]","[0.717391304347826, 0.9285714285714286]"
Naive Bayes,31,7,0.8439354881353691,0.8683544303797468,0.8902150537634408,0.7081704831723897,0.6860774119006354,0.9054726368159204,0.8409716125256073,0.8671328671328671,0.978494623655914,0.66,0.8425925925925926,0.9428571428571428,0.8192473118279571,"[0.9428571428571428, 0.8425925925925926]","[0.66, 0.978494623655914]","[0.7764705882352941, 0.9054726368159204]","[0.66, 0.978494623655914]"
Naive Bayes,32,7,0.852823680191972,0.8802992518703242,0.8693452380952381,0.6596898488297588,0.6335963923337091,0.8603351955307262,0.813345167858821,0.8251748251748252,0.9625,0.6507936507936508,0.7777777777777778,0.9318181818181818,0.8066468253968254,"[0.9318181818181818, 0.7777777777777778]","[0.6507936507936508, 0.9625]","[0.7663551401869159, 0.8603351955307262]","[0.6507936507936508, 0.9625]"
Naive Bayes,33,7,0.8527164013621604,0.8801020408163265,0.8413628472222223,0.5658193625443312,0.5621621621621622,0.864321608040201,0.7804754107616736,0.8125,0.8958333333333334,0.6458333333333334,0.8349514563106796,0.7560975609756098,0.7708333333333334,"[0.7560975609756098, 0.8349514563106796]","[0.6458333333333334, 0.8958333333333334]","[0.6966292134831461, 0.864321608040201]","[0.6458333333333334, 0.8958333333333334]"
Naive Bayes,34,7,0.8446674537583628,0.8695652173913043,0.88675645342312,0.6487491201346025,0.641025641025641,0.8985507246376812,0.8196457326892109,0.8541666666666666,0.9393939393939394,0.6666666666666666,0.8611111111111112,0.8333333333333334,0.803030303030303,"[0.8333333333333334, 0.8611111111111112]","[0.6666666666666666, 0.9393939393939394]","[0.7407407407407407, 0.8985507246376812]","[0.6666666666666666, 0.9393939393939394]"
Naive Bayes,35,7,0.8612679400590967,0.8834827144686299,0.7681285280069474,0.45455759539105967,0.45074559421599647,0.826530612244898,0.72437641723356,0.7622377622377622,0.8617021276595744,0.5714285714285714,0.7941176470588235,0.6829268292682927,0.7165653495440729,"[0.6829268292682927, 0.7941176470588235]","[0.5714285714285714, 0.8617021276595744]","[0.6222222222222222, 0.826530612244898]","[0.5714285714285714, 0.8617021276595744]"
Naive Bayes,36,8,0.8387324322145486,0.8707653701380176,0.9106128246753247,0.7060834211180397,0.6979865771812082,0.8924731182795699,0.8481973434535104,0.8611111111111112,0.9431818181818182,0.7321428571428571,0.8469387755102041,0.8913043478260869,0.8376623376623377,"[0.8913043478260869, 0.8469387755102041]","[0.7321428571428571, 0.9431818181818182]","[0.803921568627451, 0.8924731182795699]","[0.7321428571428571, 0.9431818181818182]"
Naive Bayes,37,8,0.8509163564418296,0.8715953307392996,0.8626568789959744,0.6055344822738298,0.5951955021722464,0.8981481481481481,0.7962962962962963,0.8472222222222222,0.941747572815534,0.6097560975609756,0.8584070796460177,0.8064516129032258,0.7757518351882549,"[0.8064516129032258, 0.8584070796460177]","[0.6097560975609756, 0.941747572815534]","[0.6944444444444444, 0.8981481481481481]","[0.6097560975609756, 0.941747572815534]"
Naive Bayes,38,8,0.8661902480570638,0.8897338403041825,0.7623689727463312,0.47770951684377405,0.47403721332756377,0.8191489361702128,0.7361050803300043,0.7622377622377622,0.8555555555555555,0.6037735849056604,0.7857142857142857,0.7111111111111111,0.7296645702306079,"[0.7111111111111111, 0.7857142857142857]","[0.6037735849056604, 0.8555555555555555]","[0.6530612244897959, 0.8191489361702128]","[0.6037735849056604, 0.8555555555555555]"
Naive Bayes,39,8,0.8536831550802139,0.8787878787878788,0.8460743801652892,0.6160359201961791,0.5907990314769975,0.865979381443299,0.7916853428955626,0.8181818181818182,0.9545454545454546,0.6,0.7924528301886793,0.8918918918918919,0.7772727272727273,"[0.8918918918918919, 0.7924528301886793]","[0.6, 0.9545454545454546]","[0.717391304347826, 0.865979381443299]","[0.6, 0.9545454545454546]"
Naive Bayes,40,8,0.8498314495340076,0.8719898605830165,0.8462365591397849,0.6399533197546385,0.6199884459849798,0.8855721393034826,0.8074919520046824,0.8391608391608392,0.956989247311828,0.62,0.8240740740740741,0.8857142857142857,0.788494623655914,"[0.8857142857142857, 0.8240740740740741]","[0.62, 0.956989247311828]","[0.7294117647058823, 0.8855721393034826]","[0.62, 0.956989247311828]"
Naive Bayes,41,9,0.8385634402875782,0.8676844783715013,0.894126254180602,0.6790134908764724,0.6687116564417177,0.8923076923076924,0.8332506203473946,0.8541666666666666,0.9456521739130435,0.6923076923076923,0.8446601941747572,0.8780487804878049,0.8189799331103679,"[0.8780487804878049, 0.8446601941747572]","[0.6923076923076923, 0.9456521739130435]","[0.7741935483870968, 0.8923076923076924]","[0.6923076923076923, 0.9456521739130435]"
Naive Bayes,42,9,0.8491109789146671,0.8691232528589581,0.8698924731182796,0.6928029013565192,0.6679052484904784,0.900990099009901,0.8314474304573314,0.8601398601398601,0.978494623655914,0.64,0.8348623853211009,0.9411764705882353,0.8092473118279571,"[0.9411764705882353, 0.8348623853211009]","[0.64, 0.978494623655914]","[0.7619047619047619, 0.900990099009901]","[0.64, 0.978494623655914]"
Naive Bayes,43,9,0.8643409297598033,0.8818297331639136,0.7982510288065844,0.5621887967213922,0.541501976284585,0.8527918781725888,0.7670552797456351,0.7986111111111112,0.9333333333333333,0.5740740740740741,0.7850467289719626,0.8378378378378378,0.7537037037037038,"[0.8378378378378378, 0.7850467289719626]","[0.5740740740740741, 0.9333333333333333]","[0.6813186813186813, 0.8527918781725888]","[0.5740740740740741, 0.9333333333333333]"
Naive Bayes,44,9,0.8602083998722453,0.8874841972187105,0.8041928721174004,0.4906341930242344,0.48330231030329573,0.8272251308900523,0.7399283549187103,0.7692307692307693,0.8777777777777778,0.5849056603773585,0.7821782178217822,0.7380952380952381,0.7313417190775682,"[0.7380952380952381, 0.7821782178217822]","[0.5849056603773585, 0.8777777777777778]","[0.6526315789473685, 0.8272251308900523]","[0.5849056603773585, 0.8777777777777778]"
Naive Bayes,45,9,0.8453693386642198,0.8713375796178344,0.8844688480502017,0.6353424134450366,0.626099358212503,0.8921568627450981,0.8119320899091345,0.8461538461538461,0.9381443298969072,0.6521739130434783,0.8504672897196262,0.8333333333333334,0.7951591214701927,"[0.8333333333333334, 0.8504672897196262]","[0.6521739130434783, 0.9381443298969072]","[0.7317073170731707, 0.8921568627450981]","[0.6521739130434783, 0.9381443298969072]"
Naive Bayes,46,10,0.8507465709039853,0.8725,0.869887730553328,0.6879219492033994,0.6675062972292192,0.8829787234042553,0.8314893617021277,0.8472222222222222,0.9651162790697675,0.6724137931034483,0.8137254901960784,0.9285714285714286,0.8187650360866079,"[0.9285714285714286, 0.8137254901960784]","[0.6724137931034483, 0.9651162790697675]","[0.78, 0.8829787234042553]","[0.6724137931034483, 0.9651162790697675]"
Naive Bayes,47,10,0.853574757023033,0.8753180661577609,0.8208612040133779,0.6263287779419869,0.5875343721356554,0.8780487804878049,0.7884219806053483,0.8263888888888888,0.9782608695652174,0.5576923076923077,0.7964601769911505,0.9354838709677419,0.7679765886287626,"[0.9354838709677419, 0.7964601769911505]","[0.5576923076923077, 0.9782608695652174]","[0.6987951807228916, 0.8780487804878049]","[0.5576923076923077, 0.9782608695652174]"
Naive Bayes,48,10,0.8556240597464002,0.8816120906801007,0.806609547123623,0.5425382825891997,0.5410497981157469,0.8248587570621468,0.7702275436686881,0.7832167832167832,0.8488372093023255,0.6842105263157895,0.8021978021978022,0.75,0.7665238678090576,"[0.75, 0.8021978021978022]","[0.6842105263157895, 0.8488372093023255]","[0.7155963302752294, 0.8248587570621468]","[0.6842105263157895, 0.8488372093023255]"
Naive Bayes,49,10,0.8474214480874316,0.8735632183908046,0.8711214539007092,0.6231770657946306,0.6123747790218032,0.8866995073891626,0.8047955368271114,0.8391608391608392,0.9375,0.6382978723404256,0.8411214953271028,0.8333333333333334,0.7878989361702128,"[0.8333333333333334, 0.8411214953271028]","[0.6382978723404256, 0.9375]","[0.7228915662650602, 0.8866995073891626]","[0.6382978723404256, 0.9375]"
Naive Bayes,50,10,0.8485721703011423,0.8737113402061856,0.8582018173122907,0.5500565849148228,0.5425463851567498,0.8826291079812206,0.7700816772782815,0.8251748251748252,0.9215686274509803,0.5853658536585366,0.8468468468468469,0.75,0.7534672405547584,"[0.75, 0.8468468468468469]","[0.5853658536585366, 0.9215686274509803]","[0.6575342465753424, 0.8826291079812206]","[0.5853658536585366, 0.9215686274509803]"
Random Forest,1,1,0.9999999999999999,1.0,0.8982232945821452,0.6110144444996227,0.6080743932864595,0.88,0.8036363636363637,0.8333333333333334,0.9072164948453608,0.6808510638297872,0.8543689320388349,0.7804878048780488,0.794033779337574,"[0.7804878048780488, 0.8543689320388349]","[0.6808510638297872, 0.9072164948453608]","[0.7272727272727273, 0.88]","[0.6808510638297872, 0.9072164948453608]"
Random Forest,2,1,1.0,1.0,0.9019787841697265,0.6011305044085533,0.5978543901676908,0.8491620111731844,0.7984127812875268,0.8111888111888111,0.8837209302325582,0.7017543859649122,0.8172043010752689,0.8,0.7927376580987352,"[0.8, 0.8172043010752689]","[0.7017543859649122, 0.8837209302325582]","[0.7476635514018691, 0.8491620111731844]","[0.7017543859649122, 0.8837209302325582]"
Random Forest,3,1,1.0,1.0,0.8661157024793389,0.5832143342840875,0.559322033898305,0.8556701030927835,0.7756611385029135,0.8041958041958042,0.9431818181818182,0.5818181818181818,0.7830188679245284,0.8648648648648649,0.7625,"[0.8648648648648649, 0.7830188679245284]","[0.5818181818181818, 0.9431818181818182]","[0.6956521739130435, 0.8556701030927835]","[0.5818181818181818, 0.9431818181818182]"
Random Forest,4,1,1.0,1.0,0.910953177257525,0.6635130366325309,0.6514084507042254,0.8877551020408163,0.8243123336291038,0.8472222222222222,0.9456521739130435,0.6730769230769231,0.8365384615384616,0.875,0.8093645484949833,"[0.875, 0.8365384615384616]","[0.6730769230769231, 0.9456521739130435]","[0.7608695652173914, 0.8877551020408163]","[0.6730769230769231, 0.9456521739130435]"
Random Forest,5,1,1.0,1.0,0.9195362718089991,0.6622714345924466,0.6587926509186351,0.9019607843137255,0.8290291726446677,0.8601398601398601,0.9292929292929293,0.7045454545454546,0.8761904761904762,0.8157894736842105,0.8169191919191919,"[0.8157894736842105, 0.8761904761904762]","[0.7045454545454546, 0.9292929292929293]","[0.7560975609756098, 0.9019607843137255]","[0.7045454545454546, 0.9292929292929293]"
Random Forest,6,2,1.0,1.0,0.9129389632107023,0.6784257348102164,0.6744186046511628,0.8900523560209425,0.8367787553300589,0.8541666666666666,0.9239130434782609,0.7307692307692307,0.8585858585858586,0.8444444444444444,0.8273411371237458,"[0.8444444444444444, 0.8585858585858586]","[0.7307692307692307, 0.9239130434782609]","[0.7835051546391752, 0.8900523560209425]","[0.7307692307692307, 0.9239130434782609]"
Random Forest,7,2,1.0,1.0,0.9604680581910183,0.769462444245763,0.7671410090556274,0.9214659685863874,0.8834133966643277,0.8958333333333334,0.946236559139785,0.803921568627451,0.8979591836734694,0.8913043478260869,0.875079063883618,"[0.8913043478260869, 0.8979591836734694]","[0.803921568627451, 0.946236559139785]","[0.845360824742268, 0.9214659685863874]","[0.803921568627451, 0.946236559139785]"
Random Forest,8,2,1.0,1.0,0.8149830938292477,0.45104056142765325,0.44121915820029034,0.8205128205128205,0.717948717948718,0.7552447552447552,0.8791208791208791,0.5384615384615384,0.7692307692307693,0.717948717948718,0.7087912087912087,"[0.717948717948718, 0.7692307692307693]","[0.5384615384615384, 0.8791208791208791]","[0.6153846153846154, 0.8205128205128205]","[0.5384615384615384, 0.8791208791208791]"
Random Forest,9,2,1.0,1.0,0.8945175438596492,0.5597676581039042,0.5462451521917969,0.8669950738916257,0.7708469345361743,0.8111888111888111,0.9263157894736842,0.5833333333333334,0.8148148148148148,0.8,0.7548245614035087,"[0.8, 0.8148148148148148]","[0.5833333333333334, 0.9263157894736842]","[0.6746987951807228, 0.8669950738916257]","[0.5833333333333334, 0.9263157894736842]"
Random Forest,10,2,1.0,1.0,0.9010989010989011,0.6614378277661477,0.65625,0.8842105263157894,0.8275219298245614,0.8461538461538461,0.9230769230769231,0.7115384615384616,0.8484848484848485,0.8409090909090909,0.8173076923076923,"[0.8409090909090909, 0.8484848484848485]","[0.7115384615384616, 0.9230769230769231]","[0.7708333333333334, 0.8842105263157894]","[0.7115384615384616, 0.9230769230769231]"
Random Forest,11,3,1.0,1.0,0.914971360853249,0.662102014580565,0.647993481360766,0.8666666666666667,0.8222222222222222,0.8333333333333334,0.9397590361445783,0.6885245901639344,0.8041237113402062,0.8936170212765957,0.8141418131542564,"[0.8936170212765957, 0.8041237113402062]","[0.6885245901639344, 0.9397590361445783]","[0.7777777777777778, 0.8666666666666667]","[0.6885245901639344, 0.9397590361445783]"
Random Forest,12,3,1.0,1.0,0.8682725694444444,0.6804138174397717,0.6666666666666667,0.9019607843137255,0.8319327731092436,0.8611111111111112,0.9583333333333334,0.6666666666666666,0.8518518518518519,0.8888888888888888,0.8125,"[0.8888888888888888, 0.8518518518518519]","[0.6666666666666666, 0.9583333333333334]","[0.7619047619047619, 0.9019607843137255]","[0.6666666666666666, 0.9583333333333334]"
Random Forest,13,3,0.9999999999999999,1.0,0.9094659140251847,0.6336412875049982,0.6187550712878174,0.8855721393034826,0.8074919520046824,0.8391608391608392,0.9468085106382979,0.6326530612244898,0.8317757009345794,0.8611111111111112,0.7897307859313938,"[0.8611111111111112, 0.8317757009345794]","[0.6326530612244898, 0.9468085106382979]","[0.7294117647058823, 0.8855721393034826]","[0.6326530612244898, 0.9468085106382979]"
Random Forest,14,3,1.0,1.0,0.8983870967741935,0.6704569920170392,0.66629625513946,0.8911917098445595,0.8326926291158281,0.8531468531468531,0.9247311827956989,0.72,0.86,0.8372093023255814,0.8223655913978494,"[0.8372093023255814, 0.86]","[0.72, 0.9247311827956989]","[0.7741935483870968, 0.8911917098445595]","[0.72, 0.9247311827956989]"
Random Forest,15,3,0.9999999999999999,1.0,0.9032579787234042,0.6478791482074733,0.6475464933900963,0.8865979381443299,0.8237337516808606,0.8461538461538461,0.8958333333333334,0.7446808510638298,0.8775510204081632,0.7777777777777778,0.8202570921985816,"[0.7777777777777778, 0.8775510204081632]","[0.7446808510638298, 0.8958333333333334]","[0.7608695652173914, 0.8865979381443299]","[0.7446808510638298, 0.8958333333333334]"
Random Forest,16,4,1.0,1.0,0.8896103896103895,0.5865554168965924,0.5855263157894737,0.8444444444444444,0.7925925925925925,0.8055555555555556,0.8636363636363636,0.7142857142857143,0.8260869565217391,0.7692307692307693,0.788961038961039,"[0.7692307692307693, 0.8260869565217391]","[0.7142857142857143, 0.8636363636363636]","[0.7407407407407407, 0.8444444444444444]","[0.7142857142857143, 0.8636363636363636]"
Random Forest,17,4,1.0,1.0,0.9370569280343715,0.8124467671099741,0.8087226034978968,0.9387755102040817,0.904170363797693,0.9166666666666666,0.968421052631579,0.8163265306122449,0.9108910891089109,0.9302325581395349,0.8923737916219119,"[0.9302325581395349, 0.9108910891089109]","[0.8163265306122449, 0.968421052631579]","[0.8695652173913043, 0.9387755102040817]","[0.8163265306122449, 0.968421052631579]"
Random Forest,18,4,1.0,1.0,0.8851437024513947,0.5821543218812772,0.5763195435092725,0.8586387434554974,0.787214108569854,0.8111888111888111,0.9010989010989011,0.6538461538461539,0.82,0.7906976744186046,0.7774725274725275,"[0.7906976744186046, 0.82]","[0.6538461538461539, 0.9010989010989011]","[0.7157894736842105, 0.8586387434554974]","[0.6538461538461539, 0.9010989010989011]"
Random Forest,19,4,1.0,1.0,0.8626881720430107,0.5252945926897722,0.5209915140687806,0.845360824742268,0.7596369341102645,0.7902097902097902,0.8817204301075269,0.62,0.8118811881188119,0.7380952380952381,0.7508602150537634,"[0.7380952380952381, 0.8118811881188119]","[0.62, 0.8817204301075269]","[0.6739130434782609, 0.845360824742268]","[0.62, 0.8817204301075269]"
Random Forest,20,4,1.0,1.0,0.9146929824561403,0.6299598520577946,0.6091503267973856,0.8878048780487805,0.8019271303824149,0.8391608391608392,0.9578947368421052,0.6041666666666666,0.8272727272727273,0.8787878787878788,0.7810307017543859,"[0.8787878787878788, 0.8272727272727273]","[0.6041666666666666, 0.9578947368421052]","[0.7160493827160493, 0.8878048780487805]","[0.6041666666666666, 0.9578947368421052]"
Random Forest,21,5,1.0,1.0,0.9368951214694846,0.7651943658568119,0.751219512195122,0.9050279329608939,0.8745323151043002,0.8819444444444444,0.9759036144578314,0.7540983606557377,0.84375,0.9583333333333334,0.8650009875567846,"[0.9583333333333334, 0.84375]","[0.7540983606557377, 0.9759036144578314]","[0.8440366972477065, 0.9050279329608939]","[0.7540983606557377, 0.9759036144578314]"
Random Forest,22,5,1.0,1.0,0.8960905349794237,0.6703867836676913,0.6691729323308271,0.8804347826086957,0.8344481605351171,0.8472222222222222,0.9,0.7592592592592593,0.8617021276595744,0.82,0.8296296296296297,"[0.82, 0.8617021276595744]","[0.7592592592592593, 0.9]","[0.7884615384615384, 0.8804347826086957]","[0.7592592592592593, 0.9]"
Random Forest,23,5,1.0,1.0,0.8905660377358491,0.6200427475846754,0.6021146355036171,0.8717948717948718,0.7985347985347986,0.8251748251748252,0.9444444444444444,0.6226415094339622,0.8095238095238095,0.868421052631579,0.7835429769392033,"[0.868421052631579, 0.8095238095238095]","[0.6226415094339622, 0.9444444444444444]","[0.7252747252747253, 0.8717948717948718]","[0.6226415094339622, 0.9444444444444444]"
Random Forest,24,5,1.0,1.0,0.8470061291843471,0.533031602355885,0.5144946461217028,0.8796296296296297,0.7541005291005292,0.8181818181818182,0.9405940594059405,0.5238095238095238,0.8260869565217391,0.7857142857142857,0.7322017916077321,"[0.7857142857142857, 0.8260869565217391]","[0.5238095238095238, 0.9405940594059405]","[0.6285714285714286, 0.8796296296296297]","[0.5238095238095238, 0.9405940594059405]"
Random Forest,25,5,1.0,1.0,0.8857142857142857,0.6473389222302126,0.6354255189996358,0.8985507246376812,0.8163639699137772,0.8531468531468531,0.9489795918367347,0.6444444444444445,0.8532110091743119,0.8529411764705882,0.7967120181405896,"[0.8529411764705882, 0.8532110091743119]","[0.6444444444444445, 0.9489795918367347]","[0.7341772151898734, 0.8985507246376812]","[0.6444444444444445, 0.9489795918367347]"
Random Forest,26,6,1.0,1.0,0.924702380952381,0.7135973749734787,0.7087378640776699,0.8863636363636364,0.8538961038961039,0.8611111111111112,0.9285714285714286,0.7666666666666667,0.8478260869565217,0.8846153846153846,0.8476190476190477,"[0.8846153846153846, 0.8478260869565217]","[0.7666666666666667, 0.9285714285714286]","[0.8214285714285714, 0.8863636363636364]","[0.7666666666666667, 0.9285714285714286]"
Random Forest,27,6,1.0,1.0,0.8390553474823137,0.5040070703566463,0.4598832551218953,0.8374384236453202,0.7199240310997685,0.7692307692307693,0.9550561797752809,0.46296296296296297,0.7456140350877193,0.8620689655172413,0.7090095713691219,"[0.8620689655172413, 0.7456140350877193]","[0.46296296296296297, 0.9550561797752809]","[0.6024096385542169, 0.8374384236453202]","[0.46296296296296297, 0.9550561797752809]"
Random Forest,28,6,1.0,1.0,0.9113384484228474,0.6427403120574641,0.6284035702180544,0.883248730964467,0.8124108823361661,0.8391608391608392,0.9456521739130435,0.6470588235294118,0.8285714285714286,0.868421052631579,0.7963554987212276,"[0.868421052631579, 0.8285714285714286]","[0.6470588235294118, 0.9456521739130435]","[0.7415730337078652, 0.883248730964467]","[0.6470588235294118, 0.9456521739130435]"
Random Forest,29,6,1.0,1.0,0.9109274563820019,0.6201608526859257,0.6200762388818297,0.8844221105527639,0.8100271472304049,0.8391608391608392,0.8888888888888888,0.7272727272727273,0.88,0.7441860465116279,0.8080808080808081,"[0.7441860465116279, 0.88]","[0.7272727272727273, 0.8888888888888888]","[0.735632183908046, 0.8844221105527639]","[0.7272727272727273, 0.8888888888888888]"
Random Forest,30,6,1.0,1.0,0.9003992901508429,0.6391863129953843,0.6360294117647058,0.8910891089108911,0.8176375777112594,0.8472222222222222,0.9183673469387755,0.6956521739130435,0.8653846153846154,0.8,0.8070097604259094,"[0.8, 0.8653846153846154]","[0.6956521739130435, 0.9183673469387755]","[0.7441860465116279, 0.8910891089108911]","[0.6956521739130435, 0.9183673469387755]"
Random Forest,31,7,1.0,1.0,0.9196774193548388,0.7192164949688988,0.7098083427282976,0.9081632653061225,0.8540816326530613,0.8741258741258742,0.956989247311828,0.72,0.8640776699029126,0.9,0.838494623655914,"[0.9, 0.8640776699029126]","[0.72, 0.956989247311828]","[0.8, 0.9081632653061225]","[0.72, 0.956989247311828]"
Random Forest,32,7,1.0,1.0,0.8965277777777778,0.6385390815666205,0.6209216965742251,0.8522727272727273,0.8079545454545455,0.8181818181818182,0.9375,0.6666666666666666,0.78125,0.8936170212765957,0.8020833333333333,"[0.8936170212765957, 0.78125]","[0.6666666666666666, 0.9375]","[0.7636363636363637, 0.8522727272727273]","[0.6666666666666666, 0.9375]"
Random Forest,33,7,1.0,1.0,0.8914930555555556,0.6157935373745561,0.6129032258064516,0.8787878787878788,0.806060606060606,0.8333333333333334,0.90625,0.6875,0.8529411764705882,0.7857142857142857,0.796875,"[0.7857142857142857, 0.8529411764705882]","[0.6875, 0.90625]","[0.7333333333333333, 0.8787878787878788]","[0.6875, 0.90625]"
Random Forest,34,7,1.0,1.0,0.9163860830527499,0.6702095884982661,0.6687370600414079,0.900990099009901,0.8342159797375086,0.8611111111111112,0.9191919191919192,0.7333333333333333,0.883495145631068,0.8048780487804879,0.8262626262626263,"[0.8048780487804879, 0.883495145631068]","[0.7333333333333333, 0.9191919191919192]","[0.7674418604651163, 0.900990099009901]","[0.7333333333333333, 0.9191919191919192]"
Random Forest,35,7,1.0,1.0,0.8538862353452019,0.5578070665497802,0.5566873339238264,0.8541666666666666,0.7781471631205674,0.8041958041958042,0.8723404255319149,0.673469387755102,0.8367346938775511,0.7333333333333333,0.7729049066435085,"[0.7333333333333333, 0.8367346938775511]","[0.673469387755102, 0.8723404255319149]","[0.7021276595744681, 0.8541666666666666]","[0.673469387755102, 0.8723404255319149]"
Random Forest,36,8,1.0,1.0,0.939935064935065,0.7529556087581329,0.7424242424242424,0.9090909090909091,0.8703870387038704,0.8819444444444444,0.9659090909090909,0.75,0.8585858585858586,0.9333333333333333,0.8579545454545454,"[0.9333333333333333, 0.8585858585858586]","[0.75, 0.9659090909090909]","[0.8316831683168316, 0.9090909090909091]","[0.75, 0.9659090909090909]"
Random Forest,37,8,1.0,1.0,0.9097797774094245,0.5798668243742616,0.5784337643327642,0.8857142857142857,0.789010989010989,0.8333333333333334,0.9029126213592233,0.6585365853658537,0.8691588785046729,0.7297297297297297,0.7807246033625386,"[0.7297297297297297, 0.8691588785046729]","[0.6585365853658537, 0.9029126213592233]","[0.6923076923076923, 0.8857142857142857]","[0.6585365853658537, 0.9029126213592233]"
Random Forest,38,8,1.0,1.0,0.8501048218029349,0.5110787441728432,0.5089074908778708,0.8279569892473119,0.753978494623656,0.7762237762237763,0.8555555555555555,0.6415094339622641,0.8020833333333334,0.723404255319149,0.7485324947589098,"[0.723404255319149, 0.8020833333333334]","[0.6415094339622641, 0.8555555555555555]","[0.68, 0.8279569892473119]","[0.6415094339622641, 0.8555555555555555]"
Random Forest,39,8,1.0,1.0,0.8916322314049586,0.6748186429410736,0.6587112171837709,0.8842105263157894,0.8275219298245614,0.8461538461538461,0.9545454545454546,0.6727272727272727,0.8235294117647058,0.9024390243902439,0.8136363636363637,"[0.9024390243902439, 0.8235294117647058]","[0.6727272727272727, 0.9545454545454546]","[0.7708333333333334, 0.8842105263157894]","[0.6727272727272727, 0.9545454545454546]"
Random Forest,40,8,1.0,1.0,0.9027956989247312,0.638330477195822,0.6237272623269648,0.8844221105527639,0.8100271472304049,0.8391608391608392,0.946236559139785,0.64,0.8301886792452831,0.8648648648648649,0.7931182795698926,"[0.8648648648648649, 0.8301886792452831]","[0.64, 0.946236559139785]","[0.735632183908046, 0.8844221105527639]","[0.64, 0.946236559139785]"
Random Forest,41,9,1.0,1.0,0.8946488294314382,0.6012123244801396,0.5986277873070325,0.8631578947368421,0.7989258861439312,0.8194444444444444,0.8913043478260869,0.6923076923076923,0.8367346938775511,0.782608695652174,0.7918060200668896,"[0.782608695652174, 0.8367346938775511]","[0.6923076923076923, 0.8913043478260869]","[0.7346938775510204, 0.8631578947368421]","[0.6923076923076923, 0.8913043478260869]"
Random Forest,42,9,1.0,1.0,0.9252688172043011,0.736381738309777,0.7245949926362298,0.9137055837563451,0.8613471739006444,0.8811188811188811,0.967741935483871,0.72,0.8653846153846154,0.9230769230769231,0.8438709677419355,"[0.9230769230769231, 0.8653846153846154]","[0.72, 0.967741935483871]","[0.8089887640449438, 0.9137055837563451]","[0.72, 0.967741935483871]"
Random Forest,43,9,0.9999999999999999,1.0,0.865843621399177,0.5764613536983136,0.5625,0.8556701030927835,0.7788988813336257,0.8055555555555556,0.9222222222222223,0.6111111111111112,0.7980769230769231,0.825,0.7666666666666667,"[0.825, 0.7980769230769231]","[0.6111111111111112, 0.9222222222222223]","[0.7021276595744681, 0.8556701030927835]","[0.6111111111111112, 0.9222222222222223]"
Random Forest,44,9,1.0,1.0,0.8640461215932915,0.5542143376571891,0.5459323332968357,0.8481675392670157,0.7714521906861395,0.7972027972027972,0.9,0.6226415094339622,0.801980198019802,0.7857142857142857,0.7613207547169811,"[0.7857142857142857, 0.801980198019802]","[0.6226415094339622, 0.9]","[0.6947368421052632, 0.8481675392670157]","[0.6226415094339622, 0.9]"
Random Forest,45,9,1.0,1.0,0.938032272523532,0.7392067518059946,0.7376146788990825,0.9191919191919192,0.8686868686868687,0.8881118881118881,0.9381443298969072,0.782608695652174,0.900990099009901,0.8571428571428571,0.8603765127745406,"[0.8571428571428571, 0.900990099009901]","[0.782608695652174, 0.9381443298969072]","[0.8181818181818182, 0.9191919191919192]","[0.782608695652174, 0.9381443298969072]"
Random Forest,46,10,1.0,1.0,0.9245188452285485,0.6376786837169505,0.6254681647940075,0.8648648648648649,0.8110732091314616,0.8263888888888888,0.9302325581395349,0.6724137931034483,0.8080808080808081,0.8666666666666667,0.8013231756214916,"[0.8666666666666667, 0.8080808080808081]","[0.6724137931034483, 0.9302325581395349]","[0.7572815533980582, 0.8648648648648649]","[0.6724137931034483, 0.9302325581395349]"
Random Forest,47,10,1.0,1.0,0.905309364548495,0.6188973087401732,0.594959495949595,0.8756218905472637,0.7941327843540916,0.8263888888888888,0.9565217391304348,0.5961538461538461,0.8073394495412844,0.8857142857142857,0.7763377926421404,"[0.8857142857142857, 0.8073394495412844]","[0.5961538461538461, 0.9565217391304348]","[0.7126436781609196, 0.8756218905472637]","[0.5961538461538461, 0.9565217391304348]"
Random Forest,48,10,1.0,1.0,0.8637290901672786,0.5201404330699525,0.5200854266246313,0.8070175438596491,0.7600305110602593,0.7692307692307693,0.8023255813953488,0.7192982456140351,0.8117647058823529,0.7068965517241379,0.760811913504692,"[0.7068965517241379, 0.8117647058823529]","[0.7192982456140351, 0.8023255813953488]","[0.7130434782608696, 0.8070175438596491]","[0.7192982456140351, 0.8023255813953488]"
Random Forest,49,10,1.0,1.0,0.8877437943262412,0.6404116905208371,0.6313569252402156,0.8910891089108911,0.8145921735030646,0.8461538461538461,0.9375,0.6595744680851063,0.8490566037735849,0.8378378378378378,0.7985372340425532,"[0.8378378378378378, 0.8490566037735849]","[0.6595744680851063, 0.9375]","[0.7380952380952381, 0.8910891089108911]","[0.6595744680851063, 0.9375]"
Random Forest,50,10,1.0,1.0,0.8700382592061214,0.6436535534846726,0.6435608308605341,0.896551724137931,0.82176983797258,0.8531468531468531,0.8921568627450981,0.7560975609756098,0.900990099009901,0.7380952380952381,0.824127211860354,"[0.7380952380952381, 0.900990099009901]","[0.7560975609756098, 0.8921568627450981]","[0.7469879518072289, 0.896551724137931]","[0.7560975609756098, 0.8921568627450981]"
SVM,1,1,0.9286617492096945,0.8765603328710125,0.8870366308400965,0.6233144266425843,0.6197718631178708,0.8663101604278075,0.80939270397628,0.8263888888888888,0.8350515463917526,0.8085106382978723,0.9,0.7037037037037037,0.8217810923448124,"[0.7037037037037037, 0.9]","[0.8085106382978723, 0.8350515463917526]","[0.7524752475247525, 0.8663101604278075]","[0.8085106382978723, 0.8350515463917526]"
SVM,2,1,0.9223350526542016,0.8867924528301887,0.8841289269685844,0.581276962020087,0.5807299565261349,0.8284023668639053,0.7902695595003287,0.7972027972027972,0.813953488372093,0.7719298245614035,0.8433734939759037,0.7333333333333333,0.7929416564667482,"[0.7333333333333333, 0.8433734939759037]","[0.7719298245614035, 0.813953488372093]","[0.7521367521367521, 0.8284023668639053]","[0.7719298245614035, 0.813953488372093]"
SVM,3,1,0.923048128342246,0.8918558077436582,0.8675619834710744,0.5516821134541162,0.5506912442396313,0.8333333333333334,0.7751572327044025,0.7902097902097902,0.8522727272727273,0.6909090909090909,0.8152173913043478,0.7450980392156863,0.7715909090909091,"[0.7450980392156863, 0.8152173913043478]","[0.6909090909090909, 0.8522727272727273]","[0.7169811320754716, 0.8333333333333334]","[0.6909090909090909, 0.8522727272727273]"
SVM,4,1,0.9198375715617095,0.8743169398907104,0.905309364548495,0.682697620433894,0.6826196473551638,0.8864864864864865,0.8413014956704277,0.8541666666666666,0.8913043478260869,0.7884615384615384,0.8817204301075269,0.803921568627451,0.8398829431438126,"[0.803921568627451, 0.8817204301075269]","[0.7884615384615384, 0.8913043478260869]","[0.7961165048543689, 0.8864864864864865]","[0.7884615384615384, 0.8913043478260869]"
SVM,5,1,0.9151619599702323,0.8849315068493151,0.9350321395775941,0.6388888888888888,0.6388888888888888,0.8888888888888888,0.8194444444444444,0.8461538461538461,0.8888888888888888,0.75,0.8888888888888888,0.75,0.8194444444444444,"[0.75, 0.8888888888888888]","[0.75, 0.8888888888888888]","[0.75, 0.8888888888888888]","[0.75, 0.8888888888888888]"
SVM,6,2,0.921275462654773,0.88,0.8942307692307692,0.6387959866220736,0.6387959866220736,0.8695652173913043,0.8193979933110368,0.8333333333333334,0.8695652173913043,0.7692307692307693,0.8695652173913043,0.7692307692307693,0.8193979933110368,"[0.7692307692307693, 0.8695652173913043]","[0.7692307692307693, 0.8695652173913043]","[0.7692307692307693, 0.8695652173913043]","[0.7692307692307693, 0.8695652173913043]"
SVM,7,2,0.9099845900419788,0.8731241473396999,0.9609951507484715,0.7294840089755916,0.729153605015674,0.9021739130434783,0.8645484949832776,0.875,0.8924731182795699,0.8431372549019608,0.9120879120879121,0.8113207547169812,0.8678051865907653,"[0.8113207547169812, 0.9120879120879121]","[0.8431372549019608, 0.8924731182795699]","[0.8269230769230769, 0.9021739130434783]","[0.8431372549019608, 0.8924731182795699]"
SVM,8,2,0.9360668144941776,0.8937329700272479,0.7918427726120033,0.44821072850039756,0.4477611940298507,0.7932960893854749,0.7237508484310552,0.7412587412587412,0.7802197802197802,0.6730769230769231,0.8068181818181818,0.6363636363636364,0.7266483516483517,"[0.6363636363636364, 0.8068181818181818]","[0.6730769230769231, 0.7802197802197802]","[0.6542056074766355, 0.7932960893854749]","[0.6730769230769231, 0.7802197802197802]"
SVM,9,2,0.9203885795521857,0.8807588075880759,0.9054824561403509,0.6517786435759886,0.6514513627298915,0.8854166666666666,0.8256870567375887,0.8461538461538461,0.8947368421052632,0.75,0.8762886597938144,0.782608695652174,0.8223684210526316,"[0.782608695652174, 0.8762886597938144]","[0.75, 0.8947368421052632]","[0.7659574468085106, 0.8854166666666666]","[0.75, 0.8947368421052632]"
SVM,10,2,0.9230810085908142,0.8828337874659401,0.8977176669484361,0.6274950199005566,0.6268656716417911,0.8603351955307262,0.813345167858821,0.8251748251748252,0.8461538461538461,0.7884615384615384,0.875,0.7454545454545455,0.8173076923076923,"[0.7454545454545455, 0.875]","[0.7884615384615384, 0.8461538461538461]","[0.7663551401869159, 0.8603351955307262]","[0.7884615384615384, 0.8461538461538461]"
SVM,11,3,0.9217487691428882,0.8798920377867746,0.9138850483902824,0.6134080169271392,0.6118210862619808,0.8421052631578947,0.8056680161943319,0.8125,0.8674698795180723,0.7377049180327869,0.8181818181818182,0.8035714285714286,0.8025873987754296,"[0.8035714285714286, 0.8181818181818182]","[0.7377049180327869, 0.8674698795180723]","[0.7692307692307693, 0.8421052631578947]","[0.7377049180327869, 0.8674698795180723]"
SVM,12,3,0.9320767667168237,0.8858321870701513,0.8628472222222222,0.6213625295099237,0.6210526315789473,0.8762886597938144,0.8104847554288221,0.8333333333333334,0.8854166666666666,0.7291666666666666,0.8673469387755102,0.7608695652173914,0.8072916666666666,"[0.7608695652173914, 0.8673469387755102]","[0.7291666666666666, 0.8854166666666666]","[0.7446808510638298, 0.8762886597938144]","[0.7291666666666666, 0.8854166666666666]"
SVM,13,3,0.9173372203461376,0.8888888888888888,0.915979157620495,0.6274424663482414,0.6274424663482414,0.8723404255319149,0.8137212331741207,0.8321678321678322,0.8723404255319149,0.7551020408163265,0.8723404255319149,0.7551020408163265,0.8137212331741207,"[0.7551020408163265, 0.8723404255319149]","[0.7551020408163265, 0.8723404255319149]","[0.7551020408163265, 0.8723404255319149]","[0.7551020408163265, 0.8723404255319149]"
SVM,14,3,0.9191222156123999,0.878581173260573,0.9167741935483873,0.7036149058727877,0.7007742205482319,0.8888888888888888,0.850104821802935,0.8601398601398601,0.8602150537634409,0.86,0.9195402298850575,0.7678571428571429,0.8601075268817204,"[0.7678571428571429, 0.9195402298850575]","[0.86, 0.8602150537634409]","[0.8113207547169812, 0.8888888888888888]","[0.86, 0.8602150537634409]"
SVM,15,3,0.9239964270701976,0.8849315068493151,0.8953900709219857,0.585801398624091,0.5791465209165441,0.8461538461538461,0.7884615384615384,0.8041958041958042,0.8020833333333334,0.8085106382978723,0.8953488372093024,0.6666666666666666,0.8052969858156028,"[0.6666666666666666, 0.8953488372093024]","[0.8085106382978723, 0.8020833333333334]","[0.7307692307692307, 0.8461538461538461]","[0.8085106382978723, 0.8020833333333334]"
SVM,16,4,0.9270416252384919,0.8958051420838972,0.8587662337662338,0.5478707307954475,0.5443037974683544,0.8095238095238095,0.7714285714285714,0.7777777777777778,0.7727272727272727,0.7857142857142857,0.85,0.6875,0.7792207792207793,"[0.6875, 0.85]","[0.7857142857142857, 0.7727272727272727]","[0.7333333333333333, 0.8095238095238095]","[0.7857142857142857, 0.7727272727272727]"
SVM,17,4,0.9130446284489827,0.8724279835390947,0.9518796992481202,0.7692232233241738,0.7691321077383497,0.9206349206349206,0.8845598845598845,0.8958333333333334,0.9157894736842105,0.8571428571428571,0.925531914893617,0.84,0.8864661654135337,"[0.84, 0.925531914893617]","[0.8571428571428571, 0.9157894736842105]","[0.8484848484848485, 0.9206349206349206]","[0.8571428571428571, 0.9157894736842105]"
SVM,18,4,0.9206378712838421,0.8840381991814461,0.8867286559594252,0.5806423446238239,0.5803814713896458,0.8444444444444444,0.790146750524109,0.8041958041958042,0.8351648351648352,0.75,0.8539325842696629,0.7222222222222222,0.7925824175824177,"[0.7222222222222222, 0.8539325842696629]","[0.75, 0.8351648351648352]","[0.7358490566037735, 0.8444444444444444]","[0.75, 0.8351648351648352]"
SVM,19,4,0.9259303324740564,0.8915989159891599,0.8612903225806452,0.5127034458131663,0.5124653739612188,0.8260869565217391,0.7561807331628303,0.7762237762237763,0.8172043010752689,0.7,0.8351648351648352,0.6730769230769231,0.7586021505376344,"[0.6730769230769231, 0.8351648351648352]","[0.7, 0.8172043010752689]","[0.6862745098039216, 0.8260869565217391]","[0.7, 0.8172043010752689]"
SVM,20,4,0.9212573549737393,0.877914951989026,0.9028508771929825,0.6812012094229563,0.6798029556650247,0.8969072164948454,0.8397579560735097,0.8601398601398601,0.9157894736842105,0.75,0.8787878787878788,0.8181818181818182,0.8328947368421052,"[0.8181818181818182, 0.8787878787878788]","[0.75, 0.9157894736842105]","[0.782608695652174, 0.8969072164948454]","[0.75, 0.9157894736842105]"
SVM,21,5,0.9148192476130892,0.8837837837837837,0.9233655935216275,0.6722773038179605,0.672209026128266,0.8622754491017964,0.8360964022368487,0.8402777777777778,0.8674698795180723,0.8032786885245902,0.8571428571428571,0.8166666666666667,0.8353742840213312,"[0.8166666666666667, 0.8571428571428571]","[0.8032786885245902, 0.8674698795180723]","[0.8099173553719008, 0.8622754491017964]","[0.8032786885245902, 0.8674698795180723]"
SVM,22,5,0.9228721981490398,0.8801089918256131,0.8977366255144034,0.638053287227101,0.6363636363636364,0.8571428571428571,0.8179519595448799,0.8263888888888888,0.8333333333333334,0.8148148148148148,0.8823529411764706,0.7457627118644068,0.8240740740740741,"[0.7457627118644068, 0.8823529411764706]","[0.8148148148148148, 0.8333333333333334]","[0.7787610619469026, 0.8571428571428571]","[0.8148148148148148, 0.8333333333333334]"
SVM,23,5,0.918290216118386,0.8951612903225806,0.8918238993710692,0.6075032037074029,0.6072258609761252,0.8571428571428571,0.8035714285714286,0.8181818181818182,0.8666666666666667,0.7358490566037735,0.8478260869565217,0.7647058823529411,0.8012578616352202,"[0.7647058823529411, 0.8478260869565217]","[0.7358490566037735, 0.8666666666666667]","[0.75, 0.8571428571428571]","[0.7358490566037735, 0.8666666666666667]"
SVM,24,5,0.9267748689737688,0.8898186889818689,0.8658651579443658,0.4762550963128174,0.4752293577981651,0.8383838383838383,0.7373737373737373,0.7762237762237763,0.8217821782178217,0.6666666666666666,0.8556701030927835,0.6086956521739131,0.7442244224422442,"[0.6086956521739131, 0.8556701030927835]","[0.6666666666666666, 0.8217821782178217]","[0.6363636363636364, 0.8383838383838383]","[0.6666666666666666, 0.8217821782178217]"
SVM,25,5,0.9242935635792778,0.8876712328767123,0.8829931972789116,0.5895359490146245,0.5883525243578388,0.8645833333333334,0.7939937943262412,0.8181818181818182,0.8469387755102041,0.7555555555555555,0.8829787234042553,0.6938775510204082,0.8012471655328799,"[0.6938775510204082, 0.8829787234042553]","[0.7555555555555555, 0.8469387755102041]","[0.723404255319149, 0.8645833333333334]","[0.7555555555555555, 0.8469387755102041]"
SVM,26,6,0.9169854836521503,0.8822733423545331,0.915079365079365,0.6285714285714286,0.6285714285714286,0.8452380952380952,0.8142857142857143,0.8194444444444444,0.8452380952380952,0.7833333333333333,0.8452380952380952,0.7833333333333333,0.8142857142857143,"[0.7833333333333333, 0.8452380952380952]","[0.7833333333333333, 0.8452380952380952]","[0.7833333333333333, 0.8452380952380952]","[0.7833333333333333, 0.8452380952380952]"
SVM,27,6,0.9306950502180786,0.8998664886515354,0.8574698293799418,0.5587372238121007,0.5505581445757017,0.8465608465608465,0.773795887197949,0.7972027972027972,0.898876404494382,0.6296296296296297,0.8,0.7906976744186046,0.7642530170620059,"[0.7906976744186046, 0.8]","[0.6296296296296297, 0.898876404494382]","[0.7010309278350515, 0.8465608465608465]","[0.6296296296296297, 0.898876404494382]"
SVM,28,6,0.9164149443561209,0.8832214765100671,0.9175191815856777,0.6511094304643837,0.6510344827586207,0.8743169398907104,0.825507984508462,0.8391608391608392,0.8695652173913043,0.7843137254901961,0.8791208791208791,0.7692307692307693,0.8269394714407502,"[0.7692307692307693, 0.8791208791208791]","[0.7843137254901961, 0.8695652173913043]","[0.7766990291262136, 0.8743169398907104]","[0.7843137254901961, 0.8695652173913043]"
SVM,29,6,0.9270821093311399,0.8907103825136612,0.8870523415977962,0.5984437489312764,0.59375,0.8631578947368421,0.7961622807017543,0.8181818181818182,0.8282828282828283,0.7954545454545454,0.9010989010989011,0.6730769230769231,0.8118686868686869,"[0.6730769230769231, 0.9010989010989011]","[0.7954545454545454, 0.8282828282828283]","[0.7291666666666666, 0.8631578947368421]","[0.7954545454545454, 0.8282828282828283]"
SVM,30,6,0.9190677743309323,0.8789986091794159,0.9066104702750666,0.663228495486687,0.660377358490566,0.8842105263157894,0.8298603651987111,0.8472222222222222,0.8571428571428571,0.8260869565217391,0.9130434782608695,0.7307692307692307,0.8416149068322981,"[0.7307692307692307, 0.9130434782608695]","[0.8260869565217391, 0.8571428571428571]","[0.7755102040816326, 0.8842105263157894]","[0.8260869565217391, 0.8571428571428571]"
SVM,31,7,0.9162271134906472,0.8736263736263736,0.9309677419354839,0.6899352224705106,0.689602778380725,0.8936170212765957,0.8447676943117672,0.8601398601398601,0.9032258064516129,0.78,0.8842105263157894,0.8125,0.8416129032258064,"[0.8125, 0.8842105263157894]","[0.78, 0.9032258064516129]","[0.7959183673469388, 0.8936170212765957]","[0.78, 0.9032258064516129]"
SVM,32,7,0.9258562390924956,0.8912466843501327,0.8837301587301587,0.5865953830405489,0.5850925462731366,0.8242424242424242,0.7922865013774105,0.7972027972027972,0.85,0.7301587301587301,0.8,0.7931034482758621,0.790079365079365,"[0.7931034482758621, 0.8]","[0.7301587301587301, 0.85]","[0.7603305785123967, 0.8242424242424242]","[0.7301587301587301, 0.85]"
SVM,33,7,0.92525276523851,0.8849315068493151,0.8853081597222223,0.6160411036336975,0.6153846153846154,0.8677248677248677,0.8075998075998077,0.8263888888888888,0.8541666666666666,0.7708333333333334,0.8817204301075269,0.7254901960784313,0.8125,"[0.7254901960784313, 0.8817204301075269]","[0.7708333333333334, 0.8541666666666666]","[0.7474747474747475, 0.8677248677248677]","[0.7708333333333334, 0.8541666666666666]"
SVM,34,7,0.9123442214351306,0.8772413793103448,0.927946127946128,0.6659692001815455,0.6608863198458574,0.8842105263157894,0.8298603651987111,0.8472222222222222,0.8484848484848485,0.8444444444444444,0.9230769230769231,0.7169811320754716,0.8464646464646465,"[0.7169811320754716, 0.9230769230769231]","[0.8444444444444444, 0.8484848484848485]","[0.7755102040816326, 0.8842105263157894]","[0.8444444444444444, 0.8484848484848485]"
SVM,35,7,0.9274878640776699,0.8846153846153846,0.859965262700825,0.5195327153247058,0.5174013921113689,0.8241758241758241,0.7582417582417582,0.7762237762237763,0.7978723404255319,0.7346938775510204,0.8522727272727273,0.6545454545454545,0.7662831089882762,"[0.6545454545454545, 0.8522727272727273]","[0.7346938775510204, 0.7978723404255319]","[0.6923076923076923, 0.8241758241758241]","[0.7346938775510204, 0.7978723404255319]"
SVM,36,8,0.9153118533845699,0.8695652173913043,0.937702922077922,0.6922567823154503,0.6921824104234529,0.8813559322033898,0.8460833715071003,0.8541666666666666,0.8863636363636364,0.8035714285714286,0.8764044943820225,0.8181818181818182,0.8449675324675325,"[0.8181818181818182, 0.8764044943820225]","[0.8035714285714286, 0.8863636363636364]","[0.8108108108108109, 0.8813559322033898]","[0.8035714285714286, 0.8863636363636364]"
SVM,37,8,0.919233072137037,0.883008356545961,0.9014918304522851,0.6170846701988228,0.6163113994439295,0.8866995073891626,0.8080556360475224,0.8402777777777778,0.8737864077669902,0.7560975609756098,0.9,0.7045454545454546,0.8149419843712999,"[0.7045454545454546, 0.9]","[0.7560975609756098, 0.8737864077669902]","[0.7294117647058823, 0.8866995073891626]","[0.7560975609756098, 0.8737864077669902]"
SVM,38,8,0.9264079633769828,0.8915989159891599,0.857651991614256,0.5091488322698321,0.5056933712891419,0.8023255813953488,0.7520399836801306,0.7622377622377622,0.7666666666666667,0.7547169811320755,0.8414634146341463,0.6557377049180327,0.7606918238993712,"[0.6557377049180327, 0.8414634146341463]","[0.7547169811320755, 0.7666666666666667]","[0.7017543859649122, 0.8023255813953488]","[0.7547169811320755, 0.7666666666666667]"
SVM,39,8,0.9217647058823528,0.8831521739130435,0.890495867768595,0.6320050780802413,0.6319365798414496,0.8571428571428571,0.8159588159588159,0.8251748251748252,0.8522727272727273,0.7818181818181819,0.8620689655172413,0.7678571428571429,0.8170454545454546,"[0.7678571428571429, 0.8620689655172413]","[0.7818181818181819, 0.8522727272727273]","[0.7747747747747747, 0.8571428571428571]","[0.7818181818181819, 0.8522727272727273]"
SVM,40,8,0.9282107211316015,0.8828337874659401,0.88752688172043,0.6480476540354368,0.6479717435513218,0.8756756756756757,0.8239764516992241,0.8391608391608392,0.8709677419354839,0.78,0.8804347826086957,0.7647058823529411,0.8254838709677419,"[0.7647058823529411, 0.8804347826086957]","[0.78, 0.8709677419354839]","[0.7722772277227723, 0.8756756756756757]","[0.78, 0.8709677419354839]"
SVM,41,9,0.9245240314205831,0.8834688346883469,0.9065635451505016,0.6256196164151047,0.6213592233009708,0.8522727272727273,0.8100649350649352,0.8194444444444444,0.8152173913043478,0.8269230769230769,0.8928571428571429,0.7166666666666667,0.8210702341137124,"[0.7166666666666667, 0.8928571428571429]","[0.8269230769230769, 0.8152173913043478]","[0.7678571428571429, 0.8522727272727273]","[0.8269230769230769, 0.8152173913043478]"
SVM,42,9,0.9177473725956771,0.8775790921595599,0.9318279569892473,0.7045112677332783,0.703740050158107,0.8994708994708994,0.8517973054055528,0.8671328671328671,0.9139784946236559,0.78,0.8854166666666666,0.8297872340425532,0.8469892473118279,"[0.8297872340425532, 0.8854166666666666]","[0.78, 0.9139784946236559]","[0.8041237113402062, 0.8994708994708994]","[0.78, 0.9139784946236559]"
SVM,43,9,0.9286096399721822,0.8910081743869209,0.8501028806584362,0.5226209567526089,0.5223880597014925,0.8241758241758241,0.7611445158614969,0.7777777777777778,0.8333333333333334,0.6851851851851852,0.8152173913043478,0.7115384615384616,0.7592592592592593,"[0.7115384615384616, 0.8152173913043478]","[0.6851851851851852, 0.8333333333333334]","[0.6981132075471698, 0.8241758241758241]","[0.6851851851851852, 0.8333333333333334]"
SVM,44,9,0.9288565953369531,0.8930987821380244,0.8533542976939203,0.5371800700354523,0.5371201837736244,0.8268156424581006,0.7685480081449381,0.7832167832167832,0.8222222222222222,0.7169811320754716,0.8314606741573034,0.7037037037037037,0.769601677148847,"[0.7037037037037037, 0.8314606741573034]","[0.7169811320754716, 0.8222222222222222]","[0.7102803738317757, 0.8268156424581006]","[0.7169811320754716, 0.8222222222222222]"
SVM,45,9,0.9148849708330602,0.874828060522696,0.930076199013895,0.637038015446628,0.632233176168024,0.8709677419354839,0.8154838709677419,0.8321678321678322,0.8350515463917526,0.8260869565217391,0.9101123595505618,0.7037037037037037,0.8305692514567459,"[0.7037037037037037, 0.9101123595505618]","[0.8260869565217391, 0.8350515463917526]","[0.76, 0.8709677419354839]","[0.8260869565217391, 0.8350515463917526]"
SVM,46,10,0.9185117183281133,0.8876860622462788,0.9220128307939054,0.650745465230898,0.6496350364963503,0.8636363636363636,0.8246753246753247,0.8333333333333334,0.8837209302325582,0.7586206896551724,0.8444444444444444,0.8148148148148148,0.8211708099438653,"[0.8148148148148148, 0.8444444444444444]","[0.7586206896551724, 0.8837209302325582]","[0.7857142857142857, 0.8636363636363636]","[0.7586206896551724, 0.8837209302325582]"
SVM,47,10,0.923725203035548,0.8843537414965986,0.8988294314381271,0.6322204099834133,0.6295025728987993,0.8736842105263158,0.8143931256713212,0.8333333333333334,0.9021739130434783,0.7115384615384616,0.8469387755102041,0.8043478260869565,0.8068561872909699,"[0.8043478260869565, 0.8469387755102041]","[0.7115384615384616, 0.9021739130434783]","[0.7551020408163265, 0.8736842105263158]","[0.7115384615384616, 0.9021739130434783]"
SVM,48,10,0.9286347517730498,0.8835341365461847,0.8543451652386781,0.5341697949933153,0.5238001958863859,0.7848101265822784,0.7595925632911392,0.7622377622377622,0.7209302325581395,0.8245614035087719,0.8611111111111112,0.6619718309859155,0.7727458180334557,"[0.6619718309859155, 0.8611111111111112]","[0.8245614035087719, 0.7209302325581395]","[0.734375, 0.7848101265822784]","[0.8245614035087719, 0.7209302325581395]"
SVM,49,10,0.9175336275746112,0.8830811554332875,0.9131205673758865,0.633618036344555,0.6335376044568245,0.8808290155440415,0.8167585937935261,0.8391608391608392,0.8854166666666666,0.7446808510638298,0.8762886597938144,0.7608695652173914,0.8150487588652482,"[0.7608695652173914, 0.8762886597938144]","[0.7446808510638298, 0.8854166666666666]","[0.7526881720430108, 0.8808290155440415]","[0.7446808510638298, 0.8854166666666666]"
SVM,50,10,0.9226116303219107,0.8764044943820225,0.8797226207556194,0.6558277323429659,0.6535932633521744,0.8944723618090452,0.8265465257321087,0.8531468531468531,0.8725490196078431,0.8048780487804879,0.9175257731958762,0.717391304347826,0.8387135341941655,"[0.717391304347826, 0.9175257731958762]","[0.8048780487804879, 0.8725490196078431]","[0.7586206896551724, 0.8944723618090452]","[0.8048780487804879, 0.8725490196078431]"
