Classifier,Fold,Repeat,train_auc,train_f1,val_auc,val_mcc,val_kappa,val_f1_binary,val_f1_macro,val_accuracy,val_sensitivity,val_specificity,val_ppv,val_npv,val_balanced_accuracy,per_class_precision,per_class_recall,per_class_f1,per_class_accuracy
Gradient Boosting,1,1,0.9998000299955007,0.9937369519832986,0.9251279024006296,0.7465007780932257,0.7462039045553146,0.8615384615384616,0.8730769230769231,0.8741258741258742,0.8484848484848485,0.8961038961038961,0.875,0.8734177215189873,0.8722943722943723,"[0.8734177215189873, 0.875]","[0.8961038961038961, 0.8484848484848485]","[0.8846153846153846, 0.8615384615384616]","[0.8961038961038961, 0.8484848484848485]"
Gradient Boosting,2,1,0.9999748402354954,0.9957805907172996,0.932657004830918,0.6942826258742403,0.6932016269610691,0.835820895522388,0.8464818763326225,0.8472222222222222,0.8115942028985508,0.88,0.8615384615384616,0.8354430379746836,0.8457971014492753,"[0.8354430379746836, 0.8615384615384616]","[0.88, 0.8115942028985508]","[0.8571428571428571, 0.835820895522388]","[0.88, 0.8115942028985508]"
Gradient Boosting,3,1,0.9996037151702787,0.9879032258064516,0.9343125254997959,0.7082823337413301,0.7082823337413301,0.8245614035087719,0.8541411668706651,0.8601398601398601,0.8245614035087719,0.8837209302325582,0.8245614035087719,0.8837209302325582,0.8541411668706651,"[0.8837209302325582, 0.8245614035087719]","[0.8837209302325582, 0.8245614035087719]","[0.8837209302325582, 0.8245614035087719]","[0.8837209302325582, 0.8245614035087719]"
Gradient Boosting,4,1,0.9999503722084367,0.9959514170040485,0.9336158192090396,0.709727181041618,0.7085201793721974,0.8245614035087719,0.8541411668706651,0.8601398601398601,0.7966101694915254,0.9047619047619048,0.8545454545454545,0.8636363636363636,0.8506860371267151,"[0.8636363636363636, 0.8545454545454545]","[0.9047619047619048, 0.7966101694915254]","[0.8837209302325582, 0.8245614035087719]","[0.9047619047619048, 0.7966101694915254]"
Gradient Boosting,5,1,0.9995174581178392,0.9899396378269618,0.9183087027914614,0.6486903145934894,0.6433203631647211,0.7933884297520661,0.8209366391184574,0.8251748251748252,0.8571428571428571,0.8045977011494253,0.7384615384615385,0.8974358974358975,0.8308702791461412,"[0.8974358974358975, 0.7384615384615385]","[0.8045977011494253, 0.8571428571428571]","[0.8484848484848485, 0.7933884297520661]","[0.8045977011494253, 0.8571428571428571]"
Gradient Boosting,6,2,0.9999874874874874,0.9894736842105263,0.9365671641791045,0.6910840534171249,0.6910840534171249,0.835820895522388,0.8455420267085625,0.8461538461538461,0.835820895522388,0.8552631578947368,0.835820895522388,0.8552631578947368,0.8455420267085625,"[0.8552631578947368, 0.835820895522388]","[0.8552631578947368, 0.835820895522388]","[0.8552631578947368, 0.835820895522388]","[0.8552631578947368, 0.835820895522388]"
Gradient Boosting,7,2,0.9999747780468119,0.9957446808510638,0.9163611807833301,0.6344691881705892,0.6239845261121857,0.7906976744186046,0.8104431768319438,0.8125,0.7183098591549296,0.9041095890410958,0.8793103448275862,0.7674418604651163,0.8112097240980127,"[0.7674418604651163, 0.8793103448275862]","[0.9041095890410958, 0.7183098591549296]","[0.8301886792452831, 0.7906976744186046]","[0.9041095890410958, 0.7183098591549296]"
Gradient Boosting,8,2,0.9998640162191563,0.9920318725099602,0.9264462809917355,0.7389248182363681,0.7376681614349776,0.8421052631578947,0.8687270501835985,0.8741258741258742,0.8727272727272727,0.875,0.8135593220338984,0.9166666666666666,0.8738636363636363,"[0.9166666666666666, 0.8135593220338984]","[0.875, 0.8727272727272727]","[0.8953488372093024, 0.8421052631578947]","[0.875, 0.8727272727272727]"
Gradient Boosting,9,2,0.9998390092879257,0.993963782696177,0.9335985312117503,0.7160215053506973,0.7133694127079575,0.8333333333333334,0.856425702811245,0.8601398601398601,0.8771929824561403,0.8488372093023255,0.7936507936507936,0.9125,0.8630150958792329,"[0.9125, 0.7936507936507936]","[0.8488372093023255, 0.8771929824561403]","[0.8795180722891566, 0.8333333333333334]","[0.8488372093023255, 0.8771929824561403]"
Gradient Boosting,10,2,0.9999256965944272,0.993963782696177,0.9145246838025296,0.7119971520170879,0.7033488096414107,0.832,0.8507826086956521,0.8531468531468531,0.9122807017543859,0.813953488372093,0.7647058823529411,0.9333333333333333,0.8631170950632394,"[0.9333333333333333, 0.7647058823529411]","[0.813953488372093, 0.9122807017543859]","[0.8695652173913043, 0.832]","[0.813953488372093, 0.9122807017543859]"
Gradient Boosting,11,3,1.0,1.0,0.8984674329501916,0.6408851151953222,0.6402877697841727,0.7863247863247863,0.8200629779577148,0.8263888888888888,0.8070175438596491,0.8390804597701149,0.7666666666666667,0.8690476190476191,0.8230490018148819,"[0.8690476190476191, 0.7666666666666667]","[0.8390804597701149, 0.8070175438596491]","[0.8538011695906432, 0.7863247863247863]","[0.8390804597701149, 0.8070175438596491]"
Gradient Boosting,12,3,0.9998500224966255,0.9937369519832986,0.9342778433687525,0.6798145977573178,0.6781485468245425,0.8321167883211679,0.8388771861068927,0.8391608391608392,0.8636363636363636,0.8181818181818182,0.8028169014084507,0.875,0.8409090909090909,"[0.875, 0.8028169014084507]","[0.8181818181818182, 0.8636363636363636]","[0.8456375838926175, 0.8321167883211679]","[0.8181818181818182, 0.8636363636363636]"
Gradient Boosting,13,3,0.9997386759581881,0.9918367346938776,0.89247311827957,0.6572743411578077,0.6570057965220868,0.8032786885245902,0.8284686125549781,0.8321678321678322,0.7903225806451613,0.8641975308641975,0.8166666666666667,0.8433734939759037,0.8272600557546794,"[0.8433734939759037, 0.8166666666666667]","[0.8641975308641975, 0.7903225806451613]","[0.8536585365853658, 0.8032786885245902]","[0.8641975308641975, 0.7903225806451613]"
Gradient Boosting,14,3,0.9995165848579504,0.9858585858585859,0.9468559837728195,0.6935811176310093,0.6929133858267716,0.8141592920353983,0.846386004399202,0.8531468531468531,0.7931034482758621,0.8941176470588236,0.8363636363636363,0.8636363636363636,0.8436105476673428,"[0.8636363636363636, 0.8363636363636363]","[0.8941176470588236, 0.7931034482758621]","[0.8786127167630058, 0.8141592920353983]","[0.8941176470588236, 0.7931034482758621]"
Gradient Boosting,15,3,0.9999002369372739,0.9917695473251029,0.9179193037974683,0.7035361257027078,0.7034659820282413,0.8372093023255814,0.8517256702710709,0.8531468531468531,0.84375,0.8607594936708861,0.8307692307692308,0.8717948717948718,0.8522547468354431,"[0.8717948717948718, 0.8307692307692308]","[0.8607594936708861, 0.84375]","[0.8662420382165605, 0.8372093023255814]","[0.8607594936708861, 0.84375]"
Gradient Boosting,16,4,0.9999120459371504,0.99581589958159,0.9549148606811145,0.7770897832817337,0.7770897832817337,0.8823529411764706,0.8885448916408669,0.8888888888888888,0.8823529411764706,0.8947368421052632,0.8823529411764706,0.8947368421052632,0.8885448916408669,"[0.8947368421052632, 0.8823529411764706]","[0.8947368421052632, 0.8823529411764706]","[0.8947368421052632, 0.8823529411764706]","[0.8947368421052632, 0.8823529411764706]"
Gradient Boosting,17,4,0.9997764586075855,0.9939148073022313,0.9106425702811245,0.5931661423479664,0.5902578796561604,0.7716535433070866,0.7946318031000842,0.7972027972027972,0.8166666666666667,0.7831325301204819,0.7313432835820896,0.8552631578947368,0.7998995983935743,"[0.8552631578947368, 0.7313432835820896]","[0.7831325301204819, 0.8166666666666667]","[0.8176100628930818, 0.7716535433070866]","[0.7831325301204819, 0.8166666666666667]"
Gradient Boosting,18,4,0.9997768853190541,0.9939393939393939,0.9290060851926978,0.7429979863418691,0.7417736757624398,0.85,0.8707831325301205,0.8741258741258742,0.8793103448275862,0.8705882352941177,0.8225806451612904,0.9135802469135802,0.874949290060852,"[0.9135802469135802, 0.8225806451612904]","[0.8705882352941177, 0.8793103448275862]","[0.891566265060241, 0.85]","[0.8705882352941177, 0.8793103448275862]"
Gradient Boosting,19,4,0.9998762713122664,0.992,0.9068144499178983,0.6405254379633463,0.6388524093342762,0.7863247863247863,0.819197896120973,0.8251748251748252,0.8214285714285714,0.8275862068965517,0.7540983606557377,0.8780487804878049,0.8245073891625616,"[0.8780487804878049, 0.7540983606557377]","[0.8275862068965517, 0.8214285714285714]","[0.8520710059171598, 0.7863247863247863]","[0.8275862068965517, 0.8214285714285714]"
Gradient Boosting,20,4,0.9999250955032334,0.9916666666666667,0.9072978303747535,0.646658126865568,0.646074646074646,0.8031496062992126,0.8229584509483485,0.8251748251748252,0.7846153846153846,0.8589743589743589,0.8225806451612904,0.8271604938271605,0.8217948717948718,"[0.8271604938271605, 0.8225806451612904]","[0.8589743589743589, 0.7846153846153846]","[0.8427672955974843, 0.8031496062992126]","[0.8589743589743589, 0.7846153846153846]"
Gradient Boosting,21,5,1.0,0.9979296066252588,0.8950340798442065,0.6964603372649858,0.6940312922542012,0.8382352941176471,0.846749226006192,0.8472222222222222,0.8769230769230769,0.8227848101265823,0.8028169014084507,0.8904109589041096,0.8498539435248296,"[0.8904109589041096, 0.8028169014084507]","[0.8227848101265823, 0.8769230769230769]","[0.8552631578947368, 0.8382352941176471]","[0.8227848101265823, 0.8769230769230769]"
Gradient Boosting,22,5,0.9999248365194298,0.9957983193277311,0.9479411764705883,0.7411129239279747,0.7352625937834941,0.8689655172413793,0.867106872095867,0.8671328671328671,0.9264705882352942,0.8133333333333334,0.8181818181818182,0.9242424242424242,0.8699019607843137,"[0.9242424242424242, 0.8181818181818182]","[0.8133333333333334, 0.9264705882352942]","[0.8652482269503546, 0.8689655172413793]","[0.8133333333333334, 0.9264705882352942]"
Gradient Boosting,23,5,0.9997520947989489,0.9939393939393939,0.9093306288032454,0.599302135588708,0.598314606741573,0.7666666666666667,0.798995983935743,0.8041958041958042,0.7931034482758621,0.8117647058823529,0.7419354838709677,0.8518518518518519,0.8024340770791075,"[0.8518518518518519, 0.7419354838709677]","[0.8117647058823529, 0.7931034482758621]","[0.8313253012048193, 0.7666666666666667]","[0.8117647058823529, 0.7931034482758621]"
Gradient Boosting,24,5,0.9995913312693498,0.993963782696177,0.9410444716442269,0.7237620887222882,0.7236855486626665,0.8347826086956521,0.8618357487922705,0.8671328671328671,0.8421052631578947,0.8837209302325582,0.8275862068965517,0.8941176470588236,0.8629130966952264,"[0.8941176470588236, 0.8275862068965517]","[0.8837209302325582, 0.8421052631578947]","[0.8888888888888888, 0.8347826086956521]","[0.8837209302325582, 0.8421052631578947]"
Gradient Boosting,25,5,0.9998883374689826,0.9959677419354839,0.9003228410008071,0.5921296748658681,0.5898381479205081,0.75,0.7945402298850575,0.8041958041958042,0.711864406779661,0.8690476190476191,0.7924528301886793,0.8111111111111111,0.79045601291364,"[0.8111111111111111, 0.7924528301886793]","[0.8690476190476191, 0.711864406779661]","[0.8390804597701149, 0.75]","[0.8690476190476191, 0.711864406779661]"
Gradient Boosting,26,6,0.999924653405666,0.9915254237288136,0.9363013698630137,0.7636601191370014,0.7617834394904459,0.8740740740740741,0.8807456463085602,0.8811188811188811,0.8428571428571429,0.9178082191780822,0.9076923076923077,0.8589743589743589,0.8803326810176125,"[0.8589743589743589, 0.9076923076923077]","[0.9178082191780822, 0.8428571428571429]","[0.8874172185430463, 0.8740740740740741]","[0.9178082191780822, 0.8428571428571429]"
Gradient Boosting,27,6,0.9998745766963502,0.9915611814345991,0.918135526831179,0.6096319966125595,0.6086786551993745,0.8028169014084507,0.8041862284820032,0.8041958041958042,0.8260869565217391,0.7837837837837838,0.7808219178082192,0.8285714285714286,0.8049353701527615,"[0.8285714285714286, 0.7808219178082192]","[0.7837837837837838, 0.8260869565217391]","[0.8055555555555556, 0.8028169014084507]","[0.7837837837837838, 0.8260869565217391]"
Gradient Boosting,28,6,0.9998390531372258,0.9980276134122288,0.8971594443292557,0.621417787280623,0.6136724960254372,0.7692307692307693,0.8056680161943319,0.8125,0.8490566037735849,0.7912087912087912,0.703125,0.9,0.820132697491188,"[0.9, 0.703125]","[0.7912087912087912, 0.8490566037735849]","[0.8421052631578947, 0.7692307692307693]","[0.7912087912087912, 0.8490566037735849]"
Gradient Boosting,29,6,0.9997386759581881,0.9897330595482546,0.9474313022700119,0.7733721328703068,0.7730609006149574,0.873015873015873,0.8865079365079365,0.8881118881118881,0.8870967741935484,0.8888888888888888,0.859375,0.9113924050632911,0.8879928315412187,"[0.9113924050632911, 0.859375]","[0.8888888888888888, 0.8870967741935484]","[0.9, 0.873015873015873]","[0.8888888888888888, 0.8870967741935484]"
Gradient Boosting,30,6,0.9999876582825266,0.994059405940594,0.930607966457023,0.6651999175526756,0.6623738999785362,0.78,0.8308602150537634,0.8461538461538461,0.7358490566037735,0.9111111111111111,0.8297872340425532,0.8541666666666666,0.8234800838574423,"[0.8541666666666666, 0.8297872340425532]","[0.9111111111111111, 0.7358490566037735]","[0.8817204301075269, 0.78]","[0.9111111111111111, 0.7358490566037735]"
Gradient Boosting,31,7,0.9999376527507606,0.9938650306748467,0.9364013430772269,0.7345274575846399,0.7327080890973037,0.8503937007874016,0.8661906392135765,0.8680555555555556,0.8852459016393442,0.8554216867469879,0.8181818181818182,0.9102564102564102,0.8703337941931661,"[0.9102564102564102, 0.8181818181818182]","[0.8554216867469879, 0.8852459016393442]","[0.8819875776397516, 0.8503937007874016]","[0.8554216867469879, 0.8852459016393442]"
Gradient Boosting,32,7,0.9998997820259063,0.989517819706499,0.9684313725490196,0.748286353034144,0.7479929508517721,0.8695652173913043,0.8739717978848414,0.8741258741258742,0.8823529411764706,0.8666666666666667,0.8571428571428571,0.8904109589041096,0.8745098039215686,"[0.8904109589041096, 0.8571428571428571]","[0.8666666666666667, 0.8823529411764706]","[0.8783783783783784, 0.8695652173913043]","[0.8666666666666667, 0.8823529411764706]"
Gradient Boosting,33,7,1.0,0.991701244813278,0.9113924050632912,0.6940880922968033,0.6916290923348363,0.835820895522388,0.8455420267085625,0.8461538461538461,0.875,0.8227848101265823,0.8,0.8904109589041096,0.8488924050632911,"[0.8904109589041096, 0.8]","[0.8227848101265823, 0.875]","[0.8552631578947368, 0.835820895522388]","[0.8227848101265823, 0.875]"
Gradient Boosting,34,7,1.0,0.998019801980198,0.899690082644628,0.6025568127933483,0.6024915062287656,0.7567567567567568,0.8012355212355213,0.8111888111888111,0.7636363636363637,0.8409090909090909,0.75,0.8505747126436781,0.8022727272727272,"[0.8505747126436781, 0.75]","[0.8409090909090909, 0.7636363636363637]","[0.8457142857142858, 0.7567567567567568]","[0.8409090909090909, 0.7636363636363637]"
Gradient Boosting,35,7,1.0,0.991869918699187,0.905367231638418,0.627040231072368,0.6267817707287693,0.7833333333333333,0.8133534136546186,0.8181818181818182,0.7966101694915254,0.8333333333333334,0.7704918032786885,0.8536585365853658,0.8149717514124294,"[0.8536585365853658, 0.7704918032786885]","[0.8333333333333334, 0.7966101694915254]","[0.8433734939759037, 0.7833333333333333]","[0.8333333333333334, 0.7966101694915254]"
Gradient Boosting,36,8,0.9995246851038813,0.9938144329896907,0.9406249999999999,0.6708203932499369,0.6666666666666667,0.8235294117647058,0.8328173374613003,0.8333333333333334,0.875,0.8,0.7777777777777778,0.8888888888888888,0.8375,"[0.8888888888888888, 0.7777777777777778]","[0.8, 0.875]","[0.8421052631578947, 0.8235294117647058]","[0.8, 0.875]"
Gradient Boosting,37,8,0.9998508241963153,0.9918032786885246,0.923030787684926,0.64546565588416,0.6448793086321645,0.8,0.822360248447205,0.8251748251748252,0.819672131147541,0.8292682926829268,0.78125,0.8607594936708861,0.8244702119152338,"[0.8607594936708861, 0.78125]","[0.8292682926829268, 0.819672131147541]","[0.84472049689441, 0.8]","[0.8292682926829268, 0.819672131147541]"
Gradient Boosting,38,8,0.9998878867905726,0.9917355371900827,0.9143849206349206,0.6732270760370731,0.6731590976845871,0.816,0.8365714285714285,0.8391608391608392,0.8095238095238095,0.8625,0.8225806451612904,0.8518518518518519,0.8360119047619048,"[0.8518518518518519, 0.8225806451612904]","[0.8625, 0.8095238095238095]","[0.8571428571428571, 0.816]","[0.8625, 0.8095238095238095]"
Gradient Boosting,39,8,0.9998016758391591,0.993963782696177,0.9230223123732252,0.7378215271920007,0.7375076483785438,0.8421052631578947,0.8687270501835985,0.8741258741258742,0.8275862068965517,0.9058823529411765,0.8571428571428571,0.8850574712643678,0.8667342799188641,"[0.8850574712643678, 0.8571428571428571]","[0.9058823529411765, 0.8275862068965517]","[0.8953488372093024, 0.8421052631578947]","[0.9058823529411765, 0.8275862068965517]"
Gradient Boosting,40,8,0.9999627060490788,0.9959349593495935,0.936125549780088,0.7861148927244904,0.7860349127182045,0.8780487804878049,0.8930121203052521,0.8951048951048951,0.8852459016393442,0.9024390243902439,0.8709677419354839,0.9135802469135802,0.8938424630147941,"[0.9135802469135802, 0.8709677419354839]","[0.9024390243902439, 0.8852459016393442]","[0.9079754601226994, 0.8780487804878049]","[0.9024390243902439, 0.8852459016393442]"
Gradient Boosting,41,9,0.9998476596717066,0.9956521739130435,0.9216331269349846,0.6780789199435613,0.6687116564417177,0.8285714285714286,0.8332046332046332,0.8333333333333334,0.7631578947368421,0.9117647058823529,0.90625,0.775,0.8374613003095975,"[0.775, 0.90625]","[0.9117647058823529, 0.7631578947368421]","[0.8378378378378378, 0.8285714285714286]","[0.9117647058823529, 0.7631578947368421]"
Gradient Boosting,42,9,0.9999001273376446,0.991701244813278,0.9347140039447732,0.7098862200999124,0.7064803049555273,0.8467153284671532,0.8528878655758585,0.8531468531468531,0.8923076923076924,0.8205128205128205,0.8055555555555556,0.9014084507042254,0.8564102564102565,"[0.9014084507042254, 0.8055555555555556]","[0.8205128205128205, 0.8923076923076924]","[0.8590604026845637, 0.8467153284671532]","[0.8205128205128205, 0.8923076923076924]"
Gradient Boosting,43,9,0.9999004479840716,0.9917695473251029,0.9201513341298287,0.7365972148098467,0.7330254495430873,0.8549618320610687,0.8661905934498892,0.8671328671328671,0.9032258064516129,0.8395061728395061,0.8115942028985508,0.918918918918919,0.8713659896455594,"[0.918918918918919, 0.8115942028985508]","[0.8395061728395061, 0.9032258064516129]","[0.8774193548387097, 0.8549618320610687]","[0.8395061728395061, 0.9032258064516129]"
Gradient Boosting,44,9,1.0,0.9980732177263969,0.8981604609929078,0.6108529678084018,0.6101842765238251,0.7422680412371134,0.8049964544809906,0.8251748251748252,0.7659574468085106,0.8541666666666666,0.72,0.8817204301075269,0.8100620567375887,"[0.8817204301075269, 0.72]","[0.8541666666666666, 0.7659574468085106]","[0.8677248677248677, 0.7422680412371134]","[0.8541666666666666, 0.7659574468085106]"
Gradient Boosting,45,9,0.9998266253869968,0.993963782696177,0.9143206854345165,0.6770012846792617,0.6638589618021548,0.8125,0.8303006329113924,0.8321678321678322,0.9122807017543859,0.7790697674418605,0.7323943661971831,0.9305555555555556,0.8456752345981232,"[0.9305555555555556, 0.7323943661971831]","[0.7790697674418605, 0.9122807017543859]","[0.8481012658227848, 0.8125]","[0.7790697674418605, 0.9122807017543859]"
Gradient Boosting,46,10,0.9999500199920032,0.9958847736625515,0.9248481285518322,0.7178130511463845,0.7178130511463845,0.8412698412698413,0.8589065255731922,0.8611111111111112,0.8412698412698413,0.8765432098765432,0.8412698412698413,0.8765432098765432,0.8589065255731922,"[0.8765432098765432, 0.8412698412698413]","[0.8765432098765432, 0.8412698412698413]","[0.8765432098765432, 0.8412698412698413]","[0.8765432098765432, 0.8412698412698413]"
Gradient Boosting,47,10,0.9999502747321052,0.9938650306748467,0.9266293482606957,0.7131630664695484,0.7104677060133631,0.8275862068965517,0.8549695740365111,0.8601398601398601,0.7868852459016393,0.9146341463414634,0.8727272727272727,0.8522727272727273,0.8507596961215513,"[0.8522727272727273, 0.8727272727272727]","[0.9146341463414634, 0.7868852459016393]","[0.8823529411764706, 0.8275862068965517]","[0.9146341463414634, 0.7868852459016393]"
Gradient Boosting,48,10,0.999949705778806,0.9936034115138592,0.9249804381846635,0.6934983244743037,0.6924129839655846,0.8493150684931506,0.8460861056751467,0.8461538461538461,0.8732394366197183,0.8194444444444444,0.8266666666666667,0.8676470588235294,0.8463419405320813,"[0.8676470588235294, 0.8266666666666667]","[0.8194444444444444, 0.8732394366197183]","[0.8428571428571429, 0.8493150684931506]","[0.8194444444444444, 0.8732394366197183]"
Gradient Boosting,49,10,0.9998031253845209,0.9941520467836257,0.9300911854103343,0.6460851442416038,0.6414542415378186,0.7735849056603774,0.820125786163522,0.8321678321678322,0.8367346938775511,0.8297872340425532,0.7192982456140351,0.9069767441860465,0.8332609639600521,"[0.9069767441860465, 0.7192982456140351]","[0.8297872340425532, 0.8367346938775511]","[0.8666666666666667, 0.7735849056603774]","[0.8297872340425532, 0.8367346938775511]"
Gradient Boosting,50,10,0.999862972744033,0.9958847736625515,0.9218253968253968,0.6595238095238095,0.6595238095238096,0.8095238095238095,0.8297619047619047,0.8321678321678322,0.8095238095238095,0.85,0.8095238095238095,0.85,0.8297619047619047,"[0.85, 0.8095238095238095]","[0.85, 0.8095238095238095]","[0.85, 0.8095238095238095]","[0.85, 0.8095238095238095]"
KNN,1,1,0.9577813328000799,0.8482328482328483,0.9216843762298308,0.7186147186147186,0.7186147186147187,0.8484848484848485,0.8593073593073592,0.8601398601398601,0.8484848484848485,0.8701298701298701,0.8484848484848485,0.8701298701298701,0.8593073593073592,"[0.8701298701298701, 0.8484848484848485]","[0.8701298701298701, 0.8484848484848485]","[0.8701298701298701, 0.8484848484848485]","[0.8701298701298701, 0.8484848484848485]"
KNN,2,1,0.9599330750264178,0.8643006263048016,0.8990338164251208,0.6242392755610096,0.6236933797909407,0.8,0.8117647058823529,0.8125,0.782608695652174,0.84,0.8181818181818182,0.8076923076923077,0.811304347826087,"[0.8076923076923077, 0.8181818181818182]","[0.84, 0.782608695652174]","[0.8235294117647058, 0.8]","[0.84, 0.782608695652174]"
KNN,3,1,0.9547739938080495,0.8617234468937875,0.9127906976744186,0.679110567115463,0.6791105671154631,0.8070175438596491,0.8395552835577316,0.8461538461538461,0.8070175438596491,0.872093023255814,0.8070175438596491,0.872093023255814,0.8395552835577316,"[0.872093023255814, 0.8070175438596491]","[0.872093023255814, 0.8070175438596491]","[0.872093023255814, 0.8070175438596491]","[0.872093023255814, 0.8070175438596491]"
KNN,4,1,0.9581947890818858,0.8588957055214724,0.9207021791767555,0.6522719082834275,0.6519975664165483,0.7931034482758621,0.8259634888438134,0.8321678321678322,0.7796610169491526,0.8690476190476191,0.8070175438596491,0.8488372093023255,0.8243543179983859,"[0.8488372093023255, 0.8070175438596491]","[0.8690476190476191, 0.7796610169491526]","[0.8588235294117647, 0.7931034482758621]","[0.8690476190476191, 0.7796610169491526]"
KNN,5,1,0.9633639355620995,0.856,0.8864942528735631,0.6732201928806617,0.6698122678445939,0.8067226890756303,0.8344990690887133,0.8391608391608392,0.8571428571428571,0.8275862068965517,0.7619047619047619,0.9,0.8423645320197044,"[0.9, 0.7619047619047619]","[0.8275862068965517, 0.8571428571428571]","[0.8622754491017964, 0.8067226890756303]","[0.8275862068965517, 0.8571428571428571]"
KNN,6,2,0.9594532032032033,0.8588957055214724,0.9301846032992931,0.6910868750769343,0.6899881750098542,0.8307692307692308,0.8448717948717949,0.8461538461538461,0.8059701492537313,0.881578947368421,0.8571428571428571,0.8375,0.8437745483110761,"[0.8375, 0.8571428571428571]","[0.881578947368421, 0.8059701492537313]","[0.8589743589743589, 0.8307692307692308]","[0.881578947368421, 0.8059701492537313]"
KNN,7,2,0.9638191081517353,0.864516129032258,0.9009261045726413,0.603404433384852,0.5962877030162412,0.7786259541984732,0.7969562892011475,0.7986111111111112,0.7183098591549296,0.8767123287671232,0.85,0.7619047619047619,0.7975110939610264,"[0.7619047619047619, 0.85]","[0.8767123287671232, 0.7183098591549296]","[0.8152866242038217, 0.7786259541984732]","[0.8767123287671232, 0.7183098591549296]"
KNN,8,2,0.959334668446818,0.8588469184890656,0.9149793388429751,0.6968121617444833,0.6949720670391062,0.8173913043478261,0.8472921434019832,0.8531468531468531,0.8545454545454545,0.8522727272727273,0.7833333333333333,0.9036144578313253,0.8534090909090909,"[0.9036144578313253, 0.7833333333333333]","[0.8522727272727273, 0.8545454545454545]","[0.8771929824561403, 0.8173913043478261]","[0.8522727272727273, 0.8545454545454545]"
KNN,9,2,0.9531950464396285,0.8543689320388349,0.9317625458996327,0.6910326908262456,0.6865284974093264,0.819672131147541,0.8427628948420631,0.8461538461538461,0.8771929824561403,0.8255813953488372,0.7692307692307693,0.9102564102564102,0.8513871889024888,"[0.9102564102564102, 0.7692307692307693]","[0.8255813953488372, 0.8771929824561403]","[0.8658536585365854, 0.819672131147541]","[0.8255813953488372, 0.8771929824561403]"
KNN,10,2,0.9632321981424149,0.8611670020120724,0.9021827825377396,0.6681041962494105,0.667475482762107,0.8034188034188035,0.8336620644312952,0.8391608391608392,0.8245614035087719,0.8488372093023255,0.7833333333333333,0.8795180722891566,0.8366993064055488,"[0.8795180722891566, 0.7833333333333333]","[0.8488372093023255, 0.8245614035087719]","[0.863905325443787, 0.8034188034188035]","[0.8488372093023255, 0.8245614035087719]"
KNN,11,3,0.9631366459627329,0.8645418326693227,0.8683202258519862,0.6440805588866374,0.6424314660309893,0.7899159663865546,0.8209934861518572,0.8263888888888888,0.8245614035087719,0.8275862068965517,0.7580645161290323,0.8780487804878049,0.8260738052026618,"[0.8780487804878049, 0.7580645161290323]","[0.8275862068965517, 0.8245614035087719]","[0.8520710059171598, 0.7899159663865546]","[0.8275862068965517, 0.8245614035087719]"
KNN,12,3,0.9592561115832625,0.8475991649269311,0.8981700118063755,0.6768236019502863,0.6767567567567567,0.8270676691729323,0.8383704358936557,0.8391608391608392,0.8333333333333334,0.8441558441558441,0.8208955223880597,0.8552631578947368,0.8387445887445888,"[0.8552631578947368, 0.8208955223880597]","[0.8441558441558441, 0.8333333333333334]","[0.8496732026143791, 0.8270676691729323]","[0.8441558441558441, 0.8333333333333334]"
KNN,13,3,0.958636137381782,0.8512396694214877,0.9077060931899641,0.7575833115926117,0.7575062344139651,0.8617886178861789,0.8787470696792858,0.8811188811188811,0.8548387096774194,0.9012345679012346,0.8688524590163934,0.8902439024390244,0.878036638789327,"[0.8902439024390244, 0.8688524590163934]","[0.9012345679012346, 0.8548387096774194]","[0.8957055214723927, 0.8617886178861789]","[0.9012345679012346, 0.8548387096774194]"
KNN,14,3,0.9619713421587586,0.8645418326693227,0.9004056795131845,0.6932073105578954,0.689484024402854,0.8073394495412844,0.8443476908723371,0.8531468531468531,0.7586206896551724,0.9176470588235294,0.8627450980392157,0.8478260869565217,0.8381338742393509,"[0.8478260869565217, 0.8627450980392157]","[0.9176470588235294, 0.7586206896551724]","[0.8813559322033898, 0.8073394495412844]","[0.9176470588235294, 0.7586206896551724]"
KNN,15,3,0.9606185309889013,0.8600823045267489,0.9284018987341772,0.688235708697517,0.6879587383455663,0.8253968253968254,0.8439484126984127,0.8461538461538461,0.8125,0.8734177215189873,0.8387096774193549,0.8518518518518519,0.8429588607594937,"[0.8518518518518519, 0.8387096774193549]","[0.8734177215189873, 0.8125]","[0.8625, 0.8253968253968254]","[0.8734177215189873, 0.8125]"
KNN,16,4,0.9498222071443829,0.8291666666666667,0.9347910216718267,0.7632767483524977,0.7626066718386346,0.8721804511278195,0.8812515158864904,0.8819444444444444,0.8529411764705882,0.9078947368421053,0.8923076923076924,0.8734177215189873,0.8804179566563468,"[0.8734177215189873, 0.8923076923076924]","[0.9078947368421053, 0.8529411764705882]","[0.8903225806451613, 0.8721804511278195]","[0.9078947368421053, 0.8529411764705882]"
KNN,17,4,0.9657609100618465,0.8739837398373984,0.8733935742971888,0.5692771084337349,0.5692771084337349,0.75,0.7846385542168675,0.7902097902097902,0.75,0.8192771084337349,0.75,0.8192771084337349,0.7846385542168675,"[0.8192771084337349, 0.75]","[0.8192771084337349, 0.75]","[0.8192771084337349, 0.75]","[0.8192771084337349, 0.75]"
KNN,18,4,0.9567343447865537,0.8542914171656687,0.9010141987829614,0.6829552114280522,0.6826709703449667,0.8135593220338984,0.8413034705407587,0.8461538461538461,0.8275862068965517,0.8588235294117647,0.8,0.8795180722891566,0.8432048681541582,"[0.8795180722891566, 0.8]","[0.8588235294117647, 0.8275862068965517]","[0.8690476190476191, 0.8135593220338984]","[0.8588235294117647, 0.8275862068965517]"
KNN,19,4,0.9604130063596547,0.856,0.9076354679802956,0.6662840031787933,0.6656500965741587,0.8,0.8327485380116959,0.8391608391608392,0.8214285714285714,0.8505747126436781,0.7796610169491526,0.8809523809523809,0.8360016420361247,"[0.8809523809523809, 0.7796610169491526]","[0.8505747126436781, 0.8214285714285714]","[0.8654970760233918, 0.8]","[0.8505747126436781, 0.8214285714285714]"
KNN,20,4,0.9627100446930164,0.8571428571428571,0.9039447731755423,0.6467921047552774,0.6451612903225806,0.8,0.822360248447205,0.8251748251748252,0.7692307692307693,0.8717948717948718,0.8333333333333334,0.8192771084337349,0.8205128205128205,"[0.8192771084337349, 0.8333333333333334]","[0.8717948717948718, 0.7692307692307693]","[0.84472049689441, 0.8]","[0.8717948717948718, 0.7692307692307693]"
KNN,21,5,0.9629914850989232,0.8493723849372385,0.886952288218111,0.679417248024858,0.678820791311094,0.8270676691729323,0.8393402861993693,0.8402777777777778,0.8461538461538461,0.8354430379746836,0.8088235294117647,0.868421052631579,0.8407984420642649,"[0.868421052631579, 0.8088235294117647]","[0.8354430379746836, 0.8461538461538461]","[0.8516129032258064, 0.8270676691729323]","[0.8354430379746836, 0.8461538461538461]"
KNN,22,5,0.9561671635807881,0.85,0.9195098039215687,0.6672546714497453,0.6649091974223784,0.8309859154929577,0.8321596244131455,0.8321678321678322,0.8676470588235294,0.8,0.7972972972972973,0.8695652173913043,0.8338235294117647,"[0.8695652173913043, 0.7972972972972973]","[0.8, 0.8676470588235294]","[0.8333333333333334, 0.8309859154929577]","[0.8, 0.8676470588235294]"
KNN,23,5,0.9636385046358272,0.8792079207920792,0.8701825557809331,0.5627521493350492,0.5625127472975728,0.7368421052631579,0.7812117503059975,0.7902097902097902,0.7241379310344828,0.8352941176470589,0.75,0.8160919540229885,0.7797160243407708,"[0.8160919540229885, 0.75]","[0.8352941176470589, 0.7241379310344828]","[0.8255813953488372, 0.7368421052631579]","[0.8352941176470589, 0.7241379310344828]"
KNN,24,5,0.9537089783281734,0.8447937131630648,0.9207466340269277,0.7356359102556038,0.7327102803738318,0.8333333333333334,0.8661048689138577,0.8741258741258742,0.7894736842105263,0.9302325581395349,0.8823529411764706,0.8695652173913043,0.8598531211750307,"[0.8695652173913043, 0.8823529411764706]","[0.9302325581395349, 0.7894736842105263]","[0.898876404494382, 0.8333333333333334]","[0.9302325581395349, 0.7894736842105263]"
KNN,25,5,0.9575558312655086,0.8514056224899599,0.9169693301049234,0.6953855952541041,0.6947240012198841,0.8173913043478261,0.8472921434019832,0.8531468531468531,0.7966101694915254,0.8928571428571429,0.8392857142857143,0.8620689655172413,0.8447336561743342,"[0.8620689655172413, 0.8392857142857143]","[0.8928571428571429, 0.7966101694915254]","[0.8771929824561403, 0.8173913043478261]","[0.8928571428571429, 0.7966101694915254]"
KNN,26,6,0.956418274060679,0.8421052631578947,0.9219178082191781,0.6808043678859956,0.6775174036670262,0.8270676691729323,0.8383704358936557,0.8391608391608392,0.7857142857142857,0.8904109589041096,0.873015873015873,0.8125,0.8380626223091976,"[0.8125, 0.873015873015873]","[0.8904109589041096, 0.7857142857142857]","[0.8496732026143791, 0.8270676691729323]","[0.8904109589041096, 0.7857142857142857]"
KNN,27,6,0.9594130189389188,0.8432203389830508,0.904524089306698,0.6638562835341166,0.663595373456185,0.8235294117647058,0.831764705882353,0.8321678321678322,0.8115942028985508,0.8513513513513513,0.835820895522388,0.8289473684210527,0.831472777124951,"[0.8289473684210527, 0.835820895522388]","[0.8513513513513513, 0.8115942028985508]","[0.84, 0.8235294117647058]","[0.8513513513513513, 0.8115942028985508]"
KNN,28,6,0.9600727975040855,0.8616600790513834,0.9041053286336305,0.6401225039001578,0.6368038740920097,0.7787610619469026,0.8179519595448799,0.8263888888888888,0.8301886792452831,0.8241758241758241,0.7333333333333333,0.8928571428571429,0.8271822517105536,"[0.8928571428571429, 0.7333333333333333]","[0.8241758241758241, 0.8301886792452831]","[0.8571428571428571, 0.7787610619469026]","[0.8241758241758241, 0.8301886792452831]"
KNN,29,6,0.9585552513688402,0.8489795918367347,0.9252289924332936,0.7166145167551137,0.7163261257686967,0.8412698412698413,0.8581349206349207,0.8601398601398601,0.8548387096774194,0.8641975308641975,0.828125,0.8860759493670886,0.8595181202708084,"[0.8860759493670886, 0.828125]","[0.8641975308641975, 0.8548387096774194]","[0.875, 0.8412698412698413]","[0.8641975308641975, 0.8548387096774194]"
KNN,30,6,0.9602720114531138,0.8712871287128713,0.9034591194968553,0.70020964360587,0.70020964360587,0.8113207547169812,0.850104821802935,0.8601398601398601,0.8113207547169812,0.8888888888888888,0.8113207547169812,0.8888888888888888,0.850104821802935,"[0.8888888888888888, 0.8113207547169812]","[0.8888888888888888, 0.8113207547169812]","[0.8888888888888888, 0.8113207547169812]","[0.8888888888888888, 0.8113207547169812]"
KNN,31,7,0.9569679285749912,0.8525252525252526,0.9159589176377642,0.7655568855141798,0.7618677042801556,0.8682170542635659,0.8806494076349276,0.8819444444444444,0.9180327868852459,0.8554216867469879,0.8235294117647058,0.9342105263157895,0.886727236816117,"[0.9342105263157895, 0.8235294117647058]","[0.8554216867469879, 0.9180327868852459]","[0.8930817610062893, 0.8682170542635659]","[0.8554216867469879, 0.9180327868852459]"
KNN,32,7,0.947798962743968,0.8471074380165289,0.9516666666666667,0.7335167094815099,0.7334445207495339,0.8592592592592593,0.8667157223448614,0.8671328671328671,0.8529411764705882,0.88,0.8656716417910447,0.868421052631579,0.8664705882352941,"[0.868421052631579, 0.8656716417910447]","[0.88, 0.8529411764705882]","[0.8741721854304636, 0.8592592592592593]","[0.88, 0.8529411764705882]"
KNN,33,7,0.9594463150018706,0.8477366255144033,0.9203916139240507,0.6788116019755498,0.677137528222244,0.8270676691729323,0.8383704358936557,0.8391608391608392,0.859375,0.8227848101265823,0.7971014492753623,0.8783783783783784,0.8410799050632911,"[0.8783783783783784, 0.7971014492753623]","[0.8227848101265823, 0.859375]","[0.8496732026143791, 0.8270676691729323]","[0.8227848101265823, 0.859375]"
KNN,34,7,0.9654477575038323,0.863905325443787,0.8790289256198347,0.5863636363636363,0.5863636363636364,0.7454545454545455,0.7931818181818182,0.8041958041958042,0.7454545454545455,0.8409090909090909,0.7454545454545455,0.8409090909090909,0.7931818181818182,"[0.8409090909090909, 0.7454545454545455]","[0.8409090909090909, 0.7454545454545455]","[0.8409090909090909, 0.7454545454545455]","[0.8409090909090909, 0.7454545454545455]"
KNN,35,7,0.9592990074441687,0.8530020703933747,0.9139426957223568,0.6362146737023944,0.6328437917222964,0.7747747747747747,0.8159588159588159,0.8251748251748252,0.7288135593220338,0.8928571428571429,0.8269230769230769,0.8241758241758241,0.8108353510895884,"[0.8241758241758241, 0.8269230769230769]","[0.8928571428571429, 0.7288135593220338]","[0.8571428571428571, 0.7747747747747747]","[0.8928571428571429, 0.7288135593220338]"
KNN,36,8,0.9538381677861583,0.8376753507014028,0.9379882812499999,0.7776134403022492,0.7763975155279503,0.8787878787878788,0.8881118881118881,0.8888888888888888,0.90625,0.875,0.8529411764705882,0.9210526315789473,0.890625,"[0.9210526315789473, 0.8529411764705882]","[0.875, 0.90625]","[0.8974358974358975, 0.8787878787878788]","[0.875, 0.90625]"
KNN,37,8,0.9610091743119266,0.8530020703933747,0.8864454218312674,0.6121787923108438,0.6116084900915402,0.773109243697479,0.805716298495446,0.8111888111888111,0.7540983606557377,0.8536585365853658,0.7931034482758621,0.8235294117647058,0.8038784486205517,"[0.8235294117647058, 0.7931034482758621]","[0.8536585365853658, 0.7540983606557377]","[0.8383233532934131, 0.773109243697479]","[0.8536585365853658, 0.7540983606557377]"
KNN,38,8,0.9615264836314714,0.8571428571428571,0.890079365079365,0.6878968253968254,0.6878968253968254,0.8253968253968254,0.8439484126984127,0.8461538461538461,0.8253968253968254,0.8625,0.8253968253968254,0.8625,0.8439484126984127,"[0.8625, 0.8253968253968254]","[0.8625, 0.8253968253968254]","[0.8625, 0.8253968253968254]","[0.8625, 0.8253968253968254]"
KNN,39,8,0.9621076900193366,0.8707753479125249,0.9139959432048683,0.6655844728216209,0.665514085223228,0.8,0.8327485380116959,0.8391608391608392,0.7931034482758621,0.8705882352941177,0.8070175438596491,0.8604651162790697,0.8318458417849899,"[0.8604651162790697, 0.8070175438596491]","[0.8705882352941177, 0.7931034482758621]","[0.8654970760233918, 0.8]","[0.8705882352941177, 0.7931034482758621]"
KNN,40,8,0.9552286119191468,0.8448979591836735,0.923530587764894,0.6992603639186638,0.6991886206551137,0.8264462809917356,0.8495867768595041,0.8531468531468531,0.819672131147541,0.8780487804878049,0.8333333333333334,0.8674698795180723,0.8488604558176729,"[0.8674698795180723, 0.8333333333333334]","[0.8780487804878049, 0.819672131147541]","[0.8727272727272727, 0.8264462809917356]","[0.8780487804878049, 0.819672131147541]"
KNN,41,9,0.9565322263269478,0.8414096916299559,0.9259868421052632,0.7275541795665634,0.7230769230769232,0.8611111111111112,0.8611111111111112,0.8611111111111112,0.8157894736842105,0.9117647058823529,0.9117647058823529,0.8157894736842105,0.8637770897832817,"[0.8157894736842105, 0.9117647058823529]","[0.9117647058823529, 0.8157894736842105]","[0.8611111111111112, 0.8611111111111112]","[0.9117647058823529, 0.8157894736842105]"
KNN,42,9,0.9576477491198722,0.8588957055214724,0.8972386587771204,0.6664759116765365,0.6641221374045801,0.8235294117647058,0.831764705882353,0.8321678321678322,0.8615384615384616,0.8076923076923077,0.7887323943661971,0.875,0.8346153846153846,"[0.875, 0.7887323943661971]","[0.8076923076923077, 0.8615384615384616]","[0.84, 0.8235294117647058]","[0.8076923076923077, 0.8615384615384616]"
KNN,43,9,0.9554878048780487,0.8571428571428571,0.9073078454798885,0.6583034647550776,0.6583034647550776,0.8064516129032258,0.8291517323775388,0.8321678321678322,0.8064516129032258,0.8518518518518519,0.8064516129032258,0.8518518518518519,0.8291517323775388,"[0.8518518518518519, 0.8064516129032258]","[0.8518518518518519, 0.8064516129032258]","[0.8518518518518519, 0.8064516129032258]","[0.8518518518518519, 0.8064516129032258]"
KNN,44,9,0.9661280412877857,0.8688845401174168,0.8726728723404255,0.6017476954380228,0.6016713091922006,0.7311827956989247,0.800824558471224,0.8251748251748252,0.723404255319149,0.875,0.7391304347826086,0.865979381443299,0.7992021276595744,"[0.865979381443299, 0.7391304347826086]","[0.875, 0.723404255319149]","[0.8704663212435233, 0.7311827956989247]","[0.875, 0.723404255319149]"
KNN,45,9,0.9595232198142416,0.8594059405940594,0.8994288045695634,0.6584822666515403,0.656043295249549,0.8,0.827710843373494,0.8321678321678322,0.8421052631578947,0.8255813953488372,0.7619047619047619,0.8875,0.833843329253366,"[0.8875, 0.7619047619047619]","[0.8255813953488372, 0.8421052631578947]","[0.8554216867469879, 0.8]","[0.8255813953488372, 0.8421052631578947]"
KNN,46,10,0.9576294482207117,0.854251012145749,0.8957475994513031,0.690958639848149,0.6906854130052724,0.828125,0.8453125,0.8472222222222222,0.8412698412698413,0.8518518518518519,0.8153846153846154,0.8734177215189873,0.8465608465608465,"[0.8734177215189873, 0.8153846153846154]","[0.8518518518518519, 0.8412698412698413]","[0.8625, 0.828125]","[0.8518518518518519, 0.8412698412698413]"
KNN,47,10,0.9585291265756694,0.8571428571428571,0.9155337864854058,0.684802108541451,0.6801545343635624,0.8070175438596491,0.8395552835577316,0.8461538461538461,0.7540983606557377,0.9146341463414634,0.8679245283018868,0.8333333333333334,0.8343662534986005,"[0.8333333333333334, 0.8679245283018868]","[0.9146341463414634, 0.7540983606557377]","[0.872093023255814, 0.8070175438596491]","[0.9146341463414634, 0.7540983606557377]"
KNN,48,10,0.9602361313685058,0.8595744680851064,0.8903560250391237,0.6652305996311823,0.6641878669275929,0.8260869565217391,0.8319623971797885,0.8321678321678322,0.8028169014084507,0.8611111111111112,0.8507462686567164,0.8157894736842105,0.831964006259781,"[0.8157894736842105, 0.8507462686567164]","[0.8611111111111112, 0.8028169014084507]","[0.8378378378378378, 0.8260869565217391]","[0.8611111111111112, 0.8028169014084507]"
KNN,49,10,0.9617755629383535,0.8671875,0.9071862787668258,0.6282280453243033,0.6247507085126482,0.7619047619047619,0.811891607471718,0.8251748251748252,0.8163265306122449,0.8297872340425532,0.7142857142857143,0.896551724137931,0.823056882327399,"[0.896551724137931, 0.7142857142857143]","[0.8297872340425532, 0.8163265306122449]","[0.861878453038674, 0.7619047619047619]","[0.8297872340425532, 0.8163265306122449]"
KNN,50,10,0.9606794060491306,0.8507157464212679,0.9186507936507937,0.7016508941278028,0.7015800457120143,0.832,0.8507826086956521,0.8531468531468531,0.8253968253968254,0.875,0.8387096774193549,0.8641975308641975,0.8501984126984127,"[0.8641975308641975, 0.8387096774193549]","[0.875, 0.8253968253968254]","[0.8695652173913043, 0.832]","[0.875, 0.8253968253968254]"
Logistic Regression,1,1,0.9356846473029045,0.8482490272373541,0.947461629279811,0.6949215888185915,0.6924731182795698,0.8405797101449275,0.8459655307481394,0.8461538461538461,0.8787878787878788,0.8181818181818182,0.8055555555555556,0.8873239436619719,0.8484848484848485,"[0.8873239436619719, 0.8055555555555556]","[0.8181818181818182, 0.8787878787878788]","[0.8513513513513513, 0.8405797101449275]","[0.8181818181818182, 0.8787878787878788]"
Logistic Regression,2,1,0.9425225179892317,0.8549019607843137,0.9296618357487922,0.7080638198683413,0.7079953650057937,0.8489208633093526,0.8539906329969582,0.8541666666666666,0.855072463768116,0.8533333333333334,0.8428571428571429,0.8648648648648649,0.8542028985507246,"[0.8648648648648649, 0.8428571428571429]","[0.8533333333333334, 0.855072463768116]","[0.8590604026845637, 0.8489208633093526]","[0.8533333333333334, 0.855072463768116]"
Logistic Regression,3,1,0.9415851393188855,0.8484848484848485,0.9318645450836393,0.7770858183630989,0.7720207253886011,0.8688524590163934,0.8856457417033187,0.8881118881118881,0.9298245614035088,0.8604651162790697,0.8153846153846154,0.9487179487179487,0.8951448388412893,"[0.9487179487179487, 0.8153846153846154]","[0.8604651162790697, 0.9298245614035088]","[0.9024390243902439, 0.8688524590163934]","[0.8604651162790697, 0.9298245614035088]"
Logistic Regression,4,1,0.9401240694789083,0.864244741873805,0.9301856335754641,0.7132030302812231,0.7129090544067456,0.8333333333333334,0.856425702811245,0.8601398601398601,0.847457627118644,0.8690476190476191,0.819672131147541,0.8902439024390244,0.8582526230831315,"[0.8902439024390244, 0.819672131147541]","[0.8690476190476191, 0.847457627118644]","[0.8795180722891566, 0.8333333333333334]","[0.8690476190476191, 0.847457627118644]"
Logistic Regression,5,1,0.946215139442231,0.8636363636363636,0.9127668308702791,0.6991398460657705,0.6890075128509292,0.8225806451612904,0.8433890880127439,0.8461538461538461,0.9107142857142857,0.8045977011494253,0.75,0.9333333333333333,0.8576559934318555,"[0.9333333333333333, 0.75]","[0.8045977011494253, 0.9107142857142857]","[0.8641975308641975, 0.8225806451612904]","[0.8045977011494253, 0.9107142857142857]"
Logistic Regression,6,2,0.9323323323323324,0.8427184466019417,0.9507069913589945,0.7191673212882954,0.7191673212882954,0.8507462686567164,0.8595836606441477,0.8601398601398601,0.8507462686567164,0.868421052631579,0.8507462686567164,0.868421052631579,0.8595836606441477,"[0.868421052631579, 0.8507462686567164]","[0.868421052631579, 0.8507462686567164]","[0.868421052631579, 0.8507462686567164]","[0.868421052631579, 0.8507462686567164]"
Logistic Regression,7,2,0.9471978410008071,0.8629032258064516,0.9079683580937682,0.652840747707773,0.6527777777777778,0.8251748251748252,0.8263805160356885,0.8263888888888888,0.8309859154929577,0.821917808219178,0.8194444444444444,0.8333333333333334,0.8264518618560679,"[0.8333333333333334, 0.8194444444444444]","[0.821917808219178, 0.8309859154929577]","[0.8275862068965517, 0.8251748251748252]","[0.821917808219178, 0.8309859154929577]"
Logistic Regression,8,2,0.9390792661820699,0.8549905838041432,0.9386363636363637,0.7385789188451398,0.7294633077765608,0.8429752066115702,0.8639118457300275,0.8671328671328671,0.9272727272727272,0.8295454545454546,0.7727272727272727,0.948051948051948,0.8784090909090909,"[0.948051948051948, 0.7727272727272727]","[0.8295454545454546, 0.9272727272727272]","[0.8848484848484849, 0.8429752066115702]","[0.8295454545454546, 0.9272727272727272]"
Logistic Regression,9,2,0.9399133126934984,0.8625235404896422,0.934312525499796,0.688522551676237,0.676947254690109,0.8188976377952756,0.8371217748724806,0.8391608391608392,0.9122807017543859,0.7906976744186046,0.7428571428571429,0.9315068493150684,0.8514891880864952,"[0.9315068493150684, 0.7428571428571429]","[0.7906976744186046, 0.9122807017543859]","[0.8553459119496856, 0.8188976377952756]","[0.7906976744186046, 0.9122807017543859]"
Logistic Regression,10,2,0.9458575851393188,0.8565965583173997,0.9143206854345165,0.7119971520170879,0.7033488096414107,0.832,0.8507826086956521,0.8531468531468531,0.9122807017543859,0.813953488372093,0.7647058823529411,0.9333333333333333,0.8631170950632394,"[0.9333333333333333, 0.7647058823529411]","[0.813953488372093, 0.9122807017543859]","[0.8695652173913043, 0.832]","[0.813953488372093, 0.9122807017543859]"
Logistic Regression,11,3,0.9472049689440994,0.8582375478927203,0.8941318814277072,0.7017580025683391,0.691768826619965,0.8253968253968254,0.8447971781305115,0.8472222222222222,0.9122807017543859,0.8045977011494253,0.7536231884057971,0.9333333333333333,0.8584392014519056,"[0.9333333333333333, 0.7536231884057971]","[0.8045977011494253, 0.9122807017543859]","[0.8641975308641975, 0.8253968253968254]","[0.8045977011494253, 0.9122807017543859]"
Logistic Regression,12,3,0.9350347447882819,0.8466019417475729,0.9531680440771351,0.7411129239279747,0.7352625937834941,0.8652482269503546,0.867106872095867,0.8671328671328671,0.9242424242424242,0.8181818181818182,0.8133333333333334,0.9264705882352942,0.8712121212121212,"[0.9264705882352942, 0.8133333333333334]","[0.8181818181818182, 0.9242424242424242]","[0.8689655172413793, 0.8652482269503546]","[0.8181818181818182, 0.9242424242424242]"
Logistic Regression,13,3,0.9442135390741664,0.8538011695906432,0.9167662285941856,0.7210251625594256,0.718448513486907,0.8461538461538461,0.858974358974359,0.8601398601398601,0.8870967741935484,0.8395061728395061,0.8088235294117647,0.9066666666666666,0.8633014735165272,"[0.9066666666666666, 0.8088235294117647]","[0.8395061728395061, 0.8870967741935484]","[0.8717948717948718, 0.8461538461538461]","[0.8395061728395061, 0.8870967741935484]"
Logistic Regression,14,3,0.9353463235658684,0.8549618320610687,0.9430020283975659,0.7118153164027009,0.7115190639499698,0.8305084745762712,0.8557304277643261,0.8601398601398601,0.8448275862068966,0.8705882352941177,0.8166666666666667,0.891566265060241,0.8577079107505071,"[0.891566265060241, 0.8166666666666667]","[0.8705882352941177, 0.8448275862068966]","[0.8809523809523809, 0.8305084745762712]","[0.8705882352941177, 0.8448275862068966]"
Logistic Regression,15,3,0.9407157999750593,0.8521400778210116,0.9262262658227848,0.725030665549536,0.7204847537138389,0.8529411764705882,0.8598039215686275,0.8601398601398601,0.90625,0.8227848101265823,0.8055555555555556,0.9154929577464789,0.8645174050632911,"[0.9154929577464789, 0.8055555555555556]","[0.8227848101265823, 0.90625]","[0.8666666666666667, 0.8529411764705882]","[0.8227848101265823, 0.90625]"
Logistic Regression,16,4,0.9349768178220061,0.84251968503937,0.9547213622291022,0.7921948227210829,0.7915057915057915,0.8920863309352518,0.8957075949978273,0.8958333333333334,0.9117647058823529,0.881578947368421,0.8732394366197183,0.9178082191780822,0.896671826625387,"[0.9178082191780822, 0.8732394366197183]","[0.881578947368421, 0.9117647058823529]","[0.8993288590604027, 0.8920863309352518]","[0.881578947368421, 0.9117647058823529]"
Logistic Regression,17,4,0.9445989915799409,0.8737864077669902,0.9048192771084336,0.5847859025555104,0.578999018645731,0.7692307692307693,0.7884615384615385,0.7902097902097902,0.8333333333333334,0.7590361445783133,0.7142857142857143,0.863013698630137,0.7961847389558233,"[0.863013698630137, 0.7142857142857143]","[0.7590361445783133, 0.8333333333333334]","[0.8076923076923077, 0.7692307692307693]","[0.7590361445783133, 0.8333333333333334]"
Logistic Regression,18,4,0.9389905300213198,0.8571428571428571,0.9318458417849899,0.7459035601789497,0.7431650369187787,0.8524590163934426,0.8713514594162335,0.8741258741258742,0.896551724137931,0.8588235294117647,0.8125,0.9240506329113924,0.8776876267748479,"[0.9240506329113924, 0.8125]","[0.8588235294117647, 0.896551724137931]","[0.8902439024390244, 0.8524590163934426]","[0.8588235294117647, 0.896551724137931]"
Logistic Regression,19,4,0.9454480215782832,0.8555133079847909,0.9105090311986863,0.7146566251249662,0.7119838872104733,0.8305084745762712,0.8557304277643261,0.8601398601398601,0.875,0.8505747126436781,0.7903225806451613,0.9135802469135802,0.8627873563218391,"[0.9135802469135802, 0.7903225806451613]","[0.8505747126436781, 0.875]","[0.8809523809523809, 0.8305084745762712]","[0.8505747126436781, 0.875]"
Logistic Regression,20,4,0.9386157648997528,0.84375,0.9285996055226824,0.7690692780959546,0.7629911280101395,0.8776978417266187,0.8810257916116087,0.8811188811188811,0.9384615384615385,0.8333333333333334,0.8243243243243243,0.9420289855072463,0.8858974358974359,"[0.9420289855072463, 0.8243243243243243]","[0.8333333333333334, 0.9384615384615385]","[0.8843537414965986, 0.8776978417266187]","[0.8333333333333334, 0.9384615384615385]"
Logistic Regression,21,5,0.9456924618081642,0.8503937007874016,0.9024342745861733,0.6744958620186458,0.6680115273775216,0.8285714285714286,0.8332046332046332,0.8333333333333334,0.8923076923076924,0.7848101265822784,0.7733333333333333,0.8985507246376812,0.8385589094449855,"[0.8985507246376812, 0.7733333333333333]","[0.7848101265822784, 0.8923076923076924]","[0.8378378378378378, 0.8285714285714286]","[0.7848101265822784, 0.8923076923076924]"
Logistic Regression,22,5,0.9349835893067422,0.8454011741682974,0.9535294117647058,0.7646370500748515,0.7500485531171102,0.88,0.8738235294117647,0.8741258741258742,0.9705882352941176,0.7866666666666666,0.8048780487804879,0.9672131147540983,0.8786274509803922,"[0.9672131147540983, 0.8048780487804879]","[0.7866666666666666, 0.9705882352941176]","[0.8676470588235294, 0.88]","[0.7866666666666666, 0.9705882352941176]"
Logistic Regression,23,5,0.9398705934850513,0.8669201520912547,0.927789046653144,0.5902578481038102,0.5873221216041397,0.7642276422764228,0.7931567659234875,0.7972027972027972,0.8103448275862069,0.788235294117647,0.7230769230769231,0.8589743589743589,0.7992900608519269,"[0.8589743589743589, 0.7230769230769231]","[0.788235294117647, 0.8103448275862069]","[0.8220858895705522, 0.7642276422764228]","[0.788235294117647, 0.8103448275862069]"
Logistic Regression,24,5,0.9344891640866873,0.8377358490566038,0.9538963688290494,0.7706370217427352,0.7693548387096775,0.864406779661017,0.8845843422114609,0.8881118881118881,0.8947368421052632,0.8837209302325582,0.8360655737704918,0.926829268292683,0.8892288861689106,"[0.926829268292683, 0.8360655737704918]","[0.8837209302325582, 0.8947368421052632]","[0.9047619047619048, 0.864406779661017]","[0.8837209302325582, 0.8947368421052632]"
Logistic Regression,25,5,0.9498511166253102,0.8647619047619047,0.8970944309927361,0.7114608555286521,0.7114608555286521,0.8305084745762712,0.8557304277643261,0.8601398601398601,0.8305084745762712,0.8809523809523809,0.8305084745762712,0.8809523809523809,0.8557304277643261,"[0.8809523809523809, 0.8305084745762712]","[0.8809523809523809, 0.8305084745762712]","[0.8809523809523809, 0.8305084745762712]","[0.8809523809523809, 0.8305084745762712]"
Logistic Regression,26,6,0.9398859754872413,0.8487229862475442,0.9403131115459883,0.7065292314404544,0.7059053961414161,0.8467153284671532,0.8528878655758585,0.8531468531468531,0.8285714285714286,0.8767123287671232,0.8656716417910447,0.8421052631578947,0.852641878669276,"[0.8421052631578947, 0.8656716417910447]","[0.8767123287671232, 0.8285714285714286]","[0.8590604026845637, 0.8467153284671532]","[0.8767123287671232, 0.8285714285714286]"
Logistic Regression,27,6,0.9452276432961245,0.8537549407114624,0.9005092048570309,0.6847527127233084,0.6793409378960711,0.8435374149659864,0.839034894533353,0.8391608391608392,0.8985507246376812,0.7837837837837838,0.7948717948717948,0.8923076923076924,0.8411672542107325,"[0.8923076923076924, 0.7948717948717948]","[0.7837837837837838, 0.8985507246376812]","[0.8345323741007195, 0.8435374149659864]","[0.7837837837837838, 0.8985507246376812]"
Logistic Regression,28,6,0.9462437478334076,0.8598130841121495,0.9108438731080241,0.6874328738260583,0.6654404646660212,0.8064516129032258,0.8300550747442959,0.8333333333333334,0.9433962264150944,0.7692307692307693,0.704225352112676,0.958904109589041,0.8563134978229319,"[0.958904109589041, 0.704225352112676]","[0.7692307692307693, 0.9433962264150944]","[0.8536585365853658, 0.8064516129032258]","[0.7692307692307693, 0.9433962264150944]"
Logistic Regression,29,6,0.9350671976107516,0.8549323017408124,0.942652329749104,0.7468461054796662,0.7456521739130435,0.859375,0.8727254746835442,0.8741258741258742,0.8870967741935484,0.8641975308641975,0.8333333333333334,0.9090909090909091,0.8756471525288729,"[0.9090909090909091, 0.8333333333333334]","[0.8641975308641975, 0.8870967741935484]","[0.8860759493670886, 0.859375]","[0.8641975308641975, 0.8870967741935484]"
Logistic Regression,30,6,0.9366746476439662,0.847457627118644,0.9471698113207547,0.7520610802072702,0.750025706940874,0.8468468468468469,0.8748519948519948,0.8811188811188811,0.8867924528301887,0.8777777777777778,0.8103448275862069,0.9294117647058824,0.8822851153039832,"[0.9294117647058824, 0.8103448275862069]","[0.8777777777777778, 0.8867924528301887]","[0.9028571428571428, 0.8468468468468469]","[0.8777777777777778, 0.8867924528301887]"
Logistic Regression,31,7,0.9380642426056163,0.8477842003853564,0.9346237408650997,0.7374056619406246,0.7338521400778211,0.8527131782945736,0.8666081614743308,0.8680555555555556,0.9016393442622951,0.8433734939759037,0.8088235294117647,0.9210526315789473,0.8725064191190994,"[0.9210526315789473, 0.8088235294117647]","[0.8433734939759037, 0.9016393442622951]","[0.8805031446540881, 0.8527131782945736]","[0.8433734939759037, 0.9016393442622951]"
Logistic Regression,32,7,0.932515721694686,0.8460038986354775,0.9686274509803922,0.8253794079897561,0.8188638799571275,0.9103448275862069,0.9090731230129616,0.9090909090909091,0.9705882352941176,0.8533333333333334,0.8571428571428571,0.9696969696969697,0.9119607843137255,"[0.9696969696969697, 0.8571428571428571]","[0.8533333333333334, 0.9705882352941176]","[0.9078014184397163, 0.9103448275862069]","[0.8533333333333334, 0.9705882352941176]"
Logistic Regression,33,7,0.9402668661927921,0.8421052631578947,0.9307753164556961,0.7041825941745714,0.6943256898561989,0.8428571428571429,0.8460861056751467,0.8461538461538461,0.921875,0.7848101265822784,0.7763157894736842,0.9253731343283582,0.8533425632911392,"[0.9253731343283582, 0.7763157894736842]","[0.7848101265822784, 0.921875]","[0.8493150684931506, 0.8428571428571429]","[0.7848101265822784, 0.921875]"
Logistic Regression,34,7,0.9475597092419522,0.8809073724007561,0.8991735537190083,0.5929366322626176,0.5919282511210762,0.7543859649122807,0.7957976336189311,0.8041958041958042,0.7818181818181819,0.8181818181818182,0.7288135593220338,0.8571428571428571,0.8,"[0.8571428571428571, 0.7288135593220338]","[0.8181818181818182, 0.7818181818181819]","[0.8372093023255814, 0.7543859649122807]","[0.8181818181818182, 0.7818181818181819]"
Logistic Regression,35,7,0.946166253101737,0.8643410852713178,0.9043583535108959,0.6690840774727923,0.669014793197142,0.8067226890756303,0.8344990690887133,0.8391608391608392,0.8135593220338984,0.8571428571428571,0.8,0.8674698795180723,0.8353510895883778,"[0.8674698795180723, 0.8]","[0.8571428571428571, 0.8135593220338984]","[0.8622754491017964, 0.8067226890756303]","[0.8571428571428571, 0.8135593220338984]"
Logistic Regression,36,8,0.934869350945001,0.8527131782945736,0.95390625,0.7180287023450416,0.7096774193548387,0.8489208633093526,0.8539906329969582,0.8541666666666666,0.921875,0.8,0.7866666666666666,0.927536231884058,0.8609375,"[0.927536231884058, 0.7866666666666666]","[0.8, 0.921875]","[0.8590604026845637, 0.8489208633093526]","[0.8, 0.921875]"
Logistic Regression,37,8,0.9401432087715372,0.8532818532818532,0.9224310275889644,0.6892531987674744,0.6881443298969072,0.8253968253968254,0.8439484126984127,0.8461538461538461,0.8524590163934426,0.8414634146341463,0.8,0.8846153846153846,0.8469612155137944,"[0.8846153846153846, 0.8]","[0.8414634146341463, 0.8524590163934426]","[0.8625, 0.8253968253968254]","[0.8414634146341463, 0.8524590163934426]"
Logistic Regression,38,8,0.9475185609646718,0.8588235294117647,0.9089285714285714,0.7175105773237274,0.7172236503856042,0.84375,0.8585838607594937,0.8601398601398601,0.8571428571428571,0.8625,0.8307692307692308,0.8846153846153846,0.8598214285714285,"[0.8846153846153846, 0.8307692307692308]","[0.8625, 0.8571428571428571]","[0.8734177215189873, 0.84375]","[0.8625, 0.8571428571428571]"
Logistic Regression,39,8,0.9435519857206605,0.8659003831417624,0.916632860040568,0.6799930539143124,0.6744531327328516,0.816,0.8365714285714285,0.8391608391608392,0.8793103448275862,0.8117647058823529,0.7611940298507462,0.9078947368421053,0.8455375253549695,"[0.9078947368421053, 0.7611940298507462]","[0.8117647058823529, 0.8793103448275862]","[0.8571428571428571, 0.816]","[0.8117647058823529, 0.8793103448275862]"
Logistic Regression,40,8,0.938328236493374,0.8533333333333334,0.939624150339864,0.7614281665158287,0.7595212187159956,0.8661417322834646,0.879611746644877,0.8811188811188811,0.9016393442622951,0.8658536585365854,0.8333333333333334,0.922077922077922,0.8837465013994402,"[0.922077922077922, 0.8333333333333334]","[0.8658536585365854, 0.9016393442622951]","[0.8930817610062893, 0.8661417322834646]","[0.8658536585365854, 0.9016393442622951]"
Logistic Regression,41,9,0.9394701095580862,0.842741935483871,0.9448529411764706,0.7770897832817337,0.7770897832817337,0.8947368421052632,0.8885448916408669,0.8888888888888888,0.8947368421052632,0.8823529411764706,0.8947368421052632,0.8823529411764706,0.8885448916408669,"[0.8823529411764706, 0.8947368421052632]","[0.8823529411764706, 0.8947368421052632]","[0.8823529411764706, 0.8947368421052632]","[0.8823529411764706, 0.8947368421052632]"
Logistic Regression,42,9,0.9406132181468628,0.8470588235294118,0.9319526627218936,0.7409637563050725,0.7351077313054499,0.8633093525179856,0.8670288259188568,0.8671328671328671,0.9230769230769231,0.8205128205128205,0.8108108108108109,0.927536231884058,0.8717948717948718,"[0.927536231884058, 0.8108108108108109]","[0.8205128205128205, 0.9230769230769231]","[0.8707482993197279, 0.8633093525179856]","[0.8205128205128205, 0.9230769230769231]"
Logistic Regression,43,9,0.9396217023394723,0.8532289628180039,0.9303066507367582,0.6958414848695471,0.6914476265202041,0.8333333333333334,0.8452380952380952,0.8461538461538461,0.8870967741935484,0.8148148148148148,0.7857142857142857,0.9041095890410958,0.8509557945041816,"[0.9041095890410958, 0.7857142857142857]","[0.8148148148148148, 0.8870967741935484]","[0.8571428571428571, 0.8333333333333334]","[0.8148148148148148, 0.8870967741935484]"
Logistic Regression,44,9,0.9462275743425903,0.8650646950092421,0.9109042553191489,0.647089383871619,0.6451612903225806,0.7676767676767676,0.8223410576351753,0.8391608391608392,0.8085106382978723,0.8541666666666666,0.7307692307692307,0.9010989010989011,0.8313386524822695,"[0.9010989010989011, 0.7307692307692307]","[0.8541666666666666, 0.8085106382978723]","[0.8770053475935828, 0.7676767676767676]","[0.8541666666666666, 0.8085106382978723]"
Logistic Regression,45,9,0.9385139318885449,0.8549618320610687,0.9286005711954305,0.6893972424165455,0.6676350958744917,0.8181818181818182,0.8311688311688312,0.8321678321678322,0.9473684210526315,0.7558139534883721,0.72,0.9558823529411765,0.8515911872705018,"[0.9558823529411765, 0.72]","[0.7558139534883721, 0.9473684210526315]","[0.8441558441558441, 0.8181818181818182]","[0.7558139534883721, 0.9473684210526315]"
Logistic Regression,46,10,0.9413359656137545,0.8515625,0.9269057417205565,0.6777749493656265,0.6683937823834196,0.8260869565217391,0.8330434782608696,0.8333333333333334,0.9047619047619048,0.7777777777777778,0.76,0.9130434782608695,0.8412698412698413,"[0.9130434782608695, 0.76]","[0.7777777777777778, 0.9047619047619048]","[0.84, 0.8260869565217391]","[0.7777777777777778, 0.9047619047619048]"
Logistic Regression,47,10,0.9404042664279854,0.8615384615384616,0.9310275889644142,0.7128796348930438,0.7116935483870968,0.8305084745762712,0.8557304277643261,0.8601398601398601,0.8032786885245902,0.9024390243902439,0.8596491228070176,0.8604651162790697,0.8528588564574171,"[0.8604651162790697, 0.8596491228070176]","[0.9024390243902439, 0.8032786885245902]","[0.8809523809523809, 0.8305084745762712]","[0.9024390243902439, 0.8032786885245902]"
Logistic Regression,48,10,0.9465246693154956,0.8622754491017964,0.9047339593114242,0.6969027802609892,0.6925332290852229,0.8533333333333334,0.8457843137254902,0.8461538461538461,0.9014084507042254,0.7916666666666666,0.810126582278481,0.890625,0.846537558685446,"[0.890625, 0.810126582278481]","[0.7916666666666666, 0.9014084507042254]","[0.8382352941176471, 0.8533333333333334]","[0.7916666666666666, 0.9014084507042254]"
Logistic Regression,49,10,0.9382551987203149,0.8518518518518519,0.9465914025184542,0.7428885429021174,0.7251947001112572,0.831858407079646,0.8610159087421352,0.8671328671328671,0.9591836734693877,0.8191489361702128,0.734375,0.9746835443037974,0.8891663048198002,"[0.9746835443037974, 0.734375]","[0.8191489361702128, 0.9591836734693877]","[0.8901734104046243, 0.831858407079646]","[0.8191489361702128, 0.9591836734693877]"
Logistic Regression,50,10,0.9384249339777767,0.8477842003853564,0.9307539682539683,0.7345296243605024,0.7327102803738317,0.8549618320610687,0.8661905934498892,0.8671328671328671,0.8888888888888888,0.85,0.8235294117647058,0.9066666666666666,0.8694444444444445,"[0.9066666666666666, 0.8235294117647058]","[0.85, 0.8888888888888888]","[0.8774193548387097, 0.8549618320610687]","[0.85, 0.8888888888888888]"
Naive Bayes,1,1,0.8836986951957206,0.8085867620751341,0.8794765840220387,0.6619369871554611,0.6411889596602973,0.8266666666666667,0.8177450980392157,0.8181818181818182,0.9393939393939394,0.7142857142857143,0.7380952380952381,0.9322033898305084,0.8268398268398269,"[0.9322033898305084, 0.7380952380952381]","[0.7142857142857143, 0.9393939393939394]","[0.8088235294117647, 0.8266666666666667]","[0.7142857142857143, 0.9393939393939394]"
Naive Bayes,2,1,0.8849695566849494,0.8078994614003591,0.8765217391304349,0.6860512095196066,0.6691556576680069,0.8441558441558441,0.8325256832719519,0.8333333333333334,0.9420289855072463,0.7333333333333333,0.7647058823529411,0.9322033898305084,0.8376811594202898,"[0.9322033898305084, 0.7647058823529411]","[0.7333333333333333, 0.9420289855072463]","[0.8208955223880597, 0.8441558441558441]","[0.7333333333333333, 0.9420289855072463]"
Naive Bayes,3,1,0.8802229102167183,0.8186528497409327,0.8935128518971848,0.6571329739177884,0.6292134831460674,0.8,0.8105960264900662,0.8111888111888111,0.9473684210526315,0.7209302325581395,0.6923076923076923,0.9538461538461539,0.8341493268053854,"[0.9538461538461539, 0.6923076923076923]","[0.7209302325581395, 0.9473684210526315]","[0.8211920529801324, 0.8]","[0.7209302325581395, 0.9473684210526315]"
Naive Bayes,4,1,0.881606699751861,0.8145580589254766,0.9083938660209847,0.6973543761599296,0.690415272584137,0.828125,0.8444422468354431,0.8461538461538461,0.8983050847457628,0.8095238095238095,0.7681159420289855,0.918918918918919,0.8539144471347861,"[0.918918918918919, 0.7681159420289855]","[0.8095238095238095, 0.8983050847457628]","[0.8607594936708861, 0.828125]","[0.8095238095238095, 0.8983050847457628]"
Naive Bayes,5,1,0.8873697755561605,0.8231173380035026,0.8604269293924467,0.5946416388041909,0.5445006557991381,0.7605633802816901,0.7622261345852894,0.7622377622377622,0.9642857142857143,0.632183908045977,0.627906976744186,0.9649122807017544,0.7982348111658457,"[0.9649122807017544, 0.627906976744186]","[0.632183908045977, 0.9642857142857143]","[0.7638888888888888, 0.7605633802816901]","[0.632183908045977, 0.9642857142857143]"
Naive Bayes,6,2,0.8853666166166166,0.8121645796064401,0.8973880597014925,0.6614314589586238,0.640634061473033,0.8289473684210527,0.817458758837392,0.8181818181818182,0.9402985074626866,0.7105263157894737,0.7411764705882353,0.9310344827586207,0.8254124116260801,"[0.9310344827586207, 0.7411764705882353]","[0.7105263157894737, 0.9402985074626866]","[0.8059701492537313, 0.8289473684210527]","[0.7105263157894737, 0.9402985074626866]"
Naive Bayes,7,2,0.8892630145278451,0.8138686131386861,0.8790275901987266,0.6712613826742683,0.6671161625890966,0.84,0.8330434782608696,0.8333333333333334,0.8873239436619719,0.7808219178082192,0.7974683544303798,0.8769230769230769,0.8340729307350956,"[0.8769230769230769, 0.7974683544303798]","[0.7808219178082192, 0.8873239436619719]","[0.8260869565217391, 0.84]","[0.7808219178082192, 0.8873239436619719]"
Naive Bayes,8,2,0.8833135538743015,0.8200692041522492,0.8847107438016528,0.6336508039119714,0.5929018789144049,0.7794117647058824,0.7897058823529413,0.7902097902097902,0.9636363636363636,0.6818181818181818,0.654320987654321,0.967741935483871,0.8227272727272728,"[0.967741935483871, 0.654320987654321]","[0.6818181818181818, 0.9636363636363636]","[0.8, 0.7794117647058824]","[0.6818181818181818, 0.9636363636363636]"
Naive Bayes,9,2,0.8911021671826626,0.8194444444444444,0.8655650754793962,0.6035975856144863,0.5845438698431145,0.7727272727272727,0.788961038961039,0.7902097902097902,0.8947368421052632,0.7209302325581395,0.68,0.9117647058823529,0.8078335373317014,"[0.9117647058823529, 0.68]","[0.7209302325581395, 0.8947368421052632]","[0.8051948051948052, 0.7727272727272727]","[0.7209302325581395, 0.8947368421052632]"
Naive Bayes,10,2,0.879640866873065,0.8096054888507719,0.8994288045695634,0.7224594621282253,0.6858943749403114,0.8321167883211679,0.8388771861068927,0.8391608391608392,1.0,0.7325581395348837,0.7125,1.0,0.8662790697674418,"[1.0, 0.7125]","[0.7325581395348837, 1.0]","[0.8456375838926175, 0.8321167883211679]","[0.7325581395348837, 1.0]"
Naive Bayes,11,3,0.8880745341614906,0.830122591943958,0.8500705787457148,0.6200665234839058,0.5916052183777651,0.7794117647058824,0.7910216718266254,0.7916666666666666,0.9298245614035088,0.7011494252873564,0.6708860759493671,0.9384615384615385,0.8154869933454325,"[0.9384615384615385, 0.6708860759493671]","[0.7011494252873564, 0.9298245614035088]","[0.8026315789473685, 0.7794117647058824]","[0.7011494252873564, 0.9298245614035088]"
Naive Bayes,12,3,0.8828925661150827,0.8078291814946619,0.8816410861865407,0.6742582322189865,0.642706131078224,0.8311688311688312,0.8170995670995671,0.8181818181818182,0.9696969696969697,0.6883116883116883,0.7272727272727273,0.9636363636363636,0.829004329004329,"[0.9636363636363636, 0.7272727272727273]","[0.6883116883116883, 0.9696969696969697]","[0.803030303030303, 0.8311688311688312]","[0.6883116883116883, 0.9696969696969697]"
Naive Bayes,13,3,0.8837419113987058,0.8120567375886525,0.8969534050179212,0.691116192317952,0.6695551704217215,0.8309859154929577,0.8321596244131455,0.8321678321678322,0.9516129032258065,0.7407407407407407,0.7375,0.9523809523809523,0.8461768219832736,"[0.9523809523809523, 0.7375]","[0.7407407407407407, 0.9516129032258065]","[0.8333333333333334, 0.8309859154929577]","[0.7407407407407407, 0.9516129032258065]"
Naive Bayes,14,3,0.8842592592592593,0.8132635253054101,0.8932048681541581,0.6682654932276617,0.6425000000000001,0.8088235294117647,0.8177450980392157,0.8181818181818182,0.9482758620689655,0.7294117647058823,0.7051282051282052,0.9538461538461539,0.8388438133874239,"[0.9538461538461539, 0.7051282051282052]","[0.7294117647058823, 0.9482758620689655]","[0.8266666666666667, 0.8088235294117647]","[0.7294117647058823, 0.9482758620689655]"
Naive Bayes,15,3,0.8846926050629754,0.8120567375886525,0.8840981012658228,0.6455682700095222,0.6275682453940388,0.8137931034482758,0.811151870873074,0.8111888111888111,0.921875,0.7215189873417721,0.7283950617283951,0.9193548387096774,0.821696993670886,"[0.9193548387096774, 0.7283950617283951]","[0.7215189873417721, 0.921875]","[0.8085106382978723, 0.8137931034482758]","[0.7215189873417721, 0.921875]"
Naive Bayes,16,4,0.8777815472376141,0.8057553956834532,0.909249226006192,0.698306740310687,0.6832440703902065,0.847682119205298,0.8398994537632329,0.8402777777777778,0.9411764705882353,0.75,0.7710843373493976,0.9344262295081968,0.8455882352941176,"[0.9344262295081968, 0.7710843373493976]","[0.75, 0.9411764705882353]","[0.8321167883211679, 0.847682119205298]","[0.75, 0.9411764705882353]"
Naive Bayes,17,4,0.8971337025905964,0.8253968253968254,0.8455823293172691,0.5942777016948702,0.5736270077907089,0.7769784172661871,0.7830470317623452,0.7832167832167832,0.9,0.6987951807228916,0.6835443037974683,0.90625,0.7993975903614459,"[0.90625, 0.6835443037974683]","[0.6987951807228916, 0.9]","[0.7891156462585034, 0.7769784172661871]","[0.6987951807228916, 0.9]"
Naive Bayes,18,4,0.8791214239674748,0.8082191780821918,0.8975659229208924,0.7121461837449851,0.6943256898561989,0.8333333333333334,0.8452380952380952,0.8461538461538461,0.9482758620689655,0.7764705882352941,0.7432432432432432,0.9565217391304348,0.8623732251521299,"[0.9565217391304348, 0.7432432432432432]","[0.7764705882352941, 0.9482758620689655]","[0.8571428571428571, 0.8333333333333334]","[0.7764705882352941, 0.9482758620689655]"
Naive Bayes,19,4,0.8871408774838534,0.8263888888888888,0.8715106732348112,0.6173020735647721,0.5885286783042394,0.7761194029850746,0.7893754909662216,0.7902097902097902,0.9285714285714286,0.7011494252873564,0.6666666666666666,0.9384615384615385,0.8148604269293924,"[0.9384615384615385, 0.6666666666666666]","[0.7011494252873564, 0.9285714285714286]","[0.8026315789473685, 0.7761194029850746]","[0.7011494252873564, 0.9285714285714286]"
Naive Bayes,20,4,0.8823874559936081,0.8085867620751341,0.8920118343195267,0.6531293047706352,0.6169154228855722,0.8181818181818182,0.803030303030303,0.8041958041958042,0.9692307692307692,0.6666666666666666,0.7078651685393258,0.9629629629629629,0.8179487179487179,"[0.9629629629629629, 0.7078651685393258]","[0.6666666666666666, 0.9692307692307692]","[0.7878787878787878, 0.8181818181818182]","[0.6666666666666666, 0.9692307692307692]"
Naive Bayes,21,5,0.8851051840721262,0.8144144144144144,0.8742940603700097,0.6343745141286696,0.5937558773744593,0.8076923076923077,0.7902097902097902,0.7916666666666666,0.9692307692307692,0.6455696202531646,0.6923076923076923,0.9622641509433962,0.8074001947419669,"[0.9622641509433962, 0.6923076923076923]","[0.6455696202531646, 0.9692307692307692]","[0.7727272727272727, 0.8076923076923077]","[0.6455696202531646, 0.9692307692307692]"
Naive Bayes,22,5,0.88006413950342,0.8028419182948491,0.8745098039215686,0.701709444287246,0.6685338999420514,0.8481012658227848,0.8303006329113924,0.8321678321678322,0.9852941176470589,0.6933333333333334,0.7444444444444445,0.9811320754716981,0.8393137254901961,"[0.9811320754716981, 0.7444444444444445]","[0.6933333333333334, 0.9852941176470589]","[0.8125, 0.8481012658227848]","[0.6933333333333334, 0.9852941176470589]"
Naive Bayes,23,5,0.8905188655858,0.8181818181818182,0.8602434077079107,0.6614314589586238,0.640634061473033,0.8059701492537313,0.817458758837392,0.8181818181818182,0.9310344827586207,0.7411764705882353,0.7105263157894737,0.9402985074626866,0.8361054766734279,"[0.9402985074626866, 0.7105263157894737]","[0.7411764705882353, 0.9310344827586207]","[0.8289473684210527, 0.8059701492537313]","[0.7411764705882353, 0.9310344827586207]"
Naive Bayes,24,5,0.8771702786377709,0.8151986183074266,0.9073847409220727,0.6543561685257331,0.6379041682898325,0.8,0.8166666666666667,0.8181818181818182,0.9122807017543859,0.7558139534883721,0.7123287671232876,0.9285714285714286,0.834047327621379,"[0.9285714285714286, 0.7123287671232876]","[0.7558139534883721, 0.9122807017543859]","[0.8333333333333334, 0.8]","[0.7558139534883721, 0.9122807017543859]"
Naive Bayes,25,5,0.8885856079404467,0.8283185840707965,0.8915456012913641,0.6810563069742458,0.6755450330472527,0.8188976377952756,0.8371217748724806,0.8391608391608392,0.8813559322033898,0.8095238095238095,0.7647058823529411,0.9066666666666666,0.8454398708635997,"[0.9066666666666666, 0.7647058823529411]","[0.8095238095238095, 0.8813559322033898]","[0.8553459119496856, 0.8188976377952756]","[0.8095238095238095, 0.8813559322033898]"
Naive Bayes,26,6,0.8818816556158329,0.8065099457504521,0.9048923679060665,0.7191875438886074,0.7072814114436106,0.8627450980392157,0.8524251805985552,0.8531468531468531,0.9428571428571428,0.7671232876712328,0.7951807228915663,0.9333333333333333,0.8549902152641878,"[0.9333333333333333, 0.7951807228915663]","[0.7671232876712328, 0.9428571428571428]","[0.8421052631578947, 0.8627450980392157]","[0.7671232876712328, 0.9428571428571428]"
Naive Bayes,27,6,0.8926251097453907,0.8168498168498168,0.8413631022326674,0.5974778586495683,0.5575323921871977,0.8048780487804879,0.7712914834066373,0.7762237762237763,0.9565217391304348,0.6081081081081081,0.6947368421052632,0.9375,0.7823149236192715,"[0.9375, 0.6947368421052632]","[0.6081081081081081, 0.9565217391304348]","[0.7377049180327869, 0.8048780487804879]","[0.6081081081081081, 0.9565217391304348]"
Naive Bayes,28,6,0.8931931857574407,0.8339100346020761,0.8579722164627824,0.5859676181816794,0.5428571428571429,0.746268656716418,0.7627447179685987,0.7638888888888888,0.9433962264150944,0.6593406593406593,0.6172839506172839,0.9523809523809523,0.8013684428778769,"[0.9523809523809523, 0.6172839506172839]","[0.6593406593406593, 0.9433962264150944]","[0.7792207792207793, 0.746268656716418]","[0.6593406593406593, 0.9433962264150944]"
Naive Bayes,29,6,0.8794860627177701,0.8020833333333334,0.8901831939466348,0.725072166544399,0.7092651757188498,0.8489208633093526,0.8530318602261049,0.8531468531468531,0.9516129032258065,0.7777777777777778,0.7662337662337663,0.9545454545454546,0.8646953405017921,"[0.9545454545454546, 0.7662337662337663]","[0.7777777777777778, 0.9516129032258065]","[0.8571428571428571, 0.8489208633093526]","[0.7777777777777778, 0.9516129032258065]"
Naive Bayes,30,6,0.8751265026041024,0.8143100511073254,0.9153039832285116,0.66780444823345,0.6484413413314977,0.7967479674796748,0.8216868671754203,0.8251748251748252,0.9245283018867925,0.7666666666666667,0.7,0.9452054794520548,0.8455974842767295,"[0.9452054794520548, 0.7]","[0.7666666666666667, 0.9245283018867925]","[0.8466257668711656, 0.7967479674796748]","[0.7666666666666667, 0.9245283018867925]"
Naive Bayes,31,7,0.88440819991022,0.8153310104529616,0.8746790440450325,0.621173217460004,0.592836946277097,0.7916666666666666,0.7916666666666666,0.7916666666666666,0.9344262295081968,0.6867469879518072,0.6867469879518072,0.9344262295081968,0.810586608730002,"[0.9344262295081968, 0.6867469879518072]","[0.6867469879518072, 0.9344262295081968]","[0.7916666666666666, 0.7916666666666666]","[0.6867469879518072, 0.9344262295081968]"
Naive Bayes,32,7,0.8715017663417933,0.7964601769911505,0.9291176470588235,0.7295165577190954,0.7089834286268049,0.8627450980392157,0.8524251805985552,0.8531468531468531,0.9705882352941176,0.7466666666666667,0.7764705882352941,0.9655172413793104,0.8586274509803922,"[0.9655172413793104, 0.7764705882352941]","[0.7466666666666667, 0.9705882352941176]","[0.8421052631578947, 0.8627450980392157]","[0.7466666666666667, 0.9705882352941176]"
Naive Bayes,33,7,0.8878413767302656,0.8141592920353983,0.86689082278481,0.6430782871568685,0.6045580242204633,0.8104575163398693,0.7962062017789572,0.7972027972027972,0.96875,0.6582278481012658,0.6966292134831461,0.9629629629629629,0.8134889240506329,"[0.9629629629629629, 0.6966292134831461]","[0.6582278481012658, 0.96875]","[0.7819548872180451, 0.8104575163398693]","[0.6582278481012658, 0.96875]"
Naive Bayes,34,7,0.8892350294219453,0.8342059336823735,0.8645661157024793,0.6287865687334676,0.618063112078346,0.7804878048780488,0.8074218165494538,0.8111888111888111,0.8727272727272727,0.7727272727272727,0.7058823529411765,0.9066666666666666,0.8227272727272728,"[0.9066666666666666, 0.7058823529411765]","[0.7727272727272727, 0.8727272727272727]","[0.8343558282208589, 0.7804878048780488]","[0.7727272727272727, 0.8727272727272727]"
Naive Bayes,35,7,0.8882754342431762,0.8189806678383128,0.8811541565778853,0.6619369871554611,0.6411889596602973,0.8088235294117647,0.8177450980392157,0.8181818181818182,0.9322033898305084,0.7380952380952381,0.7142857142857143,0.9393939393939394,0.8351493139628733,"[0.9393939393939394, 0.7142857142857143]","[0.7380952380952381, 0.9322033898305084]","[0.8266666666666667, 0.8088235294117647]","[0.7380952380952381, 0.9322033898305084]"
Naive Bayes,36,8,0.8765432098765433,0.8056537102473498,0.910546875,0.7031230493106525,0.6616541353383458,0.8366013071895425,0.8257080610021786,0.8263888888888888,1.0,0.6875,0.7191011235955056,1.0,0.84375,"[1.0, 0.7191011235955056]","[0.6875, 1.0]","[0.8148148148148148, 0.8366013071895425]","[0.6875, 1.0]"
Naive Bayes,37,8,0.8899269038561944,0.818342151675485,0.8724510195921631,0.6453681636399573,0.6273525721455457,0.8057553956834532,0.811040963147849,0.8111888111888111,0.9180327868852459,0.7317073170731707,0.717948717948718,0.9230769230769231,0.8248700519792083,"[0.9230769230769231, 0.717948717948718]","[0.7317073170731707, 0.9180327868852459]","[0.8163265306122449, 0.8057553956834532]","[0.7317073170731707, 0.9180327868852459]"
Naive Bayes,38,8,0.8858625242911954,0.8127208480565371,0.8737103174603174,0.6803061924568135,0.6673773987206824,0.8285714285714286,0.8320939334637965,0.8321678321678322,0.9206349206349206,0.7625,0.7532467532467533,0.9242424242424242,0.8415674603174603,"[0.9242424242424242, 0.7532467532467533]","[0.7625, 0.9206349206349206]","[0.8356164383561644, 0.8285714285714286]","[0.7625, 0.9206349206349206]"
Naive Bayes,39,8,0.8927004313550498,0.8245614035087719,0.8579107505070994,0.6157495124311427,0.5792121499762696,0.7801418439716312,0.7831743702616777,0.7832167832167832,0.9482758620689655,0.6705882352941176,0.6626506024096386,0.95,0.8094320486815416,"[0.95, 0.6626506024096386]","[0.6705882352941176, 0.9482758620689655]","[0.7862068965517242, 0.7801418439716312]","[0.6705882352941176, 0.9482758620689655]"
Naive Bayes,40,8,0.8727281768230527,0.8097731239092496,0.9118352658936425,0.7021605620402736,0.6825595984943538,0.8345323741007195,0.839034894533353,0.8391608391608392,0.9508196721311475,0.7560975609756098,0.7435897435897436,0.9538461538461539,0.8534586165533786,"[0.9538461538461539, 0.7435897435897436]","[0.7560975609756098, 0.9508196721311475]","[0.8435374149659864, 0.8345323741007195]","[0.7560975609756098, 0.9508196721311475]"
Naive Bayes,41,9,0.8779246169275495,0.7948717948717948,0.9171826625386997,0.7577418632314532,0.746875,0.8902439024390244,0.8725413060582219,0.875,0.9605263157894737,0.7794117647058824,0.8295454545454546,0.9464285714285714,0.8699690402476781,"[0.9464285714285714, 0.8295454545454546]","[0.7794117647058824, 0.9605263157894737]","[0.8548387096774194, 0.8902439024390244]","[0.7794117647058824, 0.9605263157894737]"
Naive Bayes,42,9,0.8854273301540536,0.8120567375886525,0.8601577909270217,0.62415985980097,0.5895522388059702,0.8051948051948052,0.788961038961039,0.7902097902097902,0.9538461538461539,0.6538461538461539,0.6966292134831461,0.9444444444444444,0.8038461538461539,"[0.9444444444444444, 0.6966292134831461]","[0.6538461538461539, 0.9538461538461539]","[0.7727272727272727, 0.8051948051948052]","[0.6538461538461539, 0.9538461538461539]"
Naive Bayes,43,9,0.8857765057242409,0.8105263157894737,0.8773397052966946,0.6739470780671188,0.655155782772258,0.8226950354609929,0.8251406211787723,0.8251748251748252,0.9354838709677419,0.7407407407407407,0.7341772151898734,0.9375,0.8381123058542412,"[0.9375, 0.7341772151898734]","[0.7407407407407407, 0.9354838709677419]","[0.8275862068965517, 0.8226950354609929]","[0.7407407407407407, 0.9354838709677419]"
Naive Bayes,44,9,0.8819857458835094,0.8249158249158249,0.8991578014184398,0.6685263028027542,0.6500815660685155,0.7818181818181819,0.8227272727272728,0.8321678321678322,0.9148936170212766,0.7916666666666666,0.6825396825396826,0.95,0.8532801418439716,"[0.95, 0.6825396825396826]","[0.7916666666666666, 0.9148936170212766]","[0.8636363636363636, 0.7818181818181819]","[0.7916666666666666, 0.9148936170212766]"
Naive Bayes,45,9,0.8923591331269349,0.8251748251748252,0.8502651978784169,0.5946416388041909,0.5445006557991381,0.7638888888888888,0.7622261345852894,0.7622377622377622,0.9649122807017544,0.627906976744186,0.632183908045977,0.9642857142857143,0.7964096287229703,"[0.9642857142857143, 0.632183908045977]","[0.627906976744186, 0.9649122807017544]","[0.7605633802816901, 0.7638888888888888]","[0.627906976744186, 0.9649122807017544]"
Naive Bayes,46,10,0.8870889144342263,0.8191489361702128,0.8692925729962767,0.6493623745306926,0.6196943972835314,0.8108108108108109,0.8054054054054054,0.8055555555555556,0.9523809523809523,0.691358024691358,0.7058823529411765,0.9491525423728814,0.8218694885361552,"[0.9491525423728814, 0.7058823529411765]","[0.691358024691358, 0.9523809523809523]","[0.8, 0.8108108108108109]","[0.691358024691358, 0.9523809523809523]"
Naive Bayes,47,10,0.8803920837373511,0.819614711033275,0.9101359456217513,0.6465954240909432,0.6374804992199687,0.8059701492537313,0.817458758837392,0.8181818181818182,0.8852459016393442,0.7682926829268293,0.7397260273972602,0.9,0.8267692922830867,"[0.9, 0.7397260273972602]","[0.7682926829268293, 0.8852459016393442]","[0.8289473684210527, 0.8059701492537313]","[0.7682926829268293, 0.8852459016393442]"
Naive Bayes,48,10,0.8864922295428255,0.8036036036036036,0.8663928012519562,0.6941810163058231,0.6787772243383143,0.8535031847133758,0.8376043055349824,0.8391608391608392,0.9436619718309859,0.7361111111111112,0.7790697674418605,0.9298245614035088,0.8398865414710486,"[0.9298245614035088, 0.7790697674418605]","[0.7361111111111112, 0.9436619718309859]","[0.8217054263565892, 0.8535031847133758]","[0.7361111111111112, 0.9436619718309859]"
Naive Bayes,49,10,0.8845514950166113,0.8253424657534246,0.8685410334346505,0.6093238563329776,0.5630252100840336,0.746031746031746,0.773015873015873,0.7762237762237763,0.9591836734693877,0.6808510638297872,0.6103896103896104,0.9696969696969697,0.8200173686495875,"[0.9696969696969697, 0.6103896103896104]","[0.6808510638297872, 0.9591836734693877]","[0.8, 0.746031746031746]","[0.6808510638297872, 0.9591836734693877]"
Naive Bayes,50,10,0.8806617170760874,0.8070175438596491,0.9078373015873016,0.7023809523809523,0.6828045134535634,0.8391608391608392,0.8391608391608392,0.8391608391608392,0.9523809523809523,0.75,0.75,0.9523809523809523,0.8511904761904762,"[0.9523809523809523, 0.75]","[0.75, 0.9523809523809523]","[0.8391608391608392, 0.8391608391608392]","[0.75, 0.9523809523809523]"
Random Forest,1,1,1.0,1.0,0.9384100747737111,0.7748917748917749,0.774891774891775,0.8787878787878788,0.8874458874458875,0.8881118881118881,0.8787878787878788,0.8961038961038961,0.8787878787878788,0.8961038961038961,0.8874458874458875,"[0.8961038961038961, 0.8787878787878788]","[0.8961038961038961, 0.8787878787878788]","[0.8961038961038961, 0.8787878787878788]","[0.8961038961038961, 0.8787878787878788]"
Random Forest,2,1,1.0,1.0,0.929951690821256,0.6800371996335021,0.6794425087108014,0.8296296296296296,0.8396514161220043,0.8402777777777778,0.8115942028985508,0.8666666666666667,0.8484848484848485,0.8333333333333334,0.8391304347826087,"[0.8333333333333334, 0.8484848484848485]","[0.8666666666666667, 0.8115942028985508]","[0.8496732026143791, 0.8296296296296296]","[0.8666666666666667, 0.8115942028985508]"
Random Forest,3,1,1.0,1.0,0.9365565075479396,0.7082823337413301,0.7082823337413301,0.8245614035087719,0.8541411668706651,0.8601398601398601,0.8245614035087719,0.8837209302325582,0.8245614035087719,0.8837209302325582,0.8541411668706651,"[0.8837209302325582, 0.8245614035087719]","[0.8837209302325582, 0.8245614035087719]","[0.8837209302325582, 0.8245614035087719]","[0.8837209302325582, 0.8245614035087719]"
Random Forest,4,1,1.0,1.0,0.9384584342211462,0.7389248182363681,0.7376681614349776,0.8421052631578947,0.8687270501835985,0.8741258741258742,0.8135593220338984,0.9166666666666666,0.8727272727272727,0.875,0.8651129943502824,"[0.875, 0.8727272727272727]","[0.9166666666666666, 0.8135593220338984]","[0.8953488372093024, 0.8421052631578947]","[0.9166666666666666, 0.8135593220338984]"
Random Forest,5,1,1.0,1.0,0.9235426929392445,0.6654082951344358,0.6586433260393874,0.8032786885245902,0.8284686125549781,0.8321678321678322,0.875,0.8045977011494253,0.7424242424242424,0.9090909090909091,0.8397988505747127,"[0.9090909090909091, 0.7424242424242424]","[0.8045977011494253, 0.875]","[0.8536585365853658, 0.8032786885245902]","[0.8045977011494253, 0.875]"
Random Forest,6,2,1.0,1.0,0.9493322859387274,0.7189546468566089,0.7186700767263428,0.8484848484848485,0.8593073593073592,0.8601398601398601,0.835820895522388,0.881578947368421,0.8615384615384616,0.8589743589743589,0.8586999214454045,"[0.8589743589743589, 0.8615384615384616]","[0.881578947368421, 0.835820895522388]","[0.8701298701298701, 0.8484848484848485]","[0.881578947368421, 0.835820895522388]"
Random Forest,7,2,1.0,1.0,0.910476557978005,0.6292296037794634,0.624275222265172,0.7969924812030075,0.8113994664079553,0.8125,0.7464788732394366,0.8767123287671232,0.8548387096774194,0.7804878048780488,0.8115956010032799,"[0.7804878048780488, 0.8548387096774194]","[0.8767123287671232, 0.7464788732394366]","[0.8258064516129032, 0.7969924812030075]","[0.8767123287671232, 0.7464788732394366]"
Random Forest,8,2,1.0,1.0,0.9371900826446281,0.7681224554311182,0.7668161434977578,0.8596491228070176,0.883312933496532,0.8881118881118881,0.8909090909090909,0.8863636363636364,0.8305084745762712,0.9285714285714286,0.8886363636363637,"[0.9285714285714286, 0.8305084745762712]","[0.8863636363636364, 0.8909090909090909]","[0.9069767441860465, 0.8596491228070176]","[0.8863636363636364, 0.8909090909090909]"
Random Forest,9,2,1.0,1.0,0.9411464708282334,0.7287916936554935,0.7269072268569705,0.8403361344537815,0.8632818396819806,0.8671328671328671,0.8771929824561403,0.8604651162790697,0.8064516129032258,0.9135802469135802,0.868829049367605,"[0.9135802469135802, 0.8064516129032258]","[0.8604651162790697, 0.8771929824561403]","[0.8862275449101796, 0.8403361344537815]","[0.8604651162790697, 0.8771929824561403]"
Random Forest,10,2,1.0,1.0,0.9245206038351693,0.674714149284541,0.6713300689517337,0.8099173553719008,0.8352617079889807,0.8391608391608392,0.8596491228070176,0.8255813953488372,0.765625,0.8987341772151899,0.8426152590779274,"[0.8987341772151899, 0.765625]","[0.8255813953488372, 0.8596491228070176]","[0.8606060606060606, 0.8099173553719008]","[0.8255813953488372, 0.8596491228070176]"
Random Forest,11,3,1.0,1.0,0.8984674329501915,0.6640597379976249,0.6597755463673951,0.8032786885245902,0.829350187635789,0.8333333333333334,0.8596491228070176,0.8160919540229885,0.7538461538461538,0.8987341772151899,0.837870538415003,"[0.8987341772151899, 0.7538461538461538]","[0.8160919540229885, 0.8596491228070176]","[0.8554216867469879, 0.8032786885245902]","[0.8160919540229885, 0.8596491228070176]"
Random Forest,12,3,1.0,1.0,0.9334907516725699,0.7049344863763366,0.7048648648648649,0.8421052631578947,0.8524251805985552,0.8531468531468531,0.8484848484848485,0.8571428571428571,0.835820895522388,0.868421052631579,0.8528138528138528,"[0.868421052631579, 0.835820895522388]","[0.8571428571428571, 0.8484848484848485]","[0.8627450980392157, 0.8421052631578947]","[0.8571428571428571, 0.8484848484848485]"
Random Forest,13,3,1.0,1.0,0.9166666666666666,0.6858688744056223,0.6855886468119128,0.819672131147541,0.8427628948420631,0.8461538461538461,0.8064516129032258,0.8765432098765432,0.8333333333333334,0.8554216867469879,0.8414974113898845,"[0.8554216867469879, 0.8333333333333334]","[0.8765432098765432, 0.8064516129032258]","[0.8658536585365854, 0.819672131147541]","[0.8765432098765432, 0.8064516129032258]"
Random Forest,14,3,1.0,1.0,0.943002028397566,0.7086432975491754,0.7083418315317153,0.8245614035087719,0.8541411668706651,0.8601398601398601,0.8103448275862069,0.8941176470588236,0.8392857142857143,0.8735632183908046,0.8522312373225152,"[0.8735632183908046, 0.8392857142857143]","[0.8941176470588236, 0.8103448275862069]","[0.8837209302325582, 0.8245614035087719]","[0.8941176470588236, 0.8103448275862069]"
Random Forest,15,3,1.0,1.0,0.9248417721518988,0.6888844936708861,0.688884493670886,0.828125,0.8444422468354431,0.8461538461538461,0.828125,0.8607594936708861,0.828125,0.8607594936708861,0.8444422468354431,"[0.8607594936708861, 0.828125]","[0.8607594936708861, 0.828125]","[0.8607594936708861, 0.828125]","[0.8607594936708861, 0.828125]"
Random Forest,16,4,1.0,1.0,0.9636222910216719,0.8328173374613003,0.8328173374613003,0.9117647058823529,0.9164086687306501,0.9166666666666666,0.9117647058823529,0.9210526315789473,0.9117647058823529,0.9210526315789473,0.9164086687306501,"[0.9210526315789473, 0.9117647058823529]","[0.9210526315789473, 0.9117647058823529]","[0.9210526315789473, 0.9117647058823529]","[0.9210526315789473, 0.9117647058823529]"
Random Forest,17,4,1.0,1.0,0.9036144578313253,0.5692771084337349,0.5692771084337349,0.75,0.7846385542168675,0.7902097902097902,0.75,0.8192771084337349,0.75,0.8192771084337349,0.7846385542168675,"[0.8192771084337349, 0.75]","[0.8192771084337349, 0.75]","[0.8192771084337349, 0.75]","[0.8192771084337349, 0.75]"
Random Forest,18,4,1.0,1.0,0.9398580121703854,0.7273650650745946,0.726687455990343,0.8403361344537815,0.8632818396819806,0.8671328671328671,0.8620689655172413,0.8705882352941177,0.819672131147541,0.9024390243902439,0.8663286004056795,"[0.9024390243902439, 0.819672131147541]","[0.8705882352941177, 0.8620689655172413]","[0.8862275449101796, 0.8403361344537815]","[0.8705882352941177, 0.8620689655172413]"
Random Forest,19,4,1.0,1.0,0.9279556650246306,0.7535887794047257,0.7528718105113348,0.8521739130434782,0.8763793541825577,0.8811188811188811,0.875,0.8850574712643678,0.8305084745762712,0.9166666666666666,0.8800287356321839,"[0.9166666666666666, 0.8305084745762712]","[0.8850574712643678, 0.875]","[0.9005847953216374, 0.8521739130434782]","[0.8850574712643678, 0.875]"
Random Forest,20,4,1.0,1.0,0.9162721893491124,0.6749977260509116,0.6743886743886744,0.8188976377952756,0.8371217748724806,0.8391608391608392,0.8,0.8717948717948718,0.8387096774193549,0.8395061728395061,0.8358974358974359,"[0.8395061728395061, 0.8387096774193549]","[0.8717948717948718, 0.8]","[0.8553459119496856, 0.8188976377952756]","[0.8717948717948718, 0.8]"
Random Forest,21,5,1.0,1.0,0.9154819863680623,0.679417248024858,0.678820791311094,0.8270676691729323,0.8393402861993693,0.8402777777777778,0.8461538461538461,0.8354430379746836,0.8088235294117647,0.868421052631579,0.8407984420642649,"[0.868421052631579, 0.8088235294117647]","[0.8354430379746836, 0.8461538461538461]","[0.8516129032258064, 0.8270676691729323]","[0.8354430379746836, 0.8461538461538461]"
Random Forest,22,5,1.0,1.0,0.9546078431372549,0.7664705882352941,0.7628061274270661,0.8811188811188811,0.8811188811188811,0.8811188811188811,0.9264705882352942,0.84,0.84,0.9264705882352942,0.8832352941176471,"[0.9264705882352942, 0.84]","[0.84, 0.9264705882352942]","[0.8811188811188811, 0.8811188811188811]","[0.84, 0.9264705882352942]"
Random Forest,23,5,1.0,1.0,0.9011156186612576,0.6095509650454434,0.6094872054212602,0.7692307692307693,0.8047337278106509,0.8111888111888111,0.7758620689655172,0.8352941176470589,0.7627118644067796,0.8452380952380952,0.805578093306288,"[0.8452380952380952, 0.7627118644067796]","[0.8352941176470589, 0.7758620689655172]","[0.8402366863905325, 0.7692307692307693]","[0.8352941176470589, 0.7758620689655172]"
Random Forest,24,5,1.0,1.0,0.9468584251325989,0.752850896672622,0.7527712803823858,0.8521739130434782,0.8763793541825577,0.8811188811188811,0.8596491228070176,0.8953488372093024,0.8448275862068966,0.9058823529411765,0.87749898000816,"[0.9058823529411765, 0.8448275862068966]","[0.8953488372093024, 0.8596491228070176]","[0.9005847953216374, 0.8521739130434782]","[0.8953488372093024, 0.8596491228070176]"
Random Forest,25,5,1.0,1.0,0.9000201775625505,0.6950216153965848,0.6931644017574333,0.8141592920353983,0.846386004399202,0.8531468531468531,0.7796610169491526,0.9047619047619048,0.8518518518518519,0.8539325842696629,0.8422114608555287,"[0.8539325842696629, 0.8518518518518519]","[0.9047619047619048, 0.7796610169491526]","[0.8786127167630058, 0.8141592920353983]","[0.9047619047619048, 0.7796610169491526]"
Random Forest,26,6,1.0,1.0,0.9472602739726028,0.7770829952770707,0.7758620689655172,0.8823529411764706,0.8878431372549019,0.8881118881118881,0.8571428571428571,0.9178082191780822,0.9090909090909091,0.8701298701298701,0.8874755381604696,"[0.8701298701298701, 0.9090909090909091]","[0.9178082191780822, 0.8571428571428571]","[0.8933333333333333, 0.8823529411764706]","[0.9178082191780822, 0.8571428571428571]"
Random Forest,27,6,1.0,1.0,0.9356639247943596,0.6523697610654132,0.6507765947054801,0.8251748251748252,0.8251748251748252,0.8251748251748252,0.855072463768116,0.7972972972972973,0.7972972972972973,0.855072463768116,0.8261848805327066,"[0.855072463768116, 0.7972972972972973]","[0.7972972972972973, 0.855072463768116]","[0.8251748251748252, 0.8251748251748252]","[0.7972972972972973, 0.855072463768116]"
Random Forest,28,6,0.9999999999999999,1.0,0.9060750570184533,0.7026622587125729,0.688740420514836,0.8166666666666667,0.8428571428571429,0.8472222222222222,0.9245283018867925,0.8021978021978022,0.7313432835820896,0.948051948051948,0.8633630520422974,"[0.948051948051948, 0.7313432835820896]","[0.8021978021978022, 0.9245283018867925]","[0.8690476190476191, 0.8166666666666667]","[0.8021978021978022, 0.9245283018867925]"
Random Forest,29,6,1.0,1.0,0.9455396256471524,0.7584985303092622,0.7584219417668687,0.864,0.8792049689440994,0.8811188811188811,0.8709677419354839,0.8888888888888888,0.8571428571428571,0.9,0.8799283154121864,"[0.9, 0.8571428571428571]","[0.8888888888888888, 0.8709677419354839]","[0.8944099378881988, 0.864]","[0.8888888888888888, 0.8709677419354839]"
Random Forest,30,6,1.0,1.0,0.9325995807127883,0.6967789533642852,0.6954855195911414,0.803921568627451,0.847612958226769,0.8601398601398601,0.7735849056603774,0.9111111111111111,0.8367346938775511,0.8723404255319149,0.8423480083857442,"[0.8723404255319149, 0.8367346938775511]","[0.9111111111111111, 0.7735849056603774]","[0.8913043478260869, 0.803921568627451]","[0.9111111111111111, 0.7735849056603774]"
Random Forest,31,7,1.0,1.0,0.9512146948449536,0.8039031504792403,0.8026238496181711,0.8888888888888888,0.9012345679012346,0.9027777777777778,0.9180327868852459,0.891566265060241,0.8615384615384616,0.9367088607594937,0.9047995259727435,"[0.9367088607594937, 0.8615384615384616]","[0.891566265060241, 0.9180327868852459]","[0.9135802469135802, 0.8888888888888888]","[0.891566265060241, 0.9180327868852459]"
Random Forest,32,7,1.0,1.0,0.9724509803921568,0.77629716341555,0.7750688163586316,0.8787878787878788,0.8874458874458875,0.8881118881118881,0.8529411764705882,0.92,0.90625,0.8734177215189873,0.8864705882352941,"[0.8734177215189873, 0.90625]","[0.92, 0.8529411764705882]","[0.8961038961038961, 0.8787878787878788]","[0.92, 0.8529411764705882]"
Random Forest,33,7,1.0,1.0,0.9193037974683544,0.7407147583609593,0.7348492241631697,0.8613138686131386,0.8668985450448243,0.8671328671328671,0.921875,0.8227848101265823,0.8082191780821918,0.9285714285714286,0.8723299050632911,"[0.9285714285714286, 0.8082191780821918]","[0.8227848101265823, 0.921875]","[0.87248322147651, 0.8613138686131386]","[0.8227848101265823, 0.921875]"
Random Forest,34,7,1.0,1.0,0.903305785123967,0.6294876342295693,0.629418472063854,0.7706422018348624,0.8146996319908775,0.8251748251748252,0.7636363636363637,0.8636363636363636,0.7777777777777778,0.8539325842696629,0.8136363636363637,"[0.8539325842696629, 0.7777777777777778]","[0.8636363636363636, 0.7636363636363637]","[0.8587570621468926, 0.7706422018348624]","[0.8636363636363636, 0.7636363636363637]"
Random Forest,35,7,1.0,1.0,0.9199959644874899,0.6371824111034826,0.6365761919284334,0.782608695652174,0.8182049326214086,0.8251748251748252,0.7627118644067796,0.8690476190476191,0.8035714285714286,0.8390804597701149,0.8158797417271993,"[0.8390804597701149, 0.8035714285714286]","[0.8690476190476191, 0.7627118644067796]","[0.8538011695906432, 0.782608695652174]","[0.8690476190476191, 0.7627118644067796]"
Random Forest,36,8,1.0,1.0,0.957421875,0.73010947505141,0.7230769230769232,0.855072463768116,0.8608695652173913,0.8611111111111112,0.921875,0.8125,0.7972972972972973,0.9285714285714286,0.8671875,"[0.9285714285714286, 0.7972972972972973]","[0.8125, 0.921875]","[0.8666666666666667, 0.855072463768116]","[0.8125, 0.921875]"
Random Forest,37,8,1.0,1.0,0.9266293482606958,0.6557611641419863,0.6554908652880947,0.8,0.827710843373494,0.8321678321678322,0.7868852459016393,0.8658536585365854,0.8135593220338984,0.8452380952380952,0.8263694522191123,"[0.8452380952380952, 0.8135593220338984]","[0.8658536585365854, 0.7868852459016393]","[0.8554216867469879, 0.8]","[0.8658536585365854, 0.7868852459016393]"
Random Forest,38,8,1.0,1.0,0.9116071428571428,0.6726667504412804,0.6720510519493469,0.8130081300813008,0.8359519178013866,0.8391608391608392,0.7936507936507936,0.875,0.8333333333333334,0.8433734939759037,0.8343253968253967,"[0.8433734939759037, 0.8333333333333334]","[0.875, 0.7936507936507936]","[0.8588957055214724, 0.8130081300813008]","[0.875, 0.7936507936507936]"
Random Forest,39,8,1.0,1.0,0.9189655172413792,0.6829552114280522,0.6826709703449667,0.8135593220338984,0.8413034705407587,0.8461538461538461,0.8275862068965517,0.8588235294117647,0.8,0.8795180722891566,0.8432048681541582,"[0.8795180722891566, 0.8]","[0.8588235294117647, 0.8275862068965517]","[0.8690476190476191, 0.8135593220338984]","[0.8588235294117647, 0.8275862068965517]"
Random Forest,40,8,1.0,1.0,0.9348260695721711,0.7876430877871713,0.7869275851792987,0.88,0.893416149068323,0.8951048951048951,0.9016393442622951,0.8902439024390244,0.859375,0.9240506329113924,0.8959416233506597,"[0.9240506329113924, 0.859375]","[0.8902439024390244, 0.9016393442622951]","[0.906832298136646, 0.88]","[0.8902439024390244, 0.9016393442622951]"
Random Forest,41,9,1.0,1.0,0.9402089783281735,0.7150191540750437,0.7094542659492697,0.8531468531468531,0.8541596334699784,0.8541666666666666,0.8026315789473685,0.9117647058823529,0.9104477611940298,0.8051948051948052,0.8571981424148607,"[0.8051948051948052, 0.9104477611940298]","[0.9117647058823529, 0.8026315789473685]","[0.8551724137931035, 0.8531468531468531]","[0.9117647058823529, 0.8026315789473685]"
Random Forest,42,9,1.0,1.0,0.9320512820512821,0.7226539578714936,0.7201017811704835,0.8529411764705882,0.8598039215686275,0.8601398601398601,0.8923076923076924,0.8333333333333334,0.8169014084507042,0.9027777777777778,0.8628205128205129,"[0.9027777777777778, 0.8169014084507042]","[0.8333333333333334, 0.8923076923076924]","[0.8666666666666667, 0.8529411764705882]","[0.8333333333333334, 0.8923076923076924]"
Random Forest,43,9,1.0000000000000002,1.0,0.923436877737953,0.688235708697517,0.6879587383455663,0.8253968253968254,0.8439484126984127,0.8461538461538461,0.8387096774193549,0.8518518518518519,0.8125,0.8734177215189873,0.8452807646356033,"[0.8734177215189873, 0.8125]","[0.8518518518518519, 0.8387096774193549]","[0.8625, 0.8253968253968254]","[0.8518518518518519, 0.8387096774193549]"
Random Forest,44,9,1.0,1.0,0.8977171985815603,0.6732918344249862,0.672554792280013,0.7835051546391752,0.836197021764032,0.8531468531468531,0.8085106382978723,0.875,0.76,0.9032258064516129,0.8417553191489362,"[0.9032258064516129, 0.76]","[0.875, 0.8085106382978723]","[0.8888888888888888, 0.7835051546391752]","[0.875, 0.8085106382978723]"
Random Forest,45,9,1.0,1.0,0.9278865769073847,0.7001854448938445,0.6901103230890464,0.8253968253968254,0.8439484126984127,0.8461538461538461,0.9122807017543859,0.8023255813953488,0.7536231884057971,0.9324324324324325,0.8573031415748673,"[0.9324324324324325, 0.7536231884057971]","[0.8023255813953488, 0.9122807017543859]","[0.8625, 0.8253968253968254]","[0.8023255813953488, 0.9122807017543859]"
Random Forest,46,10,1.0,1.0,0.9314128943758573,0.760638829255665,0.7605633802816901,0.8661417322834646,0.8802758350858317,0.8819444444444444,0.873015873015873,0.8888888888888888,0.859375,0.9,0.8809523809523809,"[0.9, 0.859375]","[0.8888888888888888, 0.873015873015873]","[0.8944099378881988, 0.8661417322834646]","[0.8888888888888888, 0.873015873015873]"
Random Forest,47,10,1.0,1.0,0.9238304678128749,0.6840009414681981,0.6828629032258065,0.8135593220338984,0.8413034705407587,0.8461538461538461,0.7868852459016393,0.8902439024390244,0.8421052631578947,0.8488372093023255,0.8385645741703318,"[0.8488372093023255, 0.8421052631578947]","[0.8902439024390244, 0.7868852459016393]","[0.8690476190476191, 0.8135593220338984]","[0.8902439024390244, 0.7868852459016393]"
Random Forest,48,10,1.0,1.0,0.9277190923317684,0.6926237659475927,0.6923528261294738,0.8472222222222222,0.8461463223787167,0.8461538461538461,0.8591549295774648,0.8333333333333334,0.8356164383561644,0.8571428571428571,0.846244131455399,"[0.8571428571428571, 0.8356164383561644]","[0.8333333333333334, 0.8591549295774648]","[0.8450704225352113, 0.8472222222222222]","[0.8333333333333334, 0.8591549295774648]"
Random Forest,49,10,1.0,1.0,0.9338905775075987,0.7716947078445429,0.7631960256675636,0.8518518518518519,0.8809821057012068,0.8881118881118881,0.9387755102040817,0.8617021276595744,0.7796610169491526,0.9642857142857143,0.900238818931828,"[0.9642857142857143, 0.7796610169491526]","[0.8617021276595744, 0.9387755102040817]","[0.9101123595505618, 0.8518518518518519]","[0.8617021276595744, 0.9387755102040817]"
Random Forest,50,10,1.0,1.0,0.9328373015873015,0.6743273127299461,0.6742596810933941,0.8188976377952756,0.8371217748724806,0.8391608391608392,0.8253968253968254,0.85,0.8125,0.8607594936708861,0.8376984126984126,"[0.8607594936708861, 0.8125]","[0.85, 0.8253968253968254]","[0.8553459119496856, 0.8188976377952756]","[0.85, 0.8253968253968254]"
SVM,1,1,0.9267734839774033,0.8615984405458089,0.9252262888626526,0.722977429360957,0.7204301075268817,0.855072463768116,0.8599686643164904,0.8601398601398601,0.8939393939393939,0.8311688311688312,0.8194444444444444,0.9014084507042254,0.8625541125541125,"[0.9014084507042254, 0.8194444444444444]","[0.8311688311688312, 0.8939393939393939]","[0.8648648648648649, 0.855072463768116]","[0.8311688311688312, 0.8939393939393939]"
SVM,2,1,0.9271058722890354,0.8543307086614174,0.9159420289855073,0.7234989607238521,0.7223828802776171,0.8591549295774648,0.8610843141038009,0.8611111111111112,0.8840579710144928,0.84,0.8356164383561644,0.8873239436619719,0.8620289855072464,"[0.8873239436619719, 0.8356164383561644]","[0.84, 0.8840579710144928]","[0.863013698630137, 0.8591549295774648]","[0.84, 0.8840579710144928]"
SVM,3,1,0.9239876160990711,0.8473282442748091,0.9319665442676458,0.7360972040829104,0.7300546448087432,0.8455284552845529,0.8644820190533193,0.8671328671328671,0.9122807017543859,0.8372093023255814,0.7878787878787878,0.935064935064935,0.8747450020399836,"[0.935064935064935, 0.7878787878787878]","[0.8372093023255814, 0.9122807017543859]","[0.8834355828220859, 0.8455284552845529]","[0.8372093023255814, 0.9122807017543859]"
SVM,4,1,0.9324937965260546,0.8543689320388349,0.9182808716707022,0.7132030302812231,0.7129090544067456,0.8333333333333334,0.856425702811245,0.8601398601398601,0.847457627118644,0.8690476190476191,0.819672131147541,0.8902439024390244,0.8582526230831315,"[0.8902439024390244, 0.819672131147541]","[0.8690476190476191, 0.847457627118644]","[0.8795180722891566, 0.8333333333333334]","[0.8690476190476191, 0.847457627118644]"
SVM,5,1,0.9350857439805994,0.8615384615384616,0.8992200328407225,0.6760086472492935,0.6628021222244056,0.8095238095238095,0.8297619047619047,0.8321678321678322,0.9107142857142857,0.7816091954022989,0.7285714285714285,0.9315068493150684,0.8461617405582923,"[0.9315068493150684, 0.7285714285714285]","[0.7816091954022989, 0.9107142857142857]","[0.85, 0.8095238095238095]","[0.7816091954022989, 0.9107142857142857]"
SVM,6,2,0.9172672672672672,0.842911877394636,0.9387274155538099,0.721287155758029,0.7201565557729941,0.855072463768116,0.8599686643164904,0.8601398601398601,0.8805970149253731,0.8421052631578947,0.8309859154929577,0.8888888888888888,0.861351139041634,"[0.8888888888888888, 0.8309859154929577]","[0.8421052631578947, 0.8805970149253731]","[0.8648648648648649, 0.855072463768116]","[0.8421052631578947, 0.8805970149253731]"
SVM,7,2,0.9399465294592414,0.8651911468812877,0.8996720046305229,0.6667312280169365,0.6664736537348002,0.8285714285714286,0.8332046332046332,0.8333333333333334,0.8169014084507042,0.8493150684931506,0.8405797101449275,0.8266666666666667,0.8331082384719275,"[0.8266666666666667, 0.8405797101449275]","[0.8493150684931506, 0.8169014084507042]","[0.8378378378378378, 0.8285714285714286]","[0.8493150684931506, 0.8169014084507042]"
SVM,8,2,0.9316001582356723,0.8560606060606061,0.9192148760330578,0.7505553499465135,0.7428571428571429,0.85,0.8707831325301205,0.8741258741258742,0.9272727272727272,0.8409090909090909,0.7846153846153846,0.9487179487179487,0.884090909090909,"[0.9487179487179487, 0.7846153846153846]","[0.8409090909090909, 0.9272727272727272]","[0.891566265060241, 0.85]","[0.8409090909090909, 0.9272727272727272]"
SVM,9,2,0.9236408668730649,0.8544061302681992,0.9224806201550387,0.671602367925583,0.6619385342789598,0.8095238095238095,0.8297619047619047,0.8321678321678322,0.8947368421052632,0.7906976744186046,0.7391304347826086,0.918918918918919,0.8427172582619339,"[0.918918918918919, 0.7391304347826086]","[0.7906976744186046, 0.8947368421052632]","[0.85, 0.8095238095238095]","[0.7906976744186046, 0.8947368421052632]"
SVM,10,2,0.9349102167182662,0.8527131782945736,0.9214606283149733,0.7525874883728909,0.7449970279373885,0.8548387096774194,0.8718637992831542,0.8741258741258742,0.9298245614035088,0.8372093023255814,0.7910447761194029,0.9473684210526315,0.883516931864545,"[0.9473684210526315, 0.7910447761194029]","[0.8372093023255814, 0.9298245614035088]","[0.8888888888888888, 0.8548387096774194]","[0.8372093023255814, 0.9298245614035088]"
SVM,11,3,0.9393540372670808,0.8522072936660269,0.8807219197418834,0.7134925372759185,0.7049180327868853,0.832,0.8515828220858895,0.8541666666666666,0.9122807017543859,0.8160919540229885,0.7647058823529411,0.9342105263157895,0.8641863278886872,"[0.9342105263157895, 0.7647058823529411]","[0.8160919540229885, 0.9122807017543859]","[0.8711656441717791, 0.832]","[0.8160919540229885, 0.9122807017543859]"
SVM,12,3,0.9230365445183223,0.8515625,0.9441164895710351,0.6821061847432065,0.6788399570354458,0.8345323741007195,0.839034894533353,0.8391608391608392,0.8787878787878788,0.8051948051948052,0.7945205479452054,0.8857142857142857,0.8419913419913421,"[0.8857142857142857, 0.7945205479452054]","[0.8051948051948052, 0.8787878787878788]","[0.8435374149659864, 0.8345323741007195]","[0.8051948051948052, 0.8787878787878788]"
SVM,13,3,0.9383150821304131,0.8549019607843137,0.8928713659896456,0.7316769244215988,0.731016731016731,0.8503937007874016,0.8654484227207448,0.8671328671328671,0.8709677419354839,0.8641975308641975,0.8307692307692308,0.8974358974358975,0.8675826363998407,"[0.8974358974358975, 0.8307692307692308]","[0.8641975308641975, 0.8709677419354839]","[0.8805031446540881, 0.8503937007874016]","[0.8641975308641975, 0.8709677419354839]"
SVM,14,3,0.9194184143983342,0.8587786259541985,0.9537525354969574,0.6963406643499556,0.696267826438758,0.8205128205128205,0.8481262327416174,0.8531468531468531,0.8275862068965517,0.8705882352941177,0.8135593220338984,0.8809523809523809,0.8490872210953346,"[0.8809523809523809, 0.8135593220338984]","[0.8705882352941177, 0.8275862068965517]","[0.8757396449704142, 0.8205128205128205]","[0.8705882352941177, 0.8275862068965517]"
SVM,15,3,0.9313879536101758,0.8509803921568627,0.9141613924050633,0.6969027802609892,0.6925332290852229,0.8382352941176471,0.8457843137254902,0.8461538461538461,0.890625,0.810126582278481,0.7916666666666666,0.9014084507042254,0.8503757911392404,"[0.9014084507042254, 0.7916666666666666]","[0.810126582278481, 0.890625]","[0.8533333333333334, 0.8382352941176471]","[0.810126582278481, 0.890625]"
SVM,16,4,0.9200874514682046,0.8392156862745098,0.9543343653250774,0.8215639966365962,0.8195836545875097,0.9078014184397163,0.9096830221450283,0.9097222222222222,0.9411764705882353,0.881578947368421,0.8767123287671232,0.9436619718309859,0.9113777089783281,"[0.9436619718309859, 0.8767123287671232]","[0.881578947368421, 0.9411764705882353]","[0.9115646258503401, 0.9078014184397163]","[0.881578947368421, 0.9411764705882353]"
SVM,17,4,0.9350488065373438,0.87279843444227,0.8800200803212852,0.5772508888172243,0.5751633986928104,0.7619047619047619,0.7872023809523809,0.7902097902097902,0.8,0.7831325301204819,0.7272727272727273,0.8441558441558441,0.791566265060241,"[0.8441558441558441, 0.7272727272727273]","[0.7831325301204819, 0.8]","[0.8125, 0.7619047619047619]","[0.7831325301204819, 0.8]"
SVM,18,4,0.9230378303336804,0.8522727272727273,0.9436105476673428,0.7208181920770107,0.7161572052401747,0.8387096774193549,0.857626443647949,0.8601398601398601,0.896551724137931,0.8352941176470589,0.7878787878787878,0.922077922077922,0.865922920892495,"[0.922077922077922, 0.7878787878787878]","[0.8352941176470589, 0.896551724137931]","[0.8765432098765432, 0.8387096774193549]","[0.8352941176470589, 0.896551724137931]"
SVM,19,4,0.936490064586375,0.8571428571428571,0.9010673234811166,0.7020782527073807,0.6985242445537596,0.8235294117647058,0.8488904543853469,0.8531468531468531,0.875,0.8390804597701149,0.7777777777777778,0.9125,0.8570402298850575,"[0.9125, 0.7777777777777778]","[0.8390804597701149, 0.875]","[0.874251497005988, 0.8235294117647058]","[0.8390804597701149, 0.875]"
SVM,20,4,0.9343961449152332,0.8537074148296593,0.9071005917159763,0.7534439302522254,0.748730964467005,0.8695652173913043,0.8739717978848414,0.8741258741258742,0.9230769230769231,0.8333333333333334,0.821917808219178,0.9285714285714286,0.8782051282051282,"[0.9285714285714286, 0.821917808219178]","[0.8333333333333334, 0.9230769230769231]","[0.8783783783783784, 0.8695652173913043]","[0.8333333333333334, 0.9230769230769231]"
SVM,21,5,0.9319997495617331,0.852,0.9063291139240507,0.6558849021501785,0.6527777777777778,0.8175182481751825,0.8259776671339489,0.8263888888888888,0.8615384615384616,0.7974683544303798,0.7777777777777778,0.875,0.8295034079844207,"[0.875, 0.7777777777777778]","[0.7974683544303798, 0.8615384615384616]","[0.8344370860927153, 0.8175182481751825]","[0.7974683544303798, 0.8615384615384616]"
SVM,22,5,0.9221682158695163,0.8382066276803118,0.9617647058823529,0.7695697580850925,0.7503878975950349,0.881578947368421,0.8736252945797329,0.8741258741258742,0.9852941176470589,0.7733333333333333,0.7976190476190477,0.9830508474576272,0.8793137254901962,"[0.9830508474576272, 0.7976190476190477]","[0.7733333333333333, 0.9852941176470589]","[0.8656716417910447, 0.881578947368421]","[0.7733333333333333, 0.9852941176470589]"
SVM,23,5,0.9277728196737568,0.8735632183908046,0.8904665314401622,0.6065421372355334,0.6026200873362446,0.7741935483870968,0.8006770211071286,0.8041958041958042,0.8275862068965517,0.788235294117647,0.7272727272727273,0.8701298701298701,0.8079107505070994,"[0.8701298701298701, 0.7272727272727273]","[0.788235294117647, 0.8275862068965517]","[0.8271604938271605, 0.7741935483870968]","[0.788235294117647, 0.8275862068965517]"
SVM,24,5,0.9260557275541794,0.8489483747609943,0.9392084863321093,0.7864339570364313,0.7844004422555031,0.8739495798319328,0.8920646102752479,0.8951048951048951,0.9122807017543859,0.8837209302325582,0.8387096774193549,0.9382716049382716,0.898000815993472,"[0.9382716049382716, 0.8387096774193549]","[0.8837209302325582, 0.9122807017543859]","[0.9101796407185628, 0.8739495798319328]","[0.8837209302325582, 0.9122807017543859]"
SVM,25,5,0.9405831265508685,0.8544061302681992,0.8755044390637611,0.7419239633508414,0.7416181489660711,0.85,0.8707831325301205,0.8741258741258742,0.864406779661017,0.8809523809523809,0.8360655737704918,0.9024390243902439,0.8726795803066989,"[0.9024390243902439, 0.8360655737704918]","[0.8809523809523809, 0.864406779661017]","[0.891566265060241, 0.85]","[0.8809523809523809, 0.864406779661017]"
SVM,26,6,0.9297706951979104,0.8460038986354775,0.9383561643835616,0.7201565557729941,0.7201565557729941,0.8571428571428571,0.860078277886497,0.8601398601398601,0.8571428571428571,0.863013698630137,0.8571428571428571,0.863013698630137,0.860078277886497,"[0.863013698630137, 0.8571428571428571]","[0.863013698630137, 0.8571428571428571]","[0.863013698630137, 0.8571428571428571]","[0.863013698630137, 0.8571428571428571]"
SVM,27,6,0.9198043396463063,0.848,0.9247943595769683,0.6974891752096428,0.6931330472103004,0.8493150684931506,0.8460861056751467,0.8461538461538461,0.8985507246376812,0.7972972972972973,0.8051948051948052,0.8939393939393939,0.8479240109674893,"[0.8939393939393939, 0.8051948051948052]","[0.7972972972972973, 0.8985507246376812]","[0.8428571428571429, 0.8493150684931506]","[0.7972972972972973, 0.8985507246376812]"
SVM,28,6,0.9394715990689843,0.8625235404896422,0.8791208791208791,0.6851499284373321,0.6733727810650888,0.8067226890756303,0.8353140072597086,0.8402777777777778,0.9056603773584906,0.8021978021978022,0.7272727272727273,0.9358974358974359,0.8539290897781464,"[0.9358974358974359, 0.7272727272727273]","[0.8021978021978022, 0.9056603773584906]","[0.863905325443787, 0.8067226890756303]","[0.8021978021978022, 0.9056603773584906]"
SVM,29,6,0.9279741164758587,0.8532289628180039,0.9235364396654719,0.7365972148098467,0.7330254495430873,0.8549618320610687,0.8661905934498892,0.8671328671328671,0.9032258064516129,0.8395061728395061,0.8115942028985508,0.918918918918919,0.8713659896455594,"[0.918918918918919, 0.8115942028985508]","[0.8395061728395061, 0.9032258064516129]","[0.8774193548387097, 0.8549618320610687]","[0.8395061728395061, 0.9032258064516129]"
SVM,30,6,0.933762002320243,0.8647619047619047,0.9197064989517819,0.7488492041485524,0.7481090042482644,0.8440366972477065,0.8739957497537967,0.8811188811188811,0.8679245283018868,0.8888888888888888,0.8214285714285714,0.9195402298850575,0.8784067085953878,"[0.9195402298850575, 0.8214285714285714]","[0.8888888888888888, 0.8679245283018868]","[0.903954802259887, 0.8440366972477065]","[0.8888888888888888, 0.8679245283018868]"
SVM,31,7,0.926916554441618,0.8527724665391969,0.9211929685956942,0.7330192387272689,0.722810394610202,0.8507462686567164,0.8604380693932933,0.8611111111111112,0.9344262295081968,0.8072289156626506,0.7808219178082192,0.9436619718309859,0.8708275725854238,"[0.9436619718309859, 0.7808219178082192]","[0.8072289156626506, 0.9344262295081968]","[0.8701298701298701, 0.8507462686567164]","[0.8072289156626506, 0.9344262295081968]"
SVM,32,7,0.9212787813494351,0.837573385518591,0.9639215686274509,0.8335297568377963,0.832225263981228,0.9142857142857143,0.9160469667318982,0.916083916083916,0.9411764705882353,0.8933333333333333,0.8888888888888888,0.9436619718309859,0.9172549019607843,"[0.9436619718309859, 0.8888888888888888]","[0.8933333333333333, 0.9411764705882353]","[0.9178082191780822, 0.9142857142857143]","[0.8933333333333333, 0.9411764705882353]"
SVM,33,7,0.9265930914079062,0.8532289628180039,0.9131724683544304,0.6922492680573809,0.6808964781216649,0.8368794326241135,0.8391293714844705,0.8391608391608392,0.921875,0.7721518987341772,0.7662337662337663,0.9242424242424242,0.8470134493670887,"[0.9242424242424242, 0.7662337662337663]","[0.7721518987341772, 0.921875]","[0.8413793103448276, 0.8368794326241135]","[0.7721518987341772, 0.921875]"
SVM,34,7,0.9368911635266776,0.8674242424242424,0.9006198347107437,0.6221342694573677,0.6210762331838564,0.7719298245614035,0.8103835169318645,0.8181818181818182,0.8,0.8295454545454546,0.7457627118644068,0.8690476190476191,0.8147727272727273,"[0.8690476190476191, 0.7457627118644068]","[0.8295454545454546, 0.8]","[0.8488372093023255, 0.7719298245614035]","[0.8295454545454546, 0.8]"
SVM,35,7,0.935409429280397,0.8621359223300971,0.8908393866020986,0.6712914944132599,0.6706718734354662,0.8099173553719008,0.8352617079889807,0.8391608391608392,0.8305084745762712,0.8452380952380952,0.7903225806451613,0.8765432098765432,0.8378732849071833,"[0.8765432098765432, 0.7903225806451613]","[0.8452380952380952, 0.8305084745762712]","[0.8606060606060606, 0.8099173553719008]","[0.8452380952380952, 0.8305084745762712]"
SVM,36,8,0.9255882021839469,0.8477842003853564,0.9341796875,0.7460038465922509,0.7373271889400921,0.8633093525179856,0.8678962869972477,0.8680555555555556,0.9375,0.8125,0.8,0.9420289855072463,0.875,"[0.9420289855072463, 0.8]","[0.8125, 0.9375]","[0.87248322147651, 0.8633093525179856]","[0.8125, 0.9375]"
SVM,37,8,0.9230004226647771,0.8605108055009824,0.9282287085165933,0.6324608003671581,0.6314432989690721,0.7936507936507936,0.8155753968253968,0.8181818181818182,0.819672131147541,0.8170731707317073,0.7692307692307693,0.8589743589743589,0.8183726509396241,"[0.8589743589743589, 0.7692307692307693]","[0.8170731707317073, 0.819672131147541]","[0.8375, 0.7936507936507936]","[0.8170731707317073, 0.819672131147541]"
SVM,38,8,0.9379889381633365,0.8571428571428571,0.896031746031746,0.6781183803843737,0.6764387604525333,0.8244274809160306,0.8380201920709185,0.8391608391608392,0.8571428571428571,0.825,0.7941176470588235,0.88,0.8410714285714285,"[0.88, 0.7941176470588235]","[0.825, 0.8571428571428571]","[0.8516129032258064, 0.8244274809160306]","[0.825, 0.8571428571428571]"
SVM,39,8,0.9337721255391939,0.8598848368522073,0.9042596348884382,0.6799930539143124,0.6744531327328516,0.816,0.8365714285714285,0.8391608391608392,0.8793103448275862,0.8117647058823529,0.7611940298507462,0.9078947368421053,0.8455375253549695,"[0.9078947368421053, 0.7611940298507462]","[0.8117647058823529, 0.8793103448275862]","[0.8571428571428571, 0.816]","[0.8117647058823529, 0.8793103448275862]"
SVM,40,8,0.9296138832947963,0.8489483747609943,0.9260295881647341,0.7744417963679487,0.7731958762886598,0.873015873015873,0.8865079365079365,0.8881118881118881,0.9016393442622951,0.8780487804878049,0.8461538461538461,0.9230769230769231,0.88984406237505,"[0.9230769230769231, 0.8461538461538461]","[0.8780487804878049, 0.9016393442622951]","[0.9, 0.873015873015873]","[0.8780487804878049, 0.9016393442622951]"
SVM,41,9,0.9294727755138312,0.8444444444444444,0.934984520123839,0.7912599704436531,0.7911832946635731,0.9006622516556292,0.8955866002803694,0.8958333333333334,0.8947368421052632,0.8970588235294118,0.9066666666666666,0.8840579710144928,0.8958978328173375,"[0.8840579710144928, 0.9066666666666666]","[0.8970588235294118, 0.8947368421052632]","[0.8905109489051095, 0.9006622516556292]","[0.8970588235294118, 0.8947368421052632]"
SVM,42,9,0.926680981748271,0.8455598455598455,0.926232741617357,0.7253494108190917,0.7208121827411167,0.855072463768116,0.8599686643164904,0.8601398601398601,0.9076923076923077,0.8205128205128205,0.8082191780821918,0.9142857142857143,0.8641025641025641,"[0.9142857142857143, 0.8082191780821918]","[0.8205128205128205, 0.9076923076923077]","[0.8648648648648649, 0.855072463768116]","[0.8205128205128205, 0.9076923076923077]"
SVM,43,9,0.9234818317570931,0.8615984405458089,0.9213460772600558,0.6958414848695471,0.6914476265202041,0.8333333333333334,0.8452380952380952,0.8461538461538461,0.8870967741935484,0.8148148148148148,0.7857142857142857,0.9041095890410958,0.8509557945041816,"[0.9041095890410958, 0.7857142857142857]","[0.8148148148148148, 0.8870967741935484]","[0.8571428571428571, 0.8333333333333334]","[0.8148148148148148, 0.8870967741935484]"
SVM,44,9,0.9383140820840501,0.8705440900562852,0.8756648936170213,0.6732918344249862,0.672554792280013,0.7835051546391752,0.836197021764032,0.8531468531468531,0.8085106382978723,0.875,0.76,0.9032258064516129,0.8417553191489362,"[0.9032258064516129, 0.76]","[0.875, 0.8085106382978723]","[0.8888888888888888, 0.7835051546391752]","[0.875, 0.8085106382978723]"
SVM,45,9,0.9295356037151703,0.8582375478927203,0.9137086903304774,0.6893972424165455,0.6676350958744917,0.8181818181818182,0.8311688311688312,0.8321678321678322,0.9473684210526315,0.7558139534883721,0.72,0.9558823529411765,0.8515911872705018,"[0.9558823529411765, 0.72]","[0.7558139534883721, 0.9473684210526315]","[0.8441558441558441, 0.8181818181818182]","[0.7558139534883721, 0.9473684210526315]"
SVM,46,10,0.9271291483406637,0.8527131782945736,0.9278855575151872,0.6897013359641911,0.6816608996539792,0.8321167883211679,0.8398994537632329,0.8402777777777778,0.9047619047619048,0.7901234567901234,0.7702702702702703,0.9142857142857143,0.847442680776014,"[0.9142857142857143, 0.7702702702702703]","[0.7901234567901234, 0.9047619047619048]","[0.847682119205298, 0.8321167883211679]","[0.7901234567901234, 0.9047619047619048]"
SVM,47,10,0.9321001466895403,0.8571428571428571,0.9066373450619751,0.6697911756623963,0.6663284975144568,0.8,0.8327485380116959,0.8391608391608392,0.7540983606557377,0.9024390243902439,0.8518518518518519,0.8314606741573034,0.8282686925229907,"[0.8314606741573034, 0.8518518518518519]","[0.9024390243902439, 0.7540983606557377]","[0.8654970760233918, 0.8]","[0.9024390243902439, 0.7540983606557377]"
SVM,48,10,0.9261555097319318,0.8446215139442231,0.9340766823161191,0.7098862200999124,0.7064803049555273,0.8590604026845637,0.8528878655758585,0.8531468531468531,0.9014084507042254,0.8055555555555556,0.8205128205128205,0.8923076923076924,0.8534820031298904,"[0.8923076923076924, 0.8205128205128205]","[0.8055555555555556, 0.9014084507042254]","[0.8467153284671532, 0.8590604026845637]","[0.8055555555555556, 0.9014084507042254]"
SVM,49,10,0.9319306016980436,0.8560606060606061,0.9101172383847156,0.7179289438551435,0.706726825266612,0.8181818181818182,0.8522727272727273,0.8601398601398601,0.9183673469387755,0.8297872340425532,0.7377049180327869,0.9512195121951219,0.8740772904906644,"[0.9512195121951219, 0.7377049180327869]","[0.8297872340425532, 0.9183673469387755]","[0.8863636363636364, 0.8181818181818182]","[0.8297872340425532, 0.9183673469387755]"
SVM,50,10,0.9342020030893418,0.8565891472868217,0.9061507936507937,0.7063240023724381,0.7045745204131825,0.8396946564885496,0.8521053927604039,0.8531468531468531,0.873015873015873,0.8375,0.8088235294117647,0.8933333333333333,0.8552579365079365,"[0.8933333333333333, 0.8088235294117647]","[0.8375, 0.873015873015873]","[0.864516129032258, 0.8396946564885496]","[0.8375, 0.873015873015873]"
