Classifier,Fold,Repeat,train_auc,train_f1,val_auc,val_mcc,val_kappa,val_f1_binary,val_f1_macro,val_accuracy,val_sensitivity,val_specificity,val_ppv,val_npv,val_balanced_accuracy,per_class_precision,per_class_recall,per_class_f1,per_class_accuracy
Gradient Boosting,1,1,1.0,1.0,0.933219954648526,0.6692300827510854,0.6677509293680297,0.7674418604651163,0.8337209302325581,0.8601398601398601,0.7333333333333333,0.9183673469387755,0.8048780487804879,0.8823529411764706,0.8258503401360544,"[0.8823529411764706, 0.8048780487804879]","[0.9183673469387755, 0.7333333333333333]","[0.9, 0.7674418604651163]","[0.9183673469387755, 0.7333333333333333]"
Gradient Boosting,2,1,1.0,0.9943820224719101,0.9622762148337595,0.7421543931988103,0.7420689655172414,0.8349514563106796,0.8710276407236458,0.8811188811188811,0.8431372549019608,0.9021739130434783,0.8269230769230769,0.9120879120879121,0.8726555839727195,"[0.9120879120879121, 0.8269230769230769]","[0.9021739130434783, 0.8431372549019608]","[0.907103825136612, 0.8349514563106796]","[0.9021739130434783, 0.8431372549019608]"
Gradient Boosting,3,1,1.0,0.9972451790633609,0.9359649122807018,0.7661017269317442,0.7660085087814988,0.845360824742268,0.8829978726885943,0.8951048951048951,0.8541666666666666,0.9157894736842105,0.8367346938775511,0.925531914893617,0.8849780701754386,"[0.925531914893617, 0.8367346938775511]","[0.9157894736842105, 0.8541666666666666]","[0.9206349206349206, 0.845360824742268]","[0.9157894736842105, 0.8541666666666666]"
Gradient Boosting,4,1,1.0,0.997229916897507,0.9696048632218845,0.8493193549734291,0.8477427597955707,0.9019607843137255,0.9238064791133844,0.9300699300699301,0.9387755102040817,0.925531914893617,0.8679245283018868,0.9666666666666667,0.9321537125488493,"[0.9666666666666667, 0.8679245283018868]","[0.925531914893617, 0.9387755102040817]","[0.9456521739130435, 0.9019607843137255]","[0.925531914893617, 0.9387755102040817]"
Gradient Boosting,5,1,1.0,0.9974025974025974,0.9492605813360531,0.6920477342856424,0.6883022523613466,0.775,0.8438106796116505,0.8741258741258742,0.8378378378378378,0.8867924528301887,0.7209302325581395,0.94,0.8623151453340132,"[0.94, 0.7209302325581395]","[0.8867924528301887, 0.8378378378378378]","[0.912621359223301, 0.775]","[0.8867924528301887, 0.8378378378378378]"
Gradient Boosting,6,2,1.0,0.9973753280839895,0.9524161735700197,0.6826923076923077,0.6826923076923077,0.7692307692307693,0.8413461538461539,0.8741258741258742,0.7692307692307693,0.9134615384615384,0.7692307692307693,0.9134615384615384,0.8413461538461539,"[0.9134615384615384, 0.7692307692307693]","[0.9134615384615384, 0.7692307692307693]","[0.9134615384615384, 0.7692307692307693]","[0.9134615384615384, 0.7692307692307693]"
Gradient Boosting,7,2,1.0,1.0,0.9231494578029231,0.6813746269230986,0.6711923792839154,0.7789473684210526,0.8344998622209976,0.8531468531468531,0.8809523809523809,0.8415841584158416,0.6981132075471698,0.9444444444444444,0.8612682696841112,"[0.9444444444444444, 0.6981132075471698]","[0.8415841584158416, 0.8809523809523809]","[0.8900523560209425, 0.7789473684210526]","[0.8415841584158416, 0.8809523809523809]"
Gradient Boosting,8,2,1.0,0.9943820224719101,0.9697357203751066,0.7692092899555603,0.768383543893748,0.8484848484848485,0.8841354723707665,0.8951048951048951,0.8235294117647058,0.9347826086956522,0.875,0.9052631578947369,0.879156010230179,"[0.9052631578947369, 0.875]","[0.9347826086956522, 0.8235294117647058]","[0.9197860962566845, 0.8484848484848485]","[0.9347826086956522, 0.8235294117647058]"
Gradient Boosting,9,2,1.0,0.9970674486803519,0.9457223567393058,0.6963406643499556,0.696267826438758,0.8205128205128205,0.8481262327416174,0.8531468531468531,0.8135593220338984,0.8809523809523809,0.8275862068965517,0.8705882352941177,0.8472558514931396,"[0.8705882352941177, 0.8275862068965517]","[0.8809523809523809, 0.8135593220338984]","[0.8757396449704142, 0.8205128205128205]","[0.8809523809523809, 0.8135593220338984]"
Gradient Boosting,10,2,1.0,1.0,0.9672090729783037,0.7346373172568037,0.7308868501529051,0.8095238095238095,0.8651579443658652,0.8881118881118881,0.8717948717948718,0.8942307692307693,0.7555555555555555,0.9489795918367347,0.8830128205128205,"[0.9489795918367347, 0.7555555555555555]","[0.8942307692307693, 0.8717948717948718]","[0.9207920792079208, 0.8095238095238095]","[0.8942307692307693, 0.8717948717948718]"
Gradient Boosting,11,3,0.9999999999999999,0.9947643979057592,0.9530075187969925,0.7388236235435874,0.7378071140447378,0.810126582278481,0.8688314070812695,0.8951048951048951,0.8421052631578947,0.9142857142857143,0.7804878048780488,0.9411764705882353,0.8781954887218044,"[0.9411764705882353, 0.7804878048780488]","[0.9142857142857143, 0.8421052631578947]","[0.927536231884058, 0.810126582278481]","[0.9142857142857143, 0.8421052631578947]"
Gradient Boosting,12,3,1.0,0.9973045822102425,0.9483471074380165,0.6575529737810439,0.657465495608532,0.7640449438202247,0.8287229795243256,0.8531468531468531,0.7727272727272727,0.8888888888888888,0.7555555555555555,0.8979591836734694,0.8308080808080808,"[0.8979591836734694, 0.7555555555555555]","[0.8888888888888888, 0.7727272727272727]","[0.8934010152284264, 0.7640449438202247]","[0.8888888888888888, 0.7727272727272727]"
Gradient Boosting,13,3,1.0,1.0,0.9483471074380164,0.7389248182363681,0.7376681614349776,0.8421052631578947,0.8687270501835985,0.8741258741258742,0.8727272727272727,0.875,0.8135593220338984,0.9166666666666666,0.8738636363636363,"[0.9166666666666666, 0.8135593220338984]","[0.875, 0.8727272727272727]","[0.8953488372093024, 0.8421052631578947]","[0.875, 0.8727272727272727]"
Gradient Boosting,14,3,1.0,1.0,0.9525346724055476,0.7085851651652867,0.7051546391752578,0.7954545454545454,0.8522727272727273,0.8741258741258742,0.8536585365853658,0.8823529411764706,0.7446808510638298,0.9375,0.8680057388809181,"[0.9375, 0.7446808510638298]","[0.8823529411764706, 0.8536585365853658]","[0.9090909090909091, 0.7954545454545454]","[0.8823529411764706, 0.8536585365853658]"
Gradient Boosting,15,3,1.0,1.0,0.9727387996618765,0.8528602990262664,0.8513513513513513,0.9074074074074074,0.9256138160632543,0.9300699300699301,0.9423076923076923,0.9230769230769231,0.875,0.9655172413793104,0.9326923076923077,"[0.9655172413793104, 0.875]","[0.9230769230769231, 0.9423076923076923]","[0.9438202247191011, 0.9074074074074074]","[0.9230769230769231, 0.9423076923076923]"
Gradient Boosting,16,4,1.0,1.0,0.9375,0.7669501343498627,0.766110565914295,0.845360824742268,0.8829978726885943,0.8951048951048951,0.8723404255319149,0.90625,0.82,0.9354838709677419,0.8892952127659575,"[0.9354838709677419, 0.82]","[0.90625, 0.8723404255319149]","[0.9206349206349206, 0.845360824742268]","[0.90625, 0.8723404255319149]"
Gradient Boosting,17,4,1.0,1.0,0.9444214876033058,0.7017211819667419,0.7004608294930876,0.8113207547169812,0.850104821802935,0.8601398601398601,0.7818181818181819,0.9090909090909091,0.8431372549019608,0.8695652173913043,0.8454545454545455,"[0.8695652173913043, 0.8431372549019608]","[0.9090909090909091, 0.7818181818181819]","[0.8888888888888888, 0.8113207547169812]","[0.9090909090909091, 0.7818181818181819]"
Gradient Boosting,18,4,0.999986222099752,0.9973753280839895,0.9837378640776698,0.8637609147971346,0.8632560363375568,0.9024390243902439,0.9316116690578671,0.9440559440559441,0.925,0.9514563106796117,0.8809523809523809,0.9702970297029703,0.9382281553398059,"[0.9702970297029703, 0.8809523809523809]","[0.9514563106796117, 0.925]","[0.9607843137254902, 0.9024390243902439]","[0.9514563106796117, 0.925]"
Gradient Boosting,19,4,1.0,1.0,0.937864077669903,0.6647220830397396,0.6632124352331606,0.7619047619047619,0.8314474304573314,0.8601398601398601,0.8,0.883495145631068,0.7272727272727273,0.9191919191919192,0.841747572815534,"[0.9191919191919192, 0.7272727272727273]","[0.883495145631068, 0.8]","[0.900990099009901, 0.7619047619047619]","[0.883495145631068, 0.8]"
Gradient Boosting,20,4,1.0,0.9916897506925207,0.9717105263157895,0.783099279895707,0.7827219448665075,0.8571428571428571,0.891337386018237,0.9020979020979021,0.875,0.9157894736842105,0.84,0.9354838709677419,0.8953947368421052,"[0.9354838709677419, 0.84]","[0.9157894736842105, 0.875]","[0.925531914893617, 0.8571428571428571]","[0.9157894736842105, 0.875]"
Gradient Boosting,21,5,1.0,1.0,0.9492753623188406,0.7257033248081841,0.7257033248081841,0.8235294117647058,0.8628516624040921,0.8741258741258742,0.8235294117647058,0.9021739130434783,0.8235294117647058,0.9021739130434783,0.8628516624040921,"[0.9021739130434783, 0.8235294117647058]","[0.9021739130434783, 0.8235294117647058]","[0.9021739130434783, 0.8235294117647058]","[0.9021739130434783, 0.8235294117647058]"
Gradient Boosting,22,5,1.0,1.0,0.9622190339550455,0.7609496221179681,0.7560004550108066,0.8314606741573034,0.877659271088804,0.8951048951048951,0.9024390243902439,0.8921568627450981,0.7708333333333334,0.9578947368421052,0.897297943567671,"[0.9578947368421052, 0.7708333333333334]","[0.8921568627450981, 0.9024390243902439]","[0.9238578680203046, 0.8314606741573034]","[0.8921568627450981, 0.9024390243902439]"
Gradient Boosting,23,5,1.0,1.0,0.9607438016528925,0.7132867736349071,0.7118226600985222,0.8043478260869565,0.8557821604661586,0.8741258741258742,0.8409090909090909,0.8888888888888888,0.7708333333333334,0.9263157894736842,0.8648989898989898,"[0.9263157894736842, 0.7708333333333334]","[0.8888888888888888, 0.8409090909090909]","[0.9072164948453608, 0.8043478260869565]","[0.8888888888888888, 0.8409090909090909]"
Gradient Boosting,24,5,0.9999999999999999,0.997229916897507,0.9490881458966565,0.7661017269317442,0.7660085087814988,0.845360824742268,0.8829978726885943,0.8951048951048951,0.8367346938775511,0.925531914893617,0.8541666666666666,0.9157894736842105,0.881133304385584,"[0.9157894736842105, 0.8541666666666666]","[0.925531914893617, 0.8367346938775511]","[0.9206349206349206, 0.845360824742268]","[0.925531914893617, 0.8367346938775511]"
Gradient Boosting,25,5,0.9999999999999999,1.0,0.9605442176870748,0.8025106376959501,0.7977369165487977,0.865979381443299,0.8985981563301151,0.9090909090909091,0.9333333333333333,0.8979591836734694,0.8076923076923077,0.967032967032967,0.9156462585034013,"[0.967032967032967, 0.8076923076923077]","[0.8979591836734694, 0.9333333333333333]","[0.9312169312169312, 0.865979381443299]","[0.8979591836734694, 0.9333333333333333]"
Gradient Boosting,26,6,1.0,1.0,0.9430946291560103,0.7688769305904819,0.7642079806529625,0.8421052631578947,0.8817856158721411,0.8951048951048951,0.7843137254901961,0.9565217391304348,0.9090909090909091,0.8888888888888888,0.8704177323103155,"[0.8888888888888888, 0.9090909090909091]","[0.9565217391304348, 0.7843137254901961]","[0.9214659685863874, 0.8421052631578947]","[0.9565217391304348, 0.7843137254901961]"
Gradient Boosting,27,6,1.0,0.9972602739726028,0.9616578014184397,0.7119945241200467,0.7116289491373515,0.8043478260869565,0.8557821604661586,0.8741258741258742,0.7872340425531915,0.9166666666666666,0.8222222222222222,0.8979591836734694,0.8519503546099291,"[0.8979591836734694, 0.8222222222222222]","[0.9166666666666666, 0.7872340425531915]","[0.9072164948453608, 0.8043478260869565]","[0.9166666666666666, 0.7872340425531915]"
Gradient Boosting,28,6,0.9999858276643991,0.994413407821229,0.9621505376344086,0.7900821434530759,0.7886402027027027,0.8653846153846154,0.8942307692307693,0.9020979020979021,0.9,0.9032258064516129,0.8333333333333334,0.9438202247191011,0.9016129032258065,"[0.9438202247191011, 0.8333333333333334]","[0.9032258064516129, 0.9]","[0.9230769230769231, 0.8653846153846154]","[0.9032258064516129, 0.9]"
Gradient Boosting,29,6,1.0,0.9973614775725593,0.9449029126213593,0.7447362552834202,0.7383348581884721,0.8181818181818182,0.8686868686868687,0.8881118881118881,0.9,0.883495145631068,0.75,0.9578947368421052,0.891747572815534,"[0.9578947368421052, 0.75]","[0.883495145631068, 0.9]","[0.9191919191919192, 0.8181818181818182]","[0.883495145631068, 0.9]"
Gradient Boosting,30,6,1.0,0.9973333333333333,0.9448373408769448,0.6601267188466018,0.6579337054334207,0.7640449438202247,0.8287229795243256,0.8531468531468531,0.8095238095238095,0.8712871287128713,0.723404255319149,0.9166666666666666,0.8404054691183405,"[0.9166666666666666, 0.723404255319149]","[0.8712871287128713, 0.8095238095238095]","[0.8934010152284264, 0.7640449438202247]","[0.8712871287128713, 0.8095238095238095]"
Gradient Boosting,31,7,1.0,1.0,0.9612790697674418,0.7645163337731955,0.7640820174404902,0.8333333333333334,0.8820132013201321,0.9020979020979021,0.813953488372093,0.94,0.8536585365853658,0.9215686274509803,0.8769767441860465,"[0.9215686274509803, 0.8536585365853658]","[0.94, 0.813953488372093]","[0.9306930693069307, 0.8333333333333334]","[0.94, 0.813953488372093]"
Gradient Boosting,32,7,1.0,0.9971830985915493,0.9583685545224007,0.7884615384615384,0.7884615384615385,0.8653846153846154,0.8942307692307693,0.9020979020979021,0.8653846153846154,0.9230769230769231,0.8653846153846154,0.9230769230769231,0.8942307692307693,"[0.9230769230769231, 0.8653846153846154]","[0.9230769230769231, 0.8653846153846154]","[0.9230769230769231, 0.8653846153846154]","[0.9230769230769231, 0.8653846153846154]"
Gradient Boosting,33,7,1.0,1.0,0.9655913978494624,0.7870690735726444,0.7867036011080333,0.8627450980392157,0.8933290707587382,0.9020979020979021,0.88,0.9139784946236559,0.8461538461538461,0.9340659340659341,0.8969892473118279,"[0.9340659340659341, 0.8461538461538461]","[0.9139784946236559, 0.88]","[0.9239130434782609, 0.8627450980392157]","[0.9139784946236559, 0.88]"
Gradient Boosting,34,7,1.0,0.9973333333333333,0.9632248939179633,0.758185708592167,0.7556669324524433,0.8314606741573034,0.877659271088804,0.8951048951048951,0.8809523809523809,0.900990099009901,0.7872340425531915,0.9479166666666666,0.8909712399811409,"[0.9479166666666666, 0.7872340425531915]","[0.900990099009901, 0.8809523809523809]","[0.9238578680203046, 0.8314606741573034]","[0.900990099009901, 0.8809523809523809]"
Gradient Boosting,35,7,1.0,1.0,0.9312790697674418,0.7192849234021187,0.7191867852604829,0.8045977011494253,0.8595852827355166,0.8811188811188811,0.813953488372093,0.91,0.7954545454545454,0.9191919191919192,0.8619767441860465,"[0.9191919191919192, 0.7954545454545454]","[0.91, 0.813953488372093]","[0.914572864321608, 0.8045977011494253]","[0.91, 0.813953488372093]"
Gradient Boosting,36,8,1.0,0.9971671388101983,0.9344863731656183,0.7743694843115938,0.774281805745554,0.8571428571428571,0.8871349644830308,0.8951048951048951,0.8490566037735849,0.9222222222222223,0.8653846153846154,0.9120879120879121,0.8856394129979036,"[0.9120879120879121, 0.8653846153846154]","[0.9222222222222223, 0.8490566037735849]","[0.9171270718232044, 0.8571428571428571]","[0.9222222222222223, 0.8490566037735849]"
Gradient Boosting,37,8,1.0,1.0,0.9450918870461675,0.7114012176904688,0.7072513737743777,0.8080808080808081,0.8532382650029708,0.8671328671328671,0.8695652173913043,0.865979381443299,0.7547169811320755,0.9333333333333333,0.8677722994173016,"[0.9333333333333333, 0.7547169811320755]","[0.865979381443299, 0.8695652173913043]","[0.8983957219251337, 0.8080808080808081]","[0.865979381443299, 0.8695652173913043]"
Gradient Boosting,38,8,1.0,0.9972602739726028,0.9689716312056738,0.7952051343845337,0.7951063595282707,0.8631578947368421,0.8975475337558556,0.9090909090909091,0.8723404255319149,0.9270833333333334,0.8541666666666666,0.9368421052631579,0.8997118794326242,"[0.9368421052631579, 0.8541666666666666]","[0.9270833333333334, 0.8723404255319149]","[0.9319371727748691, 0.8631578947368421]","[0.9270833333333334, 0.8723404255319149]"
Gradient Boosting,39,8,1.0,1.0,0.9413012729844413,0.7892317647394621,0.7793696275071633,0.851063829787234,0.8890735815602837,0.9020979020979021,0.9523809523809523,0.8811881188118812,0.7692307692307693,0.978021978021978,0.9167845355964168,"[0.978021978021978, 0.7692307692307693]","[0.8811881188118812, 0.9523809523809523]","[0.9270833333333334, 0.851063829787234]","[0.8811881188118812, 0.9523809523809523]"
Gradient Boosting,40,8,0.9999999999999999,1.0,0.9504950495049506,0.6820573993272897,0.6819618401030083,0.7764705882352941,0.8409716125256073,0.8671328671328671,0.7857142857142857,0.900990099009901,0.7674418604651163,0.91,0.8433521923620934,"[0.91, 0.7674418604651163]","[0.900990099009901, 0.7857142857142857]","[0.9054726368159204, 0.7764705882352941]","[0.900990099009901, 0.7857142857142857]"
Gradient Boosting,41,9,1.0,0.9973753280839895,0.9879191321499015,0.8964389225763081,0.8958990536277602,0.925,0.9479368932038835,0.958041958041958,0.9487179487179487,0.9615384615384616,0.9024390243902439,0.9803921568627451,0.9551282051282051,"[0.9803921568627451, 0.9024390243902439]","[0.9615384615384616, 0.9487179487179487]","[0.970873786407767, 0.925]","[0.9615384615384616, 0.9487179487179487]"
Gradient Boosting,42,9,1.0,1.0,0.9421487603305785,0.7792464045147061,0.7791619479048697,0.8648648648648649,0.8895752895752895,0.8951048951048951,0.8727272727272727,0.9090909090909091,0.8571428571428571,0.9195402298850575,0.8909090909090909,"[0.9195402298850575, 0.8571428571428571]","[0.9090909090909091, 0.8727272727272727]","[0.9142857142857143, 0.8648648648648649]","[0.9090909090909091, 0.8727272727272727]"
Gradient Boosting,43,9,1.0,0.9973474801061007,0.9658058345289335,0.779459467388484,0.7793471810089021,0.8433734939759037,0.8896670425544543,0.9090909090909091,0.8536585365853658,0.9313725490196079,0.8333333333333334,0.9405940594059405,0.8925155428024869,"[0.9405940594059405, 0.8333333333333334]","[0.9313725490196079, 0.8536585365853658]","[0.9359605911330049, 0.8433734939759037]","[0.9313725490196079, 0.8536585365853658]"
Gradient Boosting,44,9,0.9999999999999999,0.9972602739726028,0.9327349290780143,0.6691010764782533,0.6690179653918219,0.7789473684210526,0.8344998622209976,0.8531468531468531,0.7872340425531915,0.8854166666666666,0.7708333333333334,0.8947368421052632,0.8363253546099291,"[0.8947368421052632, 0.7708333333333334]","[0.8854166666666666, 0.7872340425531915]","[0.8900523560209425, 0.7789473684210526]","[0.8854166666666666, 0.7872340425531915]"
Gradient Boosting,45,9,1.0,1.0,0.9638157894736841,0.7446351807956404,0.7411178999773704,0.8222222222222222,0.8702947845804989,0.8881118881118881,0.7708333333333334,0.9473684210526315,0.8809523809523809,0.8910891089108911,0.8591008771929824,"[0.8910891089108911, 0.8809523809523809]","[0.9473684210526315, 0.7708333333333334]","[0.9183673469387755, 0.8222222222222222]","[0.9473684210526315, 0.7708333333333334]"
Gradient Boosting,46,10,1.0,1.0,0.952472293265132,0.7705066094725923,0.7704163544899925,0.8514851485148515,0.8852020337168852,0.8951048951048951,0.8431372549019608,0.9239130434782609,0.86,0.9139784946236559,0.8835251491901108,"[0.9139784946236559, 0.86]","[0.9239130434782609, 0.8431372549019608]","[0.918918918918919, 0.8514851485148515]","[0.9239130434782609, 0.8431372549019608]"
Gradient Boosting,47,10,0.9999999999999999,1.0,0.9550970873786407,0.644565353840412,0.643729979831534,0.7469879518072289,0.82176983797258,0.8531468531468531,0.775,0.883495145631068,0.7209302325581395,0.91,0.829247572815534,"[0.91, 0.7209302325581395]","[0.883495145631068, 0.775]","[0.896551724137931, 0.7469879518072289]","[0.883495145631068, 0.775]"
Gradient Boosting,48,10,1.0,0.997289972899729,0.9496598639455782,0.776759068324686,0.7692804130364634,0.8484848484848485,0.8841354723707665,0.8951048951048951,0.9333333333333333,0.8775510204081632,0.7777777777777778,0.9662921348314607,0.9054421768707483,"[0.9662921348314607, 0.7777777777777778]","[0.8775510204081632, 0.9333333333333333]","[0.9197860962566845, 0.8484848484848485]","[0.8775510204081632, 0.9333333333333333]"
Gradient Boosting,49,10,1.0,0.9971509971509972,0.9415314190595089,0.7777365335952288,0.7776510832383124,0.8623853211009175,0.8888197791945265,0.8951048951048951,0.8703703703703703,0.9101123595505618,0.8545454545454545,0.9204545454545454,0.8902413649604661,"[0.9204545454545454, 0.8545454545454545]","[0.9101123595505618, 0.8703703703703703]","[0.9152542372881356, 0.8623853211009175]","[0.9101123595505618, 0.8703703703703703]"
Gradient Boosting,50,10,1.0,0.9973614775725593,0.9616504854368932,0.7519000801229904,0.7492694330800702,0.8235294117647058,0.874451273046532,0.8951048951048951,0.875,0.9029126213592233,0.7777777777777778,0.9489795918367347,0.8889563106796117,"[0.9489795918367347, 0.7777777777777778]","[0.9029126213592233, 0.875]","[0.9253731343283582, 0.8235294117647058]","[0.9029126213592233, 0.875]"
KNN,1,1,0.9778057126894336,0.8763440860215054,0.9154195011337869,0.6575529737810439,0.657465495608532,0.7640449438202247,0.8287229795243256,0.8531468531468531,0.7555555555555555,0.8979591836734694,0.7727272727272727,0.8888888888888888,0.8267573696145125,"[0.8888888888888888, 0.7727272727272727]","[0.8979591836734694, 0.7555555555555555]","[0.8934010152284264, 0.7640449438202247]","[0.8979591836734694, 0.7555555555555555]"
KNN,2,1,0.9758554025047266,0.875,0.9587595907928389,0.7561807331628303,0.7561807331628303,0.8431372549019608,0.8780903665814151,0.8881118881118881,0.8431372549019608,0.9130434782608695,0.8431372549019608,0.9130434782608695,0.8780903665814151,"[0.9130434782608695, 0.8431372549019608]","[0.9130434782608695, 0.8431372549019608]","[0.9130434782608695, 0.8431372549019608]","[0.9130434782608695, 0.8431372549019608]"
KNN,3,1,0.9777190757959988,0.8655913978494624,0.9156798245614034,0.746927184736401,0.7427240977881258,0.8349514563106796,0.8710276407236458,0.8811188811188811,0.8958333333333334,0.8736842105263158,0.7818181818181819,0.9431818181818182,0.8847587719298247,"[0.9431818181818182, 0.7818181818181819]","[0.8736842105263158, 0.8958333333333334]","[0.907103825136612, 0.8349514563106796]","[0.8736842105263158, 0.8958333333333334]"
KNN,4,1,0.973965324779924,0.8693333333333333,0.9478940512375164,0.8223993206709468,0.8190255220417634,0.8846153846153846,0.9093406593406593,0.916083916083916,0.9387755102040817,0.9042553191489362,0.8363636363636363,0.9659090909090909,0.921515414676509,"[0.9659090909090909, 0.8363636363636363]","[0.9042553191489362, 0.9387755102040817]","[0.9340659340659341, 0.8846153846153846]","[0.9042553191489362, 0.9387755102040817]"
KNN,5,1,0.977244452950907,0.8756476683937824,0.9449260581336054,0.7343379001870143,0.7274892806098141,0.8048780487804879,0.8632233381157342,0.8881118881118881,0.8918918918918919,0.8867924528301887,0.7333333333333333,0.9591836734693877,0.8893421723610403,"[0.9591836734693877, 0.7333333333333333]","[0.8867924528301887, 0.8918918918918919]","[0.9215686274509803, 0.8048780487804879]","[0.8867924528301887, 0.8918918918918919]"
KNN,6,2,0.9805348284344038,0.8946015424164524,0.9241863905325445,0.7083003986019998,0.7073552425665102,0.7901234567901234,0.8535983137609153,0.8811188811188811,0.8205128205128205,0.9038461538461539,0.7619047619047619,0.9306930693069307,0.8621794871794872,"[0.9306930693069307, 0.7619047619047619]","[0.9038461538461539, 0.8205128205128205]","[0.9170731707317074, 0.7901234567901234]","[0.9038461538461539, 0.8205128205128205]"
KNN,7,2,0.9743254100177305,0.8720626631853786,0.9387081565299387,0.7131646992395759,0.7025073907806854,0.8,0.8502617801047121,0.8671328671328671,0.9047619047619048,0.8514851485148515,0.7169811320754716,0.9555555555555556,0.8781235266383781,"[0.9555555555555556, 0.7169811320754716]","[0.8514851485148515, 0.9047619047619048]","[0.900523560209424, 0.8]","[0.8514851485148515, 0.9047619047619048]"
KNN,8,2,0.9781369496922399,0.8870523415977961,0.9384057971014493,0.7382939081501513,0.7375013497462477,0.8282828282828283,0.8686868686868687,0.8811188811188811,0.803921568627451,0.9239130434782609,0.8541666666666666,0.8947368421052632,0.863917306052856,"[0.8947368421052632, 0.8541666666666666]","[0.9239130434782609, 0.803921568627451]","[0.9090909090909091, 0.8282828282828283]","[0.9239130434782609, 0.803921568627451]"
KNN,9,2,0.9764258943285062,0.8555240793201133,0.9434019370460048,0.754200463886297,0.7541215737837564,0.8547008547008547,0.8770545693622617,0.8811188811188811,0.847457627118644,0.9047619047619048,0.8620689655172413,0.8941176470588236,0.8761097659402743,"[0.8941176470588236, 0.8620689655172413]","[0.9047619047619048, 0.847457627118644]","[0.8994082840236687, 0.8547008547008547]","[0.9047619047619048, 0.847457627118644]"
KNN,10,2,0.9732860617553696,0.8571428571428571,0.9557445759368837,0.7626516877967456,0.7608695652173914,0.8292682926829268,0.8803204208512674,0.9020979020979021,0.8717948717948718,0.9134615384615384,0.7906976744186046,0.95,0.8926282051282051,"[0.95, 0.7906976744186046]","[0.9134615384615384, 0.8717948717948718]","[0.9313725490196079, 0.8292682926829268]","[0.9134615384615384, 0.8717948717948718]"
KNN,11,3,0.9782689144736842,0.8888888888888888,0.9201754385964912,0.7308732565024212,0.7270341207349081,0.8048780487804879,0.8632233381157342,0.8881118881118881,0.868421052631579,0.8952380952380953,0.75,0.9494949494949495,0.8818295739348372,"[0.9494949494949495, 0.75]","[0.8952380952380953, 0.868421052631579]","[0.9215686274509803, 0.8048780487804879]","[0.8952380952380953, 0.868421052631579]"
KNN,12,3,0.9741211209538136,0.8723404255319149,0.9243572084481175,0.6624841092701477,0.6617100371747212,0.7692307692307693,0.8307692307692308,0.8531468531468531,0.7954545454545454,0.8787878787878788,0.7446808510638298,0.90625,0.8371212121212122,"[0.90625, 0.7446808510638298]","[0.8787878787878788, 0.7954545454545454]","[0.8923076923076924, 0.7692307692307693]","[0.8787878787878788, 0.7954545454545454]"
KNN,13,3,0.9785606333213386,0.8813559322033898,0.9401859504132232,0.7068506934967079,0.7065462753950339,0.8214285714285714,0.8532430213464697,0.8601398601398601,0.8363636363636363,0.875,0.8070175438596491,0.8953488372093024,0.8556818181818182,"[0.8953488372093024, 0.8070175438596491]","[0.875, 0.8363636363636363]","[0.8850574712643678, 0.8214285714285714]","[0.875, 0.8363636363636363]"
KNN,14,3,0.9788290715183665,0.882051282051282,0.9091343854615017,0.7164758086329472,0.7155727155727156,0.8,0.8577114427860697,0.8811188811188811,0.8292682926829268,0.9019607843137255,0.7727272727272727,0.9292929292929293,0.8656145384983261,"[0.9292929292929293, 0.7727272727272727]","[0.9019607843137255, 0.8292682926829268]","[0.9154228855721394, 0.8]","[0.9019607843137255, 0.8292682926829268]"
KNN,15,3,0.9741630069012719,0.8507042253521127,0.9635460693153002,0.7768985960673558,0.7761194029850746,0.8598130841121495,0.8880071007152927,0.8951048951048951,0.8846153846153846,0.9010989010989011,0.8363636363636363,0.9318181818181818,0.8928571428571428,"[0.9318181818181818, 0.8363636363636363]","[0.9010989010989011, 0.8846153846153846]","[0.9162011173184358, 0.8598130841121495]","[0.9010989010989011, 0.8846153846153846]"
KNN,16,4,0.9775871999100959,0.870026525198939,0.9203235815602836,0.7320586015472332,0.7266355140186915,0.8235294117647058,0.8628516624040921,0.8741258741258742,0.8936170212765957,0.8645833333333334,0.7636363636363637,0.9431818181818182,0.8791001773049645,"[0.9431818181818182, 0.7636363636363637]","[0.8645833333333334, 0.8936170212765957]","[0.9021739130434783, 0.8235294117647058]","[0.8645833333333334, 0.8936170212765957]"
KNN,17,4,0.980352644836272,0.8932584269662921,0.8989669421487603,0.6643065899387913,0.6636670416197976,0.7964601769911505,0.8317561000562689,0.8391608391608392,0.8181818181818182,0.8522727272727273,0.7758620689655172,0.8823529411764706,0.8352272727272727,"[0.8823529411764706, 0.7758620689655172]","[0.8522727272727273, 0.8181818181818182]","[0.8670520231213873, 0.7964601769911505]","[0.8522727272727273, 0.8181818181818182]"
KNN,18,4,0.9729264260126756,0.8615384615384616,0.9637135922330098,0.78046339379497,0.7794518922766639,0.8433734939759037,0.8896670425544543,0.9090909090909091,0.875,0.9223300970873787,0.813953488372093,0.95,0.8986650485436893,"[0.95, 0.813953488372093]","[0.9223300970873787, 0.875]","[0.9359605911330049, 0.8433734939759037]","[0.9223300970873787, 0.875]"
KNN,19,4,0.9768324607329842,0.8769230769230769,0.9447815533980584,0.7854481960223937,0.7827001753360607,0.8470588235294118,0.8911911033069944,0.9090909090909091,0.9,0.912621359223301,0.8,0.9591836734693877,0.9063106796116505,"[0.9591836734693877, 0.8]","[0.912621359223301, 0.9]","[0.9353233830845771, 0.8470588235294118]","[0.912621359223301, 0.9]"
KNN,20,4,0.9710270498732037,0.8516483516483516,0.9546052631578947,0.7864024953621265,0.7849162011173184,0.86,0.8923655913978494,0.9020979020979021,0.8958333333333334,0.9052631578947369,0.8269230769230769,0.945054945054945,0.9005482456140351,"[0.945054945054945, 0.8269230769230769]","[0.9052631578947369, 0.8958333333333334]","[0.9247311827956989, 0.86]","[0.9052631578947369, 0.8958333333333334]"
KNN,21,5,0.9761894608156709,0.8611111111111112,0.9313725490196079,0.7561807331628303,0.7561807331628303,0.8431372549019608,0.8780903665814151,0.8881118881118881,0.8431372549019608,0.9130434782608695,0.8431372549019608,0.9130434782608695,0.8780903665814151,"[0.9130434782608695, 0.8431372549019608]","[0.9130434782608695, 0.8431372549019608]","[0.9130434782608695, 0.8431372549019608]","[0.9130434782608695, 0.8431372549019608]"
KNN,22,5,0.9779173055935457,0.8923884514435696,0.9456001912960306,0.7224020377388298,0.7131713839982171,0.8043478260869565,0.8557821604661586,0.8741258741258742,0.9024390243902439,0.8627450980392157,0.7254901960784313,0.9565217391304348,0.8825920612147298,"[0.9565217391304348, 0.7254901960784313]","[0.8627450980392157, 0.9024390243902439]","[0.9072164948453608, 0.8043478260869565]","[0.8627450980392157, 0.9024390243902439]"
KNN,23,5,0.9709593849239513,0.865979381443299,0.9533976124885215,0.788059670867358,0.7879548306148055,0.8539325842696629,0.8939713682769634,0.9090909090909091,0.8636363636363636,0.9292929292929293,0.8444444444444444,0.9387755102040817,0.8964646464646464,"[0.9387755102040817, 0.8444444444444444]","[0.9292929292929293, 0.8636363636363636]","[0.934010152284264, 0.8539325842696629]","[0.9292929292929293, 0.8636363636363636]"
KNN,24,5,0.976367438640121,0.8641304347826086,0.9421406860616587,0.7973043891223563,0.797207374277299,0.865979381443299,0.8985981563301151,0.9090909090909091,0.8571428571428571,0.9361702127659575,0.875,0.9263157894736842,0.8966565349544073,"[0.9263157894736842, 0.875]","[0.9361702127659575, 0.8571428571428571]","[0.9312169312169312, 0.865979381443299]","[0.9361702127659575, 0.8571428571428571]"
KNN,25,5,0.9759829597038899,0.8670212765957447,0.9478458049886622,0.748180361338846,0.7466784765279009,0.8297872340425532,0.87322695035461,0.8881118881118881,0.8666666666666667,0.8979591836734694,0.7959183673469388,0.9361702127659575,0.8823129251700681,"[0.9361702127659575, 0.7959183673469388]","[0.8979591836734694, 0.8666666666666667]","[0.9166666666666666, 0.8297872340425532]","[0.8979591836734694, 0.8666666666666667]"
KNN,26,6,0.977198743372141,0.8858695652173914,0.9213554987212276,0.8001246717609692,0.7992657380412482,0.8686868686868687,0.8995840760546643,0.9090909090909091,0.8431372549019608,0.9456521739130435,0.8958333333333334,0.9157894736842105,0.8943947144075022,"[0.9157894736842105, 0.8958333333333334]","[0.9456521739130435, 0.8431372549019608]","[0.93048128342246, 0.8686868686868687]","[0.9456521739130435, 0.8431372549019608]"
KNN,27,6,0.9800806326997906,0.8906666666666667,0.9372783687943261,0.6947398898713159,0.6939281288723669,0.7912087912087912,0.8468864468864469,0.8671328671328671,0.7659574468085106,0.9166666666666666,0.8181818181818182,0.8888888888888888,0.8413120567375887,"[0.8888888888888888, 0.8181818181818182]","[0.9166666666666666, 0.7659574468085106]","[0.9025641025641026, 0.7912087912087912]","[0.9166666666666666, 0.7659574468085106]"
KNN,28,6,0.9755385487528344,0.875,0.9340860215053763,0.7598326798616999,0.7584459459459459,0.8461538461538461,0.8791208791208791,0.8881118881118881,0.88,0.8924731182795699,0.8148148148148148,0.9325842696629213,0.8862365591397849,"[0.9325842696629213, 0.8148148148148148]","[0.8924731182795699, 0.88]","[0.9120879120879121, 0.8461538461538461]","[0.8924731182795699, 0.88]"
KNN,29,6,0.9741595480848719,0.8616187989556136,0.9567961165048543,0.830305536711395,0.8213920744862042,0.8764044943820225,0.910283465465123,0.9230769230769231,0.975,0.9029126213592233,0.7959183673469388,0.9893617021276596,0.9389563106796117,"[0.9893617021276596, 0.7959183673469388]","[0.9029126213592233, 0.975]","[0.9441624365482234, 0.8764044943820225]","[0.9029126213592233, 0.975]"
KNN,30,6,0.9759114583333333,0.8652849740932642,0.9534417727487035,0.7314058097085613,0.7267618298302798,0.8131868131868132,0.863003663003663,0.8811188811188811,0.8809523809523809,0.8811881188118812,0.7551020408163265,0.9468085106382979,0.881070249882131,"[0.9468085106382979, 0.7551020408163265]","[0.8811881188118812, 0.8809523809523809]","[0.9128205128205128, 0.8131868131868132]","[0.8811881188118812, 0.8809523809523809]"
KNN,31,7,0.9786721300090284,0.8818897637795275,0.922906976744186,0.7099195040355822,0.7084277299501586,0.8,0.8540816326530613,0.8741258741258742,0.8372093023255814,0.89,0.7659574468085106,0.9270833333333334,0.8636046511627907,"[0.9270833333333334, 0.7659574468085106]","[0.89, 0.8372093023255814]","[0.9081632653061225, 0.8]","[0.89, 0.8372093023255814]"
KNN,32,7,0.9751753835624251,0.8679245283018868,0.9416737109044802,0.7503763311432712,0.7483176312247645,0.8440366972477065,0.8739957497537967,0.8811188811188811,0.8846153846153846,0.8791208791208791,0.8070175438596491,0.9302325581395349,0.8818681318681318,"[0.9302325581395349, 0.8070175438596491]","[0.8791208791208791, 0.8846153846153846]","[0.903954802259887, 0.8440366972477065]","[0.8791208791208791, 0.8846153846153846]"
KNN,33,7,0.9776006235827663,0.8712328767123287,0.9443010752688172,0.7637026523880511,0.7606193764385855,0.8490566037735849,0.880083857442348,0.8881118881118881,0.9,0.8817204301075269,0.8035714285714286,0.9425287356321839,0.8908602150537634,"[0.9425287356321839, 0.8035714285714286]","[0.8817204301075269, 0.9]","[0.9111111111111111, 0.8490566037735849]","[0.8817204301075269, 0.9]"
KNN,34,7,0.975925310283688,0.8720626631853786,0.9521452145214522,0.7720757087426418,0.7704128440366972,0.8409090909090909,0.8851010101010102,0.9020979020979021,0.8809523809523809,0.9108910891089109,0.8043478260869565,0.9484536082474226,0.8959217350306459,"[0.9484536082474226, 0.8043478260869565]","[0.9108910891089109, 0.8809523809523809]","[0.9292929292929293, 0.8409090909090909]","[0.9108910891089109, 0.8809523809523809]"
KNN,35,7,0.976123341898743,0.8693333333333333,0.9298837209302325,0.728756290068331,0.7263927968486212,0.8131868131868132,0.863003663003663,0.8811188811188811,0.8604651162790697,0.89,0.7708333333333334,0.9368421052631579,0.8752325581395348,"[0.9368421052631579, 0.7708333333333334]","[0.89, 0.8604651162790697]","[0.9128205128205128, 0.8131868131868132]","[0.89, 0.8604651162790697]"
KNN,36,8,0.9802617464063506,0.8757062146892656,0.9215932914046122,0.6971873742529173,0.6935401571588937,0.8141592920353983,0.846386004399202,0.8531468531468531,0.8679245283018868,0.8444444444444444,0.7666666666666667,0.9156626506024096,0.8561844863731656,"[0.9156626506024096, 0.7666666666666667]","[0.8444444444444444, 0.8679245283018868]","[0.8786127167630058, 0.8141592920353983]","[0.8444444444444444, 0.8679245283018868]"
KNN,37,8,0.9751022523532048,0.8743455497382199,0.9164051994621246,0.729229059064152,0.7291364902506964,0.8172043010752689,0.8645606997604324,0.8811188811188811,0.8260869565217391,0.9072164948453608,0.8085106382978723,0.9166666666666666,0.86665172568355,"[0.9166666666666666, 0.8085106382978723]","[0.9072164948453608, 0.8260869565217391]","[0.9119170984455959, 0.8172043010752689]","[0.9072164948453608, 0.8260869565217391]"
KNN,38,8,0.9744827004930675,0.8617021276595744,0.9484707446808511,0.7981695676581548,0.7972958237923891,0.865979381443299,0.8985981563301151,0.9090909090909091,0.8936170212765957,0.9166666666666666,0.84,0.946236559139785,0.9051418439716312,"[0.946236559139785, 0.84]","[0.9166666666666666, 0.8936170212765957]","[0.9312169312169312, 0.865979381443299]","[0.9166666666666666, 0.8936170212765957]"
KNN,39,8,0.9804964539007092,0.8825065274151436,0.9237388024516737,0.7184805166194013,0.7125949084412684,0.8043478260869565,0.8557821604661586,0.8741258741258742,0.8809523809523809,0.8712871287128713,0.74,0.946236559139785,0.876119754832626,"[0.946236559139785, 0.74]","[0.8712871287128713, 0.8809523809523809]","[0.9072164948453608, 0.8043478260869565]","[0.8712871287128713, 0.8809523809523809]"
KNN,40,8,0.9745331892730497,0.8677248677248677,0.942008486562942,0.6485750072559535,0.6484841390612197,0.7529411764705882,0.8242317822651448,0.8531468531468531,0.7619047619047619,0.8910891089108911,0.7441860465116279,0.9,0.8264969354078264,"[0.9, 0.7441860465116279]","[0.8910891089108911, 0.7619047619047619]","[0.8955223880597015, 0.7529411764705882]","[0.8910891089108911, 0.7619047619047619]"
KNN,41,9,0.9746533646644955,0.8730964467005076,0.9628944773175544,0.8022608360001078,0.7981651376146789,0.8571428571428571,0.8988684582743989,0.916083916083916,0.9230769230769231,0.9134615384615384,0.8,0.9693877551020408,0.9182692307692308,"[0.9693877551020408, 0.8]","[0.9134615384615384, 0.9230769230769231]","[0.9405940594059405, 0.8571428571428571]","[0.9134615384615384, 0.9230769230769231]"
KNN,42,9,0.9790284274919036,0.8746518105849582,0.9170454545454545,0.6840999947952409,0.6815144766146993,0.8103448275862069,0.8404665314401623,0.8461538461538461,0.8545454545454545,0.8409090909090909,0.7704918032786885,0.9024390243902439,0.8477272727272727,"[0.9024390243902439, 0.7704918032786885]","[0.8409090909090909, 0.8545454545454545]","[0.8705882352941177, 0.8103448275862069]","[0.8409090909090909, 0.8545454545454545]"
KNN,43,9,0.9777515299708512,0.8860103626943006,0.9368723098995695,0.6970728817500202,0.6966768795663445,0.7857142857142857,0.8483026874115983,0.8741258741258742,0.8048780487804879,0.9019607843137255,0.7674418604651163,0.92,0.8534194165471067,"[0.92, 0.7674418604651163]","[0.9019607843137255, 0.8048780487804879]","[0.9108910891089109, 0.7857142857142857]","[0.9019607843137255, 0.8048780487804879]"
KNN,44,9,0.9790059982862039,0.8789473684210526,0.8936170212765957,0.6375750620016832,0.6374958668577098,0.7578947368421053,0.8187379443372831,0.8391608391608392,0.7659574468085106,0.875,0.75,0.8842105263157894,0.8204787234042553,"[0.8842105263157894, 0.75]","[0.875, 0.7659574468085106]","[0.8795811518324608, 0.7578947368421053]","[0.875, 0.7659574468085106]"
KNN,45,9,0.9741546914623838,0.8729281767955801,0.9451754385964912,0.7453723378468579,0.7438423645320198,0.8260869565217391,0.8718063648588077,0.8881118881118881,0.7916666666666666,0.9368421052631579,0.8636363636363636,0.898989898989899,0.8642543859649123,"[0.898989898989899, 0.8636363636363636]","[0.9368421052631579, 0.7916666666666666]","[0.9175257731958762, 0.8260869565217391]","[0.9368421052631579, 0.7916666666666666]"
KNN,46,10,0.9781938106813368,0.8672086720867209,0.9351023017902813,0.7450526154620167,0.7442936783422741,0.8380952380952381,0.8720862930807682,0.8811188811188811,0.8627450980392157,0.8913043478260869,0.8148148148148148,0.9213483146067416,0.8770247229326513,"[0.9213483146067416, 0.8148148148148148]","[0.8913043478260869, 0.8627450980392157]","[0.9060773480662984, 0.8380952380952381]","[0.8913043478260869, 0.8627450980392157]"
KNN,47,10,0.9744833287407,0.883248730964467,0.9262135922330097,0.6876213592233009,0.6876213592233009,0.775,0.8438106796116505,0.8741258741258742,0.775,0.912621359223301,0.775,0.912621359223301,0.8438106796116505,"[0.912621359223301, 0.775]","[0.912621359223301, 0.775]","[0.912621359223301, 0.775]","[0.912621359223301, 0.775]"
KNN,48,10,0.9779663384314548,0.8770053475935828,0.92562358276644,0.6663139059538337,0.6655529568994321,0.7741935483870968,0.8326926291158281,0.8531468531468531,0.8,0.8775510204081632,0.75,0.9052631578947369,0.8387755102040817,"[0.9052631578947369, 0.75]","[0.8775510204081632, 0.8]","[0.8911917098445595, 0.7741935483870968]","[0.8775510204081632, 0.8]"
KNN,49,10,0.9771866391184574,0.8845070422535212,0.942675821889305,0.7505517372943011,0.7498199032623237,0.8468468468468469,0.8748519948519948,0.8811188811188811,0.8703703703703703,0.8876404494382022,0.8245614035087719,0.9186046511627907,0.8790054099042863,"[0.9186046511627907, 0.8245614035087719]","[0.8876404494382022, 0.8703703703703703]","[0.9028571428571428, 0.8468468468468469]","[0.8876404494382022, 0.8703703703703703]"
KNN,50,10,0.9746831082942959,0.868421052631579,0.9462378640776699,0.7322329195984632,0.7305699481865284,0.8095238095238095,0.8651579443658652,0.8881118881118881,0.85,0.9029126213592233,0.7727272727272727,0.9393939393939394,0.8764563106796117,"[0.9393939393939394, 0.7727272727272727]","[0.9029126213592233, 0.85]","[0.9207920792079208, 0.8095238095238095]","[0.9029126213592233, 0.85]"
Logistic Regression,1,1,0.9673859906418046,0.8571428571428571,0.9444444444444444,0.7164514788740017,0.7150132860938884,0.8085106382978723,0.8573803191489362,0.8741258741258742,0.8444444444444444,0.8877551020408163,0.7755102040816326,0.925531914893617,0.8660997732426303,"[0.925531914893617, 0.7755102040816326]","[0.8877551020408163, 0.8444444444444444]","[0.90625, 0.8085106382978723]","[0.8877551020408163, 0.8444444444444444]"
Logistic Regression,2,1,0.9626281149160589,0.8455696202531645,0.9609974424552429,0.7684883581645908,0.7548653826762126,0.8521739130434782,0.8763793541825577,0.8811188811188811,0.9607843137254902,0.8369565217391305,0.765625,0.9746835443037974,0.8988704177323104,"[0.9746835443037974, 0.765625]","[0.8369565217391305, 0.9607843137254902]","[0.9005847953216374, 0.8521739130434782]","[0.8369565217391305, 0.9607843137254902]"
Logistic Regression,3,1,0.969949281487743,0.8621553884711779,0.9427631578947369,0.7159981988108247,0.7046674927715819,0.8148148148148148,0.8512276321265084,0.8601398601398601,0.9166666666666666,0.8315789473684211,0.7333333333333333,0.9518072289156626,0.8741228070175439,"[0.9518072289156626, 0.7333333333333333]","[0.8315789473684211, 0.9166666666666666]","[0.8876404494382022, 0.8148148148148148]","[0.8315789473684211, 0.9166666666666666]"
Logistic Regression,4,1,0.962074861171949,0.8415841584158416,0.965914025184542,0.7965577429819122,0.7908483075637276,0.8679245283018868,0.8950733752620545,0.9020979020979021,0.9387755102040817,0.8829787234042553,0.8070175438596491,0.9651162790697675,0.9108771168041685,"[0.9651162790697675, 0.8070175438596491]","[0.8829787234042553, 0.9387755102040817]","[0.9222222222222223, 0.8679245283018868]","[0.8829787234042553, 0.9387755102040817]"
Logistic Regression,5,1,0.9654121153294051,0.8625592417061612,0.949260581336053,0.7895688314546591,0.7803898405197873,0.8433734939759037,0.8896670425544543,0.9090909090909091,0.9459459459459459,0.8962264150943396,0.7608695652173914,0.979381443298969,0.9210861805201428,"[0.979381443298969, 0.7608695652173914]","[0.8962264150943396, 0.9459459459459459]","[0.9359605911330049, 0.8433734939759037]","[0.8962264150943396, 0.9459459459459459]"
Logistic Regression,6,2,0.9676794327410644,0.8585365853658536,0.9442800788954635,0.7211765541751526,0.716236722306525,0.8,0.8577114427860697,0.8811188811188811,0.8717948717948718,0.8846153846153846,0.7391304347826086,0.9484536082474226,0.8782051282051282,"[0.9484536082474226, 0.7391304347826086]","[0.8846153846153846, 0.8717948717948718]","[0.9154228855721394, 0.8]","[0.8846153846153846, 0.8717948717948718]"
Logistic Regression,7,2,0.9664090203900708,0.8634146341463415,0.9495520980669495,0.6868456382889246,0.6663131098854476,0.78,0.8308602150537634,0.8461538461538461,0.9285714285714286,0.8118811881188119,0.6724137931034483,0.9647058823529412,0.8702263083451203,"[0.9647058823529412, 0.6724137931034483]","[0.8118811881188119, 0.9285714285714286]","[0.8817204301075269, 0.78]","[0.8118811881188119, 0.9285714285714286]"
Logistic Regression,8,2,0.9621590117560096,0.8383838383838383,0.9733589087809036,0.8353939303385586,0.8345429683391186,0.8952380952380953,0.9172323072875559,0.9230769230769231,0.9215686274509803,0.9239130434782609,0.8703703703703703,0.9550561797752809,0.9227408354646206,"[0.9550561797752809, 0.8703703703703703]","[0.9239130434782609, 0.9215686274509803]","[0.9392265193370166, 0.8952380952380953]","[0.9239130434782609, 0.9215686274509803]"
Logistic Regression,9,2,0.9654081171340654,0.8324607329842932,0.948950766747377,0.7502677711688716,0.7454509493670886,0.8571428571428571,0.8723214285714285,0.8741258741258742,0.9152542372881356,0.8452380952380952,0.8059701492537313,0.9342105263157895,0.8802461662631154,"[0.9342105263157895, 0.8059701492537313]","[0.8452380952380952, 0.9152542372881356]","[0.8875, 0.8571428571428571]","[0.8452380952380952, 0.9152542372881356]"
Logistic Regression,10,2,0.9654532712206786,0.8605769230769231,0.9600591715976332,0.7749077673325648,0.7680722891566265,0.8372093023255814,0.8836046511627907,0.9020979020979021,0.9230769230769231,0.8942307692307693,0.7659574468085106,0.96875,0.9086538461538463,"[0.96875, 0.7659574468085106]","[0.8942307692307693, 0.9230769230769231]","[0.93, 0.8372093023255814]","[0.8942307692307693, 0.9230769230769231]"
Logistic Regression,11,3,0.9648985745614036,0.8489208633093526,0.956140350877193,0.7041276860953104,0.6977454203851573,0.7857142857142857,0.8483026874115983,0.8741258741258742,0.868421052631579,0.8761904761904762,0.717391304347826,0.9484536082474226,0.8723057644110276,"[0.9484536082474226, 0.717391304347826]","[0.8761904761904762, 0.868421052631579]","[0.9108910891089109, 0.7857142857142857]","[0.8761904761904762, 0.868421052631579]"
Logistic Regression,12,3,0.966892305978049,0.8529411764705882,0.9435261707988981,0.6805165136621419,0.6738351254480287,0.7835051546391752,0.836197021764032,0.8531468531468531,0.8636363636363636,0.8484848484848485,0.7169811320754716,0.9333333333333333,0.8560606060606061,"[0.9333333333333333, 0.7169811320754716]","[0.8484848484848485, 0.8636363636363636]","[0.8888888888888888, 0.7835051546391752]","[0.8484848484848485, 0.8636363636363636]"
Logistic Regression,13,3,0.9670241093918676,0.8527131782945736,0.9520661157024793,0.7461043003388514,0.7411504424778761,0.847457627118644,0.8701573849878934,0.8741258741258742,0.9090909090909091,0.8522727272727273,0.7936507936507936,0.9375,0.8806818181818181,"[0.9375, 0.7936507936507936]","[0.8522727272727273, 0.9090909090909091]","[0.8928571428571429, 0.847457627118644]","[0.8522727272727273, 0.9090909090909091]"
Logistic Regression,14,3,0.9655462997499551,0.8578313253012049,0.9476327116212339,0.7621463036059046,0.7484608619173263,0.8297872340425532,0.87322695035461,0.8881118881118881,0.9512195121951219,0.8627450980392157,0.7358490566037735,0.9777777777777777,0.9069823051171688,"[0.9777777777777777, 0.7358490566037735]","[0.8627450980392157, 0.9512195121951219]","[0.9166666666666666, 0.8297872340425532]","[0.8627450980392157, 0.9512195121951219]"
Logistic Regression,15,3,0.9611874750470542,0.8421052631578947,0.9725274725274725,0.8398554297360605,0.8272251308900523,0.896551724137931,0.9129817444219067,0.916083916083916,1.0,0.8681318681318682,0.8125,1.0,0.9340659340659341,"[1.0, 0.8125]","[0.8681318681318682, 1.0]","[0.9294117647058824, 0.896551724137931]","[0.8681318681318682, 1.0]"
Logistic Regression,16,4,0.968533580569486,0.8606965174129353,0.941267730496454,0.6954498833034108,0.685977203806337,0.8,0.8419889502762431,0.8531468531468531,0.8936170212765957,0.8333333333333334,0.7241379310344828,0.9411764705882353,0.8634751773049645,"[0.9411764705882353, 0.7241379310344828]","[0.8333333333333334, 0.8936170212765957]","[0.8839779005524862, 0.8]","[0.8333333333333334, 0.8936170212765957]"
Logistic Regression,17,4,0.9678733357322777,0.8549222797927462,0.9351239669421487,0.709727181041618,0.7085201793721974,0.8245614035087719,0.8541411668706651,0.8601398601398601,0.8545454545454545,0.8636363636363636,0.7966101694915254,0.9047619047619048,0.8590909090909091,"[0.9047619047619048, 0.7966101694915254]","[0.8636363636363636, 0.8545454545454545]","[0.8837209302325582, 0.8245614035087719]","[0.8636363636363636, 0.8545454545454545]"
Logistic Regression,18,4,0.9612014329016257,0.8523002421307506,0.979368932038835,0.7654611985814894,0.7389109655246482,0.8247422680412371,0.8673975890470735,0.8811188811188811,1.0,0.8349514563106796,0.7017543859649122,1.0,0.9174757281553398,"[1.0, 0.7017543859649122]","[0.8349514563106796, 1.0]","[0.91005291005291, 0.8247422680412371]","[0.8349514563106796, 1.0]"
Logistic Regression,19,4,0.9668503720033067,0.8605769230769231,0.9497572815533981,0.739416878273133,0.7278629799619389,0.8131868131868132,0.863003663003663,0.8811188811188811,0.925,0.8640776699029126,0.7254901960784313,0.967391304347826,0.8945388349514563,"[0.967391304347826, 0.7254901960784313]","[0.8640776699029126, 0.925]","[0.9128205128205128, 0.8131868131868132]","[0.8640776699029126, 0.925]"
Logistic Regression,20,4,0.9625528317836011,0.8465346534653465,0.9631578947368421,0.777366223612806,0.7729918509895227,0.8543689320388349,0.8862008594620404,0.8951048951048951,0.9166666666666666,0.8842105263157894,0.8,0.9545454545454546,0.900438596491228,"[0.9545454545454546, 0.8]","[0.8842105263157894, 0.9166666666666666]","[0.9180327868852459, 0.8543689320388349]","[0.8842105263157894, 0.9166666666666666]"
Logistic Regression,21,5,0.967091702560166,0.8527918781725888,0.9467178175618073,0.7229399576514104,0.7190569744597249,0.8256880733944955,0.8591717203130669,0.8671328671328671,0.8823529411764706,0.8586956521739131,0.7758620689655172,0.9294117647058824,0.8705242966751918,"[0.9294117647058824, 0.7758620689655172]","[0.8586956521739131, 0.8823529411764706]","[0.8926553672316384, 0.8256880733944955]","[0.8586956521739131, 0.8823529411764706]"
Logistic Regression,22,5,0.9634050312901488,0.8523002421307506,0.9641319942611191,0.7869667198617377,0.7769110764430578,0.8478260869565217,0.8878305692514568,0.9020979020979021,0.9512195121951219,0.8823529411764706,0.7647058823529411,0.9782608695652174,0.9167862266857962,"[0.9782608695652174, 0.7647058823529411]","[0.8823529411764706, 0.9512195121951219]","[0.9278350515463918, 0.8478260869565217]","[0.8823529411764706, 0.9512195121951219]"
Logistic Regression,23,5,0.9618641707058889,0.8536585365853658,0.9740587695133149,0.8432740427115678,0.8311688311688312,0.8888888888888888,0.9150326797385621,0.9230769230769231,1.0,0.8888888888888888,0.8,1.0,0.9444444444444444,"[1.0, 0.8]","[0.8888888888888888, 1.0]","[0.9411764705882353, 0.8888888888888888]","[0.8888888888888888, 1.0]"
Logistic Regression,24,5,0.9677410238657077,0.8528678304239401,0.9470256187581416,0.740697116806178,0.7399165507649513,0.8316831683168316,0.8698956382124698,0.8811188811188811,0.8571428571428571,0.8936170212765957,0.8076923076923077,0.9230769230769231,0.8753799392097263,"[0.9230769230769231, 0.8076923076923077]","[0.8936170212765957, 0.8571428571428571]","[0.9081081081081082, 0.8316831683168316]","[0.8936170212765957, 0.8571428571428571]"
Logistic Regression,25,5,0.9661428870731196,0.8493827160493828,0.9496598639455782,0.7271388583632983,0.721549112938122,0.8163265306122449,0.8602909248805906,0.8741258741258742,0.8888888888888888,0.8673469387755102,0.7547169811320755,0.9444444444444444,0.8781179138321995,"[0.9444444444444444, 0.7547169811320755]","[0.8673469387755102, 0.8888888888888888]","[0.9042553191489362, 0.8163265306122449]","[0.8673469387755102, 0.8888888888888888]"
Logistic Regression,26,6,0.9636658279670774,0.85,0.9629156010230179,0.7561807331628303,0.7561807331628303,0.8431372549019608,0.8780903665814151,0.8881118881118881,0.8431372549019608,0.9130434782608695,0.8431372549019608,0.9130434782608695,0.8780903665814151,"[0.9130434782608695, 0.8431372549019608]","[0.9130434782608695, 0.8431372549019608]","[0.9130434782608695, 0.8431372549019608]","[0.9130434782608695, 0.8431372549019608]"
Logistic Regression,27,6,0.965569556239201,0.845771144278607,0.9532358156028369,0.7843742625538335,0.7828633405639913,0.8571428571428571,0.891337386018237,0.9020979020979021,0.8936170212765957,0.90625,0.8235294117647058,0.9456521739130435,0.8999335106382979,"[0.9456521739130435, 0.8235294117647058]","[0.90625, 0.8936170212765957]","[0.925531914893617, 0.8571428571428571]","[0.90625, 0.8936170212765957]"
Logistic Regression,28,6,0.9646541950113379,0.8434343434343434,0.9593548387096774,0.7732474958057298,0.7648509763617677,0.8545454545454545,0.8818181818181818,0.8881118881118881,0.94,0.8602150537634409,0.7833333333333333,0.963855421686747,0.9001075268817205,"[0.963855421686747, 0.7833333333333333]","[0.8602150537634409, 0.94]","[0.9090909090909091, 0.8545454545454545]","[0.8602150537634409, 0.94]"
Logistic Regression,29,6,0.9649627996693304,0.8454106280193237,0.9563106796116505,0.7777279791079337,0.7710430009149131,0.8409090909090909,0.8851010101010102,0.9020979020979021,0.925,0.8932038834951457,0.7708333333333334,0.968421052631579,0.9091019417475729,"[0.968421052631579, 0.7708333333333334]","[0.8932038834951457, 0.925]","[0.9292929292929293, 0.8409090909090909]","[0.8932038834951457, 0.925]"
Logistic Regression,30,6,0.9681128102836879,0.8634146341463415,0.9429514380009429,0.7181155925313049,0.6966482817140434,0.8,0.8462365591397849,0.8601398601398601,0.9523809523809523,0.8217821782178217,0.6896551724137931,0.9764705882352941,0.8870815652993871,"[0.9764705882352941, 0.6896551724137931]","[0.8217821782178217, 0.9523809523809523]","[0.8924731182795699, 0.8]","[0.8217821782178217, 0.9523809523809523]"
Logistic Regression,31,7,0.9647753316202514,0.8592233009708737,0.9525581395348837,0.7533852702117513,0.7473498233215548,0.8297872340425532,0.87322695035461,0.8881118881118881,0.9069767441860465,0.88,0.7647058823529411,0.9565217391304348,0.8934883720930232,"[0.9565217391304348, 0.7647058823529411]","[0.88, 0.9069767441860465]","[0.9166666666666666, 0.8297872340425532]","[0.88, 0.9069767441860465]"
Logistic Regression,32,7,0.9638966520276051,0.8405063291139241,0.9625950972104818,0.78006748093671,0.7779273216689098,0.8623853211009175,0.8888197791945265,0.8951048951048951,0.9038461538461539,0.8901098901098901,0.8245614035087719,0.9418604651162791,0.8969780219780219,"[0.9418604651162791, 0.8245614035087719]","[0.8901098901098901, 0.9038461538461539]","[0.9152542372881356, 0.8623853211009175]","[0.8901098901098901, 0.9038461538461539]"
Logistic Regression,33,7,0.9660289115646258,0.8442211055276382,0.9587096774193549,0.7557447746812298,0.7490451120057809,0.8440366972477065,0.8739957497537967,0.8811188811188811,0.92,0.8602150537634409,0.7796610169491526,0.9523809523809523,0.8901075268817205,"[0.9523809523809523, 0.7796610169491526]","[0.8602150537634409, 0.92]","[0.903954802259887, 0.8440366972477065]","[0.8602150537634409, 0.92]"
Logistic Regression,34,7,0.9643035239361701,0.8481927710843373,0.9615747289014616,0.7525690715471347,0.737217598097503,0.8247422680412371,0.8673975890470735,0.8811188811188811,0.9523809523809523,0.8514851485148515,0.7272727272727273,0.9772727272727273,0.901933050447902,"[0.9772727272727273, 0.7272727272727273]","[0.8514851485148515, 0.9523809523809523]","[0.91005291005291, 0.8247422680412371]","[0.8514851485148515, 0.9523809523809523]"
Logistic Regression,35,7,0.9681366761580665,0.8669950738916257,0.9386046511627907,0.6845630868123059,0.6745421046927496,0.7835051546391752,0.836197021764032,0.8531468531468531,0.8837209302325582,0.84,0.7037037037037037,0.9438202247191011,0.8618604651162791,"[0.9438202247191011, 0.7037037037037037]","[0.84, 0.8837209302325582]","[0.8888888888888888, 0.7835051546391752]","[0.84, 0.8837209302325582]"
Logistic Regression,36,8,0.9701208610455554,0.8527131782945736,0.9381551362683438,0.7225725322309501,0.720616966580977,0.8288288288288288,0.8601287001287001,0.8671328671328671,0.8679245283018868,0.8666666666666667,0.7931034482758621,0.9176470588235294,0.8672955974842768,"[0.9176470588235294, 0.7931034482758621]","[0.8666666666666667, 0.8679245283018868]","[0.8914285714285715, 0.8288288288288288]","[0.8666666666666667, 0.8679245283018868]"
Logistic Regression,37,8,0.9640575974899148,0.858560794044665,0.9524876736889287,0.7492749968981883,0.732932143598257,0.8301886792452831,0.8650943396226416,0.8741258741258742,0.9565217391304348,0.8350515463917526,0.7333333333333333,0.9759036144578314,0.8957866427610937,"[0.9759036144578314, 0.7333333333333333]","[0.8350515463917526, 0.9565217391304348]","[0.9, 0.8301886792452831]","[0.8350515463917526, 0.9565217391304348]"
Logistic Regression,38,8,0.9578153314509672,0.8431372549019608,0.9842641843971631,0.829389000966447,0.8284810816704831,0.8865979381443299,0.9141984399716359,0.9230769230769231,0.9148936170212766,0.9270833333333334,0.86,0.956989247311828,0.920988475177305,"[0.956989247311828, 0.86]","[0.9270833333333334, 0.9148936170212766]","[0.9417989417989417, 0.8865979381443299]","[0.9270833333333334, 0.9148936170212766]"
Logistic Regression,39,8,0.9690131870567376,0.8543689320388349,0.9262140499764262,0.6868456382889246,0.6663131098854476,0.78,0.8308602150537634,0.8461538461538461,0.9285714285714286,0.8118811881188119,0.6724137931034483,0.9647058823529412,0.8702263083451203,"[0.9647058823529412, 0.6724137931034483]","[0.8118811881188119, 0.9285714285714286]","[0.8817204301075269, 0.78]","[0.8118811881188119, 0.9285714285714286]"
Logistic Regression,40,8,0.9670185062056738,0.8606356968215159,0.9280999528524281,0.7063377948693474,0.7048165137614679,0.7954545454545454,0.8522727272727273,0.8741258741258742,0.8333333333333334,0.8910891089108911,0.7608695652173914,0.9278350515463918,0.8622112211221122,"[0.9278350515463918, 0.7608695652173914]","[0.8910891089108911, 0.8333333333333334]","[0.9090909090909091, 0.7954545454545454]","[0.8910891089108911, 0.8333333333333334]"
Logistic Regression,41,9,0.9585824023305988,0.8443396226415094,0.9842209072978303,0.7950010574122212,0.7862481315396114,0.8505747126436781,0.8926240397389245,0.9090909090909091,0.9487179487179487,0.8942307692307693,0.7708333333333334,0.9789473684210527,0.921474358974359,"[0.9789473684210527, 0.7708333333333334]","[0.8942307692307693, 0.9487179487179487]","[0.9346733668341709, 0.8505747126436781]","[0.8942307692307693, 0.9487179487179487]"
Logistic Regression,42,9,0.9646203670385031,0.8541666666666666,0.9481404958677686,0.7151340200736269,0.7029379760609358,0.8292682926829268,0.850216968427353,0.8531468531468531,0.9272727272727272,0.8068181818181818,0.75,0.9466666666666667,0.8670454545454545,"[0.9466666666666667, 0.75]","[0.8068181818181818, 0.9272727272727272]","[0.8711656441717791, 0.8292682926829268]","[0.8068181818181818, 0.9272727272727272]"
Logistic Regression,43,9,0.9666100266622459,0.8564476885644768,0.9433285509325682,0.7349546472142975,0.7272523280601368,0.8131868131868132,0.863003663003663,0.8811188811188811,0.9024390243902439,0.8725490196078431,0.74,0.956989247311828,0.8874940219990435,"[0.956989247311828, 0.74]","[0.8725490196078431, 0.9024390243902439]","[0.9128205128205128, 0.8131868131868132]","[0.8725490196078431, 0.9024390243902439]"
Logistic Regression,44,9,0.9721999803334879,0.8635235732009926,0.9261968085106382,0.6420724011166941,0.641369534401919,0.7628865979381443,0.8205967381225112,0.8391608391608392,0.7872340425531915,0.8645833333333334,0.74,0.8924731182795699,0.8259086879432624,"[0.8924731182795699, 0.74]","[0.8645833333333334, 0.7872340425531915]","[0.8783068783068783, 0.7628865979381443]","[0.8645833333333334, 0.7872340425531915]"
Logistic Regression,45,9,0.9653846153846154,0.8493827160493828,0.9627192982456141,0.8342949598948355,0.8318546231961518,0.8910891089108911,0.9158148247257158,0.9230769230769231,0.9375,0.9157894736842105,0.8490566037735849,0.9666666666666667,0.9266447368421052,"[0.9666666666666667, 0.8490566037735849]","[0.9157894736842105, 0.9375]","[0.9405405405405406, 0.8910891089108911]","[0.9157894736842105, 0.9375]"
Logistic Regression,46,10,0.9675465904729412,0.8471177944862155,0.9509803921568628,0.7421543931988103,0.7420689655172414,0.8349514563106796,0.8710276407236458,0.8811188811188811,0.8431372549019608,0.9021739130434783,0.8269230769230769,0.9120879120879121,0.8726555839727195,"[0.9120879120879121, 0.8269230769230769]","[0.9021739130434783, 0.8431372549019608]","[0.907103825136612, 0.8349514563106796]","[0.9021739130434783, 0.8431372549019608]"
Logistic Regression,47,10,0.9646459079636264,0.8626506024096385,0.9449029126213592,0.6830430446007874,0.668506457666409,0.7741935483870968,0.8326926291158281,0.8531468531468531,0.9,0.8349514563106796,0.6792452830188679,0.9555555555555556,0.8674757281553398,"[0.9555555555555556, 0.6792452830188679]","[0.8349514563106796, 0.9]","[0.8911917098445595, 0.7741935483870968]","[0.8349514563106796, 0.9]"
Logistic Regression,48,10,0.9630141769676653,0.8501228501228502,0.9705215419501134,0.7829139540376158,0.771881314474104,0.8514851485148515,0.8852020337168852,0.8951048951048951,0.9555555555555556,0.8673469387755102,0.7678571428571429,0.9770114942528736,0.9114512471655329,"[0.9770114942528736, 0.7678571428571429]","[0.8673469387755102, 0.9555555555555556]","[0.918918918918919, 0.8514851485148515]","[0.8673469387755102, 0.9555555555555556]"
Logistic Regression,49,10,0.9659377869605142,0.8520408163265306,0.9517270079067831,0.7953429437126284,0.7854356306892067,0.8739495798319328,0.8920646102752479,0.8951048951048951,0.9629629629629629,0.8539325842696629,0.8,0.9743589743589743,0.9084477736163129,"[0.9743589743589743, 0.8]","[0.8539325842696629, 0.9629629629629629]","[0.9101796407185628, 0.8739495798319328]","[0.8539325842696629, 0.9629629629629629]"
Logistic Regression,50,10,0.9642050151556902,0.8502415458937198,0.9604368932038835,0.7715287425013229,0.7676955210025528,0.8372093023255814,0.8836046511627907,0.9020979020979021,0.9,0.9029126213592233,0.782608695652174,0.9587628865979382,0.9014563106796116,"[0.9587628865979382, 0.782608695652174]","[0.9029126213592233, 0.9]","[0.93, 0.8372093023255814]","[0.9029126213592233, 0.9]"
Naive Bayes,1,1,0.9230113834764998,0.8232558139534883,0.9163265306122449,0.6922964318178562,0.6653098605881754,0.7889908256880734,0.8295236614316073,0.8391608391608392,0.9555555555555556,0.7857142857142857,0.671875,0.9746835443037974,0.8706349206349207,"[0.9746835443037974, 0.671875]","[0.7857142857142857, 0.9555555555555556]","[0.8700564971751412, 0.7889908256880734]","[0.7857142857142857, 0.9555555555555556]"
Naive Bayes,2,1,0.9194777318151449,0.8085106382978723,0.9066496163682864,0.7344652443742803,0.7151394422310757,0.8305084745762712,0.8557304277643261,0.8601398601398601,0.9607843137254902,0.8043478260869565,0.7313432835820896,0.9736842105263158,0.8825660699062234,"[0.9736842105263158, 0.7313432835820896]","[0.8043478260869565, 0.9607843137254902]","[0.8809523809523809, 0.8305084745762712]","[0.8043478260869565, 0.9607843137254902]"
Naive Bayes,3,1,0.9248450267681037,0.8177570093457944,0.9006578947368421,0.7115149502547998,0.6943511450381679,0.8108108108108109,0.8454054054054054,0.8531468531468531,0.9375,0.8105263157894737,0.7142857142857143,0.9625,0.8740131578947368,"[0.9625, 0.7142857142857143]","[0.8105263157894737, 0.9375]","[0.88, 0.8108108108108109]","[0.8105263157894737, 0.9375]"
Naive Bayes,4,1,0.9124782749996467,0.8074245939675174,0.9397524967433782,0.7542367473224744,0.73846779109937,0.8392857142857143,0.8679187192118227,0.8741258741258742,0.9591836734693877,0.8297872340425532,0.746031746031746,0.975,0.8944854537559704,"[0.975, 0.746031746031746]","[0.8297872340425532, 0.9591836734693877]","[0.896551724137931, 0.8392857142857143]","[0.8297872340425532, 0.9591836734693877]"
Naive Bayes,5,1,0.9191080973929211,0.8167770419426048,0.9238908720040796,0.7255458726032875,0.6986802705999777,0.7912087912087912,0.8468864468864469,0.8671328671328671,0.972972972972973,0.8301886792452831,0.6666666666666666,0.9887640449438202,0.901580826109128,"[0.9887640449438202, 0.6666666666666666]","[0.8301886792452831, 0.972972972972973]","[0.9025641025641026, 0.7912087912087912]","[0.8301886792452831, 0.972972972972973]"
Naive Bayes,6,2,0.9215484190130684,0.8243243243243243,0.9148175542406312,0.6880495713989643,0.6610644257703081,0.7708333333333334,0.8275219298245614,0.8461538461538461,0.9487179487179487,0.8076923076923077,0.6491228070175439,0.9767441860465116,0.8782051282051282,"[0.9767441860465116, 0.6491228070175439]","[0.8076923076923077, 0.9487179487179487]","[0.8842105263157894, 0.7708333333333334]","[0.8076923076923077, 0.9487179487179487]"
Naive Bayes,7,2,0.9282746010638298,0.8256880733944955,0.8818953323903819,0.6751087901993903,0.6448675496688743,0.7692307692307693,0.8186813186813187,0.8321678321678322,0.9523809523809523,0.7821782178217822,0.6451612903225806,0.9753086419753086,0.8672795851013673,"[0.9753086419753086, 0.6451612903225806]","[0.7821782178217822, 0.9523809523809523]","[0.8681318681318682, 0.7692307692307693]","[0.7821782178217822, 0.9523809523809523]"
Naive Bayes,8,2,0.9149786060528523,0.8018648018648019,0.9348891730605287,0.7573664378794799,0.7507433610171229,0.8468468468468469,0.8748519948519948,0.8811188811188811,0.9215686274509803,0.8586956521739131,0.7833333333333333,0.9518072289156626,0.8901321398124467,"[0.9518072289156626, 0.7833333333333333]","[0.8586956521739131, 0.9215686274509803]","[0.9028571428571428, 0.8468468468468469]","[0.8586956521739131, 0.9215686274509803]"
Naive Bayes,9,2,0.9187411587989092,0.8,0.9148506860371268,0.718924939692024,0.6963906581740977,0.8382352941176471,0.8457843137254902,0.8461538461538461,0.9661016949152542,0.7619047619047619,0.7402597402597403,0.9696969696969697,0.8640032284100081,"[0.9696969696969697, 0.7402597402597403]","[0.7619047619047619, 0.9661016949152542]","[0.8533333333333334, 0.8382352941176471]","[0.7619047619047619, 0.9661016949152542]"
Naive Bayes,10,2,0.9143133940718143,0.8151447661469933,0.9430473372781065,0.7423218080230882,0.71875,0.8085106382978723,0.8573803191489362,0.8741258741258742,0.9743589743589743,0.8365384615384616,0.6909090909090909,0.9886363636363636,0.905448717948718,"[0.9886363636363636, 0.6909090909090909]","[0.8365384615384616, 0.9743589743589743]","[0.90625, 0.8085106382978723]","[0.8365384615384616, 0.9743589743589743]"
Naive Bayes,11,3,0.9202987938596492,0.8269662921348314,0.919047619047619,0.6742710877014583,0.6445477142548363,0.7578947368421053,0.8187379443372831,0.8391608391608392,0.9473684210526315,0.8,0.631578947368421,0.9767441860465116,0.8736842105263158,"[0.9767441860465116, 0.631578947368421]","[0.8, 0.9473684210526315]","[0.8795811518324608, 0.7578947368421053]","[0.8, 0.9473684210526315]"
Naive Bayes,12,3,0.9256922391219568,0.8221709006928406,0.8930211202938476,0.670278448056561,0.6462585034013605,0.7735849056603774,0.820125786163522,0.8321678321678322,0.9318181818181818,0.7878787878787878,0.6612903225806451,0.9629629629629629,0.8598484848484849,"[0.9629629629629629, 0.6612903225806451]","[0.7878787878787878, 0.9318181818181818]","[0.8666666666666667, 0.7735849056603774]","[0.7878787878787878, 0.9318181818181818]"
Naive Bayes,13,3,0.9213673983447283,0.7961630695443646,0.9229338842975207,0.7899467473759081,0.7744034707158352,0.8709677419354839,0.8861011549183593,0.8881118881118881,0.9818181818181818,0.8295454545454546,0.782608695652174,0.9864864864864865,0.9056818181818183,"[0.9864864864864865, 0.782608695652174]","[0.8295454545454546, 0.9818181818181818]","[0.9012345679012346, 0.8709677419354839]","[0.8295454545454546, 0.9818181818181818]"
Naive Bayes,14,3,0.922976501305483,0.8198198198198198,0.9154710664753706,0.6863467772264421,0.6720541662116414,0.7789473684210526,0.8344998622209976,0.8531468531468531,0.9024390243902439,0.8333333333333334,0.6851851851851852,0.9550561797752809,0.8678861788617886,"[0.9550561797752809, 0.6851851851851852]","[0.8333333333333334, 0.9024390243902439]","[0.8900523560209425, 0.7789473684210526]","[0.8333333333333334, 0.9024390243902439]"
Naive Bayes,15,3,0.9083870415787373,0.8009367681498829,0.9450549450549451,0.7612337756346613,0.7337579617834395,0.8455284552845529,0.8644820190533193,0.8671328671328671,1.0,0.7912087912087912,0.7323943661971831,1.0,0.8956043956043955,"[1.0, 0.7323943661971831]","[0.7912087912087912, 1.0]","[0.8834355828220859, 0.8455284552845529]","[0.7912087912087912, 1.0]"
Naive Bayes,16,4,0.9268756935957407,0.8301886792452831,0.8810948581560284,0.6352321549858098,0.6036428430013858,0.7586206896551724,0.7969574036511156,0.8041958041958042,0.9361702127659575,0.7395833333333334,0.6376811594202898,0.9594594594594594,0.8378767730496455,"[0.9594594594594594, 0.6376811594202898]","[0.7395833333333334, 0.9361702127659575]","[0.8352941176470589, 0.7586206896551724]","[0.7395833333333334, 0.9361702127659575]"
Naive Bayes,17,4,0.9246131702051097,0.8087167070217918,0.9010330578512398,0.7151340200736269,0.7029379760609358,0.8292682926829268,0.850216968427353,0.8531468531468531,0.9272727272727272,0.8068181818181818,0.75,0.9466666666666667,0.8670454545454545,"[0.9466666666666667, 0.75]","[0.8068181818181818, 0.9272727272727272]","[0.8711656441717791, 0.8292682926829268]","[0.8068181818181818, 0.9272727272727272]"
Naive Bayes,18,4,0.9173601543124827,0.8125,0.9299757281553398,0.7544089801119275,0.7254107104757841,0.8163265306122449,0.8602909248805906,0.8741258741258742,1.0,0.8252427184466019,0.6896551724137931,1.0,0.912621359223301,"[1.0, 0.6896551724137931]","[0.8252427184466019, 1.0]","[0.9042553191489362, 0.8163265306122449]","[0.8252427184466019, 1.0]"
Naive Bayes,19,4,0.9170845963075228,0.8171557562076749,0.9310679611650485,0.7336411545706891,0.7081946085275481,0.8041237113402062,0.8517973054055528,0.8671328671328671,0.975,0.8252427184466019,0.6842105263157895,0.9883720930232558,0.9001213592233009,"[0.9883720930232558, 0.6842105263157895]","[0.8252427184466019, 0.975]","[0.8994708994708994, 0.8041237113402062]","[0.8252427184466019, 0.975]"
Naive Bayes,20,4,0.9138982812059735,0.8009153318077803,0.9538377192982457,0.7879881796943082,0.7774203590328941,0.8598130841121495,0.8880071007152927,0.8951048951048951,0.9583333333333334,0.8631578947368421,0.7796610169491526,0.9761904761904762,0.9107456140350878,"[0.9761904761904762, 0.7796610169491526]","[0.8631578947368421, 0.9583333333333334]","[0.9162011173184358, 0.8598130841121495]","[0.8631578947368421, 0.9583333333333334]"
Naive Bayes,21,5,0.9214394359389881,0.8123515439429929,0.91538789428815,0.7126184616043073,0.6891918593163406,0.8166666666666667,0.8420682730923694,0.8461538461538461,0.9607843137254902,0.782608695652174,0.7101449275362319,0.972972972972973,0.8716965046888321,"[0.972972972972973, 0.7101449275362319]","[0.782608695652174, 0.9607843137254902]","[0.8674698795180723, 0.8166666666666667]","[0.782608695652174, 0.9607843137254902]"
Naive Bayes,22,5,0.9207316230814925,0.8190045248868778,0.9200143472022956,0.7143497785715965,0.6846581959466556,0.7920792079207921,0.8392828472036393,0.8531468531468531,0.975609756097561,0.803921568627451,0.6666666666666666,0.9879518072289156,0.889765662362506,"[0.9879518072289156, 0.6666666666666666]","[0.803921568627451, 0.975609756097561]","[0.8864864864864865, 0.7920792079207921]","[0.803921568627451, 0.975609756097561]"
Naive Bayes,23,5,0.9201557189815589,0.8146453089244852,0.9119605142332414,0.7423136723547088,0.7183580387685291,0.819047619047619,0.8570376216785056,0.8671328671328671,0.9772727272727273,0.8181818181818182,0.7049180327868853,0.9878048780487805,0.8977272727272727,"[0.9878048780487805, 0.7049180327868853]","[0.8181818181818182, 0.9772727272727273]","[0.8950276243093923, 0.819047619047619]","[0.8181818181818182, 0.9772727272727273]"
Naive Bayes,24,5,0.9216769580760481,0.8130841121495327,0.9178245766391664,0.7245570954603077,0.7094086567770779,0.8214285714285714,0.8532430213464697,0.8601398601398601,0.9387755102040817,0.8191489361702128,0.7301587301587301,0.9625,0.8789622231871472,"[0.9625, 0.7301587301587301]","[0.8191489361702128, 0.9387755102040817]","[0.8850574712643678, 0.8214285714285714]","[0.8191489361702128, 0.9387755102040817]"
Naive Bayes,25,5,0.9159089321880021,0.8100686498855835,0.9238095238095237,0.7283245131338614,0.7142706909243874,0.8155339805825242,0.8558544219852512,0.8671328671328671,0.9333333333333333,0.8367346938775511,0.7241379310344828,0.9647058823529412,0.8850340136054422,"[0.9647058823529412, 0.7241379310344828]","[0.8367346938775511, 0.9333333333333333]","[0.8961748633879781, 0.8155339805825242]","[0.8367346938775511, 0.9333333333333333]"
Naive Bayes,26,6,0.9208566108007449,0.8149882903981265,0.9310528559249787,0.7156538240369479,0.7079844802940576,0.8214285714285714,0.8532430213464697,0.8601398601398601,0.9019607843137255,0.8369565217391305,0.7540983606557377,0.9390243902439024,0.869458653026428,"[0.9390243902439024, 0.7540983606557377]","[0.8369565217391305, 0.9019607843137255]","[0.8850574712643678, 0.8214285714285714]","[0.8369565217391305, 0.9019607843137255]"
Naive Bayes,27,6,0.9201258656777221,0.8093023255813954,0.9073581560283687,0.7396787214269168,0.7215903268777539,0.8256880733944955,0.8591717203130669,0.8671328671328671,0.9574468085106383,0.8229166666666666,0.7258064516129032,0.9753086419753086,0.8901817375886525,"[0.9753086419753086, 0.7258064516129032]","[0.8229166666666666, 0.9574468085106383]","[0.8926553672316384, 0.8256880733944955]","[0.8229166666666666, 0.9574468085106383]"
Naive Bayes,28,6,0.919437358276644,0.8142857142857143,0.916989247311828,0.7194470553139485,0.6903543307086615,0.8166666666666667,0.8420682730923694,0.8461538461538461,0.98,0.7741935483870968,0.7,0.9863013698630136,0.8770967741935484,"[0.9863013698630136, 0.7]","[0.7741935483870968, 0.98]","[0.8674698795180723, 0.8166666666666667]","[0.7741935483870968, 0.98]"
Naive Bayes,29,6,0.9170432626067787,0.8080357142857143,0.9286407766990291,0.7798149951073057,0.7632188983331494,0.8387096774193549,0.8804947350827343,0.8951048951048951,0.975,0.8640776699029126,0.7358490566037735,0.9888888888888889,0.9195388349514563,"[0.9888888888888889, 0.7358490566037735]","[0.8640776699029126, 0.975]","[0.9222797927461139, 0.8387096774193549]","[0.8640776699029126, 0.975]"
Naive Bayes,30,6,0.9211131427304965,0.821917808219178,0.9035832154644036,0.6868048495995255,0.6410282156843057,0.7706422018348624,0.8146996319908775,0.8251748251748252,1.0,0.7524752475247525,0.6268656716417911,1.0,0.8762376237623762,"[1.0, 0.6268656716417911]","[0.7524752475247525, 1.0]","[0.8587570621468926, 0.7706422018348624]","[0.7524752475247525, 1.0]"
Naive Bayes,31,7,0.9192027224112785,0.8237986270022883,0.9196511627906976,0.689503955545654,0.669259882253995,0.7843137254901961,0.8323742540494459,0.8461538461538461,0.9302325581395349,0.81,0.6779661016949152,0.9642857142857143,0.8701162790697674,"[0.9642857142857143, 0.6779661016949152]","[0.81, 0.9302325581395349]","[0.8804347826086957, 0.7843137254901961]","[0.81, 0.9302325581395349]"
Naive Bayes,32,7,0.9191453259567672,0.8085106382978723,0.9182163989856298,0.724654747714643,0.7034659820282413,0.8264462809917356,0.8495867768595041,0.8531468531468531,0.9615384615384616,0.7912087912087912,0.7246376811594203,0.972972972972973,0.8763736263736264,"[0.972972972972973, 0.7246376811594203]","[0.7912087912087912, 0.9615384615384616]","[0.8727272727272727, 0.8264462809917356]","[0.7912087912087912, 0.9615384615384616]"
Naive Bayes,33,7,0.9207624716553288,0.8075117370892019,0.9118279569892473,0.751543782770422,0.7291396670322001,0.8376068376068376,0.8625904010519395,0.8671328671328671,0.98,0.8064516129032258,0.7313432835820896,0.9868421052631579,0.8932258064516129,"[0.9868421052631579, 0.7313432835820896]","[0.8064516129032258, 0.98]","[0.8875739644970414, 0.8376068376068376]","[0.8064516129032258, 0.98]"
Naive Bayes,34,7,0.9173454122340425,0.8144796380090498,0.9238566713814239,0.7293739687285523,0.7100010673497705,0.8080808080808081,0.8532382650029708,0.8671328671328671,0.9523809523809523,0.8316831683168316,0.7017543859649122,0.9767441860465116,0.892032060348892,"[0.9767441860465116, 0.7017543859649122]","[0.8316831683168316, 0.9523809523809523]","[0.8983957219251337, 0.8080808080808081]","[0.8316831683168316, 0.9523809523809523]"
Naive Bayes,35,7,0.9220918119313841,0.821917808219178,0.9101162790697674,0.689503955545654,0.669259882253995,0.7843137254901961,0.8323742540494459,0.8461538461538461,0.9302325581395349,0.81,0.6779661016949152,0.9642857142857143,0.8701162790697674,"[0.9642857142857143, 0.6779661016949152]","[0.81, 0.9302325581395349]","[0.8804347826086957, 0.7843137254901961]","[0.81, 0.9302325581395349]"
Naive Bayes,36,8,0.924865908603304,0.8105515587529976,0.9010482180293501,0.7367570152341324,0.7177260165811291,0.8360655737704918,0.8570571771291484,0.8601398601398601,0.9622641509433962,0.8,0.7391304347826086,0.972972972972973,0.8811320754716981,"[0.972972972972973, 0.7391304347826086]","[0.8, 0.9622641509433962]","[0.8780487804878049, 0.8360655737704918]","[0.8, 0.9622641509433962]"
Naive Bayes,37,8,0.9241301546391752,0.822429906542056,0.8749439713133125,0.664172459553004,0.6386333771353483,0.7747747747747747,0.8159588159588159,0.8251748251748252,0.9347826086956522,0.7731958762886598,0.6615384615384615,0.9615384615384616,0.853989242492156,"[0.9615384615384616, 0.6615384615384615]","[0.7731958762886598, 0.9347826086956522]","[0.8571428571428571, 0.7747747747747747]","[0.7731958762886598, 0.9347826086956522]"
Naive Bayes,38,8,0.9137553204939104,0.8045454545454546,0.9503546099290779,0.7806257987467539,0.7733755942947702,0.8543689320388349,0.8862008594620404,0.8951048951048951,0.9361702127659575,0.875,0.7857142857142857,0.9655172413793104,0.9055851063829787,"[0.9655172413793104, 0.7857142857142857]","[0.875, 0.9361702127659575]","[0.9180327868852459, 0.8543689320388349]","[0.875, 0.9361702127659575]"
Naive Bayes,39,8,0.9233987145390071,0.8248847926267281,0.9052333804809052,0.6855748304060948,0.6491515027601718,0.7735849056603774,0.820125786163522,0.8321678321678322,0.9761904761904762,0.7722772277227723,0.640625,0.9873417721518988,0.8742338519566242,"[0.9873417721518988, 0.640625]","[0.7722772277227723, 0.9761904761904762]","[0.8666666666666667, 0.7735849056603774]","[0.7722772277227723, 0.9761904761904762]"
Naive Bayes,40,8,0.9127465647163121,0.8117913832199547,0.9410655351249411,0.7382572014923419,0.7136080952882893,0.8118811881188119,0.8545892427080546,0.8671328671328671,0.9761904761904762,0.8217821782178217,0.6949152542372882,0.9880952380952381,0.898986327204149,"[0.9880952380952381, 0.6949152542372882]","[0.8217821782178217, 0.9761904761904762]","[0.8972972972972973, 0.8118811881188119]","[0.8217821782178217, 0.9761904761904762]"
Naive Bayes,41,9,0.916175399541026,0.8159645232815964,0.9351577909270217,0.7201196785404415,0.6918767507002801,0.7916666666666666,0.8432017543859649,0.8601398601398601,0.9743589743589743,0.8173076923076923,0.6666666666666666,0.9883720930232558,0.8958333333333333,"[0.9883720930232558, 0.6666666666666666]","[0.8173076923076923, 0.9743589743589743]","[0.8947368421052632, 0.7916666666666666]","[0.8173076923076923, 0.9743589743589743]"
Naive Bayes,42,9,0.9277293990644117,0.8096385542168675,0.8836776859504132,0.7058627798681084,0.6808964781216649,0.8217054263565892,0.8376043055349824,0.8391608391608392,0.9636363636363636,0.7613636363636364,0.7162162162162162,0.9710144927536232,0.8625,"[0.9710144927536232, 0.7162162162162162]","[0.7613636363636364, 0.9636363636363636]","[0.8535031847133758, 0.8217054263565892]","[0.7613636363636364, 0.9636363636363636]"
Naive Bayes,43,9,0.9187423156091563,0.8235294117647058,0.9016021042563367,0.6524268463480274,0.6325481798715205,0.7551020408163265,0.8137212331741207,0.8321678321678322,0.9024390243902439,0.803921568627451,0.6491228070175439,0.9534883720930233,0.8531802965088475,"[0.9534883720930233, 0.6491228070175439]","[0.803921568627451, 0.9024390243902439]","[0.8723404255319149, 0.7551020408163265]","[0.803921568627451, 0.9024390243902439]"
Naive Bayes,44,9,0.9283085394805232,0.8243559718969555,0.8937278368794327,0.67959689401195,0.6629777641151757,0.7889908256880734,0.8295236614316073,0.8391608391608392,0.9148936170212766,0.8020833333333334,0.6935483870967742,0.9506172839506173,0.858488475177305,"[0.9506172839506173, 0.6935483870967742]","[0.8020833333333334, 0.9148936170212766]","[0.8700564971751412, 0.7889908256880734]","[0.8020833333333334, 0.9148936170212766]"
Naive Bayes,45,9,0.9121372217526064,0.7990762124711316,0.9552631578947368,0.8124665332013106,0.795254653303334,0.8727272727272727,0.896590909090909,0.9020979020979021,1.0,0.8526315789473684,0.7741935483870968,1.0,0.9263157894736842,"[1.0, 0.7741935483870968]","[0.8526315789473684, 1.0]","[0.9204545454545454, 0.8727272727272727]","[0.8526315789473684, 1.0]"
Naive Bayes,46,10,0.9233798171919201,0.8113207547169812,0.9174126172208014,0.7213820219155151,0.7104090724989874,0.8245614035087719,0.8541411668706651,0.8601398601398601,0.9215686274509803,0.8260869565217391,0.746031746031746,0.95,0.8738277919863597,"[0.95, 0.746031746031746]","[0.8260869565217391, 0.9215686274509803]","[0.8837209302325582, 0.8245614035087719]","[0.8260869565217391, 0.9215686274509803]"
Naive Bayes,47,10,0.9271217966381924,0.832183908045977,0.8803398058252427,0.6394780930326224,0.6015068634534009,0.7378640776699029,0.7951615470316727,0.8111888111888111,0.95,0.7572815533980582,0.6031746031746031,0.975,0.853640776699029,"[0.975, 0.6031746031746031]","[0.7572815533980582, 0.95]","[0.8524590163934426, 0.7378640776699029]","[0.7572815533980582, 0.95]"
Naive Bayes,48,10,0.9171241008450312,0.8082191780821918,0.9292517006802721,0.7441465846075531,0.7205020059664644,0.822429906542056,0.858142327572704,0.8671328671328671,0.9777777777777777,0.8163265306122449,0.7096774193548387,0.9876543209876543,0.8970521541950114,"[0.9876543209876543, 0.7096774193548387]","[0.8163265306122449, 0.9777777777777777]","[0.8938547486033519, 0.822429906542056]","[0.8163265306122449, 0.9777777777777777]"
Naive Bayes,49,10,0.9143781565656566,0.7980997624703088,0.9307116104868913,0.7717912371695064,0.7585179298698719,0.859504132231405,0.878236914600551,0.8811188811188811,0.9629629629629629,0.8314606741573034,0.7761194029850746,0.9736842105263158,0.8972118185601332,"[0.9736842105263158, 0.7761194029850746]","[0.8314606741573034, 0.9629629629629629]","[0.896969696969697, 0.859504132231405]","[0.8314606741573034, 0.9629629629629629]"
Naive Bayes,50,10,0.9138054560484982,0.8106904231625836,0.9382281553398059,0.7448245087205386,0.7216695501730104,0.8125,0.8588815789473685,0.8741258741258742,0.975,0.8349514563106796,0.6964285714285714,0.9885057471264368,0.9049757281553398,"[0.9885057471264368, 0.6964285714285714]","[0.8349514563106796, 0.975]","[0.9052631578947369, 0.8125]","[0.8349514563106796, 0.975]"
Random Forest,1,1,1.0,1.0,0.9351473922902493,0.6670137985134996,0.6636085626911314,0.7619047619047619,0.8314474304573314,0.8601398601398601,0.7111111111111111,0.9285714285714286,0.8205128205128205,0.875,0.8198412698412698,"[0.875, 0.8205128205128205]","[0.9285714285714286, 0.7111111111111111]","[0.900990099009901, 0.7619047619047619]","[0.9285714285714286, 0.7111111111111111]"
Random Forest,2,1,1.0,1.0,0.9668584825234442,0.7843742625538335,0.7828633405639913,0.8571428571428571,0.891337386018237,0.9020979020979021,0.8235294117647058,0.9456521739130435,0.8936170212765957,0.90625,0.8845907928388747,"[0.90625, 0.8936170212765957]","[0.9456521739130435, 0.8235294117647058]","[0.925531914893617, 0.8571428571428571]","[0.9456521739130435, 0.8235294117647058]"
Random Forest,3,1,1.0,1.0,0.9283991228070175,0.698724931150546,0.6958094022548393,0.803921568627451,0.847612958226769,0.8601398601398601,0.8541666666666666,0.8631578947368421,0.7592592592592593,0.9213483146067416,0.8586622807017543,"[0.9213483146067416, 0.7592592592592593]","[0.8631578947368421, 0.8541666666666666]","[0.8913043478260869, 0.803921568627451]","[0.8631578947368421, 0.8541666666666666]"
Random Forest,4,1,1.0,1.0,0.9626574033868867,0.8466699015599592,0.8462696194366803,0.9,0.9231182795698925,0.9300699300699301,0.9183673469387755,0.9361702127659575,0.8823529411764706,0.9565217391304348,0.9272687798523664,"[0.9565217391304348, 0.8823529411764706]","[0.9361702127659575, 0.9183673469387755]","[0.946236559139785, 0.9]","[0.9361702127659575, 0.9183673469387755]"
Random Forest,5,1,1.0,1.0,0.9416114227434982,0.7212016846802017,0.712817483756645,0.7951807228915663,0.8557184402635172,0.8811188811188811,0.8918918918918919,0.8773584905660378,0.717391304347826,0.9587628865979382,0.8846251912289649,"[0.9587628865979382, 0.717391304347826]","[0.8773584905660378, 0.8918918918918919]","[0.916256157635468, 0.7951807228915663]","[0.8773584905660378, 0.8918918918918919]"
Random Forest,6,2,1.0,1.0,0.9302268244575937,0.717948717948718,0.717948717948718,0.7948717948717948,0.858974358974359,0.8881118881118881,0.7948717948717948,0.9230769230769231,0.7948717948717948,0.9230769230769231,0.858974358974359,"[0.9230769230769231, 0.7948717948717948]","[0.9230769230769231, 0.7948717948717948]","[0.9230769230769231, 0.7948717948717948]","[0.9230769230769231, 0.7948717948717948]"
Random Forest,7,2,1.0,1.0,0.9280999528524281,0.6862828626311297,0.6806610093791872,0.782608695652174,0.8397579560735097,0.8601398601398601,0.8571428571428571,0.8613861386138614,0.72,0.9354838709677419,0.8592644978783592,"[0.9354838709677419, 0.72]","[0.8613861386138614, 0.8571428571428571]","[0.8969072164948454, 0.782608695652174]","[0.8613861386138614, 0.8571428571428571]"
Random Forest,8,2,1.0,1.0,0.9663256606990622,0.7543880449112746,0.7540313910986884,0.84,0.8769892473118279,0.8881118881118881,0.8235294117647058,0.9239130434782609,0.8571428571428571,0.9042553191489362,0.8737212276214834,"[0.9042553191489362, 0.8571428571428571]","[0.9239130434782609, 0.8235294117647058]","[0.9139784946236559, 0.84]","[0.9239130434782609, 0.8235294117647058]"
Random Forest,9,2,1.0,1.0,0.9529862792574657,0.7826903714800364,0.7819457151570601,0.8695652173913043,0.8909229595728452,0.8951048951048951,0.847457627118644,0.9285714285714286,0.8928571428571429,0.896551724137931,0.8880145278450363,"[0.896551724137931, 0.8928571428571429]","[0.9285714285714286, 0.847457627118644]","[0.9122807017543859, 0.8695652173913043]","[0.9285714285714286, 0.847457627118644]"
Random Forest,10,2,1.0,1.0,0.9654832347140039,0.7626516877967456,0.7608695652173914,0.8292682926829268,0.8803204208512674,0.9020979020979021,0.8717948717948718,0.9134615384615384,0.7906976744186046,0.95,0.8926282051282051,"[0.95, 0.7906976744186046]","[0.9134615384615384, 0.8717948717948718]","[0.9313725490196079, 0.8292682926829268]","[0.9134615384615384, 0.8717948717948718]"
Random Forest,11,3,1.0,1.0,0.9263157894736842,0.6928971787466308,0.6927840262858587,0.7733333333333333,0.8463823064770932,0.8811188811188811,0.7631578947368421,0.9238095238095239,0.7837837837837838,0.9150943396226415,0.8434837092731831,"[0.9150943396226415, 0.7837837837837838]","[0.9238095238095239, 0.7631578947368421]","[0.919431279620853, 0.7733333333333333]","[0.9238095238095239, 0.7631578947368421]"
Random Forest,12,3,1.0,1.0,0.9442148760330579,0.6532022095913234,0.6531130876747141,0.7586206896551724,0.8265465257321087,0.8531468531468531,0.75,0.898989898989899,0.7674418604651163,0.89,0.8244949494949495,"[0.89, 0.7674418604651163]","[0.898989898989899, 0.75]","[0.8944723618090452, 0.7586206896551724]","[0.898989898989899, 0.75]"
Random Forest,13,3,1.0,1.0,0.9438016528925621,0.7497981392278131,0.7497168742921857,0.8468468468468469,0.8748519948519948,0.8811188811188811,0.8545454545454545,0.8977272727272727,0.8392857142857143,0.9080459770114943,0.8761363636363636,"[0.9080459770114943, 0.8392857142857143]","[0.8977272727272727, 0.8545454545454545]","[0.9028571428571428, 0.8468468468468469]","[0.8977272727272727, 0.8545454545454545]"
Random Forest,14,3,1.0,1.0,0.9302965088474413,0.7164758086329472,0.7155727155727156,0.8,0.8577114427860697,0.8811188811188811,0.8292682926829268,0.9019607843137255,0.7727272727272727,0.9292929292929293,0.8656145384983261,"[0.9292929292929293, 0.7727272727272727]","[0.9019607843137255, 0.8292682926829268]","[0.9154228855721394, 0.8]","[0.9019607843137255, 0.8292682926829268]"
Random Forest,15,3,1.0,1.0,0.967138630600169,0.8366600265340755,0.835820895522388,0.897196261682243,0.9178718738578813,0.9230769230769231,0.9230769230769231,0.9230769230769231,0.8727272727272727,0.9545454545454546,0.9230769230769231,"[0.9545454545454546, 0.8727272727272727]","[0.9230769230769231, 0.9230769230769231]","[0.9385474860335196, 0.897196261682243]","[0.9230769230769231, 0.9230769230769231]"
Random Forest,16,4,1.0,1.0,0.9247562056737589,0.7532948722669954,0.7518438177874187,0.8367346938775511,0.8758141554494139,0.8881118881118881,0.8723404255319149,0.8958333333333334,0.803921568627451,0.9347826086956522,0.8840868794326242,"[0.9347826086956522, 0.803921568627451]","[0.8958333333333334, 0.8723404255319149]","[0.9148936170212766, 0.8367346938775511]","[0.8958333333333334, 0.8723404255319149]"
Random Forest,17,4,1.0,1.0,0.9325413223140495,0.6406793574632021,0.6380510440835268,0.7692307692307693,0.8186813186813187,0.8321678321678322,0.7272727272727273,0.8977272727272727,0.8163265306122449,0.8404255319148937,0.8125,"[0.8404255319148937, 0.8163265306122449]","[0.8977272727272727, 0.7272727272727273]","[0.8681318681318682, 0.7692307692307693]","[0.8977272727272727, 0.7272727272727273]"
Random Forest,18,4,1.0,1.0,0.9737864077669903,0.7762201524458318,0.7761050222811032,0.8395061728395061,0.8880457693465824,0.9090909090909091,0.85,0.9320388349514563,0.8292682926829268,0.9411764705882353,0.8910194174757282,"[0.9411764705882353, 0.8292682926829268]","[0.9320388349514563, 0.85]","[0.9365853658536586, 0.8395061728395061]","[0.9320388349514563, 0.85]"
Random Forest,19,4,1.0,1.0,0.9419902912621358,0.702810182128546,0.7027027027027026,0.7848101265822784,0.851342261358772,0.8811188811188811,0.775,0.9223300970873787,0.7948717948717948,0.9134615384615384,0.8486650485436893,"[0.9134615384615384, 0.7948717948717948]","[0.9223300970873787, 0.775]","[0.9178743961352657, 0.7848101265822784]","[0.9223300970873787, 0.775]"
Random Forest,20,4,1.0,1.0,0.9696271929824561,0.783099279895707,0.7827219448665075,0.8571428571428571,0.891337386018237,0.9020979020979021,0.875,0.9157894736842105,0.84,0.9354838709677419,0.8953947368421052,"[0.9354838709677419, 0.84]","[0.9157894736842105, 0.875]","[0.925531914893617, 0.8571428571428571]","[0.9157894736842105, 0.875]"
Random Forest,21,5,1.0,1.0,0.9440537084398978,0.7705066094725923,0.7704163544899925,0.8514851485148515,0.8852020337168852,0.8951048951048951,0.8431372549019608,0.9239130434782609,0.86,0.9139784946236559,0.8835251491901108,"[0.9139784946236559, 0.86]","[0.9239130434782609, 0.8431372549019608]","[0.918918918918919, 0.8514851485148515]","[0.9239130434782609, 0.8431372549019608]"
Random Forest,22,5,0.9999999999999999,1.0,0.9591104734576757,0.7477985103125102,0.7415273384545866,0.8222222222222222,0.8702947845804989,0.8881118881118881,0.9024390243902439,0.8823529411764706,0.7551020408163265,0.9574468085106383,0.8923959827833572,"[0.9574468085106383, 0.7551020408163265]","[0.8823529411764706, 0.9024390243902439]","[0.9183673469387755, 0.8222222222222222]","[0.8823529411764706, 0.9024390243902439]"
Random Forest,23,5,1.0,1.0,0.9589072543617998,0.722806322324201,0.7227101631116688,0.8089887640449438,0.8613471739006444,0.8811188811188811,0.8181818181818182,0.9090909090909091,0.8,0.9183673469387755,0.8636363636363636,"[0.9183673469387755, 0.8]","[0.9090909090909091, 0.8181818181818182]","[0.9137055837563451, 0.8089887640449438]","[0.9090909090909091, 0.8181818181818182]"
Random Forest,24,5,1.0,1.0,0.9440946591402519,0.7329993533209496,0.7321802357607139,0.8210526315789474,0.8660236979884266,0.8811188811188811,0.7959183673469388,0.925531914893617,0.8478260869565217,0.8969072164948454,0.8607251411202779,"[0.8969072164948454, 0.8478260869565217]","[0.925531914893617, 0.7959183673469388]","[0.9109947643979057, 0.8210526315789474]","[0.925531914893617, 0.7959183673469388]"
Random Forest,25,5,1.0,1.0,0.9513605442176871,0.7440522120763334,0.7436701770109791,0.8260869565217391,0.8718063648588077,0.8881118881118881,0.8444444444444444,0.9081632653061225,0.8085106382978723,0.9270833333333334,0.8763038548752835,"[0.9270833333333334, 0.8085106382978723]","[0.9081632653061225, 0.8444444444444444]","[0.9175257731958762, 0.8260869565217391]","[0.9081632653061225, 0.8444444444444444]"
Random Forest,26,6,1.0,1.0,0.9393648763853368,0.7546843788002838,0.7450412302206374,0.8260869565217391,0.8718063648588077,0.8881118881118881,0.7450980392156863,0.967391304347826,0.926829268292683,0.8725490196078431,0.8562446717817562,"[0.8725490196078431, 0.926829268292683]","[0.967391304347826, 0.7450980392156863]","[0.9175257731958762, 0.8260869565217391]","[0.967391304347826, 0.7450980392156863]"
Random Forest,27,6,1.0,1.0,0.9555629432624114,0.7495463031234616,0.749177811883359,0.8333333333333334,0.8745614035087719,0.8881118881118881,0.851063829787234,0.90625,0.8163265306122449,0.925531914893617,0.878656914893617,"[0.925531914893617, 0.8163265306122449]","[0.90625, 0.851063829787234]","[0.9157894736842105, 0.8333333333333334]","[0.90625, 0.851063829787234]"
Random Forest,28,6,1.0,1.0,0.9530107526881721,0.7705066094725923,0.7704163544899925,0.8514851485148515,0.8852020337168852,0.8951048951048951,0.86,0.9139784946236559,0.8431372549019608,0.9239130434782609,0.8869892473118279,"[0.9239130434782609, 0.8431372549019608]","[0.9139784946236559, 0.86]","[0.918918918918919, 0.8514851485148515]","[0.9139784946236559, 0.86]"
Random Forest,29,6,1.0,1.0,0.9470873786407765,0.797478970012548,0.7889179062109686,0.8539325842696629,0.8939713682769634,0.9090909090909091,0.95,0.8932038834951457,0.7755102040816326,0.9787234042553191,0.9216019417475728,"[0.9787234042553191, 0.7755102040816326]","[0.8932038834951457, 0.95]","[0.934010152284264, 0.8539325842696629]","[0.8932038834951457, 0.95]"
Random Forest,30,6,1.0,1.0,0.9372937293729373,0.6734688379327003,0.6720183486238531,0.7727272727272727,0.8358585858585859,0.8601398601398601,0.8095238095238095,0.8811881188118812,0.7391304347826086,0.9175257731958762,0.8453559641678454,"[0.9175257731958762, 0.7391304347826086]","[0.8811881188118812, 0.8095238095238095]","[0.898989898989899, 0.7727272727272727]","[0.8811881188118812, 0.8095238095238095]"
Random Forest,31,7,1.0,1.0,0.9415116279069767,0.7049930781253168,0.7046132660087217,0.7954545454545454,0.8522727272727273,0.8741258741258742,0.813953488372093,0.9,0.7777777777777778,0.9183673469387755,0.8569767441860465,"[0.9183673469387755, 0.7777777777777778]","[0.9, 0.813953488372093]","[0.9090909090909091, 0.7954545454545454]","[0.9, 0.813953488372093]"
Random Forest,32,7,1.0,1.0,0.9498098055790364,0.78006748093671,0.7779273216689098,0.8623853211009175,0.8888197791945265,0.8951048951048951,0.9038461538461539,0.8901098901098901,0.8245614035087719,0.9418604651162791,0.8969780219780219,"[0.9418604651162791, 0.8245614035087719]","[0.8901098901098901, 0.9038461538461539]","[0.9152542372881356, 0.8623853211009175]","[0.8901098901098901, 0.9038461538461539]"
Random Forest,33,7,1.0,1.0,0.9613978494623656,0.7398918706133034,0.7398052017553248,0.8316831683168316,0.8698956382124698,0.8811188811188811,0.84,0.9032258064516129,0.8235294117647058,0.9130434782608695,0.8716129032258064,"[0.9130434782608695, 0.8235294117647058]","[0.9032258064516129, 0.84]","[0.9081081081081082, 0.8316831683168316]","[0.9032258064516129, 0.84]"
Random Forest,34,7,1.0,1.0,0.9587458745874587,0.7720757087426418,0.7704128440366972,0.8409090909090909,0.8851010101010102,0.9020979020979021,0.8809523809523809,0.9108910891089109,0.8043478260869565,0.9484536082474226,0.8959217350306459,"[0.9484536082474226, 0.8043478260869565]","[0.9108910891089109, 0.8809523809523809]","[0.9292929292929293, 0.8409090909090909]","[0.9108910891089109, 0.8809523809523809]"
Random Forest,35,7,1.0,1.0,0.9287209302325582,0.7049930781253168,0.7046132660087217,0.7954545454545454,0.8522727272727273,0.8741258741258742,0.813953488372093,0.9,0.7777777777777778,0.9183673469387755,0.8569767441860465,"[0.9183673469387755, 0.7777777777777778]","[0.9, 0.813953488372093]","[0.9090909090909091, 0.7954545454545454]","[0.9, 0.813953488372093]"
Random Forest,36,8,1.0,1.0,0.9184486373165618,0.6840719826074151,0.6839945280437756,0.8,0.8419889502762431,0.8531468531468531,0.7924528301886793,0.8888888888888888,0.8076923076923077,0.8791208791208791,0.8406708595387841,"[0.8791208791208791, 0.8076923076923077]","[0.8888888888888888, 0.7924528301886793]","[0.8839779005524862, 0.8]","[0.8888888888888888, 0.7924528301886793]"
Random Forest,37,8,1.0,1.0,0.9366875840430301,0.715182960604129,0.7148238422335476,0.8085106382978723,0.8573803191489362,0.8741258741258742,0.8260869565217391,0.8969072164948454,0.7916666666666666,0.9157894736842105,0.8614970865082923,"[0.9157894736842105, 0.7916666666666666]","[0.8969072164948454, 0.8260869565217391]","[0.90625, 0.8085106382978723]","[0.8969072164948454, 0.8260869565217391]"
Random Forest,38,8,1.0,1.0,0.9697473404255319,0.7781471631205674,0.7781471631205674,0.851063829787234,0.8890735815602837,0.9020979020979021,0.851063829787234,0.9270833333333334,0.851063829787234,0.9270833333333334,0.8890735815602837,"[0.9270833333333334, 0.851063829787234]","[0.9270833333333334, 0.851063829787234]","[0.9270833333333334, 0.851063829787234]","[0.9270833333333334, 0.851063829787234]"
Random Forest,39,8,0.9999999999999999,1.0,0.9209099481376709,0.7506781706076727,0.7445288075033497,0.8260869565217391,0.8718063648588077,0.8881118881118881,0.9047619047619048,0.8811881188118812,0.76,0.956989247311828,0.892975011786893,"[0.956989247311828, 0.76]","[0.8811881188118812, 0.9047619047619048]","[0.9175257731958762, 0.8260869565217391]","[0.8811881188118812, 0.9047619047619048]"
Random Forest,40,8,1.0,1.0,0.9645214521452145,0.7611429606437226,0.7606980635907243,0.8292682926829268,0.8803204208512674,0.9020979020979021,0.8095238095238095,0.9405940594059405,0.85,0.9223300970873787,0.875058934464875,"[0.9223300970873787, 0.85]","[0.9405940594059405, 0.8095238095238095]","[0.9313725490196079, 0.8292682926829268]","[0.9405940594059405, 0.8095238095238095]"
Random Forest,41,9,1.0,1.0,0.9866863905325444,0.8617176967018737,0.861198738170347,0.9,0.9305825242718446,0.9440559440559441,0.9230769230769231,0.9519230769230769,0.8780487804878049,0.9705882352941176,0.9375,"[0.9705882352941176, 0.8780487804878049]","[0.9519230769230769, 0.9230769230769231]","[0.9611650485436893, 0.9]","[0.9519230769230769, 0.9230769230769231]"
Random Forest,42,9,1.0,1.0,0.9396694214876034,0.7068506934967079,0.7065462753950339,0.8214285714285714,0.8532430213464697,0.8601398601398601,0.8363636363636363,0.875,0.8070175438596491,0.8953488372093024,0.8556818181818182,"[0.8953488372093024, 0.8070175438596491]","[0.875, 0.8363636363636363]","[0.8850574712643678, 0.8214285714285714]","[0.875, 0.8363636363636363]"
Random Forest,43,9,1.0,1.0,0.9448828311812529,0.7307946077616079,0.7303794485034174,0.8095238095238095,0.8651579443658652,0.8881118881118881,0.8292682926829268,0.9117647058823529,0.7906976744186046,0.93,0.8705164992826399,"[0.93, 0.7906976744186046]","[0.9117647058823529, 0.8292682926829268]","[0.9207920792079208, 0.8095238095238095]","[0.9117647058823529, 0.8292682926829268]"
Random Forest,44,9,1.0,1.0,0.9029255319148937,0.6302283286689794,0.6294919454770755,0.7472527472527473,0.8146520146520146,0.8391608391608392,0.723404255319149,0.8958333333333334,0.7727272727272727,0.8686868686868687,0.8096187943262412,"[0.8686868686868687, 0.7727272727272727]","[0.8958333333333334, 0.723404255319149]","[0.882051282051282, 0.7472527472527473]","[0.8958333333333334, 0.723404255319149]"
Random Forest,45,9,1.0,1.0,0.9655701754385966,0.7952051343845337,0.7951063595282707,0.8631578947368421,0.8975475337558556,0.9090909090909091,0.8541666666666666,0.9368421052631579,0.8723404255319149,0.9270833333333334,0.8955043859649123,"[0.9270833333333334, 0.8723404255319149]","[0.9368421052631579, 0.8541666666666666]","[0.9319371727748691, 0.8631578947368421]","[0.9368421052631579, 0.8541666666666666]"
Random Forest,46,10,1.0,1.0,0.9312659846547315,0.7073785263447424,0.7066191555987474,0.8080808080808081,0.8532382650029708,0.8671328671328671,0.7843137254901961,0.9130434782608695,0.8333333333333334,0.8842105263157894,0.8486786018755328,"[0.8842105263157894, 0.8333333333333334]","[0.9130434782608695, 0.7843137254901961]","[0.8983957219251337, 0.8080808080808081]","[0.9130434782608695, 0.7843137254901961]"
Random Forest,47,10,1.0,1.0,0.9391990291262136,0.6990430419189336,0.6980499316855049,0.7792207792207793,0.8489405331510596,0.8811188811188811,0.75,0.9320388349514563,0.8108108108108109,0.9056603773584906,0.8410194174757282,"[0.9056603773584906, 0.8108108108108109]","[0.9320388349514563, 0.75]","[0.9186602870813397, 0.7792207792207793]","[0.9320388349514563, 0.75]"
Random Forest,48,10,1.0,1.0,0.9496598639455782,0.730090939790111,0.7292571555852545,0.8172043010752689,0.8645606997604324,0.8811188811188811,0.8444444444444444,0.8979591836734694,0.7916666666666666,0.9263157894736842,0.8712018140589569,"[0.9263157894736842, 0.7916666666666666]","[0.8979591836734694, 0.8444444444444444]","[0.9119170984455959, 0.8172043010752689]","[0.8979591836734694, 0.8444444444444444]"
Random Forest,49,10,1.0,1.0,0.9340407823553891,0.7640185928608458,0.763685189010535,0.8545454545454545,0.8818181818181818,0.8881118881118881,0.8703703703703703,0.898876404494382,0.8392857142857143,0.9195402298850575,0.8846233874323761,"[0.9195402298850575, 0.8392857142857143]","[0.898876404494382, 0.8703703703703703]","[0.9090909090909091, 0.8545454545454545]","[0.898876404494382, 0.8703703703703703]"
Random Forest,50,10,1.0,1.0,0.9663834951456312,0.7911312978108977,0.7858541642667896,0.8505747126436781,0.8926240397389245,0.9090909090909091,0.925,0.9029126213592233,0.7872340425531915,0.96875,0.9139563106796117,"[0.96875, 0.7872340425531915]","[0.9029126213592233, 0.925]","[0.9346733668341709, 0.8505747126436781]","[0.9029126213592233, 0.925]"
SVM,1,1,0.9565612123751658,0.8496420047732697,0.9421768707482994,0.7456973941718812,0.7385178014413252,0.8282828282828283,0.8686868686868687,0.8811188811188811,0.9111111111111111,0.8673469387755102,0.7592592592592593,0.9550561797752809,0.8892290249433106,"[0.9550561797752809, 0.7592592592592593]","[0.8673469387755102, 0.9111111111111111]","[0.9090909090909091, 0.8282828282828283]","[0.8673469387755102, 0.9111111111111111]"
SVM,2,1,0.9506162309693378,0.8444444444444444,0.9497016197783461,0.7626390842108526,0.7528215556685307,0.8495575221238938,0.8756458130850683,0.8811188811188811,0.9411764705882353,0.8478260869565217,0.7741935483870968,0.9629629629629629,0.8945012787723785,"[0.9629629629629629, 0.7741935483870968]","[0.8478260869565217, 0.9411764705882353]","[0.9017341040462428, 0.8495575221238938]","[0.8478260869565217, 0.9411764705882353]"
SVM,3,1,0.9592983939137786,0.8502415458937198,0.9067982456140351,0.7343134801767858,0.7207892302949337,0.8256880733944955,0.8591717203130669,0.8671328671328671,0.9375,0.8315789473684211,0.7377049180327869,0.9634146341463414,0.8845394736842105,"[0.9634146341463414, 0.7377049180327869]","[0.8315789473684211, 0.9375]","[0.8926553672316384, 0.8256880733944955]","[0.8315789473684211, 0.9375]"
SVM,4,1,0.9495344138135678,0.8393285371702638,0.9667824576639166,0.8140186462762187,0.8066964749922013,0.8785046728971962,0.902939487286587,0.9090909090909091,0.9591836734693877,0.8829787234042553,0.8103448275862069,0.9764705882352941,0.9210811984368215,"[0.9764705882352941, 0.8103448275862069]","[0.8829787234042553, 0.9591836734693877]","[0.9273743016759777, 0.8785046728971962]","[0.8829787234042553, 0.9591836734693877]"
SVM,5,1,0.9576059168523657,0.8544600938967136,0.9405915349311575,0.7601827360171479,0.7402951191827469,0.8181818181818182,0.8686868686868687,0.8881118881118881,0.972972972972973,0.8584905660377359,0.7058823529411765,0.9891304347826086,0.9157317695053544,"[0.9891304347826086, 0.7058823529411765]","[0.8584905660377359, 0.972972972972973]","[0.9191919191919192, 0.8181818181818182]","[0.8584905660377359, 0.972972972972973]"
SVM,6,2,0.9584724684283575,0.8531468531468531,0.9230769230769231,0.7284990678188034,0.7204783258594918,0.8045977011494253,0.8595852827355166,0.8811188811188811,0.8974358974358975,0.875,0.7291666666666666,0.9578947368421052,0.8862179487179487,"[0.9578947368421052, 0.7291666666666666]","[0.875, 0.8974358974358975]","[0.914572864321608, 0.8045977011494253]","[0.875, 0.8974358974358975]"
SVM,7,2,0.9515528036347517,0.8557692307692307,0.9078264969354077,0.6666557020248944,0.6489486604760379,0.7676767676767676,0.8223410576351753,0.8391608391608392,0.9047619047619048,0.8118811881188119,0.6666666666666666,0.9534883720930233,0.8583215464403584,"[0.9534883720930233, 0.6666666666666666]","[0.8118811881188119, 0.9047619047619048]","[0.8770053475935828, 0.7676767676767676]","[0.8118811881188119, 0.9047619047619048]"
SVM,8,2,0.9495358721764966,0.8398058252427184,0.976768968456948,0.8042074699878711,0.7955891362058403,0.875,0.8972701149425287,0.9020979020979021,0.9607843137254902,0.8695652173913043,0.8032786885245902,0.975609756097561,0.9151747655583973,"[0.975609756097561, 0.8032786885245902]","[0.8695652173913043, 0.9607843137254902]","[0.9195402298850575, 0.875]","[0.8695652173913043, 0.9607843137254902]"
SVM,9,2,0.9554622216388852,0.8324873096446701,0.9430992736077481,0.7922643912086149,0.7770415123757553,0.8787878787878788,0.8874458874458875,0.8881118881118881,0.9830508474576272,0.8214285714285714,0.7945205479452054,0.9857142857142858,0.9022397094430993,"[0.9857142857142858, 0.7945205479452054]","[0.8214285714285714, 0.9830508474576272]","[0.8961038961038961, 0.8787878787878788]","[0.8214285714285714, 0.9830508474576272]"
SVM,10,2,0.9540064036498055,0.8465116279069768,0.9563609467455622,0.7819982124189104,0.771513353115727,0.8409090909090909,0.8851010101010102,0.9020979020979021,0.9487179487179487,0.8846153846153846,0.7551020408163265,0.9787234042553191,0.9166666666666666,"[0.9787234042553191, 0.7551020408163265]","[0.8846153846153846, 0.9487179487179487]","[0.9292929292929293, 0.8409090909090909]","[0.8846153846153846, 0.9487179487179487]"
SVM,11,3,0.9530427631578947,0.8558139534883721,0.9423558897243107,0.708840178741547,0.6930290362670884,0.7865168539325843,0.845035076712485,0.8671328671328671,0.9210526315789473,0.8476190476190476,0.6862745098039216,0.967391304347826,0.8843358395989975,"[0.967391304347826, 0.6862745098039216]","[0.8476190476190476, 0.9210526315789473]","[0.9035532994923858, 0.7865168539325843]","[0.8476190476190476, 0.9210526315789473]"
SVM,12,3,0.95577748063959,0.8591885441527446,0.9377869605142333,0.6836247502750621,0.6682134570765661,0.7843137254901961,0.8323742540494459,0.8461538461538461,0.9090909090909091,0.8181818181818182,0.6896551724137931,0.9529411764705882,0.8636363636363636,"[0.9529411764705882, 0.6896551724137931]","[0.8181818181818182, 0.9090909090909091]","[0.8804347826086957, 0.7843137254901961]","[0.8181818181818182, 0.9090909090909091]"
SVM,13,3,0.957351565311263,0.8383838383838383,0.9245867768595041,0.8131897036414106,0.8013100436681223,0.8852459016393442,0.8999400239904038,0.9020979020979021,0.9818181818181818,0.8522727272727273,0.8059701492537313,0.9868421052631579,0.9170454545454545,"[0.9868421052631579, 0.8059701492537313]","[0.8522727272727273, 0.9818181818181818]","[0.9146341463414634, 0.8852459016393442]","[0.8522727272727273, 0.9818181818181818]"
SVM,14,3,0.9595645626977218,0.851764705882353,0.9265901482544238,0.7301289941418493,0.7170184696569921,0.8085106382978723,0.8573803191489362,0.8741258741258742,0.926829268292683,0.8529411764705882,0.7169811320754716,0.9666666666666667,0.8898852223816356,"[0.9666666666666667, 0.7169811320754716]","[0.8529411764705882, 0.926829268292683]","[0.90625, 0.8085106382978723]","[0.8529411764705882, 0.926829268292683]"
SVM,15,3,0.9500228141219415,0.8333333333333334,0.9752747252747253,0.816496580927726,0.8,0.8813559322033898,0.8990112994350282,0.9020979020979021,1.0,0.8461538461538461,0.7878787878787878,1.0,0.9230769230769231,"[1.0, 0.7878787878787878]","[0.8461538461538461, 1.0]","[0.9166666666666666, 0.8813559322033898]","[0.8461538461538461, 1.0]"
SVM,16,4,0.9579839015550593,0.8456057007125891,0.9062499999999999,0.6875670726857137,0.6663284975144568,0.7927927927927928,0.8306821106821107,0.8391608391608392,0.9361702127659575,0.7916666666666666,0.6875,0.9620253164556962,0.863918439716312,"[0.9620253164556962, 0.6875]","[0.7916666666666666, 0.9361702127659575]","[0.8685714285714285, 0.7927927927927928]","[0.7916666666666666, 0.9361702127659575]"
SVM,17,4,0.9541849586182081,0.841025641025641,0.9148760330578513,0.7048971163370248,0.6990077177508269,0.8235294117647058,0.8488904543853469,0.8531468531468531,0.8909090909090909,0.8295454545454546,0.765625,0.9240506329113924,0.8602272727272727,"[0.9240506329113924, 0.765625]","[0.8295454545454546, 0.8909090909090909]","[0.874251497005988, 0.8235294117647058]","[0.8295454545454546, 0.8909090909090909]"
SVM,18,4,0.9490355469826398,0.8504672897196262,0.9660194174757282,0.7767423704966959,0.7525951557093425,0.8333333333333334,0.8745614035087719,0.8881118881118881,1.0,0.8446601941747572,0.7142857142857143,1.0,0.9223300970873787,"[1.0, 0.7142857142857143]","[0.8446601941747572, 1.0]","[0.9157894736842105, 0.8333333333333334]","[0.8446601941747572, 1.0]"
SVM,19,4,0.9607192063929457,0.8537735849056604,0.9393203883495145,0.7596124641555166,0.7456647398843931,0.8260869565217391,0.8718063648588077,0.8881118881118881,0.95,0.8640776699029126,0.7307692307692307,0.978021978021978,0.9070388349514562,"[0.978021978021978, 0.7307692307692307]","[0.8640776699029126, 0.95]","[0.9175257731958762, 0.8260869565217391]","[0.8640776699029126, 0.95]"
SVM,20,4,0.9510707241476472,0.8426150121065376,0.9719298245614035,0.8382443013656161,0.8335273573923166,0.8932038834951457,0.9165472969388297,0.9230769230769231,0.9583333333333334,0.9052631578947369,0.8363636363636363,0.9772727272727273,0.9317982456140351,"[0.9772727272727273, 0.8363636363636363]","[0.9052631578947369, 0.9583333333333334]","[0.9398907103825137, 0.8932038834951457]","[0.9052631578947369, 0.9583333333333334]"
SVM,21,5,0.9586478456792756,0.8423645320197044,0.9303069053708439,0.7746895880042299,0.7663875842352461,0.8571428571428571,0.8825944170771757,0.8881118881118881,0.9411764705882353,0.8586956521739131,0.7868852459016393,0.9634146341463414,0.8999360613810742,"[0.9634146341463414, 0.7868852459016393]","[0.8586956521739131, 0.9411764705882353]","[0.9080459770114943, 0.8571428571428571]","[0.8586956521739131, 0.9411764705882353]"
SVM,22,5,0.9522911572519928,0.8530805687203792,0.9519368723098995,0.7360222981171827,0.7109881927454527,0.8080808080808081,0.8532382650029708,0.8671328671328671,0.975609756097561,0.8235294117647058,0.6896551724137931,0.9882352941176471,0.8995695839311334,"[0.9882352941176471, 0.6896551724137931]","[0.8235294117647058, 0.975609756097561]","[0.8983957219251337, 0.8080808080808081]","[0.8235294117647058, 0.975609756097561]"
SVM,23,5,0.9459440637361413,0.8428571428571429,0.9499540863177226,0.7260423194050537,0.7117852975495915,0.8118811881188119,0.8545892427080546,0.8671328671328671,0.9318181818181818,0.8383838383838383,0.7192982456140351,0.9651162790697675,0.88510101010101,"[0.9651162790697675, 0.7192982456140351]","[0.8383838383838383, 0.9318181818181818]","[0.8972972972972973, 0.8118811881188119]","[0.8383838383838383, 0.9318181818181818]"
SVM,24,5,0.9563097879074762,0.8405797101449275,0.9402952670429874,0.7716947078445429,0.7631960256675636,0.8518518518518519,0.8809821057012068,0.8881118881118881,0.9387755102040817,0.8617021276595744,0.7796610169491526,0.9642857142857143,0.900238818931828,"[0.9642857142857143, 0.7796610169491526]","[0.8617021276595744, 0.9387755102040817]","[0.9101123595505618, 0.8518518518518519]","[0.8617021276595744, 0.9387755102040817]"
SVM,25,5,0.9548571827641594,0.8476190476190476,0.9519274376417234,0.7894961937431793,0.7834270878407615,0.8571428571428571,0.891337386018237,0.9020979020979021,0.9333333333333333,0.8877551020408163,0.7924528301886793,0.9666666666666667,0.9105442176870748,"[0.9666666666666667, 0.7924528301886793]","[0.8877551020408163, 0.9333333333333333]","[0.925531914893617, 0.8571428571428571]","[0.8877551020408163, 0.9333333333333333]"
SVM,26,6,0.9530754687477788,0.8393285371702638,0.942242114236999,0.7751663870875306,0.7743767750078889,0.8571428571428571,0.8871349644830308,0.8951048951048951,0.8823529411764706,0.9021739130434783,0.8333333333333334,0.9325842696629213,0.8922634271099744,"[0.9325842696629213, 0.8333333333333334]","[0.9021739130434783, 0.8823529411764706]","[0.9171270718232044, 0.8571428571428571]","[0.9021739130434783, 0.8823529411764706]"
SVM,27,6,0.9532779861491564,0.848780487804878,0.9543439716312057,0.7864096393818143,0.7756980027188121,0.8571428571428571,0.8871349644830308,0.8951048951048951,0.9574468085106383,0.8645833333333334,0.7758620689655172,0.9764705882352941,0.9110150709219859,"[0.9764705882352941, 0.7758620689655172]","[0.8645833333333334, 0.9574468085106383]","[0.9171270718232044, 0.8571428571428571]","[0.8645833333333334, 0.9574468085106383]"
SVM,28,6,0.9508645124716554,0.8439024390243902,0.9562365591397848,0.7556582982583406,0.7400525146435064,0.8421052631578947,0.8687270501835985,0.8741258741258742,0.96,0.8279569892473119,0.75,0.9746835443037974,0.893978494623656,"[0.9746835443037974, 0.75]","[0.8279569892473119, 0.96]","[0.8953488372093024, 0.8421052631578947]","[0.8279569892473119, 0.96]"
SVM,29,6,0.956282722513089,0.8484848484848485,0.9388349514563107,0.7919990420846279,0.7774566473988439,0.8478260869565217,0.8878305692514568,0.9020979020979021,0.975,0.8737864077669902,0.75,0.989010989010989,0.9243932038834951,"[0.989010989010989, 0.75]","[0.8737864077669902, 0.975]","[0.9278350515463918, 0.8478260869565217]","[0.8737864077669902, 0.975]"
SVM,30,6,0.9584441489361702,0.8537170263788969,0.9299858557284301,0.7266724195127595,0.6911447084233261,0.8,0.8419889502762431,0.8531468531468531,1.0,0.7920792079207921,0.6666666666666666,1.0,0.8960396039603961,"[1.0, 0.6666666666666666]","[0.7920792079207921, 1.0]","[0.8839779005524862, 0.8]","[0.7920792079207921, 1.0]"
SVM,31,7,0.9538579067990832,0.8483412322274881,0.9255813953488372,0.7089602137762089,0.7018544935805991,0.8,0.8502617801047121,0.8671328671328671,0.8837209302325582,0.86,0.7307692307692307,0.945054945054945,0.8718604651162791,"[0.945054945054945, 0.7307692307692307]","[0.86, 0.8837209302325582]","[0.900523560209424, 0.8]","[0.86, 0.8837209302325582]"
SVM,32,7,0.9514772143957109,0.8390243902439024,0.9577345731191885,0.7760248331919996,0.7678100263852243,0.8596491228070176,0.883312933496532,0.8881118881118881,0.9423076923076923,0.8571428571428571,0.7903225806451613,0.9629629629629629,0.8997252747252746,"[0.9629629629629629, 0.7903225806451613]","[0.8571428571428571, 0.9423076923076923]","[0.9069767441860465, 0.8596491228070176]","[0.8571428571428571, 0.9423076923076923]"
SVM,33,7,0.9545068027210885,0.8444444444444444,0.9438709677419355,0.7556582982583406,0.7400525146435064,0.8421052631578947,0.8687270501835985,0.8741258741258742,0.96,0.8279569892473119,0.75,0.9746835443037974,0.893978494623656,"[0.9746835443037974, 0.75]","[0.8279569892473119, 0.96]","[0.8953488372093024, 0.8421052631578947]","[0.8279569892473119, 0.96]"
SVM,34,7,0.9556876108156028,0.8450704225352113,0.9502593116454503,0.7841284197087888,0.7681331747919145,0.845360824742268,0.8829978726885943,0.8951048951048951,0.9761904761904762,0.8613861386138614,0.7454545454545455,0.9886363636363636,0.9187883074021688,"[0.9886363636363636, 0.7454545454545455]","[0.8613861386138614, 0.9761904761904762]","[0.9206349206349206, 0.845360824742268]","[0.8613861386138614, 0.9761904761904762]"
SVM,35,7,0.9591360511146608,0.8537170263788969,0.9299999999999999,0.7160195525623573,0.7055380947220115,0.8041237113402062,0.8517973054055528,0.8671328671328671,0.9069767441860465,0.85,0.7222222222222222,0.9550561797752809,0.8784883720930232,"[0.9550561797752809, 0.7222222222222222]","[0.85, 0.9069767441860465]","[0.8994708994708994, 0.8041237113402062]","[0.85, 0.9069767441860465]"
SVM,36,8,0.9603518558249302,0.8471177944862155,0.9238993710691824,0.7417443535570343,0.7288693743139407,0.8403361344537815,0.8632818396819806,0.8671328671328671,0.9433962264150944,0.8222222222222222,0.7575757575757576,0.961038961038961,0.8828092243186583,"[0.961038961038961, 0.7575757575757576]","[0.8222222222222222, 0.9433962264150944]","[0.8862275449101796, 0.8403361344537815]","[0.8222222222222222, 0.9433962264150944]"
SVM,37,8,0.9514861609143882,0.84688995215311,0.9217839533841327,0.6743170091620291,0.6665253338986644,0.7843137254901961,0.8323742540494459,0.8461538461538461,0.8695652173913043,0.8350515463917526,0.7142857142857143,0.9310344827586207,0.8523083818915285,"[0.9310344827586207, 0.7142857142857143]","[0.8350515463917526, 0.8695652173913043]","[0.8804347826086957, 0.7843137254901961]","[0.8350515463917526, 0.8695652173913043]"
SVM,38,8,0.94716731987582,0.8441247002398081,0.9711879432624113,0.7932596421910534,0.7873831775700935,0.8627450980392157,0.8933290707587382,0.9020979020979021,0.9361702127659575,0.8854166666666666,0.8,0.9659090909090909,0.910793439716312,"[0.9659090909090909, 0.8]","[0.8854166666666666, 0.9361702127659575]","[0.9239130434782609, 0.8627450980392157]","[0.8854166666666666, 0.9361702127659575]"
SVM,39,8,0.9608405363475178,0.850356294536817,0.9236209335219235,0.7493855467736851,0.7269834535426389,0.82,0.8616129032258064,0.8741258741258742,0.9761904761904762,0.8316831683168316,0.7068965517241379,0.9882352941176471,0.9039368222536539,"[0.9882352941176471, 0.7068965517241379]","[0.8316831683168316, 0.9761904761904762]","[0.9032258064516129, 0.82]","[0.8316831683168316, 0.9761904761904762]"
SVM,40,8,0.9557291666666667,0.8443396226415094,0.9646393210749646,0.7828758245959443,0.776462706565431,0.8478260869565217,0.8878305692514568,0.9020979020979021,0.9285714285714286,0.8910891089108911,0.78,0.967741935483871,0.9098302687411599,"[0.967741935483871, 0.78]","[0.8910891089108911, 0.9285714285714286]","[0.9278350515463918, 0.8478260869565217]","[0.8910891089108911, 0.9285714285714286]"
SVM,41,9,0.9462010965906749,0.8447488584474886,0.9642504930966469,0.7654819485506847,0.7463976945244957,0.8260869565217391,0.8718063648588077,0.8881118881118881,0.9743589743589743,0.8557692307692307,0.7169811320754716,0.9888888888888889,0.9150641025641025,"[0.9888888888888889, 0.7169811320754716]","[0.8557692307692307, 0.9743589743589743]","[0.9175257731958762, 0.8260869565217391]","[0.8557692307692307, 0.9743589743589743]"
SVM,42,9,0.9533573227779777,0.8461538461538461,0.9264462809917355,0.703650043881061,0.6898047722342733,0.8225806451612904,0.8433890880127439,0.8461538461538461,0.9272727272727272,0.7954545454545454,0.7391304347826086,0.9459459459459459,0.8613636363636363,"[0.9459459459459459, 0.7391304347826086]","[0.7954545454545454, 0.9272727272727272]","[0.8641975308641975, 0.8225806451612904]","[0.7954545454545454, 0.9272727272727272]"
SVM,43,9,0.9536242695511624,0.8564705882352941,0.9428503108560498,0.7182439462688149,0.7032871027629136,0.8,0.8502617801047121,0.8671328671328671,0.926829268292683,0.8431372549019608,0.7037037037037037,0.9662921348314607,0.8849832615973219,"[0.9662921348314607, 0.7037037037037037]","[0.8431372549019608, 0.926829268292683]","[0.900523560209424, 0.8]","[0.8431372549019608, 0.926829268292683]"
SVM,44,9,0.964403613019231,0.8599033816425121,0.9113475177304965,0.7074269521678224,0.6993903720832457,0.8076923076923077,0.8489010989010989,0.8601398601398601,0.8936170212765957,0.84375,0.7368421052631579,0.9418604651162791,0.8686835106382979,"[0.9418604651162791, 0.7368421052631579]","[0.84375, 0.8936170212765957]","[0.8901098901098901, 0.8076923076923077]","[0.84375, 0.8936170212765957]"
SVM,45,9,0.9543533389687237,0.8349514563106796,0.9609649122807018,0.8382443013656161,0.8335273573923166,0.8932038834951457,0.9165472969388297,0.9230769230769231,0.9583333333333334,0.9052631578947369,0.8363636363636363,0.9772727272727273,0.9317982456140351,"[0.9772727272727273, 0.8363636363636363]","[0.9052631578947369, 0.9583333333333334]","[0.9398907103825137, 0.8932038834951457]","[0.9052631578947369, 0.9583333333333334]"
SVM,46,10,0.9575674868864343,0.8398058252427184,0.9315856777493605,0.7573664378794799,0.7507433610171229,0.8468468468468469,0.8748519948519948,0.8811188811188811,0.9215686274509803,0.8586956521739131,0.7833333333333333,0.9518072289156626,0.8901321398124467,"[0.9518072289156626, 0.7833333333333333]","[0.8586956521739131, 0.9215686274509803]","[0.9028571428571428, 0.8468468468468469]","[0.8586956521739131, 0.9215686274509803]"
SVM,47,10,0.9506062276109121,0.8611764705882353,0.9376213592233009,0.7018211105598888,0.6774782515304478,0.7835051546391752,0.836197021764032,0.8531468531468531,0.95,0.8155339805825242,0.6666666666666666,0.9767441860465116,0.882766990291262,"[0.9767441860465116, 0.6666666666666666]","[0.8155339805825242, 0.95]","[0.8888888888888888, 0.7835051546391752]","[0.8155339805825242, 0.95]"
SVM,48,10,0.9532369578881207,0.84688995215311,0.944671201814059,0.7708361130358135,0.7580372250423012,0.8431372549019608,0.8780903665814151,0.8881118881118881,0.9555555555555556,0.8571428571428571,0.7543859649122807,0.9767441860465116,0.9063492063492063,"[0.9767441860465116, 0.7543859649122807]","[0.8571428571428571, 0.9555555555555556]","[0.9130434782608695, 0.8431372549019608]","[0.8571428571428571, 0.9555555555555556]"
SVM,49,10,0.9579315886134069,0.8370927318295739,0.9346650020807323,0.8073979756732923,0.799036338084722,0.8813559322033898,0.8990112994350282,0.9020979020979021,0.9629629629629629,0.8651685393258427,0.8125,0.9746835443037974,0.9140657511444028,"[0.9746835443037974, 0.8125]","[0.8651685393258427, 0.9629629629629629]","[0.9166666666666666, 0.8813559322033898]","[0.8651685393258427, 0.9629629629629629]"
SVM,50,10,0.9535271424634886,0.8484848484848485,0.9606796116504854,0.7596124641555166,0.7456647398843931,0.8260869565217391,0.8718063648588077,0.8881118881118881,0.95,0.8640776699029126,0.7307692307692307,0.978021978021978,0.9070388349514562,"[0.978021978021978, 0.7307692307692307]","[0.8640776699029126, 0.95]","[0.9175257731958762, 0.8260869565217391]","[0.8640776699029126, 0.95]"
