Classifier,Fold,Repeat,train_auc,train_f1,val_auc,val_mcc,val_kappa,val_f1_binary,val_f1_macro,val_accuracy,val_sensitivity,val_specificity,val_ppv,val_npv,val_balanced_accuracy,per_class_precision,per_class_recall,per_class_f1,per_class_accuracy
Gradient Boosting,1,1,0.9876308065339459,0.9421550094517959,0.9546271373976913,0.7788820317368692,0.778732318120837,0.8892005610098177,0.8893555252601536,0.8893557422969187,0.8980169971671388,0.8808864265927978,0.8805555555555555,0.8983050847457628,0.8894517118799683,"[0.8983050847457628, 0.8805555555555555]","[0.8808864265927978, 0.8980169971671388]","[0.8895104895104895, 0.8892005610098177]","[0.8808864265927978, 0.8980169971671388]"
Gradient Boosting,2,1,0.9876556070883422,0.9412628487518355,0.9356757614213198,0.7209173170360259,0.7189905700477008,0.8498498498498499,0.8593081270246625,0.8599439775910365,0.884375,0.8401015228426396,0.8179190751445087,0.8994565217391305,0.8622382614213198,"[0.8994565217391305, 0.8179190751445087]","[0.8401015228426396, 0.884375]","[0.868766404199475, 0.8498498498498499]","[0.8401015228426396, 0.884375]"
Gradient Boosting,3,1,0.98686983527003,0.9369842460615154,0.9476457833191357,0.745178365113797,0.7442448518779143,0.8715083798882681,0.8720422785867934,0.8720445062586927,0.8939828080229226,0.8513513513513513,0.8501362397820164,0.8948863636363636,0.872667079687137,"[0.8948863636363636, 0.8501362397820164]","[0.8513513513513513, 0.8939828080229226]","[0.8725761772853186, 0.8715083798882681]","[0.8513513513513513, 0.8939828080229226]"
Gradient Boosting,4,1,0.9866413409571553,0.9402390438247012,0.9405855636529082,0.7231141064912958,0.7229695865585795,0.8396694214876033,0.8614712931746079,0.8649025069637883,0.8494983277591973,0.8758949880668258,0.8300653594771242,0.8907766990291263,0.8626966579130115,"[0.8907766990291263, 0.8300653594771242]","[0.8758949880668258, 0.8494983277591973]","[0.8832731648616126, 0.8396694214876033]","[0.8758949880668258, 0.8494983277591973]"
Gradient Boosting,5,1,0.9869211187944446,0.9354120267260579,0.9429080407452168,0.7721792121319947,0.7707168276563294,0.8825214899713467,0.8852498160239247,0.8853146853146853,0.9112426035502958,0.8620689655172413,0.8555555555555555,0.9154929577464789,0.8866557845337686,"[0.9154929577464789, 0.8555555555555555]","[0.8620689655172413, 0.9112426035502958]","[0.8879781420765027, 0.8825214899713467]","[0.8620689655172413, 0.9112426035502958]"
Gradient Boosting,6,2,0.9881039170870114,0.9403616775682955,0.9424093254046391,0.7469381325562163,0.7469381325562163,0.8812664907651715,0.8734690662781082,0.8739495798319328,0.8812664907651715,0.8656716417910447,0.8812664907651715,0.8656716417910447,0.8734690662781082,"[0.8656716417910447, 0.8812664907651715]","[0.8656716417910447, 0.8812664907651715]","[0.8656716417910447, 0.8812664907651715]","[0.8656716417910447, 0.8812664907651715]"
Gradient Boosting,7,2,0.9871537253362128,0.943312337902927,0.9370641398505175,0.7096301988195921,0.7073077116925713,0.8444444444444444,0.853414882772681,0.8539638386648123,0.8823529411764706,0.8308080808080808,0.8096590909090909,0.896457765667575,0.8565805109922757,"[0.896457765667575, 0.8096590909090909]","[0.8308080808080808, 0.8823529411764706]","[0.8623853211009175, 0.8444444444444444]","[0.8308080808080808, 0.8823529411764706]"
Gradient Boosting,8,2,0.9882987409852096,0.9411764705882353,0.9523092129386069,0.7867746840076436,0.7852530409971468,0.88125,0.8925237341772152,0.8937062937062937,0.912621359223301,0.8793103448275862,0.851963746223565,0.9296875,0.8959658520254437,"[0.9296875, 0.851963746223565]","[0.8793103448275862, 0.912621359223301]","[0.9037974683544304, 0.88125]","[0.8793103448275862, 0.912621359223301]"
Gradient Boosting,9,2,0.9876838094063632,0.9346069066862601,0.9397294605021821,0.7418229917141693,0.7393690093965632,0.8634361233480177,0.8694690656900731,0.8697478991596639,0.901840490797546,0.8427835051546392,0.828169014084507,0.9108635097493036,0.8723119979760926,"[0.9108635097493036, 0.828169014084507]","[0.8427835051546392, 0.901840490797546]","[0.8755020080321285, 0.8634361233480177]","[0.8427835051546392, 0.901840490797546]"
Gradient Boosting,10,2,0.9870971222580527,0.9388662467580585,0.9476519856954638,0.7532566313529057,0.7529597597785459,0.8654434250764526,0.8764557278834948,0.8774373259052924,0.8788819875776398,0.8762626262626263,0.8524096385542169,0.8989637305699482,0.8775723069201331,"[0.8989637305699482, 0.8524096385542169]","[0.8762626262626263, 0.8788819875776398]","[0.887468030690537, 0.8654434250764526]","[0.8762626262626263, 0.8788819875776398]"
Gradient Boosting,11,3,0.9882625115820832,0.9406158357771262,0.9492152904661981,0.7327626444645706,0.7314705579616624,0.8522550544323484,0.8656179730760468,0.8669467787114846,0.8810289389067524,0.8560794044665012,0.8253012048192772,0.9031413612565445,0.8685541716866267,"[0.9031413612565445, 0.8253012048192772]","[0.8560794044665012, 0.8810289389067524]","[0.8789808917197452, 0.8522550544323484]","[0.8560794044665012, 0.8810289389067524]"
Gradient Boosting,12,3,0.9858273540797247,0.9379671150971599,0.9502688804226832,0.7650129671544748,0.764821050982849,0.8786127167630058,0.8823957892758119,0.8825174825174825,0.8888888888888888,0.8766756032171582,0.8685714285714285,0.8958904109589041,0.8827822460530235,"[0.8958904109589041, 0.8685714285714285]","[0.8766756032171582, 0.8888888888888888]","[0.8861788617886179, 0.8786127167630058]","[0.8766756032171582, 0.8888888888888888]"
Gradient Boosting,13,3,0.9873265192492809,0.9433681073025335,0.9474155538098978,0.7585694750705548,0.7577989601386482,0.8685015290519877,0.8788383933919732,0.8797202797202798,0.8477611940298507,0.9078947368421053,0.890282131661442,0.8712121212121212,0.877827965435978,"[0.8712121212121212, 0.890282131661442]","[0.9078947368421053, 0.8477611940298507]","[0.8891752577319587, 0.8685015290519877]","[0.9078947368421053, 0.8477611940298507]"
Gradient Boosting,14,3,0.986868156209937,0.9403585803146726,0.9457421212479785,0.7368749124332846,0.7357089712965501,0.8544891640866873,0.8677509111572677,0.8690807799442897,0.8817891373801917,0.8592592592592593,0.8288288288288288,0.9038961038961039,0.8705241983197255,"[0.9038961038961039, 0.8288288288288288]","[0.8592592592592593, 0.8817891373801917]","[0.8810126582278481, 0.8544891640866873]","[0.8592592592592593, 0.8817891373801917]"
Gradient Boosting,15,3,0.9897861054990962,0.9434815373021854,0.9270251396648045,0.6760744465664421,0.6741604412483418,0.8425302826379543,0.8368495569033927,0.8370473537604457,0.8743016759776536,0.8,0.812987012987013,0.8648648648648649,0.8371508379888268,"[0.8648648648648649, 0.812987012987013]","[0.8, 0.8743016759776536]","[0.8311688311688312, 0.8425302826379543]","[0.8, 0.8743016759776536]"
Gradient Boosting,16,4,0.9872105174283009,0.9355077835433655,0.9352608050044232,0.714159925360709,0.7134380508687987,0.8482142857142857,0.8566468253968254,0.8571428571428571,0.8689024390243902,0.8471502590673575,0.8284883720930233,0.8837837837837837,0.8580263490458739,"[0.8837837837837837, 0.8284883720930233]","[0.8471502590673575, 0.8689024390243902]","[0.8650793650793651, 0.8482142857142857]","[0.8471502590673575, 0.8689024390243902]"
Gradient Boosting,17,4,0.9859284529021324,0.9355322338830585,0.9536114056792743,0.7531896708599635,0.7530829265992314,0.8713450292397661,0.8765327296736465,0.876750700280112,0.863768115942029,0.8888888888888888,0.8790560471976401,0.8746666666666667,0.8763285024154589,"[0.8746666666666667, 0.8790560471976401]","[0.8888888888888888, 0.863768115942029]","[0.8817204301075269, 0.8713450292397661]","[0.8888888888888888, 0.863768115942029]"
Gradient Boosting,18,4,0.9876021580410782,0.9406123201770564,0.9339689099704128,0.722199016198271,0.718761013279837,0.8508124076809453,0.8590461512780547,0.8595271210013908,0.897196261682243,0.8291457286432161,0.8089887640449438,0.9090909090909091,0.8631709951627295,"[0.9090909090909091, 0.8089887640449438]","[0.8291457286432161, 0.897196261682243]","[0.8672798948751642, 0.8508124076809453]","[0.8291457286432161, 0.897196261682243]"
Gradient Boosting,19,4,0.9869844583827635,0.9446902654867256,0.9505646034342428,0.7137587916579005,0.7132055856153865,0.8473053892215568,0.8565474314528837,0.8571428571428571,0.8654434250764526,0.8501291989664083,0.8299120234604106,0.8820375335120644,0.8577863120214304,"[0.8820375335120644, 0.8299120234604106]","[0.8501291989664083, 0.8654434250764526]","[0.8657894736842106, 0.8473053892215568]","[0.8501291989664083, 0.8654434250764526]"
Gradient Boosting,20,4,0.9849653941818969,0.9353640416047548,0.9558930873285809,0.7798675605474656,0.7797189915340673,0.8843338213762811,0.8898490298934385,0.8901251738525731,0.893491124260355,0.8871391076115486,0.8753623188405797,0.9037433155080213,0.8903151159359518,"[0.9037433155080213, 0.8753623188405797]","[0.8871391076115486, 0.893491124260355]","[0.895364238410596, 0.8843338213762811]","[0.8871391076115486, 0.893491124260355]"
Gradient Boosting,21,5,0.9863699885035655,0.9383177570093458,0.9539635991248895,0.7916950290332218,0.7889427050744285,0.8932584269662921,0.8942876156870028,0.894297635605007,0.9325513196480938,0.8597883597883598,0.8571428571428571,0.9339080459770115,0.8961698397182267,"[0.9339080459770115, 0.8571428571428571]","[0.8597883597883598, 0.9325513196480938]","[0.8953168044077136, 0.8932584269662921]","[0.8597883597883598, 0.9325513196480938]"
Gradient Boosting,22,5,0.9883992229948702,0.9414893617021277,0.9380768144148668,0.7372195742517381,0.7364775725593667,0.8729729729729729,0.8681725329981144,0.8683473389355743,0.8922651933701657,0.84375,0.8544973544973545,0.8839285714285714,0.8680075966850829,"[0.8839285714285714, 0.8544973544973545]","[0.84375, 0.8922651933701657]","[0.8633720930232558, 0.8729729729729729]","[0.84375, 0.8922651933701657]"
Gradient Boosting,23,5,0.9881192981222858,0.9418562657999278,0.9437783106847856,0.7333320120750991,0.7330873308733088,0.845771144278607,0.8665219357756672,0.8697478991596639,0.8585858585858586,0.8776978417266187,0.8333333333333334,0.8970588235294118,0.8681418501562386,"[0.8970588235294118, 0.8333333333333334]","[0.8776978417266187, 0.8585858585858586]","[0.8872727272727273, 0.845771144278607]","[0.8776978417266187, 0.8585858585858586]"
Gradient Boosting,24,5,0.9859784751386627,0.9425801640566741,0.9476678222502363,0.7613625105773202,0.761215287887253,0.8740740740740741,0.8805961339825882,0.8809523809523809,0.8832335329341318,0.8789473684210526,0.8651026392961877,0.8954423592493298,0.8810904506775922,"[0.8954423592493298, 0.8651026392961877]","[0.8789473684210526, 0.8832335329341318]","[0.8871181938911022, 0.8740740740740741]","[0.8789473684210526, 0.8832335329341318]"
Gradient Boosting,25,5,0.9877104669669095,0.9383080901366827,0.9315384615384615,0.7117534458984957,0.7115273000650512,0.8437025796661608,0.8557408918869958,0.8567454798331016,0.8553846153846154,0.8578680203045685,0.8323353293413174,0.8779220779220779,0.856626317844592,"[0.8779220779220779, 0.8323353293413174]","[0.8578680203045685, 0.8553846153846154]","[0.8677792041078306, 0.8437025796661608]","[0.8578680203045685, 0.8553846153846154]"
Gradient Boosting,26,6,0.9867298694902734,0.9305294780322944,0.9539770928104172,0.7771387400594891,0.7752670437905576,0.8879668049792531,0.8874980468410909,0.8875,0.9197707736389685,0.8571428571428571,0.8582887700534759,0.9190751445086706,0.8884568153909128,"[0.9190751445086706, 0.8582887700534759]","[0.8571428571428571, 0.9197707736389685]","[0.8870292887029289, 0.8879668049792531]","[0.8571428571428571, 0.9197707736389685]"
Gradient Boosting,27,6,0.9878697246485708,0.9432989690721649,0.9404047619047617,0.7427608671275188,0.7410643993071957,0.8593272171253823,0.8703852580472272,0.8713286713286713,0.8920634920634921,0.855,0.8289085545722714,0.9095744680851063,0.873531746031746,"[0.9095744680851063, 0.8289085545722714]","[0.855, 0.8920634920634921]","[0.8814432989690721, 0.8593272171253823]","[0.855, 0.8920634920634921]"
Gradient Boosting,28,6,0.988867224538658,0.943382077240345,0.9358760852407261,0.7190966527669368,0.7189148217161987,0.8554913294797688,0.8594396538109226,0.8595505617977528,0.8457142857142858,0.8729281767955801,0.8654970760233918,0.8540540540540541,0.859321231254933,"[0.8540540540540541, 0.8654970760233918]","[0.8729281767955801, 0.8457142857142858]","[0.8633879781420765, 0.8554913294797688]","[0.8729281767955801, 0.8457142857142858]"
Gradient Boosting,29,6,0.9875806599409405,0.9371688115064345,0.9430219601652816,0.7558431196807897,0.755270018333862,0.8791208791208791,0.8775886085745241,0.8776077885952712,0.896358543417367,0.8591160220994475,0.862533692722372,0.8936781609195402,0.8777372827584072,"[0.8936781609195402, 0.862533692722372]","[0.8591160220994475, 0.896358543417367]","[0.8760563380281691, 0.8791208791208791]","[0.8591160220994475, 0.896358543417367]"
Gradient Boosting,30,6,0.9877456827889708,0.9381739755571531,0.9440206051121544,0.7108361585290944,0.7095386548732449,0.830820770519263,0.8546402288216051,0.8585434173669467,0.8611111111111112,0.8568075117370892,0.8025889967637541,0.9012345679012346,0.8589593114241002,"[0.9012345679012346, 0.8025889967637541]","[0.8568075117370892, 0.8611111111111112]","[0.8784596871239471, 0.830820770519263]","[0.8568075117370892, 0.8611111111111112]"
Gradient Boosting,31,7,0.9877415635238711,0.9387300408466395,0.9334053163888327,0.7198902959115333,0.7188829488663417,0.8542568542568543,0.8593431922290983,0.8595271210013908,0.8783382789317508,0.8429319371727748,0.8314606741573034,0.8870523415977961,0.8606351080522627,"[0.8870523415977961, 0.8314606741573034]","[0.8429319371727748, 0.8783382789317508]","[0.8644295302013423, 0.8542568542568543]","[0.8429319371727748, 0.8783382789317508]"
Gradient Boosting,32,7,0.9874292678423771,0.941132358455193,0.9532810494348957,0.7666708136853317,0.765220042687265,0.8839779005524862,0.8824988652904073,0.8825174825174825,0.9116809116809117,0.8543956043956044,0.8579088471849866,0.9093567251461988,0.8830382580382581,"[0.9093567251461988, 0.8579088471849866]","[0.8543956043956044, 0.9116809116809117]","[0.8810198300283286, 0.8839779005524862]","[0.8543956043956044, 0.9116809116809117]"
Gradient Boosting,33,7,0.9869589168699444,0.9401709401709402,0.9483305641269087,0.788495768615043,0.7867050839985514,0.8888888888888888,0.8932315064390536,0.8934081346423562,0.9212121212121213,0.8694516971279374,0.8587570621468926,0.9275766016713092,0.8953319091700294,"[0.9275766016713092, 0.8587570621468926]","[0.8694516971279374, 0.9212121212121213]","[0.8975741239892183, 0.8888888888888888]","[0.8694516971279374, 0.9212121212121213]"
Gradient Boosting,34,7,0.9871319937789657,0.9421547360809833,0.9421299450879794,0.729061841402815,0.7289163849123564,0.8460291734197731,0.8644449196322047,0.8669467787114846,0.8557377049180328,0.8753056234718827,0.8365384615384616,0.8905472636815921,0.8655216641949577,"[0.8905472636815921, 0.8365384615384616]","[0.8753056234718827, 0.8557377049180328]","[0.8828606658446363, 0.8460291734197731]","[0.8753056234718827, 0.8557377049180328]"
Gradient Boosting,35,7,0.9861874095108351,0.9398216939078752,0.9427102760164119,0.735488042602701,0.7351420938141012,0.8609077598828697,0.8675399726566666,0.8678720445062587,0.875,0.8616187989556136,0.8472622478386167,0.8870967741935484,0.8683093994778068,"[0.8870967741935484, 0.8472622478386167]","[0.8616187989556136, 0.875]","[0.8741721854304636, 0.8609077598828697]","[0.8616187989556136, 0.875]"
Gradient Boosting,36,8,0.9880208056583833,0.9421487603305785,0.9372142757519875,0.7129486907729244,0.7110865550309484,0.8551532033426184,0.855354379449087,0.8553546592489569,0.8872832369942196,0.8257372654155496,0.8252688172043011,0.8876080691642652,0.8565102512048846,"[0.8876080691642652, 0.8252688172043011]","[0.8257372654155496, 0.8872832369942196]","[0.8555555555555555, 0.8551532033426184]","[0.8257372654155496, 0.8872832369942196]"
Gradient Boosting,37,8,0.9863675598037371,0.9389705882352941,0.9515112160566707,0.7886589893627217,0.7871607065919862,0.8885630498533724,0.8934793858892531,0.8937062937062937,0.9181818181818182,0.8727272727272727,0.8607954545454546,0.9256198347107438,0.8954545454545455,"[0.9256198347107438, 0.8607954545454546]","[0.8727272727272727, 0.9181818181818182]","[0.8983957219251337, 0.8885630498533724]","[0.8727272727272727, 0.9181818181818182]"
Gradient Boosting,38,8,0.9880487609766918,0.9399849962490623,0.9395090406830738,0.7285654312645062,0.7283339478618331,0.8639551192145862,0.8641453917751253,0.8641456582633054,0.875,0.8535911602209945,0.853185595567867,0.8753541076487252,0.8642955801104972,"[0.8753541076487252, 0.853185595567867]","[0.8535911602209945, 0.875]","[0.8643356643356643, 0.8639551192145862]","[0.8535911602209945, 0.875]"
Gradient Boosting,39,8,0.9854079786170331,0.9401154401154401,0.9526244865487962,0.7590308718124948,0.7570912676304725,0.8613376835236541,0.8783933190065996,0.8807854137447405,0.8979591836734694,0.8687350835322196,0.8275862068965517,0.9238578680203046,0.8833471336028444,"[0.9238578680203046, 0.8275862068965517]","[0.8687350835322196, 0.8979591836734694]","[0.8954489544895449, 0.8613376835236541]","[0.8687350835322196, 0.8979591836734694]"
Gradient Boosting,40,8,0.9887400604947119,0.9406494960806271,0.9449018907204002,0.7659414432379503,0.7657508106179314,0.8768328445747801,0.8828608667318345,0.8831710709318498,0.887240356083086,0.8795811518324608,0.8666666666666667,0.8983957219251337,0.8834107539577734,"[0.8983957219251337, 0.8666666666666667]","[0.8795811518324608, 0.887240356083086]","[0.8888888888888888, 0.8768328445747801]","[0.8795811518324608, 0.887240356083086]"
Gradient Boosting,41,9,0.9869282979712872,0.9382809541840212,0.9509336419753086,0.769589943951885,0.7694444444444444,0.8835904628330996,0.8847113249516254,0.8847222222222222,0.875,0.8944444444444445,0.8923512747875354,0.8773841961852861,0.8847222222222222,"[0.8773841961852861, 0.8923512747875354]","[0.8944444444444445, 0.875]","[0.8858321870701513, 0.8835904628330996]","[0.8944444444444445, 0.875]"
Gradient Boosting,42,9,0.9868462143524943,0.9422867513611616,0.9502502017756256,0.7631175779775331,0.7625898126120777,0.8646003262642741,0.8812546526770325,0.8835904628330996,0.8833333333333333,0.8837772397094431,0.8466453674121406,0.9125,0.8835552865213883,"[0.9125, 0.8466453674121406]","[0.8837772397094431, 0.8833333333333333]","[0.897908979089791, 0.8646003262642741]","[0.8837772397094431, 0.8833333333333333]"
Gradient Boosting,43,9,0.9876269085163631,0.9364671318398825,0.9384095158531249,0.7275306110942332,0.7245825756323359,0.851963746223565,0.8620132047044717,0.8627450980392157,0.8952380952380953,0.8370927318295739,0.8126801152737753,0.9100817438692098,0.8661654135338346,"[0.9100817438692098, 0.8126801152737753]","[0.8370927318295739, 0.8952380952380953]","[0.8720626631853786, 0.851963746223565]","[0.8370927318295739, 0.8952380952380953]"
Gradient Boosting,44,9,0.9892876947736393,0.9477971121806739,0.9397166469893743,0.725118549578721,0.723047127178825,0.8558951965065502,0.8613257947539481,0.8615384615384616,0.8909090909090909,0.8363636363636363,0.8235294117647058,0.8994413407821229,0.8636363636363635,"[0.8994413407821229, 0.8235294117647058]","[0.8363636363636363, 0.8909090909090909]","[0.8667563930013459, 0.8558951965065502]","[0.8363636363636363, 0.8909090909090909]"
Gradient Boosting,45,9,0.9876493994492799,0.9405528209011738,0.9428354131743962,0.7298758070628474,0.7298050139275767,0.8639551192145862,0.8648959551812904,0.8649025069637883,0.8700564971751412,0.8598901098901099,0.8579387186629527,0.871866295264624,0.8649733035326256,"[0.871866295264624, 0.8579387186629527]","[0.8598901098901099, 0.8700564971751412]","[0.8658367911479945, 0.8639551192145862]","[0.8598901098901099, 0.8700564971751412]"
Gradient Boosting,46,10,0.988037483334466,0.9432989690721649,0.9398336619807901,0.7209975481303397,0.7203500470791167,0.8469860896445132,0.8601127631321157,0.8613445378151261,0.8670886075949367,0.8567839195979899,0.8277945619335347,0.8903394255874674,0.8619362635964634,"[0.8903394255874674, 0.8277945619335347]","[0.8567839195979899, 0.8670886075949367]","[0.8732394366197183, 0.8469860896445132]","[0.8567839195979899, 0.8670886075949367]"
Gradient Boosting,47,10,0.985626686288938,0.9394160583941605,0.9441964109953623,0.7299618795325535,0.7293932489253248,0.8481012658227848,0.864644692317333,0.8666666666666667,0.8673139158576052,0.8661800486618005,0.8297213622291022,0.8967254408060453,0.8667469822597029,"[0.8967254408060453, 0.8297213622291022]","[0.8661800486618005, 0.8673139158576052]","[0.8811881188118812, 0.8481012658227848]","[0.8661800486618005, 0.8673139158576052]"
Gradient Boosting,48,10,0.9891693683072993,0.9426944971537002,0.9343403036604025,0.7321501966391848,0.7309995683057965,0.8699186991869918,0.8653941322021916,0.865546218487395,0.8941504178272981,0.8366197183098592,0.8469656992084432,0.8865671641791045,0.8653850680685786,"[0.8865671641791045, 0.8469656992084432]","[0.8366197183098592, 0.8941504178272981]","[0.8608695652173913, 0.8699186991869918]","[0.8366197183098592, 0.8941504178272981]"
Gradient Boosting,49,10,0.9863795714132553,0.9398216939078752,0.944894894894895,0.739449434440759,0.738792899408284,0.8669527896995708,0.8693384638153027,0.8693820224719101,0.8859649122807017,0.8540540540540541,0.8487394957983193,0.8901408450704226,0.8700094831673779,"[0.8901408450704226, 0.8487394957983193]","[0.8540540540540541, 0.8859649122807017]","[0.8717241379310345, 0.8669527896995708]","[0.8540540540540541, 0.8859649122807017]"
Gradient Boosting,50,10,0.9883763404067875,0.9408262002232973,0.95326334086024,0.7613181524000131,0.7605623999443168,0.873900293255132,0.8802219144375923,0.8805555555555555,0.8948948948948949,0.8682170542635659,0.8538681948424068,0.9056603773584906,0.8815559745792304,"[0.9056603773584906, 0.8538681948424068]","[0.8682170542635659, 0.8948948948948949]","[0.8865435356200527, 0.873900293255132]","[0.8682170542635659, 0.8948948948948949]"
KNN,1,1,0.967728089292025,0.8926681783824642,0.9324860907300305,0.7675166359759756,0.7674413128958584,0.8815977175463623,0.8837149523082568,0.8837535014005602,0.8753541076487252,0.8919667590027701,0.8879310344827587,0.8797814207650273,0.8836604333257476,"[0.8797814207650273, 0.8879310344827587]","[0.8919667590027701, 0.8753541076487252]","[0.8858321870701513, 0.8815977175463623]","[0.8919667590027701, 0.8753541076487252]"
KNN,2,1,0.9719204187703243,0.8959176167708717,0.9131662436548224,0.6711251762781361,0.6703549077018996,0.821917808219178,0.835083417728266,0.8361344537815126,0.84375,0.8299492385786802,0.8011869436201781,0.8673740053050398,0.8368496192893401,"[0.8673740053050398, 0.8011869436201781]","[0.8299492385786802, 0.84375]","[0.8482490272373541, 0.821917808219178]","[0.8299492385786802, 0.84375]"
KNN,3,1,0.9700929220744066,0.8952095808383234,0.9267327499419191,0.757773839288273,0.7577709021487846,0.8751793400286944,0.8788852165730516,0.8789986091794159,0.8739255014326648,0.8837837837837837,0.8764367816091954,0.8814016172506739,0.8788546426082242,"[0.8814016172506739, 0.8764367816091954]","[0.8837837837837837, 0.8739255014326648]","[0.8825910931174089, 0.8751793400286944]","[0.8837837837837837, 0.8739255014326648]"
KNN,4,1,0.9716116256755698,0.9008683068017366,0.9011581963745501,0.6625540148217892,0.6625106555875113,0.8039867109634552,0.8312499502059483,0.8356545961002786,0.8093645484949833,0.8544152744630071,0.7986798679867987,0.8626506024096385,0.8318899114789953,"[0.8626506024096385, 0.7986798679867987]","[0.8544152744630071, 0.8093645484949833]","[0.8585131894484412, 0.8039867109634552]","[0.8544152744630071, 0.8093645484949833]"
KNN,5,1,0.9696953948374799,0.8889719626168224,0.9188901793982389,0.7344886727880986,0.7340019345313853,0.8621190130624092,0.8669569424286405,0.8671328671328671,0.878698224852071,0.8567639257294429,0.8461538461538461,0.8873626373626373,0.867731075290757,"[0.8873626373626373, 0.8461538461538461]","[0.8567639257294429, 0.878698224852071]","[0.8717948717948718, 0.8621190130624092]","[0.8567639257294429, 0.878698224852071]"
KNN,6,2,0.9712804421500632,0.8923195677344654,0.9111093608474776,0.6813194022408743,0.6804516296197423,0.845945945945946,0.8401241357636706,0.8403361344537815,0.8258575197889182,0.8567164179104477,0.8670360110803325,0.8130311614730878,0.8412869688496829,"[0.8130311614730878, 0.8670360110803325]","[0.8567164179104477, 0.8258575197889182]","[0.8343023255813954, 0.845945945945946]","[0.8567164179104477, 0.8258575197889182]"
KNN,7,2,0.9695501619711397,0.889550018594273,0.9115536166619758,0.7108630933052736,0.7095197768644483,0.844311377245509,0.8546232210902869,0.8553546592489569,0.8730650154798761,0.8409090909090909,0.8173913043478261,0.8903743315508021,0.8569870531944835,"[0.8903743315508021, 0.8173913043478261]","[0.8409090909090909, 0.8730650154798761]","[0.8649350649350649, 0.844311377245509]","[0.8409090909090909, 0.8730650154798761]"
KNN,8,2,0.9681686835350201,0.8934157875591124,0.9251837326828958,0.7528985441465258,0.7527495458827365,0.8608,0.8763627329192547,0.8783216783216783,0.8705501618122977,0.8842364532019704,0.8512658227848101,0.899749373433584,0.8773933075071341,"[0.899749373433584, 0.8512658227848101]","[0.8842364532019704, 0.8705501618122977]","[0.8919254658385093, 0.8608]","[0.8842364532019704, 0.8705501618122977]"
KNN,9,2,0.9705611334340434,0.9006233956729006,0.9197947631395864,0.7142936965972537,0.7133794058844828,0.8477611940298507,0.8565982751151893,0.8571428571428571,0.8711656441717791,0.845360824742268,0.8255813953488372,0.8864864864864865,0.8582632344570236,"[0.8864864864864865, 0.8255813953488372]","[0.845360824742268, 0.8711656441717791]","[0.8654353562005277, 0.8477611940298507]","[0.845360824742268, 0.8711656441717791]"
KNN,10,2,0.9701631987444364,0.899299151604574,0.9254305477131564,0.7355155422525933,0.7355038954117223,0.8544891640866873,0.8677509111572677,0.8690807799442897,0.8571428571428571,0.8787878787878788,0.8518518518518519,0.883248730964467,0.8679653679653679,"[0.883248730964467, 0.8518518518518519]","[0.8787878787878788, 0.8571428571428571]","[0.8810126582278481, 0.8544891640866873]","[0.8787878787878788, 0.8571428571428571]"
KNN,11,3,0.96879239433426,0.8925318761384335,0.9277125737036536,0.7338484254157183,0.7334233625928426,0.8517350157728707,0.8666735532264858,0.8683473389355743,0.8681672025723473,0.8684863523573201,0.8359133126934984,0.8951406649616368,0.8683267774648337,"[0.8951406649616368, 0.8359133126934984]","[0.8684863523573201, 0.8681672025723473]","[0.8816120906801007, 0.8517350157728707]","[0.8684863523573201, 0.8681672025723473]"
KNN,12,3,0.9681066416313013,0.8855421686746988,0.9297187338318987,0.7396009765777608,0.739528452290951,0.865021770682148,0.8697578489038271,0.8699300699300699,0.8713450292397661,0.868632707774799,0.8587896253602305,0.8804347826086957,0.8699888685072825,"[0.8804347826086957, 0.8587896253602305]","[0.868632707774799, 0.8713450292397661]","[0.8744939271255061, 0.865021770682148]","[0.868632707774799, 0.8713450292397661]"
KNN,13,3,0.970503126035395,0.8931894305917379,0.9202553024351925,0.7023779831187511,0.7012613322822231,0.8369230769230769,0.8505128205128205,0.8517482517482518,0.8119402985074626,0.8868421052631579,0.8634920634920635,0.8425,0.8493912018853103,"[0.8425, 0.8634920634920635]","[0.8868421052631579, 0.8119402985074626]","[0.8641025641025641, 0.8369230769230769]","[0.8868421052631579, 0.8119402985074626]"
KNN,14,3,0.9712742142260661,0.9010587805768528,0.9117540330532876,0.7105163666135289,0.709881919108705,0.8393135725429017,0.8548769120576144,0.8565459610027855,0.8594249201277955,0.854320987654321,0.8201219512195121,0.8871794871794871,0.8568729538910582,"[0.8871794871794871, 0.8201219512195121]","[0.854320987654321, 0.8594249201277955]","[0.8704402515723271, 0.8393135725429017]","[0.854320987654321, 0.8594249201277955]"
KNN,15,3,0.9734009368440282,0.9000757002271007,0.912647423960273,0.6837877243551785,0.6825029867651394,0.8455284552845529,0.8411023365247979,0.841225626740947,0.8715083798882681,0.8111111111111111,0.8210526315789474,0.863905325443787,0.8413097454996896,"[0.863905325443787, 0.8210526315789474]","[0.8111111111111111, 0.8715083798882681]","[0.836676217765043, 0.8455284552845529]","[0.8111111111111111, 0.8715083798882681]"
KNN,16,4,0.97079514557642,0.8947951273532669,0.9079836977126249,0.6937543221019047,0.6934222033137157,0.8365817091454273,0.8466745602231736,0.8473389355742297,0.850609756097561,0.844559585492228,0.8230088495575221,0.8693333333333333,0.8475846707948944,"[0.8693333333333333, 0.8230088495575221]","[0.844559585492228, 0.850609756097561]","[0.8567674113009198, 0.8365817091454273]","[0.844559585492228, 0.850609756097561]"
KNN,17,4,0.9701156459382698,0.8940471733433171,0.9236675700090333,0.7251796865794745,0.7251796865794745,0.8579710144927536,0.8625898432897372,0.8627450980392157,0.8579710144927536,0.8672086720867209,0.8579710144927536,0.8672086720867209,0.8625898432897372,"[0.8672086720867209, 0.8579710144927536]","[0.8672086720867209, 0.8579710144927536]","[0.8672086720867209, 0.8579710144927536]","[0.8672086720867209, 0.8579710144927536]"
KNN,18,4,0.9722454501824049,0.9004809470958195,0.9136962068911536,0.7128248473336415,0.7118169188922052,0.8441754916792739,0.8558071795590707,0.8567454798331016,0.8691588785046729,0.8467336683417085,0.8205882352941176,0.8891820580474934,0.8579462734231906,"[0.8891820580474934, 0.8205882352941176]","[0.8467336683417085, 0.8691588785046729]","[0.8674388674388674, 0.8441754916792739]","[0.8467336683417085, 0.8691588785046729]"
KNN,19,4,0.9702180994553875,0.8963482109922538,0.9202008708089358,0.7161589600571399,0.7158158560518288,0.8481203007518797,0.8578740429054288,0.8585434173669467,0.8623853211009175,0.8552971576227391,0.834319526627219,0.8803191489361702,0.8588412393618283,"[0.8803191489361702, 0.834319526627219]","[0.8552971576227391, 0.8623853211009175]","[0.8676277850589778, 0.8481203007518797]","[0.8552971576227391, 0.8623853211009175]"
KNN,20,4,0.9689692971676318,0.8912962271199103,0.9229682088555499,0.7150521545709014,0.7148733340590641,0.8473053892215568,0.8574189283770122,0.8581363004172462,0.8372781065088757,0.8766404199475065,0.8575757575757575,0.8586118251928021,0.856959263228191,"[0.8586118251928021, 0.8575757575757575]","[0.8766404199475065, 0.8372781065088757]","[0.8675324675324675, 0.8473053892215568]","[0.8766404199475065, 0.8372781065088757]"
KNN,21,5,0.9678080164274117,0.8878890138732658,0.9331254169963847,0.7604337937036745,0.7582913116559439,0.8772919605077574,0.8789751983608746,0.8789986091794159,0.9120234604105572,0.8492063492063492,0.845108695652174,0.9145299145299145,0.8806149048084532,"[0.9145299145299145, 0.845108695652174]","[0.8492063492063492, 0.9120234604105572]","[0.8806584362139918, 0.8772919605077574]","[0.8492063492063492, 0.9120234604105572]"
KNN,22,5,0.9718343011499303,0.8887200911507785,0.9036680688096433,0.7002312165340119,0.7001624816521324,0.8532235939643347,0.8500738856803076,0.8501400560224089,0.8591160220994475,0.8409090909090909,0.8474114441416893,0.8530259365994236,0.8500125565042692,"[0.8530259365994236, 0.8474114441416893]","[0.8409090909090909, 0.8591160220994475]","[0.8469241773962805, 0.8532235939643347]","[0.8409090909090909, 0.8591160220994475]"
KNN,23,5,0.9699535941356578,0.9000360880548538,0.9210732424161681,0.7019498023849099,0.7016609213412723,0.8278145695364238,0.8508004886517071,0.8543417366946778,0.8417508417508418,0.8633093525179856,0.8143322475570033,0.8845208845208845,0.8525300971344136,"[0.8845208845208845, 0.8143322475570033]","[0.8633093525179856, 0.8417508417508418]","[0.8737864077669902, 0.8278145695364238]","[0.8633093525179856, 0.8417508417508418]"
KNN,24,5,0.9700211820307812,0.8927904370564064,0.9244287740308856,0.7439921638415284,0.7439892196033002,0.863568215892054,0.8719943576175119,0.8725490196078431,0.8622754491017964,0.881578947368421,0.8648648648648649,0.8792650918635171,0.8719271982351087,"[0.8792650918635171, 0.8648648648648649]","[0.881578947368421, 0.8622754491017964]","[0.8804204993429697, 0.863568215892054]","[0.881578947368421, 0.8622754491017964]"
KNN,25,5,0.9726364715481158,0.9005196733481812,0.9003162827020695,0.6774225776641095,0.6773985884115533,0.8238897396630934,0.8386964621882347,0.8400556328233658,0.8276923076923077,0.850253807106599,0.8201219512195121,0.8567774936061381,0.8389730573994534,"[0.8567774936061381, 0.8201219512195121]","[0.850253807106599, 0.8276923076923077]","[0.8535031847133758, 0.8238897396630934]","[0.850253807106599, 0.8276923076923077]"
KNN,26,6,0.9699642945087417,0.8900642236494144,0.928320422616795,0.7277633734484227,0.7276622023235169,0.8607954545454546,0.8638216403162056,0.8638888888888889,0.8681948424068768,0.8598382749326146,0.8535211267605634,0.873972602739726,0.8640165586697457,"[0.873972602739726, 0.8535211267605634]","[0.8598382749326146, 0.8681948424068768]","[0.8668478260869565, 0.8607954545454546]","[0.8598382749326146, 0.8681948424068768]"
KNN,27,6,0.970973337559876,0.8936326831063673,0.9203849206349206,0.7253863658900801,0.7239925946350494,0.8496932515337423,0.861864620625483,0.862937062937063,0.8793650793650793,0.85,0.8219584569732937,0.8994708994708994,0.8646825396825397,"[0.8994708994708994, 0.8219584569732937]","[0.85, 0.8793650793650793]","[0.8740359897172236, 0.8496932515337423]","[0.85, 0.8793650793650793]"
KNN,28,6,0.9703469002038975,0.8926426426426426,0.905548539857932,0.6856264701690917,0.6850950906678461,0.8367346938775511,0.8424865881311874,0.8426966292134831,0.82,0.8646408839779005,0.8541666666666666,0.8324468085106383,0.8423204419889503,"[0.8324468085106383, 0.8541666666666666]","[0.8646408839779005, 0.82]","[0.8482384823848238, 0.8367346938775511]","[0.8646408839779005, 0.82]"
KNN,29,6,0.9696490030140634,0.8960060286360211,0.9153434854604825,0.7024467245461721,0.702378787820173,0.8511821974965229,0.8511821974965229,0.8511821974965229,0.8571428571428571,0.8453038674033149,0.8453038674033149,0.8571428571428571,0.851223362273086,"[0.8571428571428571, 0.8453038674033149]","[0.8453038674033149, 0.8571428571428571]","[0.8511821974965229, 0.8511821974965229]","[0.8453038674033149, 0.8571428571428571]"
KNN,30,6,0.9695115495610216,0.8969258589511754,0.9384821661450182,0.7716035894062372,0.7700594174194484,0.8662207357859532,0.8849175968086392,0.8879551820728291,0.8993055555555556,0.8802816901408451,0.8354838709677419,0.9282178217821783,0.8897936228482004,"[0.9282178217821783, 0.8354838709677419]","[0.8802816901408451, 0.8993055555555556]","[0.9036144578313253, 0.8662207357859532]","[0.8802816901408451, 0.8993055555555556]"
KNN,31,7,0.9735519950770635,0.8948948948948949,0.9022130905588267,0.6851498087631598,0.6849340566868187,0.8345534407027818,0.8424422832652982,0.8428372739916551,0.8456973293768546,0.8403141361256544,0.8236994219653179,0.8605898123324397,0.8430057327512546,"[0.8605898123324397, 0.8236994219653179]","[0.8403141361256544, 0.8456973293768546]","[0.8503311258278146, 0.8345534407027818]","[0.8403141361256544, 0.8456973293768546]"
KNN,32,7,0.9670853637218912,0.8906426155580609,0.9362300804608498,0.7511992901845712,0.7510552814931597,0.8744710860366713,0.8755157094538419,0.8755244755244755,0.8831908831908832,0.8681318681318682,0.8659217877094972,0.8851540616246498,0.8756613756613757,"[0.8851540616246498, 0.8659217877094972]","[0.8681318681318682, 0.8831908831908832]","[0.8765603328710125, 0.8744710860366713]","[0.8681318681318682, 0.8831908831908832]"
KNN,33,7,0.9683312442942815,0.8937592867756315,0.9303228103489201,0.7359453539640405,0.735525775799476,0.8601190476190477,0.8677253063028925,0.8681626928471248,0.8757575757575757,0.8616187989556136,0.8450292397660819,0.889487870619946,0.8686881873565946,"[0.889487870619946, 0.8450292397660819]","[0.8616187989556136, 0.8757575757575757]","[0.8753315649867374, 0.8601190476190477]","[0.8616187989556136, 0.8757575757575757]"
KNN,34,7,0.9719203535673255,0.9017047515415306,0.9082688684917231,0.6587976983581781,0.6587299674659597,0.8033057851239669,0.8293564162557866,0.8333333333333334,0.7967213114754098,0.8606356968215159,0.81,0.8502415458937198,0.8286785041484628,"[0.8502415458937198, 0.81]","[0.8606356968215159, 0.7967213114754098]","[0.8554070473876063, 0.8033057851239669]","[0.8606356968215159, 0.7967213114754098]"
KNN,35,7,0.968796780379541,0.8918717375093214,0.9164374300634092,0.7346613848833655,0.734658519246532,0.8588410104011887,0.8673290019326205,0.8678720445062587,0.8601190476190477,0.8746736292428199,0.857566765578635,0.8769633507853403,0.8673963384309338,"[0.8769633507853403, 0.857566765578635]","[0.8746736292428199, 0.8601190476190477]","[0.8758169934640523, 0.8588410104011887]","[0.8746736292428199, 0.8601190476190477]"
KNN,36,8,0.9707105549553167,0.8947171225177969,0.9084055230981418,0.681523613312666,0.6803616781930006,0.8387096774193549,0.8400444938820912,0.8400556328233658,0.8641618497109826,0.8176943699731903,0.8147138964577657,0.8664772727272727,0.8409281098420864,"[0.8664772727272727, 0.8147138964577657]","[0.8176943699731903, 0.8641618497109826]","[0.8413793103448276, 0.8387096774193549]","[0.8176943699731903, 0.8641618497109826]"
KNN,37,8,0.9693087005423877,0.892777364110201,0.9274576938213303,0.7298701298701299,0.7298701298701298,0.8545454545454545,0.8649350649350649,0.8657342657342657,0.8545454545454545,0.8753246753246753,0.8545454545454545,0.8753246753246753,0.8649350649350649,"[0.8753246753246753, 0.8545454545454545]","[0.8753246753246753, 0.8545454545454545]","[0.8753246753246753, 0.8545454545454545]","[0.8753246753246753, 0.8545454545454545]"
KNN,38,8,0.971316437419667,0.8950359984842744,0.9217337393269713,0.7482420894023104,0.7479486012833989,0.8739495798319328,0.8739495798319328,0.8739495798319328,0.8863636363636364,0.861878453038674,0.861878453038674,0.8863636363636364,0.8741210447011551,"[0.8863636363636364, 0.861878453038674]","[0.861878453038674, 0.8863636363636364]","[0.8739495798319328, 0.8739495798319328]","[0.861878453038674, 0.8863636363636364]"
KNN,39,8,0.9696707198704535,0.8940922190201729,0.9216266458850845,0.7393217446694661,0.7386353107993249,0.8490878938640133,0.8692584062272679,0.8723702664796634,0.8707482993197279,0.8735083532219571,0.8284789644012945,0.905940594059406,0.8721283262708425,"[0.905940594059406, 0.8284789644012945]","[0.8735083532219571, 0.8707482993197279]","[0.8894289185905225, 0.8490878938640133]","[0.8735083532219571, 0.8707482993197279]"
KNN,40,8,0.9695358893676169,0.8894697535474234,0.9174926592819301,0.7233344731381921,0.7231959183832193,0.8515742128935532,0.8615847718164265,0.8623087621696801,0.8427299703264095,0.8795811518324608,0.8606060606060606,0.8637532133676092,0.8611555610794351,"[0.8637532133676092, 0.8606060606060606]","[0.8795811518324608, 0.8427299703264095]","[0.8715953307392996, 0.8515742128935532]","[0.8795811518324608, 0.8427299703264095]"
KNN,41,9,0.9686850723885075,0.8919226393629124,0.9301851851851852,0.7423113140431861,0.7416666666666667,0.8680851063829788,0.8707772470690405,0.8708333333333333,0.85,0.8916666666666667,0.8869565217391304,0.856,0.8708333333333333,"[0.856, 0.8869565217391304]","[0.8916666666666667, 0.85]","[0.8734693877551021, 0.8680851063829788]","[0.8916666666666667, 0.85]"
KNN,42,9,0.9700022738673115,0.8996013048205872,0.9303995157384989,0.7608508248967882,0.7600557674433512,0.8636363636363636,0.87996632996633,0.8821879382889201,0.8866666666666667,0.8789346246973365,0.8417721518987342,0.9143576826196473,0.8828006456820017,"[0.9143576826196473, 0.8417721518987342]","[0.8789346246973365, 0.8866666666666667]","[0.8962962962962963, 0.8636363636363636]","[0.8789346246973365, 0.8866666666666667]"
KNN,43,9,0.9716650827545209,0.8984976181751557,0.9032024505708717,0.6872854652695463,0.6864927728858614,0.8284389489953632,0.843156734420857,0.8445378151260504,0.8507936507936508,0.8395989974937343,0.8072289156626506,0.8769633507853403,0.8451963241436926,"[0.8769633507853403, 0.8072289156626506]","[0.8395989974937343, 0.8507936507936508]","[0.8578745198463509, 0.8284389489953632]","[0.8395989974937343, 0.8507936507936508]"
KNN,44,9,0.972028477316905,0.8955001859427296,0.9121054702872885,0.6892834202071765,0.6886731391585761,0.8355555555555556,0.8442678440029434,0.8447552447552448,0.8545454545454545,0.8363636363636363,0.8173913043478261,0.8702702702702703,0.8454545454545455,"[0.8702702702702703, 0.8173913043478261]","[0.8363636363636363, 0.8545454545454545]","[0.8529801324503311, 0.8355555555555556]","[0.8363636363636363, 0.8545454545454545]"
KNN,45,9,0.9692401390826744,0.8903177004538578,0.9218080648165394,0.7158226641577703,0.7157781986401317,0.8551136363636364,0.8578846870342771,0.8579387186629527,0.8502824858757062,0.8653846153846154,0.86,0.8559782608695652,0.8578335506301609,"[0.8559782608695652, 0.86]","[0.8653846153846154, 0.8502824858757062]","[0.860655737704918, 0.8551136363636364]","[0.8653846153846154, 0.8502824858757062]"
KNN,46,10,0.9714391736730764,0.900404263138552,0.9125532726925769,0.6995494710880426,0.6995044944890894,0.8333333333333334,0.8497474747474747,0.8515406162464986,0.8386075949367089,0.8618090452261307,0.828125,0.8705583756345178,0.8502083200814198,"[0.8705583756345178, 0.828125]","[0.8618090452261307, 0.8386075949367089]","[0.8661616161616161, 0.8333333333333334]","[0.8618090452261307, 0.8386075949367089]"
KNN,47,10,0.9704984056904588,0.8960233491426487,0.9237868014708777,0.7206113387955281,0.7203784776161559,0.8421052631578947,0.8601670227228588,0.8625,0.8543689320388349,0.8686131386861314,0.8301886792452831,0.8880597014925373,0.8614910353624832,"[0.8880597014925373, 0.8301886792452831]","[0.8686131386861314, 0.8543689320388349]","[0.8782287822878229, 0.8421052631578947]","[0.8686131386861314, 0.8543689320388349]"
KNN,48,10,0.9733323509185579,0.8989019310867096,0.9094629055671074,0.705919295276029,0.7058500411974732,0.8547717842323651,0.8529178070097996,0.8529411764705882,0.8607242339832869,0.8450704225352113,0.8489010989010989,0.8571428571428571,0.8528973282592491,"[0.8571428571428571, 0.8489010989010989]","[0.8450704225352113, 0.8607242339832869]","[0.851063829787234, 0.8547717842323651]","[0.8450704225352113, 0.8607242339832869]"
KNN,49,10,0.9679257558867892,0.8841234010534236,0.9320333491386122,0.7553475475173554,0.7553206617054558,0.8733624454148472,0.8776581562216705,0.8778089887640449,0.8771929824561403,0.8783783783783784,0.8695652173913043,0.885558583106267,0.8777856804172594,"[0.885558583106267, 0.8695652173913043]","[0.8783783783783784, 0.8771929824561403]","[0.8819538670284939, 0.8733624454148472]","[0.8783783783783784, 0.8771929824561403]"
KNN,50,10,0.9699179089949088,0.8934274043817304,0.9182787438601392,0.7223012067292885,0.7215841859817638,0.8533724340175953,0.8607231563227818,0.8611111111111112,0.8738738738738738,0.8501291989664083,0.833810888252149,0.8867924528301887,0.862001536420141,"[0.8867924528301887, 0.833810888252149]","[0.8501291989664083, 0.8738738738738738]","[0.8680738786279684, 0.8533724340175953]","[0.8501291989664083, 0.8738738738738738]"
Logistic Regression,1,1,0.9542751403777437,0.8824833702882483,0.9503660747216185,0.7619869677862519,0.7619122343138255,0.8804500703234881,0.8809502792342685,0.8809523809523809,0.886685552407932,0.8753462603878116,0.8743016759776536,0.8876404494382022,0.8810159063978718,"[0.8876404494382022, 0.8743016759776536]","[0.8753462603878116, 0.886685552407932]","[0.8814504881450488, 0.8804500703234881]","[0.8753462603878116, 0.886685552407932]"
Logistic Regression,2,1,0.95804813824155,0.8959013420384476,0.9238102791878172,0.6871058197381528,0.6852694384534248,0.8318318318318318,0.8424251022676219,0.8431372549019608,0.865625,0.8248730964467005,0.8005780346820809,0.8831521739130435,0.8452490482233502,"[0.8831521739130435, 0.8005780346820809]","[0.8248730964467005, 0.865625]","[0.8530183727034121, 0.8318318318318318]","[0.8248730964467005, 0.865625]"
Logistic Regression,3,1,0.955061742977936,0.8853059728838403,0.9364593820181213,0.7437486451388335,0.7416536914618646,0.8717241379310345,0.8706446776611694,0.8706536856745479,0.9054441260744985,0.8378378378378378,0.8404255319148937,0.9037900874635568,0.8716409819561681,"[0.9037900874635568, 0.8404255319148937]","[0.8378378378378378, 0.9054441260744985]","[0.8695652173913043, 0.8717241379310345]","[0.8378378378378378, 0.9054441260744985]"
Logistic Regression,4,1,0.9558167541317459,0.886184681460272,0.9391767307093652,0.7413559142170946,0.7408476848509848,0.851063829787234,0.8703803997421018,0.8732590529247911,0.8695652173913043,0.8758949880668258,0.8333333333333334,0.9039408866995073,0.872730102729065,"[0.9039408866995073, 0.8333333333333334]","[0.8758949880668258, 0.8695652173913043]","[0.8896969696969697, 0.851063829787234]","[0.8758949880668258, 0.8695652173913043]"
Logistic Regression,5,1,0.9560894557036003,0.8870201096892139,0.945780296014942,0.7538865582625464,0.7514092732720532,0.873758865248227,0.875500122279286,0.8755244755244755,0.9112426035502958,0.843501326259947,0.8392370572207084,0.9137931034482759,0.8773719649051215,"[0.9137931034482759, 0.8392370572207084]","[0.843501326259947, 0.9112426035502958]","[0.8772413793103448, 0.873758865248227]","[0.843501326259947, 0.9112426035502958]"
Logistic Regression,6,2,0.9557849936948297,0.8847023360964582,0.9425510967589493,0.7440197531888261,0.7439932544779706,0.8804204993429697,0.8719943576175119,0.8725490196078431,0.8839050131926122,0.8597014925373134,0.8769633507853403,0.8674698795180723,0.8718032528649629,"[0.8674698795180723, 0.8769633507853403]","[0.8597014925373134, 0.8839050131926122]","[0.863568215892054, 0.8804204993429697]","[0.8597014925373134, 0.8839050131926122]"
Logistic Regression,7,2,0.9578104446844017,0.892128279883382,0.9356646965006099,0.7129382502058443,0.7082983976600505,0.8471615720524017,0.8536739950807948,0.8539638386648123,0.9009287925696594,0.8156565656565656,0.7994505494505495,0.9098591549295775,0.8582926791131125,"[0.9098591549295775, 0.7994505494505495]","[0.8156565656565656, 0.9009287925696594]","[0.8601864181091877, 0.8471615720524017]","[0.8156565656565656, 0.9009287925696594]"
Logistic Regression,8,2,0.9529734751252904,0.8847663217980735,0.9531302310010044,0.7878804132294001,0.7873449948248992,0.8811410459587956,0.893636855895543,0.8951048951048951,0.8996763754045307,0.8916256157635468,0.8633540372670807,0.9211195928753181,0.8956509955840388,"[0.9211195928753181, 0.8633540372670807]","[0.8916256157635468, 0.8996763754045307]","[0.9061326658322904, 0.8811410459587956]","[0.8916256157635468, 0.8996763754045307]"
Logistic Regression,9,2,0.9575035637578672,0.8867992766726944,0.9325864904180633,0.7346228497434861,0.7312885167239027,0.8600583090379009,0.8653391275647726,0.865546218487395,0.9049079754601227,0.8324742268041238,0.8194444444444444,0.9124293785310734,0.8686911011321232,"[0.9124293785310734, 0.8194444444444444]","[0.8324742268041238, 0.9049079754601227]","[0.8706199460916442, 0.8600583090379009]","[0.8324742268041238, 0.9049079754601227]"
Logistic Regression,10,2,0.9548149147222189,0.8878437047756874,0.9445307108350587,0.7567891637379198,0.7561198435194078,0.8679817905918058,0.8780063393113469,0.8788300835654597,0.8881987577639752,0.8712121212121212,0.8486646884272997,0.905511811023622,0.8797054394880481,"[0.905511811023622, 0.8486646884272997]","[0.8712121212121212, 0.8881987577639752]","[0.888030888030888, 0.8679817905918058]","[0.8712121212121212, 0.8881987577639752]"
Logistic Regression,11,3,0.9554866820703487,0.8847959552184904,0.9473961366918529,0.7592283181004997,0.7588585414696557,0.8657187993680885,0.879400280187189,0.8809523809523809,0.8810289389067524,0.8808933002481389,0.8509316770186336,0.9056122448979592,0.8809611195774456,"[0.9056122448979592, 0.8509316770186336]","[0.8808933002481389, 0.8810289389067524]","[0.8930817610062893, 0.8657187993680885]","[0.8808933002481389, 0.8810289389067524]"
Logistic Regression,12,3,0.9541647782231562,0.8796771826852531,0.9464904441622376,0.7714161575965777,0.7706432785140908,0.8828571428571429,0.8852641878669276,0.8853146853146853,0.9035087719298246,0.868632707774799,0.8631284916201117,0.907563025210084,0.8860707398523118,"[0.907563025210084, 0.8631284916201117]","[0.868632707774799, 0.9035087719298246]","[0.8876712328767123, 0.8828571428571429]","[0.868632707774799, 0.9035087719298246]"
Logistic Regression,13,3,0.9549371558077209,0.887509130752374,0.9438413197172034,0.7650325308547369,0.7645998275456612,0.8768328445747801,0.8822666896670692,0.8825174825174825,0.8925373134328358,0.8736842105263158,0.861671469740634,0.9021739130434783,0.8831107619795758,"[0.9021739130434783, 0.861671469740634]","[0.8736842105263158, 0.8925373134328358]","[0.8877005347593583, 0.8768328445747801]","[0.8736842105263158, 0.8925373134328358]"
Logistic Regression,14,3,0.9551706022339227,0.8905633297452458,0.9404488620676055,0.76993789961198,0.7673908461424367,0.8732824427480916,0.8835042175328166,0.8844011142061281,0.9137380191693291,0.8617283950617284,0.8362573099415205,0.9281914893617021,0.8877332071155287,"[0.9281914893617021, 0.8362573099415205]","[0.8617283950617284, 0.9137380191693291]","[0.8937259923175416, 0.8732824427480916]","[0.8617283950617284, 0.9137380191693291]"
Logistic Regression,15,3,0.9595678877087107,0.8914327917282127,0.9203289882060831,0.6833924097487465,0.6797551913246507,0.8472775564409031,0.8394513697285042,0.8398328690807799,0.8910614525139665,0.7888888888888889,0.8075949367088607,0.8792569659442725,0.8399751707014277,"[0.8792569659442725, 0.8075949367088607]","[0.7888888888888889, 0.8910614525139665]","[0.8316251830161054, 0.8472775564409031]","[0.7888888888888889, 0.8910614525139665]"
Logistic Regression,16,4,0.9571613515835122,0.888162672476398,0.9378080374067989,0.7307061687971164,0.7282913165266107,0.8583941605839416,0.8639211718128321,0.8641456582633054,0.8963414634146342,0.8367875647668394,0.8235294117647058,0.9047619047619048,0.8665645140907368,"[0.9047619047619048, 0.8235294117647058]","[0.8367875647668394, 0.8963414634146342]","[0.8694481830417228, 0.8583941605839416]","[0.8367875647668394, 0.8963414634146342]"
Logistic Regression,17,4,0.9544982464811937,0.8808557727775729,0.9421546679234908,0.7563332836983525,0.7561877399147493,0.8751793400286944,0.8780821460745387,0.8781512605042017,0.8840579710144928,0.8726287262872628,0.8664772727272727,0.8895027624309392,0.8783433486508778,"[0.8895027624309392, 0.8664772727272727]","[0.8726287262872628, 0.8840579710144928]","[0.8809849521203831, 0.8751793400286944]","[0.8726287262872628, 0.8840579710144928]"
Logistic Regression,18,4,0.9592511240206224,0.8930772018847408,0.9282941185679173,0.7289594272975082,0.7246585357362515,0.8546255506607929,0.861923079161308,0.8623087621696801,0.9065420560747663,0.8266331658291457,0.8083333333333333,0.9164345403899722,0.866587610951956,"[0.9164345403899722, 0.8083333333333333]","[0.8266331658291457, 0.9065420560747663]","[0.869220607661823, 0.8546255506607929]","[0.8266331658291457, 0.9065420560747663]"
Logistic Regression,19,4,0.9537612906256975,0.8888888888888888,0.9439584666808905,0.7425167059263367,0.7415669334088709,0.8630952380952381,0.8707010582010581,0.8711484593837535,0.8868501529051988,0.8578811369509044,0.8405797101449275,0.8997289972899729,0.8723656449280516,"[0.8997289972899729, 0.8405797101449275]","[0.8578811369509044, 0.8868501529051988]","[0.8783068783068783, 0.8630952380952381]","[0.8578811369509044, 0.8868501529051988]"
Logistic Regression,20,4,0.9549986727882261,0.8884826325411335,0.9490440913820684,0.7606157782754147,0.7603203274596296,0.8746355685131195,0.88013693319273,0.8803894297635605,0.8875739644970414,0.8740157480314961,0.8620689655172413,0.8975741239892183,0.8807948562642687,"[0.8975741239892183, 0.8620689655172413]","[0.8740157480314961, 0.8875739644970414]","[0.8856382978723404, 0.8746355685131195]","[0.8740157480314961, 0.8875739644970414]"
Logistic Regression,21,5,0.953700052220759,0.8857979502196194,0.9502242082887244,0.7731512579364143,0.7719543893306928,0.8831908831908832,0.8858889198563111,0.885952712100139,0.9090909090909091,0.8650793650793651,0.8587257617728532,0.9134078212290503,0.8870851370851371,"[0.9134078212290503, 0.8587257617728532]","[0.8650793650793651, 0.9090909090909091]","[0.8885869565217391, 0.8831908831908832]","[0.8650793650793651, 0.9090909090909091]"
Logistic Regression,22,5,0.9570996067308339,0.8883911907428145,0.932924723756906,0.729070477485493,0.7280352472728129,0.8694481830417228,0.8639211718128321,0.8641456582633054,0.8922651933701657,0.8352272727272727,0.847769028871391,0.8828828828828829,0.8637462330487192,"[0.8828828828828829, 0.847769028871391]","[0.8352272727272727, 0.8922651933701657]","[0.8583941605839416, 0.8694481830417228]","[0.8352272727272727, 0.8922651933701657]"
Logistic Regression,23,5,0.9554906934420595,0.8910256410256411,0.9423491509822446,0.7350014152018839,0.7326673517673208,0.8488745980707395,0.8661246439485211,0.8683473389355743,0.8888888888888888,0.8537170263788969,0.8123076923076923,0.9151670951156813,0.8713029576338929,"[0.9151670951156813, 0.8123076923076923]","[0.8537170263788969, 0.8888888888888888]","[0.8833746898263027, 0.8488745980707395]","[0.8537170263788969, 0.8888888888888888]"
Logistic Regression,24,5,0.9539108395675437,0.881578947368421,0.946958714150646,0.7651790917171142,0.7644082710074791,0.8771929824561403,0.8821448783248443,0.8823529411764706,0.8982035928143712,0.868421052631579,0.8571428571428571,0.9065934065934066,0.8833123227229751,"[0.9065934065934066, 0.8571428571428571]","[0.868421052631579, 0.8982035928143712]","[0.8870967741935484, 0.8771929824561403]","[0.868421052631579, 0.8982035928143712]"
Logistic Regression,25,5,0.958566394602306,0.8914616497829233,0.9271222178836392,0.7110824641490529,0.709740778982835,0.8452380952380952,0.854733930125575,0.8553546592489569,0.8738461538461538,0.8401015228426396,0.8184438040345822,0.8897849462365591,0.8569738383443968,"[0.8897849462365591, 0.8184438040345822]","[0.8401015228426396, 0.8738461538461538]","[0.8642297650130548, 0.8452380952380952]","[0.8401015228426396, 0.8738461538461538]"
Logistic Regression,26,6,0.9534045801526717,0.8784977908689249,0.9501000162188463,0.800529306385965,0.797565860422123,0.8998628257887518,0.8985952666215207,0.8986111111111111,0.9398280802292264,0.8598382749326146,0.8631578947368421,0.9382352941176471,0.8998331775809205,"[0.9382352941176471, 0.8631578947368421]","[0.8598382749326146, 0.9398280802292264]","[0.8973277074542897, 0.8998628257887518]","[0.8598382749326146, 0.9398280802292264]"
Logistic Regression,27,6,0.9553767101844025,0.888728323699422,0.9395476190476191,0.7606343163535617,0.7582750216211966,0.8693009118541033,0.8789509740617667,0.8797202797202798,0.9079365079365079,0.8575,0.8338192419825073,0.9220430107526881,0.882718253968254,"[0.9220430107526881, 0.8338192419825073]","[0.8575, 0.9079365079365079]","[0.8886010362694301, 0.8693009118541033]","[0.8575, 0.9079365079365079]"
Logistic Regression,28,6,0.95898381511331,0.8906077348066298,0.9260615627466458,0.7165613807156253,0.716332423434369,0.8575458392101551,0.858143548975707,0.8581460674157303,0.8685714285714285,0.8480662983425414,0.8467966573816156,0.8696883852691218,0.8583188634569849,"[0.8696883852691218, 0.8467966573816156]","[0.8480662983425414, 0.8685714285714285]","[0.8587412587412587, 0.8575458392101551]","[0.8480662983425414, 0.8685714285714285]"
Logistic Regression,29,6,0.9566793673127345,0.8848439821693908,0.9413776560347896,0.7251475251140925,0.724673445943071,0.8638239339752407,0.8622917138230635,0.8623087621696801,0.8795518207282913,0.8453038674033149,0.8486486486486486,0.8767908309455588,0.8624278440658031,"[0.8767908309455588, 0.8486486486486486]","[0.8453038674033149, 0.8795518207282913]","[0.8607594936708861, 0.8638239339752407]","[0.8453038674033149, 0.8795518207282913]"
Logistic Regression,30,6,0.9555801126536545,0.887708111937655,0.9415590766823161,0.733079481039824,0.7307173808377467,0.8443708609271523,0.8651465955121198,0.8683473389355743,0.8854166666666666,0.8568075117370892,0.8069620253164557,0.9170854271356784,0.871112089201878,"[0.9170854271356784, 0.8069620253164557]","[0.8568075117370892, 0.8854166666666666]","[0.8859223300970874, 0.8443708609271523]","[0.8568075117370892, 0.8854166666666666]"
Logistic Regression,31,7,0.9591242913694276,0.8913362701908958,0.9254120900461417,0.7146370607639098,0.7134161207060017,0.8517985611510791,0.8565856870358357,0.8567454798331016,0.8783382789317508,0.837696335078534,0.8268156424581006,0.8864265927977839,0.8580173070051424,"[0.8864265927977839, 0.8268156424581006]","[0.837696335078534, 0.8783382789317508]","[0.8613728129205922, 0.8517985611510791]","[0.837696335078534, 0.8783382789317508]"
Logistic Regression,32,7,0.9548301151551932,0.8890521675238795,0.9467690429228891,0.7672956297360481,0.7652677573417336,0.8846153846153846,0.8824786324786325,0.8825174825174825,0.9173789173789174,0.8489010989010989,0.8541114058355438,0.9142011834319527,0.8831400081400081,"[0.9142011834319527, 0.8541114058355438]","[0.8489010989010989, 0.9173789173789174]","[0.8803418803418803, 0.8846153846153846]","[0.8489010989010989, 0.9173789173789174]"
Logistic Regression,33,7,0.9547485765669506,0.8795620437956204,0.9454624574729013,0.7862915880857857,0.7840337357549437,0.8879184861717613,0.8918618141278292,0.8920056100981767,0.9242424242424242,0.8642297650130548,0.8543417366946778,0.9297752808988764,0.8942360946277395,"[0.9297752808988764, 0.8543417366946778]","[0.8642297650130548, 0.9242424242424242]","[0.8958051420838972, 0.8879184861717613]","[0.8642297650130548, 0.9242424242424242]"
Logistic Regression,34,7,0.9545326213531531,0.8878571428571429,0.9445989819231232,0.7414842038732818,0.7409763915133829,0.8539325842696629,0.8704445530043967,0.8725490196078431,0.8721311475409836,0.8728606356968215,0.8364779874213837,0.9015151515151515,0.8724958916189025,"[0.9015151515151515, 0.8364779874213837]","[0.8728606356968215, 0.8721311475409836]","[0.8869565217391304, 0.8539325842696629]","[0.8728606356968215, 0.8721311475409836]"
Logistic Regression,35,7,0.9556589577024278,0.8814923189465984,0.9413542832276514,0.7447688366945753,0.7438328260179226,0.8666666666666667,0.8718360071301248,0.8720445062586927,0.8898809523809523,0.856396866840731,0.844632768361582,0.8986301369863013,0.8731389096108417,"[0.8986301369863013, 0.844632768361582]","[0.856396866840731, 0.8898809523809523]","[0.8770053475935828, 0.8666666666666667]","[0.856396866840731, 0.8898809523809523]"
Logistic Regression,36,8,0.9569161298956371,0.8890527091780317,0.9331075950347906,0.7099928086489926,0.7082781085895569,0.8535564853556485,0.8539627086972417,0.8539638386648123,0.884393063583815,0.8257372654155496,0.8247978436657682,0.8850574712643678,0.8550651644996823,"[0.8850574712643678, 0.8247978436657682]","[0.8257372654155496, 0.884393063583815]","[0.8543689320388349, 0.8535564853556485]","[0.8257372654155496, 0.884393063583815]"
Logistic Regression,37,8,0.9567632892839228,0.8867173362287368,0.9400236127508854,0.7877401685367099,0.7847774672113523,0.8885672937771346,0.8921862179305159,0.8923076923076924,0.9303030303030303,0.8597402597402597,0.850415512465374,0.9350282485875706,0.895021645021645,"[0.9350282485875706, 0.850415512465374]","[0.8597402597402597, 0.9303030303030303]","[0.8958051420838972, 0.8885672937771346]","[0.8597402597402597, 0.9303030303030303]"
Logistic Regression,38,8,0.9562095451884142,0.8861039439734612,0.9400269964841788,0.736910667532871,0.7367256637168142,0.8679775280898876,0.8683463059443852,0.8683473389355743,0.8778409090909091,0.8591160220994475,0.8583333333333333,0.8785310734463276,0.8684784655951783,"[0.8785310734463276, 0.8583333333333333]","[0.8591160220994475, 0.8778409090909091]","[0.8687150837988827, 0.8679775280898876]","[0.8591160220994475, 0.8778409090909091]"
Logistic Regression,39,8,0.9537417753130139,0.886039886039886,0.9443767960644879,0.7760451936688478,0.772406253241934,0.8713826366559485,0.8859400745468797,0.8877980364656382,0.9217687074829932,0.863961813842482,0.8262195121951219,0.9402597402597402,0.8928652606627376,"[0.9402597402597402, 0.8262195121951219]","[0.863961813842482, 0.9217687074829932]","[0.900497512437811, 0.8713826366559485]","[0.863961813842482, 0.9217687074829932]"
Logistic Regression,40,8,0.9553337874860288,0.8830882352941176,0.943635713952802,0.7322957439149703,0.7321931573923908,0.8588235294117647,0.8660872264473072,0.866481223922114,0.8664688427299704,0.8664921465968587,0.8513119533527697,0.8803191489361702,0.8664804946634146,"[0.8803191489361702, 0.8513119533527697]","[0.8664921465968587, 0.8664688427299704]","[0.8733509234828496, 0.8588235294117647]","[0.8664921465968587, 0.8664688427299704]"
Logistic Regression,41,9,0.954739244054585,0.8795539033457249,0.9433873456790123,0.761158097629112,0.7611111111111111,0.8812154696132597,0.8805518688848422,0.8805555555555555,0.8861111111111111,0.875,0.8763736263736264,0.8848314606741573,0.8805555555555555,"[0.8848314606741573, 0.8763736263736264]","[0.875, 0.8861111111111111]","[0.8798882681564246, 0.8812154696132597]","[0.875, 0.8861111111111111]"
Logistic Regression,42,9,0.9548974027165397,0.88604898828541,0.9434301856335754,0.7543420597349788,0.7538971568013614,0.8594771241830066,0.8769130092659505,0.879382889200561,0.8766666666666667,0.8813559322033898,0.842948717948718,0.9077306733167082,0.8790112994350283,"[0.9077306733167082, 0.842948717948718]","[0.8813559322033898, 0.8766666666666667]","[0.8943488943488943, 0.8594771241830066]","[0.8813559322033898, 0.8766666666666667]"
Logistic Regression,43,9,0.9571214449971841,0.8902482907520691,0.9384174722520586,0.7321223313427,0.7298460519781493,0.8541033434650456,0.8647140093948604,0.865546218487395,0.8920634920634921,0.8446115288220551,0.8192419825072886,0.9083557951482479,0.8683375104427736,"[0.9083557951482479, 0.8192419825072886]","[0.8446115288220551, 0.8920634920634921]","[0.8753246753246753, 0.8541033434650456]","[0.8446115288220551, 0.8920634920634921]"
Logistic Regression,44,9,0.9565648905818912,0.8885651857246905,0.9367335694608422,0.7382288455132172,0.7346938775510204,0.8633093525179856,0.8670288259188568,0.8671328671328671,0.9090909090909091,0.8311688311688312,0.821917808219178,0.9142857142857143,0.8701298701298701,"[0.9142857142857143, 0.821917808219178]","[0.8311688311688312, 0.9090909090909091]","[0.8707482993197279, 0.8633093525179856]","[0.8311688311688312, 0.9090909090909091]"
Logistic Regression,45,9,0.9562268533898325,0.8825490922563912,0.9372167380641957,0.7511662499483832,0.7494882768887234,0.8770491803278688,0.8746041356184799,0.8746518105849582,0.9067796610169492,0.8434065934065934,0.8492063492063492,0.9029411764705882,0.8750931272117712,"[0.9029411764705882, 0.8492063492063492]","[0.8434065934065934, 0.9067796610169492]","[0.8721590909090909, 0.8770491803278688]","[0.8434065934065934, 0.9067796610169492]"
Logistic Regression,46,10,0.956991066247056,0.888243831640058,0.9348323897970866,0.7330506025677517,0.7319968075102532,0.8540706605222734,0.8659027691285756,0.8669467787114846,0.879746835443038,0.8567839195979899,0.8298507462686567,0.899736147757256,0.868265377520514,"[0.899736147757256, 0.8298507462686567]","[0.8567839195979899, 0.879746835443038]","[0.8777348777348777, 0.8540706605222734]","[0.8567839195979899, 0.879746835443038]"
Logistic Regression,47,10,0.9554966887417219,0.889689978370584,0.9421255285474689,0.7398706530173139,0.7385804638088546,0.8544600938967136,0.869177612491428,0.8708333333333333,0.883495145631068,0.8613138686131386,0.8272727272727273,0.9076923076923077,0.8724045071221034,"[0.9076923076923077, 0.8272727272727273]","[0.8613138686131386, 0.883495145631068]","[0.8838951310861424, 0.8544600938967136]","[0.8613138686131386, 0.883495145631068]"
Logistic Regression,48,10,0.9572698693388348,0.8878228782287823,0.9311624622386127,0.7234275363757222,0.7226063683669385,0.8653061224489796,0.8612244897959184,0.8613445378151261,0.8857938718662952,0.8366197183098592,0.8457446808510638,0.878698224852071,0.8612067950880772,"[0.878698224852071, 0.8457446808510638]","[0.8366197183098592, 0.8857938718662952]","[0.8571428571428571, 0.8653061224489796]","[0.8366197183098592, 0.8857938718662952]"
Logistic Regression,49,10,0.9556760842565137,0.883363802559415,0.9417812549391497,0.7541622102317393,0.7529727172370289,0.875,0.8763888888888889,0.8764044943820225,0.9005847953216374,0.8540540540540541,0.850828729281768,0.9028571428571428,0.8773194246878457,"[0.9028571428571428, 0.850828729281768]","[0.8540540540540541, 0.9005847953216374]","[0.8777777777777778, 0.875]","[0.8540540540540541, 0.9005847953216374]"
Logistic Regression,50,10,0.954264917279719,0.8901776005799202,0.9450225419217667,0.7377837410163505,0.7360011115742671,0.8625180897250362,0.8678411543418239,0.8680555555555556,0.8948948948948949,0.8449612403100775,0.8324022346368715,0.9033149171270718,0.8699280676024862,"[0.9033149171270718, 0.8324022346368715]","[0.8449612403100775, 0.8948948948948949]","[0.8731642189586115, 0.8625180897250362]","[0.8449612403100775, 0.8948948948948949]"
Naive Bayes,1,1,0.8153777437468095,0.8002594033722439,0.8419483179396232,0.6680199553374571,0.6425112458439273,0.8407960199004975,0.8178339073861461,0.8207282913165266,0.9575070821529745,0.6869806094182825,0.7494456762749445,0.9429657794676806,0.8222438457856285,"[0.9429657794676806, 0.7494456762749445]","[0.6869806094182825, 0.9575070821529745]","[0.7948717948717948, 0.8407960199004975]","[0.6869806094182825, 0.9575070821529745]"
Naive Bayes,2,1,0.8280889226680517,0.8164454516024603,0.8016814720812182,0.6007634392414719,0.5542053086024944,0.7902813299232737,0.7682056804415129,0.7703081232492998,0.965625,0.6116751269035533,0.6688311688311688,0.9563492063492064,0.7886500634517766,"[0.9563492063492064, 0.6688311688311688]","[0.6116751269035533, 0.965625]","[0.7461300309597523, 0.7902813299232737]","[0.6116751269035533, 0.965625]"
Naive Bayes,3,1,0.8287298024913747,0.8108995403808273,0.8145318671106636,0.6393559889368122,0.6108396319484697,0.8248447204968944,0.8010479526655088,0.803894297635605,0.9512893982808023,0.6648648648648648,0.7280701754385965,0.935361216730038,0.8080771315728336,"[0.935361216730038, 0.7280701754385965]","[0.6648648648648648, 0.9512893982808023]","[0.7772511848341233, 0.8248447204968944]","[0.6648648648648648, 0.9512893982808023]"
Naive Bayes,4,1,0.8212677214694133,0.8178086517208715,0.838981968534734,0.6096762415038665,0.5868877694881155,0.7833572453371592,0.7895135347118813,0.7896935933147632,0.9130434782608695,0.7016706443914081,0.6859296482412061,0.91875,0.8073570613261388,"[0.91875, 0.6859296482412061]","[0.7016706443914081, 0.9130434782608695]","[0.7956698240866035, 0.7833572453371592]","[0.7016706443914081, 0.9130434782608695]"
Naive Bayes,5,1,0.8223299980780772,0.8099386898999678,0.8146571343367917,0.61041974326265,0.5831869510664993,0.8071519795657727,0.7868835631986514,0.7888111888111888,0.9349112426035503,0.6578249336870027,0.7101123595505618,0.9185185185185185,0.7963680881452765,"[0.9185185185185185, 0.7101123595505618]","[0.6578249336870027, 0.9349112426035503]","[0.7666151468315301, 0.8071519795657727]","[0.6578249336870027, 0.9349112426035503]"
Naive Bayes,6,2,0.82058711971942,0.8002636783124588,0.8358090812428622,0.6606190423055935,0.643647136799572,0.8506571087216248,0.8195755932779021,0.8249299719887955,0.9393139841688655,0.6955223880597015,0.777292576419214,0.91015625,0.8174181861142835,"[0.91015625, 0.777292576419214]","[0.6955223880597015, 0.9393139841688655]","[0.7884940778341794, 0.8506571087216248]","[0.6955223880597015, 0.9393139841688655]"
Naive Bayes,7,2,0.8193003337587121,0.8088803088803089,0.835745223129124,0.6547371343047521,0.6171415623406786,0.8166449934980494,0.8029413308297422,0.803894297635605,0.9721362229102167,0.6666666666666666,0.7040358744394619,0.967032967032967,0.8194014447884417,"[0.967032967032967, 0.7040358744394619]","[0.6666666666666666, 0.9721362229102167]","[0.7892376681614349, 0.8166449934980494]","[0.6666666666666666, 0.9721362229102167]"
Naive Bayes,8,2,0.8214179195697348,0.8129977699904428,0.8264742455401981,0.6301243313432106,0.5966518520777271,0.7989130434782609,0.7928282796642026,0.793006993006993,0.9514563106796117,0.6724137931034483,0.6885245901639344,0.9479166666666666,0.81193505189153,"[0.9479166666666666, 0.6885245901639344]","[0.6724137931034483, 0.9514563106796117]","[0.7867435158501441, 0.7989130434782609]","[0.6724137931034483, 0.9514563106796117]"
Naive Bayes,9,2,0.8343340727549793,0.8211619604024667,0.7945892100436406,0.5707646558312774,0.541579202325206,0.7822685788787483,0.7648105375483001,0.7661064425770309,0.9202453987730062,0.6365979381443299,0.6802721088435374,0.9047619047619048,0.778421668458668,"[0.9047619047619048, 0.6802721088435374]","[0.6365979381443299, 0.9202453987730062]","[0.7473524962178517, 0.7822685788787483]","[0.6365979381443299, 0.9202453987730062]"
Naive Bayes,10,2,0.8212467354120432,0.8101184758245277,0.8215579710144928,0.6247786930404444,0.5916680568404131,0.8031496062992126,0.7902988387579148,0.7910863509749304,0.9503105590062112,0.6616161616161617,0.6954545454545454,0.9424460431654677,0.8059633603111864,"[0.9424460431654677, 0.6954545454545454]","[0.6616161616161617, 0.9503105590062112]","[0.7774480712166172, 0.8031496062992126]","[0.6616161616161617, 0.9503105590062112]"
Naive Bayes,11,3,0.821751738778574,0.8128785463818935,0.8334676422011761,0.636034101155952,0.6080687881463284,0.803840877914952,0.7996314546942428,0.7997198879551821,0.9421221864951769,0.6898263027295285,0.7009569377990431,0.9391891891891891,0.8159742446123527,"[0.9391891891891891, 0.7009569377990431]","[0.6898263027295285, 0.9421221864951769]","[0.7954220314735336, 0.803840877914952]","[0.6898263027295285, 0.9421221864951769]"
Naive Bayes,12,3,0.8184845265353291,0.8052032520325203,0.8369863443237227,0.6656319451035294,0.6323196783111334,0.8331242158092849,0.8115068156455587,0.813986013986014,0.9707602339181286,0.6702412868632708,0.7296703296703296,0.9615384615384616,0.8205007603906997,"[0.9615384615384616, 0.7296703296703296]","[0.6702412868632708, 0.9707602339181286]","[0.7898894154818326, 0.8331242158092849]","[0.6702412868632708, 0.9707602339181286]"
Naive Bayes,13,3,0.8245371722760165,0.8121368624919303,0.8268970934799685,0.6236008166514942,0.6022099447513812,0.8115183246073299,0.7976510541955568,0.7986013986013986,0.9253731343283582,0.6868421052631579,0.7226107226107226,0.9125874125874126,0.8061076197957581,"[0.9125874125874126, 0.7226107226107226]","[0.6868421052631579, 0.9253731343283582]","[0.7837837837837838, 0.8115183246073299]","[0.6868421052631579, 0.9253731343283582]"
Naive Bayes,14,3,0.8238700517903139,0.8141989126958746,0.8147162071549718,0.6165114257772683,0.5800852733652794,0.7936085219707057,0.783665574853966,0.7841225626740947,0.952076677316294,0.654320987654321,0.680365296803653,0.9464285714285714,0.8031988324853074,"[0.9464285714285714, 0.680365296803653]","[0.654320987654321, 0.952076677316294]","[0.7737226277372263, 0.7936085219707057]","[0.654320987654321, 0.952076677316294]"
Naive Bayes,15,3,0.8274108863186599,0.8099770265835248,0.7990533829919305,0.5966670387342358,0.5658402716405415,0.8120481927710843,0.7773112250984134,0.7827298050139275,0.9413407821229051,0.625,0.7139830508474576,0.9146341463414634,0.7831703910614525,"[0.9146341463414634, 0.7139830508474576]","[0.625, 0.9413407821229051]","[0.7425742574257426, 0.8120481927710843]","[0.625, 0.9413407821229051]"
Naive Bayes,16,4,0.828869087678682,0.8161812297734627,0.8124684064198155,0.6047773718601461,0.5764341515277585,0.7989556135770235,0.7831636073927414,0.7843137254901961,0.9329268292682927,0.6580310880829016,0.6986301369863014,0.9202898550724637,0.7954789586755971,"[0.9202898550724637, 0.6986301369863014]","[0.6580310880829016, 0.9329268292682927]","[0.7673716012084593, 0.7989556135770235]","[0.6580310880829016, 0.9329268292682927]"
Naive Bayes,17,4,0.8192036788589181,0.8037564766839378,0.8278504379246692,0.6547583473158475,0.6252012224995918,0.8306148055207027,0.8083343441232673,0.8109243697478992,0.9594202898550724,0.6720867208672087,0.7323008849557522,0.9465648854961832,0.8157535053611406,"[0.9465648854961832, 0.7323008849557522]","[0.6720867208672087, 0.9594202898550724]","[0.786053882725832, 0.8306148055207027]","[0.6720867208672087, 0.9594202898550724]"
Naive Bayes,18,4,0.8273807595935565,0.8170103092783505,0.8082429280358178,0.5981394882959297,0.5654867122935836,0.7900262467191601,0.7766699280933078,0.7774687065368567,0.9376947040498442,0.6482412060301508,0.6825396825396826,0.9280575539568345,0.7929679550399975,"[0.9280575539568345, 0.6825396825396826]","[0.6482412060301508, 0.9376947040498442]","[0.7633136094674556, 0.7900262467191601]","[0.6482412060301508, 0.9376947040498442]"
Naive Bayes,19,4,0.8196580707173927,0.8102893890675241,0.8331910959391224,0.6459034574457103,0.6198875078119574,0.8174603174603174,0.8060515873015872,0.8067226890756303,0.944954128440367,0.689922480620155,0.7202797202797203,0.9368421052631579,0.817438304530261,"[0.9368421052631579, 0.7202797202797203]","[0.689922480620155, 0.944954128440367]","[0.7946428571428571, 0.8174603174603174]","[0.689922480620155, 0.944954128440367]"
Naive Bayes,20,4,0.8193374755448941,0.8085381630012937,0.8313454161425087,0.6325641235329971,0.6025792039766857,0.8157560355781448,0.7965108902929127,0.7983310152990264,0.9497041420118343,0.6640419947506562,0.7149220489977728,0.937037037037037,0.8068730683812453,"[0.937037037037037, 0.7149220489977728]","[0.6640419947506562, 0.9497041420118343]","[0.7772657450076805, 0.8157560355781448]","[0.6640419947506562, 0.9497041420118343]"
Naive Bayes,21,5,0.8206354607473961,0.8058346839546191,0.819523964685255,0.6378754666902036,0.5999222513567901,0.8188585607940446,0.7939229512830983,0.7969401947148818,0.967741935483871,0.6428571428571429,0.7096774193548387,0.9566929133858267,0.8052995391705069,"[0.9566929133858267, 0.7096774193548387]","[0.6428571428571429, 0.967741935483871]","[0.7689873417721519, 0.8188585607940446]","[0.6428571428571429, 0.967741935483871]"
Naive Bayes,22,5,0.8234045522515311,0.8063137125945413,0.8310757785032648,0.6582582524611853,0.6373179817135117,0.8413284132841329,0.8157861578615786,0.819327731092437,0.9447513812154696,0.6903409090909091,0.7583148558758315,0.9239543726235742,0.8175461451531894,"[0.9239543726235742, 0.7583148558758315]","[0.6903409090909091, 0.9447513812154696]","[0.7902439024390244, 0.8413284132841329]","[0.6903409090909091, 0.9447513812154696]"
Naive Bayes,23,5,0.8221531618083545,0.8180669614655717,0.8224854459866451,0.60309984342295,0.5756160412304718,0.7795163584637269,0.7828616275077256,0.7829131652661064,0.9225589225589226,0.6834532374100719,0.6748768472906403,0.9253246753246753,0.8030060799844972,"[0.9253246753246753, 0.6748768472906403]","[0.6834532374100719, 0.9225589225589226]","[0.7862068965517242, 0.7795163584637269]","[0.6834532374100719, 0.9225589225589226]"
Naive Bayes,24,5,0.8170376991172114,0.8058064516129032,0.8434998424204223,0.6625493798191595,0.6330141210842396,0.8283870967741935,0.8123558761053203,0.8137254901960784,0.9610778443113772,0.6842105263157895,0.7278911564625851,0.9523809523809523,0.8226441853135833,"[0.9523809523809523, 0.7278911564625851]","[0.6842105263157895, 0.9610778443113772]","[0.7963246554364471, 0.8283870967741935]","[0.6842105263157895, 0.9610778443113772]"
Naive Bayes,25,5,0.832566526167172,0.8202137998056366,0.7979773525966418,0.5715634352005029,0.5381551901336075,0.7803617571059431,0.7621688303602006,0.7635605006954103,0.9292307692307692,0.6269035532994924,0.6726057906458798,0.9148148148148149,0.7780671612651309,"[0.9148148148148149, 0.6726057906458798]","[0.6269035532994924, 0.9292307692307692]","[0.7439759036144579, 0.7803617571059431]","[0.6269035532994924, 0.9292307692307692]"
Naive Bayes,26,6,0.8218938685052943,0.806135770234987,0.817862356057739,0.6306318241875432,0.5927944177372881,0.8199513381995134,0.7902345687761321,0.7944444444444444,0.9656160458452722,0.633423180592992,0.7124735729386892,0.951417004048583,0.799519613219132,"[0.951417004048583, 0.7124735729386892]","[0.633423180592992, 0.9656160458452722]","[0.7605177993527508, 0.8199513381995134]","[0.633423180592992, 0.9656160458452722]"
Naive Bayes,27,6,0.8240965765004227,0.8132433301189328,0.8222380952380952,0.6363184844190696,0.5995313482311253,0.8047808764940239,0.7938232299752246,0.7944055944055944,0.9619047619047619,0.6625,0.6917808219178082,0.9566787003610109,0.812202380952381,"[0.9566787003610109, 0.6917808219178082]","[0.6625, 0.9619047619047619]","[0.7828655834564254, 0.8047808764940239]","[0.6625, 0.9619047619047619]"
Naive Bayes,28,6,0.8260363565800686,0.8106875203649397,0.8320678768745067,0.6305820502677744,0.6137492924083275,0.8235294117647058,0.8042880703683342,0.8061797752808989,0.92,0.6961325966850829,0.7453703703703703,0.9,0.8080662983425415,"[0.9, 0.7453703703703703]","[0.6961325966850829, 0.92]","[0.7850467289719626, 0.8235294117647058]","[0.6961325966850829, 0.92]"
Naive Bayes,29,6,0.826511046803211,0.8096953815918768,0.8097520776266308,0.6060955199332607,0.5807871559137087,0.8151774785801713,0.7860106394511163,0.7899860917941586,0.9327731092436975,0.649171270718232,0.7239130434782609,0.9073359073359073,0.7909721899809647,"[0.9073359073359073, 0.7239130434782609]","[0.649171270718232, 0.9327731092436975]","[0.7568438003220612, 0.8151774785801713]","[0.649171270718232, 0.9327731092436975]"
Naive Bayes,30,6,0.8163591743936145,0.812793979303857,0.8351631781429318,0.6350059595140705,0.599510062043545,0.7890961262553802,0.794000867505255,0.7941176470588235,0.9548611111111112,0.6854460093896714,0.6723716381418093,0.9573770491803278,0.8201535602503913,"[0.9573770491803278, 0.6723716381418093]","[0.6854460093896714, 0.9548611111111112]","[0.79890560875513, 0.7890961262553802]","[0.6854460093896714, 0.9548611111111112]"
Naive Bayes,31,7,0.8235766687408272,0.8118489583333334,0.8187192194758184,0.6331457554283939,0.6003852478986478,0.8151898734177215,0.7949406157212064,0.7969401947148818,0.9554896142433235,0.6570680628272252,0.7108167770419426,0.943609022556391,0.8062788385352744,"[0.943609022556391, 0.7108167770419426]","[0.6570680628272252, 0.9554896142433235]","[0.7746913580246914, 0.8151898734177215]","[0.6570680628272252, 0.9554896142433235]"
Naive Bayes,32,7,0.8229395607093544,0.8071544715447154,0.8103965123195893,0.6131904958431414,0.5826588425738568,0.8157248157248157,0.7861091611091611,0.7902097902097902,0.9458689458689459,0.6401098901098901,0.7170626349892009,0.9246031746031746,0.7929894179894179,"[0.9246031746031746, 0.7170626349892009]","[0.6401098901098901, 0.9458689458689459]","[0.7564935064935064, 0.8157248157248157]","[0.6401098901098901, 0.9458689458689459]"
Naive Bayes,33,7,0.8182298745304554,0.805144694533762,0.8400506369174776,0.6693176206850119,0.6411425828132501,0.8298429319371727,0.8167341547903386,0.8176718092566619,0.9606060606060606,0.6945169712793734,0.7304147465437788,0.953405017921147,0.827561515942717,"[0.953405017921147, 0.7304147465437788]","[0.6945169712793734, 0.9606060606060606]","[0.8036253776435045, 0.8298429319371727]","[0.6945169712793734, 0.9606060606060606]"
Naive Bayes,34,7,0.8259077551913593,0.8182397959183674,0.8227464026614293,0.6052945356934692,0.574145300779189,0.7851239669421488,0.7814508723599634,0.7815126050420168,0.9344262295081968,0.6674816625916871,0.6769596199524941,0.931740614334471,0.800953946049942,"[0.931740614334471, 0.6769596199524941]","[0.6674816625916871, 0.9344262295081968]","[0.7777777777777778, 0.7851239669421488]","[0.6674816625916871, 0.9344262295081968]"
Naive Bayes,35,7,0.8236524056234253,0.8119132405309162,0.8205621347755812,0.6222582176854314,0.5969254472440765,0.8103225806451613,0.7943015618157934,0.7955493741307371,0.9345238095238095,0.6736292428198434,0.715261958997722,0.9214285714285714,0.8040765261718265,"[0.9214285714285714, 0.715261958997722]","[0.6736292428198434, 0.9345238095238095]","[0.7782805429864253, 0.8103225806451613]","[0.6736292428198434, 0.9345238095238095]"
Naive Bayes,36,8,0.8293911904607276,0.8136482939632546,0.8069782578375614,0.6137892452126874,0.5816695247427732,0.8118811881188119,0.7853056734244853,0.7885952712100139,0.9479768786127167,0.6407506702412868,0.70995670995671,0.9299610894941635,0.7943637744270018,"[0.9299610894941635, 0.70995670995671]","[0.6407506702412868, 0.9479768786127167]","[0.7587301587301587, 0.8118811881188119]","[0.6407506702412868, 0.9479768786127167]"
Naive Bayes,37,8,0.8266850173219211,0.8152454780361758,0.8112475403384495,0.6015453878132975,0.5739056883061958,0.7984395318595578,0.7819731698632131,0.7832167832167832,0.9303030303030303,0.6571428571428571,0.6993166287015945,0.9166666666666666,0.7937229437229437,"[0.9166666666666666, 0.6993166287015945]","[0.6571428571428571, 0.9303030303030303]","[0.7655068078668684, 0.7984395318595578]","[0.6571428571428571, 0.9303030303030303]"
Naive Bayes,38,8,0.8249876203184805,0.8102094240837696,0.80682602963335,0.6005981415470507,0.5677257067862416,0.8112058465286236,0.7779258227700778,0.7829131652661064,0.9460227272727273,0.6243093922651933,0.7100213219616205,0.9224489795918367,0.7851660597689603,"[0.9224489795918367, 0.7100213219616205]","[0.6243093922651933, 0.9460227272727273]","[0.7446457990115322, 0.8112058465286236]","[0.6243093922651933, 0.9460227272727273]"
Naive Bayes,39,8,0.8159591850670412,0.8115759672853099,0.841491727956099,0.6536016733324692,0.6221022229732844,0.8028571428571428,0.8063872491145219,0.8064516129032258,0.95578231292517,0.7016706443914081,0.6921182266009852,0.9576547231270358,0.8287264786582891,"[0.9576547231270358, 0.6921182266009852]","[0.7016706443914081, 0.95578231292517]","[0.8099173553719008, 0.8028571428571428]","[0.7016706443914081, 0.95578231292517]"
Naive Bayes,40,8,0.8187109927561662,0.8058064516129032,0.8411686112448926,0.6609215891967288,0.6350295596020045,0.8283870967741935,0.8138918892619083,0.8150208623087621,0.9525222551928784,0.693717277486911,0.7328767123287672,0.9430604982206405,0.8231197663398947,"[0.9430604982206405, 0.7328767123287672]","[0.693717277486911, 0.9525222551928784]","[0.799396681749623, 0.8283870967741935]","[0.693717277486911, 0.9525222551928784]"
Naive Bayes,41,9,0.8203723457506118,0.802226588081205,0.8315432098765432,0.6615396422557472,0.6333333333333333,0.8398058252427184,0.812760055478502,0.8166666666666667,0.9611111111111111,0.6722222222222223,0.7456896551724138,0.9453125,0.8166666666666667,"[0.9453125, 0.7456896551724138]","[0.6722222222222223, 0.9611111111111111]","[0.7857142857142857, 0.8398058252427184]","[0.6722222222222223, 0.9611111111111111]"
Naive Bayes,42,9,0.8144660900997964,0.8122243226212981,0.8482243744955609,0.6400133048969511,0.6128357691641153,0.8,0.8022191400832177,0.8022440392706872,0.94,0.7021791767554479,0.6962962962962963,0.9415584415584416,0.821089588377724,"[0.9415584415584416, 0.6962962962962963]","[0.7021791767554479, 0.94]","[0.8044382801664355, 0.8]","[0.7021791767554479, 0.94]"
Naive Bayes,43,9,0.8293214891902885,0.8182695400450306,0.8094442455344711,0.5995809517034727,0.5659225951501525,0.7882822902796272,0.7767113076213498,0.7773109243697479,0.9396825396825397,0.6491228070175439,0.6788990825688074,0.9316546762589928,0.7944026733500418,"[0.9316546762589928, 0.6788990825688074]","[0.6491228070175439, 0.9396825396825397]","[0.7651403249630724, 0.7882822902796272]","[0.6491228070175439, 0.9396825396825397]"
Naive Bayes,44,9,0.8292664048783547,0.817740369051473,0.8043408107044471,0.5842570531598571,0.5574117149503066,0.7906371911573472,0.7735334215998536,0.7748251748251749,0.9212121212121213,0.6493506493506493,0.6924829157175398,0.9057971014492754,0.7852813852813854,"[0.9057971014492754, 0.6924829157175398]","[0.6493506493506493, 0.9212121212121213]","[0.75642965204236, 0.7906371911573472]","[0.6493506493506493, 0.9212121212121213]"
Naive Bayes,45,9,0.8218403108443637,0.804312316236524,0.8191818774445894,0.6457771791297959,0.6143990850855028,0.8302808302808303,0.8024985999054071,0.8064066852367688,0.96045197740113,0.6565934065934066,0.7311827956989247,0.9446640316205533,0.8085226919972683,"[0.9446640316205533, 0.7311827956989247]","[0.6565934065934066, 0.96045197740113]","[0.7747163695299838, 0.8302808302808303]","[0.6565934065934066, 0.96045197740113]"
Naive Bayes,46,10,0.8214838351042271,0.8134185303514377,0.8211588003307677,0.6146828429095743,0.583999018720964,0.7962466487935657,0.7866863742501553,0.7871148459383753,0.939873417721519,0.6658291457286433,0.6906976744186046,0.9330985915492958,0.8028512817250811,"[0.9330985915492958, 0.6906976744186046]","[0.6658291457286433, 0.939873417721519]","[0.7771260997067448, 0.7962466487935657]","[0.6658291457286433, 0.939873417721519]"
Naive Bayes,47,10,0.8183200883002208,0.8114649681528663,0.8332978999834644,0.641321640451039,0.6054676064584412,0.8027027027027027,0.797065637065637,0.7972222222222223,0.9611650485436893,0.6739659367396593,0.6890951276102089,0.9584775086505191,0.8175654926416743,"[0.9584775086505191, 0.6890951276102089]","[0.6739659367396593, 0.9611650485436893]","[0.7914285714285715, 0.8027027027027027]","[0.6739659367396593, 0.9611650485436893]"
Naive Bayes,48,10,0.8324442479614894,0.8127883981542519,0.809404056651889,0.6053287446522135,0.5848217442892952,0.817283950617284,0.7889008749850174,0.7927170868347339,0.9220055710306406,0.6619718309859155,0.7339246119733924,0.8935361216730038,0.791988701008278,"[0.8935361216730038, 0.7339246119733924]","[0.6619718309859155, 0.9220055710306406]","[0.7605177993527508, 0.817283950617284]","[0.6619718309859155, 0.9220055710306406]"
Naive Bayes,49,10,0.8247171467498129,0.8101430429128739,0.8292476687213529,0.6355417742444659,0.6104423948725965,0.8214285714285714,0.8013392857142857,0.8033707865168539,0.9415204678362573,0.6756756756756757,0.7285067873303167,0.9259259259259259,0.8085980717559664,"[0.9259259259259259, 0.7285067873303167]","[0.6756756756756757, 0.9415204678362573]","[0.78125, 0.8214285714285714]","[0.6756756756756757, 0.9415204678362573]"
Naive Bayes,50,10,0.8209100509123517,0.8061915511125444,0.8189274545863693,0.6473364646992936,0.6080832823025107,0.8181818181818182,0.797979797979798,0.8,0.972972972972973,0.6511627906976745,0.7058823529411765,0.9655172413793104,0.8120678818353237,"[0.9655172413793104, 0.7058823529411765]","[0.6511627906976745, 0.972972972972973]","[0.7777777777777778, 0.8181818181818182]","[0.6511627906976745, 0.972972972972973]"
Random Forest,1,1,1.0,1.0,0.9498049955662976,0.7674881218245001,0.7674851102897903,0.8826025459688827,0.8837423270759809,0.8837535014005602,0.8838526912181303,0.8836565096952909,0.8813559322033898,0.8861111111111111,0.8837546004567105,"[0.8861111111111111, 0.8813559322033898]","[0.8836565096952909, 0.8838526912181303]","[0.8848821081830791, 0.8826025459688827]","[0.8836565096952909, 0.8838526912181303]"
Random Forest,2,1,1.0,1.0,0.9332130393401016,0.7057433122306352,0.7045098023759035,0.8411497730711044,0.8521263858836616,0.8529411764705882,0.86875,0.8401015228426396,0.8152492668621701,0.8873994638069705,0.8544257614213198,"[0.8873994638069705, 0.8152492668621701]","[0.8401015228426396, 0.86875]","[0.863102998696219, 0.8411497730711044]","[0.8401015228426396, 0.86875]"
Random Forest,3,1,1.0,0.9996184662342618,0.9474328196391233,0.77277235260571,0.7720073009636653,0.8851540616246498,0.8859471965581813,0.885952712100139,0.9054441260744985,0.8675675675675676,0.8657534246575342,0.9067796610169492,0.8865058468210331,"[0.9067796610169492, 0.8657534246575342]","[0.8675675675675676, 0.9054441260744985]","[0.8867403314917127, 0.8851540616246498]","[0.8675675675675676, 0.9054441260744985]"
Random Forest,4,1,1.0,1.0,0.9360836838786407,0.7033028287090354,0.703119409037778,0.8283828382838284,0.8515408167322757,0.8551532033426184,0.8394648829431438,0.8663484486873508,0.8175895765472313,0.8832116788321168,0.8529066658152473,"[0.8832116788321168, 0.8175895765472313]","[0.8663484486873508, 0.8394648829431438]","[0.8746987951807229, 0.8283828382838284]","[0.8663484486873508, 0.8394648829431438]"
Random Forest,5,1,1.0,1.0,0.9369477186759374,0.7616919569654356,0.7596788944212987,0.8774928774928775,0.8796805046805047,0.8797202797202798,0.9112426035502958,0.8514588859416445,0.8461538461538461,0.9145299145299145,0.8813507447459702,"[0.9145299145299145, 0.8461538461538461]","[0.8514588859416445, 0.9112426035502958]","[0.8818681318681318, 0.8774928774928775]","[0.8514588859416445, 0.9112426035502958]"
Random Forest,6,2,1.0,0.9996095275283092,0.9371047138975308,0.7283531140346048,0.7278685432727444,0.8697986577181208,0.863889079957157,0.8641456582633054,0.8548812664907651,0.8746268656716418,0.8852459016393442,0.8419540229885057,0.8647540660812034,"[0.8419540229885057, 0.8852459016393442]","[0.8746268656716418, 0.8548812664907651]","[0.8579795021961932, 0.8697986577181208]","[0.8746268656716418, 0.8548812664907651]"
Random Forest,7,2,1.0,1.0,0.9375684085436408,0.7243646146903069,0.7214819176299234,0.8525073746312685,0.8604642136314238,0.8609179415855355,0.8947368421052632,0.8333333333333334,0.8140845070422535,0.9065934065934066,0.8640350877192983,"[0.9065934065934066, 0.8140845070422535]","[0.8333333333333334, 0.8947368421052632]","[0.868421052631579, 0.8525073746312685]","[0.8333333333333334, 0.8947368421052632]"
Random Forest,8,2,1.0,1.0,0.952636025953736,0.7697881242629365,0.7682993337074477,0.871875,0.8840387658227848,0.8853146853146853,0.9029126213592233,0.8719211822660099,0.8429003021148036,0.921875,0.8874169018126166,"[0.921875, 0.8429003021148036]","[0.8719211822660099, 0.9029126213592233]","[0.8962025316455696, 0.871875]","[0.8719211822660099, 0.9029126213592233]"
Random Forest,9,2,1.0,1.0,0.9331399025994561,0.7202737462225252,0.7191364823614563,0.8511904761904762,0.8594576719576719,0.8599439775910365,0.8773006134969326,0.845360824742268,0.8265895953757225,0.8913043478260869,0.8613307191196002,"[0.8913043478260869, 0.8265895953757225]","[0.845360824742268, 0.8773006134969326]","[0.8677248677248677, 0.8511904761904762]","[0.845360824742268, 0.8773006134969326]"
Random Forest,10,2,1.0,1.0,0.9477304096869315,0.7476398667739111,0.7473452088644219,0.8623853211009175,0.8736479035172107,0.8746518105849582,0.8757763975155279,0.8737373737373737,0.8493975903614458,0.8963730569948186,0.8747568856264508,"[0.8963730569948186, 0.8493975903614458]","[0.8737373737373737, 0.8757763975155279]","[0.8849104859335039, 0.8623853211009175]","[0.8737373737373737, 0.8757763975155279]"
Random Forest,11,3,1.0,1.0,0.9458043771393009,0.7549955018792516,0.7539043000784426,0.8642745709828393,0.876864096164863,0.8781512605042017,0.8906752411575563,0.8684863523573201,0.8393939393939394,0.9114583333333334,0.8795807967574382,"[0.9114583333333334, 0.8393939393939394]","[0.8684863523573201, 0.8906752411575563]","[0.8894536213468869, 0.8642745709828393]","[0.8684863523573201, 0.8906752411575563]"
Random Forest,12,3,1.0,1.0,0.9491674897700014,0.7597669068508486,0.7593384056609681,0.8764367816091954,0.8796352845375677,0.8797202797202798,0.8918128654970761,0.868632707774799,0.8615819209039548,0.8975069252077562,0.8802227866359376,"[0.8975069252077562, 0.8615819209039548]","[0.868632707774799, 0.8918128654970761]","[0.8828337874659401, 0.8764367816091954]","[0.868632707774799, 0.8918128654970761]"
Random Forest,13,3,1.0,1.0,0.943935585231736,0.7161463624790106,0.7160076292349136,0.8476621417797888,0.8579901321675998,0.8587412587412587,0.8388059701492537,0.8763157894736842,0.8567073170731707,0.8604651162790697,0.8575608798114689,"[0.8604651162790697, 0.8567073170731707]","[0.8763157894736842, 0.8388059701492537]","[0.8683181225554107, 0.8476621417797888]","[0.8763157894736842, 0.8388059701492537]"
Random Forest,14,3,1.0,1.0,0.9462114937088313,0.7433939218036401,0.7417044005974864,0.8584615384615385,0.8707065962027793,0.871866295264624,0.8913738019169329,0.8567901234567902,0.827893175074184,0.910761154855643,0.8740819626868616,"[0.910761154855643, 0.827893175074184]","[0.8567901234567902, 0.8913738019169329]","[0.8829516539440203, 0.8584615384615385]","[0.8567901234567902, 0.8913738019169329]"
Random Forest,15,3,1.0,1.0,0.9226063004345129,0.7122322010936558,0.7103625897941135,0.8598382749326146,0.8549911835758174,0.8551532033426184,0.8910614525139665,0.8194444444444444,0.8307291666666666,0.8832335329341318,0.8552529484792055,"[0.8832335329341318, 0.8307291666666666]","[0.8194444444444444, 0.8910614525139665]","[0.8501440922190202, 0.8598382749326146]","[0.8194444444444444, 0.8910614525139665]"
Random Forest,16,4,1.0,1.0,0.9298030140275496,0.7109053127947589,0.7104303657912352,0.8460388639760837,0.855166994570387,0.8557422969187675,0.8628048780487805,0.8497409326424871,0.8299120234604106,0.8793565683646113,0.8562729053456337,"[0.8793565683646113, 0.8299120234604106]","[0.8497409326424871, 0.8628048780487805]","[0.8642951251646904, 0.8460388639760837]","[0.8497409326424871, 0.8628048780487805]"
Random Forest,17,4,1.0,1.0,0.9473901260751738,0.7616609033046587,0.7616579089987983,0.8769898697539797,0.8808287204943576,0.8809523809523809,0.8782608695652174,0.8834688346883469,0.8757225433526011,0.8858695652173914,0.8808648521267821,"[0.8858695652173914, 0.8757225433526011]","[0.8834688346883469, 0.8782608695652174]","[0.8846675712347354, 0.8769898697539797]","[0.8834688346883469, 0.8782608695652174]"
Random Forest,18,4,1.0,0.9996264475158759,0.9318124892374645,0.7201363931060626,0.7180884722141345,0.8490284005979073,0.8588444993886806,0.8595271210013908,0.8847352024922118,0.8391959798994975,0.8160919540229885,0.9002695417789758,0.8619655911958546,"[0.9002695417789758, 0.8160919540229885]","[0.8391959798994975, 0.8847352024922118]","[0.8686605981794538, 0.8490284005979073]","[0.8391959798994975, 0.8847352024922118]"
Random Forest,19,4,1.0,1.0,0.9469770602691447,0.7226627401780209,0.721837886336269,0.8524590163934426,0.8608398120276328,0.8613445378151261,0.8746177370030581,0.8501291989664083,0.8313953488372093,0.8891891891891892,0.8623734679847332,"[0.8891891891891892, 0.8313953488372093]","[0.8501291989664083, 0.8746177370030581]","[0.869220607661823, 0.8524590163934426]","[0.8501291989664083, 0.8746177370030581]"
Random Forest,20,4,1.0,1.0,0.9518978396931153,0.7715839421473772,0.7713920124079101,0.8801169590643275,0.8856818217072301,0.885952712100139,0.8905325443786982,0.8818897637795275,0.869942196531792,0.900804289544236,0.8862111540791129,"[0.900804289544236, 0.869942196531792]","[0.8818897637795275, 0.8905325443786982]","[0.8912466843501327, 0.8801169590643275]","[0.8818897637795275, 0.8905325443786982]"
Random Forest,21,5,1.0,1.0,0.9516904839485485,0.8037519337578894,0.8001652165185638,0.8994413407821229,0.8998591745461861,0.8998609179415855,0.9442815249266863,0.8597883597883598,0.8586666666666667,0.9447674418604651,0.902034942357523,"[0.9447674418604651, 0.8586666666666667]","[0.8597883597883598, 0.9442815249266863]","[0.9002770083102493, 0.8994413407821229]","[0.8597883597883598, 0.9442815249266863]"
Random Forest,22,5,0.9999999999999999,0.9996146435452794,0.9289223380210949,0.7171595439348962,0.7169313623124691,0.8622100954979536,0.8584431772453797,0.8585434173669467,0.8729281767955801,0.84375,0.8517520215633423,0.8658892128279884,0.85833908839779,"[0.8658892128279884, 0.8517520215633423]","[0.84375, 0.8729281767955801]","[0.8546762589928057, 0.8622100954979536]","[0.84375, 0.8729281767955801]"
Random Forest,23,5,1.0,1.0,0.9391234487157749,0.7407067260398459,0.7398313432477237,0.851063829787234,0.8698403604260527,0.8725490196078431,0.8754208754208754,0.8705035971223022,0.8280254777070064,0.9075,0.8729622362715888,"[0.9075, 0.8280254777070064]","[0.8705035971223022, 0.8754208754208754]","[0.8886168910648715, 0.851063829787234]","[0.8705035971223022, 0.8754208754208754]"
Random Forest,24,5,1.0,1.0,0.9503230381342578,0.7580238892968546,0.758011885807967,0.8708708708708709,0.8790049892412097,0.8795518207282913,0.8682634730538922,0.8894736842105263,0.8734939759036144,0.8848167539267016,0.8788685786322092,"[0.8848167539267016, 0.8734939759036144]","[0.8894736842105263, 0.8682634730538922]","[0.8871391076115486, 0.8708708708708709]","[0.8894736842105263, 0.8682634730538922]"
Random Forest,25,5,1.0,1.0,0.9295939086294417,0.7032219992239434,0.7030453688262706,0.8389057750759878,0.851504169589276,0.8525730180806675,0.8492307692307692,0.8553299492385786,0.8288288288288288,0.8730569948186528,0.8522803592346739,"[0.8730569948186528, 0.8288288288288288]","[0.8553299492385786, 0.8492307692307692]","[0.8641025641025641, 0.8389057750759878]","[0.8553299492385786, 0.8492307692307692]"
Random Forest,26,6,1.0,1.0,0.9490535144695279,0.7797535957261338,0.7780227064273217,0.889196675900277,0.8888880315434533,0.8888888888888888,0.9197707736389685,0.8598382749326146,0.8605898123324397,0.9193083573487032,0.8898045242857915,"[0.9193083573487032, 0.8605898123324397]","[0.8598382749326146, 0.9197707736389685]","[0.8885793871866295, 0.889196675900277]","[0.8598382749326146, 0.9197707736389685]"
Random Forest,27,6,1.0,1.0,0.9392261904761904,0.7329545970832606,0.7303476723629936,0.8545454545454545,0.8649350649350649,0.8657342657342657,0.8952380952380953,0.8425,0.8173913043478261,0.9108108108108108,0.8688690476190477,"[0.9108108108108108, 0.8173913043478261]","[0.8425, 0.8952380952380953]","[0.8753246753246753, 0.8545454545454545]","[0.8425, 0.8952380952380953]"
Random Forest,28,6,1.0,1.0,0.9351420678768745,0.7161966523738862,0.7161712003283813,0.8550932568149211,0.858083079576649,0.8581460674157303,0.8514285714285714,0.8646408839779005,0.8587896253602305,0.8575342465753425,0.858034727703236,"[0.8575342465753425, 0.8587896253602305]","[0.8646408839779005, 0.8514285714285714]","[0.8610729023383769, 0.8550932568149211]","[0.8646408839779005, 0.8514285714285714]"
Random Forest,29,6,1.0,1.0,0.9399461442035377,0.7312882944313954,0.7302668982027591,0.8676671214188267,0.8650392344682787,0.8650904033379694,0.8907563025210085,0.8397790055248618,0.8457446808510638,0.8862973760932945,0.8652676540229352,"[0.8862973760932945, 0.8457446808510638]","[0.8397790055248618, 0.8907563025210085]","[0.8624113475177305, 0.8676671214188267]","[0.8397790055248618, 0.8907563025210085]"
Random Forest,30,6,1.0,1.0,0.9450190727699531,0.7323368237362806,0.7316505419364225,0.8426395939086294,0.8657642413987592,0.8697478991596639,0.8645833333333334,0.8732394366197183,0.8217821782178217,0.9051094890510949,0.8689113849765258,"[0.9051094890510949, 0.8217821782178217]","[0.8732394366197183, 0.8645833333333334]","[0.8888888888888888, 0.8426395939086294]","[0.8732394366197183, 0.8645833333333334]"
Random Forest,31,7,1.0,0.9996219281663516,0.9265345596345953,0.7055126717358453,0.7048119974592157,0.8463768115942029,0.8523327908238394,0.8525730180806675,0.8664688427299704,0.8403141361256544,0.8271954674220963,0.8770491803278688,0.8533914894278124,"[0.8770491803278688, 0.8271954674220963]","[0.8403141361256544, 0.8664688427299704]","[0.8582887700534759, 0.8463768115942029]","[0.8403141361256544, 0.8664688427299704]"
Random Forest,32,7,0.9999999999999999,0.9996178830722201,0.9504281331204408,0.7491232322605135,0.7483733224888166,0.8746518105849582,0.8741236581014679,0.8741258741258742,0.8945868945868946,0.8543956043956044,0.8555858310626703,0.8936781609195402,0.8744912494912495,"[0.8936781609195402, 0.8555858310626703]","[0.8543956043956044, 0.8945868945868946]","[0.8735955056179775, 0.8746518105849582]","[0.8543956043956044, 0.8945868945868946]"
Random Forest,33,7,1.0,1.0,0.9476540865574808,0.7958694704126293,0.7926641412156745,0.8930635838150289,0.8961230725614654,0.8962131837307152,0.9363636363636364,0.8616187989556136,0.8535911602209945,0.9401709401709402,0.898991217659625,"[0.9401709401709402, 0.8535911602209945]","[0.8616187989556136, 0.9363636363636364]","[0.8991825613079019, 0.8930635838150289]","[0.8616187989556136, 0.9363636363636364]"
Random Forest,34,7,1.0,1.0,0.9389394364503587,0.729061841402815,0.7289163849123564,0.8460291734197731,0.8644449196322047,0.8669467787114846,0.8557377049180328,0.8753056234718827,0.8365384615384616,0.8905472636815921,0.8655216641949577,"[0.8905472636815921, 0.8365384615384616]","[0.8753056234718827, 0.8557377049180328]","[0.8828606658446363, 0.8460291734197731]","[0.8753056234718827, 0.8557377049180328]"
Random Forest,35,7,1.0,1.0,0.9403052343652867,0.7290752266569551,0.7290723828096168,0.8558692421991084,0.8645359282890968,0.8650904033379694,0.8571428571428571,0.8720626631853786,0.8545994065281899,0.8743455497382199,0.8646027601641179,"[0.8743455497382199, 0.8545994065281899]","[0.8720626631853786, 0.8571428571428571]","[0.873202614379085, 0.8558692421991084]","[0.8720626631853786, 0.8571428571428571]"
Random Forest,36,8,1.0,1.0,0.9329022609989306,0.7099928086489926,0.7082781085895569,0.8535564853556485,0.8539627086972417,0.8539638386648123,0.884393063583815,0.8257372654155496,0.8247978436657682,0.8850574712643678,0.8550651644996823,"[0.8850574712643678, 0.8247978436657682]","[0.8257372654155496, 0.884393063583815]","[0.8543689320388349, 0.8535564853556485]","[0.8257372654155496, 0.884393063583815]"
Random Forest,37,8,1.0,1.0,0.950047225501771,0.7844633694977754,0.783941290740341,0.8855869242199108,0.8919348095339976,0.8923076923076924,0.9030303030303031,0.8831168831168831,0.8688046647230321,0.9139784946236559,0.8930735930735931,"[0.9139784946236559, 0.8688046647230321]","[0.8831168831168831, 0.9030303030303031]","[0.8982826948480845, 0.8855869242199108]","[0.8831168831168831, 0.9030303030303031]"
Random Forest,38,8,1.0,1.0,0.9380846622300352,0.731579446311278,0.7311662640017571,0.8659217877094972,0.86554516351767,0.865546218487395,0.8806818181818182,0.850828729281768,0.8516483516483516,0.88,0.8657552737317931,"[0.88, 0.8516483516483516]","[0.850828729281768, 0.8806818181818182]","[0.8651685393258427, 0.8659217877094972]","[0.850828729281768, 0.8806818181818182]"
Random Forest,39,8,1.0,0.9996338337605273,0.9515529362102836,0.7579751565570523,0.7566034932147777,0.8604269293924466,0.878193880852894,0.8807854137447405,0.891156462585034,0.8735083532219571,0.8317460317460318,0.9195979899497487,0.8823324079034955,"[0.9195979899497487, 0.8317460317460318]","[0.8735083532219571, 0.891156462585034]","[0.8959608323133414, 0.8604269293924466]","[0.8735083532219571, 0.891156462585034]"
Random Forest,40,8,1.0,1.0,0.9441445150465301,0.7290752266569551,0.7290723828096168,0.8558692421991084,0.8645359282890968,0.8650904033379694,0.8545994065281899,0.8743455497382199,0.8571428571428571,0.8720626631853786,0.8644724781332049,"[0.8720626631853786, 0.8571428571428571]","[0.8743455497382199, 0.8545994065281899]","[0.873202614379085, 0.8558692421991084]","[0.8743455497382199, 0.8545994065281899]"
Random Forest,41,9,1.0,1.0,0.9543634259259258,0.7639625771048408,0.7638888888888888,0.8811188811188811,0.8819387509042682,0.8819444444444444,0.875,0.8888888888888888,0.8873239436619719,0.8767123287671232,0.8819444444444444,"[0.8767123287671232, 0.8873239436619719]","[0.8888888888888888, 0.875]","[0.8827586206896552, 0.8811188811188811]","[0.8888888888888888, 0.875]"
Random Forest,42,9,1.0,1.0,0.9487126715092816,0.7860163241755648,0.7854727222398292,0.8776508972267537,0.8926999873587643,0.8948106591865358,0.8966666666666666,0.8934624697336562,0.8594249201277955,0.9225,0.8950645682001614,"[0.9225, 0.8594249201277955]","[0.8934624697336562, 0.8966666666666666]","[0.9077490774907749, 0.8776508972267537]","[0.8934624697336562, 0.8966666666666666]"
Random Forest,43,9,1.0,1.0,0.9306599832915624,0.7259835348135666,0.7240351167798575,0.850609756097561,0.8618333754581069,0.8627450980392157,0.8857142857142857,0.8446115288220551,0.8181818181818182,0.903485254691689,0.8651629072681704,"[0.903485254691689, 0.8181818181818182]","[0.8446115288220551, 0.8857142857142857]","[0.8730569948186528, 0.850609756097561]","[0.8446115288220551, 0.8857142857142857]"
Random Forest,44,9,0.9999999999999999,1.0,0.929189295552932,0.7056957312864339,0.7035283993115318,0.8459302325581395,0.8515365448504983,0.8517482517482518,0.8818181818181818,0.825974025974026,0.8128491620111732,0.8907563025210085,0.8538961038961039,"[0.8907563025210085, 0.8128491620111732]","[0.825974025974026, 0.8818181818181818]","[0.8571428571428571, 0.8459302325581395]","[0.825974025974026, 0.8818181818181818]"
Random Forest,45,9,1.0,1.0,0.9452179176755449,0.7466797058925779,0.7465377722261446,0.8727272727272727,0.8732568402471315,0.8732590529247911,0.8813559322033898,0.8653846153846154,0.8642659279778393,0.8823529411764706,0.8733702737940026,"[0.8823529411764706, 0.8642659279778393]","[0.8653846153846154, 0.8813559322033898]","[0.8737864077669902, 0.8727272727272727]","[0.8653846153846154, 0.8813559322033898]"
Random Forest,46,10,1.0,1.0,0.9343076140194645,0.7114025194901406,0.7112200228397412,0.840625,0.8555916878172589,0.8571428571428571,0.8512658227848101,0.8618090452261307,0.8302469135802469,0.8794871794871795,0.8565374340054703,"[0.8794871794871795, 0.8302469135802469]","[0.8618090452261307, 0.8512658227848101]","[0.8705583756345178, 0.840625]","[0.8618090452261307, 0.8512658227848101]"
Random Forest,47,10,1.0,1.0,0.9452357892581832,0.7382610371627623,0.7362945645821157,0.8540372670807453,0.8679734074097194,0.8694444444444445,0.889967637540453,0.8540145985401459,0.8208955223880597,0.9116883116883117,0.8719911180402995,"[0.9116883116883117, 0.8208955223880597]","[0.8540145985401459, 0.889967637540453]","[0.8819095477386935, 0.8540372670807453]","[0.8540145985401459, 0.889967637540453]"
Random Forest,48,10,1.0,0.9996155324875048,0.9288359684569814,0.7232541205695,0.7226150767178119,0.8649386084583902,0.8612462826464613,0.8613445378151261,0.883008356545961,0.8394366197183099,0.8475935828877005,0.8764705882352941,0.8612224881321354,"[0.8764705882352941, 0.8475935828877005]","[0.8394366197183099, 0.883008356545961]","[0.8575539568345324, 0.8649386084583902]","[0.8394366197183099, 0.883008356545961]"
Random Forest,49,10,0.9999999999999999,1.0,0.9476963805911174,0.7586197920152902,0.7583201768234923,0.8760806916426513,0.8791362362322845,0.8792134831460674,0.8888888888888888,0.8702702702702703,0.8636363636363636,0.8944444444444445,0.8795795795795796,"[0.8944444444444445, 0.8636363636363636]","[0.8702702702702703, 0.8888888888888888]","[0.8821917808219178, 0.8760806916426513]","[0.8702702702702703, 0.8888888888888888]"
Random Forest,50,10,1.0,1.0,0.9515018894863856,0.7690439449486337,0.7667152676525724,0.8789625360230547,0.8831809999150126,0.8833333333333333,0.9159159159159159,0.8552971576227391,0.8448753462603878,0.9220055710306406,0.8856065367693275,"[0.9220055710306406, 0.8448753462603878]","[0.8552971576227391, 0.9159159159159159]","[0.8873994638069705, 0.8789625360230547]","[0.8552971576227391, 0.9159159159159159]"
SVM,1,1,0.9517714100600777,0.8796229151559101,0.9523435844718402,0.7999518736623495,0.7984331992377727,0.9010989010989011,0.8991208791208791,0.8991596638655462,0.9291784702549575,0.8698060941828255,0.8746666666666667,0.9262536873156342,0.8994922822188915,"[0.9262536873156342, 0.8746666666666667]","[0.8698060941828255, 0.9291784702549575]","[0.8971428571428571, 0.9010989010989011]","[0.8698060941828255, 0.9291784702549575]"
SVM,2,1,0.955475085503506,0.8956397426733381,0.9320233185279188,0.719977086358087,0.712652480717685,0.8509406657018813,0.8555924495402215,0.8557422969187675,0.91875,0.8045685279187818,0.7924528301886793,0.924198250728863,0.8616592639593909,"[0.924198250728863, 0.7924528301886793]","[0.8045685279187818, 0.91875]","[0.8602442333785617, 0.8509406657018813]","[0.8045685279187818, 0.91875]"
SVM,3,1,0.9522027158051195,0.8861671469740634,0.9410516533725704,0.753943917931667,0.7501698736757575,0.8773841961852861,0.8747716435471885,0.874826147426982,0.9226361031518625,0.8297297297297297,0.8363636363636363,0.9191616766467066,0.8761829164407962,"[0.9191616766467066, 0.8363636363636363]","[0.8297297297297297, 0.9226361031518625]","[0.8721590909090909, 0.8773841961852861]","[0.8297297297297297, 0.9226361031518625]"
SVM,4,1,0.953838509438396,0.8870853916725476,0.9304124328509511,0.7178301576398335,0.7164319397161161,0.8387096774193549,0.8580803289057559,0.8607242339832869,0.8695652173913043,0.8544152744630071,0.8099688473520249,0.9017632241813602,0.8619902459271558,"[0.9017632241813602, 0.8099688473520249]","[0.8544152744630071, 0.8695652173913043]","[0.8774509803921569, 0.8387096774193549]","[0.8544152744630071, 0.8695652173913043]"
SVM,5,1,0.9523323906759286,0.884255930984903,0.9473105959537299,0.7661176631812124,0.7603364410214836,0.8805555555555555,0.8797143974960877,0.8797202797202798,0.9378698224852071,0.8275862068965517,0.8298429319371727,0.9369369369369369,0.8827280146908794,"[0.9369369369369369, 0.8298429319371727]","[0.8275862068965517, 0.9378698224852071]","[0.8788732394366198, 0.8805555555555555]","[0.8275862068965517, 0.9378698224852071]"
SVM,6,2,0.9540087090163933,0.8838589981447125,0.9346985389674318,0.7439656817457975,0.7437266796563775,0.8813559322033898,0.8718428677658401,0.8725490196078431,0.8918205804749341,0.8507462686567164,0.8711340206185567,0.8742331288343558,0.8712834245658252,"[0.8742331288343558, 0.8711340206185567]","[0.8507462686567164, 0.8918205804749341]","[0.8623298033282905, 0.8813559322033898]","[0.8507462686567164, 0.8918205804749341]"
SVM,7,2,0.9551948561892608,0.888487910501624,0.9378615880163867,0.7498845521572532,0.7423624195207656,0.866571018651363,0.8705324728884345,0.8706536856745479,0.934984520123839,0.8181818181818182,0.8074866310160428,0.9391304347826087,0.8765831691528286,"[0.9391304347826087, 0.8074866310160428]","[0.8181818181818182, 0.934984520123839]","[0.8744939271255061, 0.866571018651363]","[0.8181818181818182, 0.934984520123839]"
SVM,8,2,0.9508113922503362,0.8858447488584474,0.9517910947438902,0.7723236040613648,0.7691841330330851,0.8738461538461538,0.8843589743589744,0.8853146853146853,0.919093851132686,0.8596059113300493,0.8328445747800587,0.9331550802139037,0.8893498812313676,"[0.9331550802139037, 0.8328445747800587]","[0.8596059113300493, 0.919093851132686]","[0.8948717948717949, 0.8738461538461538]","[0.8596059113300493, 0.919093851132686]"
SVM,9,2,0.9552079800772112,0.8899180619878875,0.9272855923091519,0.7343975828912763,0.7290820757152581,0.860431654676259,0.8640493880475428,0.8641456582633054,0.9171779141104295,0.8195876288659794,0.8102981029810298,0.9217391304347826,0.8683827714882044,"[0.9217391304347826, 0.8102981029810298]","[0.8195876288659794, 0.9171779141104295]","[0.8676671214188267, 0.860431654676259]","[0.8195876288659794, 0.9171779141104295]"
SVM,10,2,0.9518192184607085,0.8880969351389879,0.9487930547713158,0.7580766914846804,0.7546633532655121,0.8702064896755162,0.8770557514340642,0.8774373259052924,0.9161490683229814,0.8459595959595959,0.8286516853932584,0.925414364640884,0.8810543321412887,"[0.925414364640884, 0.8286516853932584]","[0.8459595959595959, 0.9161490683229814]","[0.8839050131926122, 0.8702064896755162]","[0.8459595959595959, 0.9161490683229814]"
SVM,11,3,0.952420117834258,0.8847926267281107,0.9467538477495951,0.7573319101391736,0.7547980136894377,0.8663594470046083,0.8771951675177482,0.8781512605042017,0.9067524115755627,0.8560794044665012,0.8294117647058824,0.9224598930481284,0.881415908021032,"[0.9224598930481284, 0.8294117647058824]","[0.8560794044665012, 0.9067524115755627]","[0.888030888030888, 0.8663594470046083]","[0.8560794044665012, 0.9067524115755627]"
SVM,12,3,0.951265404303493,0.8822254335260116,0.9536553627142028,0.7785648697143471,0.7765083731216154,0.8873239436619719,0.8881064162754304,0.8881118881118881,0.9210526315789473,0.8579088471849866,0.8559782608695652,0.9221902017291066,0.889480739381967,"[0.9221902017291066, 0.8559782608695652]","[0.8579088471849866, 0.9210526315789473]","[0.8888888888888888, 0.8873239436619719]","[0.8579088471849866, 0.9210526315789473]"
SVM,13,3,0.9534559894602909,0.884809215262779,0.9368892380204241,0.7423815585494963,0.7420897863164085,0.8647058823529412,0.8710196078431373,0.8713286713286713,0.8776119402985074,0.8657894736842106,0.8521739130434782,0.8891891891891892,0.8717007069913589,"[0.8891891891891892, 0.8521739130434782]","[0.8657894736842106, 0.8776119402985074]","[0.8773333333333333, 0.8647058823529412]","[0.8657894736842106, 0.8776119402985074]"
SVM,14,3,0.9526320535388741,0.889280677009873,0.942373683587741,0.7548234849657139,0.7491245370334423,0.8656716417910447,0.8740890846030942,0.8746518105849582,0.9265175718849841,0.8345679012345679,0.8123249299719888,0.9362880886426593,0.880542736559776,"[0.9362880886426593, 0.8123249299719888]","[0.8345679012345679, 0.9265175718849841]","[0.8825065274151436, 0.8656716417910447]","[0.8345679012345679, 0.9265175718849841]"
SVM,15,3,0.9561772075981566,0.8939890710382513,0.923005896958411,0.7106926373285731,0.7048384344507702,0.8608923884514436,0.8518111793889265,0.8523676880222841,0.9162011173184358,0.7888888888888889,0.8118811881188119,0.9044585987261147,0.8525450031036623,"[0.9044585987261147, 0.8118811881188119]","[0.7888888888888889, 0.9162011173184358]","[0.8427299703264095, 0.8608923884514436]","[0.7888888888888889, 0.9162011173184358]"
SVM,16,4,0.9542050379695411,0.8931899641577061,0.9274769366864654,0.7214720777896033,0.7176008959829576,0.8542568542568543,0.8584209441352298,0.8585434173669467,0.9024390243902439,0.8212435233160622,0.810958904109589,0.9083094555873925,0.8618412738531531,"[0.9083094555873925, 0.810958904109589]","[0.8212435233160622, 0.9024390243902439]","[0.8625850340136054, 0.8542568542568543]","[0.8212435233160622, 0.9024390243902439]"
SVM,17,4,0.952838140799322,0.8809869375907112,0.9439534975059896,0.7690332543794313,0.7677038500435099,0.8832630098452883,0.8837514491346385,0.8837535014005602,0.9101449275362319,0.8590785907859079,0.8579234972677595,0.9109195402298851,0.8846117591610698,"[0.9109195402298851, 0.8579234972677595]","[0.8590785907859079, 0.9101449275362319]","[0.8842398884239888, 0.8832630098452883]","[0.8590785907859079, 0.9101449275362319]"
SVM,18,4,0.9563410859104101,0.8895204262877442,0.9256054415379077,0.7354286242718387,0.728329850481559,0.8583815028901735,0.8635071053324862,0.8636995827538247,0.9252336448598131,0.8140703517587939,0.8005390835579514,0.9310344827586207,0.8696519983093035,"[0.9310344827586207, 0.8005390835579514]","[0.8140703517587939, 0.9252336448598131]","[0.868632707774799, 0.8583815028901735]","[0.8140703517587939, 0.9252336448598131]"
SVM,19,4,0.9517483585280196,0.8886509635974305,0.950280128645821,0.7510381620519719,0.7480177869797426,0.8688046647230321,0.8737554320919743,0.8739495798319328,0.9113149847094801,0.8423772609819121,0.83008356545961,0.9183098591549296,0.8768461228456961,"[0.9183098591549296, 0.83008356545961]","[0.8423772609819121, 0.9113149847094801]","[0.8787061994609164, 0.8688046647230321]","[0.8423772609819121, 0.9113149847094801]"
SVM,20,4,0.9508798922500664,0.8855400071761751,0.9531131093820373,0.7737249111626116,0.7720002474979504,0.8828571428571429,0.8858730158730159,0.885952712100139,0.9142011834319527,0.8608923884514436,0.8535911602209945,0.9187675070028011,0.8875467859416981,"[0.9187675070028011, 0.8535911602209945]","[0.8608923884514436, 0.9142011834319527]","[0.8888888888888888, 0.8828571428571429]","[0.8608923884514436, 0.9142011834319527]"
SVM,21,5,0.9500817240127966,0.8801727240014394,0.9530714208133564,0.7916306313908974,0.7840059157468245,0.8934426229508197,0.8914805182742767,0.8915159944367177,0.9589442815249267,0.8306878306878307,0.8363171355498721,0.9573170731707317,0.8948160561063787,"[0.9573170731707317, 0.8363171355498721]","[0.8306878306878307, 0.9589442815249267]","[0.8895184135977338, 0.8934426229508197]","[0.8306878306878307, 0.9589442815249267]"
SVM,22,5,0.954656846485467,0.8854014598540146,0.9350750251130084,0.7333236674806799,0.7307226927730723,0.8726790450928382,0.8651229053357365,0.865546218487395,0.9088397790055248,0.8210227272727273,0.8392857142857143,0.8975155279503105,0.864931253139126,"[0.8975155279503105, 0.8392857142857143]","[0.8210227272727273, 0.9088397790055248]","[0.857566765578635, 0.8726790450928382]","[0.8210227272727273, 0.9088397790055248]"
SVM,23,5,0.9533554183459868,0.8895877009084556,0.9352760216069567,0.7482613801419807,0.7447751590687034,0.856687898089172,0.872093949044586,0.8739495798319328,0.9057239057239057,0.8513189448441247,0.8126888217522659,0.9268929503916449,0.8785214252840152,"[0.9268929503916449, 0.8126888217522659]","[0.8513189448441247, 0.9057239057239057]","[0.8875, 0.856687898089172]","[0.8513189448441247, 0.9057239057239057]"
SVM,24,5,0.9529014484590991,0.886396526772793,0.9433698392688307,0.7433259753913896,0.7421573245407442,0.8662790697674418,0.8709773727215588,0.8711484593837535,0.8922155688622755,0.8526315789473684,0.8418079096045198,0.9,0.872423573904822,"[0.9, 0.8418079096045198]","[0.8526315789473684, 0.8922155688622755]","[0.8756756756756757, 0.8662790697674418]","[0.8526315789473684, 0.8922155688622755]"
SVM,25,5,0.9553455099562203,0.8949249463902788,0.9330495900039046,0.7219923985655131,0.7189417014672359,0.8521229868228404,0.8591740761928772,0.8595271210013908,0.8953846153846153,0.8299492385786802,0.8128491620111732,0.9058171745152355,0.8626669269816478,"[0.9058171745152355, 0.8128491620111732]","[0.8299492385786802, 0.8953846153846153]","[0.866225165562914, 0.8521229868228404]","[0.8299492385786802, 0.8953846153846153]"
SVM,26,6,0.9515139128293524,0.8825235678027556,0.9519922149537764,0.7917798524589079,0.7866543523435696,0.8958051420838972,0.8929810303857432,0.8930555555555556,0.9484240687679083,0.8409703504043127,0.8487179487179487,0.9454545454545454,0.8946972095861105,"[0.9454545454545454, 0.8487179487179487]","[0.8409703504043127, 0.9484240687679083]","[0.8901569186875892, 0.8958051420838972]","[0.8409703504043127, 0.9484240687679083]"
SVM,27,6,0.9515879864437555,0.8868393047179851,0.9438809523809523,0.7565812527570495,0.7510903365864152,0.8677563150074294,0.8750934811496857,0.8755244755244755,0.926984126984127,0.835,0.8156424581005587,0.9355742296918768,0.8809920634920635,"[0.9355742296918768, 0.8156424581005587]","[0.835, 0.926984126984127]","[0.8824306472919419, 0.8677563150074294]","[0.835, 0.926984126984127]"
SVM,28,6,0.9553179718444028,0.8867992766726944,0.927861089187056,0.7228786700704697,0.7220548571789089,0.8619246861924686,0.8609481988246643,0.8609550561797753,0.8828571428571429,0.8397790055248618,0.8419618528610354,0.881159420289855,0.8613180741910024,"[0.881159420289855, 0.8419618528610354]","[0.8397790055248618, 0.8828571428571429]","[0.85997171145686, 0.8619246861924686]","[0.8397790055248618, 0.8828571428571429]"
SVM,29,6,0.9535401696112656,0.8857350800582242,0.9417452063698408,0.7416153264137503,0.7386748534574756,0.8739946380697051,0.8690782438903439,0.8692628650904033,0.9131652661064426,0.8259668508287292,0.8380462724935732,0.906060606060606,0.869566058467586,"[0.906060606060606, 0.8380462724935732]","[0.8259668508287292, 0.9131652661064426]","[0.8641618497109826, 0.8739946380697051]","[0.8259668508287292, 0.9131652661064426]"
SVM,30,6,0.9545721332230703,0.8905211612451907,0.9409477699530516,0.7585048207075381,0.752823206398472,0.8594507269789984,0.8759552769629232,0.8781512605042017,0.9236111111111112,0.8474178403755869,0.8036253776435045,0.9425587467362925,0.8855144757433491,"[0.9425587467362925, 0.8036253776435045]","[0.8474178403755869, 0.9236111111111112]","[0.892459826946848, 0.8594507269789984]","[0.8474178403755869, 0.9236111111111112]"
SVM,31,7,0.9566121978336326,0.8905852417302799,0.924938244752746,0.7200541234949964,0.716839512274226,0.8559322033898306,0.8581030879962852,0.8581363004172462,0.8991097922848664,0.8219895287958116,0.816711590296496,0.9022988505747126,0.860549660540339,"[0.9022988505747126, 0.816711590296496]","[0.8219895287958116, 0.8991097922848664]","[0.8602739726027397, 0.8559322033898306]","[0.8219895287958116, 0.8991097922848664]"
SVM,32,7,0.9508140213183432,0.8838896952104499,0.9506120659966815,0.7789449556089583,0.7738234248870386,0.8909825033647375,0.8865392866168665,0.8867132867132868,0.9430199430199431,0.8324175824175825,0.8443877551020408,0.9380804953560371,0.8877187627187628,"[0.9380804953560371, 0.8443877551020408]","[0.8324175824175825, 0.9430199430199431]","[0.8820960698689956, 0.8909825033647375]","[0.8324175824175825, 0.9430199430199431]"
SVM,33,7,0.9529232358872447,0.8822055137844611,0.947242661602975,0.7861871091768565,0.781729554071132,0.8882521489971347,0.8905546459271387,0.8906030855539971,0.9393939393939394,0.8485639686684073,0.842391304347826,0.9420289855072463,0.8939789540311733,"[0.9420289855072463, 0.842391304347826]","[0.8485639686684073, 0.9393939393939394]","[0.8928571428571429, 0.8882521489971347]","[0.8485639686684073, 0.9393939393939394]"
SVM,34,7,0.9527944342844638,0.8920812894183602,0.9413844242254199,0.7344161535767798,0.7315938175170351,0.8517940717628705,0.8655412544328964,0.8669467787114846,0.8950819672131147,0.8459657701711492,0.8125,0.9153439153439153,0.8705238686921319,"[0.9153439153439153, 0.8125]","[0.8459657701711492, 0.8950819672131147]","[0.8792884371029225, 0.8517940717628705]","[0.8459657701711492, 0.8950819672131147]"
SVM,35,7,0.9529387538861811,0.8837876614060258,0.9417505905756558,0.7607131574068429,0.758238997599898,0.8758915834522111,0.8789227252403524,0.8789986091794159,0.9136904761904762,0.8485639686684073,0.8410958904109589,0.9180790960451978,0.8811272224294417,"[0.9180790960451978, 0.8410958904109589]","[0.8485639686684073, 0.9136904761904762]","[0.8819538670284939, 0.8758915834522111]","[0.8485639686684073, 0.9136904761904762]"
SVM,36,8,0.9526829695491911,0.887762490948588,0.9363696942459979,0.7189757783077882,0.7143116158674192,0.859481582537517,0.8566911458786877,0.8567454798331016,0.9104046242774566,0.806970509383378,0.813953488372093,0.9066265060240963,0.8586875668304172,"[0.9066265060240963, 0.813953488372093]","[0.806970509383378, 0.9104046242774566]","[0.8539007092198582, 0.859481582537517]","[0.806970509383378, 0.9104046242774566]"
SVM,37,8,0.9535428619576123,0.8858965272856131,0.9417473435655254,0.7713922353536856,0.768106597893832,0.8802308802308803,0.8838060778359286,0.8839160839160839,0.9242424242424242,0.8493506493506493,0.8402203856749312,0.9289772727272727,0.8867965367965367,"[0.9289772727272727, 0.8402203856749312]","[0.8493506493506493, 0.9242424242424242]","[0.8873812754409769, 0.8802308802308803]","[0.8493506493506493, 0.9242424242424242]"
SVM,38,8,0.9538455045192585,0.8875181422351234,0.9352947639377199,0.731324955207549,0.7285681812837536,0.8680272108843538,0.8640280354566069,0.8641456582633054,0.90625,0.8232044198895028,0.8328981723237598,0.9003021148036254,0.8647272099447514,"[0.9003021148036254, 0.8328981723237598]","[0.8232044198895028, 0.90625]","[0.86002886002886, 0.8680272108843538]","[0.8232044198895028, 0.90625]"
SVM,39,8,0.9520058725118646,0.8876404494382022,0.9497345477570502,0.7634735539464895,0.7587831894510183,0.8644338118022329,0.8790254165394142,0.8807854137447405,0.9217687074829932,0.8520286396181385,0.8138138138138138,0.9394736842105263,0.8868986735505658,"[0.9394736842105263, 0.8138138138138138]","[0.8520286396181385, 0.9217687074829932]","[0.8936170212765957, 0.8644338118022329]","[0.8520286396181385, 0.9217687074829932]"
SVM,40,8,0.954276309645633,0.8873596522998913,0.9377592555191324,0.7539999153718931,0.75245548407562,0.8723098995695839,0.8761009686781793,0.8762169680111266,0.9020771513353115,0.8534031413612565,0.8444444444444444,0.9080779944289693,0.877740146348284,"[0.9080779944289693, 0.8444444444444444]","[0.8534031413612565, 0.9020771513353115]","[0.8798920377867746, 0.8723098995695839]","[0.8534031413612565, 0.9020771513353115]"
SVM,41,9,0.9517763380790132,0.8801457194899818,0.9502160493827161,0.788331419942132,0.7861111111111111,0.8969210174029452,0.892904953145917,0.8930555555555556,0.9305555555555556,0.8555555555555555,0.8656330749354005,0.924924924924925,0.8930555555555555,"[0.924924924924925, 0.8656330749354005]","[0.8555555555555555, 0.9305555555555556]","[0.8888888888888888, 0.8969210174029452]","[0.8555555555555555, 0.9305555555555556]"
SVM,42,9,0.9525625411101547,0.8851540616246498,0.9464810330912027,0.7617891996066207,0.7588369418590307,0.8652931854199684,0.8791874732131288,0.8807854137447405,0.91,0.8595641646489104,0.824773413897281,0.9293193717277487,0.8847820823244552,"[0.9293193717277487, 0.824773413897281]","[0.8595641646489104, 0.91]","[0.8930817610062893, 0.8652931854199684]","[0.8595641646489104, 0.91]"
SVM,43,9,0.9524743249796632,0.8899147727272727,0.9398416676612166,0.7362050337863004,0.73109243697479,0.8571428571428571,0.8650793650793651,0.865546218487395,0.9142857142857143,0.8270676691729323,0.8067226890756303,0.9243697478991597,0.8706766917293233,"[0.9243697478991597, 0.8067226890756303]","[0.8270676691729323, 0.9142857142857143]","[0.873015873015873, 0.8571428571428571]","[0.8270676691729323, 0.9142857142857143]"
SVM,44,9,0.9542558726015801,0.8888094386843046,0.9342030696576152,0.7323725644477965,0.7268439108061749,0.8607954545454546,0.8629046143250689,0.862937062937063,0.9181818181818182,0.8155844155844156,0.8101604278074866,0.9208211143695014,0.8668831168831169,"[0.9208211143695014, 0.8101604278074866]","[0.8155844155844156, 0.9181818181818182]","[0.8650137741046832, 0.8607954545454546]","[0.8155844155844156, 0.9181818181818182]"
SVM,45,9,0.9548222463377602,0.8866204885162231,0.936401874961197,0.7577574383715593,0.7551121653256437,0.8807588075880759,0.8773421545103703,0.8774373259052924,0.9180790960451978,0.8379120879120879,0.8463541666666666,0.9131736526946108,0.8779955919786429,"[0.9131736526946108, 0.8463541666666666]","[0.8379120879120879, 0.9180790960451978]","[0.8739255014326648, 0.8807588075880759]","[0.8379120879120879, 0.9180790960451978]"
SVM,46,10,0.9556852021791455,0.8903225806451613,0.9301253100947776,0.7358321774172736,0.7330347373641165,0.8567119155354449,0.8662644544997486,0.8669467787114846,0.8987341772151899,0.8417085427135679,0.8184438040345822,0.9128065395095368,0.8702213599643789,"[0.9128065395095368, 0.8184438040345822]","[0.8417085427135679, 0.8987341772151899]","[0.8758169934640523, 0.8567119155354449]","[0.8417085427135679, 0.8987341772151899]"
SVM,47,10,0.9521277900416972,0.888809946714032,0.9475192718052898,0.7404850437491667,0.7371303395399781,0.8558282208588958,0.8682694403786865,0.8694444444444445,0.9029126213592233,0.8442822384428224,0.8134110787172012,0.9204244031830239,0.8735974299010228,"[0.9204244031830239, 0.8134110787172012]","[0.8442822384428224, 0.9029126213592233]","[0.8807106598984772, 0.8558282208588958]","[0.8442822384428224, 0.9029126213592233]"
SVM,48,10,0.9549155123293054,0.8852578068264343,0.9269371101259367,0.7173887848395626,0.714124213947573,0.8643617021276596,0.8567370640815812,0.8571428571428571,0.9052924791086351,0.8084507042253521,0.8269720101781171,0.8940809968847352,0.8568715916669936,"[0.8940809968847352, 0.8269720101781171]","[0.8084507042253521, 0.9052924791086351]","[0.849112426035503, 0.8643617021276596]","[0.8084507042253521, 0.9052924791086351]"
SVM,49,10,0.9516450796923825,0.8836874324810947,0.945542911332385,0.7762767798711324,0.7729484575046062,0.8870292887029289,0.8862303444929072,0.8862359550561798,0.9298245614035088,0.845945945945946,0.848,0.9287833827893175,0.8878852536747274,"[0.9287833827893175, 0.848]","[0.845945945945946, 0.9298245614035088]","[0.8854314002828855, 0.8870292887029289]","[0.845945945945946, 0.9298245614035088]"
SVM,50,10,0.9514926620532879,0.8862745098039215,0.9501439423920044,0.7596146433131551,0.7537013975370139,0.8748241912798875,0.8763695716344568,0.8763888888888889,0.933933933933934,0.8268733850129198,0.8227513227513228,0.935672514619883,0.8804036594734269,"[0.935672514619883, 0.8227513227513228]","[0.8268733850129198, 0.933933933933934]","[0.877914951989026, 0.8748241912798875]","[0.8268733850129198, 0.933933933933934]"
