Classifier,Fold,Repeat,train_auc,train_f1_macro,val_auc,val_mcc,val_kappa,val_f1_macro,val_accuracy,val_balanced_accuracy,per_class_precision,per_class_recall,per_class_f1,per_class_accuracy
Gradient Boosting,1,1,0.9876620850663838,0.9353638809395111,0.8626918538572734,0.4981329434082605,0.49568312942428094,0.46218598171545155,0.6717241379310345,0.4484578078606895,"[0.0, 0.4861111111111111, 0.6426116838487973, 0.76, 0.5625]","[0.0, 0.32710280373831774, 0.677536231884058, 0.8546712802768166, 0.3829787234042553]","[0.0, 0.39106145251396646, 0.6596119929453262, 0.8045602605863192, 0.45569620253164556]","[0.0, 0.32710280373831774, 0.677536231884058, 0.8546712802768166, 0.3829787234042553]"
Gradient Boosting,2,1,0.9905728452693443,0.940187079432593,0.8827930800321729,0.5368307214500081,0.5338159677638858,0.5343636472859876,0.6900420757363254,0.5264623029231161,"[0.1111111111111111, 0.5555555555555556, 0.599290780141844, 0.8278145695364238, 0.6666666666666666]","[0.09090909090909091, 0.37735849056603776, 0.7253218884120172, 0.7987220447284346, 0.64]","[0.1, 0.449438202247191, 0.6563106796116505, 0.8130081300813008, 0.6530612244897959]","[0.09090909090909091, 0.37735849056603776, 0.7253218884120172, 0.7987220447284346, 0.64]"
Gradient Boosting,3,1,0.9897081406634074,0.9362088932763182,0.88109247192693,0.5014318482190091,0.49753510629007147,0.5150671445666286,0.6690140845070423,0.5189754942758327,"[0.0, 0.5443037974683544, 0.6053511705685619, 0.7740863787375415, 0.6923076923076923]","[0.0, 0.3333333333333333, 0.6753731343283582, 0.8661710037174721, 0.72]","[0.0, 0.41346153846153844, 0.6384479717813051, 0.8175438596491228, 0.7058823529411765]","[0.0, 0.3333333333333333, 0.6753731343283582, 0.8661710037174721, 0.72]"
Gradient Boosting,4,1,0.9901782078709311,0.9411024922354372,0.8878060744656124,0.5678290494402937,0.5662335412852804,0.550837737115321,0.7134831460674157,0.5474178839743841,"[0.3333333333333333, 0.4725274725274725, 0.7517985611510791, 0.7625418060200669, 0.6585365853658537]","[0.05555555555555555, 0.4942528735632184, 0.6989966555183946, 0.8603773584905661, 0.627906976744186]","[0.09523809523809523, 0.48314606741573035, 0.7244367417677643, 0.8085106382978723, 0.6428571428571429]","[0.05555555555555555, 0.4942528735632184, 0.6989966555183946, 0.8603773584905661, 0.627906976744186]"
Gradient Boosting,5,1,0.9903901766971754,0.9414649170745525,0.8597832775421568,0.5191933926901213,0.51798837600269,0.4749583872217876,0.6902777777777778,0.4706696356925052,"[0.0, 0.3559322033898305, 0.6655172413793103, 0.7907692307692308, 0.6046511627906976]","[0.0, 0.2625, 0.7201492537313433, 0.8290322580645161, 0.5416666666666666]","[0.0, 0.302158273381295, 0.6917562724014337, 0.8094488188976378, 0.5714285714285714]","[0.0, 0.2625, 0.7201492537313433, 0.8290322580645161, 0.5416666666666666]"
Gradient Boosting,6,2,0.9886315880240077,0.9279469717050759,0.8714095890202561,0.5756593140603186,0.5745286037664292,0.5215507433894881,0.7214484679665738,0.5197207341113502,"[0.0, 0.5079365079365079, 0.6845878136200717, 0.8253968253968254, 0.625]","[0.0, 0.367816091954023, 0.7519685039370079, 0.8306709265175719, 0.6481481481481481]","[0.0, 0.4266666666666667, 0.7166979362101313, 0.8280254777070064, 0.6363636363636364]","[0.0, 0.367816091954023, 0.7519685039370079, 0.8306709265175719, 0.6481481481481481]"
Gradient Boosting,7,2,0.9896729015637342,0.9351004936200396,0.8814708276054712,0.5611844455554641,0.5596251825987815,0.5166551769719187,0.7138888888888889,0.4951493700660149,"[0.0, 0.5949367088607594, 0.7044673539518901, 0.7770700636942676, 0.6923076923076923]","[0.0, 0.46078431372549017, 0.7167832167832168, 0.8591549295774648, 0.43902439024390244]","[0.0, 0.5193370165745856, 0.7105719237435009, 0.8160535117056856, 0.5373134328358209]","[0.0, 0.46078431372549017, 0.7167832167832168, 0.8591549295774648, 0.43902439024390244]"
Gradient Boosting,8,2,0.9909723171795507,0.948032867633161,0.8593473076581806,0.48256670917065675,0.4808416429462278,0.5129130449567674,0.6634214186369958,0.4935228189855777,"[0.375, 0.37735849056603776, 0.6503496503496503, 0.7331288343558282, 0.6304347826086957]","[0.17647058823529413, 0.2597402597402597, 0.657243816254417, 0.8269896193771626, 0.5471698113207547]","[0.24, 0.3076923076923077, 0.6537785588752196, 0.7772357723577236, 0.5858585858585859]","[0.17647058823529413, 0.2597402597402597, 0.657243816254417, 0.8269896193771626, 0.5471698113207547]"
Gradient Boosting,9,2,0.9907797466683663,0.9387777356984051,0.8822404109128892,0.5372745375759485,0.5326206140350878,0.5089531225955549,0.6914446002805049,0.49865006679428736,"[0.0, 0.6285714285714286, 0.6258278145695364, 0.7980132450331126, 0.6333333333333333]","[0.0, 0.36363636363636365, 0.7470355731225297, 0.8397212543554007, 0.5428571428571428]","[0.0, 0.4607329842931937, 0.6810810810810811, 0.8183361629881154, 0.5846153846153846]","[0.0, 0.36363636363636365, 0.7470355731225297, 0.8397212543554007, 0.5428571428571428]"
Gradient Boosting,10,2,0.9910960693195857,0.9385503827641971,0.8553152520098258,0.4788020084878056,0.47617191014605764,0.4766868783085093,0.6535211267605634,0.4719820034693593,"[0.14285714285714285, 0.46987951807228917, 0.6116504854368932, 0.7864768683274022, 0.4666666666666667]","[0.058823529411764705, 0.319672131147541, 0.7052238805970149, 0.8095238095238095, 0.4666666666666667]","[0.08333333333333333, 0.3804878048780488, 0.6551126516464472, 0.7978339350180506, 0.4666666666666667]","[0.058823529411764705, 0.319672131147541, 0.7052238805970149, 0.8095238095238095, 0.4666666666666667]"
Gradient Boosting,11,3,0.9904409442749935,0.9420742190474343,0.8753655005211354,0.49416254954103106,0.4928622732986174,0.47957901531514546,0.6685314685314685,0.47476735102038575,"[0.0, 0.42168674698795183, 0.6203389830508474, 0.8052805280528053, 0.5925925925925926]","[0.0, 0.33980582524271846, 0.6879699248120301, 0.8299319727891157, 0.5161290322580645]","[0.0, 0.3763440860215054, 0.6524064171122995, 0.8174204355108877, 0.5517241379310345]","[0.0, 0.33980582524271846, 0.6879699248120301, 0.8299319727891157, 0.5161290322580645]"
Gradient Boosting,12,3,0.9909301057346257,0.9401631578631422,0.8741908358082064,0.5173612875164245,0.5124467548108855,0.4887992024528337,0.676923076923077,0.4745451880445083,"[0.0, 0.53125, 0.6338461538461538, 0.7841726618705036, 0.6666666666666666]","[0.0, 0.2956521739130435, 0.7657992565055762, 0.8014705882352942, 0.5098039215686274]","[0.0, 0.37988826815642457, 0.6936026936026936, 0.7927272727272727, 0.5777777777777777]","[0.0, 0.2956521739130435, 0.7657992565055762, 0.8014705882352942, 0.5098039215686274]"
Gradient Boosting,13,3,0.9896880494649641,0.9313423237094881,0.8674801601957041,0.5126969556935569,0.5103322718119234,0.5066519416858903,0.6754874651810585,0.5011165417617031,"[0.0, 0.5211267605633803, 0.6375838926174496, 0.7666666666666667, 0.6829268292682927]","[0.0, 0.33636363636363636, 0.6810035842293907, 0.8518518518518519, 0.6363636363636364]","[0.0, 0.4088397790055249, 0.658578856152513, 0.8070175438596491, 0.6588235294117647]","[0.0, 0.33636363636363636, 0.6810035842293907, 0.8518518518518519, 0.6363636363636364]"
Gradient Boosting,14,3,0.9902286814628505,0.9423995004502705,0.8660816648124804,0.5652024724259316,0.5637243343113582,0.5607160373346453,0.7124824684431977,0.5368621526340779,"[0.3333333333333333, 0.5308641975308642, 0.6900369003690037, 0.786833855799373, 0.6944444444444444]","[0.14285714285714285, 0.43, 0.7110266159695817, 0.8685121107266436, 0.5319148936170213]","[0.2, 0.47513812154696133, 0.700374531835206, 0.8256578947368421, 0.6024096385542169]","[0.14285714285714285, 0.43, 0.7110266159695817, 0.8685121107266436, 0.5319148936170213]"
Gradient Boosting,15,3,0.9909987437332903,0.9370524374815028,0.8839380312130052,0.5058431202496552,0.5044022498345709,0.4985174404088323,0.6870653685674548,0.48369126468342405,"[0.16666666666666666, 0.45901639344262296, 0.6539923954372624, 0.7718309859154929, 0.5588235294117647]","[0.1, 0.345679012345679, 0.6441947565543071, 0.8535825545171339, 0.475]","[0.125, 0.39436619718309857, 0.6490566037735849, 0.8106508875739645, 0.5135135135135135]","[0.1, 0.345679012345679, 0.6441947565543071, 0.8535825545171339, 0.475]"
Gradient Boosting,16,4,0.9898000039786167,0.9380601942990797,0.8805825652106535,0.5293246410709486,0.5284962735642262,0.5021497755604017,0.694560669456067,0.5036572055711834,"[0.0, 0.4, 0.698961937716263, 0.7766990291262136, 0.6341463414634146]","[0.0, 0.35294117647058826, 0.6801346801346801, 0.851063829787234, 0.6341463414634146]","[0.0, 0.375, 0.689419795221843, 0.8121827411167513, 0.6341463414634146]","[0.0, 0.35294117647058826, 0.6801346801346801, 0.851063829787234, 0.6341463414634146]"
Gradient Boosting,17,4,0.9895942394398481,0.9389791753104454,0.8885225622928804,0.5503456649583509,0.5497513632978597,0.5435590745579257,0.7058823529411765,0.5271489445330948,"[0.3333333333333333, 0.3333333333333333, 0.6811594202898551, 0.8012618296529969, 0.7272727272727273]","[0.15384615384615385, 0.2777777777777778, 0.6988847583643123, 0.8494983277591973, 0.6557377049180327]","[0.21052631578947367, 0.30303030303030304, 0.689908256880734, 0.8246753246753247, 0.6896551724137931]","[0.15384615384615385, 0.2777777777777778, 0.6988847583643123, 0.8494983277591973, 0.6557377049180327]"
Gradient Boosting,18,4,0.9900015016402144,0.9375029889142394,0.878028364061708,0.5210951365803344,0.5178648299612569,0.5037443570951068,0.6845070422535211,0.5001841744268803,"[0.0, 0.5441176470588235, 0.6245847176079734, 0.7940199335548173, 0.6285714285714286]","[0.0, 0.3425925925925926, 0.7315175097276264, 0.8156996587030717, 0.6111111111111112]","[0.0, 0.42045454545454547, 0.6738351254480287, 0.8047138047138047, 0.6197183098591549]","[0.0, 0.3425925925925926, 0.7315175097276264, 0.8156996587030717, 0.6111111111111112]"
Gradient Boosting,19,4,0.990724142963917,0.9395773860840506,0.870745147472786,0.5256483885404474,0.5216433115722068,0.4953940186466214,0.6884561891515995,0.4846025462628555,"[0.0, 0.5571428571428572, 0.6595744680851063, 0.7514970059880239, 0.6333333333333333]","[0.0, 0.36792452830188677, 0.6714801444043321, 0.8964285714285715, 0.48717948717948717]","[0.0, 0.4431818181818182, 0.6654740608228981, 0.8175895765472313, 0.5507246376811594]","[0.0, 0.36792452830188677, 0.6714801444043321, 0.8964285714285715, 0.48717948717948717]"
Gradient Boosting,20,4,0.991325307218905,0.9376183605829235,0.8635133765063607,0.5028991114923512,0.4968422151469284,0.5182161492230976,0.6652777777777777,0.5050778555628241,"[0.2, 0.6153846153846154, 0.5663430420711975, 0.7966101694915254, 0.6060606060606061]","[0.1, 0.34782608695652173, 0.7172131147540983, 0.8047945205479452, 0.5555555555555556]","[0.13333333333333333, 0.4444444444444444, 0.6329113924050633, 0.8006814310051107, 0.5797101449275363]","[0.1, 0.34782608695652173, 0.7172131147540983, 0.8047945205479452, 0.5555555555555556]"
Gradient Boosting,21,5,0.9916832655048406,0.9441846186317843,0.85101463182316,0.5020671293702739,0.5006899799414039,0.5267694263283615,0.6759388038942976,0.4984847695253632,"[0.5, 0.37037037037037035, 0.6472602739726028, 0.7753164556962026, 0.7692307692307693]","[0.11764705882352941, 0.30612244897959184, 0.6774193548387096, 0.8506944444444444, 0.5405405405405406]","[0.19047619047619047, 0.33519553072625696, 0.6619964973730298, 0.8112582781456954, 0.6349206349206349]","[0.11764705882352941, 0.30612244897959184, 0.6774193548387096, 0.8506944444444444, 0.5405405405405406]"
Gradient Boosting,22,5,0.9917678085165356,0.9448892312539755,0.89606541168146,0.5614285119158344,0.5598709936775939,0.5253552619833973,0.7204450625869263,0.5258555326926604,"[0.0, 0.4603174603174603, 0.7224334600760456, 0.7780979827089337, 0.6744186046511628]","[0.0, 0.3972602739726027, 0.6761565836298933, 0.8653846153846154, 0.6904761904761905]","[0.0, 0.4264705882352941, 0.6985294117647058, 0.8194233687405159, 0.6823529411764706]","[0.0, 0.3972602739726027, 0.6761565836298933, 0.8653846153846154, 0.6904761904761905]"
Gradient Boosting,23,5,0.9907613048311047,0.9374451912443144,0.8805462421253155,0.4798022041482339,0.47884124657670235,0.5016588677585168,0.6498599439775911,0.5110069647898333,"[0.0, 0.47959183673469385, 0.6166666666666667, 0.7686567164179104, 0.6190476190476191]","[0.0, 0.376, 0.6583629893238434, 0.7984496124031008, 0.7222222222222222]","[0.0, 0.42152466367713004, 0.6368330464716007, 0.7832699619771863, 0.6666666666666666]","[0.0, 0.376, 0.6583629893238434, 0.7984496124031008, 0.7222222222222222]"
Gradient Boosting,24,5,0.9916070494929047,0.9388731796439009,0.8782176658793219,0.5244376403198578,0.5218419825866397,0.5016910136766728,0.6796657381615598,0.49442526682750493,"[0.0, 0.5373134328358209, 0.6188811188811189, 0.7901639344262295, 0.6538461538461539]","[0.0, 0.3364485981308411, 0.7023809523809523, 0.8368055555555556, 0.5964912280701754]","[0.0, 0.41379310344827586, 0.6579925650557621, 0.8128161888701517, 0.6238532110091743]","[0.0, 0.3364485981308411, 0.7023809523809523, 0.8368055555555556, 0.5964912280701754]"
Gradient Boosting,25,5,0.9899014291165017,0.9362630391029357,0.870989249740631,0.5074865383925159,0.5040821015547217,0.47119982226030926,0.6788732394366197,0.45406526799688807,"[0.0, 0.5384615384615384, 0.6105263157894737, 0.7859327217125383, 0.6153846153846154]","[0.0, 0.330188679245283, 0.6932270916334662, 0.8566666666666667, 0.3902439024390244]","[0.0, 0.4093567251461988, 0.6492537313432836, 0.8197767145135566, 0.47761194029850745]","[0.0, 0.330188679245283, 0.6932270916334662, 0.8566666666666667, 0.3902439024390244]"
Gradient Boosting,26,6,0.9904069163097274,0.9367070156688465,0.8764984049705106,0.5088719200158536,0.5063163798552441,0.48918383711388697,0.6736694677871149,0.48603444361067777,"[0.0, 0.5362318840579711, 0.6372881355932203, 0.7631578947368421, 0.5714285714285714]","[0.0, 0.3490566037735849, 0.704119850187266, 0.8315412186379928, 0.5454545454545454]","[0.0, 0.4228571428571429, 0.6690391459074733, 0.7958833619210978, 0.5581395348837209]","[0.0, 0.3490566037735849, 0.704119850187266, 0.8315412186379928, 0.5454545454545454]"
Gradient Boosting,27,6,0.9904081900879266,0.9397516079446566,0.8752452577926725,0.5148452792375178,0.5136493604213694,0.5096227354119466,0.6839160839160839,0.4924820747520976,"[0.25, 0.4027777777777778, 0.6450511945392492, 0.7961165048543689, 0.6486486486486487]","[0.08333333333333333, 0.31521739130434784, 0.7105263157894737, 0.82, 0.5333333333333333]","[0.125, 0.35365853658536583, 0.6762075134168157, 0.8078817733990148, 0.5853658536585366]","[0.08333333333333333, 0.31521739130434784, 0.7105263157894737, 0.82, 0.5333333333333333]"
Gradient Boosting,28,6,0.9904792777105398,0.940311292188986,0.8691170169232401,0.49983568343188844,0.49906016121406416,0.5397975082992287,0.6685082872928176,0.5286765877911251,"[0.42857142857142855, 0.46511627906976744, 0.6558441558441559, 0.7809187279151943, 0.45454545454545453]","[0.3157894736842105, 0.3669724770642202, 0.696551724137931, 0.8095238095238095, 0.45454545454545453]","[0.36363636363636365, 0.41025641025641024, 0.6755852842809364, 0.7949640287769785, 0.45454545454545453]","[0.3157894736842105, 0.3669724770642202, 0.696551724137931, 0.8095238095238095, 0.45454545454545453]"
Gradient Boosting,29,6,0.9896294216425001,0.9333533662057907,0.8804082179022765,0.5678371384767217,0.5659560475694634,0.552740258113688,0.725,0.5437628359539122,"[1.0, 0.509090909090909, 0.6774193548387096, 0.8128654970760234, 0.6046511627906976]","[0.1, 0.3146067415730337, 0.7186311787072244, 0.8633540372670807, 0.7222222222222222]","[0.18181818181818182, 0.3888888888888889, 0.6974169741697417, 0.8373493975903614, 0.6582278481012658]","[0.1, 0.3146067415730337, 0.7186311787072244, 0.8633540372670807, 0.7222222222222222]"
Gradient Boosting,30,6,0.9905227576687157,0.9415470689173242,0.8820245029613945,0.513918573200759,0.5109625220088874,0.49784177977704464,0.6732673267326733,0.4832469068002886,"[0.0, 0.4861111111111111, 0.6289752650176679, 0.7656765676567657, 0.7560975609756098]","[0.0, 0.30973451327433627, 0.689922480620155, 0.8529411764705882, 0.5636363636363636]","[0.0, 0.3783783783783784, 0.6580406654343808, 0.8069565217391305, 0.6458333333333334]","[0.0, 0.30973451327433627, 0.689922480620155, 0.8529411764705882, 0.5636363636363636]"
Gradient Boosting,31,7,0.9887336377037093,0.9364992472303172,0.874379076731523,0.5393537657796817,0.5363530360939184,0.5112544486434197,0.6954102920723226,0.507011523478027,"[0.1111111111111111, 0.5660377358490566, 0.6666666666666666, 0.7919463087248322, 0.54]","[0.05555555555555555, 0.3157894736842105, 0.762962962962963, 0.8137931034482758, 0.5869565217391305]","[0.07407407407407407, 0.40540540540540543, 0.7115716753022453, 0.8027210884353742, 0.5625]","[0.05555555555555555, 0.3157894736842105, 0.762962962962963, 0.8137931034482758, 0.5869565217391305]"
Gradient Boosting,32,7,0.9904639389449788,0.9352284994467978,0.8602064549081749,0.5244638039542249,0.5222756014201412,0.5102076862474128,0.6890756302521008,0.4900981952428897,"[0.0, 0.5967741935483871, 0.6142322097378277, 0.7784431137724551, 0.7380952380952381]","[0.0, 0.37373737373737376, 0.6666666666666666, 0.8360128617363344, 0.5740740740740741]","[0.0, 0.45962732919254656, 0.6393762183235867, 0.8062015503875969, 0.6458333333333334]","[0.0, 0.37373737373737376, 0.6666666666666666, 0.8360128617363344, 0.5740740740740741]"
Gradient Boosting,33,7,0.9887697475592251,0.9314203675737511,0.8692871085721287,0.5496462405926621,0.5488586747912868,0.520023396044266,0.7040673211781207,0.5211011668743628,"[0.0, 0.4725274725274725, 0.678030303030303, 0.8132911392405063, 0.6388888888888888]","[0.0, 0.4095238095238095, 0.6556776556776557, 0.8831615120274914, 0.6571428571428571]","[0.0, 0.4387755102040816, 0.6666666666666666, 0.8467874794069192, 0.647887323943662]","[0.0, 0.4095238095238095, 0.6556776556776557, 0.8831615120274914, 0.6571428571428571]"
Gradient Boosting,34,7,0.990826644363507,0.9373892152853689,0.8574461948782719,0.47391503778929395,0.4720459397776633,0.46859035287889467,0.6541666666666667,0.4646457206528319,"[0.0, 0.4411764705882353, 0.6332288401253918, 0.7587412587412588, 0.5641025641025641]","[0.0, 0.29411764705882354, 0.7062937062937062, 0.7862318840579711, 0.5365853658536586]","[0.0, 0.35294117647058826, 0.6677685950413224, 0.7722419928825622, 0.55]","[0.0, 0.29411764705882354, 0.7062937062937062, 0.7862318840579711, 0.5365853658536586]"
Gradient Boosting,35,7,0.9891032713146318,0.9357155276674837,0.8873319866058516,0.5433699203771375,0.5379402291963149,0.569693194871604,0.6974789915966386,0.5470315420343502,"[0.42857142857142855, 0.5192307692307693, 0.645367412140575, 0.7901639344262295, 0.7333333333333333]","[0.2727272727272727, 0.25, 0.7509293680297398, 0.8669064748201439, 0.5945945945945946]","[0.3333333333333333, 0.3375, 0.6941580756013745, 0.8267581475128645, 0.6567164179104478]","[0.2727272727272727, 0.25, 0.7509293680297398, 0.8669064748201439, 0.5945945945945946]"
Gradient Boosting,36,8,0.9894910812652353,0.9361794118587643,0.8998245662225518,0.5272604235279427,0.5269168670925527,0.5356370269190174,0.697350069735007,0.5222329595655112,"[0.5, 0.3968253968253968, 0.6724738675958188, 0.8095238095238095, 0.5208333333333334]","[0.18181818181818182, 0.352112676056338, 0.7121771217712177, 0.796875, 0.5681818181818182]","[0.26666666666666666, 0.373134328358209, 0.6917562724014337, 0.8031496062992126, 0.5434782608695652]","[0.18181818181818182, 0.352112676056338, 0.7121771217712177, 0.796875, 0.5681818181818182]"
Gradient Boosting,37,8,0.9909028185453878,0.938982333496018,0.8737966544564459,0.4860118369157757,0.4839866272590726,0.4927827441810285,0.6619718309859155,0.4896603795509405,"[0.0, 0.36585365853658536, 0.6484641638225256, 0.7574750830564784, 0.7333333333333333]","[0.0, 0.29411764705882354, 0.6418918918918919, 0.8837209302325582, 0.6285714285714286]","[0.0, 0.32608695652173914, 0.6451612903225806, 0.815742397137746, 0.676923076923077]","[0.0, 0.29411764705882354, 0.6418918918918919, 0.8837209302325582, 0.6285714285714286]"
Gradient Boosting,38,8,0.9904233701706738,0.9430110674034171,0.8717427662310294,0.5328577040652219,0.5245690349605284,0.5157433506644014,0.6825174825174826,0.5151515449557975,"[0.0, 0.6440677966101694, 0.60062893081761, 0.7918088737201365, 0.6923076923076923]","[0.0, 0.2992125984251969, 0.764, 0.8375451263537906, 0.675]","[0.0, 0.40860215053763443, 0.6725352112676056, 0.8140350877192982, 0.6835443037974683]","[0.0, 0.2992125984251969, 0.764, 0.8375451263537906, 0.675]"
Gradient Boosting,39,8,0.9912186233007478,0.9411719079177556,0.875869931500277,0.47813595914847046,0.4765554152812105,0.48693290546535073,0.6573816155988857,0.47460972157892034,"[0.125, 0.463768115942029, 0.6042402826855123, 0.7704402515723271, 0.575]","[0.1, 0.32, 0.6732283464566929, 0.8006535947712419, 0.4791666666666667]","[0.1111111111111111, 0.378698224852071, 0.6368715083798883, 0.7852564102564102, 0.5227272727272727]","[0.1, 0.32, 0.6732283464566929, 0.8006535947712419, 0.4791666666666667]"
Gradient Boosting,40,8,0.9889234697269002,0.9315735555374483,0.8596873165786029,0.5667547516868904,0.5622777376086411,0.5117110753880298,0.7138888888888889,0.49811342199812375,"[0.0, 0.6037735849056604, 0.6754098360655738, 0.8038585209003215, 0.6666666666666666]","[0.0, 0.29357798165137616, 0.7545787545787546, 0.8771929824561403, 0.5652173913043478]","[0.0, 0.3950617283950617, 0.71280276816609, 0.8389261744966443, 0.611764705882353]","[0.0, 0.29357798165137616, 0.7545787545787546, 0.8771929824561403, 0.5652173913043478]"
Gradient Boosting,41,9,0.9896547251758336,0.9366062513894994,0.8635964910261705,0.533143755533713,0.5325964741073891,0.49255480121222456,0.6974789915966386,0.48376231460586555,"[0.0, 0.5, 0.6816608996539792, 0.7947882736156352, 0.5454545454545454]","[0.0, 0.4105263157894737, 0.696113074204947, 0.8384879725085911, 0.47368421052631576]","[0.0, 0.4508670520231214, 0.6888111888111889, 0.8160535117056856, 0.5070422535211268]","[0.0, 0.4105263157894737, 0.696113074204947, 0.8384879725085911, 0.47368421052631576]"
Gradient Boosting,42,9,0.9902340704212158,0.9354789070791085,0.8371409839513385,0.4944004761287968,0.4887590085107869,0.5195828887207219,0.6554621848739496,0.5071357129258109,"[0.2, 0.5897435897435898, 0.6139240506329114, 0.7256317689530686, 0.6842105263157895]","[0.07692307692307693, 0.323943661971831, 0.7028985507246377, 0.8410041841004184, 0.5909090909090909]","[0.1111111111111111, 0.41818181818181815, 0.6554054054054054, 0.7790697674418605, 0.6341463414634146]","[0.07692307692307693, 0.323943661971831, 0.7028985507246377, 0.8410041841004184, 0.5909090909090909]"
Gradient Boosting,43,9,0.9900395263339137,0.9406850764095342,0.8812705486953488,0.5505327814353231,0.5486051993472388,0.5147308417273793,0.7110799438990182,0.4978111752305301,"[0.3333333333333333, 0.38095238095238093, 0.6618705035971223, 0.8160237388724035, 0.71875]","[0.047619047619047616, 0.2962962962962963, 0.7104247104247104, 0.8870967741935484, 0.5476190476190477]","[0.08333333333333333, 0.3333333333333333, 0.6852886405959032, 0.8500772797527048, 0.6216216216216216]","[0.047619047619047616, 0.2962962962962963, 0.7104247104247104, 0.8870967741935484, 0.5476190476190477]"
Gradient Boosting,44,9,0.9909832473800229,0.9436373304082022,0.8961945873483552,0.5553661090047965,0.5524554258622358,0.5496021794403044,0.7055555555555556,0.5336372031991556,"[0.2, 0.5409836065573771, 0.6666666666666666, 0.7934426229508197, 0.7073170731707317]","[0.13333333333333333, 0.3235294117647059, 0.7481481481481481, 0.8461538461538461, 0.6170212765957447]","[0.16, 0.4049079754601227, 0.7050610820244329, 0.8189509306260575, 0.6590909090909091]","[0.13333333333333333, 0.3235294117647059, 0.7481481481481481, 0.8461538461538461, 0.6170212765957447]"
Gradient Boosting,45,9,0.9901108364782466,0.9406079689434879,0.8813529329757971,0.491569090826265,0.4906052415369777,0.47174460887169134,0.6689847009735744,0.4821030631353665,"[0.0, 0.4461538461538462, 0.6187050359712231, 0.7987421383647799, 0.48148148148148145]","[0.0, 0.3258426966292135, 0.671875, 0.79375, 0.6190476190476191]","[0.0, 0.37662337662337664, 0.6441947565543071, 0.7962382445141066, 0.5416666666666666]","[0.0, 0.3258426966292135, 0.671875, 0.79375, 0.6190476190476191]"
Gradient Boosting,46,10,0.9899362377878413,0.9385774419149164,0.8737236923309503,0.5599160255559841,0.5598477296995117,0.5281799852048688,0.7064606741573034,0.5320142131071918,"[0.0, 0.5353535353535354, 0.6813186813186813, 0.8310344827586207, 0.575]","[0.0, 0.53, 0.6966292134831461, 0.8281786941580757, 0.6052631578947368]","[0.0, 0.5326633165829145, 0.6888888888888889, 0.8296041308089501, 0.5897435897435898]","[0.0, 0.53, 0.6966292134831461, 0.8281786941580757, 0.6052631578947368]"
Gradient Boosting,47,10,0.9913728409958917,0.9365237091680851,0.8309909259148605,0.5301410120381393,0.5285613550961101,0.49112241068551893,0.6979020979020979,0.48010557504174767,"[0.0, 0.5238095238095238, 0.6802973977695167, 0.7669616519174042, 0.575]","[0.0, 0.3707865168539326, 0.6828358208955224, 0.8469055374592834, 0.5]","[0.0, 0.4342105263157895, 0.6815642458100558, 0.804953560371517, 0.5348837209302325]","[0.0, 0.3707865168539326, 0.6828358208955224, 0.8469055374592834, 0.5]"
Gradient Boosting,48,10,0.9902386906331555,0.9460652114197428,0.8667834103223356,0.49794422470865857,0.489613488885422,0.5012891148931231,0.6629834254143646,0.48838877855875784,"[0.3333333333333333, 0.5272727272727272, 0.5865102639296188, 0.7916666666666666, 0.6176470588235294]","[0.08, 0.2457627118644068, 0.7575757575757576, 0.8201438848920863, 0.5384615384615384]","[0.12903225806451613, 0.3352601156069364, 0.6611570247933884, 0.8056537102473498, 0.5753424657534246]","[0.08, 0.2457627118644068, 0.7575757575757576, 0.8201438848920863, 0.5384615384615384]"
Gradient Boosting,49,10,0.9897861452360747,0.9336033236011343,0.8919672885363432,0.5201709518850482,0.5181413478677978,0.4994280719280719,0.6876750700280112,0.49257683452168755,"[0.0, 0.5081967213114754, 0.6397058823529411, 0.7673716012084593, 0.6666666666666666]","[0.0, 0.31313131313131315, 0.6796875, 0.8300653594771242, 0.64]","[0.0, 0.3875, 0.6590909090909091, 0.7974882260596546, 0.6530612244897959]","[0.0, 0.31313131313131315, 0.6796875, 0.8300653594771242, 0.64]"
Gradient Boosting,50,10,0.9886263241911205,0.9326442570413225,0.8743946945737587,0.5194312938519495,0.5172671327000059,0.4826218649954038,0.6839160839160839,0.4742043456705667,"[0.0, 0.3924050632911392, 0.6742671009771987, 0.7811447811447811, 0.6551724137931034]","[0.0, 0.30097087378640774, 0.7162629757785467, 0.8787878787878788, 0.475]","[0.0, 0.34065934065934067, 0.6946308724832215, 0.8270944741532977, 0.5507246376811594]","[0.0, 0.30097087378640774, 0.7162629757785467, 0.8787878787878788, 0.475]"
KNN,1,1,0.9514428610101154,0.6616229952374804,0.7549750863413852,0.47151090518659045,0.4698393275939926,0.4430302524846577,0.6537931034482759,0.42596286605637756,"[0.0, 0.4329896907216495, 0.6219081272084805, 0.7577639751552795, 0.7058823529411765]","[0.0, 0.3925233644859813, 0.6376811594202898, 0.8442906574394463, 0.2553191489361702]","[0.0, 0.4117647058823529, 0.629695885509839, 0.7986906710310966, 0.375]","[0.0, 0.3925233644859813, 0.6376811594202898, 0.8442906574394463, 0.2553191489361702]"
KNN,2,1,0.9517512103769905,0.6842071456013844,0.7915191645992522,0.44677950275020467,0.4443224848814761,0.48534888228176565,0.6325385694249649,0.4600252954029139,"[0.2857142857142857, 0.43, 0.5265017667844523, 0.8013245033112583, 0.7142857142857143]","[0.18181818181818182, 0.4056603773584906, 0.6394849785407726, 0.7731629392971247, 0.3]","[0.2222222222222222, 0.4174757281553398, 0.5775193798449613, 0.7869918699186992, 0.4225352112676056]","[0.18181818181818182, 0.4056603773584906, 0.6394849785407726, 0.7731629392971247, 0.3]"
KNN,3,1,0.9499047655072017,0.6536507101135985,0.7897548648301437,0.4586864518065951,0.45707911261447676,0.4673007050104417,0.6408450704225352,0.4621442936609423,"[0.0, 0.42857142857142855, 0.5915492957746479, 0.7692307692307693, 0.6]","[0.0, 0.3488372093023256, 0.6268656716417911, 0.8550185873605948, 0.48]","[0.0, 0.38461538461538464, 0.6086956521739131, 0.8098591549295775, 0.5333333333333333]","[0.0, 0.3488372093023256, 0.6268656716417911, 0.8550185873605948, 0.48]"
KNN,4,1,0.9496167233130863,0.6435360228861196,0.7966595008612387,0.4852161069192512,0.48309545274670995,0.4752290064597786,0.6573033707865169,0.46786271910567595,"[0.2, 0.37719298245614036, 0.7132352941176471, 0.7297297297297297, 0.56]","[0.05555555555555555, 0.4942528735632184, 0.6488294314381271, 0.8150943396226416, 0.32558139534883723]","[0.08695652173913043, 0.42786069651741293, 0.6795096322241682, 0.7700534759358288, 0.4117647058823529]","[0.05555555555555555, 0.4942528735632184, 0.6488294314381271, 0.8150943396226416, 0.32558139534883723]"
KNN,5,1,0.949831981347535,0.6653734332372307,0.7583481762515392,0.4775730432046378,0.47612118005027115,0.4538379849684072,0.6638888888888889,0.44402222757181836,"[0.0, 0.3230769230769231, 0.6291390728476821, 0.7753164556962026, 0.6285714285714286]","[0.0, 0.2625, 0.7089552238805971, 0.7903225806451613, 0.4583333333333333]","[0.0, 0.2896551724137931, 0.6666666666666666, 0.7827476038338658, 0.5301204819277109]","[0.0, 0.2625, 0.7089552238805971, 0.7903225806451613, 0.4583333333333333]"
KNN,6,2,0.9490165153600142,0.6460443541915377,0.7755012527803029,0.4925188389853503,0.49182653276672683,0.4673236907554725,0.6685236768802229,0.45373767153917555,"[0.0, 0.38271604938271603, 0.6236162361623616, 0.7932098765432098, 0.6571428571428571]","[0.0, 0.3563218390804598, 0.6653543307086615, 0.8210862619808307, 0.42592592592592593]","[0.0, 0.36904761904761907, 0.6438095238095238, 0.8069073783359497, 0.5168539325842697]","[0.0, 0.3563218390804598, 0.6653543307086615, 0.8210862619808307, 0.42592592592592593]"
KNN,7,2,0.9477422444524851,0.6709871071243191,0.8338604373039111,0.4904153190024401,0.4894233060959068,0.47179694580597975,0.6652777777777777,0.455171090352047,"[0.0, 0.43243243243243246, 0.6654545454545454, 0.7572815533980582, 0.7368421052631579]","[0.0, 0.47058823529411764, 0.6398601398601399, 0.823943661971831, 0.34146341463414637]","[0.0, 0.4507042253521127, 0.6524064171122995, 0.7892074198988196, 0.4666666666666667]","[0.0, 0.47058823529411764, 0.6398601398601399, 0.823943661971831, 0.34146341463414637]"
KNN,8,2,0.9531756207468167,0.6490852023726006,0.7724688809754718,0.40575530532252996,0.40420521747424654,0.41835747734536016,0.6133518776077886,0.4074080122545176,"[0.0, 0.25316455696202533, 0.6057347670250897, 0.7073170731707317, 0.6666666666666666]","[0.0, 0.2597402597402597, 0.5971731448763251, 0.8027681660899654, 0.37735849056603776]","[0.0, 0.2564102564102564, 0.6014234875444839, 0.7520259319286872, 0.4819277108433735]","[0.0, 0.2597402597402597, 0.5971731448763251, 0.8027681660899654, 0.37735849056603776]"
KNN,9,2,0.9495276010166982,0.6529806773282311,0.7717561732324187,0.4772998904155215,0.4751751157544817,0.5048075745178144,0.6521739130434783,0.4793308743530189,"[0.3333333333333333, 0.4631578947368421, 0.5748299319727891, 0.7966101694915254, 0.6521739130434783]","[0.11764705882352941, 0.36363636363636365, 0.6679841897233202, 0.818815331010453, 0.42857142857142855]","[0.17391304347826086, 0.4074074074074074, 0.6179159049360147, 0.8075601374570447, 0.5172413793103449]","[0.11764705882352941, 0.36363636363636365, 0.6679841897233202, 0.818815331010453, 0.42857142857142855]"
KNN,10,2,0.9529371705511032,0.6891295733359135,0.7598043059226656,0.4420641483859469,0.43800494941407675,0.48082368284394744,0.6323943661971831,0.45055492193677826,"[0.6666666666666666, 0.4166666666666667, 0.5670731707317073, 0.776173285198556, 0.6111111111111112]","[0.11764705882352941, 0.28688524590163933, 0.6940298507462687, 0.7875457875457875, 0.36666666666666664]","[0.2, 0.33980582524271846, 0.6241610738255033, 0.7818181818181819, 0.4583333333333333]","[0.11764705882352941, 0.28688524590163933, 0.6940298507462687, 0.7875457875457875, 0.36666666666666664]"
KNN,11,3,0.9510990820850257,0.6597326893077763,0.7810502525070661,0.41962945075798547,0.41908078527419534,0.4467706537299014,0.6139860139860139,0.43967835341564054,"[0.25, 0.3333333333333333, 0.5912698412698413, 0.7652733118971061, 0.4074074074074074]","[0.09523809523809523, 0.3786407766990291, 0.5601503759398496, 0.8095238095238095, 0.3548387096774194]","[0.13793103448275862, 0.35454545454545455, 0.5752895752895753, 0.7867768595041322, 0.3793103448275862]","[0.09523809523809523, 0.3786407766990291, 0.5601503759398496, 0.8095238095238095, 0.3548387096774194]"
KNN,12,3,0.9513928190570823,0.6898145239409086,0.782106704182954,0.43508625525815753,0.4324274875838441,0.43293664444752633,0.6237762237762238,0.4174058034398501,"[0.0, 0.4166666666666667, 0.578125, 0.7573529411764706, 0.625]","[0.0, 0.34782608695652173, 0.6877323420074349, 0.7573529411764706, 0.29411764705882354]","[0.0, 0.3791469194312796, 0.6281833616298812, 0.7573529411764706, 0.4]","[0.0, 0.34782608695652173, 0.6877323420074349, 0.7573529411764706, 0.29411764705882354]"
KNN,13,3,0.9522393304671073,0.6627946429494669,0.7759740831671647,0.4559410911300066,0.45366676263727224,0.4808010456482835,0.6392757660167131,0.4637037037037037,"[0.16666666666666666, 0.43243243243243246, 0.6118421052631579, 0.7391304347826086, 0.6206896551724138]","[0.13333333333333333, 0.2909090909090909, 0.6666666666666666, 0.8185185185185185, 0.4090909090909091]","[0.14814814814814814, 0.34782608695652173, 0.6380789022298456, 0.7768014059753954, 0.4931506849315068]","[0.13333333333333333, 0.2909090909090909, 0.6666666666666666, 0.8185185185185185, 0.4090909090909091]"
KNN,14,3,0.9490301161307027,0.6514435262036946,0.7711402869403692,0.4936743053496554,0.4923202115756281,0.47456823160456496,0.6661991584852734,0.4561338656098025,"[0.0, 0.44680851063829785, 0.628158844765343, 0.7707006369426752, 0.7727272727272727]","[0.0, 0.42, 0.6615969581749049, 0.8373702422145328, 0.3617021276595745]","[0.0, 0.4329896907216495, 0.6444444444444445, 0.802653399668325, 0.4927536231884058]","[0.0, 0.42, 0.6615969581749049, 0.8373702422145328, 0.3617021276595745]"
KNN,15,3,0.9518659563671974,0.6792800012948852,0.7754701599533627,0.4748347584083983,0.4740514781764099,0.4798066855670566,0.6648122392211405,0.4640358495286915,"[0.0, 0.4146341463414634, 0.62890625, 0.760806916426513, 0.7307692307692307]","[0.0, 0.41975308641975306, 0.602996254681648, 0.822429906542056, 0.475]","[0.0, 0.4171779141104294, 0.615678776290631, 0.7904191616766467, 0.5757575757575758]","[0.0, 0.41975308641975306, 0.602996254681648, 0.822429906542056, 0.475]"
KNN,16,4,0.952016844699048,0.6781529876584826,0.7814881719203786,0.4532158822768329,0.4522503338506515,0.4493101025500835,0.6457461645746164,0.43929141121729415,"[0.0, 0.34831460674157305, 0.6573426573426573, 0.7307692307692307, 0.6153846153846154]","[0.0, 0.36470588235294116, 0.632996632996633, 0.8085106382978723, 0.3902439024390244]","[0.0, 0.3563218390804598, 0.6449399656946827, 0.7676767676767676, 0.47761194029850745]","[0.0, 0.36470588235294116, 0.632996632996633, 0.8085106382978723, 0.3902439024390244]"
KNN,17,4,0.9491259213666539,0.6442491315774973,0.7878857894258269,0.4625765442271912,0.46100728425434134,0.48220360556566444,0.6484593837535014,0.4574546977883429,"[0.3333333333333333, 0.2727272727272727, 0.6431226765799256, 0.75, 0.7777777777777778]","[0.15384615384615385, 0.3333333333333333, 0.6431226765799256, 0.8127090301003345, 0.3442622950819672]","[0.21052631578947367, 0.3, 0.6431226765799256, 0.7800963081861958, 0.4772727272727273]","[0.15384615384615385, 0.3333333333333333, 0.6431226765799256, 0.8127090301003345, 0.3442622950819672]"
KNN,18,4,0.9512123441675838,0.6635498668593368,0.7889967585052421,0.4605126632847679,0.4583565425879732,0.48940708749862605,0.6450704225352113,0.46914156739839663,"[0.2, 0.46987951807228917, 0.5647840531561462, 0.7830508474576271, 0.6538461538461539]","[0.0625, 0.3611111111111111, 0.6614785992217899, 0.78839590443686, 0.4722222222222222]","[0.09523809523809523, 0.4083769633507853, 0.6093189964157706, 0.7857142857142857, 0.5483870967741935]","[0.0625, 0.3611111111111111, 0.6614785992217899, 0.78839590443686, 0.4722222222222222]"
KNN,19,4,0.9483421025718174,0.6459420739700371,0.78756521936005,0.4538085668122392,0.4514615214016412,0.4554554430435428,0.6411682892906815,0.43899665112491215,"[0.0, 0.3956043956043956, 0.605072463768116, 0.7408536585365854, 0.75]","[0.0, 0.33962264150943394, 0.6028880866425993, 0.8678571428571429, 0.38461538461538464]","[0.0, 0.36548223350253806, 0.6039783001808319, 0.7993421052631579, 0.5084745762711864]","[0.0, 0.33962264150943394, 0.6028880866425993, 0.8678571428571429, 0.38461538461538464]"
KNN,20,4,0.9518533843047152,0.6832386466559454,0.7390475020645105,0.4245658435213736,0.42087019923500246,0.4380347976580585,0.6138888888888889,0.42707513037403,"[0.06666666666666667, 0.5227272727272727, 0.5268456375838926, 0.7651006711409396, 0.47619047619047616]","[0.1, 0.3333333333333333, 0.6434426229508197, 0.7808219178082192, 0.2777777777777778]","[0.08, 0.40707964601769914, 0.5793357933579336, 0.7728813559322034, 0.3508771929824561]","[0.1, 0.3333333333333333, 0.6434426229508197, 0.7808219178082192, 0.2777777777777778]"
KNN,21,5,0.9539555274589491,0.6803927327300713,0.7545769008455344,0.4341177641863756,0.43325767049327035,0.4460872467380187,0.6300417246175244,0.4264965336614157,"[0.14285714285714285, 0.30612244897959184, 0.6205673758865248, 0.7484076433121019, 0.6666666666666666]","[0.058823529411764705, 0.30612244897959184, 0.6272401433691757, 0.8159722222222222, 0.32432432432432434]","[0.08333333333333333, 0.30612244897959184, 0.6238859180035651, 0.7807308970099668, 0.43636363636363634]","[0.058823529411764705, 0.30612244897959184, 0.6272401433691757, 0.8159722222222222, 0.32432432432432434]"
KNN,22,5,0.947796984121387,0.6689249929522745,0.8049072729510078,0.529529287962991,0.5289935947204969,0.5317279975223901,0.6995827538247567,0.5134768281004813,"[0.5, 0.43209876543209874, 0.6970802919708029, 0.7727272727272727, 0.65625]","[0.09090909090909091, 0.4794520547945205, 0.6797153024911032, 0.8173076923076923, 0.5]","[0.15384615384615385, 0.45454545454545453, 0.6882882882882883, 0.794392523364486, 0.5675675675675675]","[0.09090909090909091, 0.4794520547945205, 0.6797153024911032, 0.8173076923076923, 0.5]"
KNN,23,5,0.9507632463263395,0.6565793950634239,0.778346942845485,0.41957116258897137,0.4187496142689625,0.46509192915830655,0.6120448179271709,0.4477040927237401,"[0.1111111111111111, 0.3925233644859813, 0.5771812080536913, 0.7472924187725631, 0.6521739130434783]","[0.07142857142857142, 0.336, 0.6120996441281139, 0.8023255813953488, 0.4166666666666667]","[0.08695652173913043, 0.3620689655172414, 0.5941278065630398, 0.7738317757009345, 0.5084745762711864]","[0.07142857142857142, 0.336, 0.6120996441281139, 0.8023255813953488, 0.4166666666666667]"
KNN,24,5,0.9507671750719213,0.6611563018175789,0.7827105061393942,0.44204820744353046,0.4394299148498175,0.4376255451373233,0.628133704735376,0.4247148244442883,"[0.0, 0.39759036144578314, 0.5684931506849316, 0.7483870967741936, 0.6451612903225806]","[0.0, 0.308411214953271, 0.6587301587301587, 0.8055555555555556, 0.3508771929824561]","[0.0, 0.3473684210526316, 0.6102941176470589, 0.7759197324414716, 0.45454545454545453]","[0.0, 0.308411214953271, 0.6587301587301587, 0.8055555555555556, 0.3508771929824561]"
KNN,25,5,0.9514189713395778,0.6735187025262199,0.7386802768765234,0.4695589704168464,0.4680712311980758,0.45972657890465063,0.652112676056338,0.4396642520270199,"[0.0, 0.4838709677419355, 0.5795053003533569, 0.7799352750809061, 0.7222222222222222]","[0.0, 0.42452830188679247, 0.6533864541832669, 0.8033333333333333, 0.3170731707317073]","[0.0, 0.45226130653266333, 0.6142322097378277, 0.7914614121510674, 0.4406779661016949]","[0.0, 0.42452830188679247, 0.6533864541832669, 0.8033333333333333, 0.3170731707317073]"
KNN,26,6,0.9518192750916192,0.6631925970164465,0.7662990169115795,0.4419928674194777,0.4405468214371574,0.4427223555494303,0.6302521008403361,0.43111471627101433,"[0.0, 0.4020618556701031, 0.6007067137809188, 0.7337662337662337, 0.625]","[0.0, 0.36792452830188677, 0.6367041198501873, 0.8100358422939068, 0.3409090909090909]","[0.0, 0.3842364532019704, 0.6181818181818182, 0.7700170357751278, 0.4411764705882353]","[0.0, 0.36792452830188677, 0.6367041198501873, 0.8100358422939068, 0.3409090909090909]"
KNN,27,6,0.9524681054755966,0.6906597455114495,0.7812414028142558,0.42345061427923,0.42180380797199846,0.44073696811913654,0.6251748251748251,0.4217335367404017,"[0.2, 0.3670886075949367, 0.5700325732899023, 0.7658862876254181, 0.52]","[0.08333333333333333, 0.31521739130434784, 0.6578947368421053, 0.7633333333333333, 0.28888888888888886]","[0.11764705882352941, 0.3391812865497076, 0.6108202443280978, 0.7646076794657763, 0.37142857142857144]","[0.08333333333333333, 0.31521739130434784, 0.6578947368421053, 0.7633333333333333, 0.28888888888888886]"
KNN,28,6,0.9521118018079697,0.6564916311848951,0.7855315498106468,0.4354555718904463,0.434693510278247,0.4382813708711285,0.6284530386740331,0.4230418357013871,"[0.14285714285714285, 0.37962962962962965, 0.6133333333333333, 0.7517006802721088, 0.5333333333333333]","[0.05263157894736842, 0.3761467889908257, 0.6344827586206897, 0.8095238095238095, 0.24242424242424243]","[0.07692307692307693, 0.3778801843317972, 0.6237288135593221, 0.7795414462081128, 0.3333333333333333]","[0.05263157894736842, 0.3761467889908257, 0.6344827586206897, 0.8095238095238095, 0.24242424242424243]"
KNN,29,6,0.9476860442316548,0.639902077610282,0.7836367038830145,0.5165302399174401,0.5157464212678937,0.5402099562331559,0.6916666666666667,0.5173551310631448,"[0.3333333333333333, 0.4375, 0.6525096525096525, 0.7873563218390804, 0.6666666666666666]","[0.2, 0.39325842696629215, 0.6425855513307985, 0.8509316770186336, 0.5]","[0.25, 0.41420118343195267, 0.6475095785440613, 0.817910447761194, 0.5714285714285714]","[0.2, 0.39325842696629215, 0.6425855513307985, 0.8509316770186336, 0.5]"
KNN,30,6,0.9489180249693014,0.665776151315894,0.7596216037166643,0.47146125862486943,0.4700260720760002,0.47315762163749103,0.6449787835926449,0.45714938172690917,"[0.0, 0.47474747474747475, 0.5970695970695971, 0.7433333333333333, 0.71875]","[0.0, 0.415929203539823, 0.6317829457364341, 0.8198529411764706, 0.41818181818181815]","[0.0, 0.44339622641509435, 0.6139359698681732, 0.7797202797202797, 0.5287356321839081]","[0.0, 0.415929203539823, 0.6317829457364341, 0.8198529411764706, 0.41818181818181815]"
KNN,31,7,0.9501876137648292,0.6624834656034092,0.7712992710764046,0.4585912616592008,0.457417675548363,0.46006869558432245,0.6439499304589708,0.4490068416084355,"[0.0, 0.3780487804878049, 0.5966101694915255, 0.7679738562091504, 0.65625]","[0.0, 0.3263157894736842, 0.6518518518518519, 0.8103448275862069, 0.45652173913043476]","[0.0, 0.3502824858757062, 0.6230088495575221, 0.7885906040268457, 0.5384615384615384]","[0.0, 0.3263157894736842, 0.6518518518518519, 0.8103448275862069, 0.45652173913043476]"
KNN,32,7,0.9503948059265476,0.6674098310098587,0.7513528000905746,0.4540090970874178,0.4527304862213246,0.4524599419977308,0.6428571428571429,0.4345318925273439,"[0.0, 0.4065934065934066, 0.5843621399176955, 0.7551020408163265, 0.7]","[0.0, 0.37373737373737376, 0.5772357723577236, 0.8327974276527331, 0.3888888888888889]","[0.0, 0.3894736842105263, 0.5807770961145194, 0.7920489296636085, 0.5]","[0.0, 0.37373737373737376, 0.5772357723577236, 0.8327974276527331, 0.3888888888888889]"
KNN,33,7,0.9506984854942679,0.6617035299754825,0.7995502799762529,0.4851660568343209,0.48438013614712017,0.48466953914050637,0.6605890603085554,0.47008043502888863,"[0.0, 0.3893805309734513, 0.6352941176470588, 0.7898089171974523, 0.7391304347826086]","[0.0, 0.41904761904761906, 0.5934065934065934, 0.852233676975945, 0.4857142857142857]","[0.0, 0.4036697247706422, 0.6136363636363636, 0.8198347107438017, 0.5862068965517241]","[0.0, 0.41904761904761906, 0.5934065934065934, 0.852233676975945, 0.4857142857142857]"
KNN,34,7,0.9503665170716147,0.6617522562843475,0.7745210554523393,0.4669860203024652,0.4653444256416932,0.48872123262333,0.6513888888888889,0.46166637076561595,"[0.3333333333333333, 0.46153846153846156, 0.6149068322981367, 0.7526501766784452, 0.7142857142857143]","[0.06666666666666667, 0.4117647058823529, 0.6923076923076923, 0.7717391304347826, 0.36585365853658536]","[0.1111111111111111, 0.43523316062176165, 0.6513157894736842, 0.7620751341681574, 0.4838709677419355]","[0.06666666666666667, 0.4117647058823529, 0.6923076923076923, 0.7717391304347826, 0.36585365853658536]"
KNN,35,7,0.9498661635413905,0.6617827416822479,0.7743725712186631,0.46206513404778754,0.4594162694030721,0.46328100242904585,0.6456582633053222,0.44055024545650634,"[0.125, 0.3780487804878049, 0.6071428571428571, 0.7658862876254181, 0.7647058823529411]","[0.045454545454545456, 0.28703703703703703, 0.6951672862453532, 0.8237410071942446, 0.35135135135135137]","[0.06666666666666667, 0.3263157894736842, 0.6481802426343154, 0.7937608318890814, 0.48148148148148145]","[0.045454545454545456, 0.28703703703703703, 0.6951672862453532, 0.8237410071942446, 0.35135135135135137]"
KNN,36,8,0.9494934845583366,0.6513900677679718,0.800688124226572,0.4924857117548744,0.4917860994589244,0.49817134636903726,0.6764295676429568,0.4781620598296252,"[0.3333333333333333, 0.38636363636363635, 0.6509090909090909, 0.7774390243902439, 0.6956521739130435]","[0.09090909090909091, 0.4788732394366197, 0.6605166051660517, 0.796875, 0.36363636363636365]","[0.14285714285714285, 0.4276729559748428, 0.6556776556776557, 0.7870370370370371, 0.47761194029850745]","[0.09090909090909091, 0.4788732394366197, 0.6605166051660517, 0.796875, 0.36363636363636365]"
KNN,37,8,0.9520740538631713,0.6697781859078986,0.7695034934319369,0.4721196177351203,0.47156354897430297,0.5015545757021035,0.6492957746478873,0.4896724230067163,"[0.16666666666666666, 0.36363636363636365, 0.6505190311418685, 0.7661870503597122, 0.7037037037037037]","[0.05263157894736842, 0.39215686274509803, 0.6351351351351351, 0.8255813953488372, 0.5428571428571428]","[0.08, 0.37735849056603776, 0.6427350427350428, 0.7947761194029851, 0.6129032258064516]","[0.05263157894736842, 0.39215686274509803, 0.6351351351351351, 0.8255813953488372, 0.5428571428571428]"
KNN,38,8,0.9531375851063288,0.6795783344656502,0.7722177483011914,0.4240819276194214,0.4206413049222296,0.45800935813772076,0.6139860139860139,0.4397180276653144,"[1.0, 0.4431818181818182, 0.5413793103448276, 0.7290322580645161, 0.6153846153846154]","[0.047619047619047616, 0.30708661417322836, 0.628, 0.8158844765342961, 0.4]","[0.09090909090909091, 0.3627906976744186, 0.5814814814814815, 0.7700170357751278, 0.48484848484848486]","[0.047619047619047616, 0.30708661417322836, 0.628, 0.8158844765342961, 0.4]"
KNN,39,8,0.9532476099040768,0.6845189063767799,0.7497782345367396,0.40904641437329337,0.40768955863958545,0.4407677631386438,0.6142061281337048,0.41990327312027176,"[0.25, 0.4, 0.5473684210526316, 0.7429467084639498, 0.52]","[0.1, 0.34, 0.6141732283464567, 0.7745098039215687, 0.2708333333333333]","[0.14285714285714285, 0.3675675675675676, 0.5788497217068646, 0.7584, 0.3561643835616438]","[0.1, 0.34, 0.6141732283464567, 0.7745098039215687, 0.2708333333333333]"
KNN,40,8,0.9451696977131467,0.646530627978082,0.8256733652581666,0.5332817490422951,0.5320226610648359,0.49998279716238586,0.6916666666666667,0.47786592835991365,"[0.0, 0.5108695652173914, 0.6690140845070423, 0.7831715210355987, 0.76]","[0.0, 0.43119266055045874, 0.6959706959706959, 0.8491228070175438, 0.41304347826086957]","[0.0, 0.46766169154228854, 0.6822262118491921, 0.8148148148148148, 0.5352112676056338]","[0.0, 0.43119266055045874, 0.6959706959706959, 0.8491228070175438, 0.41304347826086957]"
KNN,41,9,0.9478826009577187,0.6572908691378688,0.7837289320514648,0.5136931022723219,0.513373160794579,0.4900842899712652,0.6834733893557423,0.4735372820598361,"[0.0, 0.39603960396039606, 0.6631205673758865, 0.8079470198675497, 0.7391304347826086]","[0.0, 0.42105263157894735, 0.6607773851590106, 0.8384879725085911, 0.4473684210526316]","[0.0, 0.40816326530612246, 0.6619469026548672, 0.8229342327150084, 0.5573770491803278]","[0.0, 0.42105263157894735, 0.6607773851590106, 0.8384879725085911, 0.4473684210526316]"
KNN,42,9,0.9543920620993266,0.6839598980539903,0.7635717575642057,0.4368718198711604,0.43377779578653075,0.4731694104502777,0.6162464985994398,0.4548027250259198,"[0.08333333333333333, 0.5490196078431373, 0.593103448275862, 0.6794425087108014, 0.6956521739130435]","[0.07692307692307693, 0.39436619718309857, 0.6231884057971014, 0.8158995815899581, 0.36363636363636365]","[0.08, 0.45901639344262296, 0.607773851590106, 0.7414448669201521, 0.47761194029850745]","[0.07692307692307693, 0.39436619718309857, 0.6231884057971014, 0.8158995815899581, 0.36363636363636365]"
KNN,43,9,0.9510788004982429,0.642512684562241,0.7561174908696555,0.4532370903405976,0.45220467658669905,0.43947648102432646,0.6451612903225806,0.4289459966879322,"[0.0, 0.3191489361702128, 0.5954198473282443, 0.7854984894259819, 0.6666666666666666]","[0.0, 0.37037037037037035, 0.6023166023166023, 0.8387096774193549, 0.3333333333333333]","[0.0, 0.34285714285714286, 0.5988483685220729, 0.8112324492979719, 0.4444444444444444]","[0.0, 0.37037037037037035, 0.6023166023166023, 0.8387096774193549, 0.3333333333333333]"
KNN,44,9,0.9503311470501794,0.6595117477648625,0.7850215580061677,0.43954848461508594,0.43767241176054505,0.43279991021409786,0.6319444444444444,0.4180458543912862,"[0.0, 0.3522727272727273, 0.5927152317880795, 0.7516339869281046, 0.6818181818181818]","[0.0, 0.30392156862745096, 0.662962962962963, 0.8041958041958042, 0.3191489361702128]","[0.0, 0.3263157894736842, 0.6258741258741258, 0.777027027027027, 0.43478260869565216]","[0.0, 0.30392156862745096, 0.662962962962963, 0.8041958041958042, 0.3191489361702128]"
KNN,45,9,0.9508199453196952,0.6719153335695439,0.7970692058644202,0.4395872890914131,0.43783023038314994,0.4541557657969009,0.6383866481223922,0.4366931681380417,"[0.3333333333333333, 0.3472222222222222, 0.5766666666666667, 0.782051282051282, 0.5]","[0.08333333333333333, 0.2808988764044944, 0.67578125, 0.7625, 0.38095238095238093]","[0.13333333333333333, 0.3105590062111801, 0.6223021582733813, 0.7721518987341772, 0.43243243243243246]","[0.08333333333333333, 0.2808988764044944, 0.67578125, 0.7625, 0.38095238095238093]"
KNN,46,10,0.9483455375014677,0.6600925008895049,0.7853608426726832,0.4877893940213297,0.4873508862379775,0.4765319806137872,0.6587078651685393,0.46788523942196514,"[0.09090909090909091, 0.4406779661016949, 0.6452830188679245, 0.7898305084745763, 0.5217391304347826]","[0.0625, 0.52, 0.6404494382022472, 0.8006872852233677, 0.3157894736842105]","[0.07407407407407407, 0.47706422018348627, 0.6428571428571429, 0.7952218430034129, 0.39344262295081966]","[0.0625, 0.52, 0.6404494382022472, 0.8006872852233677, 0.3157894736842105]"
KNN,47,10,0.9501122573554632,0.6843250092109339,0.777123792355397,0.4686753415328618,0.46569693494419817,0.4411080184462984,0.6573426573426573,0.4278830819606238,"[0.0, 0.42045454545454547, 0.6390041493775933, 0.7430167597765364, 0.5909090909090909]","[0.0, 0.4157303370786517, 0.5746268656716418, 0.8664495114006515, 0.2826086956521739]","[0.0, 0.4180790960451977, 0.6051080550098232, 0.8, 0.38235294117647056]","[0.0, 0.4157303370786517, 0.5746268656716418, 0.8664495114006515, 0.2826086956521739]"
KNN,48,10,0.9528996598810855,0.647576031626747,0.7599136040897578,0.42783871677997953,0.42475336167958755,0.4341065088890691,0.6187845303867403,0.4209799305275467,"[0.0, 0.34065934065934067, 0.5641025641025641, 0.761744966442953, 0.7]","[0.0, 0.2627118644067797, 0.6666666666666666, 0.8165467625899281, 0.358974358974359]","[0.0, 0.2966507177033493, 0.6111111111111112, 0.7881944444444444, 0.4745762711864407]","[0.0, 0.2627118644067797, 0.6666666666666666, 0.8165467625899281, 0.358974358974359]"
KNN,49,10,0.9512174913458076,0.6655741388265523,0.8213934034474588,0.47014207074630077,0.46786564077815207,0.5287651407410067,0.6582633053221288,0.5048101789958408,"[0.3333333333333333, 0.4868421052631579, 0.6014760147601476, 0.7360703812316716, 0.782608695652174]","[0.3333333333333333, 0.37373737373737376, 0.63671875, 0.8202614379084967, 0.36]","[0.3333333333333333, 0.4228571428571429, 0.618595825426945, 0.7758887171561051, 0.4931506849315068]","[0.3333333333333333, 0.37373737373737376, 0.63671875, 0.8202614379084967, 0.36]"
KNN,50,10,0.9512485267698605,0.6803343910817252,0.7776517678744753,0.4582750312870239,0.4575688073394495,0.4934850947166606,0.6391608391608392,0.47695985364052085,"[0.3333333333333333, 0.39285714285714285, 0.6215277777777778, 0.7508771929824561, 0.7037037037037037]","[0.05263157894736842, 0.42718446601941745, 0.6193771626297578, 0.8106060606060606, 0.475]","[0.09090909090909091, 0.40930232558139534, 0.6204506065857885, 0.7795992714025501, 0.5671641791044776]","[0.05263157894736842, 0.42718446601941745, 0.6193771626297578, 0.8106060606060606, 0.475]"
Logistic Regression,1,1,0.9247255754830178,0.6085115477956016,0.8556419083040954,0.4939229809882031,0.4878107100546697,0.4997432191974675,0.6413793103448275,0.5214125042308894,"[0.0, 0.44594594594594594, 0.6785714285714286, 0.7952218430034129, 0.55]","[0.0, 0.616822429906542, 0.48188405797101447, 0.8062283737024222, 0.7021276595744681]","[0.0, 0.5176470588235295, 0.5635593220338984, 0.8006872852233677, 0.616822429906542]","[0.0, 0.616822429906542, 0.48188405797101447, 0.8062283737024222, 0.7021276595744681]"
Logistic Regression,2,1,0.9228807971812628,0.6169412824903248,0.8686456659567737,0.46660505511805495,0.4607838839080207,0.5154987386530563,0.6129032258064516,0.6122958540916944,"[0.10526315789473684, 0.464, 0.578125, 0.8643410852713178, 0.48148148148148145]","[0.5454545454545454, 0.5471698113207547, 0.47639484978540775, 0.7124600638977636, 0.78]","[0.17647058823529413, 0.5021645021645021, 0.5223529411764706, 0.7810858143607706, 0.5954198473282443]","[0.5454545454545454, 0.5471698113207547, 0.47639484978540775, 0.7124600638977636, 0.78]"
Logistic Regression,3,1,0.9267446462054167,0.6179363851963168,0.8204441169245946,0.4799772151393465,0.47434095049537905,0.5024416535149699,0.6239436619718309,0.5614021315933562,"[0.037037037037037035, 0.4900662251655629, 0.6871794871794872, 0.8217054263565892, 0.40384615384615385]","[0.10526315789473684, 0.5736434108527132, 0.5, 0.7881040892193308, 0.84]","[0.0547945205479452, 0.5285714285714286, 0.5788336933045356, 0.8045540796963947, 0.5454545454545454]","[0.10526315789473684, 0.5736434108527132, 0.5, 0.7881040892193308, 0.84]"
Logistic Regression,4,1,0.9227136836220579,0.5885471926166383,0.811301931772838,0.4720876625691065,0.45833525103894524,0.5226037570550648,0.6053370786516854,0.6229486305440342,"[0.14545454545454545, 0.38095238095238093, 0.7637362637362637, 0.7710843373493976, 0.45569620253164556]","[0.4444444444444444, 0.6436781609195402, 0.46488294314381273, 0.7245283018867924, 0.8372093023255814]","[0.2191780821917808, 0.47863247863247865, 0.577962577962578, 0.7470817120622568, 0.5901639344262295]","[0.4444444444444444, 0.6436781609195402, 0.46488294314381273, 0.7245283018867924, 0.8372093023255814]"
Logistic Regression,5,1,0.9291609599121806,0.6361792161321548,0.8304953547234604,0.4448120517270509,0.43840539765836883,0.45792110331071656,0.6069444444444444,0.5043113923470206,"[0.03225806451612903, 0.3277310924369748, 0.680628272251309, 0.7972508591065293, 0.3977272727272727]","[0.07142857142857142, 0.4875, 0.48507462686567165, 0.7483870967741936, 0.7291666666666666]","[0.044444444444444446, 0.39195979899497485, 0.5664488017429193, 0.7720465890183028, 0.5147058823529411]","[0.07142857142857142, 0.4875, 0.48507462686567165, 0.7483870967741936, 0.7291666666666666]"
Logistic Regression,6,2,0.9228978655747637,0.609253289684121,0.8583496644917223,0.5038290447822316,0.4942952440577708,0.531253944725237,0.6364902506963789,0.6406384340219013,"[0.11627906976744186, 0.43846153846153846, 0.6842105263157895, 0.8661417322834646, 0.44554455445544555]","[0.5, 0.6551724137931034, 0.5118110236220472, 0.7028753993610224, 0.8333333333333334]","[0.18867924528301888, 0.5253456221198156, 0.5855855855855856, 0.7760141093474426, 0.5806451612903226]","[0.5, 0.6551724137931034, 0.5118110236220472, 0.7028753993610224, 0.8333333333333334]"
Logistic Regression,7,2,0.924504976113583,0.6221703186651529,0.8293718075770184,0.45499744386468477,0.4464261942344212,0.4926805332061902,0.6069444444444444,0.5617440961581848,"[0.03571428571428571, 0.39097744360902253, 0.6842105263157895, 0.7892857142857143, 0.5245901639344263]","[0.2857142857142857, 0.5098039215686274, 0.45454545454545453, 0.778169014084507, 0.7804878048780488]","[0.06349206349206349, 0.4425531914893617, 0.5462184873949579, 0.7836879432624113, 0.6274509803921569]","[0.2857142857142857, 0.5098039215686274, 0.45454545454545453, 0.778169014084507, 0.7804878048780488]"
Logistic Regression,8,2,0.9281252230766031,0.6247069115481996,0.8217530874178618,0.4607415596523846,0.45508986986644917,0.4972924338932163,0.6175243393602226,0.5455099604042867,"[0.0851063829787234, 0.3711340206185567, 0.7009803921568627, 0.7620689655172413, 0.49382716049382713]","[0.23529411764705882, 0.4675324675324675, 0.5053003533568905, 0.7647058823529411, 0.7547169811320755]","[0.125, 0.41379310344827586, 0.5872689938398358, 0.7633851468048359, 0.5970149253731343]","[0.23529411764705882, 0.4675324675324675, 0.5053003533568905, 0.7647058823529411, 0.7547169811320755]"
Logistic Regression,9,2,0.9243226675472925,0.6115451415827444,0.8087401263593496,0.46548734473623227,0.4593475533249687,0.5132518050368278,0.6100981767180925,0.5891030608715095,"[0.1016949152542373, 0.44594594594594594, 0.6358695652173914, 0.8410852713178295, 0.453125]","[0.35294117647058826, 0.5454545454545454, 0.4624505928853755, 0.7560975609756098, 0.8285714285714286]","[0.15789473684210525, 0.49070631970260226, 0.5354691075514875, 0.7963302752293578, 0.5858585858585859]","[0.35294117647058826, 0.5454545454545454, 0.4624505928853755, 0.7560975609756098, 0.8285714285714286]"
Logistic Regression,10,2,0.9284742035432947,0.6206038538885554,0.837675198632614,0.461974411293692,0.4566190926459457,0.48914292019356564,0.6112676056338028,0.5547412613197958,"[0.09090909090909091, 0.45569620253164556, 0.6746411483253588, 0.8125, 0.32857142857142857]","[0.17647058823529413, 0.5901639344262295, 0.5261194029850746, 0.7142857142857143, 0.7666666666666667]","[0.12, 0.5142857142857142, 0.5911949685534591, 0.7602339181286549, 0.46]","[0.17647058823529413, 0.5901639344262295, 0.5261194029850746, 0.7142857142857143, 0.7666666666666667]"
Logistic Regression,11,3,0.9258217603058256,0.6270099082731324,0.8156234786561065,0.45084096946663876,0.44171216943840463,0.48417770223710815,0.5972027972027972,0.5616629377120489,"[0.07547169811320754, 0.391025641025641, 0.6684782608695652, 0.8452380952380952, 0.37142857142857144]","[0.19047619047619047, 0.5922330097087378, 0.462406015037594, 0.7244897959183674, 0.8387096774193549]","[0.10810810810810811, 0.47104247104247104, 0.5466666666666666, 0.7802197802197802, 0.5148514851485149]","[0.19047619047619047, 0.5922330097087378, 0.462406015037594, 0.7244897959183674, 0.8387096774193549]"
Logistic Regression,12,3,0.9264771756338088,0.6163441426997337,0.8516147472574509,0.43707895568806493,0.4285714285714286,0.48234757376117143,0.5804195804195804,0.5823488925229053,"[0.07017543859649122, 0.39869281045751637, 0.6702702702702703, 0.8076923076923077, 0.43023255813953487]","[0.5, 0.5304347826086957, 0.46096654275092935, 0.6948529411764706, 0.7254901960784313]","[0.12307692307692308, 0.4552238805970149, 0.5462555066079295, 0.7470355731225297, 0.5401459854014599]","[0.5, 0.5304347826086957, 0.46096654275092935, 0.6948529411764706, 0.7254901960784313]"
Logistic Regression,13,3,0.9263501466746055,0.6143883382098403,0.8347744376362103,0.43785844559672815,0.43311855635259466,0.4734495575449883,0.5933147632311978,0.5268958401216466,"[0.03125, 0.4253731343283582, 0.6515837104072398, 0.7791666666666667, 0.4065934065934066]","[0.06666666666666667, 0.5181818181818182, 0.5161290322580645, 0.6925925925925925, 0.8409090909090909]","[0.0425531914893617, 0.4672131147540984, 0.576, 0.7333333333333333, 0.5481481481481482]","[0.06666666666666667, 0.5181818181818182, 0.5161290322580645, 0.6925925925925925, 0.8409090909090909]"
Logistic Regression,14,3,0.9260323925673397,0.6126172511567276,0.8398605085265339,0.4791751906466794,0.4715244196459323,0.5189562753669404,0.6227208976157083,0.5835918660187394,"[0.10416666666666667, 0.3900709219858156, 0.68, 0.8120567375886525, 0.5373134328358209]","[0.35714285714285715, 0.55, 0.4524714828897338, 0.7923875432525952, 0.7659574468085106]","[0.16129032258064516, 0.45643153526970953, 0.54337899543379, 0.8021015761821366, 0.631578947368421]","[0.35714285714285715, 0.55, 0.4524714828897338, 0.7923875432525952, 0.7659574468085106]"
Logistic Regression,15,3,0.9239037653713545,0.6093181803516295,0.873925635565515,0.4778391705302611,0.47147037615839793,0.5122166306124327,0.6356050069541029,0.6244748905508819,"[0.1016949152542373, 0.4222222222222222, 0.7106598984771574, 0.7986798679867987, 0.44285714285714284]","[0.6, 0.4691358024691358, 0.5243445692883895, 0.7538940809968847, 0.775]","[0.17391304347826086, 0.4444444444444444, 0.603448275862069, 0.7756410256410257, 0.5636363636363636]","[0.6, 0.4691358024691358, 0.5243445692883895, 0.7538940809968847, 0.775]"
Logistic Regression,16,4,0.9237236278236551,0.6196147322009223,0.8822606610190847,0.4787907264198312,0.46857834619407224,0.5250012138649056,0.6234309623430963,0.6419056494922669,"[0.15217391304347827, 0.3492063492063492, 0.7230769230769231, 0.8, 0.4666666666666667]","[0.5833333333333334, 0.5176470588235295, 0.47474747474747475, 0.7801418439716312, 0.8536585365853658]","[0.2413793103448276, 0.41706161137440756, 0.573170731707317, 0.7899461400359067, 0.603448275862069]","[0.5833333333333334, 0.5176470588235295, 0.47474747474747475, 0.7801418439716312, 0.8536585365853658]"
Logistic Regression,17,4,0.9228323406393425,0.6107539671471847,0.7965818476705335,0.4946609882273566,0.4865724479353929,0.5057121179314373,0.6358543417366946,0.5484325656817157,"[0.030303030303030304, 0.3382352941176471, 0.7055837563451777, 0.8246268656716418, 0.5875]","[0.07692307692307693, 0.6388888888888888, 0.516728624535316, 0.7391304347826086, 0.7704918032786885]","[0.043478260869565216, 0.4423076923076923, 0.5965665236051502, 0.7795414462081128, 0.6666666666666666]","[0.07692307692307693, 0.6388888888888888, 0.516728624535316, 0.7391304347826086, 0.7704918032786885]"
Logistic Regression,18,4,0.9258857577194071,0.6086038942899691,0.8350176488429184,0.46577236704235614,0.4606004274455675,0.4993495388750773,0.6154929577464788,0.5647875907407653,"[0.07692307692307693, 0.4375, 0.65, 0.8384615384615385, 0.4142857142857143]","[0.25, 0.5185185185185185, 0.5058365758754864, 0.7440273037542662, 0.8055555555555556]","[0.11764705882352941, 0.4745762711864407, 0.5689277899343544, 0.7884267631103075, 0.5471698113207547]","[0.25, 0.5185185185185185, 0.5058365758754864, 0.7440273037542662, 0.8055555555555556]"
Logistic Regression,19,4,0.9273521945354488,0.6143437965228069,0.8275732867263536,0.472403291098397,0.4659851128550442,0.4971392973123801,0.6216968011126565,0.5426927687654838,"[0.06521739130434782, 0.42424242424242425, 0.680628272251309, 0.7986111111111112, 0.45161290322580644]","[0.17647058823529413, 0.5283018867924528, 0.4693140794223827, 0.8214285714285714, 0.717948717948718]","[0.09523809523809523, 0.47058823529411764, 0.5555555555555556, 0.8098591549295775, 0.5544554455445545]","[0.17647058823529413, 0.5283018867924528, 0.4693140794223827, 0.8214285714285714, 0.717948717948718]"
Logistic Regression,20,4,0.9257824215147741,0.6145096079517751,0.8554072866425935,0.4558385653093979,0.4505195408187771,0.5048112616693843,0.6027777777777777,0.6094623827393137,"[0.09803921568627451, 0.5324675324675324, 0.6180904522613065, 0.8099173553719008, 0.3783783783783784]","[0.5, 0.5942028985507246, 0.5040983606557377, 0.6712328767123288, 0.7777777777777778]","[0.16393442622950818, 0.5616438356164384, 0.5553047404063205, 0.7340823970037453, 0.509090909090909]","[0.5, 0.5942028985507246, 0.5040983606557377, 0.6712328767123288, 0.7777777777777778]"
Logistic Regression,21,5,0.9306389360749104,0.6287904540569895,0.8032304441892408,0.4370006601399802,0.4283264866794495,0.4811843692133432,0.5910987482614742,0.5384311832841245,"[0.05263157894736842, 0.39436619718309857, 0.6813186813186813, 0.7781818181818182, 0.4444444444444444]","[0.17647058823529413, 0.5714285714285714, 0.4444444444444444, 0.7430555555555556, 0.7567567567567568]","[0.08108108108108109, 0.4666666666666667, 0.5379609544468547, 0.7602131438721137, 0.56]","[0.17647058823529413, 0.5714285714285714, 0.4444444444444444, 0.7430555555555556, 0.7567567567567568]"
Logistic Regression,22,5,0.9249156008691939,0.6323586719077671,0.864391914234759,0.5025862672639682,0.4941785506076506,0.5224268683674175,0.650904033379694,0.6015487932662408,"[0.1111111111111111, 0.36, 0.7286432160804021, 0.8163265306122449, 0.47297297297297297]","[0.2727272727272727, 0.6164383561643836, 0.5160142348754448, 0.7692307692307693, 0.8333333333333334]","[0.15789473684210525, 0.45454545454545453, 0.6041666666666666, 0.7920792079207921, 0.603448275862069]","[0.2727272727272727, 0.6164383561643836, 0.5160142348754448, 0.7692307692307693, 0.8333333333333334]"
Logistic Regression,23,5,0.9215328031340416,0.5956119444436793,0.8106381710818991,0.471693968302679,0.4625321742508862,0.5101667650118182,0.6092436974789915,0.5913991894686094,"[0.09803921568627451, 0.4484848484848485, 0.7103825136612022, 0.7983870967741935, 0.417910447761194]","[0.35714285714285715, 0.592, 0.4626334519572954, 0.7674418604651163, 0.7777777777777778]","[0.15384615384615385, 0.5103448275862069, 0.5603448275862069, 0.782608695652174, 0.5436893203883495]","[0.35714285714285715, 0.592, 0.4626334519572954, 0.7674418604651163, 0.7777777777777778]"
Logistic Regression,24,5,0.9243677929364063,0.6099470759234709,0.8729872334581945,0.5041193625763554,0.49786980916705526,0.549755046791412,0.6364902506963789,0.6336452013991365,"[0.14893617021276595, 0.5151515151515151, 0.664804469273743, 0.8097014925373134, 0.5]","[0.5, 0.6355140186915887, 0.4722222222222222, 0.7534722222222222, 0.8070175438596491]","[0.22950819672131148, 0.5690376569037657, 0.5522041763341067, 0.7805755395683454, 0.6174496644295302]","[0.5, 0.6355140186915887, 0.4722222222222222, 0.7534722222222222, 0.8070175438596491]"
Logistic Regression,25,5,0.9268786106958554,0.6194985281929789,0.8226733015528105,0.4561061865653326,0.45163772719004913,0.4809755473623259,0.6112676056338028,0.5255041622129368,"[0.021739130434782608, 0.4380165289256198, 0.6318407960199005, 0.8270676691729323, 0.4342105263157895]","[0.08333333333333333, 0.5, 0.5059760956175299, 0.7333333333333333, 0.8048780487804879]","[0.034482758620689655, 0.4669603524229075, 0.5619469026548672, 0.7773851590106007, 0.5641025641025641]","[0.08333333333333333, 0.5, 0.5059760956175299, 0.7333333333333333, 0.8048780487804879]"
Logistic Regression,26,6,0.9261914900165692,0.6113155290838141,0.8377423433728935,0.46700688003933283,0.4610924310214224,0.513893151463484,0.6120448179271709,0.5793338646782266,"[0.12, 0.417910447761194, 0.6735751295336787, 0.8045977011494253, 0.4605263157894737]","[0.3333333333333333, 0.5283018867924528, 0.4868913857677903, 0.7526881720430108, 0.7954545454545454]","[0.17647058823529413, 0.4666666666666667, 0.5652173913043478, 0.7777777777777778, 0.5833333333333334]","[0.3333333333333333, 0.5283018867924528, 0.4868913857677903, 0.7526881720430108, 0.7954545454545454]"
Logistic Regression,27,6,0.926495954092798,0.6183518612628706,0.8575437816345399,0.47696757385401883,0.47168417163667076,0.5151189446061908,0.627972027972028,0.5814063419418111,"[0.125, 0.40298507462686567, 0.6558139534883721, 0.8346153846153846, 0.44594594594594594]","[0.3333333333333333, 0.5869565217391305, 0.5300751879699248, 0.7233333333333334, 0.7333333333333333]","[0.18181818181818182, 0.4778761061946903, 0.5862785862785863, 0.775, 0.5546218487394958]","[0.3333333333333333, 0.5869565217391305, 0.5300751879699248, 0.7233333333333334, 0.7333333333333333]"
Logistic Regression,28,6,0.9267112980012666,0.6196327649963337,0.854899644960159,0.47193251134667347,0.4642399615942625,0.5180182908776096,0.6146408839779005,0.6108314769198234,"[0.19298245614035087, 0.4452054794520548, 0.7246376811594203, 0.7951807228915663, 0.3230769230769231]","[0.5789473684210527, 0.5963302752293578, 0.5172413793103449, 0.7252747252747253, 0.6363636363636364]","[0.2894736842105263, 0.5098039215686274, 0.6036217303822937, 0.7586206896551724, 0.42857142857142855]","[0.5789473684210527, 0.5963302752293578, 0.5172413793103449, 0.7252747252747253, 0.6363636363636364]"
Logistic Regression,29,6,0.9209866722765842,0.6025701127313987,0.7827845296827486,0.48815228652143355,0.48082464468171005,0.5052743251835826,0.6402777777777777,0.5851344871174688,"[0.05, 0.4915254237288136, 0.6864864864864865, 0.8106312292358804, 0.39473684210526316]","[0.2, 0.651685393258427, 0.4828897338403042, 0.7577639751552795, 0.8333333333333334]","[0.08, 0.5603864734299517, 0.5669642857142857, 0.78330658105939, 0.5357142857142857]","[0.2, 0.651685393258427, 0.4828897338403042, 0.7577639751552795, 0.8333333333333334]"
Logistic Regression,30,6,0.9243518285012315,0.6186960351209551,0.8728306304508745,0.49374047495225454,0.48696601081272706,0.5291571597808831,0.6294200848656294,0.5842904374544569,"[0.05128205128205128, 0.43333333333333335, 0.6666666666666666, 0.8022813688212928, 0.6282051282051282]","[0.2222222222222222, 0.5752212389380531, 0.4573643410852713, 0.7757352941176471, 0.8909090909090909]","[0.08333333333333333, 0.49429657794676807, 0.542528735632184, 0.788785046728972, 0.7368421052631579]","[0.2222222222222222, 0.5752212389380531, 0.4573643410852713, 0.7757352941176471, 0.8909090909090909]"
Logistic Regression,31,7,0.9279715142024807,0.6287267261568408,0.8278546599725377,0.44474125768643075,0.4405506509052821,0.47827016060338917,0.6022253129346314,0.5223370770754974,"[0.06, 0.39090909090909093, 0.6558139534883721, 0.8060836501901141, 0.41975308641975306]","[0.16666666666666666, 0.45263157894736844, 0.5222222222222223, 0.7310344827586207, 0.7391304347826086]","[0.08823529411764706, 0.4195121951219512, 0.5814432989690722, 0.7667269439421338, 0.5354330708661418]","[0.16666666666666666, 0.45263157894736844, 0.5222222222222223, 0.7310344827586207, 0.7391304347826086]"
Logistic Regression,32,7,0.9231234153552028,0.6059459944152472,0.8672960673225854,0.5061001149860153,0.49689688140726285,0.5293719655188209,0.6428571428571429,0.6873592141845613,"[0.07692307692307693, 0.4857142857142857, 0.7115384615384616, 0.8013698630136986, 0.4942528735632184]","[0.75, 0.6868686868686869, 0.45121951219512196, 0.752411575562701, 0.7962962962962963]","[0.13953488372093023, 0.5690376569037657, 0.5522388059701493, 0.7761194029850746, 0.6099290780141844]","[0.75, 0.6868686868686869, 0.45121951219512196, 0.752411575562701, 0.7962962962962963]"
Logistic Regression,33,7,0.9255532981960654,0.6349972920723022,0.8569068062000775,0.45362974511867404,0.44343865376820013,0.4738456686881232,0.6002805049088359,0.5501977518472364,"[0.022222222222222223, 0.3973509933774834, 0.6927374301675978, 0.8185328185328186, 0.3924050632911392]","[0.1111111111111111, 0.5714285714285714, 0.4542124542124542, 0.7285223367697594, 0.8857142857142857]","[0.037037037037037035, 0.46875, 0.5486725663716814, 0.7709090909090909, 0.543859649122807]","[0.1111111111111111, 0.5714285714285714, 0.4542124542124542, 0.7285223367697594, 0.8857142857142857]"
Logistic Regression,34,7,0.925548903443573,0.6075909835202681,0.8757301090346594,0.478085590409536,0.47355975047906385,0.5443866352052477,0.6263888888888889,0.6444029698287075,"[0.19230769230769232, 0.4426229508196721, 0.6810344827586207, 0.8016194331983806, 0.4626865671641791]","[0.6666666666666666, 0.5294117647058824, 0.5524475524475524, 0.717391304347826, 0.7560975609756098]","[0.29850746268656714, 0.48214285714285715, 0.61003861003861, 0.7571701720841301, 0.5740740740740741]","[0.6666666666666666, 0.5294117647058824, 0.5524475524475524, 0.717391304347826, 0.7560975609756098]"
Logistic Regression,35,7,0.9244850076108857,0.6066790183199506,0.770931486382739,0.46282417535620834,0.45823585203920336,0.5104650236988679,0.6134453781512605,0.5547419024004299,"[0.08620689655172414, 0.42748091603053434, 0.645320197044335, 0.8195488721804511, 0.5]","[0.22727272727272727, 0.5185185185185185, 0.48698884758364314, 0.7841726618705036, 0.7567567567567568]","[0.125, 0.4686192468619247, 0.5550847457627118, 0.8014705882352942, 0.6021505376344086]","[0.22727272727272727, 0.5185185185185185, 0.48698884758364314, 0.7841726618705036, 0.7567567567567568]"
Logistic Regression,36,8,0.92610992193509,0.6231922783809403,0.8523182159626683,0.4910795874808013,0.48115791750073467,0.5073844370573171,0.6359832635983264,0.6011043238633411,"[0.08571428571428572, 0.36585365853658536, 0.7035175879396985, 0.8518518518518519, 0.4222222222222222]","[0.2727272727272727, 0.6338028169014085, 0.5166051660516605, 0.71875, 0.8636363636363636]","[0.13043478260869565, 0.4639175257731959, 0.5957446808510638, 0.7796610169491526, 0.5671641791044776]","[0.2727272727272727, 0.6338028169014085, 0.5166051660516605, 0.71875, 0.8636363636363636]"
Logistic Regression,37,8,0.9284148780335973,0.6209005237731453,0.792218505575622,0.4150904927199489,0.40567895831053735,0.47917171947959625,0.5690140845070423,0.563900747172401,"[0.1206896551724138, 0.3333333333333333, 0.6666666666666666, 0.7845528455284553, 0.4]","[0.3684210526315789, 0.47058823529411764, 0.43243243243243246, 0.748062015503876, 0.8]","[0.18181818181818182, 0.3902439024390244, 0.5245901639344263, 0.7658730158730159, 0.5333333333333333]","[0.3684210526315789, 0.47058823529411764, 0.43243243243243246, 0.748062015503876, 0.8]"
Logistic Regression,38,8,0.9261979942726803,0.6100439753682706,0.8493990082427058,0.4681394360631567,0.4641451447673478,0.5272716729348305,0.6111888111888112,0.5938907605863346,"[0.1320754716981132, 0.5142857142857142, 0.6318407960199005, 0.8008130081300813, 0.4533333333333333]","[0.3333333333333333, 0.5669291338582677, 0.508, 0.7111913357400722, 0.85]","[0.1891891891891892, 0.5393258426966292, 0.5631929046563193, 0.7533460803059273, 0.591304347826087]","[0.3333333333333333, 0.5669291338582677, 0.508, 0.7111913357400722, 0.85]"
Logistic Regression,39,8,0.9255637841736061,0.6091544335690783,0.831955089718895,0.44577618771905625,0.440449106381117,0.47500016701141445,0.6030640668523677,0.51376161803304,"[0.02631578947368421, 0.42657342657342656, 0.6331658291457286, 0.8037735849056604, 0.4383561643835616]","[0.1, 0.61, 0.49606299212598426, 0.696078431372549, 0.6666666666666666]","[0.041666666666666664, 0.5020576131687243, 0.5562913907284768, 0.7460595446584939, 0.5289256198347108]","[0.1, 0.61, 0.49606299212598426, 0.696078431372549, 0.6666666666666666]"
Logistic Regression,40,8,0.9204825072167022,0.6046600853382884,0.8677945744251337,0.535022924167429,0.5282902980124315,0.5330491070245168,0.6666666666666666,0.6096463151681173,"[0.05555555555555555, 0.5217391304347826, 0.7538461538461538, 0.8178694158075601, 0.49230769230769234]","[0.42857142857142855, 0.5504587155963303, 0.5384615384615384, 0.8350877192982457, 0.6956521739130435]","[0.09836065573770492, 0.5357142857142857, 0.6282051282051282, 0.8263888888888888, 0.5765765765765766]","[0.42857142857142855, 0.5504587155963303, 0.5384615384615384, 0.8350877192982457, 0.6956521739130435]"
Logistic Regression,41,9,0.9237705601470931,0.6254311649744524,0.8695756696793143,0.479544719958062,0.4689403033642421,0.49024543334829324,0.6190476190476191,0.5810714392991331,"[0.031746031746031744, 0.4214876033057851, 0.7258883248730964, 0.8492063492063492, 0.3950617283950617]","[0.2857142857142857, 0.5368421052631579, 0.5053003533568905, 0.7353951890034365, 0.8421052631578947]","[0.05714285714285714, 0.4722222222222222, 0.5958333333333333, 0.7882136279926335, 0.5378151260504201]","[0.2857142857142857, 0.5368421052631579, 0.5053003533568905, 0.7353951890034365, 0.8421052631578947]"
Logistic Regression,42,9,0.9300468491760091,0.6351657132907983,0.827654678064202,0.43384996653281077,0.42571024505351973,0.4880950666076095,0.5770308123249299,0.5423722273280418,"[0.05084745762711865, 0.4727272727272727, 0.6628571428571428, 0.7398373983739838, 0.4782608695652174]","[0.23076923076923078, 0.5492957746478874, 0.42028985507246375, 0.7615062761506276, 0.75]","[0.08333333333333333, 0.50814332247557, 0.5144124168514412, 0.7505154639175258, 0.584070796460177]","[0.23076923076923078, 0.5492957746478874, 0.42028985507246375, 0.7615062761506276, 0.75]"
Logistic Regression,43,9,0.9255820613349541,0.6137998655856088,0.8470562942905218,0.4852114102798308,0.4814854795594581,0.5227151140364744,0.6409537166900421,0.5711583472873796,"[0.18181818181818182, 0.375, 0.6699029126213593, 0.8287671232876712, 0.4576271186440678]","[0.38095238095238093, 0.5185185185185185, 0.5328185328185329, 0.7806451612903226, 0.6428571428571429]","[0.24615384615384617, 0.43523316062176165, 0.5935483870967742, 0.8039867109634552, 0.5346534653465347]","[0.38095238095238093, 0.5185185185185185, 0.5328185328185329, 0.7806451612903226, 0.6428571428571429]"
Logistic Regression,44,9,0.9228176301858486,0.6037495688120809,0.8043419995763346,0.47371791902422294,0.4688213595643773,0.5031826718462499,0.6208333333333333,0.5471757723572492,"[0.05, 0.41304347826086957, 0.6619718309859155, 0.8267716535433071, 0.49333333333333335]","[0.13333333333333333, 0.5588235294117647, 0.5222222222222223, 0.7342657342657343, 0.7872340425531915]","[0.07272727272727272, 0.475, 0.5838509316770186, 0.7777777777777778, 0.6065573770491803]","[0.13333333333333333, 0.5588235294117647, 0.5222222222222223, 0.7342657342657343, 0.7872340425531915]"
Logistic Regression,45,9,0.9239252440871557,0.6070586004157059,0.8636648700095927,0.5060584287208431,0.4987158360017856,0.5558282034233748,0.6481223922114048,0.6733213784109149,"[0.2222222222222222, 0.4881889763779528, 0.6963350785340314, 0.8220640569395018, 0.38095238095238093]","[0.6666666666666666, 0.6966292134831461, 0.51953125, 0.721875, 0.7619047619047619]","[0.3333333333333333, 0.5740740740740741, 0.5950782997762863, 0.7687188019966722, 0.5079365079365079]","[0.6666666666666666, 0.6966292134831461, 0.51953125, 0.721875, 0.7619047619047619]"
Logistic Regression,46,10,0.9223106962294707,0.6115037449160642,0.8030862325697695,0.4575702983575921,0.4460120370872417,0.49573895921038946,0.5969101123595506,0.5716796706233322,"[0.06896551724137931, 0.4036144578313253, 0.6497175141242938, 0.8600823045267489, 0.4411764705882353]","[0.25, 0.67, 0.4307116104868914, 0.718213058419244, 0.7894736842105263]","[0.10810810810810811, 0.5037593984962406, 0.5180180180180181, 0.7827715355805244, 0.5660377358490566]","[0.25, 0.67, 0.4307116104868914, 0.718213058419244, 0.7894736842105263]"
Logistic Regression,47,10,0.9244533861730202,0.6151901708564804,0.8223432213264166,0.48451722304638833,0.47732154706074204,0.49058854977128935,0.6363636363636364,0.5539315658570818,"[0.02631578947368421, 0.44642857142857145, 0.7282608695652174, 0.7840531561461794, 0.425]","[0.2, 0.5617977528089888, 0.5, 0.7687296416938111, 0.7391304347826086]","[0.046511627906976744, 0.4975124378109453, 0.5929203539823009, 0.7763157894736842, 0.5396825396825397]","[0.2, 0.5617977528089888, 0.5, 0.7687296416938111, 0.7391304347826086]"
Logistic Regression,48,10,0.9297541389389347,0.6203593170037973,0.8118361245788858,0.4422742561644041,0.4382662761692414,0.4783410450530532,0.5953038674033149,0.520031417511481,"[0.04878048780487805, 0.41830065359477125, 0.6442307692307693, 0.8047808764940239, 0.4084507042253521]","[0.08, 0.5423728813559322, 0.5075757575757576, 0.7266187050359713, 0.7435897435897436]","[0.06060606060606061, 0.47232472324723246, 0.5677966101694916, 0.7637051039697542, 0.5272727272727272]","[0.08, 0.5423728813559322, 0.5075757575757576, 0.7266187050359713, 0.7435897435897436]"
Logistic Regression,49,10,0.9253105849617997,0.6226918732440028,0.8744372949553633,0.46112720067553087,0.4561234005729793,0.48553126445672784,0.6190476190476191,0.5734033162507427,"[0.02857142857142857, 0.42105263157894735, 0.643979057591623, 0.7951388888888888, 0.47674418604651164]","[0.3333333333333333, 0.48484848484848486, 0.48046875, 0.7483660130718954, 0.82]","[0.05263157894736842, 0.4507042253521127, 0.5503355704697986, 0.7710437710437711, 0.6029411764705882]","[0.3333333333333333, 0.48484848484848486, 0.48046875, 0.7483660130718954, 0.82]"
Logistic Regression,50,10,0.9277953106369072,0.6284252148202303,0.8454428847542002,0.48588418668316063,0.47964432284541725,0.515763413404643,0.627972027972028,0.564661123776375,"[0.08163265306122448, 0.4420289855072464, 0.7075471698113207, 0.8102766798418972, 0.4603174603174603]","[0.21052631578947367, 0.5922330097087378, 0.5190311418685121, 0.7765151515151515, 0.725]","[0.11764705882352941, 0.5062240663900415, 0.5988023952095808, 0.793036750483559, 0.5631067961165048]","[0.21052631578947367, 0.5922330097087378, 0.5190311418685121, 0.7765151515151515, 0.725]"
Naive Bayes,1,1,0.8168671130892975,0.4195853534224471,0.7954115668948218,0.3861007754297094,0.37197859696602054,0.40979085400702625,0.5558620689655173,0.46217932680688206,"[0.07692307692307693, 0.4013605442176871, 0.6515151515151515, 0.6994047619047619, 0.2268041237113402]","[0.16666666666666666, 0.5514018691588785, 0.3115942028985507, 0.8131487889273357, 0.46808510638297873]","[0.10526315789473684, 0.4645669291338583, 0.4215686274509804, 0.752, 0.3055555555555556]","[0.16666666666666666, 0.5514018691588785, 0.3115942028985507, 0.8131487889273357, 0.46808510638297873]"
Naive Bayes,2,1,0.815087788592933,0.4244696191676667,0.7994840265509295,0.3663061966296379,0.3558933285303404,0.3802776596825852,0.5497896213183731,0.41560790606112896,"[0.0, 0.45255474452554745, 0.5675675675675675, 0.716374269005848, 0.2018348623853211]","[0.0, 0.5849056603773585, 0.2703862660944206, 0.7827476038338658, 0.44]","[0.0, 0.5102880658436214, 0.36627906976744184, 0.7480916030534351, 0.27672955974842767]","[0.0, 0.5849056603773585, 0.2703862660944206, 0.7827476038338658, 0.44]"
Naive Bayes,3,1,0.8181220245590559,0.4204976749041964,0.8187722414057413,0.4054320340022142,0.3910079361334181,0.4259988258346089,0.5647887323943662,0.4594272616387786,"[0.2631578947368421, 0.4855072463768116, 0.6888888888888889, 0.7037037037037037, 0.0851063829787234]","[0.2631578947368421, 0.5193798449612403, 0.34701492537313433, 0.8475836431226765, 0.32]","[0.2631578947368421, 0.50187265917603, 0.46153846153846156, 0.7689713322091062, 0.13445378151260504]","[0.2631578947368421, 0.5193798449612403, 0.34701492537313433, 0.8475836431226765, 0.32]"
Naive Bayes,4,1,0.8157434689241911,0.41715451564071093,0.8079243424221524,0.3729331786700258,0.35732843883662413,0.4199451390082623,0.5379213483146067,0.4797233402515448,"[0.2, 0.33035714285714285, 0.7210884353741497, 0.680379746835443, 0.17647058823529413]","[0.3888888888888889, 0.42528735632183906, 0.35451505016722407, 0.8113207547169812, 0.4186046511627907]","[0.2641509433962264, 0.37185929648241206, 0.47533632286995514, 0.7401032702237521, 0.2482758620689655]","[0.3888888888888889, 0.42528735632183906, 0.35451505016722407, 0.8113207547169812, 0.4186046511627907]"
Naive Bayes,5,1,0.8220765310214139,0.43116111548766056,0.8114706707666042,0.39000417774853685,0.37744070258325935,0.3976890540190408,0.575,0.42785015017080497,"[0.07692307692307693, 0.33962264150943394, 0.7050359712230215, 0.7038043478260869, 0.2127659574468085]","[0.07142857142857142, 0.45, 0.3656716417910448, 0.8354838709677419, 0.4166666666666667]","[0.07407407407407407, 0.3870967741935484, 0.48157248157248156, 0.7640117994100295, 0.28169014084507044]","[0.07142857142857142, 0.45, 0.3656716417910448, 0.8354838709677419, 0.4166666666666667]"
Naive Bayes,6,2,0.8170307895037006,0.4267679070191277,0.8006734105222968,0.37965574608386227,0.36904580396026976,0.3753320034401391,0.5584958217270195,0.40046783564855987,"[0.0, 0.3148148148148148, 0.7111111111111111, 0.7417417417417418, 0.1935483870967742]","[0.0, 0.39080459770114945, 0.3779527559055118, 0.7891373801916933, 0.4444444444444444]","[0.0, 0.3487179487179487, 0.493573264781491, 0.7647058823529411, 0.2696629213483146]","[0.0, 0.39080459770114945, 0.3779527559055118, 0.7891373801916933, 0.4444444444444444]"
Naive Bayes,7,2,0.8098594122591622,0.41053137205770945,0.813734282625792,0.4056731049257101,0.3877960658370132,0.42036783241340314,0.5763888888888888,0.4759266181579112,"[0.1, 0.4306569343065693, 0.6888888888888889, 0.6739130434782609, 0.21666666666666667]","[0.2857142857142857, 0.5784313725490197, 0.32517482517482516, 0.8732394366197183, 0.3170731707317073]","[0.14814814814814814, 0.49372384937238495, 0.4418052256532066, 0.7607361963190185, 0.25742574257425743]","[0.2857142857142857, 0.5784313725490197, 0.32517482517482516, 0.8732394366197183, 0.3170731707317073]"
Naive Bayes,8,2,0.8236643551746903,0.4225176438292131,0.7872833058104619,0.34071923980347496,0.32334941279895413,0.3999867239486365,0.5354659248956884,0.43140266511933045,"[0.22727272727272727, 0.3563218390804598, 0.6511627906976745, 0.631979695431472, 0.1839080459770115]","[0.29411764705882354, 0.4025974025974026, 0.2968197879858657, 0.8615916955017301, 0.3018867924528302]","[0.2564102564102564, 0.3780487804878049, 0.4077669902912621, 0.7291361639824304, 0.22857142857142856]","[0.29411764705882354, 0.4025974025974026, 0.2968197879858657, 0.8615916955017301, 0.3018867924528302]"
Naive Bayes,9,2,0.8193030661528494,0.41394932735783,0.8145373309436674,0.3672140899984174,0.3538317177366319,0.44032681815956265,0.5245441795231417,0.5145455591244149,"[0.2916666666666667, 0.44666666666666666, 0.5769230769230769, 0.75, 0.15328467153284672]","[0.4117647058823529, 0.5537190082644629, 0.2964426877470356, 0.710801393728223, 0.6]","[0.34146341463414637, 0.4944649446494465, 0.391644908616188, 0.7298747763864043, 0.2441860465116279]","[0.4117647058823529, 0.5537190082644629, 0.2964426877470356, 0.710801393728223, 0.6]"
Naive Bayes,10,2,0.8170459713313492,0.42911424583084345,0.822843978699597,0.39035943405444856,0.3760132756164263,0.3866769713581037,0.5464788732394367,0.4512717174351625,"[0.0, 0.41935483870967744, 0.6940298507462687, 0.7310344827586207, 0.1565217391304348]","[0.0, 0.5327868852459017, 0.34701492537313433, 0.7765567765567766, 0.6]","[0.0, 0.4693140794223827, 0.4626865671641791, 0.7531083481349912, 0.2482758620689655]","[0.0, 0.5327868852459017, 0.34701492537313433, 0.7765567765567766, 0.6]"
Naive Bayes,11,3,0.8188016471642279,0.4208322332058878,0.812845146971639,0.37071408513543364,0.3537855167951056,0.41566749825650984,0.5272727272727272,0.4915380595015793,"[0.23809523809523808, 0.379746835443038, 0.6363636363636364, 0.7526132404181185, 0.1484375]","[0.23809523809523808, 0.5825242718446602, 0.2894736842105263, 0.7346938775510204, 0.6129032258064516]","[0.23809523809523808, 0.45977011494252873, 0.3979328165374677, 0.7435456110154905, 0.2389937106918239]","[0.23809523809523808, 0.5825242718446602, 0.2894736842105263, 0.7346938775510204, 0.6129032258064516]"
Naive Bayes,12,3,0.8173072254993204,0.4197597583031848,0.8059480226836738,0.3978240780924573,0.3858862216017537,0.39693959677427915,0.5594405594405595,0.4270742020745586,"[0.0, 0.4482758620689655, 0.6879432624113475, 0.7, 0.19626168224299065]","[0.0, 0.5652173913043478, 0.36059479553903345, 0.7977941176470589, 0.4117647058823529]","[0.0, 0.5, 0.47317073170731705, 0.7457044673539519, 0.26582278481012656]","[0.0, 0.5652173913043478, 0.36059479553903345, 0.7977941176470589, 0.4117647058823529]"
Naive Bayes,13,3,0.8118846756129242,0.4160451593757202,0.822447214772402,0.3777305444685774,0.3617947626144348,0.39975667970052,0.5348189415041783,0.44438687954816986,"[0.08333333333333333, 0.4491525423728814, 0.7121212121212122, 0.6903225806451613, 0.15671641791044777]","[0.13333333333333333, 0.4818181818181818, 0.33691756272401435, 0.7925925925925926, 0.4772727272727273]","[0.10256410256410256, 0.4649122807017544, 0.45742092457420924, 0.7379310344827587, 0.23595505617977527]","[0.13333333333333333, 0.4818181818181818, 0.33691756272401435, 0.7925925925925926, 0.4772727272727273]"
Naive Bayes,14,3,0.8270483666224513,0.41352204562945777,0.7677862462371465,0.36171797359658614,0.3508339972186214,0.4188606501005118,0.5399719495091164,0.4866422131252269,"[0.16216216216216217, 0.38235294117647056, 0.6058394160583942, 0.7005988023952096, 0.22330097087378642]","[0.42857142857142855, 0.39, 0.3155893536121673, 0.8096885813148789, 0.48936170212765956]","[0.23529411764705882, 0.38613861386138615, 0.415, 0.7512038523274478, 0.30666666666666664]","[0.42857142857142855, 0.39, 0.3155893536121673, 0.8096885813148789, 0.48936170212765956]"
Naive Bayes,15,3,0.811163720732584,0.42083291165734693,0.8340932393990389,0.38726915191920036,0.3703403139832908,0.37795217850932,0.5827538247566064,0.40904350480901985,"[0.0, 0.37142857142857144, 0.6721311475409836, 0.6970443349753694, 0.2112676056338028]","[0.0, 0.48148148148148145, 0.30711610486891383, 0.881619937694704, 0.375]","[0.0, 0.41935483870967744, 0.42159383033419023, 0.7785419532324622, 0.2702702702702703]","[0.0, 0.48148148148148145, 0.30711610486891383, 0.881619937694704, 0.375]"
Naive Bayes,16,4,0.8227970240200978,0.4323775050288023,0.7865109366142499,0.34646808558637204,0.32997712412122326,0.3727902379942183,0.5174337517433751,0.43149455933820535,"[0.07142857142857142, 0.3, 0.6737588652482269, 0.7062706270627063, 0.17054263565891473]","[0.08333333333333333, 0.4588235294117647, 0.31986531986531985, 0.7588652482269503, 0.5365853658536586]","[0.07692307692307693, 0.3627906976744186, 0.4337899543378995, 0.7316239316239316, 0.25882352941176473]","[0.08333333333333333, 0.4588235294117647, 0.31986531986531985, 0.7588652482269503, 0.5365853658536586]"
Naive Bayes,17,4,0.8093849879508646,0.412177341003135,0.8439626893102204,0.4206365610111619,0.4038486491365644,0.45742403689963795,0.5854341736694678,0.5153223489552042,"[0.25, 0.3359375, 0.7741935483870968, 0.7055555555555556, 0.24358974358974358]","[0.46153846153846156, 0.5972222222222222, 0.35687732342007433, 0.8494983277591973, 0.3114754098360656]","[0.32432432432432434, 0.43, 0.48854961832061067, 0.7708649468892261, 0.2733812949640288]","[0.46153846153846156, 0.5972222222222222, 0.35687732342007433, 0.8494983277591973, 0.3114754098360656]"
Naive Bayes,18,4,0.8153830223753087,0.42909115138541176,0.8086976257994662,0.4172389954203907,0.4081761823761111,0.41780891622391103,0.5845070422535211,0.4610556977011274,"[0.06666666666666667, 0.45871559633027525, 0.65625, 0.7515723270440252, 0.18518518518518517]","[0.0625, 0.46296296296296297, 0.4085603112840467, 0.8156996587030717, 0.5555555555555556]","[0.06451612903225806, 0.4608294930875576, 0.5035971223021583, 0.7823240589198036, 0.2777777777777778]","[0.0625, 0.46296296296296297, 0.4085603112840467, 0.8156996587030717, 0.5555555555555556]"
Naive Bayes,19,4,0.8191431986215825,0.41669541447136005,0.8106344325527457,0.35864958918070255,0.3405746512805772,0.4504318347756106,0.5340751043115438,0.49700725503008963,"[0.4666666666666667, 0.4262295081967213, 0.5897435897435898, 0.6493150684931507, 0.19]","[0.4117647058823529, 0.49056603773584906, 0.2490974729241877, 0.8464285714285714, 0.48717948717948717]","[0.4375, 0.45614035087719296, 0.350253807106599, 0.7348837209302326, 0.2733812949640288]","[0.4117647058823529, 0.49056603773584906, 0.2490974729241877, 0.8464285714285714, 0.48717948717948717]"
Naive Bayes,20,4,0.8210913179287358,0.4219419460272819,0.7833059356428271,0.35274693785398875,0.34193194587067677,0.35633765734957124,0.5277777777777778,0.3765021898063619,"[0.0, 0.475, 0.6140350877192983, 0.7066246056782335, 0.09803921568627451]","[0.0, 0.5507246376811594, 0.28688524590163933, 0.7671232876712328, 0.2777777777777778]","[0.0, 0.5100671140939598, 0.39106145251396646, 0.735632183908046, 0.14492753623188406]","[0.0, 0.5507246376811594, 0.28688524590163933, 0.7671232876712328, 0.2777777777777778]"
Naive Bayes,21,5,0.8230738658330907,0.4192311912881662,0.7909044240543162,0.3559508397160009,0.3431766182415923,0.418917728733925,0.5424200278164116,0.4523949844395764,"[0.3157894736842105, 0.32558139534883723, 0.6524822695035462, 0.6742209631728046, 0.15584415584415584]","[0.35294117647058826, 0.42857142857142855, 0.32974910394265233, 0.8263888888888888, 0.32432432432432434]","[0.3333333333333333, 0.3700440528634361, 0.4380952380952381, 0.7425897035881436, 0.21052631578947367]","[0.35294117647058826, 0.42857142857142855, 0.32974910394265233, 0.8263888888888888, 0.32432432432432434]"
Naive Bayes,22,5,0.8136274579942484,0.42174972728362264,0.8116871996122124,0.40606969524836395,0.38380611527280695,0.4127185072897376,0.5813630041724618,0.4611577587007802,"[0.13333333333333333, 0.38235294117647056, 0.7787610619469026, 0.6938775510204082, 0.17525773195876287]","[0.18181818181818182, 0.5342465753424658, 0.31316725978647686, 0.8717948717948718, 0.40476190476190477]","[0.15384615384615385, 0.44571428571428573, 0.4467005076142132, 0.7727272727272727, 0.2446043165467626]","[0.18181818181818182, 0.5342465753424658, 0.31316725978647686, 0.8717948717948718, 0.40476190476190477]"
Naive Bayes,23,5,0.814611108817091,0.416211890726188,0.8390392468651078,0.39973210453215546,0.38700085309116083,0.448259029093898,0.5588235294117647,0.507504071442365,"[0.21739130434782608, 0.45588235294117646, 0.6821192052980133, 0.6828478964401294, 0.18947368421052632]","[0.35714285714285715, 0.496, 0.3665480427046263, 0.8178294573643411, 0.5]","[0.2702702702702703, 0.47509578544061304, 0.47685185185185186, 0.7442680776014109, 0.2748091603053435]","[0.35714285714285715, 0.496, 0.3665480427046263, 0.8178294573643411, 0.5]"
Naive Bayes,24,5,0.8254959272919914,0.4354676378162801,0.8023005407299859,0.4014230479405351,0.39383457783824993,0.41564659142178517,0.5696378830083565,0.45212456764965375,"[0.0, 0.44360902255639095, 0.5751633986928104, 0.732484076433121, 0.2962962962962963]","[0.0, 0.5514018691588785, 0.3492063492063492, 0.7986111111111112, 0.5614035087719298]","[0.0, 0.49166666666666664, 0.4345679012345679, 0.7641196013289037, 0.3878787878787879]","[0.0, 0.5514018691588785, 0.3492063492063492, 0.7986111111111112, 0.5614035087719298]"
Naive Bayes,25,5,0.8124491890535882,0.42232896511123796,0.8100561277247286,0.36293193175827726,0.3488104353382505,0.3785280121380113,0.5309859154929577,0.42517730153171635,"[0.037037037037037035, 0.4117647058823529, 0.6576576576576577, 0.7331189710610932, 0.152]","[0.08333333333333333, 0.5283018867924528, 0.2908366533864542, 0.76, 0.4634146341463415]","[0.05128205128205128, 0.4628099173553719, 0.40331491712707185, 0.7463175122749591, 0.2289156626506024]","[0.08333333333333333, 0.5283018867924528, 0.2908366533864542, 0.76, 0.4634146341463415]"
Naive Bayes,26,6,0.8196036102126312,0.43102499114149484,0.7750637826946696,0.32532629861727774,0.3144030219332977,0.36208856306618203,0.5126050420168067,0.38331358750159655,"[0.1111111111111111, 0.3697478991596639, 0.625, 0.6656716417910448, 0.11320754716981132]","[0.1111111111111111, 0.41509433962264153, 0.31835205992509363, 0.7992831541218638, 0.2727272727272727]","[0.1111111111111111, 0.39111111111111113, 0.4218362282878412, 0.7263843648208469, 0.16]","[0.1111111111111111, 0.41509433962264153, 0.31835205992509363, 0.7992831541218638, 0.2727272727272727]"
Naive Bayes,27,6,0.8177219865046448,0.42277604693897286,0.8084696064406005,0.35525603503402337,0.3441544986116676,0.37062431942039814,0.5356643356643357,0.4083174603174603,"[0.0, 0.3709677419354839, 0.6643356643356644, 0.7070063694267515, 0.16393442622950818]","[0.0, 0.5, 0.35714285714285715, 0.74, 0.4444444444444444]","[0.0, 0.42592592592592593, 0.46454767726161367, 0.7231270358306189, 0.23952095808383234]","[0.0, 0.5, 0.35714285714285715, 0.74, 0.4444444444444444]"
Naive Bayes,28,6,0.8240821228093935,0.4212882022157561,0.7974825846393447,0.3813383968548454,0.36605127123114256,0.4088212334364891,0.5414364640883977,0.46875576412465136,"[0.14285714285714285, 0.38, 0.6764705882352942, 0.7165605095541401, 0.14634146341463414]","[0.3157894736842105, 0.5229357798165137, 0.31724137931034485, 0.8241758241758241, 0.36363636363636365]","[0.19672131147540983, 0.44015444015444016, 0.431924882629108, 0.7666098807495741, 0.20869565217391303]","[0.3157894736842105, 0.5229357798165137, 0.31724137931034485, 0.8241758241758241, 0.36363636363636365]"
Naive Bayes,29,6,0.8149810593674556,0.42314948226484217,0.8241446164990988,0.3939570072040094,0.37808415368454484,0.4779866165236917,0.5694444444444444,0.5433620468805038,"[0.45454545454545453, 0.42718446601941745, 0.6666666666666666, 0.7306590257879656, 0.16793893129770993]","[0.5, 0.4943820224719101, 0.3193916349809886, 0.7919254658385093, 0.6111111111111112]","[0.47619047619047616, 0.4583333333333333, 0.4318766066838046, 0.7600596125186289, 0.2634730538922156]","[0.5, 0.4943820224719101, 0.3193916349809886, 0.7919254658385093, 0.6111111111111112]"
Naive Bayes,30,6,0.8109289557592246,0.4120769750561072,0.8347234125388553,0.4315305344337117,0.4148260305820073,0.4271843463585399,0.5855728429985856,0.46239644456134776,"[0.05555555555555555, 0.47619047619047616, 0.6752136752136753, 0.6982758620689655, 0.2727272727272727]","[0.1111111111111111, 0.6194690265486725, 0.3062015503875969, 0.8933823529411765, 0.38181818181818183]","[0.07407407407407407, 0.5384615384615384, 0.42133333333333334, 0.7838709677419354, 0.3181818181818182]","[0.1111111111111111, 0.6194690265486725, 0.3062015503875969, 0.8933823529411765, 0.38181818181818183]"
Naive Bayes,31,7,0.8188763481835497,0.4252439382391994,0.8037731344161276,0.3544632203151452,0.34429355485914215,0.37355118266435816,0.541029207232267,0.3995324559942251,"[0.09090909090909091, 0.336283185840708, 0.6333333333333333, 0.6979472140762464, 0.16346153846153846]","[0.05555555555555555, 0.4, 0.35185185185185186, 0.8206896551724138, 0.3695652173913043]","[0.06896551724137931, 0.36538461538461536, 0.4523809523809524, 0.7543581616481775, 0.22666666666666666]","[0.05555555555555555, 0.4, 0.35185185185185186, 0.8206896551724138, 0.3695652173913043]"
Naive Bayes,32,7,0.8126528032824236,0.4157799476641443,0.8091757932147482,0.3886727171232019,0.37406045833824364,0.38251540283828633,0.572829131652661,0.3993401719070294,"[0.0, 0.43636363636363634, 0.6574074074074074, 0.7038961038961039, 0.2235294117647059]","[0.0, 0.48484848484848486, 0.2886178861788618, 0.8713826366559485, 0.35185185185185186]","[0.0, 0.45933014354066987, 0.4011299435028249, 0.7787356321839081, 0.2733812949640288]","[0.0, 0.48484848484848486, 0.2886178861788618, 0.8713826366559485, 0.35185185185185186]"
Naive Bayes,33,7,0.8192402925519966,0.4282172504497666,0.8059529335702985,0.37492894807640087,0.35762550678212124,0.38663924003086747,0.5455820476858345,0.4459252545850484,"[0.0625, 0.35443037974683544, 0.6578947368421053, 0.7142857142857143, 0.19101123595505617]","[0.1111111111111111, 0.5333333333333333, 0.27472527472527475, 0.8247422680412371, 0.4857142857142857]","[0.08, 0.42585551330798477, 0.3875968992248062, 0.7655502392344498, 0.27419354838709675]","[0.1111111111111111, 0.5333333333333333, 0.27472527472527475, 0.8247422680412371, 0.4857142857142857]"
Naive Bayes,34,7,0.8229574208634194,0.43106183520042274,0.799195202068487,0.3804541966457381,0.36826930085769594,0.3954885367335998,0.5486111111111112,0.4404648976291419,"[0.0, 0.45985401459854014, 0.6558441558441559, 0.6838709677419355, 0.18811881188118812]","[0.0, 0.6176470588235294, 0.3531468531468531, 0.7681159420289855, 0.4634146341463415]","[0.0, 0.5271966527196653, 0.4590909090909091, 0.7235494880546075, 0.2676056338028169]","[0.0, 0.6176470588235294, 0.3531468531468531, 0.7681159420289855, 0.4634146341463415]"
Naive Bayes,35,7,0.8196555667119709,0.39654156014178854,0.7489132954355829,0.37051241477062713,0.35451595457003793,0.3960158134337945,0.5224089635854342,0.4563035803922649,"[0.10526315789473684, 0.4090909090909091, 0.6934306569343066, 0.7343173431734318, 0.14838709677419354]","[0.09090909090909091, 0.5, 0.35315985130111527, 0.7158273381294964, 0.6216216216216216]","[0.0975609756097561, 0.45, 0.46798029556650245, 0.7249544626593807, 0.23958333333333334]","[0.09090909090909091, 0.5, 0.35315985130111527, 0.7158273381294964, 0.6216216216216216]"
Naive Bayes,36,8,0.8084280328835461,0.41287452081612513,0.8633167481037625,0.4299190529062977,0.41506563161609034,0.48492787606846477,0.596931659693166,0.5430531275543229,"[0.38461538461538464, 0.3805309734513274, 0.7122302158273381, 0.7624633431085044, 0.1891891891891892]","[0.45454545454545453, 0.6056338028169014, 0.36531365313653136, 0.8125, 0.4772727272727273]","[0.4166666666666667, 0.4673913043478261, 0.48292682926829267, 0.7866868381240545, 0.2709677419354839]","[0.45454545454545453, 0.6056338028169014, 0.36531365313653136, 0.8125, 0.4772727272727273]"
Naive Bayes,37,8,0.8183773333557763,0.4162255487566299,0.8082032448850448,0.35730083655384487,0.3405950374179971,0.4268765746191187,0.5126760563380282,0.49372591830076173,"[0.3157894736842105, 0.32679738562091504, 0.684931506849315, 0.7110266159695817, 0.16279069767441862]","[0.3157894736842105, 0.49019607843137253, 0.33783783783783783, 0.7248062015503876, 0.6]","[0.3157894736842105, 0.39215686274509803, 0.45248868778280543, 0.7178502879078695, 0.25609756097560976]","[0.3157894736842105, 0.49019607843137253, 0.33783783783783783, 0.7248062015503876, 0.6]"
Naive Bayes,38,8,0.824142313453908,0.4268395242260349,0.7762766109337605,0.35867939016603506,0.3475209763539283,0.36603441286909033,0.5398601398601398,0.3921231984991046,"[0.0, 0.45454545454545453, 0.6343283582089553, 0.6572237960339944, 0.14736842105263157]","[0.0, 0.4330708661417323, 0.34, 0.8375451263537906, 0.35]","[0.0, 0.4435483870967742, 0.4427083333333333, 0.7365079365079366, 0.2074074074074074]","[0.0, 0.4330708661417323, 0.34, 0.8375451263537906, 0.35]"
Naive Bayes,39,8,0.8189443248753386,0.42841659720033964,0.8064371674663684,0.36943142158153264,0.3539912185992946,0.3893146258009552,0.5473537604456824,0.4294614276156657,"[0.041666666666666664, 0.47244094488188976, 0.6764705882352942, 0.6786703601108033, 0.17307692307692307]","[0.1, 0.6, 0.27165354330708663, 0.8006535947712419, 0.375]","[0.058823529411764705, 0.5286343612334802, 0.38764044943820225, 0.7346326836581709, 0.23684210526315788]","[0.1, 0.6, 0.27165354330708663, 0.8006535947712419, 0.375]"
Naive Bayes,40,8,0.821259748587269,0.43025640255328346,0.7918769360974134,0.39306738526437424,0.3800640247267909,0.403324232715027,0.5666666666666667,0.44264564944009865,"[0.038461538461538464, 0.40458015267175573, 0.6474820143884892, 0.6988636363636364, 0.25]","[0.14285714285714285, 0.48623853211009177, 0.32967032967032966, 0.8631578947368421, 0.391304347826087]","[0.06060606060606061, 0.44166666666666665, 0.4368932038834951, 0.7723704866562009, 0.3050847457627119]","[0.14285714285714285, 0.48623853211009177, 0.32967032967032966, 0.8631578947368421, 0.391304347826087]"
Naive Bayes,41,9,0.8214837950717992,0.43685572329251904,0.7737758738160112,0.3942000382583006,0.3807476240760296,0.38755524197887825,0.5686274509803921,0.42511294446819753,"[0.0, 0.390625, 0.6870748299319728, 0.7134328358208956, 0.1839080459770115]","[0.0, 0.5263157894736842, 0.3568904593639576, 0.8213058419243986, 0.42105263157894735]","[0.0, 0.4484304932735426, 0.4697674418604651, 0.7635782747603834, 0.256]","[0.0, 0.5263157894736842, 0.3568904593639576, 0.8213058419243986, 0.42105263157894735]"
Naive Bayes,42,9,0.8246596581397319,0.42502993171151165,0.7780042198546411,0.3664887015565679,0.350875621809537,0.38735074699872823,0.530812324929972,0.42026395398478,"[0.047619047619047616, 0.46258503401360546, 0.6515151515151515, 0.6190476190476191, 0.20512820512820512]","[0.07692307692307693, 0.4788732394366197, 0.3115942028985507, 0.8702928870292888, 0.36363636363636365]","[0.058823529411764705, 0.47058823529411764, 0.4215686274509804, 0.7234782608695652, 0.26229508196721313]","[0.07692307692307693, 0.4788732394366197, 0.3115942028985507, 0.8702928870292888, 0.36363636363636365]"
Naive Bayes,43,9,0.8116323418357292,0.41932993994546824,0.8356181922880758,0.3812747746158404,0.36697067569682573,0.4354466467381301,0.5624123422159888,0.4809201213502289,"[0.3157894736842105, 0.3225806451612903, 0.6302521008403361, 0.7174515235457064, 0.23333333333333334]","[0.2857142857142857, 0.49382716049382713, 0.28957528957528955, 0.8354838709677419, 0.5]","[0.3, 0.3902439024390244, 0.3968253968253968, 0.7719821162444114, 0.3181818181818182]","[0.2857142857142857, 0.49382716049382713, 0.28957528957528955, 0.8354838709677419, 0.5]"
Naive Bayes,44,9,0.8152706295956909,0.40030561807866505,0.8201628005695131,0.3754633300893937,0.3584737046662948,0.44879693294497763,0.5319444444444444,0.5131128297836683,"[0.3333333333333333, 0.3931034482758621, 0.6666666666666666, 0.7142857142857143, 0.17424242424242425]","[0.4666666666666667, 0.5588235294117647, 0.2814814814814815, 0.7692307692307693, 0.48936170212765956]","[0.3888888888888889, 0.46153846153846156, 0.3958333333333333, 0.7407407407407407, 0.2569832402234637]","[0.4666666666666667, 0.5588235294117647, 0.2814814814814815, 0.7692307692307693, 0.48936170212765956]"
Naive Bayes,45,9,0.8142846328006008,0.4259829395882221,0.8153623366825684,0.37784361637791974,0.36712126286769287,0.3927479336706036,0.5577190542420027,0.42075107009095775,"[0.0625, 0.44680851063829785, 0.6622516556291391, 0.7507788161993769, 0.12408759124087591]","[0.08333333333333333, 0.47191011235955055, 0.390625, 0.753125, 0.40476190476190477]","[0.07142857142857142, 0.45901639344262296, 0.4914004914004914, 0.7519500780031201, 0.18994413407821228]","[0.08333333333333333, 0.47191011235955055, 0.390625, 0.753125, 0.40476190476190477]"
Naive Bayes,46,10,0.8136428193872348,0.41372287764684385,0.8460374040726304,0.4416544182167772,0.42490597460273394,0.4780028194674257,0.5912921348314607,0.5438164997226067,"[0.2727272727272727, 0.40993788819875776, 0.7096774193548387, 0.7461300309597523, 0.24390243902439024]","[0.375, 0.66, 0.3295880149812734, 0.8281786941580757, 0.5263157894736842]","[0.3157894736842105, 0.5057471264367817, 0.45012787723785164, 0.7850162866449512, 0.3333333333333333]","[0.375, 0.66, 0.3295880149812734, 0.8281786941580757, 0.5263157894736842]"
Naive Bayes,47,10,0.8261694926784383,0.4240536711463304,0.7591051476305578,0.3062559031095713,0.29005665369818256,0.3410975995518724,0.48671328671328673,0.37863685452254153,"[0.0, 0.3978494623655914, 0.6287878787878788, 0.7044673539518901, 0.12365591397849462]","[0.0, 0.4157303370786517, 0.30970149253731344, 0.6677524429967426, 0.5]","[0.0, 0.4065934065934066, 0.415, 0.68561872909699, 0.19827586206896552]","[0.0, 0.4157303370786517, 0.30970149253731344, 0.6677524429967426, 0.5]"
Naive Bayes,48,10,0.8123539407221239,0.4010618864304775,0.8080844020041171,0.3951763004323362,0.3837546303784647,0.43666803977781976,0.5566298342541437,0.4577115074089833,"[0.30434782608695654, 0.5035460992907801, 0.6546762589928058, 0.6978193146417445, 0.1]","[0.28, 0.6016949152542372, 0.3446969696969697, 0.8057553956834532, 0.2564102564102564]","[0.2916666666666667, 0.5482625482625483, 0.45161290322580644, 0.7479131886477463, 0.14388489208633093]","[0.28, 0.6016949152542372, 0.3446969696969697, 0.8057553956834532, 0.2564102564102564]"
Naive Bayes,49,10,0.815840093948769,0.40802097292627587,0.8098611270169661,0.38675097907522843,0.3730897972869297,0.39062219620472144,0.5672268907563025,0.42936155674390974,"[0.0, 0.3783783783783784, 0.6611570247933884, 0.703601108033241, 0.26851851851851855]","[0.0, 0.42424242424242425, 0.3125, 0.8300653594771242, 0.58]","[0.0, 0.4, 0.4244031830238727, 0.7616191904047976, 0.3670886075949367]","[0.0, 0.42424242424242425, 0.3125, 0.8300653594771242, 0.58]"
Naive Bayes,50,10,0.8161426995855265,0.4267037004535793,0.802734757885269,0.3474185340492539,0.33459232793362537,0.3674782704822749,0.5216783216783217,0.4047858527385662,"[0.041666666666666664, 0.3282442748091603, 0.6598639455782312, 0.6835443037974683, 0.16494845360824742]","[0.05263157894736842, 0.4174757281553398, 0.3356401384083045, 0.8181818181818182, 0.4]","[0.046511627906976744, 0.36752136752136755, 0.44495412844036697, 0.7448275862068966, 0.23357664233576642]","[0.05263157894736842, 0.4174757281553398, 0.3356401384083045, 0.8181818181818182, 0.4]"
Random Forest,1,1,1.0,1.0,0.8493797896526502,0.4716663821076317,0.4637493347605288,0.40021765411775495,0.6606896551724138,0.39227953921615,"[0.0, 0.4583333333333333, 0.6182965299684543, 0.7333333333333333, 0.5333333333333333]","[0.0, 0.205607476635514, 0.7101449275362319, 0.8754325259515571, 0.1702127659574468]","[0.0, 0.2838709677419355, 0.6610455311973018, 0.7981072555205048, 0.25806451612903225]","[0.0, 0.205607476635514, 0.7101449275362319, 0.8754325259515571, 0.1702127659574468]"
Random Forest,2,1,1.0,1.0,0.8761646379158069,0.5006204821932592,0.49546881928120656,0.46838948178104517,0.6732117812061711,0.4481213741874043,"[0.0, 0.5507246376811594, 0.5733788395904437, 0.7859327217125383, 0.7391304347826086]","[0.0, 0.3584905660377358, 0.721030042918455, 0.8210862619808307, 0.34]","[0.0, 0.4342857142857143, 0.6387832699619772, 0.803125, 0.4657534246575342]","[0.0, 0.3584905660377358, 0.721030042918455, 0.8210862619808307, 0.34]"
Random Forest,3,1,1.0,1.0,0.8853787611281287,0.5109910269787893,0.5021803443037351,0.46337004813032207,0.6788732394366197,0.4476220471086256,"[0.0, 0.6031746031746031, 0.6125, 0.7619047619047619, 0.6666666666666666]","[0.0, 0.29457364341085274, 0.7313432835820896, 0.8921933085501859, 0.32]","[0.0, 0.3958333333333333, 0.6666666666666666, 0.821917808219178, 0.43243243243243246]","[0.0, 0.29457364341085274, 0.7313432835820896, 0.8921933085501859, 0.32]"
Random Forest,4,1,1.0,1.0,0.8903832396732068,0.5453043041126586,0.5423548280463767,0.49088939124379766,0.7050561797752809,0.4812650508039935,"[0.0, 0.5507246376811594, 0.7185430463576159, 0.7403846153846154, 0.5517241379310345]","[0.0, 0.4367816091954023, 0.725752508361204, 0.8716981132075472, 0.37209302325581395]","[0.0, 0.48717948717948717, 0.7221297836938436, 0.8006932409012132, 0.4444444444444444]","[0.0, 0.4367816091954023, 0.725752508361204, 0.8716981132075472, 0.37209302325581395]"
Random Forest,5,1,1.0,1.0,0.8399816717663329,0.5107686042616669,0.506458216782142,0.4701981609203716,0.6902777777777778,0.44480689868629203,"[0.5, 0.32608695652173914, 0.6608996539792388, 0.7619047619047619, 0.6923076923076923]","[0.07142857142857142, 0.1875, 0.7126865671641791, 0.8774193548387097, 0.375]","[0.125, 0.23809523809523808, 0.6858168761220825, 0.815592203898051, 0.4864864864864865]","[0.07142857142857142, 0.1875, 0.7126865671641791, 0.8774193548387097, 0.375]"
Random Forest,6,2,1.0,1.0,0.8801057813148946,0.5346019559116277,0.5303474436133891,0.470892983543456,0.7019498607242339,0.4526979457339049,"[0.0, 0.5094339622641509, 0.6619217081850534, 0.768361581920904, 0.6551724137931034]","[0.0, 0.3103448275862069, 0.7322834645669292, 0.8690095846645367, 0.35185185185185186]","[0.0, 0.38571428571428573, 0.6953271028037383, 0.815592203898051, 0.4578313253012048]","[0.0, 0.3103448275862069, 0.7322834645669292, 0.8690095846645367, 0.35185185185185186]"
Random Forest,7,2,1.0,1.0,0.8596648879011962,0.5209224358616406,0.5166199852968875,0.4632450249788356,0.6930555555555555,0.4398912963556203,"[0.0, 0.5352112676056338, 0.6688524590163935, 0.7439759036144579, 0.9090909090909091]","[0.0, 0.37254901960784315, 0.7132867132867133, 0.8697183098591549, 0.24390243902439024]","[0.0, 0.4393063583815029, 0.6903553299492385, 0.801948051948052, 0.38461538461538464]","[0.0, 0.37254901960784315, 0.7132867132867133, 0.8697183098591549, 0.24390243902439024]"
Random Forest,8,2,1.0,1.0,0.8535991005159721,0.47624714568912335,0.4691147605540208,0.4129462200922328,0.6662030598052852,0.4034364633131656,"[0.0, 0.2926829268292683, 0.6678082191780822, 0.7079889807162535, 0.6521739130434783]","[0.0, 0.15584415584415584, 0.6890459363957597, 0.889273356401384, 0.2830188679245283]","[0.0, 0.2033898305084746, 0.6782608695652174, 0.7883435582822086, 0.39473684210526316]","[0.0, 0.15584415584415584, 0.6890459363957597, 0.889273356401384, 0.2830188679245283]"
Random Forest,9,2,1.0,1.0,0.8761603663415978,0.4700855220751508,0.46207668625804643,0.4265719889280753,0.6521739130434783,0.41889145271002015,"[0.0, 0.5178571428571429, 0.5782747603833865, 0.7561728395061729, 0.5]","[0.0, 0.2396694214876033, 0.7154150197628458, 0.8536585365853658, 0.2857142857142857]","[0.0, 0.327683615819209, 0.6395759717314488, 0.8019639934533551, 0.36363636363636365]","[0.0, 0.2396694214876033, 0.7154150197628458, 0.8536585365853658, 0.2857142857142857]"
Random Forest,10,2,1.0,1.0,0.8164512368257848,0.48220693053374786,0.47483588621444195,0.4173847290706695,0.6619718309859155,0.4098079589442447,"[0.0, 0.46875, 0.6049382716049383, 0.7677419354838709, 0.5]","[0.0, 0.2459016393442623, 0.7313432835820896, 0.8717948717948718, 0.2]","[0.0, 0.3225806451612903, 0.6621621621621622, 0.8164665523156089, 0.2857142857142857]","[0.0, 0.2459016393442623, 0.7313432835820896, 0.8717948717948718, 0.2]"
Random Forest,11,3,1.0,1.0,0.8630859517546062,0.488026637226513,0.4837703062379539,0.4359966183991892,0.66993006993007,0.4266475548631769,"[0.0, 0.4375, 0.6136363636363636, 0.7808641975308642, 0.5]","[0.0, 0.27184466019417475, 0.7105263157894737, 0.8605442176870748, 0.2903225806451613]","[0.0, 0.33532934131736525, 0.6585365853658537, 0.8187702265372169, 0.3673469387755102]","[0.0, 0.27184466019417475, 0.7105263157894737, 0.8605442176870748, 0.2903225806451613]"
Random Forest,12,3,1.0,1.0,0.8764355470492745,0.5106230201957862,0.5033975765958086,0.45476180077883327,0.676923076923077,0.4381756022273141,"[0.0, 0.6, 0.6306306306306306, 0.75, 0.6190476190476191]","[0.0, 0.3391304347826087, 0.7806691449814126, 0.8161764705882353, 0.2549019607843137]","[0.0, 0.43333333333333335, 0.6976744186046512, 0.7816901408450704, 0.3611111111111111]","[0.0, 0.3391304347826087, 0.7806691449814126, 0.8161764705882353, 0.2549019607843137]"
Random Forest,13,3,1.0,1.0,0.8719398954018921,0.5071700444189136,0.4998874134209207,0.46724277755398613,0.6768802228412256,0.45045508851960464,"[0.0, 0.6274509803921569, 0.6346749226006192, 0.7350157728706624, 0.64]","[0.0, 0.2909090909090909, 0.7347670250896058, 0.8629629629629629, 0.36363636363636365]","[0.0, 0.39751552795031053, 0.6810631229235881, 0.7938671209540034, 0.463768115942029]","[0.0, 0.2909090909090909, 0.7347670250896058, 0.8629629629629629, 0.36363636363636365]"
Random Forest,14,3,1.0,1.0,0.842058018565357,0.5493990153282643,0.5430412197261014,0.48658223356079516,0.7068723702664796,0.4659365679924778,"[0.0, 0.5892857142857143, 0.6666666666666666, 0.7588235294117647, 0.7391304347826086]","[0.0, 0.33, 0.7452471482889734, 0.8927335640138409, 0.3617021276595745]","[0.0, 0.4230769230769231, 0.703770197486535, 0.8203497615262321, 0.4857142857142857]","[0.0, 0.33, 0.7452471482889734, 0.8927335640138409, 0.3617021276595745]"
Random Forest,15,3,1.0,1.0,0.8647735529594389,0.4941068319587665,0.4883873171287072,0.4370445151033386,0.6870653685674548,0.41528614284065996,"[0.0, 0.45454545454545453, 0.6425992779783394, 0.7460732984293194, 0.7333333333333333]","[0.0, 0.24691358024691357, 0.6666666666666666, 0.8878504672897196, 0.275]","[0.0, 0.32, 0.6544117647058824, 0.8108108108108109, 0.4]","[0.0, 0.24691358024691357, 0.6666666666666666, 0.8878504672897196, 0.275]"
Random Forest,16,4,1.0,1.0,0.8581454954307581,0.5125765951938728,0.506920544432758,0.4356360664797635,0.691771269177127,0.42125561197205635,"[0.0, 0.4444444444444444, 0.6897689768976898, 0.7341040462427746, 0.6428571428571429]","[0.0, 0.2823529411764706, 0.7037037037037037, 0.900709219858156, 0.21951219512195122]","[0.0, 0.34532374100719426, 0.6966666666666667, 0.8089171974522293, 0.32727272727272727]","[0.0, 0.2823529411764706, 0.7037037037037037, 0.900709219858156, 0.21951219512195122]"
Random Forest,17,4,1.0,1.0,0.8674090574211203,0.4949594019851825,0.49044625514301143,0.4244584901748161,0.6778711484593838,0.41218325728244726,"[0.0, 0.28, 0.6565656565656566, 0.7521865889212828, 0.7083333333333334]","[0.0, 0.19444444444444445, 0.724907063197026, 0.862876254180602, 0.2786885245901639]","[0.0, 0.22950819672131148, 0.6890459363957597, 0.8037383177570093, 0.4]","[0.0, 0.19444444444444445, 0.724907063197026, 0.862876254180602, 0.2786885245901639]"
Random Forest,18,4,1.0,1.0,0.8773776022189687,0.5219300629709939,0.5136032285286343,0.4596571891701438,0.6901408450704225,0.44433092472826347,"[0.0, 0.5833333333333334, 0.6210191082802548, 0.7750759878419453, 0.631578947368421]","[0.0, 0.25925925925925924, 0.7587548638132295, 0.8703071672354948, 0.3333333333333333]","[0.0, 0.358974358974359, 0.6830122591943958, 0.819935691318328, 0.43636363636363634]","[0.0, 0.25925925925925924, 0.7587548638132295, 0.8703071672354948, 0.3333333333333333]"
Random Forest,19,4,1.0,1.0,0.8600967925274411,0.508650682249233,0.5014726408354109,0.4758500745542806,0.6801112656467315,0.45445360715165223,"[0.0, 0.5245901639344263, 0.6480836236933798, 0.7272727272727273, 0.8333333333333334]","[0.0, 0.3018867924528302, 0.6714801444043321, 0.9142857142857143, 0.38461538461538464]","[0.0, 0.38323353293413176, 0.6595744680851063, 0.810126582278481, 0.5263157894736842]","[0.0, 0.3018867924528302, 0.6714801444043321, 0.9142857142857143, 0.38461538461538464]"
Random Forest,20,4,1.0,1.0,0.8511986297002292,0.48834001734930493,0.47566917898650696,0.44830863782019376,0.6583333333333333,0.4340197294121859,"[0.0, 0.6071428571428571, 0.5505952380952381, 0.7864077669902912, 0.6666666666666666]","[0.0, 0.2463768115942029, 0.7581967213114754, 0.8321917808219178, 0.3333333333333333]","[0.0, 0.35051546391752575, 0.6379310344827587, 0.8086522462562395, 0.4444444444444444]","[0.0, 0.2463768115942029, 0.7581967213114754, 0.8321917808219178, 0.3333333333333333]"
Random Forest,21,5,1.0,1.0,0.8357454456964153,0.44828670199751997,0.44454954393243085,0.4291561476344759,0.6467315716272601,0.40700944865013716,"[1.0, 0.3484848484848485, 0.6210191082802548, 0.7323076923076923, 0.6153846153846154]","[0.058823529411764705, 0.23469387755102042, 0.6989247311827957, 0.8263888888888888, 0.21621621621621623]","[0.1111111111111111, 0.2804878048780488, 0.657672849915683, 0.7765089722675367, 0.32]","[0.058823529411764705, 0.23469387755102042, 0.6989247311827957, 0.8263888888888888, 0.21621621621621623]"
Random Forest,22,5,1.0,1.0,0.873228464288656,0.5506844058372888,0.5470767273316951,0.48074937116922223,0.7190542420027817,0.4638082184638027,"[0.0, 0.4423076923076923, 0.7184115523465704, 0.7637362637362637, 0.6538461538461539]","[0.0, 0.3150684931506849, 0.708185053380783, 0.8910256410256411, 0.40476190476190477]","[0.0, 0.368, 0.7132616487455197, 0.8224852071005917, 0.5]","[0.0, 0.3150684931506849, 0.708185053380783, 0.8910256410256411, 0.40476190476190477]"
Random Forest,23,5,1.0,1.0,0.8853695874173756,0.520775468590216,0.5133232598329729,0.4909830720247812,0.6834733893557423,0.4752094604908641,"[0.0, 0.6507936507936508, 0.6279761904761905, 0.7560137457044673, 0.6666666666666666]","[0.0, 0.328, 0.7508896797153025, 0.8527131782945736, 0.4444444444444444]","[0.0, 0.43617021276595747, 0.6839546191247974, 0.8014571948998178, 0.5333333333333333]","[0.0, 0.328, 0.7508896797153025, 0.8527131782945736, 0.4444444444444444]"
Random Forest,24,5,1.0,1.0,0.8694935542214852,0.5180204791845315,0.5101516717859493,0.46652727541305766,0.6810584958217271,0.4495636970151235,"[0.0, 0.5555555555555556, 0.6138613861386139, 0.7574850299401198, 0.7407407407407407]","[0.0, 0.2803738317757009, 0.7380952380952381, 0.8784722222222222, 0.3508771929824561]","[0.0, 0.37267080745341613, 0.6702702702702703, 0.8135048231511254, 0.47619047619047616]","[0.0, 0.2803738317757009, 0.7380952380952381, 0.8784722222222222, 0.3508771929824561]"
Random Forest,25,5,1.0,1.0,0.8689748848475093,0.49832395370887383,0.49012647271883414,0.4343133847434923,0.6774647887323944,0.4179300530658468,"[0.0, 0.5306122448979592, 0.6020066889632107, 0.7614942528735632, 0.7142857142857143]","[0.0, 0.24528301886792453, 0.7171314741035857, 0.8833333333333333, 0.24390243902439024]","[0.0, 0.33548387096774196, 0.6545454545454545, 0.8179012345679012, 0.36363636363636365]","[0.0, 0.24528301886792453, 0.7171314741035857, 0.8833333333333333, 0.24390243902439024]"
Random Forest,26,6,1.0,1.0,0.8700765573068387,0.49115897930696595,0.4869116559326009,0.4583794364446508,0.665266106442577,0.44870017026937437,"[0.0, 0.5303030303030303, 0.6326530612244898, 0.7345679012345679, 0.5333333333333333]","[0.0, 0.330188679245283, 0.6966292134831461, 0.8530465949820788, 0.36363636363636365]","[0.0, 0.4069767441860465, 0.6631016042780749, 0.7893864013266998, 0.43243243243243246]","[0.0, 0.330188679245283, 0.6966292134831461, 0.8530465949820788, 0.36363636363636365]"
Random Forest,27,6,1.0,1.0,0.8664818734309779,0.49638157636712077,0.4900079390676557,0.43644886604508526,0.6783216783216783,0.42139486397152304,"[0.0, 0.4666666666666667, 0.6265432098765432, 0.7630769230769231, 0.6190476190476191]","[0.0, 0.22826086956521738, 0.7631578947368421, 0.8266666666666667, 0.28888888888888886]","[0.0, 0.30656934306569344, 0.688135593220339, 0.7936, 0.3939393939393939]","[0.0, 0.22826086956521738, 0.7631578947368421, 0.8266666666666667, 0.28888888888888886]"
Random Forest,28,6,1.0,1.0,0.8533464140151491,0.49212243218176477,0.48589559595039566,0.4626503668566871,0.6726519337016574,0.43530776232985724,"[1.0, 0.4426229508196721, 0.6276276276276276, 0.7578616352201258, 0.8181818181818182]","[0.05263157894736842, 0.24770642201834864, 0.7206896551724138, 0.8827838827838828, 0.2727272727272727]","[0.1, 0.3176470588235294, 0.6709470304975923, 0.8155668358714044, 0.4090909090909091]","[0.05263157894736842, 0.24770642201834864, 0.7206896551724138, 0.8827838827838828, 0.2727272727272727]"
Random Forest,29,6,1.0,1.0,0.8689750644704457,0.5469902703451728,0.5427091246466332,0.484500432967491,0.7166666666666667,0.46405566861181213,"[0.0, 0.5294117647058824, 0.6594982078853047, 0.7880434782608695, 0.6818181818181818]","[0.0, 0.30337078651685395, 0.6996197718631179, 0.9006211180124224, 0.4166666666666667]","[0.0, 0.38571428571428573, 0.6789667896678967, 0.8405797101449275, 0.5172413793103449]","[0.0, 0.30337078651685395, 0.6996197718631179, 0.9006211180124224, 0.4166666666666667]"
Random Forest,30,6,1.0,1.0,0.8526158462382025,0.4926448845718092,0.4835694208151491,0.43458172580128424,0.6647807637906648,0.42085036716327345,"[0.0, 0.5333333333333333, 0.6258503401360545, 0.7159763313609467, 0.8]","[0.0, 0.2831858407079646, 0.7131782945736435, 0.8897058823529411, 0.21818181818181817]","[0.0, 0.3699421965317919, 0.6666666666666666, 0.7934426229508197, 0.34285714285714286]","[0.0, 0.2831858407079646, 0.7131782945736435, 0.8897058823529411, 0.21818181818181817]"
Random Forest,31,7,1.0,1.0,0.8710265904943967,0.5275863850105839,0.5195047417694911,0.46266141148195217,0.694019471488178,0.44961378959642984,"[0.0, 0.6216216216216216, 0.6501547987616099, 0.7545454545454545, 0.5862068965517241]","[0.0, 0.24210526315789474, 0.7777777777777778, 0.8586206896551725, 0.3695652173913043]","[0.0, 0.3484848484848485, 0.7082630691399663, 0.8032258064516129, 0.4533333333333333]","[0.0, 0.24210526315789474, 0.7777777777777778, 0.8586206896551725, 0.3695652173913043]"
Random Forest,32,7,1.0,1.0,0.8792870867881014,0.483971648439983,0.47788257749463947,0.4564458581610123,0.6694677871148459,0.4308844595802482,"[0.0, 0.6538461538461539, 0.5884476534296029, 0.7320441988950276, 0.7272727272727273]","[0.0, 0.3434343434343434, 0.6626016260162602, 0.8520900321543409, 0.2962962962962963]","[0.0, 0.4503311258278146, 0.6233269598470363, 0.787518573551263, 0.42105263157894735]","[0.0, 0.3434343434343434, 0.6626016260162602, 0.8520900321543409, 0.2962962962962963]"
Random Forest,33,7,1.0,1.0,0.8706131148501178,0.5382981330665587,0.5355848050240264,0.4835298304661297,0.7026647966339411,0.4659748498923756,"[0.0, 0.45454545454545453, 0.6678321678321678, 0.7909090909090909, 0.7]","[0.0, 0.3333333333333333, 0.6996336996336996, 0.8969072164948454, 0.4]","[0.0, 0.38461538461538464, 0.6833631484794276, 0.8405797101449275, 0.509090909090909]","[0.0, 0.3333333333333333, 0.6996336996336996, 0.8969072164948454, 0.4]"
Random Forest,34,7,1.0,1.0,0.8516573654843308,0.4450688718309666,0.4392880194176524,0.4215326194911147,0.6430555555555556,0.405642869388113,"[0.0, 0.4528301886792453, 0.6041055718475073, 0.7231270358306189, 0.6470588235294118]","[0.0, 0.23529411764705882, 0.7202797202797203, 0.8043478260869565, 0.2682926829268293]","[0.0, 0.3096774193548387, 0.6570972886762361, 0.7615780445969125, 0.3793103448275862]","[0.0, 0.23529411764705882, 0.7202797202797203, 0.8043478260869565, 0.2682926829268293]"
Random Forest,35,7,1.0,1.0,0.8761433221213919,0.5193073754977325,0.5093987730061349,0.42775907252032075,0.6862745098039216,0.4187574392075475,"[0.0, 0.5, 0.6320474777448071, 0.7802547770700637, 0.6363636363636364]","[0.0, 0.23148148148148148, 0.79182156133829, 0.8812949640287769, 0.1891891891891892]","[0.0, 0.31645569620253167, 0.7029702970297029, 0.8277027027027027, 0.2916666666666667]","[0.0, 0.23148148148148148, 0.79182156133829, 0.8812949640287769, 0.1891891891891892]"
Random Forest,36,8,1.0,1.0,0.8977373959698228,0.5330803234558801,0.5310792627593328,0.4787454047497467,0.708507670850767,0.4588914888188575,"[0.0, 0.4, 0.6711409395973155, 0.788235294117647, 0.75]","[0.0, 0.30985915492957744, 0.7380073800738007, 0.8375, 0.4090909090909091]","[0.0, 0.3492063492063492, 0.70298769771529, 0.8121212121212121, 0.5294117647058824]","[0.0, 0.30985915492957744, 0.7380073800738007, 0.8375, 0.4090909090909091]"
Random Forest,37,8,1.0,1.0,0.8497519095131517,0.4790361115565186,0.47583819632709945,0.45017178525864754,0.6605633802816901,0.44205585691221805,"[0.0, 0.4342105263157895, 0.6622516556291391, 0.7249190938511327, 0.5454545454545454]","[0.0, 0.3235294117647059, 0.6756756756756757, 0.8682170542635659, 0.34285714285714286]","[0.0, 0.3707865168539326, 0.6688963210702341, 0.7901234567901234, 0.42105263157894735]","[0.0, 0.3235294117647059, 0.6756756756756757, 0.8682170542635659, 0.34285714285714286]"
Random Forest,38,8,1.0,0.9993347832283088,0.8545163801483874,0.5103747742919222,0.4973269551221643,0.46525093129992123,0.6713286713286714,0.4532348560220586,"[0.0, 0.6808510638297872, 0.5963302752293578, 0.7460815047021944, 0.6818181818181818]","[0.0, 0.25196850393700787, 0.78, 0.8592057761732852, 0.375]","[0.0, 0.367816091954023, 0.6759098786828422, 0.7986577181208053, 0.4838709677419355]","[0.0, 0.25196850393700787, 0.78, 0.8592057761732852, 0.375]"
Random Forest,39,8,1.0,1.0,0.8727697374609887,0.4537303438617061,0.4467258158597611,0.4373701286537074,0.6504178272980501,0.41002367351139923,"[1.0, 0.5319148936170213, 0.5822368421052632, 0.7314285714285714, 0.5]","[0.1, 0.25, 0.6968503937007874, 0.8366013071895425, 0.16666666666666666]","[0.18181818181818182, 0.3401360544217687, 0.6344086021505376, 0.7804878048780488, 0.25]","[0.1, 0.25, 0.6968503937007874, 0.8366013071895425, 0.16666666666666666]"
Random Forest,40,8,1.0,1.0,0.8659311149806104,0.5842241267432666,0.5761483842921316,0.4917359694475799,0.7291666666666666,0.4666122918292633,"[0.0, 0.631578947368421, 0.6798679867986799, 0.7865497076023392, 0.875]","[0.0, 0.3302752293577982, 0.7545787545787546, 0.9438596491228071, 0.30434782608695654]","[0.0, 0.43373493975903615, 0.7152777777777778, 0.8580542264752791, 0.45161290322580644]","[0.0, 0.3302752293577982, 0.7545787545787546, 0.9438596491228071, 0.30434782608695654]"
Random Forest,41,9,1.0,0.9998191622339585,0.8801339932252171,0.5448935582208879,0.5424267191737564,0.4816079056673348,0.7100840336134454,0.4601340570471021,"[0.0, 0.4857142857142857, 0.6765676567656765, 0.7919254658385093, 0.7222222222222222]","[0.0, 0.35789473684210527, 0.7243816254416962, 0.8762886597938144, 0.34210526315789475]","[0.0, 0.4121212121212121, 0.6996587030716723, 0.831973898858075, 0.4642857142857143]","[0.0, 0.35789473684210527, 0.7243816254416962, 0.8762886597938144, 0.34210526315789475]"
Random Forest,42,9,1.0,1.0,0.8234280285929302,0.4771047594641124,0.4650174682227012,0.4452511850039823,0.6470588235294118,0.4335369791197169,"[0.0, 0.6271186440677966, 0.6024096385542169, 0.6973684210526315, 0.7222222222222222]","[0.0, 0.2605633802816901, 0.7246376811594203, 0.8870292887029289, 0.29545454545454547]","[0.0, 0.3681592039800995, 0.6578947368421053, 0.7808471454880295, 0.41935483870967744]","[0.0, 0.2605633802816901, 0.7246376811594203, 0.8870292887029289, 0.29545454545454547]"
Random Forest,43,9,1.0,1.0,0.8847877554295959,0.5154428266288823,0.5109785314980975,0.4407231892679276,0.6928471248246845,0.42749655953957033,"[0.0, 0.39285714285714285, 0.6433566433566433, 0.7824858757062146, 0.6470588235294118]","[0.0, 0.2716049382716049, 0.7104247104247104, 0.8935483870967742, 0.2619047619047619]","[0.0, 0.32116788321167883, 0.6752293577981652, 0.8343373493975904, 0.3728813559322034]","[0.0, 0.2716049382716049, 0.7104247104247104, 0.8935483870967742, 0.2619047619047619]"
Random Forest,44,9,1.0,1.0,0.8708594932338023,0.5489806425510074,0.5419063825189747,0.49148060693515233,0.7055555555555556,0.4707003866202865,"[0.0, 0.5961538461538461, 0.654320987654321, 0.7711598746081505, 0.76]","[0.0, 0.30392156862745096, 0.7851851851851852, 0.8601398601398601, 0.40425531914893614]","[0.0, 0.4025974025974026, 0.7138047138047138, 0.8132231404958677, 0.5277777777777778]","[0.0, 0.30392156862745096, 0.7851851851851852, 0.8601398601398601, 0.40425531914893614]"
Random Forest,45,9,1.0,1.0,0.8818273635011922,0.5032197840545073,0.49896397340865084,0.4492853327635936,0.6856745479833102,0.43330047819689665,"[0.0, 0.5306122448979592, 0.6254180602006689, 0.7716763005780347, 0.5416666666666666]","[0.0, 0.29213483146067415, 0.73046875, 0.834375, 0.30952380952380953]","[0.0, 0.37681159420289856, 0.6738738738738739, 0.8018018018018018, 0.3939393939393939]","[0.0, 0.29213483146067415, 0.73046875, 0.834375, 0.30952380952380953]"
Random Forest,46,10,1.0,1.0,0.8771274224387426,0.5322097330042977,0.5302159126497874,0.4753574287198766,0.6952247191011236,0.4631577971919258,"[0.0, 0.5476190476190477, 0.6578073089700996, 0.7894736842105263, 0.5238095238095238]","[0.0, 0.46, 0.7415730337078652, 0.8247422680412371, 0.2894736842105263]","[0.0, 0.5, 0.6971830985915493, 0.8067226890756303, 0.3728813559322034]","[0.0, 0.46, 0.7415730337078652, 0.8247422680412371, 0.2894736842105263]"
Random Forest,47,10,1.0,1.0,0.8406655712572112,0.5049293645137796,0.4989205004352567,0.435619586656376,0.6881118881118881,0.4183283864243038,"[0.0, 0.5102040816326531, 0.6546762589928058, 0.7425474254742548, 0.5789473684210527]","[0.0, 0.2808988764044944, 0.6791044776119403, 0.8925081433224755, 0.2391304347826087]","[0.0, 0.36231884057971014, 0.6666666666666666, 0.8106508875739645, 0.3384615384615385]","[0.0, 0.2808988764044944, 0.6791044776119403, 0.8925081433224755, 0.2391304347826087]"
Random Forest,48,10,1.0,1.0,0.8619582426600433,0.4811273573395184,0.470738481231174,0.4401997528369462,0.6560773480662984,0.43109644795719665,"[0.0, 0.49019607843137253, 0.5894428152492669, 0.7564102564102564, 0.65]","[0.0, 0.211864406779661, 0.7613636363636364, 0.8489208633093526, 0.3333333333333333]","[0.0, 0.2958579881656805, 0.6644628099173554, 0.8, 0.4406779661016949]","[0.0, 0.211864406779661, 0.7613636363636364, 0.8489208633093526, 0.3333333333333333]"
Random Forest,49,10,1.0,1.0,0.8531645727248651,0.49065584151731045,0.48450541174713235,0.45010750246127645,0.6750700280112045,0.4273151180926916,"[0.0, 0.48, 0.6188811188811189, 0.7394957983193278, 0.8095238095238095]","[0.0, 0.24242424242424243, 0.69140625, 0.8627450980392157, 0.34]","[0.0, 0.3221476510067114, 0.6531365313653137, 0.7963800904977375, 0.4788732394366197]","[0.0, 0.24242424242424243, 0.69140625, 0.8627450980392157, 0.34]"
Random Forest,50,10,1.0,1.0,0.8677685596044735,0.5166745755931822,0.5105972614741555,0.4565551695744217,0.6853146853146853,0.4440152456808485,"[0.0, 0.4918032786885246, 0.6645367412140575, 0.7453416149068323, 0.631578947368421]","[0.0, 0.2912621359223301, 0.7197231833910035, 0.9090909090909091, 0.3]","[0.0, 0.36585365853658536, 0.6910299003322259, 0.8191126279863481, 0.4067796610169492]","[0.0, 0.2912621359223301, 0.7197231833910035, 0.9090909090909091, 0.3]"
SVM,1,1,0.924947650310074,0.5960333819546042,0.8640766482051412,0.4922273688529676,0.483430120430292,0.5190261883057374,0.6331034482758621,0.5965012425948654,"[0.041666666666666664, 0.43478260869565216, 0.6853932584269663, 0.8027210884353742, 0.582089552238806]","[0.3333333333333333, 0.5607476635514018, 0.4420289855072464, 0.8166089965397924, 0.8297872340425532]","[0.07407407407407407, 0.4897959183673469, 0.5374449339207048, 0.8096054888507719, 0.6842105263157895]","[0.3333333333333333, 0.5607476635514018, 0.4420289855072464, 0.8166089965397924, 0.8297872340425532]"
SVM,2,1,0.9224502563499994,0.5881423968281263,0.8890898987092118,0.4667672165008952,0.45881101492488585,0.5080041038791252,0.6086956521739131,0.6154021950482773,"[0.08571428571428572, 0.4824561403508772, 0.625, 0.8401486988847584, 0.45652173913043476]","[0.5454545454545454, 0.5188679245283019, 0.45064377682403434, 0.7220447284345048, 0.84]","[0.14814814814814814, 0.5, 0.5236907730673317, 0.7766323024054983, 0.5915492957746479]","[0.5454545454545454, 0.5188679245283019, 0.45064377682403434, 0.7220447284345048, 0.84]"
SVM,3,1,0.9243242735454004,0.5967870553520749,0.8758379788189657,0.47112275048385555,0.4644522193182419,0.5042584197093245,0.6183098591549295,0.5762438574510157,"[0.06666666666666667, 0.487012987012987, 0.6795580110497238, 0.782608695652174, 0.4074074074074074]","[0.15789473684210525, 0.5813953488372093, 0.458955223880597, 0.8029739776951673, 0.88]","[0.09375, 0.5300353356890459, 0.5478841870824054, 0.7926605504587156, 0.5569620253164557]","[0.15789473684210525, 0.5813953488372093, 0.458955223880597, 0.8029739776951673, 0.88]"
SVM,4,1,0.9223926364386703,0.5858191107361508,0.8825952868215928,0.48882556128024457,0.473417008238357,0.5207692178192762,0.6165730337078652,0.6098177117267134,"[0.10909090909090909, 0.3931034482758621, 0.8081395348837209, 0.767175572519084, 0.46153846153846156]","[0.3333333333333333, 0.6551724137931034, 0.46488294314381273, 0.7584905660377359, 0.8372093023255814]","[0.1643835616438356, 0.49137931034482757, 0.5902335456475584, 0.7628083491461101, 0.5950413223140496]","[0.3333333333333333, 0.6551724137931034, 0.46488294314381273, 0.7584905660377359, 0.8372093023255814]"
SVM,5,1,0.9271463162326121,0.6041454101100798,0.8752432836572763,0.4990518857774457,0.4938987797559512,0.5005934365133733,0.6486111111111111,0.55184939358507,"[0.06666666666666667, 0.38461538461538464, 0.7365853658536585, 0.8082191780821918, 0.42696629213483145]","[0.14285714285714285, 0.5, 0.5634328358208955, 0.7612903225806451, 0.7916666666666666]","[0.09090909090909091, 0.43478260869565216, 0.638477801268499, 0.7840531561461794, 0.5547445255474452]","[0.14285714285714285, 0.5, 0.5634328358208955, 0.7612903225806451, 0.7916666666666666]"
SVM,6,2,0.9211755613318683,0.584238138305999,0.8837642977113662,0.4953725488335402,0.48576370589586626,0.5228521234200245,0.6309192200557103,0.6363203245439129,"[0.11904761904761904, 0.4083333333333333, 0.6944444444444444, 0.8490566037735849, 0.44144144144144143]","[0.5, 0.5632183908045977, 0.4921259842519685, 0.7188498402555911, 0.9074074074074074]","[0.19230769230769232, 0.47342995169082125, 0.576036866359447, 0.7785467128027682, 0.593939393939394]","[0.5, 0.5632183908045977, 0.4921259842519685, 0.7188498402555911, 0.9074074074074074]"
SVM,7,2,0.9228810050023938,0.5955219511077677,0.8734591057984356,0.5000661241727258,0.4890518857192384,0.5201091859869775,0.6361111111111111,0.5882410810977909,"[0.03076923076923077, 0.453125, 0.7237569060773481, 0.8153310104529616, 0.559322033898305]","[0.2857142857142857, 0.5686274509803921, 0.458041958041958, 0.823943661971831, 0.8048780487804879]","[0.05555555555555555, 0.5043478260869565, 0.5610278372591007, 0.819614711033275, 0.66]","[0.2857142857142857, 0.5686274509803921, 0.458041958041958, 0.823943661971831, 0.8048780487804879]"
SVM,8,2,0.9256992413470625,0.577307831244743,0.8728559355764693,0.5068949304848686,0.49796876983623206,0.5095743079622599,0.6481223922114048,0.5531805818765665,"[0.02631578947368421, 0.43, 0.7771739130434783, 0.7580645161290323, 0.5057471264367817]","[0.058823529411764705, 0.5584415584415584, 0.5053003533568905, 0.8131487889273357, 0.8301886792452831]","[0.03636363636363636, 0.4858757062146893, 0.6124197002141327, 0.7846410684474123, 0.6285714285714286]","[0.058823529411764705, 0.5584415584415584, 0.5053003533568905, 0.8131487889273357, 0.8301886792452831]"
SVM,9,2,0.9242617172587305,0.5822591079829662,0.873435220968994,0.43247311129047217,0.42421563812953555,0.4773905840687986,0.5848527349228612,0.5475304967345956,"[0.0821917808219178, 0.4393939393939394, 0.6602564102564102, 0.7785467128027682, 0.3968253968253968]","[0.35294117647058826, 0.4793388429752066, 0.40711462450592883, 0.7839721254355401, 0.7142857142857143]","[0.13333333333333333, 0.45849802371541504, 0.5036674816625917, 0.78125, 0.5102040816326531]","[0.35294117647058826, 0.4793388429752066, 0.40711462450592883, 0.7839721254355401, 0.7142857142857143]"
SVM,10,2,0.9273872968078833,0.6114218600443673,0.8731113152915706,0.4596232180433682,0.4526781717809718,0.4871100729607215,0.6070422535211267,0.5542612707125725,"[0.08571428571428572, 0.4431137724550898, 0.7015706806282722, 0.7911646586345381, 0.3382352941176471]","[0.17647058823529413, 0.6065573770491803, 0.5, 0.7216117216117216, 0.7666666666666667]","[0.11538461538461539, 0.5121107266435986, 0.5838779956427015, 0.7547892720306514, 0.46938775510204084]","[0.17647058823529413, 0.6065573770491803, 0.5, 0.7216117216117216, 0.7666666666666667]"
SVM,11,3,0.9246601294987377,0.5933550500828043,0.8791520279476904,0.44638136280888396,0.4385782844090096,0.49529818005770254,0.6,0.566333073523144,"[0.08450704225352113, 0.4032258064516129, 0.6628571428571428, 0.8048780487804879, 0.4482758620689655]","[0.2857142857142857, 0.4854368932038835, 0.43609022556390975, 0.7857142857142857, 0.8387096774193549]","[0.13043478260869565, 0.44052863436123346, 0.5260770975056689, 0.7951807228915663, 0.5842696629213483]","[0.2857142857142857, 0.4854368932038835, 0.43609022556390975, 0.7857142857142857, 0.8387096774193549]"
SVM,12,3,0.9251994452746846,0.589929029120899,0.8836201296878725,0.4659688678118097,0.4545176639464099,0.5027263588023277,0.5986013986013986,0.6110733685748423,"[0.07692307692307693, 0.46107784431137727, 0.6951219512195121, 0.7926829268292683, 0.4418604651162791]","[0.5, 0.6695652173913044, 0.42379182156133827, 0.7169117647058824, 0.7450980392156863]","[0.13333333333333333, 0.5460992907801419, 0.5265588914549654, 0.752895752895753, 0.5547445255474452]","[0.5, 0.6695652173913044, 0.42379182156133827, 0.7169117647058824, 0.7450980392156863]"
SVM,13,3,0.9246880998110282,0.600658858769541,0.8850878416347132,0.4841804823473061,0.4751855461428893,0.5078392901452629,0.6197771587743732,0.576619963071576,"[0.07894736842105263, 0.47297297297297297, 0.7228260869565217, 0.7837837837837838, 0.4044943820224719]","[0.2, 0.6363636363636364, 0.4767025089605735, 0.7518518518518519, 0.8181818181818182]","[0.11320754716981132, 0.5426356589147286, 0.5745140388768899, 0.7674858223062382, 0.5413533834586466]","[0.2, 0.6363636363636364, 0.4767025089605735, 0.7518518518518519, 0.8181818181818182]"
SVM,14,3,0.9243024233295876,0.592080300228869,0.8416691490283652,0.46854130255650456,0.4623431077915765,0.4801713210917156,0.6171107994389902,0.5121840312020532,"[0.0, 0.3709677419354839, 0.6830601092896175, 0.8156028368794326, 0.5]","[0.0, 0.46, 0.4752851711026616, 0.7958477508650519, 0.8297872340425532]","[0.0, 0.4107142857142857, 0.5605381165919282, 0.8056042031523643, 0.624]","[0.0, 0.46, 0.4752851711026616, 0.7958477508650519, 0.8297872340425532]"
SVM,15,3,0.9237755614041024,0.589576550873692,0.8896526106443089,0.48971299751397745,0.4792326976578357,0.5160223623895617,0.6411682892906815,0.6244238121351426,"[0.09433962264150944, 0.37142857142857144, 0.7453416149068323, 0.793939393939394, 0.5]","[0.5, 0.48148148148148145, 0.449438202247191, 0.8161993769470405, 0.875]","[0.15873015873015872, 0.41935483870967744, 0.5607476635514018, 0.804915514592934, 0.6363636363636364]","[0.5, 0.48148148148148145, 0.449438202247191, 0.8161993769470405, 0.875]"
SVM,16,4,0.9225290827839873,0.5910566137714036,0.8820489393718047,0.4739962723944653,0.46081737034141257,0.5103120924904675,0.6136680613668062,0.6295962813005458,"[0.11764705882352941, 0.3769230769230769, 0.7262569832402235, 0.8, 0.4268292682926829]","[0.5, 0.5764705882352941, 0.4377104377104377, 0.7801418439716312, 0.8536585365853658]","[0.19047619047619047, 0.4558139534883721, 0.5462184873949579, 0.7899461400359067, 0.5691056910569106]","[0.5, 0.5764705882352941, 0.4377104377104377, 0.7801418439716312, 0.8536585365853658]"
SVM,17,4,0.9225126323427618,0.5848876884159238,0.887032422355937,0.509610002156214,0.49823904818715936,0.5165161710212471,0.6386554621848739,0.5774391643300407,"[0.0392156862745098, 0.36, 0.7485714285714286, 0.8395522388059702, 0.5578947368421052]","[0.15384615384615385, 0.625, 0.48698884758364314, 0.7525083612040134, 0.8688524590163934]","[0.0625, 0.45685279187817257, 0.5900900900900901, 0.7936507936507936, 0.6794871794871795]","[0.15384615384615385, 0.625, 0.48698884758364314, 0.7525083612040134, 0.8688524590163934]"
SVM,18,4,0.9238144562419738,0.5826634648476984,0.892466750108538,0.49772342981467715,0.4902760656814268,0.5348861521930794,0.6366197183098592,0.6243232776407968,"[0.14583333333333334, 0.460431654676259, 0.72, 0.8093525179856115, 0.42857142857142855]","[0.4375, 0.5925925925925926, 0.490272373540856, 0.7679180887372014, 0.8333333333333334]","[0.21875, 0.5182186234817814, 0.5833333333333334, 0.7880910683012259, 0.5660377358490566]","[0.4375, 0.5925925925925926, 0.490272373540856, 0.7679180887372014, 0.8333333333333334]"
SVM,19,4,0.9250574445729354,0.5940586532117471,0.8707667939229913,0.46778268201131307,0.4600681882961697,0.49431687742300057,0.6189151599443672,0.5451104297775866,"[0.057692307692307696, 0.4485981308411215, 0.6994535519125683, 0.7605177993527508, 0.45588235294117646]","[0.17647058823529413, 0.4528301886792453, 0.4620938628158845, 0.8392857142857143, 0.7948717948717948]","[0.08695652173913043, 0.4507042253521127, 0.5565217391304348, 0.797962648556876, 0.5794392523364486]","[0.17647058823529413, 0.4528301886792453, 0.4620938628158845, 0.8392857142857143, 0.7948717948717948]"
SVM,20,4,0.9264968238139056,0.5957308114895268,0.8684989223351204,0.45119484059868536,0.4453805786914449,0.4996250351003576,0.6,0.6006303626388767,"[0.078125, 0.5174825174825175, 0.6384180790960452, 0.7881040892193308, 0.417910447761194]","[0.5, 0.5362318840579711, 0.46311475409836067, 0.726027397260274, 0.7777777777777778]","[0.13513513513513514, 0.5266903914590747, 0.5368171021377672, 0.7557932263814616, 0.5436893203883495]","[0.5, 0.5362318840579711, 0.46311475409836067, 0.726027397260274, 0.7777777777777778]"
SVM,21,5,0.9292455429045973,0.5939641258011674,0.8387947709055235,0.4298431227751576,0.42161418842163045,0.47995030782538767,0.588317107093185,0.5472581120504,"[0.09523809523809523, 0.4140625, 0.6611111111111111, 0.7673611111111112, 0.4]","[0.35294117647058826, 0.5408163265306123, 0.4265232974910394, 0.7673611111111112, 0.6486486486486487]","[0.15, 0.4690265486725664, 0.5185185185185185, 0.7673611111111112, 0.4948453608247423]","[0.35294117647058826, 0.5408163265306123, 0.4265232974910394, 0.7673611111111112, 0.6486486486486487]"
SVM,22,5,0.9218013764412352,0.588446738107854,0.907058802220843,0.5314880152457526,0.5188561700793222,0.5172643681589993,0.6675938803894298,0.5944868424771415,"[0.037037037037037035, 0.39166666666666666, 0.8187134502923976, 0.7955974842767296, 0.46987951807228917]","[0.09090909090909091, 0.6438356164383562, 0.498220640569395, 0.8108974358974359, 0.9285714285714286]","[0.05263157894736842, 0.48704663212435234, 0.6194690265486725, 0.8031746031746032, 0.624]","[0.09090909090909091, 0.6438356164383562, 0.498220640569395, 0.8108974358974359, 0.9285714285714286]"
SVM,23,5,0.9220812840916242,0.5875934866778911,0.8816699778083044,0.479873865490895,0.47074615761979977,0.5227919450412329,0.6148459383753502,0.6232777731799499,"[0.10144927536231885, 0.48148148148148145, 0.7351351351351352, 0.7790697674418605, 0.44776119402985076]","[0.5, 0.52, 0.48398576512455516, 0.7790697674418605, 0.8333333333333334]","[0.1686746987951807, 0.5, 0.5836909871244635, 0.7790697674418605, 0.5825242718446602]","[0.5, 0.52, 0.48398576512455516, 0.7790697674418605, 0.8333333333333334]"
SVM,24,5,0.9244042203498445,0.5900563957263655,0.8841616306305523,0.5291036264876492,0.5229427603113153,0.5534895047447502,0.6545961002785515,0.6243148759749843,"[0.1111111111111111, 0.5038759689922481, 0.7027027027027027, 0.8365019011406845, 0.5208333333333334]","[0.35714285714285715, 0.6074766355140186, 0.5158730158730159, 0.7638888888888888, 0.8771929824561403]","[0.1694915254237288, 0.5508474576271186, 0.5949656750572082, 0.7985480943738656, 0.6535947712418301]","[0.35714285714285715, 0.6074766355140186, 0.5158730158730159, 0.7638888888888888, 0.8771929824561403]"
SVM,25,5,0.9245623080023007,0.6136252511519656,0.8777987823926108,0.4624017228103747,0.4539098466715906,0.48154420492399586,0.6098591549295774,0.5429729011550057,"[0.041666666666666664, 0.460431654676259, 0.660377358490566, 0.8105263157894737, 0.3924050632911392]","[0.16666666666666666, 0.6037735849056604, 0.41832669322709165, 0.77, 0.7560975609756098]","[0.06666666666666667, 0.5224489795918368, 0.5121951219512195, 0.7897435897435897, 0.5166666666666667]","[0.16666666666666666, 0.6037735849056604, 0.41832669322709165, 0.77, 0.7560975609756098]"
SVM,26,6,0.924243570411436,0.5862538121742197,0.8778084328254125,0.459709183185982,0.4518702578945798,0.5179774156521562,0.603641456582633,0.607478776080334,"[0.17647058823529413, 0.4122137404580153, 0.7028571428571428, 0.7683823529411765, 0.4235294117647059]","[0.5, 0.5094339622641509, 0.4606741573033708, 0.7491039426523297, 0.8181818181818182]","[0.2608695652173913, 0.45569620253164556, 0.5565610859728507, 0.7586206896551724, 0.5581395348837209]","[0.5, 0.5094339622641509, 0.4606741573033708, 0.7491039426523297, 0.8181818181818182]"
SVM,27,6,0.9241936370084183,0.604340368148202,0.8814158254093648,0.4842204593214055,0.47742744585604624,0.5018520757480353,0.6307692307692307,0.5609688714539973,"[0.06451612903225806, 0.40875912408759124, 0.6989795918367347, 0.8154981549815498, 0.4375]","[0.16666666666666666, 0.6086956521739131, 0.5150375939849624, 0.7366666666666667, 0.7777777777777778]","[0.09302325581395349, 0.4890829694323144, 0.5930735930735931, 0.7740805604203153, 0.56]","[0.16666666666666666, 0.6086956521739131, 0.5150375939849624, 0.7366666666666667, 0.7777777777777778]"
SVM,28,6,0.9255410441635465,0.5899159927259283,0.8638252640898063,0.4523109363994714,0.44213018127512194,0.4831603521723342,0.5980662983425414,0.5481071561682294,"[0.09523809523809523, 0.3716216216216216, 0.7388888888888889, 0.7890909090909091, 0.3793103448275862]","[0.3157894736842105, 0.5045871559633027, 0.4586206896551724, 0.7948717948717948, 0.6666666666666666]","[0.14634146341463414, 0.4280155642023346, 0.5659574468085107, 0.791970802919708, 0.4835164835164835]","[0.3157894736842105, 0.5045871559633027, 0.4586206896551724, 0.7948717948717948, 0.6666666666666666]"
SVM,29,6,0.9221015501555963,0.5851056362490759,0.8738719691052761,0.4815510584989182,0.4743261236866545,0.4907467126114183,0.6375,0.5612103488238832,"[0.041666666666666664, 0.46534653465346537, 0.7071823204419889, 0.8057324840764332, 0.3815789473684211]","[0.2, 0.5280898876404494, 0.4866920152091255, 0.7857142857142857, 0.8055555555555556]","[0.06896551724137931, 0.49473684210526314, 0.5765765765765766, 0.7955974842767296, 0.5178571428571429]","[0.2, 0.5280898876404494, 0.4866920152091255, 0.7857142857142857, 0.8055555555555556]"
SVM,30,6,0.9243244956380192,0.5865650028805499,0.8865485602261882,0.4980170282662752,0.48897864146237835,0.5152179018540576,0.6294200848656294,0.5605347761723136,"[0.023255813953488372, 0.42857142857142855, 0.70625, 0.7992700729927007, 0.5903614457831325]","[0.1111111111111111, 0.5575221238938053, 0.437984496124031, 0.8051470588235294, 0.8909090909090909]","[0.038461538461538464, 0.4846153846153846, 0.5406698564593302, 0.8021978021978022, 0.7101449275362319]","[0.1111111111111111, 0.5575221238938053, 0.437984496124031, 0.8051470588235294, 0.8909090909090909]"
SVM,31,7,0.9232130043110006,0.5871825497458885,0.878655700290599,0.46879600615947814,0.46241680008452046,0.5082980493856069,0.6161335187760779,0.5758482162427558,"[0.11538461538461539, 0.4298245614035088, 0.6910994764397905, 0.7913669064748201, 0.42857142857142855]","[0.3333333333333333, 0.5157894736842106, 0.4888888888888889, 0.7586206896551724, 0.782608695652174]","[0.17142857142857143, 0.4688995215311005, 0.5726681127982647, 0.7746478873239436, 0.5538461538461539]","[0.3333333333333333, 0.5157894736842106, 0.4888888888888889, 0.7586206896551724, 0.782608695652174]"
SVM,32,7,0.9213694945479478,0.5816861568859215,0.89465036960211,0.49520331800525247,0.48580532863236225,0.5180312324992427,0.6372549019607843,0.6254680493798994,"[0.0392156862745098, 0.4806201550387597, 0.6824324324324325, 0.7942122186495176, 0.5733333333333334]","[0.5, 0.6262626262626263, 0.4105691056910569, 0.7942122186495176, 0.7962962962962963]","[0.07272727272727272, 0.543859649122807, 0.5126903553299492, 0.7942122186495176, 0.6666666666666666]","[0.5, 0.6262626262626263, 0.4105691056910569, 0.7942122186495176, 0.7962962962962963]"
SVM,33,7,0.9268711430617829,0.6063703147748376,0.8715434445734012,0.45373375525387694,0.4401423132950294,0.47464917049801636,0.5932678821879382,0.5906408368264039,"[0.058823529411764705, 0.4066666666666667, 0.7232704402515723, 0.8129770992366412, 0.34065934065934067]","[0.3333333333333333, 0.580952380952381, 0.42124542124542125, 0.7319587628865979, 0.8857142857142857]","[0.1, 0.47843137254901963, 0.5324074074074074, 0.7703435804701627, 0.49206349206349204]","[0.3333333333333333, 0.580952380952381, 0.42124542124542125, 0.7319587628865979, 0.8857142857142857]"
SVM,34,7,0.9256833733982424,0.5923657512379442,0.883556456952903,0.47247112857418316,0.46574422099841073,0.5319458973442536,0.6180555555555556,0.6229311958081217,"[0.14583333333333334, 0.4253731343283582, 0.6908212560386473, 0.7868217054263565, 0.4794520547945205]","[0.4666666666666667, 0.5588235294117647, 0.5, 0.7355072463768116, 0.8536585365853658]","[0.2222222222222222, 0.4830508474576271, 0.5801217038539553, 0.7602996254681648, 0.6140350877192983]","[0.4666666666666667, 0.5588235294117647, 0.5, 0.7355072463768116, 0.8536585365853658]"
SVM,35,7,0.9234012240330962,0.5821777397905106,0.8665140988604232,0.4791752032350735,0.4730162926732542,0.5161475900716962,0.6246498599439776,0.5639429714688466,"[0.07272727272727272, 0.4251968503937008, 0.7096774193548387, 0.7867132867132867, 0.5166666666666667]","[0.18181818181818182, 0.5, 0.49070631970260226, 0.8093525179856115, 0.8378378378378378]","[0.1038961038961039, 0.4595744680851064, 0.5802197802197803, 0.7978723404255319, 0.6391752577319587]","[0.18181818181818182, 0.5, 0.49070631970260226, 0.8093525179856115, 0.8378378378378378]"
SVM,36,8,0.9216660957552651,0.5849544574921749,0.892755365019761,0.48286543543895727,0.47138256179426496,0.5071682644288116,0.6290097629009763,0.607582742344709,"[0.09375, 0.38461538461538464, 0.7150837988826816, 0.8140350877192982, 0.4175824175824176]","[0.2727272727272727, 0.704225352112676, 0.47232472324723246, 0.725, 0.8636363636363636]","[0.13953488372093023, 0.4975124378109453, 0.5688888888888889, 0.7669421487603306, 0.562962962962963]","[0.2727272727272727, 0.704225352112676, 0.47232472324723246, 0.725, 0.8636363636363636]"
SVM,37,8,0.9270925249998847,0.6025232825448322,0.8581510951066603,0.4122804862436745,0.39980654653043635,0.4550116652480008,0.5605633802816902,0.5278585365139473,"[0.05357142857142857, 0.3741935483870968, 0.6994219653179191, 0.7590361445783133, 0.35064935064935066]","[0.15789473684210525, 0.5686274509803921, 0.40878378378378377, 0.7325581395348837, 0.7714285714285715]","[0.08, 0.45136186770428016, 0.5159914712153518, 0.7455621301775148, 0.48214285714285715]","[0.15789473684210525, 0.5686274509803921, 0.40878378378378377, 0.7325581395348837, 0.7714285714285715]"
SVM,38,8,0.923714275269402,0.5840474936943364,0.8755008488939557,0.4788989782908087,0.4752787500647938,0.5278106010236785,0.6237762237762238,0.5883460692864656,"[0.13953488372093023, 0.4921875, 0.675392670157068, 0.7689530685920578, 0.4605263157894737]","[0.2857142857142857, 0.49606299212598426, 0.516, 0.7689530685920578, 0.875]","[0.1875, 0.49411764705882355, 0.5850340136054422, 0.7689530685920578, 0.603448275862069]","[0.2857142857142857, 0.49606299212598426, 0.516, 0.7689530685920578, 0.875]"
SVM,39,8,0.9250812829561239,0.5931507428922677,0.8812855599962278,0.46681058601501074,0.4607088420925203,0.4981343465437137,0.6197771587743732,0.5524527816375894,"[0.05128205128205128, 0.44776119402985076, 0.6647727272727273, 0.782312925170068, 0.48]","[0.2, 0.6, 0.46062992125984253, 0.7516339869281046, 0.75]","[0.08163265306122448, 0.5128205128205128, 0.5441860465116279, 0.7666666666666667, 0.5853658536585366]","[0.2, 0.6, 0.46062992125984253, 0.7516339869281046, 0.75]"
SVM,40,8,0.9226827539168033,0.5781728556196274,0.8758342522055871,0.5640634677407487,0.5540589881942471,0.5586100320501572,0.6819444444444445,0.6477516964452492,"[0.05357142857142857, 0.5590551181102362, 0.7740112994350282, 0.8350515463917526, 0.5362318840579711]","[0.42857142857142855, 0.6513761467889908, 0.5018315018315018, 0.8526315789473684, 0.8043478260869565]","[0.09523809523809523, 0.6016949152542372, 0.6088888888888889, 0.84375, 0.6434782608695652]","[0.42857142857142855, 0.6513761467889908, 0.5018315018315018, 0.8526315789473684, 0.8043478260869565]"
SVM,41,9,0.9208759165782621,0.5884771227302907,0.8694451797132492,0.5024558619039551,0.49073312045297424,0.5051809583508223,0.6358543417366946,0.582135654972921,"[0.01818181818181818, 0.42748091603053434, 0.7445652173913043, 0.8458646616541353, 0.44871794871794873]","[0.14285714285714285, 0.5894736842105263, 0.4840989399293286, 0.7731958762886598, 0.9210526315789473]","[0.03225806451612903, 0.49557522123893805, 0.5867237687366167, 0.8078994614003591, 0.603448275862069]","[0.14285714285714285, 0.5894736842105263, 0.4840989399293286, 0.7731958762886598, 0.9210526315789473]"
SVM,42,9,0.9301582593793771,0.6054296394790695,0.8454054255800191,0.43444564031883387,0.42297392232158415,0.4806046225604933,0.5714285714285714,0.5217176355839699,"[0.014925373134328358, 0.46107784431137727, 0.6818181818181818, 0.7411764705882353, 0.5070422535211268]","[0.07692307692307693, 0.5422535211267606, 0.3804347826086957, 0.7907949790794979, 0.8181818181818182]","[0.025, 0.49838187702265374, 0.4883720930232558, 0.7651821862348178, 0.6260869565217392]","[0.07692307692307693, 0.5422535211267606, 0.3804347826086957, 0.7907949790794979, 0.8181818181818182]"
SVM,43,9,0.924664894529544,0.5803204374824473,0.8779243084752977,0.48000422586690056,0.47195556428310936,0.5149388513668932,0.6297335203366059,0.5815325002421777,"[0.1509433962264151, 0.3813559322033898, 0.7142857142857143, 0.803921568627451, 0.4411764705882353]","[0.38095238095238093, 0.5555555555555556, 0.46332046332046334, 0.7935483870967742, 0.7142857142857143]","[0.21621621621621623, 0.45226130653266333, 0.5620608899297423, 0.7987012987012987, 0.5454545454545454]","[0.38095238095238093, 0.5555555555555556, 0.46332046332046334, 0.7935483870967742, 0.7142857142857143]"
SVM,44,9,0.9235241691647141,0.5791506209320001,0.881091971586209,0.4619128663843901,0.45404562480909283,0.49525698173048005,0.6069444444444444,0.5419577761505171,"[0.043478260869565216, 0.3898305084745763, 0.7111111111111111, 0.7928571428571428, 0.5205479452054794]","[0.2, 0.45098039215686275, 0.4740740740740741, 0.7762237762237763, 0.8085106382978723]","[0.07142857142857142, 0.41818181818181815, 0.5688888888888889, 0.784452296819788, 0.6333333333333333]","[0.2, 0.45098039215686275, 0.4740740740740741, 0.7762237762237763, 0.8085106382978723]"
SVM,45,9,0.9228913452003848,0.5927762741535644,0.8946102558809207,0.4728393151401667,0.46622712482785833,0.5168051579852121,0.6258692628650904,0.6217790262172285,"[0.15, 0.44545454545454544, 0.6736842105263158, 0.8083623693379791, 0.3804347826086957]","[0.5, 0.550561797752809, 0.5, 0.725, 0.8333333333333334]","[0.23076923076923078, 0.49246231155778897, 0.5739910313901345, 0.7644151565074135, 0.5223880597014925]","[0.5, 0.550561797752809, 0.5, 0.725, 0.8333333333333334]"
SVM,46,10,0.9219596173142095,0.5893314970304264,0.8777290583797601,0.4832481538152056,0.46859229121478707,0.5120766049368254,0.6109550561797753,0.5943495644009827,"[0.05333333333333334, 0.44516129032258067, 0.6883116883116883, 0.861003861003861, 0.4782608695652174]","[0.25, 0.69, 0.3970037453183521, 0.7663230240549829, 0.868421052631579]","[0.08791208791208792, 0.5411764705882353, 0.503562945368171, 0.8109090909090909, 0.616822429906542]","[0.25, 0.69, 0.3970037453183521, 0.7663230240549829, 0.868421052631579]"
SVM,47,10,0.9230075128313526,0.6003525969399078,0.8576247585711885,0.48193077682748486,0.4722964807558502,0.48782898187295753,0.6335664335664336,0.5464833230308519,"[0.021739130434782608, 0.46226415094339623, 0.7575757575757576, 0.7608695652173914, 0.4342105263157895]","[0.2, 0.550561797752809, 0.4664179104477612, 0.7980456026058632, 0.717391304347826]","[0.0392156862745098, 0.5025641025641026, 0.5773672055427251, 0.7790143084260731, 0.5409836065573771]","[0.2, 0.550561797752809, 0.4664179104477612, 0.7980456026058632, 0.717391304347826]"
SVM,48,10,0.929440438824571,0.5936999091574781,0.87172766289916,0.4400706349211155,0.43291342147925893,0.48466849943805757,0.5842541436464088,0.5588153988839271,"[0.1, 0.38686131386861317, 0.6961325966850829, 0.796078431372549, 0.38461538461538464]","[0.24, 0.4491525423728814, 0.4772727272727273, 0.7302158273381295, 0.8974358974358975]","[0.1411764705882353, 0.41568627450980394, 0.5662921348314607, 0.7617260787992496, 0.5384615384615384]","[0.24, 0.4491525423728814, 0.4772727272727273, 0.7302158273381295, 0.8974358974358975]"
SVM,49,10,0.9231103522813335,0.5950555683675944,0.890704530562358,0.49510059145055413,0.48973557725992456,0.5047557552184742,0.6428571428571429,0.6006708630421865,"[0.03225806451612903, 0.47115384615384615, 0.6871794871794872, 0.8013937282229965, 0.4639175257731959]","[0.3333333333333333, 0.494949494949495, 0.5234375, 0.7516339869281046, 0.9]","[0.058823529411764705, 0.4827586206896552, 0.5942350332594235, 0.7757166947723441, 0.6122448979591837]","[0.3333333333333333, 0.494949494949495, 0.5234375, 0.7516339869281046, 0.9]"
SVM,50,10,0.9238027537409275,0.5943756327027968,0.8902004059564972,0.49020708778645905,0.48141078951314953,0.5275821105339731,0.627972027972028,0.5861653927909742,"[0.09090909090909091, 0.3825503355704698, 0.7150259067357513, 0.8113207547169812, 0.546875]","[0.21052631578947367, 0.5533980582524272, 0.47750865051903113, 0.8143939393939394, 0.875]","[0.12698412698412698, 0.4523809523809524, 0.5726141078838174, 0.8128544423440454, 0.6730769230769231]","[0.21052631578947367, 0.5533980582524272, 0.47750865051903113, 0.8143939393939394, 0.875]"
