Classifier,Fold,Repeat,train_auc,train_f1_macro,val_auc,val_mcc,val_kappa,val_f1_macro,val_accuracy,val_balanced_accuracy,per_class_precision,per_class_recall,per_class_f1,per_class_accuracy
Gradient Boosting,1,1,0.9744525632671953,0.8716694005739983,0.8550079318906679,0.4537907727380805,0.4476902154745548,0.4701762340274551,0.633107454017425,0.4523159780751814,"[0.21052631578947367, 0.5700934579439252, 0.5950920245398773, 0.6877323420074349, 0.5813953488372093]","[0.14814814814814814, 0.4236111111111111, 0.6139240506329114, 0.8486238532110092, 0.22727272727272727]","[0.17391304347826086, 0.4860557768924303, 0.6043613707165109, 0.7597535934291582, 0.32679738562091504]","[np.float64(0.14814814814814814), np.float64(0.4236111111111111), np.float64(0.6139240506329114), np.float64(0.8486238532110092), np.float64(0.22727272727272727)]"
Gradient Boosting,2,1,0.9774424150997785,0.8648281473832793,0.8387557366877332,0.4348719269843759,0.4297135017487995,0.44834927879398884,0.6235521235521235,0.43186963925631544,"[0.07142857142857142, 0.45217391304347826, 0.608433734939759, 0.67984934086629, 0.6818181818181818]","[0.07692307692307693, 0.348993288590604, 0.5754985754985755, 0.8454332552693209, 0.3125]","[0.07407407407407407, 0.3939393939393939, 0.5915080527086384, 0.7536534446764092, 0.42857142857142855]","[np.float64(0.07692307692307693), np.float64(0.348993288590604), np.float64(0.5754985754985755), np.float64(0.8454332552693209), np.float64(0.3125)]"
Gradient Boosting,3,1,0.9752339170835468,0.8706764426552265,0.8606816987149164,0.4792934061753866,0.47814122209018706,0.4759146468099427,0.6471716203259827,0.4704427735924586,"[0.125, 0.5398773006134969, 0.6310975609756098, 0.7252066115702479, 0.4666666666666667]","[0.03125, 0.5605095541401274, 0.6253776435045317, 0.7977272727272727, 0.3373493975903614]","[0.05, 0.55, 0.6282245827010622, 0.7597402597402597, 0.3916083916083916]","[np.float64(0.03125), np.float64(0.5605095541401274), np.float64(0.6253776435045317), np.float64(0.7977272727272727), np.float64(0.3373493975903614)]"
Gradient Boosting,4,1,0.976944195527793,0.8757239998628286,0.8545622509572631,0.4497307799281702,0.44501170683053404,0.4564424865246356,0.6315280464216635,0.4390492154931359,"[0.08333333333333333, 0.49572649572649574, 0.6224188790560472, 0.6807692307692308, 0.6304347826086957]","[0.043478260869565216, 0.3841059602649007, 0.6045845272206304, 0.8408551068883611, 0.32222222222222224]","[0.05714285714285714, 0.43283582089552236, 0.6133720930232558, 0.7523910733262487, 0.4264705882352941]","[np.float64(0.043478260869565216), np.float64(0.3841059602649007), np.float64(0.6045845272206304), np.float64(0.8408551068883611), np.float64(0.32222222222222224)]"
Gradient Boosting,5,1,0.9775153475697094,0.8814049953100611,0.8520275652753911,0.47820865603693663,0.4755786490316486,0.47642496192130357,0.6489874638379942,0.4674332965240768,"[0.15384615384615385, 0.5163398692810458, 0.6082474226804123, 0.739961759082218, 0.49122807017543857]","[0.05263157894736842, 0.5064102564102564, 0.5636942675159236, 0.86, 0.35443037974683544]","[0.0784313725490196, 0.511326860841424, 0.5851239669421487, 0.7954779033915724, 0.4117647058823529]","[np.float64(0.05263157894736842), np.float64(0.5064102564102564), np.float64(0.5636942675159236), np.float64(0.86), np.float64(0.35443037974683544)]"
Gradient Boosting,6,2,0.9766832725305752,0.8822959229496403,0.8513345920336757,0.49221502896521346,0.4889304913865655,0.5209629805861422,0.6647286821705426,0.49559970355855343,"[0.3333333333333333, 0.6222222222222222, 0.6417445482866043, 0.7028571428571428, 0.5897435897435898]","[0.16666666666666666, 0.5714285714285714, 0.6058823529411764, 0.827354260089686, 0.30666666666666664]","[0.2222222222222222, 0.5957446808510638, 0.6232980332829047, 0.7600411946446962, 0.40350877192982454]","[np.float64(0.16666666666666666), np.float64(0.5714285714285714), np.float64(0.6058823529411764), np.float64(0.827354260089686), np.float64(0.30666666666666664)]"
Gradient Boosting,7,2,0.9762187969476651,0.8735182209074184,0.8628876739478679,0.4673699359335997,0.4646842375492043,0.4469179532911056,0.648936170212766,0.4463704193845609,"[0.0, 0.44029850746268656, 0.6166666666666667, 0.7425373134328358, 0.47540983606557374]","[0.0, 0.472, 0.5817610062893082, 0.8522483940042827, 0.3258426966292135]","[0.0, 0.4555984555984556, 0.598705501618123, 0.7936191425722832, 0.38666666666666666]","[np.float64(0.0), np.float64(0.472), np.float64(0.5817610062893082), np.float64(0.8522483940042827), np.float64(0.3258426966292135)]"
Gradient Boosting,8,2,0.9768020640743327,0.8719342344450501,0.8428417522230987,0.43889131937577985,0.43598714409283224,0.4389330076917794,0.6196911196911197,0.4292113575887525,"[0.0, 0.5, 0.5963855421686747, 0.694, 0.5263157894736842]","[0.0, 0.4267515923566879, 0.5857988165680473, 0.8242280285035629, 0.30927835051546393]","[0.0, 0.46048109965635736, 0.591044776119403, 0.753528773072747, 0.38961038961038963]","[np.float64(0.0), np.float64(0.4267515923566879), np.float64(0.5857988165680473), np.float64(0.8242280285035629), np.float64(0.30927835051546393)]"
Gradient Boosting,9,2,0.9774938510574895,0.8814085853557886,0.849817946173971,0.46333884267468634,0.46002102260133626,0.4863868681667697,0.6363636363636364,0.47034112775981496,"[0.1875, 0.5961538461538461, 0.5681063122923588, 0.710727969348659, 0.54]","[0.15789473684210525, 0.49206349206349204, 0.5551948051948052, 0.8431818181818181, 0.30337078651685395]","[0.17142857142857143, 0.5391304347826087, 0.5615763546798029, 0.7713097713097713, 0.38848920863309355]","[np.float64(0.15789473684210525), np.float64(0.49206349206349204), np.float64(0.5551948051948052), np.float64(0.8431818181818181), np.float64(0.30337078651685395)]"
Gradient Boosting,10,2,0.9777162947341441,0.8775304270802398,0.8507292268877013,0.42899274814081656,0.4223820921127267,0.44092358214775934,0.611003861003861,0.42871333913261545,"[0.25, 0.42424242424242425, 0.621301775147929, 0.6602316602316602, 0.6111111111111112]","[0.09375, 0.4028776978417266, 0.5882352941176471, 0.855, 0.2037037037037037]","[0.13636363636363635, 0.4132841328413284, 0.60431654676259, 0.7450980392156863, 0.3055555555555556]","[np.float64(0.09375), np.float64(0.4028776978417266), np.float64(0.5882352941176471), np.float64(0.855), np.float64(0.2037037037037037)]"
Gradient Boosting,11,3,0.9768310190206762,0.8764203818942965,0.8279517919952258,0.43851163961106915,0.4335959527824621,0.43426886339859117,0.6170009551098377,0.4272635546888447,"[0.0, 0.4642857142857143, 0.6349693251533742, 0.6693069306930693, 0.5897435897435898]","[0.0, 0.47560975609756095, 0.5564516129032258, 0.8428927680798005, 0.26136363636363635]","[0.0, 0.46987951807228917, 0.5931232091690545, 0.7461368653421634, 0.36220472440944884]","[np.float64(0.0), np.float64(0.47560975609756095), np.float64(0.5564516129032258), np.float64(0.8428927680798005), np.float64(0.26136363636363635)]"
Gradient Boosting,12,3,0.9782702969283242,0.8799810851880124,0.8459118162701467,0.4535804402804928,0.4519753937604599,0.4834929239938358,0.6343355965082444,0.4671769373893758,"[0.18181818181818182, 0.5681818181818182, 0.5876923076923077, 0.7045908183632734, 0.532258064516129]","[0.09523809523809523, 0.5102040816326531, 0.5987460815047022, 0.7879464285714286, 0.34375]","[0.125, 0.5376344086021505, 0.593167701863354, 0.743940990516333, 0.4177215189873418]","[np.float64(0.09523809523809523), np.float64(0.5102040816326531), np.float64(0.5987460815047022), np.float64(0.7879464285714286), np.float64(0.34375)]"
Gradient Boosting,13,3,0.9751102931616199,0.8688414427284318,0.874794027231613,0.47361643557492783,0.4680677327477133,0.47854527343919634,0.6490891658676894,0.4608581715736829,"[0.23076923076923078, 0.5378787878787878, 0.60828025477707, 0.7111517367458866, 0.6216216216216216]","[0.13636363636363635, 0.4863013698630137, 0.5858895705521472, 0.8702460850111857, 0.22549019607843138]","[0.17142857142857143, 0.5107913669064749, 0.596875, 0.7826961770623743, 0.33093525179856115]","[np.float64(0.13636363636363635), np.float64(0.4863013698630137), np.float64(0.5858895705521472), np.float64(0.8702460850111857), np.float64(0.22549019607843138)]"
Gradient Boosting,14,3,0.9750311591504712,0.8758179996553576,0.8672973580217798,0.5046761663141405,0.5011069511402879,0.5069550528670026,0.6718296224588577,0.48290582652993946,"[0.2727272727272727, 0.5897435897435898, 0.6377245508982036, 0.7270992366412213, 0.5957446808510638]","[0.10714285714285714, 0.46621621621621623, 0.6533742331288344, 0.8504464285714286, 0.3373493975903614]","[0.15384615384615385, 0.5207547169811321, 0.6454545454545455, 0.7839506172839507, 0.4307692307692308]","[np.float64(0.10714285714285714), np.float64(0.46621621621621623), np.float64(0.6533742331288344), np.float64(0.8504464285714286), np.float64(0.3373493975903614)]"
Gradient Boosting,15,3,0.9767938058459787,0.8753591786155213,0.8437525452053773,0.4396372131289815,0.4369663562803332,0.4669440106217638,0.6190476190476191,0.45413047263355627,"[0.25, 0.5620437956204379, 0.6058631921824105, 0.6844181459566075, 0.3793103448275862]","[0.125, 0.506578947368421, 0.5849056603773585, 0.8069767441860465, 0.24719101123595505]","[0.16666666666666666, 0.532871972318339, 0.5952, 0.7406616862326574, 0.29931972789115646]","[np.float64(0.125), np.float64(0.506578947368421), np.float64(0.5849056603773585), np.float64(0.8069767441860465), np.float64(0.24719101123595505)]"
Gradient Boosting,16,4,0.9761607260782007,0.8662893764619145,0.8524766539783682,0.4874774893707185,0.48313236877786403,0.5280749600677984,0.6541062801932367,0.4968463193595598,"[0.5, 0.5642857142857143, 0.598705501618123, 0.7091254752851711, 0.7]","[0.18518518518518517, 0.5064102564102564, 0.583596214511041, 0.8555045871559633, 0.35353535353535354]","[0.2702702702702703, 0.5337837837837838, 0.5910543130990416, 0.7754677754677755, 0.4697986577181208]","[np.float64(0.18518518518518517), np.float64(0.5064102564102564), np.float64(0.583596214511041), np.float64(0.8555045871559633), np.float64(0.35353535353535354)]"
Gradient Boosting,17,4,0.9769533495602192,0.8735576778435222,0.8454449912204705,0.4632654397048112,0.45987994712959146,0.46831746707467026,0.6385658914728682,0.4551237520649285,"[0.10526315789473684, 0.5736434108527132, 0.5923566878980892, 0.7156673114119922, 0.5094339622641509]","[0.1111111111111111, 0.4228571428571429, 0.6078431372549019, 0.8371040723981901, 0.2967032967032967]","[0.10810810810810811, 0.4868421052631579, 0.6, 0.7716371220020855, 0.375]","[np.float64(0.1111111111111111), np.float64(0.4228571428571429), np.float64(0.6078431372549019), np.float64(0.8371040723981901), np.float64(0.2967032967032967)]"
Gradient Boosting,18,4,0.9779856854494092,0.8847725393607334,0.8611200519395197,0.4634194508679611,0.4608865647648892,0.512973071494698,0.6384615384615384,0.4949771977614758,"[0.35294117647058826, 0.4797297297297297, 0.6225806451612903, 0.7092337917485265, 0.5892857142857143]","[0.17647058823529413, 0.4930555555555556, 0.5561959654178674, 0.8260869565217391, 0.4230769230769231]","[0.23529411764705882, 0.4863013698630137, 0.5875190258751902, 0.7632135306553911, 0.4925373134328358]","[np.float64(0.17647058823529413), np.float64(0.4930555555555556), np.float64(0.5561959654178674), np.float64(0.8260869565217391), np.float64(0.4230769230769231)]"
Gradient Boosting,19,4,0.9782484510355468,0.8814037014522877,0.8572348794223401,0.43049150271377373,0.4256711775466705,0.45515193738485465,0.6181292189006751,0.43645119545758637,"[0.25, 0.5185185185185185, 0.5683890577507599, 0.6797752808988764, 0.5689655172413793]","[0.06451612903225806, 0.3835616438356164, 0.5862068965517241, 0.8306636155606407, 0.3173076923076923]","[0.10256410256410256, 0.4409448818897638, 0.5771604938271605, 0.7476828012358393, 0.4074074074074074]","[np.float64(0.06451612903225806), np.float64(0.3835616438356164), np.float64(0.5862068965517241), np.float64(0.8306636155606407), np.float64(0.3173076923076923)]"
Gradient Boosting,20,4,0.9747741882129436,0.870999214210088,0.8600320203103273,0.48484695303233233,0.48091149033119407,0.48473006965544424,0.6564003849855631,0.4684543419978824,"[0.2727272727272727, 0.5114503816793893, 0.6802325581395349, 0.7, 0.4883720930232558]","[0.13043478260869565, 0.49264705882352944, 0.6290322580645161, 0.8459715639810427, 0.2441860465116279]","[0.17647058823529413, 0.50187265917603, 0.6536312849162011, 0.7660944206008584, 0.32558139534883723]","[np.float64(0.13043478260869565), np.float64(0.49264705882352944), np.float64(0.6290322580645161), np.float64(0.8459715639810427), np.float64(0.2441860465116279)]"
Gradient Boosting,21,5,0.9762812995625616,0.8771016132295774,0.857066964139092,0.4435630998990422,0.44038860837632265,0.49348674075071297,0.6241610738255033,0.46937620299120997,"[0.4166666666666667, 0.5038167938931297, 0.6030769230769231, 0.6802325581395349, 0.559322033898305]","[0.16129032258064516, 0.4258064516129032, 0.5885885885885885, 0.8125, 0.358695652173913]","[0.23255813953488372, 0.46153846153846156, 0.5957446808510638, 0.740506329113924, 0.4370860927152318]","[np.float64(0.16129032258064516), np.float64(0.4258064516129032), np.float64(0.5885885885885885), np.float64(0.8125), np.float64(0.358695652173913)]"
Gradient Boosting,22,5,0.9765824756158347,0.8722265399486115,0.8516417899721977,0.46077456380183823,0.45711348840750754,0.4449048528928953,0.6405797101449275,0.44613815325122513,"[0.0, 0.3816793893129771, 0.6863905325443787, 0.6958250497017893, 0.543859649122807]","[0.0, 0.4854368932038835, 0.6105263157894737, 0.8215962441314554, 0.31313131313131315]","[0.0, 0.42735042735042733, 0.6462395543175488, 0.7534983853606028, 0.3974358974358974]","[np.float64(0.0), np.float64(0.4854368932038835), np.float64(0.6105263157894737), np.float64(0.8215962441314554), np.float64(0.31313131313131315)]"
Gradient Boosting,23,5,0.976421487507287,0.8715116720367936,0.8763908994921772,0.47659406598160886,0.4740884463423509,0.4986943994922289,0.6553398058252428,0.47531189483531106,"[0.3333333333333333, 0.6186440677966102, 0.5919003115264797, 0.7270992366412213, 0.47540983606557374]","[0.13333333333333333, 0.45625, 0.6129032258064516, 0.8246753246753247, 0.3493975903614458]","[0.19047619047619047, 0.5251798561151079, 0.6022187004754358, 0.7728194726166329, 0.4027777777777778]","[np.float64(0.13333333333333333), np.float64(0.45625), np.float64(0.6129032258064516), np.float64(0.8246753246753247), np.float64(0.3493975903614458)]"
Gradient Boosting,24,5,0.9756796138257208,0.8747805016204545,0.8688506824743696,0.46465966091151256,0.46070789067766116,0.47921991837750044,0.6347826086956522,0.4628836582876331,"[0.5, 0.49696969696969695, 0.6056782334384858, 0.7037773359840954, 0.5909090909090909]","[0.08823529411764706, 0.5290322580645161, 0.5765765765765766, 0.84688995215311, 0.2736842105263158]","[0.15, 0.5125, 0.5907692307692308, 0.7687296416938111, 0.37410071942446044]","[np.float64(0.08823529411764706), np.float64(0.5290322580645161), np.float64(0.5765765765765766), np.float64(0.84688995215311), np.float64(0.2736842105263158)]"
Gradient Boosting,25,5,0.9767582381077371,0.8789870561761586,0.8341101341089132,0.4878267954537332,0.48300885979383146,0.4604868342562315,0.6528846153846154,0.45169256712995837,"[0.0, 0.6212121212121212, 0.6012861736334405, 0.720226843100189, 0.47540983606557374]","[0.0, 0.44565217391304346, 0.6131147540983607, 0.8738532110091743, 0.3258426966292135]","[0.0, 0.5189873417721519, 0.6071428571428571, 0.7896373056994819, 0.38666666666666666]","[np.float64(0.0), np.float64(0.44565217391304346), np.float64(0.6131147540983607), np.float64(0.8738532110091743), np.float64(0.3258426966292135)]"
Gradient Boosting,26,6,0.9757927410839049,0.8767017636004846,0.8451631484891035,0.4184125940252837,0.4142352784439116,0.4459715631605487,0.6036821705426356,0.4294703324768914,"[0.3, 0.49624060150375937, 0.5654761904761905, 0.6732673267326733, 0.5]","[0.09375, 0.4, 0.5919003115264797, 0.8192771084337349, 0.24242424242424243]","[0.14285714285714285, 0.4429530201342282, 0.578386605783866, 0.7391304347826086, 0.32653061224489793]","[np.float64(0.09375), np.float64(0.4), np.float64(0.5919003115264797), np.float64(0.8192771084337349), np.float64(0.24242424242424243)]"
Gradient Boosting,27,6,0.9767912793908149,0.8774202843682902,0.8569290684542473,0.4759689914689672,0.4710599105669131,0.46398656799542326,0.6482558139534884,0.45338933946115345,"[0.2222222222222222, 0.48366013071895425, 0.6357615894039735, 0.7142857142857143, 0.5833333333333334]","[0.05263157894736842, 0.5174825174825175, 0.5925925925925926, 0.8656036446469249, 0.23863636363636365]","[0.0851063829787234, 0.5, 0.6134185303514377, 0.7826982492276005, 0.3387096774193548]","[np.float64(0.05263157894736842), np.float64(0.5174825174825175), np.float64(0.5925925925925926), np.float64(0.8656036446469249), np.float64(0.23863636363636365)]"
Gradient Boosting,28,6,0.9744757338778101,0.8760542868498312,0.8658870312659646,0.4769534761541873,0.47422891945436885,0.4853065312775023,0.6487006737247353,0.4686131145503502,"[0.21428571428571427, 0.5419847328244275, 0.5993788819875776, 0.7292069632495164, 0.5454545454545454]","[0.08823529411764706, 0.47651006711409394, 0.6088328075709779, 0.843400447427293, 0.32608695652173914]","[0.125, 0.5071428571428571, 0.6040688575899843, 0.7821576763485477, 0.40816326530612246]","[np.float64(0.08823529411764706), np.float64(0.47651006711409394), np.float64(0.6088328075709779), np.float64(0.843400447427293), np.float64(0.32608695652173914)]"
Gradient Boosting,29,6,0.9758477161271504,0.8737755408382102,0.8533631368061396,0.4653662101747229,0.4604672145617166,0.4532266042020134,0.6425818882466281,0.444218544355489,"[0.0, 0.5251798561151079, 0.6551724137931034, 0.683111954459203, 0.5208333333333334]","[0.0, 0.47096774193548385, 0.5805555555555556, 0.8490566037735849, 0.32051282051282054]","[0.0, 0.4965986394557823, 0.6156111929307806, 0.7570977917981072, 0.3968253968253968]","[np.float64(0.0), np.float64(0.47096774193548385), np.float64(0.5805555555555556), np.float64(0.8490566037735849), np.float64(0.32051282051282054)]"
Gradient Boosting,30,6,0.9769771766619024,0.8722190739351439,0.8431307879031378,0.4541384644506791,0.4508729819669919,0.4515489527803231,0.6401151631477927,0.43370343667626987,"[0.0, 0.5607476635514018, 0.5864022662889519, 0.7057692307692308, 0.6111111111111112]","[0.0, 0.41379310344827586, 0.6106194690265486, 0.8173719376391982, 0.32673267326732675]","[0.0, 0.47619047619047616, 0.5982658959537572, 0.7574819401444789, 0.4258064516129032]","[np.float64(0.0), np.float64(0.41379310344827586), np.float64(0.6106194690265486), np.float64(0.8173719376391982), np.float64(0.32673267326732675)]"
Gradient Boosting,31,7,0.9754404492020482,0.8759513159216293,0.8494061889364121,0.46925278845775215,0.4659921826853143,0.47047427818420395,0.6422372227579557,0.45614560480420724,"[0.0, 0.5891472868217055, 0.6141732283464567, 0.6892177589852009, 0.625]","[0.0, 0.46060606060606063, 0.6223404255319149, 0.8274111675126904, 0.37037037037037035]","[0.0, 0.5170068027210885, 0.618229854689564, 0.7520184544405998, 0.46511627906976744]","[np.float64(0.0), np.float64(0.46060606060606063), np.float64(0.6223404255319149), np.float64(0.8274111675126904), np.float64(0.37037037037037035)]"
Gradient Boosting,32,7,0.9775773351460794,0.8734811162205854,0.8611889194917317,0.49618323854816637,0.49400633938290295,0.5049909678132777,0.6589817483189241,0.490122566190862,"[0.17647058823529413, 0.6, 0.659375, 0.7103174603174603, 0.5076923076923077]","[0.1111111111111111, 0.525974025974026, 0.6413373860182371, 0.817351598173516, 0.3548387096774194]","[0.13636363636363635, 0.5605536332179931, 0.650231124807396, 0.7600849256900213, 0.4177215189873418]","[np.float64(0.1111111111111111), np.float64(0.525974025974026), np.float64(0.6413373860182371), np.float64(0.817351598173516), np.float64(0.3548387096774194)]"
Gradient Boosting,33,7,0.9760188187951233,0.8797989251445228,0.8356735320031152,0.43080187171674583,0.425334602965887,0.4554908721723792,0.6103646833013435,0.4398719493252714,"[0.16666666666666666, 0.5210084033613446, 0.5469798657718121, 0.6839186691312384, 0.5757575757575758]","[0.08108108108108109, 0.3780487804878049, 0.5620689655172414, 0.8505747126436781, 0.3275862068965517]","[0.10909090909090909, 0.4381625441696113, 0.5544217687074829, 0.7581967213114754, 0.4175824175824176]","[np.float64(0.08108108108108109), np.float64(0.3780487804878049), np.float64(0.5620689655172414), np.float64(0.8505747126436781), np.float64(0.3275862068965517)]"
Gradient Boosting,34,7,0.9753595561239232,0.8749414548914034,0.8426603871472128,0.47300663736776394,0.4691697361539232,0.44815553217231185,0.6451301832208293,0.4432816452215991,"[0.0, 0.5375, 0.6390728476821192, 0.710172744721689, 0.45454545454545453]","[0.0, 0.5375, 0.5744047619047619, 0.8545034642032333, 0.25]","[0.0, 0.5375, 0.6050156739811913, 0.7756813417190775, 0.3225806451612903]","[np.float64(0.0), np.float64(0.5375), np.float64(0.5744047619047619), np.float64(0.8545034642032333), np.float64(0.25)]"
Gradient Boosting,35,7,0.9764102349315351,0.8713796287355912,0.8675797723603331,0.4544308107800924,0.45169038379891746,0.42829120272640236,0.6491228070175439,0.4241734803060586,"[0.0, 0.4380165289256198, 0.634375, 0.7240740740740741, 0.4634146341463415]","[0.0, 0.4649122807017544, 0.6151515151515151, 0.8248945147679325, 0.2159090909090909]","[0.0, 0.451063829787234, 0.6246153846153846, 0.7712031558185405, 0.29457364341085274]","[np.float64(0.0), np.float64(0.4649122807017544), np.float64(0.6151515151515151), np.float64(0.8248945147679325), np.float64(0.2159090909090909)]"
Gradient Boosting,36,8,0.9770045316697977,0.883392864904005,0.822708574650591,0.42830152885088973,0.4250164007323374,0.4464893567935033,0.6104146576663452,0.4336110559653627,"[0.0, 0.5746268656716418, 0.5565476190476191, 0.6673346693386774, 0.6206896551724138]","[0.0, 0.4782608695652174, 0.603225806451613, 0.7762237762237763, 0.3103448275862069]","[0.0, 0.5220338983050847, 0.5789473684210527, 0.7176724137931034, 0.41379310344827586]","[np.float64(0.0), np.float64(0.4782608695652174), np.float64(0.603225806451613), np.float64(0.7762237762237763), np.float64(0.3103448275862069)]"
Gradient Boosting,37,8,0.9746949569758634,0.8702644439014484,0.8635258303287786,0.4368300395772348,0.43478343061723645,0.42883321434200294,0.6343355965082444,0.4240019254333879,"[0.0, 0.43846153846153846, 0.5787781350482315, 0.7337057728119181, 0.4791666666666667]","[0.0, 0.4523809523809524, 0.5678233438485805, 0.8259958071278826, 0.27380952380952384]","[0.0, 0.4453125, 0.5732484076433121, 0.777120315581854, 0.3484848484848485]","[np.float64(0.0), np.float64(0.4523809523809524), np.float64(0.5678233438485805), np.float64(0.8259958071278826), np.float64(0.27380952380952384)]"
Gradient Boosting,38,8,0.9779507469703038,0.8788154044618001,0.8649463975465984,0.4984502844223402,0.4924641282531821,0.5083476389057687,0.6599229287090559,0.5031153076731364,"[0.13333333333333333, 0.4868421052631579, 0.6996587030716723, 0.7068965517241379, 0.625]","[0.05714285714285714, 0.5441176470588235, 0.5510752688172043, 0.8702830188679245, 0.49295774647887325]","[0.08, 0.5138888888888888, 0.6165413533834586, 0.7801268498942917, 0.5511811023622047]","[np.float64(0.05714285714285714), np.float64(0.5441176470588235), np.float64(0.5510752688172043), np.float64(0.8702830188679245), np.float64(0.49295774647887325)]"
Gradient Boosting,39,8,0.9768217866451602,0.8718051507230691,0.8653354567552739,0.46297632995450394,0.4561564365962023,0.43925259702708336,0.6418918918918919,0.42823573605206067,"[0.0, 0.5135135135135135, 0.6227544910179641, 0.6911764705882353, 0.6]","[0.0, 0.3958333333333333, 0.6135693215339233, 0.8764568764568764, 0.2553191489361702]","[0.0, 0.4470588235294118, 0.6181277860326895, 0.7728674203494348, 0.3582089552238806]","[np.float64(0.0), np.float64(0.3958333333333333), np.float64(0.6135693215339233), np.float64(0.8764568764568764), np.float64(0.2553191489361702)]"
Gradient Boosting,40,8,0.9749706935890099,0.8698473773137343,0.8509459163276502,0.4619040201852974,0.4581378570995125,0.47010927038295514,0.6292026897214217,0.4580546333942581,"[0.07692307692307693, 0.6302521008403361, 0.5706521739130435, 0.7185501066098081, 0.5254237288135594]","[0.1, 0.39473684210526316, 0.6501547987616099, 0.8120481927710843, 0.3333333333333333]","[0.08695652173913043, 0.4854368932038835, 0.6078147612156295, 0.7624434389140271, 0.40789473684210525]","[np.float64(0.1), np.float64(0.39473684210526316), np.float64(0.6501547987616099), np.float64(0.8120481927710843), np.float64(0.3333333333333333)]"
Gradient Boosting,41,9,0.9757357458606528,0.8759991025864563,0.8565140607715482,0.46926259187281405,0.463098392849546,0.47439446247705763,0.6347826086956522,0.45899534596033886,"[0.0625, 0.5755395683453237, 0.6135593220338983, 0.678030303030303, 0.6491228070175439]","[0.03571428571428571, 0.47619047619047616, 0.5638629283489096, 0.8668280871670703, 0.3523809523809524]","[0.045454545454545456, 0.5211726384364821, 0.5876623376623377, 0.7608926673751328, 0.4567901234567901]","[np.float64(0.03571428571428571), np.float64(0.47619047619047616), np.float64(0.5638629283489096), np.float64(0.8668280871670703), np.float64(0.3523809523809524)]"
Gradient Boosting,42,9,0.977381949496479,0.8827401051150734,0.8706972976413482,0.4813753437742162,0.4776588884969799,0.5031916007873638,0.6447241045498547,0.48224100309874773,"[0.3888888888888889, 0.5615384615384615, 0.6075581395348837, 0.7128309572301426, 0.54]","[0.1891891891891892, 0.46496815286624205, 0.6763754045307443, 0.8235294117647058, 0.2571428571428571]","[0.2545454545454545, 0.5087108013937283, 0.6401225114854517, 0.7641921397379913, 0.34838709677419355]","[np.float64(0.1891891891891892), np.float64(0.46496815286624205), np.float64(0.6763754045307443), np.float64(0.8235294117647058), np.float64(0.2571428571428571)]"
Gradient Boosting,43,9,0.9759221993257512,0.8760369489779343,0.8590199332213878,0.48437747606532544,0.4817092109571868,0.5017668770359739,0.6544046466602129,0.4811658320138893,"[0.3076923076923077, 0.4859154929577465, 0.6246056782334385, 0.735812133072407, 0.58]","[0.14814814814814814, 0.45098039215686275, 0.5945945945945946, 0.8584474885844748, 0.35365853658536583]","[0.2, 0.46779661016949153, 0.6092307692307692, 0.7924130663856691, 0.4393939393939394]","[np.float64(0.14814814814814814), np.float64(0.45098039215686275), np.float64(0.5945945945945946), np.float64(0.8584474885844748), np.float64(0.35365853658536583)]"
Gradient Boosting,44,9,0.9754007736285775,0.8724848275035161,0.8369456129605467,0.4342946761581003,0.43060369073324734,0.45995698913761396,0.627151051625239,0.4447951663271012,"[0.1111111111111111, 0.546875, 0.6118012422360248, 0.6691312384473198, 0.5652173913043478]","[0.041666666666666664, 0.5147058823529411, 0.5660919540229885, 0.802660753880266, 0.2988505747126437]","[0.06060606060606061, 0.5303030303030303, 0.5880597014925373, 0.7298387096774194, 0.39097744360902253]","[np.float64(0.041666666666666664), np.float64(0.5147058823529411), np.float64(0.5660919540229885), np.float64(0.802660753880266), np.float64(0.2988505747126437)]"
Gradient Boosting,45,9,0.9745641292197893,0.8730156095838906,0.8572759278393016,0.4640782281371481,0.4612827446841191,0.478050790546675,0.6438223938223938,0.4686344569757743,"[0.16666666666666666, 0.5202702702702703, 0.6468646864686468, 0.7090558766859345, 0.4444444444444444]","[0.11764705882352941, 0.5384615384615384, 0.56, 0.8232662192393736, 0.3037974683544304]","[0.13793103448275862, 0.5292096219931272, 0.6003062787136294, 0.7619047619047619, 0.3609022556390977]","[np.float64(0.11764705882352941), np.float64(0.5384615384615384), np.float64(0.56), np.float64(0.8232662192393736), np.float64(0.3037974683544304)]"
Gradient Boosting,46,10,0.9759298248166826,0.8742757740374506,0.8636281983102314,0.46804844475080293,0.4626887610610797,0.4785988472943153,0.6375121477162293,0.4587475814703974,"[0.21428571428571427, 0.5227272727272727, 0.6194690265486725, 0.6871287128712872, 0.6923076923076923]","[0.09090909090909091, 0.4423076923076923, 0.6122448979591837, 0.8610421836228288, 0.2872340425531915]","[0.1276595744680851, 0.4791666666666667, 0.6158357771260997, 0.76431718061674, 0.40601503759398494]","[np.float64(0.09090909090909091), np.float64(0.4423076923076923), np.float64(0.6122448979591837), np.float64(0.8610421836228288), np.float64(0.2872340425531915)]"
Gradient Boosting,47,10,0.9777567532049171,0.8746490964006807,0.845169203713873,0.47445803351837357,0.4714204947196745,0.48762059303464345,0.6564299424184261,0.46168039845459197,"[0.3333333333333333, 0.5474452554744526, 0.603030303030303, 0.7233644859813084, 0.6176470588235294]","[0.1111111111111111, 0.4838709677419355, 0.603030303030303, 0.8376623376623377, 0.2727272727272727]","[0.16666666666666666, 0.5136986301369864, 0.603030303030303, 0.7763289869608826, 0.3783783783783784]","[np.float64(0.1111111111111111), np.float64(0.4838709677419355), np.float64(0.603030303030303), np.float64(0.8376623376623377), np.float64(0.2727272727272727)]"
Gradient Boosting,48,10,0.9770458188574986,0.8785648132966424,0.845741832103109,0.41206141117717443,0.40757214086500215,0.44433504307415445,0.5998071359691417,0.42856727258259913,"[0.11764705882352941, 0.58, 0.5323529411764706, 0.6744639376218323, 0.5223880597014925]","[0.07142857142857142, 0.35802469135802467, 0.5838709677419355, 0.8084112149532711, 0.3211009174311927]","[0.08888888888888889, 0.44274809160305345, 0.556923076923077, 0.7353878852284803, 0.3977272727272727]","[np.float64(0.07142857142857142), np.float64(0.35802469135802467), np.float64(0.5838709677419355), np.float64(0.8084112149532711), np.float64(0.3211009174311927)]"
Gradient Boosting,49,10,0.9763689854216967,0.8735987663239719,0.8509101969691952,0.4607809650183955,0.45821143621708427,0.45371793153345097,0.6398838334946757,0.443942961306925,"[0.0, 0.41911764705882354, 0.6551724137931034, 0.7092337917485265, 0.6071428571428571]","[0.0, 0.4351145038167939, 0.6005747126436781, 0.8223234624145785, 0.3617021276595745]","[0.0, 0.42696629213483145, 0.6266866566716641, 0.7616033755274262, 0.4533333333333333]","[np.float64(0.0), np.float64(0.4351145038167939), np.float64(0.6005747126436781), np.float64(0.8223234624145785), np.float64(0.3617021276595745)]"
Gradient Boosting,50,10,0.9746782730064592,0.8812653503149175,0.8633982730762477,0.4744549160074932,0.47108495888196456,0.466400933940646,0.6468330134357005,0.4603205291440585,"[0.0, 0.5616438356164384, 0.6241830065359477, 0.7072243346007605, 0.5178571428571429]","[0.0, 0.5359477124183006, 0.5787878787878787, 0.8416289592760181, 0.34523809523809523]","[0.0, 0.5484949832775919, 0.60062893081761, 0.768595041322314, 0.4142857142857143]","[np.float64(0.0), np.float64(0.5359477124183006), np.float64(0.5787878787878787), np.float64(0.8416289592760181), np.float64(0.34523809523809523)]"
KNN,1,1,0.9400172118234966,0.6360209719072393,0.7316962917414974,0.37916142549505466,0.37522031748170104,0.42318688277793265,0.5827686350435625,0.41340941740401727,"[0.36363636363636365, 0.4855072463768116, 0.5221238938053098, 0.6666666666666666, 0.375]","[0.14814814814814814, 0.4652777777777778, 0.560126582278481, 0.7844036697247706, 0.10909090909090909]","[0.21052631578947367, 0.475177304964539, 0.5404580152671755, 0.7207586933614331, 0.16901408450704225]","[np.float64(0.14814814814814814), np.float64(0.4652777777777778), np.float64(0.560126582278481), np.float64(0.7844036697247706), np.float64(0.10909090909090909)]"
KNN,2,1,0.9390483385701245,0.6406481660240584,0.7340768802815786,0.3658454826274621,0.36414860380861336,0.3897330668528104,0.5723938223938224,0.3809738417829242,"[0.0, 0.40522875816993464, 0.5261627906976745, 0.6924686192468619, 0.5135135135135135]","[0.0, 0.4161073825503356, 0.5156695156695157, 0.775175644028103, 0.19791666666666666]","[0.0, 0.4105960264900662, 0.520863309352518, 0.7314917127071823, 0.2857142857142857]","[np.float64(0.0), np.float64(0.4161073825503356), np.float64(0.5156695156695157), np.float64(0.775175644028103), np.float64(0.19791666666666666)]"
KNN,3,1,0.9387251492176091,0.6418167489405946,0.7535260409127791,0.4113965880142746,0.41029823305457025,0.4478536078822423,0.6001917545541706,0.43437609599895427,"[0.42857142857142855, 0.4437869822485207, 0.5390835579514824, 0.7315436241610739, 0.42857142857142855]","[0.09375, 0.47770700636942676, 0.6042296072507553, 0.7431818181818182, 0.25301204819277107]","[0.15384615384615385, 0.4601226993865031, 0.5698005698005698, 0.7373167981961668, 0.3181818181818182]","[np.float64(0.09375), np.float64(0.47770700636942676), np.float64(0.6042296072507553), np.float64(0.7431818181818182), np.float64(0.25301204819277107)]"
KNN,4,1,0.9412739621194708,0.6520642031163296,0.7520575610128906,0.38142073257206793,0.37969549804192937,0.43067982520735437,0.5841392649903289,0.41465851664880893,"[0.25, 0.3986013986013986, 0.5432432432432432, 0.6872340425531915, 0.5128205128205128]","[0.13043478260869565, 0.37748344370860926, 0.5759312320916905, 0.7672209026128266, 0.2222222222222222]","[0.17142857142857143, 0.3877551020408163, 0.5591098748261474, 0.7250280583613917, 0.31007751937984496]","[np.float64(0.13043478260869565), np.float64(0.37748344370860926), np.float64(0.5759312320916905), np.float64(0.7672209026128266), np.float64(0.2222222222222222)]"
KNN,5,1,0.9407126958192423,0.6637368328946863,0.7525331193884328,0.41209307764539743,0.4104227916901242,0.4427499793045846,0.6055930568948891,0.4276977594808679,"[0.26666666666666666, 0.45161290322580644, 0.5134328358208955, 0.7338709677419355, 0.5]","[0.10526315789473684, 0.44871794871794873, 0.5477707006369427, 0.8088888888888889, 0.22784810126582278]","[0.1509433962264151, 0.45016077170418006, 0.5300462249614792, 0.7695560253699789, 0.3130434782608696]","[np.float64(0.10526315789473684), np.float64(0.44871794871794873), np.float64(0.5477707006369427), np.float64(0.8088888888888889), np.float64(0.22784810126582278)]"
KNN,6,2,0.9389924328312229,0.6444758954827977,0.7464184737902175,0.3959440557219847,0.3947076542038689,0.4298472571355251,0.5998062015503876,0.4185773143338053,"[0.16666666666666666, 0.4768211920529801, 0.5449275362318841, 0.6979591836734694, 0.4411764705882353]","[0.08333333333333333, 0.4897959183673469, 0.5529411764705883, 0.7668161434977578, 0.2]","[0.1111111111111111, 0.48322147651006714, 0.5489051094890511, 0.7307692307692307, 0.27522935779816515]","[np.float64(0.08333333333333333), np.float64(0.4897959183673469), np.float64(0.5529411764705883), np.float64(0.7668161434977578), np.float64(0.2)]"
KNN,7,2,0.9405180642563671,0.649622620629614,0.7408578156505248,0.3791271814547796,0.37802238575227265,0.42885720545454015,0.586073500967118,0.4203275044872289,"[0.2857142857142857, 0.3630573248407643, 0.49390243902439024, 0.7285714285714285, 0.5384615384615384]","[0.05714285714285714, 0.456, 0.5094339622641509, 0.7644539614561028, 0.3146067415730337]","[0.09523809523809523, 0.40425531914893614, 0.5015479876160991, 0.7460815047021944, 0.3971631205673759]","[np.float64(0.05714285714285714), np.float64(0.456), np.float64(0.5094339622641509), np.float64(0.7644539614561028), np.float64(0.3146067415730337)]"
KNN,8,2,0.9393941284125595,0.6486034872925635,0.7631812596262331,0.3850601788233014,0.3834643995749204,0.43858089646027176,0.581081081081081,0.43042165548405525,"[0.25, 0.4125, 0.5354107648725213, 0.6982758620689655, 0.46153846153846156]","[0.21739130434782608, 0.42038216560509556, 0.5591715976331361, 0.7695961995249406, 0.18556701030927836]","[0.23255813953488372, 0.416403785488959, 0.5470332850940666, 0.7322033898305085, 0.2647058823529412]","[np.float64(0.21739130434782608), np.float64(0.42038216560509556), np.float64(0.5591715976331361), np.float64(0.7695961995249406), np.float64(0.18556701030927836)]"
KNN,9,2,0.9410292582048749,0.6546449104266363,0.7466261057854661,0.3721748076941379,0.37077617943685537,0.4233968120922669,0.5722488038277512,0.4202873515647022,"[0.16666666666666666, 0.47953216374269003, 0.46808510638297873, 0.7095435684647303, 0.41025641025641024]","[0.21052631578947367, 0.43386243386243384, 0.5, 0.7772727272727272, 0.1797752808988764]","[0.18604651162790697, 0.45555555555555555, 0.4835164835164835, 0.7418655097613883, 0.25]","[np.float64(0.21052631578947367), np.float64(0.43386243386243384), np.float64(0.5), np.float64(0.7772727272727272), np.float64(0.1797752808988764)]"
KNN,10,2,0.9395127350681923,0.6417831116948061,0.7249516969536893,0.35385381297793916,0.3497415709458297,0.3706474949879621,0.5598455598455598,0.375060055596979,"[0.09090909090909091, 0.36129032258064514, 0.556497175141243, 0.6441717791411042, 0.4074074074074074]","[0.03125, 0.4028776978417266, 0.5518207282913166, 0.7875, 0.10185185185185185]","[0.046511627906976744, 0.38095238095238093, 0.5541490857946554, 0.7086614173228346, 0.16296296296296298]","[np.float64(0.03125), np.float64(0.4028776978417266), np.float64(0.5518207282913166), np.float64(0.7875), np.float64(0.10185185185185185)]"
KNN,11,3,0.9410871299516206,0.663270333905149,0.7239976920850401,0.338870443338156,0.3368754398311048,0.36291951803119205,0.5530085959885387,0.3587313738280244,"[0.0, 0.3375, 0.5310880829015544, 0.665943600867679, 0.5]","[0.0, 0.32926829268292684, 0.5510752688172043, 0.7655860349127181, 0.14772727272727273]","[0.0, 0.3333333333333333, 0.5408970976253298, 0.7122969837587007, 0.22807017543859648]","[np.float64(0.0), np.float64(0.32926829268292684), np.float64(0.5510752688172043), np.float64(0.7655860349127181), np.float64(0.14772727272727273)]"
KNN,12,3,0.9415072178554957,0.6430425635867019,0.751794418083594,0.3851387005194696,0.3833217618287408,0.43712513737760206,0.5897187196896218,0.41892246710596465,"[0.3333333333333333, 0.4097222222222222, 0.5130434782608696, 0.7073170731707317, 0.5121951219512195]","[0.14285714285714285, 0.4013605442176871, 0.554858934169279, 0.7767857142857143, 0.21875]","[0.2, 0.4054982817869416, 0.5331325301204819, 0.7404255319148936, 0.30656934306569344]","[np.float64(0.14285714285714285), np.float64(0.4013605442176871), np.float64(0.554858934169279), np.float64(0.7767857142857143), np.float64(0.21875)]"
KNN,13,3,0.9382135526560956,0.6481911197169956,0.7409880012636936,0.4131470969185047,0.4105744566183738,0.41980502624777954,0.6069031639501438,0.41181688602395,"[0.07692307692307693, 0.4391891891891892, 0.5233918128654971, 0.7301587301587301, 0.5555555555555556]","[0.045454545454545456, 0.4452054794520548, 0.549079754601227, 0.8232662192393736, 0.19607843137254902]","[0.05714285714285714, 0.4421768707482993, 0.5359281437125748, 0.7739221871713985, 0.2898550724637681]","[np.float64(0.045454545454545456), np.float64(0.4452054794520548), np.float64(0.549079754601227), np.float64(0.8232662192393736), np.float64(0.19607843137254902)]"
KNN,14,3,0.9387789566537414,0.6453783006146696,0.7417343352805748,0.4179448486650041,0.4166006372540755,0.46459845224980467,0.6108422071636012,0.4449505001197199,"[0.3076923076923077, 0.44155844155844154, 0.547550432276657, 0.7199170124481328, 0.5945945945945946]","[0.14285714285714285, 0.4594594594594595, 0.5828220858895705, 0.7745535714285714, 0.26506024096385544]","[0.1951219512195122, 0.4503311258278146, 0.5646359583952452, 0.7462365591397849, 0.36666666666666664]","[np.float64(0.14285714285714285), np.float64(0.4594594594594595), np.float64(0.5828220858895705), np.float64(0.7745535714285714), np.float64(0.26506024096385544)]"
KNN,15,3,0.9401416188317399,0.6332378970056172,0.7519172597994986,0.39124139189265456,0.3892334680759971,0.4408094001083147,0.5850340136054422,0.4282951285085924,"[0.29411764705882354, 0.43023255813953487, 0.5238095238095238, 0.6954732510288066, 0.5128205128205128]","[0.125, 0.4868421052631579, 0.5188679245283019, 0.786046511627907, 0.2247191011235955]","[0.17543859649122806, 0.4567901234567901, 0.5213270142180095, 0.7379912663755459, 0.3125]","[np.float64(0.125), np.float64(0.4868421052631579), np.float64(0.5188679245283019), np.float64(0.786046511627907), np.float64(0.2247191011235955)]"
KNN,16,4,0.9391347311875597,0.6335526920348994,0.7536141726366699,0.37840966030878637,0.3759577220004806,0.4258789087611573,0.5806763285024155,0.4109347955960406,"[0.3333333333333333, 0.4503311258278146, 0.5057471264367817, 0.6857142857142857, 0.4864864864864865]","[0.1111111111111111, 0.4358974358974359, 0.555205047318612, 0.7706422018348624, 0.18181818181818182]","[0.16666666666666666, 0.44299674267100975, 0.5293233082706766, 0.7257019438444925, 0.2647058823529412]","[np.float64(0.1111111111111111), np.float64(0.4358974358974359), np.float64(0.555205047318612), np.float64(0.7706422018348624), np.float64(0.18181818181818182)]"
KNN,17,4,0.9389257138545426,0.6459312606644465,0.765602537328901,0.39555930208523754,0.39364692614534236,0.4371015174359828,0.5910852713178295,0.4284918480212598,"[0.13043478260869565, 0.46808510638297873, 0.5058479532163743, 0.7157676348547718, 0.5227272727272727]","[0.16666666666666666, 0.37714285714285717, 0.565359477124183, 0.7805429864253394, 0.25274725274725274]","[0.14634146341463414, 0.4177215189873418, 0.5339506172839507, 0.7467532467532467, 0.34074074074074073]","[np.float64(0.16666666666666666), np.float64(0.37714285714285717), np.float64(0.565359477124183), np.float64(0.7805429864253394), np.float64(0.25274725274725274)]"
KNN,18,4,0.9419077460401148,0.6522070583710363,0.7491557476609414,0.3859470795927492,0.38433561016346196,0.4059254560792268,0.5855769230769231,0.40721545251897523,"[0.18181818181818182, 0.43575418994413406, 0.5644171779141104, 0.6915113871635611, 0.2682926829268293]","[0.058823529411764705, 0.5416666666666666, 0.5302593659942363, 0.7643020594965675, 0.14102564102564102]","[0.08888888888888889, 0.48297213622291024, 0.5468053491827637, 0.7260869565217392, 0.18487394957983194]","[np.float64(0.058823529411764705), np.float64(0.5416666666666666), np.float64(0.5302593659942363), np.float64(0.7643020594965675), np.float64(0.14102564102564102)]"
KNN,19,4,0.9406149283682508,0.6458665855523568,0.7331042919078946,0.37026141080750635,0.36688181194883795,0.4201804332620444,0.5766634522661523,0.40360409018376914,"[0.26666666666666666, 0.3858267716535433, 0.5, 0.6866267465069861, 0.6176470588235294]","[0.12903225806451613, 0.3356164383561644, 0.5642633228840125, 0.7871853546910755, 0.20192307692307693]","[0.17391304347826086, 0.358974358974359, 0.5301914580265096, 0.7334754797441365, 0.30434782608695654]","[np.float64(0.12903225806451613), np.float64(0.3356164383561644), np.float64(0.5642633228840125), np.float64(0.7871853546910755), np.float64(0.20192307692307693)]"
KNN,20,4,0.9382881282437092,0.6417460173191515,0.7583739445022833,0.4349481881162425,0.4329188874049511,0.46944993161944604,0.6188642925890279,0.4579438074146238,"[0.3333333333333333, 0.4090909090909091, 0.5965909090909091, 0.728448275862069, 0.5428571428571428]","[0.17391304347826086, 0.5294117647058824, 0.5645161290322581, 0.8009478672985783, 0.22093023255813954]","[0.22857142857142856, 0.46153846153846156, 0.580110497237569, 0.7629796839729119, 0.3140495867768595]","[np.float64(0.17391304347826086), np.float64(0.5294117647058824), np.float64(0.5645161290322581), np.float64(0.8009478672985783), np.float64(0.22093023255813954)]"
KNN,21,5,0.9421400882443696,0.640251954570788,0.7369010886581409,0.3524828163561117,0.3497238342950839,0.4229025275043655,0.5647171620325983,0.40392240417135233,"[0.36363636363636365, 0.4144736842105263, 0.5175438596491229, 0.6449704142011834, 0.5806451612903226]","[0.12903225806451613, 0.4064516129032258, 0.5315315315315315, 0.7569444444444444, 0.1956521739130435]","[0.19047619047619047, 0.41042345276872966, 0.5244444444444445, 0.6964856230031949, 0.2926829268292683]","[np.float64(0.12903225806451613), np.float64(0.4064516129032258), np.float64(0.5315315315315315), np.float64(0.7569444444444444), np.float64(0.1956521739130435)]"
KNN,22,5,0.9392443494356859,0.6447461261496025,0.7276088495881291,0.3886787853040016,0.3860705647772067,0.3984015987068068,0.5884057971014492,0.4042206660733149,"[0.0, 0.29518072289156627, 0.5955056179775281, 0.7071583514099783, 0.55]","[0.0, 0.47572815533980584, 0.5578947368421052, 0.7652582159624414, 0.2222222222222222]","[0.0, 0.3643122676579926, 0.5760869565217391, 0.7350620067643743, 0.31654676258992803]","[np.float64(0.0), np.float64(0.47572815533980584), np.float64(0.5578947368421052), np.float64(0.7652582159624414), np.float64(0.2222222222222222)]"
KNN,23,5,0.9374538388706043,0.6365598275549049,0.775089384868753,0.42805278937788305,0.4260461049148285,0.4885316366049908,0.6213592233009708,0.47703383285971707,"[0.29411764705882354, 0.49230769230769234, 0.5267605633802817, 0.7372708757637475, 0.5945945945945946]","[0.3333333333333333, 0.4, 0.603225806451613, 0.7835497835497836, 0.26506024096385544]","[0.3125, 0.4413793103448276, 0.562406015037594, 0.7597061909758657, 0.36666666666666664]","[np.float64(0.3333333333333333), np.float64(0.4), np.float64(0.603225806451613), np.float64(0.7835497835497836), np.float64(0.26506024096385544)]"
KNN,24,5,0.9376178762772247,0.6391122088398109,0.7514665781467205,0.39720603531786547,0.3948765724698756,0.4123117267571691,0.5864734299516908,0.4111497924660813,"[0.14285714285714285, 0.42702702702702705, 0.5351681957186545, 0.7103594080338267, 0.4166666666666667]","[0.058823529411764705, 0.5096774193548387, 0.5255255255255256, 0.8038277511961722, 0.15789473684210525]","[0.08333333333333333, 0.4647058823529412, 0.5303030303030303, 0.7542087542087542, 0.22900763358778625]","[np.float64(0.058823529411764705), np.float64(0.5096774193548387), np.float64(0.5255255255255256), np.float64(0.8038277511961722), np.float64(0.15789473684210525)]"
KNN,25,5,0.9412878710490113,0.665018372272149,0.7375496167408229,0.3819550614349147,0.3783570983951884,0.3899950625334335,0.5817307692307693,0.382906575532146,"[0.0, 0.4962962962962963, 0.4835164835164835, 0.7032520325203252, 0.45714285714285713]","[0.0, 0.3641304347826087, 0.5770491803278689, 0.7935779816513762, 0.1797752808988764]","[0.0, 0.4200626959247649, 0.5261584454409567, 0.7456896551724138, 0.25806451612903225]","[np.float64(0.0), np.float64(0.3641304347826087), np.float64(0.5770491803278689), np.float64(0.7935779816513762), np.float64(0.1797752808988764)]"
KNN,26,6,0.9409840539849246,0.6381295467961305,0.7473542444137483,0.35434959107678343,0.35147525371927835,0.40553955902524674,0.560077519379845,0.39159385346540504,"[0.375, 0.4068965517241379, 0.47564469914040114, 0.6796714579055442, 0.4418604651162791]","[0.09375, 0.3575757575757576, 0.5171339563862928, 0.7975903614457831, 0.1919191919191919]","[0.15, 0.38064516129032255, 0.4955223880597015, 0.7339246119733924, 0.2676056338028169]","[np.float64(0.09375), np.float64(0.3575757575757576), np.float64(0.5171339563862928), np.float64(0.7975903614457831), np.float64(0.1919191919191919)]"
KNN,27,6,0.9416763755731082,0.6462732227760126,0.7376823002114474,0.38578491364716255,0.38412173227559643,0.4139335574945468,0.5833333333333334,0.4103481282586506,"[0.3076923076923077, 0.40804597701149425, 0.5331412103746398, 0.7133620689655172, 0.3235294117647059]","[0.10526315789473684, 0.4965034965034965, 0.5709876543209876, 0.7539863325740319, 0.125]","[0.1568627450980392, 0.4479495268138801, 0.5514157973174366, 0.7331118493909191, 0.18032786885245902]","[np.float64(0.10526315789473684), np.float64(0.4965034965034965), np.float64(0.5709876543209876), np.float64(0.7539863325740319), np.float64(0.125)]"
KNN,28,6,0.9370647991540288,0.6335174918389336,0.7745262325245187,0.4210305173004791,0.41972946113981124,0.4608077299126763,0.6073147256977863,0.447487465280002,"[0.2777777777777778, 0.47096774193548385, 0.54, 0.7276595744680852, 0.4782608695652174]","[0.14705882352941177, 0.4899328859060403, 0.5962145110410094, 0.7651006711409396, 0.2391304347826087]","[0.19230769230769232, 0.48026315789473684, 0.5667166416791605, 0.7459105779716467, 0.3188405797101449]","[np.float64(0.14705882352941177), np.float64(0.4899328859060403), np.float64(0.5962145110410094), np.float64(0.7651006711409396), np.float64(0.2391304347826087)]"
KNN,29,6,0.9389741685195506,0.6459249468439068,0.735794518675462,0.3898959045209101,0.3880567961246044,0.4051276906331373,0.5915221579961464,0.39630970030848306,"[0.0, 0.41358024691358025, 0.5574712643678161, 0.6942148760330579, 0.5666666666666667]","[0.0, 0.432258064516129, 0.5388888888888889, 0.7924528301886793, 0.21794871794871795]","[0.0, 0.4227129337539432, 0.5480225988700564, 0.7400881057268722, 0.3148148148148148]","[np.float64(0.0), np.float64(0.432258064516129), np.float64(0.5388888888888889), np.float64(0.7924528301886793), np.float64(0.21794871794871795)]"
KNN,30,6,0.9412411631684832,0.6487541218472627,0.7268363740981701,0.35797562941680566,0.35673682466025847,0.38444367890291964,0.5710172744721689,0.37507675342743957,"[0.0, 0.3900709219858156, 0.5184135977337111, 0.6956521739130435, 0.4666666666666667]","[0.0, 0.3793103448275862, 0.5398230088495575, 0.7483296213808464, 0.2079207920792079]","[0.0, 0.38461538461538464, 0.5289017341040463, 0.721030042918455, 0.2876712328767123]","[np.float64(0.0), np.float64(0.3793103448275862), np.float64(0.5398230088495575), np.float64(0.7483296213808464), np.float64(0.2079207920792079)]"
KNN,31,7,0.9403308495084701,0.6431711974150515,0.7344068834552884,0.3994534068990061,0.3981542806187175,0.4476112437014491,0.5901639344262295,0.4358399884547417,"[0.25, 0.44086021505376344, 0.5730027548209367, 0.6872146118721462, 0.47368421052631576]","[0.14285714285714285, 0.49696969696969695, 0.5531914893617021, 0.7639593908629442, 0.2222222222222222]","[0.18181818181818182, 0.4672364672364672, 0.5629228687415426, 0.7235576923076923, 0.3025210084033613]","[np.float64(0.14285714285714285), np.float64(0.49696969696969695), np.float64(0.5531914893617021), np.float64(0.7639593908629442), np.float64(0.2222222222222222)]"
KNN,32,7,0.937099423152955,0.6282876892365424,0.7689135876853894,0.3843549692166139,0.38277183269066417,0.4447303224193931,0.5821325648414986,0.4297613988252474,"[0.35714285714285715, 0.39444444444444443, 0.5225225225225225, 0.7064989517819706, 0.5135135135135135]","[0.18518518518518517, 0.461038961038961, 0.5288753799392097, 0.769406392694064, 0.20430107526881722]","[0.24390243902439024, 0.4251497005988024, 0.525679758308157, 0.7366120218579235, 0.2923076923076923]","[np.float64(0.18518518518518517), np.float64(0.461038961038961), np.float64(0.5288753799392097), np.float64(0.769406392694064), np.float64(0.20430107526881722)]"
KNN,33,7,0.9458669249089745,0.6592483404165806,0.7111052915641375,0.32745188722532614,0.32334008370460376,0.39484471528804155,0.5383877159309021,0.3824766818963623,"[0.16666666666666666, 0.4326923076923077, 0.4191780821917808, 0.6700404858299596, 0.509090909090909]","[0.10810810810810811, 0.27439024390243905, 0.5275862068965518, 0.7609195402298851, 0.2413793103448276]","[0.13114754098360656, 0.3358208955223881, 0.467175572519084, 0.71259418729817, 0.32748538011695905]","[np.float64(0.10810810810810811), np.float64(0.27439024390243905), np.float64(0.5275862068965518), np.float64(0.7609195402298851), np.float64(0.2413793103448276)]"
KNN,34,7,0.9400607265160303,0.6478983700467449,0.75454481833698,0.40166718090510073,0.39965901835511675,0.42892616547085083,0.5969141755062681,0.419369982404047,"[0.16666666666666666, 0.45180722891566266, 0.5493827160493827, 0.7016129032258065, 0.45454545454545453]","[0.10714285714285714, 0.46875, 0.5297619047619048, 0.8036951501154734, 0.1875]","[0.13043478260869565, 0.4601226993865031, 0.5393939393939394, 0.7491926803013994, 0.26548672566371684]","[np.float64(0.10714285714285714), np.float64(0.46875), np.float64(0.5297619047619048), np.float64(0.8036951501154734), np.float64(0.1875)]"
KNN,35,7,0.9366290920078905,0.6405975379356101,0.7550538725165554,0.4044246070559329,0.40268387655455085,0.43626654726714903,0.6120857699805068,0.42407808935457164,"[0.42857142857142855, 0.35135135135135137, 0.5584795321637427, 0.7374749498997996, 0.4666666666666667]","[0.15, 0.45614035087719296, 0.5787878787878787, 0.7763713080168776, 0.1590909090909091]","[0.2222222222222222, 0.3969465648854962, 0.5684523809523809, 0.7564234326824255, 0.23728813559322035]","[np.float64(0.15), np.float64(0.45614035087719296), np.float64(0.5787878787878787), np.float64(0.7763713080168776), np.float64(0.1590909090909091)]"
KNN,36,8,0.9404636751062639,0.6524149281750617,0.7358494395014434,0.338314566580388,0.33598002177114683,0.3839882793073367,0.5467695274831244,0.3781380354906495,"[0.0, 0.42857142857142855, 0.467966573816156, 0.6594827586206896, 0.5714285714285714]","[0.0, 0.42857142857142855, 0.5419354838709678, 0.7132867132867133, 0.20689655172413793]","[0.0, 0.42857142857142855, 0.5022421524663677, 0.6853303471444568, 0.3037974683544304]","[np.float64(0.0), np.float64(0.42857142857142855), np.float64(0.5419354838709678), np.float64(0.7132867132867133), np.float64(0.20689655172413793)]"
KNN,37,8,0.9414338287260046,0.6613370979731561,0.7313955704575233,0.3695806601291135,0.36832158780382573,0.3745747588143308,0.5868089233753637,0.3775279816110719,"[0.0, 0.36486486486486486, 0.5131195335276968, 0.7303822937625755, 0.3333333333333333]","[0.0, 0.42857142857142855, 0.555205047318612, 0.7610062893081762, 0.14285714285714285]","[0.0, 0.39416058394160586, 0.5333333333333333, 0.7453798767967146, 0.2]","[np.float64(0.0), np.float64(0.42857142857142855), np.float64(0.555205047318612), np.float64(0.7610062893081762), np.float64(0.14285714285714285)]"
KNN,38,8,0.9400176840256339,0.6408557053828867,0.753137611176903,0.42798505071988135,0.4228671814446969,0.4496031298612233,0.6136801541425819,0.4408585092116793,"[0.25, 0.3567251461988304, 0.6174496644295302, 0.7112403100775194, 0.5365853658536586]","[0.08571428571428572, 0.4485294117647059, 0.4946236559139785, 0.8655660377358491, 0.30985915492957744]","[0.1276595744680851, 0.3973941368078176, 0.5492537313432836, 0.7808510638297872, 0.39285714285714285]","[np.float64(0.08571428571428572), np.float64(0.4485294117647059), np.float64(0.4946236559139785), np.float64(0.8655660377358491), np.float64(0.30985915492957744)]"
KNN,39,8,0.9373704964384549,0.6232646875549059,0.7663638443557278,0.38646954560061286,0.38447689177754163,0.44759875498273266,0.5859073359073359,0.42781751476206387,"[0.2777777777777778, 0.35570469798657717, 0.54, 0.6935817805383023, 0.6944444444444444]","[0.16666666666666666, 0.3680555555555556, 0.5575221238938053, 0.7808857808857809, 0.26595744680851063]","[0.20833333333333334, 0.36177474402730375, 0.548621190130624, 0.7346491228070176, 0.38461538461538464]","[np.float64(0.16666666666666666), np.float64(0.3680555555555556), np.float64(0.5575221238938053), np.float64(0.7808857808857809), np.float64(0.26595744680851063)]"
KNN,40,8,0.9406197673912438,0.6337577203184235,0.746903806262903,0.401522177586103,0.3987677077907532,0.4296212794721191,0.5888568683957733,0.4185848597626299,"[0.10526315789473684, 0.5161290322580645, 0.5064935064935064, 0.7107623318385651, 0.5277777777777778]","[0.1, 0.42105263157894735, 0.6037151702786377, 0.763855421686747, 0.20430107526881722]","[0.10256410256410256, 0.463768115942029, 0.5508474576271186, 0.7363530778164924, 0.29457364341085274]","[np.float64(0.1), np.float64(0.42105263157894735), np.float64(0.6037151702786377), np.float64(0.763855421686747), np.float64(0.20430107526881722)]"
KNN,41,9,0.9404290002205699,0.646393575375131,0.7371801165333881,0.4237974547873148,0.41987803206797325,0.4322083692024418,0.6048309178743961,0.42352967798873065,"[0.1111111111111111, 0.5135135135135135, 0.5389221556886228, 0.7016129032258065, 0.5128205128205128]","[0.07142857142857142, 0.4523809523809524, 0.5607476635514018, 0.8426150121065376, 0.19047619047619047]","[0.08695652173913043, 0.4810126582278481, 0.549618320610687, 0.7656765676567657, 0.2777777777777778]","[np.float64(0.07142857142857142), np.float64(0.4523809523809524), np.float64(0.5607476635514018), np.float64(0.8426150121065376), np.float64(0.19047619047619047)]"
KNN,42,9,0.9408017796241316,0.6460208758877514,0.7414524680698508,0.37213680742919364,0.36977040676741924,0.3966227639487269,0.5682478218780251,0.39414160302504364,"[0.16666666666666666, 0.3872832369942196, 0.5160349854227405, 0.69593147751606, 0.42105263157894735]","[0.05405405405405406, 0.4267515923566879, 0.5728155339805825, 0.7647058823529411, 0.1523809523809524]","[0.08163265306122448, 0.40606060606060607, 0.5429447852760736, 0.7286995515695067, 0.22377622377622378]","[np.float64(0.05405405405405406), np.float64(0.4267515923566879), np.float64(0.5728155339805825), np.float64(0.7647058823529411), np.float64(0.1523809523809524)]"
KNN,43,9,0.9394771146273845,0.6465629617494054,0.7449538040781417,0.39357487199454183,0.3921054479571917,0.42963371669557693,0.5943852855759922,0.41371819727591036,"[0.18181818181818182, 0.38235294117647056, 0.5245901639344263, 0.7226890756302521, 0.5454545454545454]","[0.07407407407407407, 0.33986928104575165, 0.5765765765765766, 0.7853881278538812, 0.2926829268292683]","[0.10526315789473684, 0.35986159169550175, 0.5493562231759657, 0.7527352297592997, 0.38095238095238093]","[np.float64(0.07407407407407407), np.float64(0.33986928104575165), np.float64(0.5765765765765766), np.float64(0.7853881278538812), np.float64(0.2926829268292683)]"
KNN,44,9,0.9403085612319577,0.6424923537301466,0.7489949450619052,0.3797941332327733,0.37753641281731176,0.41578043410490323,0.5898661567877629,0.4087315169205537,"[0.15384615384615385, 0.4527027027027027, 0.5548961424332344, 0.6724806201550387, 0.4375]","[0.08333333333333333, 0.49264705882352944, 0.5373563218390804, 0.7694013303769401, 0.16091954022988506]","[0.10810810810810811, 0.47183098591549294, 0.545985401459854, 0.717683557394002, 0.23529411764705882]","[np.float64(0.08333333333333333), np.float64(0.49264705882352944), np.float64(0.5373563218390804), np.float64(0.7694013303769401), np.float64(0.16091954022988506)]"
KNN,45,9,0.9387915306086322,0.6475049133737871,0.7637480214755924,0.3953252441350221,0.39446474904444384,0.4442911879202708,0.5955598455598455,0.43830987390111253,"[0.2, 0.40350877192982454, 0.5568862275449101, 0.718816067653277, 0.4418604651162791]","[0.17647058823529413, 0.4825174825174825, 0.5314285714285715, 0.7606263982102909, 0.24050632911392406]","[0.1875, 0.4394904458598726, 0.543859649122807, 0.7391304347826086, 0.3114754098360656]","[np.float64(0.17647058823529413), np.float64(0.4825174825174825), np.float64(0.5314285714285715), np.float64(0.7606263982102909), np.float64(0.24050632911392406)]"
KNN,46,10,0.9405745612690921,0.6315323595748821,0.7475559347194507,0.3806942142427907,0.37858704053054537,0.4524240416088669,0.576287657920311,0.435471157410283,"[0.4444444444444444, 0.44871794871794873, 0.5224274406332454, 0.6801801801801802, 0.46875]","[0.24242424242424243, 0.44871794871794873, 0.577259475218659, 0.749379652605459, 0.1595744680851064]","[0.3137254901960784, 0.44871794871794873, 0.5484764542936288, 0.7131050767414404, 0.23809523809523808]","[np.float64(0.24242424242424243), np.float64(0.44871794871794873), np.float64(0.577259475218659), np.float64(0.749379652605459), np.float64(0.1595744680851064)]"
KNN,47,10,0.9390814871037991,0.651249325042359,0.7283260172255632,0.3919754229797156,0.3911177549131054,0.4027354255761456,0.5959692898272553,0.39619326909649494,"[0.0, 0.4235294117647059, 0.50997150997151, 0.7421383647798742, 0.48484848484848486]","[0.0, 0.4645161290322581, 0.5424242424242425, 0.7662337662337663, 0.2077922077922078]","[0.0, 0.4430769230769231, 0.5256975036710719, 0.7539936102236422, 0.2909090909090909]","[np.float64(0.0), np.float64(0.4645161290322581), np.float64(0.5424242424242425), np.float64(0.7662337662337663), np.float64(0.2077922077922078)]"
KNN,48,10,0.9419515245135,0.6427192404813522,0.7352937476633005,0.37098150497488536,0.36811584280432696,0.41813182470364413,0.570877531340405,0.4054329719338169,"[0.3333333333333333, 0.5, 0.4849315068493151, 0.6736842105263158, 0.44680851063829785]","[0.07142857142857142, 0.4444444444444444, 0.5709677419354838, 0.7476635514018691, 0.1926605504587156]","[0.11764705882352941, 0.47058823529411764, 0.5244444444444445, 0.70874861572536, 0.2692307692307692]","[np.float64(0.07142857142857142), np.float64(0.4444444444444444), np.float64(0.5709677419354838), np.float64(0.7476635514018691), np.float64(0.1926605504587156)]"
KNN,49,10,0.9388972310528908,0.638595878005151,0.7609988139844086,0.40094312067608145,0.3993519289480988,0.432043585479032,0.5943852855759922,0.42657359897855807,"[0.1, 0.34104046242774566, 0.5709876543209876, 0.7276595744680852, 0.5652173913043478]","[0.09523809523809523, 0.45038167938931295, 0.5316091954022989, 0.7790432801822323, 0.2765957446808511]","[0.0975609756097561, 0.3881578947368421, 0.5505952380952381, 0.7524752475247525, 0.37142857142857144]","[np.float64(0.09523809523809523), np.float64(0.45038167938931295), np.float64(0.5316091954022989), np.float64(0.7790432801822323), np.float64(0.2765957446808511)]"
KNN,50,10,0.9405691254507362,0.6473122823514593,0.7505006505324558,0.3903006491494608,0.3883127024366638,0.42416640046978893,0.5902111324376199,0.4147023564670623,"[0.2727272727272727, 0.45454545454545453, 0.5323076923076923, 0.6938369781312127, 0.39473684210526316]","[0.09090909090909091, 0.49019607843137253, 0.5242424242424243, 0.7895927601809954, 0.17857142857142858]","[0.13636363636363635, 0.4716981132075472, 0.5282442748091603, 0.7386243386243386, 0.2459016393442623]","[np.float64(0.09090909090909091), np.float64(0.49019607843137253), np.float64(0.5242424242424243), np.float64(0.7895927601809954), np.float64(0.17857142857142858)]"
Logistic Regression,1,1,0.9082848540674092,0.6037088499834417,0.8111888063240714,0.4084212554664782,0.4030752628094493,0.4857680480248767,0.5614714424007744,0.5297513496752841,"[0.18518518518518517, 0.5180722891566265, 0.6188679245283019, 0.7363896848137536, 0.3165829145728643]","[0.37037037037037035, 0.5972222222222222, 0.5189873417721519, 0.5894495412844036, 0.5727272727272728]","[0.24691358024691357, 0.5548387096774193, 0.5645438898450946, 0.6547770700636942, 0.4077669902912621]","[np.float64(0.37037037037037035), np.float64(0.5972222222222222), np.float64(0.5189873417721519), np.float64(0.5894495412844036), np.float64(0.5727272727272728)]"
Logistic Regression,2,1,0.9105666847798078,0.60905043866164,0.8174964161765143,0.3790738973306444,0.3706365477253575,0.43154421595227166,0.5337837837837838,0.5017547067566321,"[0.058823529411764705, 0.3804347826086957, 0.594488188976378, 0.7891566265060241, 0.3333333333333333]","[0.3076923076923077, 0.4697986577181208, 0.4301994301994302, 0.6135831381733021, 0.6875]","[0.09876543209876543, 0.42042042042042044, 0.4991735537190083, 0.6903820816864296, 0.4489795918367347]","[np.float64(0.3076923076923077), np.float64(0.4697986577181208), np.float64(0.4301994301994302), np.float64(0.6135831381733021), np.float64(0.6875)]"
Logistic Regression,3,1,0.9050399740658633,0.5891602202441073,0.8354401841348501,0.45072683440391365,0.4409578738066715,0.525630303052057,0.5838926174496645,0.6110289977340705,"[0.2876712328767123, 0.5235602094240838, 0.65748031496063, 0.8066465256797583, 0.27835051546391754]","[0.65625, 0.6369426751592356, 0.5045317220543807, 0.6068181818181818, 0.6506024096385542]","[0.4, 0.5747126436781609, 0.5709401709401709, 0.6926070038910506, 0.3898916967509025]","[np.float64(0.65625), np.float64(0.6369426751592356), np.float64(0.5045317220543807), np.float64(0.6068181818181818), np.float64(0.6506024096385542)]"
Logistic Regression,4,1,0.9084474881840379,0.5997493844570919,0.8093477929558806,0.4195675333547791,0.4156152194718191,0.47451701254913015,0.5773694390715667,0.5200511686058841,"[0.11864406779661017, 0.45180722891566266, 0.6555555555555556, 0.7362924281984334, 0.358974358974359]","[0.30434782608695654, 0.4966887417218543, 0.5071633237822349, 0.669833729216152, 0.6222222222222222]","[0.17073170731707318, 0.47318611987381703, 0.5718901453957996, 0.7014925373134329, 0.45528455284552843]","[np.float64(0.30434782608695654), np.float64(0.4966887417218543), np.float64(0.5071633237822349), np.float64(0.669833729216152), np.float64(0.6222222222222222)]"
Logistic Regression,5,1,0.9093564807375938,0.6002750315079908,0.8242887755706519,0.4091447251560376,0.40194483082766463,0.476854209330342,0.562198649951784,0.5263624061901643,"[0.22641509433962265, 0.4739583333333333, 0.6205357142857143, 0.7631578947368421, 0.2712765957446808]","[0.3157894736842105, 0.5833333333333334, 0.4426751592356688, 0.6444444444444445, 0.6455696202531646]","[0.26373626373626374, 0.5229885057471264, 0.516728624535316, 0.6987951807228916, 0.38202247191011235]","[np.float64(0.3157894736842105), np.float64(0.5833333333333334), np.float64(0.4426751592356688), np.float64(0.6444444444444445), np.float64(0.6455696202531646)]"
Logistic Regression,6,2,0.9098019309486464,0.606748439228695,0.8017366129319725,0.3946303656160393,0.3877587421399906,0.4540779531561133,0.5552325581395349,0.5115844454373677,"[0.12280701754385964, 0.46703296703296704, 0.6196078431372549, 0.7574931880108992, 0.2631578947368421]","[0.2916666666666667, 0.5782312925170068, 0.4647058823529412, 0.6233183856502242, 0.6]","[0.1728395061728395, 0.5167173252279635, 0.5310924369747899, 0.6838868388683886, 0.36585365853658536]","[np.float64(0.2916666666666667), np.float64(0.5782312925170068), np.float64(0.4647058823529412), np.float64(0.6233183856502242), np.float64(0.6)]"
Logistic Regression,7,2,0.9072561976069267,0.5930615803981387,0.82639210148371,0.43068168135299945,0.421294162801773,0.5005859736417669,0.5783365570599613,0.5659287098754532,"[0.2692307692307692, 0.4098360655737705, 0.6233183856502242, 0.8021108179419525, 0.3350253807106599]","[0.4, 0.6, 0.4371069182389937, 0.6509635974304069, 0.7415730337078652]","[0.3218390804597701, 0.487012987012987, 0.5138632162661737, 0.7186761229314421, 0.46153846153846156]","[np.float64(0.4), np.float64(0.6), np.float64(0.4371069182389937), np.float64(0.6509635974304069), np.float64(0.7415730337078652)]"
Logistic Regression,8,2,0.9074361970846256,0.6024627155279967,0.7906234836842818,0.405067864901848,0.39837474160507813,0.4697651420354395,0.555019305019305,0.5324548986105139,"[0.15625, 0.4632768361581921, 0.6086956521739131, 0.7803468208092486, 0.3010204081632653]","[0.43478260869565216, 0.5222929936305732, 0.4556213017751479, 0.6413301662707839, 0.6082474226804123]","[0.22988505747126436, 0.49101796407185627, 0.5211505922165821, 0.7040417209908736, 0.40273037542662116]","[np.float64(0.43478260869565216), np.float64(0.5222929936305732), np.float64(0.4556213017751479), np.float64(0.6413301662707839), np.float64(0.6082474226804123)]"
Logistic Regression,9,2,0.9085516314894504,0.6061151188348475,0.8158262824319713,0.40186181455796677,0.39706705181134727,0.4589048486629482,0.5569377990430622,0.5110132270865565,"[0.08, 0.5416666666666666, 0.5753968253968254, 0.7548209366391184, 0.32515337423312884]","[0.3157894736842105, 0.5502645502645502, 0.4707792207792208, 0.6227272727272727, 0.5955056179775281]","[0.1276595744680851, 0.5459317585301837, 0.5178571428571429, 0.6824408468244084, 0.42063492063492064]","[np.float64(0.3157894736842105), np.float64(0.5502645502645502), np.float64(0.4707792207792208), np.float64(0.6227272727272727), np.float64(0.5955056179775281)]"
Logistic Regression,10,2,0.9103395734979214,0.6042179077077192,0.8288963204345234,0.4401186988193064,0.43413413677969537,0.4980707128059049,0.581081081081081,0.5437321341806107,"[0.1864406779661017, 0.4157303370786517, 0.6886446886446886, 0.764179104477612, 0.38219895287958117]","[0.34375, 0.5323741007194245, 0.5266106442577031, 0.64, 0.6759259259259259]","[0.24175824175824176, 0.4668769716088328, 0.5968253968253968, 0.6965986394557823, 0.4882943143812709]","[np.float64(0.34375), np.float64(0.5323741007194245), np.float64(0.5266106442577031), np.float64(0.64), np.float64(0.6759259259259259)]"
Logistic Regression,11,3,0.9117967507542639,0.6063084092200647,0.8099818897417359,0.39051811758463456,0.3833089958646755,0.46450571076433284,0.5415472779369628,0.5474504943563414,"[0.14102564102564102, 0.4072164948453608, 0.6615969581749049, 0.7253731343283583, 0.3389830508474576]","[0.5, 0.4817073170731707, 0.46774193548387094, 0.6059850374064838, 0.6818181818181818]","[0.22, 0.441340782122905, 0.5480314960629922, 0.6603260869565217, 0.4528301886792453]","[np.float64(0.5), np.float64(0.4817073170731707), np.float64(0.46774193548387094), np.float64(0.6059850374064838), np.float64(0.6818181818181818)]"
Logistic Regression,12,3,0.9081953267647688,0.5929821245653111,0.8287178883628956,0.40265214135460053,0.39627213924073434,0.48086201252032074,0.5586808923375364,0.5585327234342012,"[0.1746031746031746, 0.4689265536723164, 0.588477366255144, 0.7616438356164383, 0.3333333333333333]","[0.5238095238095238, 0.564625850340136, 0.4482758620689655, 0.6205357142857143, 0.6354166666666666]","[0.2619047619047619, 0.5123456790123457, 0.5088967971530249, 0.6838868388683886, 0.43727598566308246]","[np.float64(0.5238095238095238), np.float64(0.564625850340136), np.float64(0.4482758620689655), np.float64(0.6205357142857143), np.float64(0.6354166666666666)]"
Logistic Regression,13,3,0.9077338390039482,0.5962074477915811,0.8504034520620912,0.42956332690840093,0.42502027677802,0.48116707108838763,0.5829338446788112,0.5256997987858769,"[0.1320754716981132, 0.4685714285714286, 0.625, 0.7816711590296496, 0.3430232558139535]","[0.3181818181818182, 0.5616438356164384, 0.5214723926380368, 0.6487695749440716, 0.5784313725490197]","[0.18666666666666668, 0.5109034267912772, 0.568561872909699, 0.7090464547677262, 0.4306569343065693]","[np.float64(0.3181818181818182), np.float64(0.5616438356164384), np.float64(0.5214723926380368), np.float64(0.6487695749440716), np.float64(0.5784313725490197)]"
Logistic Regression,14,3,0.9078690281316686,0.6007638637097863,0.8204935194503656,0.43045695888169583,0.42487689991053146,0.48446112714376516,0.5837366892545982,0.535117293973963,"[0.15789473684210525, 0.47953216374269003, 0.6507936507936508, 0.7702349869451697, 0.31176470588235294]","[0.32142857142857145, 0.5540540540540541, 0.5030674846625767, 0.6584821428571429, 0.6385542168674698]","[0.21176470588235294, 0.5141065830721003, 0.5674740484429066, 0.7099879663056559, 0.4189723320158103]","[np.float64(0.32142857142857145), np.float64(0.5540540540540541), np.float64(0.5030674846625767), np.float64(0.6584821428571429), np.float64(0.6385542168674698)]"
Logistic Regression,15,3,0.9092188416346918,0.602306452077829,0.7931520637066781,0.39556587626052053,0.38876133806677615,0.46109036460981434,0.5461613216715258,0.5076071428231627,"[0.15492957746478872, 0.4473684210526316, 0.5930735930735931, 0.7749287749287749, 0.3064516129032258]","[0.275, 0.5592105263157895, 0.4308176100628931, 0.6325581395348837, 0.6404494382022472]","[0.1981981981981982, 0.49707602339181284, 0.4990892531876138, 0.6965428937259923, 0.41454545454545455]","[np.float64(0.275), np.float64(0.5592105263157895), np.float64(0.4308176100628931), np.float64(0.6325581395348837), np.float64(0.6404494382022472)]"
Logistic Regression,16,4,0.91024628318395,0.6057912995860046,0.8097389777010257,0.4211119145329312,0.4145086678014408,0.4764150872792078,0.5700483091787439,0.5201257724236916,"[0.13513513513513514, 0.4896907216494845, 0.6081632653061224, 0.7563025210084033, 0.35148514851485146]","[0.18518518518518517, 0.6089743589743589, 0.47003154574132494, 0.6192660550458715, 0.7171717171717171]","[0.15625, 0.5428571428571428, 0.5302491103202847, 0.6809583858764187, 0.4717607973421927]","[np.float64(0.18518518518518517), np.float64(0.6089743589743589), np.float64(0.47003154574132494), np.float64(0.6192660550458715), np.float64(0.7171717171717171)]"
Logistic Regression,17,4,0.910065099714199,0.6092003438889392,0.833663156398744,0.42705042942600113,0.4208250770233818,0.4860290770190437,0.5746124031007752,0.5712771672771673,"[0.13513513513513514, 0.5384615384615384, 0.6204081632653061, 0.7741046831955923, 0.3259668508287293]","[0.5555555555555556, 0.52, 0.49673202614379086, 0.6357466063348416, 0.6483516483516484]","[0.21739130434782608, 0.5290697674418605, 0.5517241379310345, 0.698136645962733, 0.4338235294117647]","[np.float64(0.5555555555555556), np.float64(0.52), np.float64(0.49673202614379086), np.float64(0.6357466063348416), np.float64(0.6483516483516484)]"
Logistic Regression,18,4,0.9091359277558084,0.6040250856697034,0.8390564745887664,0.401662424298398,0.39390285565000704,0.467088059084208,0.5538461538461539,0.5318005279076135,"[0.14473684210526316, 0.43478260869565216, 0.6244897959183674, 0.7673130193905817, 0.3160919540229885]","[0.3235294117647059, 0.5555555555555556, 0.4409221902017291, 0.6338672768878718, 0.7051282051282052]","[0.2, 0.4878048780487805, 0.5168918918918919, 0.6942355889724311, 0.4365079365079365]","[np.float64(0.3235294117647059), np.float64(0.5555555555555556), np.float64(0.4409221902017291), np.float64(0.6338672768878718), np.float64(0.7051282051282052)]"
Logistic Regression,19,4,0.9105299449304436,0.5969495473064901,0.8133801469893589,0.41029647041071354,0.40650577875548854,0.48468481445027845,0.5679845708775313,0.5248411773245765,"[0.22033898305084745, 0.45806451612903226, 0.6221374045801527, 0.7493403693931399, 0.31868131868131866]","[0.41935483870967744, 0.4863013698630137, 0.5109717868338558, 0.6498855835240275, 0.5576923076923077]","[0.28888888888888886, 0.4717607973421927, 0.5611015490533563, 0.696078431372549, 0.40559440559440557]","[np.float64(0.41935483870967744), np.float64(0.4863013698630137), np.float64(0.5109717868338558), np.float64(0.6498855835240275), np.float64(0.5576923076923077)]"
Logistic Regression,20,4,0.9049946439738102,0.5937313273911451,0.8262635171758212,0.41192708540174805,0.4025339405147985,0.4634229125480559,0.559191530317613,0.5294378816762105,"[0.11290322580645161, 0.4075829383886256, 0.6439393939393939, 0.7951807228915663, 0.3176470588235294]","[0.30434782608695654, 0.6323529411764706, 0.45698924731182794, 0.6255924170616114, 0.627906976744186]","[0.16470588235294117, 0.4956772334293948, 0.5345911949685535, 0.7002652519893899, 0.421875]","[np.float64(0.30434782608695654), np.float64(0.6323529411764706), np.float64(0.45698924731182794), np.float64(0.6255924170616114), np.float64(0.627906976744186)]"
Logistic Regression,21,5,0.9118566922405147,0.59918413664802,0.8064024806481342,0.3976835986334157,0.3925199741418808,0.4776306167630377,0.5551294343240653,0.5314532309307906,"[0.1935483870967742, 0.43820224719101125, 0.6178861788617886, 0.7275132275132276, 0.3463687150837989]","[0.3870967741935484, 0.5032258064516129, 0.45645645645645644, 0.6365740740740741, 0.6739130434782609]","[0.25806451612903225, 0.46846846846846846, 0.5250431778929189, 0.6790123456790124, 0.4575645756457565]","[np.float64(0.3870967741935484), np.float64(0.5032258064516129), np.float64(0.45645645645645644), np.float64(0.6365740740740741), np.float64(0.6739130434782609)]"
Logistic Regression,22,5,0.9083630708441397,0.6070154631966684,0.8305758914775154,0.40377058320126796,0.3955074197506513,0.4717331770964638,0.5594202898550724,0.537988487435039,"[0.2033898305084746, 0.3333333333333333, 0.6826568265682657, 0.7592067988668555, 0.31521739130434784]","[0.4444444444444444, 0.5436893203883495, 0.4868421052631579, 0.6291079812206573, 0.5858585858585859]","[0.27906976744186046, 0.4132841328413284, 0.5683563748079877, 0.6880616174582799, 0.4098939929328622]","[np.float64(0.4444444444444444), np.float64(0.5436893203883495), np.float64(0.4868421052631579), np.float64(0.6291079812206573), np.float64(0.5858585858585859)]"
Logistic Regression,23,5,0.9069522891068529,0.6000978690072777,0.8037386207491719,0.4243993422983132,0.4171728183564347,0.4621380215056413,0.5766990291262136,0.5199511031137537,"[0.06153846153846154, 0.5357142857142857, 0.6224899598393574, 0.7913279132791328, 0.29608938547486036]","[0.26666666666666666, 0.5625, 0.5, 0.6320346320346321, 0.6385542168674698]","[0.1, 0.5487804878048781, 0.554561717352415, 0.7027677496991577, 0.40458015267175573]","[np.float64(0.26666666666666666), np.float64(0.5625), np.float64(0.5), np.float64(0.6320346320346321), np.float64(0.6385542168674698)]"
Logistic Regression,24,5,0.9081377436553234,0.5886814432699008,0.8240229118998854,0.4116106514638689,0.4070373176139087,0.4926931595457317,0.5623188405797102,0.550959175403398,"[0.2222222222222222, 0.45054945054945056, 0.6038461538461538, 0.7627118644067796, 0.34810126582278483]","[0.5294117647058824, 0.5290322580645161, 0.47147147147147145, 0.645933014354067, 0.5789473684210527]","[0.3130434782608696, 0.486646884272997, 0.5295109612141653, 0.6994818652849741, 0.43478260869565216]","[np.float64(0.5294117647058824), np.float64(0.5290322580645161), np.float64(0.47147147147147145), np.float64(0.645933014354067), np.float64(0.5789473684210527)]"
Logistic Regression,25,5,0.9093213275555779,0.6073758317039102,0.8017456332421261,0.42044674903055357,0.4150863630873294,0.47837949793715717,0.5701923076923077,0.5268903392814754,"[0.13725490196078433, 0.5198019801980198, 0.5815899581589958, 0.7671232876712328, 0.33879781420765026]","[0.2692307692307692, 0.5706521739130435, 0.4557377049180328, 0.6422018348623854, 0.6966292134831461]","[0.18181818181818182, 0.5440414507772021, 0.5110294117647058, 0.6991260923845194, 0.45588235294117646]","[np.float64(0.2692307692307692), np.float64(0.5706521739130435), np.float64(0.4557377049180328), np.float64(0.6422018348623854), np.float64(0.6966292134831461)]"
Logistic Regression,26,6,0.911684173423542,0.6101487291322532,0.7928743928025593,0.3695943039750423,0.3655055371928122,0.46488885203073504,0.5310077519379846,0.5113365185465737,"[0.23333333333333334, 0.4147727272727273, 0.5627376425855514, 0.729106628242075, 0.3225806451612903]","[0.4375, 0.44242424242424244, 0.46105919003115264, 0.6096385542168675, 0.6060606060606061]","[0.30434782608695654, 0.4281524926686217, 0.5068493150684932, 0.6640419947506562, 0.42105263157894735]","[np.float64(0.4375), np.float64(0.44242424242424244), np.float64(0.46105919003115264), np.float64(0.6096385542168675), np.float64(0.6060606060606061)]"
Logistic Regression,27,6,0.9086209978655543,0.6032115219939336,0.809589521714291,0.4208642039252532,0.4154348864809877,0.48399905985418845,0.5726744186046512,0.5298246499001804,"[0.1791044776119403, 0.4602272727272727, 0.6219512195121951, 0.7727272727272727, 0.33136094674556216]","[0.3157894736842105, 0.5664335664335665, 0.4722222222222222, 0.6583143507972665, 0.6363636363636364]","[0.22857142857142856, 0.5078369905956113, 0.5368421052631579, 0.7109471094710947, 0.4357976653696498]","[np.float64(0.3157894736842105), np.float64(0.5664335664335665), np.float64(0.4722222222222222), np.float64(0.6583143507972665), np.float64(0.6363636363636364)]"
Logistic Regression,28,6,0.9084095281783899,0.6025013133232552,0.8465351720859079,0.4627086351897207,0.45530526218095124,0.5180609167294363,0.5976900866217517,0.5844491580970714,"[0.1839080459770115, 0.5088757396449705, 0.6587301587301587, 0.8158640226628895, 0.3651685393258427]","[0.47058823529411764, 0.5771812080536913, 0.5236593059936908, 0.6442953020134228, 0.7065217391304348]","[0.2644628099173554, 0.5408805031446541, 0.5834797891036907, 0.72, 0.48148148148148145]","[np.float64(0.47058823529411764), np.float64(0.5771812080536913), np.float64(0.5236593059936908), np.float64(0.6442953020134228), np.float64(0.7065217391304348)]"
Logistic Regression,29,6,0.9071653758947187,0.5933366824832464,0.8309792000782608,0.3998021788430626,0.3921432336024565,0.448681367811094,0.5568400770712909,0.5009550785996313,"[0.08695652173913043, 0.44036697247706424, 0.6527196652719666, 0.732620320855615, 0.2981366459627329]","[0.19047619047619047, 0.6193548387096774, 0.43333333333333335, 0.6462264150943396, 0.6153846153846154]","[0.11940298507462686, 0.514745308310992, 0.5208681135225376, 0.6867167919799498, 0.401673640167364]","[np.float64(0.19047619047619047), np.float64(0.6193548387096774), np.float64(0.43333333333333335), np.float64(0.6462264150943396), np.float64(0.6153846153846154)]"
Logistic Regression,30,6,0.9095501447832323,0.6049082366209776,0.8190617408355813,0.39682940776153913,0.38790152869270544,0.44718782798638274,0.5518234165067178,0.5470367541289689,"[0.07017543859649122, 0.47333333333333333, 0.6392156862745098, 0.7605633802816901, 0.29777777777777775]","[0.5, 0.4896551724137931, 0.4808259587020649, 0.6013363028953229, 0.6633663366336634]","[0.12307692307692308, 0.48135593220338985, 0.5488215488215489, 0.6716417910447762, 0.4110429447852761]","[np.float64(0.5), np.float64(0.4896551724137931), np.float64(0.4808259587020649), np.float64(0.6013363028953229), np.float64(0.6633663366336634)]"
Logistic Regression,31,7,0.9081261880269853,0.5981745636967671,0.8282337983552918,0.39640391543333264,0.38994006212979726,0.47309375988919405,0.549662487945998,0.5483217185492449,"[0.16393442622950818, 0.46534653465346537, 0.6158940397350994, 0.756578947368421, 0.2976190476190476]","[0.47619047619047616, 0.5696969696969697, 0.4946808510638298, 0.583756345177665, 0.6172839506172839]","[0.24390243902439024, 0.5122615803814714, 0.5486725663716814, 0.6590257879656161, 0.40160642570281124]","[np.float64(0.47619047619047616), np.float64(0.5696969696969697), np.float64(0.4946808510638298), np.float64(0.583756345177665), np.float64(0.6172839506172839)]"
Logistic Regression,32,7,0.906389237381638,0.5943034536484656,0.8199031561274863,0.416587460478354,0.4106654649618525,0.4796446731624792,0.5667627281460135,0.5391333748927227,"[0.13333333333333333, 0.45251396648044695, 0.616600790513834, 0.7728531855955678, 0.3699421965317919]","[0.37037037037037035, 0.525974025974026, 0.47416413373860183, 0.636986301369863, 0.6881720430107527]","[0.19607843137254902, 0.4864864864864865, 0.5360824742268041, 0.6983729662077597, 0.48120300751879697]","[np.float64(0.37037037037037035), np.float64(0.525974025974026), np.float64(0.47416413373860183), np.float64(0.636986301369863), np.float64(0.6881720430107527)]"
Logistic Regression,33,7,0.911322197282162,0.5991552649408497,0.8341694966083809,0.4170986754398249,0.41085587809190127,0.5008913340281708,0.5614203454894434,0.5559799665098235,"[0.25, 0.5289855072463768, 0.5413223140495868, 0.7759103641456583, 0.37117903930131]","[0.5135135135135135, 0.4451219512195122, 0.4517241379310345, 0.6367816091954023, 0.7327586206896551]","[0.336283185840708, 0.48344370860927155, 0.4924812030075188, 0.6994949494949495, 0.4927536231884058]","[np.float64(0.5135135135135135), np.float64(0.4451219512195122), np.float64(0.4517241379310345), np.float64(0.6367816091954023), np.float64(0.7327586206896551)]"
Logistic Regression,34,7,0.9090459599466166,0.6045578109673873,0.8096594918899068,0.426897137090828,0.4211225523446013,0.4782408781270749,0.5785920925747348,0.5239754481469262,"[0.16, 0.48186528497409326, 0.668, 0.7553191489361702, 0.2857142857142857]","[0.2857142857142857, 0.58125, 0.49702380952380953, 0.6558891454965358, 0.6]","[0.20512820512820512, 0.5269121813031161, 0.5699658703071673, 0.7021013597033374, 0.3870967741935484]","[np.float64(0.2857142857142857), np.float64(0.58125), np.float64(0.49702380952380953), np.float64(0.6558891454965358), np.float64(0.6)]"
Logistic Regression,35,7,0.9088493939803314,0.6015419813762858,0.7975879334757051,0.4029900875112853,0.3953980238479098,0.4462193393763038,0.5682261208576999,0.49605596269153895,"[0.08695652173913043, 0.4, 0.6598360655737705, 0.7712082262210797, 0.27906976744186046]","[0.2, 0.6140350877192983, 0.48787878787878786, 0.6329113924050633, 0.5454545454545454]","[0.12121212121212122, 0.4844290657439446, 0.5609756097560976, 0.6952491309385863, 0.36923076923076925]","[np.float64(0.2), np.float64(0.6140350877192983), np.float64(0.48787878787878786), np.float64(0.6329113924050633), np.float64(0.5454545454545454)]"
Logistic Regression,36,8,0.9124902588785208,0.609244951782739,0.8180850464254041,0.3816077497160295,0.3761720565149136,0.43880752297476455,0.5380906460945034,0.469817403019028,"[0.044444444444444446, 0.4752475247524752, 0.5529411764705883, 0.7365269461077845, 0.36318407960199006]","[0.09523809523809523, 0.5962732919254659, 0.45483870967741935, 0.5734265734265734, 0.6293103448275862]","[0.06060606060606061, 0.5289256198347108, 0.49911504424778763, 0.6448230668414154, 0.4605678233438486]","[np.float64(0.09523809523809523), np.float64(0.5962732919254659), np.float64(0.45483870967741935), np.float64(0.5734265734265734), np.float64(0.6293103448275862)]"
Logistic Regression,37,8,0.9078890388833729,0.5994119357215377,0.8441485050145975,0.42275159542755364,0.41390659126948515,0.49371588163667546,0.5761396702230844,0.5668784517424479,"[0.24074074074074073, 0.4230769230769231, 0.6150627615062761, 0.808, 0.2983425414364641]","[0.48148148148148145, 0.6111111111111112, 0.4637223974763407, 0.6352201257861635, 0.6428571428571429]","[0.32098765432098764, 0.5, 0.5287769784172662, 0.7112676056338029, 0.4075471698113208]","[np.float64(0.48148148148148145), np.float64(0.6111111111111112), np.float64(0.4637223974763407), np.float64(0.6352201257861635), np.float64(0.6428571428571429)]"
Logistic Regression,38,8,0.908122140305758,0.5981684774294438,0.827742815083669,0.38555725489616455,0.3758252452886798,0.4471294197996258,0.5404624277456648,0.5095530554467593,"[0.17543859649122806, 0.372972972972973, 0.6844262295081968, 0.7416666666666667, 0.25]","[0.2857142857142857, 0.5073529411764706, 0.4489247311827957, 0.6297169811320755, 0.676056338028169]","[0.21739130434782608, 0.42990654205607476, 0.5422077922077922, 0.6811224489795918, 0.3650190114068441]","[np.float64(0.2857142857142857), np.float64(0.5073529411764706), np.float64(0.4489247311827957), np.float64(0.6297169811320755), np.float64(0.676056338028169)]"
Logistic Regression,39,8,0.9084311445804947,0.5959073186455071,0.8068401467887106,0.45937956929942975,0.4547186870096841,0.5235520737222453,0.6032818532818532,0.5893788327929732,"[0.20512820512820512, 0.503448275862069, 0.6518518518518519, 0.7777777777777778, 0.4]","[0.5333333333333333, 0.5069444444444444, 0.5191740412979351, 0.6853146853146853, 0.7021276595744681]","[0.2962962962962963, 0.5051903114186851, 0.5779967159277504, 0.7286245353159851, 0.5096525096525096]","[np.float64(0.5333333333333333), np.float64(0.5069444444444444), np.float64(0.5191740412979351), np.float64(0.6853146853146853), np.float64(0.7021276595744681)]"
Logistic Regression,40,8,0.9101406274276218,0.6084017473793957,0.8184003349761022,0.42432887346589854,0.41968529820925715,0.46844218219802175,0.5715658021133525,0.508469527766514,"[0.07017543859649122, 0.5252525252525253, 0.5963636363636363, 0.7774480712166172, 0.3505747126436782]","[0.2, 0.5473684210526316, 0.5077399380804953, 0.6313253012048192, 0.6559139784946236]","[0.1038961038961039, 0.5360824742268041, 0.5484949832775919, 0.6968085106382979, 0.45692883895131087]","[np.float64(0.2), np.float64(0.5473684210526316), np.float64(0.5077399380804953), np.float64(0.6313253012048192), np.float64(0.6559139784946236)]"
Logistic Regression,41,9,0.9093866357405682,0.6126919879645858,0.8155874949271066,0.4102155642201688,0.4054345122587113,0.4711221796531171,0.5603864734299517,0.5078631395533028,"[0.14814814814814814, 0.48677248677248675, 0.6131687242798354, 0.7513966480446927, 0.32460732984293195]","[0.2857142857142857, 0.5476190476190477, 0.46417445482866043, 0.6513317191283293, 0.5904761904761905]","[0.1951219512195122, 0.5154061624649859, 0.5283687943262412, 0.6977950713359273, 0.4189189189189189]","[np.float64(0.2857142857142857), np.float64(0.5476190476190477), np.float64(0.46417445482866043), np.float64(0.6513317191283293), np.float64(0.5904761904761905)]"
Logistic Regression,42,9,0.9049293232079954,0.5778998795041923,0.8196372583322724,0.4568470520388595,0.45301338546996794,0.5115649178026179,0.5972894482090997,0.545140604961999,"[0.1864406779661017, 0.45408163265306123, 0.6136363636363636, 0.8073654390934845, 0.43478260869565216]","[0.2972972972972973, 0.5668789808917197, 0.5242718446601942, 0.6705882352941176, 0.6666666666666666]","[0.22916666666666666, 0.5042492917847026, 0.5654450261780105, 0.7326478149100257, 0.5263157894736842]","[np.float64(0.2972972972972973), np.float64(0.5668789808917197), np.float64(0.5242718446601942), np.float64(0.6705882352941176), np.float64(0.6666666666666666)]"
Logistic Regression,43,9,0.9083461627550073,0.5955184262626667,0.8407880987401886,0.4073294000355403,0.3987979687192914,0.47547969793996236,0.5556631171345595,0.5484372680693508,"[0.1935483870967742, 0.39603960396039606, 0.6178861788617886, 0.8029411764705883, 0.3114754098360656]","[0.4444444444444444, 0.5228758169934641, 0.45645645645645644, 0.6232876712328768, 0.6951219512195121]","[0.2696629213483146, 0.4507042253521127, 0.5250431778929189, 0.7017994858611826, 0.43018867924528303]","[np.float64(0.4444444444444444), np.float64(0.5228758169934641), np.float64(0.45645645645645644), np.float64(0.6232876712328768), np.float64(0.6951219512195121)]"
Logistic Regression,44,9,0.9107421035865514,0.6044034958242775,0.8326766352025683,0.41798109172052167,0.41056084474655596,0.5013104722947624,0.5726577437858509,0.5717324883925586,"[0.24, 0.4968944099378882, 0.6806083650190115, 0.7226666666666667, 0.2893401015228426]","[0.5, 0.5882352941176471, 0.514367816091954, 0.6008869179600886, 0.6551724137931034]","[0.32432432432432434, 0.5387205387205387, 0.5859247135842881, 0.6561743341404358, 0.4014084507042254]","[np.float64(0.5), np.float64(0.5882352941176471), np.float64(0.514367816091954), np.float64(0.6008869179600886), np.float64(0.6551724137931034)]"
Logistic Regression,45,9,0.9095372477517107,0.6075927335729008,0.7986635224079283,0.3902745534081268,0.3805676187913124,0.44462830589369934,0.5453667953667953,0.5313440136499998,"[0.08433734939759036, 0.45962732919254656, 0.6286919831223629, 0.7726027397260274, 0.2789473684210526]","[0.4117647058823529, 0.5174825174825175, 0.4257142857142857, 0.6308724832214765, 0.6708860759493671]","[0.14, 0.4868421052631579, 0.5076660988074957, 0.6945812807881774, 0.3940520446096654]","[np.float64(0.4117647058823529), np.float64(0.5174825174825175), np.float64(0.4257142857142857), np.float64(0.6308724832214765), np.float64(0.6708860759493671)]"
Logistic Regression,46,10,0.9111206196671622,0.6122501085123622,0.8140067277514834,0.39613797321009947,0.391066144888804,0.4773418078209074,0.5481049562682215,0.5316251507236618,"[0.1780821917808219, 0.39790575916230364, 0.5836431226765799, 0.7666666666666667, 0.39156626506024095]","[0.3939393939393939, 0.48717948717948717, 0.4577259475218659, 0.6277915632754343, 0.6914893617021277]","[0.24528301886792453, 0.43804034582132567, 0.5130718954248366, 0.6903137789904502, 0.5]","[np.float64(0.3939393939393939), np.float64(0.48717948717948717), np.float64(0.4577259475218659), np.float64(0.6277915632754343), np.float64(0.6914893617021277)]"
Logistic Regression,47,10,0.9085878341947119,0.5981447888358691,0.8339415912968453,0.41941684464511075,0.4106043983159908,0.47513858765760864,0.5710172744721689,0.560952380952381,"[0.16071428571428573, 0.4793814432989691, 0.6340425531914894, 0.7941176470588235, 0.2568306010928962]","[0.5, 0.6, 0.45151515151515154, 0.6428571428571429, 0.6103896103896104]","[0.24324324324324326, 0.5329512893982808, 0.5274336283185841, 0.7105263157894737, 0.36153846153846153]","[np.float64(0.5), np.float64(0.6), np.float64(0.45151515151515154), np.float64(0.6428571428571429), np.float64(0.6103896103896104)]"
Logistic Regression,48,10,0.9122210002586227,0.6051832569639946,0.8002307588201457,0.38731944206239316,0.3812494371003412,0.452109871357213,0.5400192864030858,0.49015083383849056,"[0.09433962264150944, 0.48404255319148937, 0.5742971887550201, 0.7380952380952381, 0.3459715639810427]","[0.17857142857142858, 0.5617283950617284, 0.4612903225806452, 0.5794392523364486, 0.6697247706422018]","[0.12345679012345678, 0.52, 0.5116279069767442, 0.6492146596858639, 0.45625]","[np.float64(0.17857142857142858), np.float64(0.5617283950617284), np.float64(0.4612903225806452), np.float64(0.5794392523364486), np.float64(0.6697247706422018)]"
Logistic Regression,49,10,0.9083502264940432,0.6030484778799053,0.8275962707134408,0.41233439472461614,0.4037735511002245,0.47131192630114277,0.5634075508228461,0.5493628526670482,"[0.14925373134328357, 0.38333333333333336, 0.6952789699570815, 0.7594594594594595, 0.32786885245901637]","[0.47619047619047616, 0.5267175572519084, 0.46551724137931033, 0.6400911161731208, 0.6382978723404256]","[0.22727272727272727, 0.4437299035369775, 0.5576592082616179, 0.6946847960444994, 0.4332129963898917]","[np.float64(0.47619047619047616), np.float64(0.5267175572519084), np.float64(0.46551724137931033), np.float64(0.6400911161731208), np.float64(0.6382978723404256)]"
Logistic Regression,50,10,0.9057525570889927,0.592048038912975,0.8374057732921149,0.4297838575179086,0.4228248950897876,0.49715786283304314,0.5767754318618042,0.5688777235836059,"[0.21839080459770116, 0.5128205128205128, 0.6581196581196581, 0.7694300518134715, 0.2849162011173184]","[0.5757575757575758, 0.5228758169934641, 0.4666666666666667, 0.6719457013574661, 0.6071428571428571]","[0.31666666666666665, 0.517799352750809, 0.5460992907801419, 0.717391304347826, 0.38783269961977185]","[np.float64(0.5757575757575758), np.float64(0.5228758169934641), np.float64(0.4666666666666667), np.float64(0.6719457013574661), np.float64(0.6071428571428571)]"
Naive Bayes,1,1,0.7803416973505608,0.41212702806070434,0.7576263429656391,0.3170393874517346,0.3101575193456889,0.405362554098473,0.5304937076476283,0.40638209114721724,"[0.18181818181818182, 0.5327102803738317, 0.5436893203883495, 0.6081560283687943, 0.24390243902439024]","[0.2222222222222222, 0.3958333333333333, 0.35443037974683544, 0.786697247706422, 0.2727272727272727]","[0.2, 0.4541832669322709, 0.42911877394636017, 0.686, 0.2575107296137339]","[np.float64(0.2222222222222222), np.float64(0.3958333333333333), np.float64(0.35443037974683544), np.float64(0.786697247706422), np.float64(0.2727272727272727)]"
Naive Bayes,2,1,0.776395014349667,0.40711231294324773,0.7501732240614345,0.2818273787019646,0.27528667287275554,0.3498012745237416,0.4980694980694981,0.3708083209327846,"[0.04878048780487805, 0.34810126582278483, 0.5376884422110553, 0.6193181818181818, 0.22727272727272727]","[0.15384615384615385, 0.3691275167785235, 0.30484330484330485, 0.765807962529274, 0.2604166666666667]","[0.07407407407407407, 0.3583061889250814, 0.3890909090909091, 0.6848167539267016, 0.24271844660194175]","[np.float64(0.15384615384615385), np.float64(0.3691275167785235), np.float64(0.30484330484330485), np.float64(0.765807962529274), np.float64(0.2604166666666667)]"
Naive Bayes,3,1,0.7684638820714975,0.39881711465282743,0.7837409416577148,0.3715630464026055,0.366309920568039,0.4002695342293389,0.5714285714285714,0.4011002541980945,"[0.125, 0.4740740740740741, 0.5789473684210527, 0.6727272727272727, 0.19718309859154928]","[0.15625, 0.40764331210191085, 0.43202416918429004, 0.8409090909090909, 0.1686746987951807]","[0.1388888888888889, 0.4383561643835616, 0.49480968858131485, 0.7474747474747475, 0.18181818181818182]","[np.float64(0.15625), np.float64(0.40764331210191085), np.float64(0.43202416918429004), np.float64(0.8409090909090909), np.float64(0.1686746987951807)]"
Naive Bayes,4,1,0.777886008586756,0.40487464523804284,0.7561097122433016,0.3443174142929369,0.33517143730235666,0.4010141747906061,0.5502901353965184,0.4057216362057859,"[0.19230769230769232, 0.4855072463768116, 0.584070796460177, 0.6190476190476191, 0.18181818181818182]","[0.21739130434782608, 0.44370860927152317, 0.37822349570200575, 0.833729216152019, 0.15555555555555556]","[0.20408163265306123, 0.46366782006920415, 0.4591304347826087, 0.7105263157894737, 0.16766467065868262]","[np.float64(0.21739130434782608), np.float64(0.44370860927152317), np.float64(0.37822349570200575), np.float64(0.833729216152019), np.float64(0.15555555555555556)]"
Naive Bayes,5,1,0.7754973414124346,0.40250915330168036,0.7608381226741561,0.33921630174551176,0.3309025313379891,0.3874047772175121,0.5467695274831244,0.39059884812306345,"[0.17647058823529413, 0.423841059602649, 0.601123595505618, 0.6498257839721254, 0.17]","[0.15789473684210525, 0.41025641025641024, 0.34076433121019106, 0.8288888888888889, 0.21518987341772153]","[0.16666666666666666, 0.4169381107491857, 0.4349593495934959, 0.728515625, 0.18994413407821228]","[np.float64(0.15789473684210525), np.float64(0.41025641025641024), np.float64(0.34076433121019106), np.float64(0.8288888888888889), np.float64(0.21518987341772153)]"
Naive Bayes,6,2,0.7704019136363753,0.39122982469306533,0.7674022537834907,0.32347734595856026,0.31274072912136097,0.37987563443603534,0.5474806201550387,0.3861336749946615,"[0.1935483870967742, 0.4666666666666667, 0.5748792270531401, 0.6214876033057851, 0.11594202898550725]","[0.25, 0.38095238095238093, 0.35, 0.8430493273542601, 0.10666666666666667]","[0.21818181818181817, 0.41947565543071164, 0.4351005484460695, 0.7155090390104663, 0.1111111111111111]","[np.float64(0.25), np.float64(0.38095238095238093), np.float64(0.35), np.float64(0.8430493273542601), np.float64(0.10666666666666667)]"
Naive Bayes,7,2,0.7707929096022832,0.40215197967800187,0.7670664525733937,0.3642013911979327,0.356381498894194,0.42350488854611823,0.5715667311411993,0.4267875027505091,"[0.21428571428571427, 0.41732283464566927, 0.6157894736842106, 0.6632124352331606, 0.2818181818181818]","[0.17142857142857143, 0.424, 0.36792452830188677, 0.8222698072805139, 0.34831460674157305]","[0.19047619047619047, 0.42063492063492064, 0.46062992125984253, 0.734225621414914, 0.31155778894472363]","[np.float64(0.17142857142857143), np.float64(0.424), np.float64(0.36792452830188677), np.float64(0.8222698072805139), np.float64(0.34831460674157305)]"
Naive Bayes,8,2,0.7830848428718146,0.4103522252835785,0.7472076604759513,0.33702119855417384,0.3326049464581625,0.40177103579167195,0.5395752895752896,0.41557618893223636,"[0.1794871794871795, 0.44776119402985076, 0.5591836734693878, 0.649325626204239, 0.18181818181818182]","[0.30434782608695654, 0.3821656050955414, 0.40532544378698226, 0.8004750593824228, 0.18556701030927836]","[0.22580645161290322, 0.41237113402061853, 0.4699828473413379, 0.7170212765957447, 0.1836734693877551]","[np.float64(0.30434782608695654), np.float64(0.3821656050955414), np.float64(0.40532544378698226), np.float64(0.8004750593824228), np.float64(0.18556701030927836)]"
Naive Bayes,9,2,0.7779427562881478,0.4075859449429628,0.785999972424267,0.35418433229101187,0.3489900881730199,0.4195346090355743,0.5511961722488038,0.440388656068727,"[0.1276595744680851, 0.6115107913669064, 0.5255813953488372, 0.6461824953445066, 0.2336448598130841]","[0.3157894736842105, 0.4497354497354497, 0.36688311688311687, 0.7886363636363637, 0.2808988764044944]","[0.18181818181818182, 0.5182926829268293, 0.4321223709369025, 0.7103377686796315, 0.25510204081632654]","[np.float64(0.3157894736842105), np.float64(0.4497354497354497), np.float64(0.36688311688311687), np.float64(0.7886363636363637), np.float64(0.2808988764044944)]"
Naive Bayes,10,2,0.7778236435213405,0.40763833963483787,0.7621142202779085,0.30044485922117103,0.2900702961772933,0.3503522759757979,0.5067567567567568,0.3606587950927773,"[0.0625, 0.33136094674556216, 0.5763546798029556, 0.5935251798561151, 0.2631578947368421]","[0.0625, 0.4028776978417266, 0.3277310924369748, 0.825, 0.18518518518518517]","[0.0625, 0.36363636363636365, 0.41785714285714287, 0.6903765690376569, 0.21739130434782608]","[np.float64(0.0625), np.float64(0.4028776978417266), np.float64(0.3277310924369748), np.float64(0.825), np.float64(0.18518518518518517)]"
Naive Bayes,11,3,0.7833427473671384,0.41202808851324824,0.7176774013496102,0.2805698395402615,0.27214682195912343,0.3262480650984704,0.5033428844317096,0.33048473991808025,"[0.0, 0.3969465648854962, 0.5502008032128514, 0.5734513274336284, 0.175]","[0.0, 0.3170731707317073, 0.3682795698924731, 0.8079800498753117, 0.1590909090909091]","[0.0, 0.3525423728813559, 0.44122383252818037, 0.6708074534161491, 0.16666666666666666]","[np.float64(0.0), np.float64(0.3170731707317073), np.float64(0.3682795698924731), np.float64(0.8079800498753117), np.float64(0.1590909090909091)]"
Naive Bayes,12,3,0.775141982032746,0.3965463839361488,0.7948206342602605,0.3575214569548201,0.35146525762901104,0.43413595424594853,0.5344325897187197,0.4702812120145864,"[0.175, 0.4825174825174825, 0.5794392523364486, 0.7210401891252955, 0.21800947867298578]","[0.3333333333333333, 0.46938775510204084, 0.3887147335423197, 0.6808035714285714, 0.4791666666666667]","[0.22950819672131148, 0.47586206896551725, 0.4652908067542214, 0.7003444316877153, 0.2996742671009772]","[np.float64(0.3333333333333333), np.float64(0.46938775510204084), np.float64(0.3887147335423197), np.float64(0.6808035714285714), np.float64(0.4791666666666667)]"
Naive Bayes,13,3,0.7777349821908702,0.40870843351284164,0.7792089390121849,0.3226765118438797,0.3150896701173942,0.37135682448716356,0.5397890699904123,0.37156855008517875,"[0.030303030303030304, 0.45038167938931295, 0.5432692307692307, 0.627147766323024, 0.2808988764044944]","[0.045454545454545456, 0.4041095890410959, 0.34662576687116564, 0.8165548098434005, 0.24509803921568626]","[0.03636363636363636, 0.4259927797833935, 0.4232209737827715, 0.7094266277939747, 0.2617801047120419]","[np.float64(0.045454545454545456), np.float64(0.4041095890410959), np.float64(0.34662576687116564), np.float64(0.8165548098434005), np.float64(0.24509803921568626)]"
Naive Bayes,14,3,0.7700839616323186,0.39901920799313884,0.7702035947446009,0.3486762762881927,0.34064816425473177,0.4026293838549743,0.5595353339787028,0.4031054045991865,"[0.21428571428571427, 0.48148148148148145, 0.5942028985507246, 0.6418685121107266, 0.15294117647058825]","[0.21428571428571427, 0.4391891891891892, 0.3773006134969325, 0.828125, 0.1566265060240964]","[0.21428571428571427, 0.45936395759717313, 0.46153846153846156, 0.723196881091618, 0.15476190476190477]","[np.float64(0.21428571428571427), np.float64(0.4391891891891892), np.float64(0.3773006134969325), np.float64(0.828125), np.float64(0.1566265060240964)]"
Naive Bayes,15,3,0.77354362744972,0.394242455829943,0.7670379941491843,0.3503349557674344,0.33880164608133734,0.4099602312487624,0.5529640427599611,0.41765537890112825,"[0.2978723404255319, 0.4676258992805755, 0.5904255319148937, 0.625, 0.14285714285714285]","[0.35, 0.4276315789473684, 0.3490566037735849, 0.8604651162790697, 0.10112359550561797]","[0.3218390804597701, 0.44673539518900346, 0.43873517786561267, 0.7240704500978473, 0.11842105263157894]","[np.float64(0.35), np.float64(0.4276315789473684), np.float64(0.3490566037735849), np.float64(0.8604651162790697), np.float64(0.10112359550561797)]"
Naive Bayes,16,4,0.7763492860323206,0.4044878030394249,0.7473023344294741,0.34163902675261376,0.3350902060270392,0.3915852645562815,0.5458937198067633,0.3976833846150548,"[0.09259259259259259, 0.4645669291338583, 0.568075117370892, 0.6438848920863309, 0.25882352941176473]","[0.18518518518518517, 0.3782051282051282, 0.38170347003154576, 0.8211009174311926, 0.2222222222222222]","[0.12345679012345678, 0.4169611307420495, 0.45660377358490567, 0.7217741935483871, 0.2391304347826087]","[np.float64(0.18518518518518517), np.float64(0.3782051282051282), np.float64(0.38170347003154576), np.float64(0.8211009174311926), np.float64(0.2222222222222222)]"
Naive Bayes,17,4,0.7753436528886612,0.3997630098091416,0.7351843580530024,0.31235979400237757,0.30620571534546803,0.3611377610993787,0.5222868217054264,0.36732974215327163,"[0.03225806451612903, 0.5, 0.5380116959064327, 0.6319702602230484, 0.16666666666666666]","[0.05555555555555555, 0.49142857142857144, 0.3006535947712418, 0.7692307692307693, 0.21978021978021978]","[0.04081632653061224, 0.4956772334293948, 0.3857442348008386, 0.6938775510204082, 0.1895734597156398]","[np.float64(0.05555555555555555), np.float64(0.49142857142857144), np.float64(0.3006535947712418), np.float64(0.7692307692307693), np.float64(0.21978021978021978)]"
Naive Bayes,18,4,0.7717190004418175,0.40281603066465343,0.7933384778478114,0.326285282009867,0.3179085962466899,0.37454447042787964,0.5394230769230769,0.3802522935738753,"[0.14285714285714285, 0.375, 0.5639810426540285, 0.6379613356766256, 0.21839080459770116]","[0.08823529411764706, 0.3958333333333333, 0.34293948126801155, 0.8306636155606407, 0.24358974358974358]","[0.10909090909090909, 0.38513513513513514, 0.4265232974910394, 0.7216699801192843, 0.23030303030303031]","[np.float64(0.08823529411764706), np.float64(0.3958333333333333), np.float64(0.34293948126801155), np.float64(0.8306636155606407), np.float64(0.24358974358974358)]"
Naive Bayes,19,4,0.7775162699869036,0.3982167780693545,0.7674516009175524,0.3568952306103846,0.34831670177134755,0.42895984480352495,0.5612343297974928,0.4271276427024898,"[0.25, 0.5353535353535354, 0.5758928571428571, 0.6288659793814433, 0.2604166666666667]","[0.2903225806451613, 0.363013698630137, 0.4043887147335423, 0.8375286041189931, 0.2403846153846154]","[0.26865671641791045, 0.4326530612244898, 0.47513812154696133, 0.718351324828263, 0.25]","[np.float64(0.2903225806451613), np.float64(0.363013698630137), np.float64(0.4043887147335423), np.float64(0.8375286041189931), np.float64(0.2403846153846154)]"
Naive Bayes,20,4,0.7778501633095589,0.40955173472189427,0.7744474183091651,0.3368462004970147,0.32936564436977345,0.40517290213801627,0.5418671799807507,0.4231361685980943,"[0.19444444444444445, 0.36428571428571427, 0.6042553191489362, 0.6356877323420075, 0.23333333333333334]","[0.30434782608695654, 0.375, 0.3817204301075269, 0.8104265402843602, 0.2441860465116279]","[0.23728813559322035, 0.3695652173913043, 0.46787479406919275, 0.7125, 0.23863636363636365]","[np.float64(0.30434782608695654), np.float64(0.375), np.float64(0.3817204301075269), np.float64(0.8104265402843602), np.float64(0.2441860465116279)]"
Naive Bayes,21,5,0.7796575139704345,0.4073988356461964,0.7855421262661686,0.30375450865153,0.2960217185586774,0.3982797064401849,0.5254074784276127,0.395591699694084,"[0.2962962962962963, 0.4435483870967742, 0.5132743362831859, 0.6013745704467354, 0.2261904761904762]","[0.25806451612903225, 0.3548387096774194, 0.3483483483483483, 0.8101851851851852, 0.20652173913043478]","[0.27586206896551724, 0.3942652329749104, 0.4150268336314848, 0.6903353057199211, 0.2159090909090909]","[np.float64(0.25806451612903225), np.float64(0.3548387096774194), np.float64(0.3483483483483483), np.float64(0.8101851851851852), np.float64(0.20652173913043478)]"
Naive Bayes,22,5,0.7770702095687174,0.4001196875437983,0.7617118775137427,0.3441548711994227,0.3337212325290615,0.3759750352848815,0.5478260869565217,0.3923745548498872,"[0.10714285714285714, 0.3181818181818182, 0.6636771300448431, 0.6358695652173914, 0.20512820512820512]","[0.1111111111111111, 0.47572815533980584, 0.3894736842105263, 0.823943661971831, 0.16161616161616163]","[0.10909090909090909, 0.38132295719844356, 0.49087893864013266, 0.7177914110429447, 0.1807909604519774]","[np.float64(0.1111111111111111), np.float64(0.47572815533980584), np.float64(0.3894736842105263), np.float64(0.823943661971831), np.float64(0.16161616161616163)]"
Naive Bayes,23,5,0.7681669182240735,0.38907826125178535,0.8079996997543644,0.370382594299331,0.3608549005366005,0.4436590610334813,0.5786407766990291,0.49982150007655257,"[0.23255813953488372, 0.5384615384615384, 0.5773195876288659, 0.6577181208053692, 0.2375]","[0.6666666666666666, 0.39375, 0.36129032258064514, 0.8484848484848485, 0.2289156626506024]","[0.3448275862068966, 0.4548736462093863, 0.4444444444444444, 0.7410207939508506, 0.2331288343558282]","[np.float64(0.6666666666666666), np.float64(0.39375), np.float64(0.36129032258064514), np.float64(0.8484848484848485), np.float64(0.2289156626506024)]"
Naive Bayes,24,5,0.773258736235217,0.4081622011320024,0.7567400447372366,0.31747610535115733,0.3123546643312294,0.38965405980189005,0.5111111111111111,0.4061493015672582,"[0.13333333333333333, 0.42758620689655175, 0.5615763546798029, 0.6482617586912065, 0.2028985507246377]","[0.23529411764705882, 0.4, 0.34234234234234234, 0.7583732057416268, 0.29473684210526313]","[0.1702127659574468, 0.41333333333333333, 0.4253731343283582, 0.6990077177508269, 0.24034334763948498]","[np.float64(0.23529411764705882), np.float64(0.4), np.float64(0.34234234234234234), np.float64(0.7583732057416268), np.float64(0.29473684210526313)]"
Naive Bayes,25,5,0.7822527927537504,0.41502559924800764,0.7240669428820058,0.32554441139183943,0.3181564162048256,0.35878924520580674,0.5375,0.35751037930045637,"[0.0, 0.5, 0.5358851674641149, 0.6260869565217392, 0.22105263157894736]","[0.0, 0.358695652173913, 0.36721311475409835, 0.8256880733944955, 0.23595505617977527]","[0.0, 0.4177215189873418, 0.4357976653696498, 0.712166172106825, 0.22826086956521738]","[np.float64(0.0), np.float64(0.358695652173913), np.float64(0.36721311475409835), np.float64(0.8256880733944955), np.float64(0.23595505617977527)]"
Naive Bayes,26,6,0.7830248636676295,0.40972532957204744,0.7631744959896098,0.3105804073068992,0.3046365647968219,0.3973462352832729,0.5155038759689923,0.4013989134106519,"[0.25, 0.42857142857142855, 0.5024154589371981, 0.6245283018867924, 0.23622047244094488]","[0.21875, 0.36363636363636365, 0.32398753894080995, 0.7975903614457831, 0.30303030303030304]","[0.23333333333333334, 0.39344262295081966, 0.3939393939393939, 0.7005291005291006, 0.26548672566371684]","[np.float64(0.21875), np.float64(0.36363636363636365), np.float64(0.32398753894080995), np.float64(0.7975903614457831), np.float64(0.30303030303030304)]"
Naive Bayes,27,6,0.7736370123585268,0.4074104266960443,0.7698835015006812,0.375149205794101,0.36947654045894796,0.41752913815807186,0.5717054263565892,0.4197559255585871,"[0.20454545454545456, 0.4126984126984127, 0.6026200873362445, 0.6782449725776966, 0.23255813953488372]","[0.23684210526315788, 0.36363636363636365, 0.42592592592592593, 0.8451025056947609, 0.22727272727272727]","[0.21951219512195122, 0.38661710037174724, 0.49909584086799275, 0.7525354969574036, 0.22988505747126436]","[np.float64(0.23684210526315788), np.float64(0.36363636363636365), np.float64(0.42592592592592593), np.float64(0.8451025056947609), np.float64(0.22727272727272727)]"
Naive Bayes,28,6,0.769528428525082,0.3936612161334309,0.7809804381580556,0.34072619473318283,0.33117378259356056,0.38776383527343355,0.5514918190567853,0.3897932523623749,"[0.125, 0.4713375796178344, 0.574468085106383, 0.625, 0.23076923076923078]","[0.08823529411764706, 0.4966442953020134, 0.34069400630914826, 0.8277404921700223, 0.1956521739130435]","[0.10344827586206896, 0.48366013071895425, 0.4277227722772277, 0.7122232916265641, 0.21176470588235294]","[np.float64(0.08823529411764706), np.float64(0.4966442953020134), np.float64(0.34069400630914826), np.float64(0.8277404921700223), np.float64(0.1956521739130435)]"
Naive Bayes,29,6,0.7735028313036051,0.4036260445307289,0.7600632268332065,0.3080592889735777,0.2985477050449944,0.3594141099612458,0.5250481695568401,0.3646120181299731,"[0.04, 0.4566929133858268, 0.5753424657534246, 0.6003490401396161, 0.21739130434782608]","[0.09523809523809523, 0.3741935483870968, 0.35, 0.8113207547169812, 0.19230769230769232]","[0.056338028169014086, 0.41134751773049644, 0.43523316062176165, 0.6900702106318957, 0.20408163265306123]","[np.float64(0.09523809523809523), np.float64(0.3741935483870968), np.float64(0.35), np.float64(0.8113207547169812), np.float64(0.19230769230769232)]"
Naive Bayes,30,6,0.7803288634670102,0.41167728236880485,0.7422251511830826,0.3339252469230579,0.32829652398248876,0.3724309314003783,0.5403071017274472,0.3724552037865695,"[0.0, 0.45714285714285713, 0.6267942583732058, 0.6415094339622641, 0.21212121212121213]","[0.0, 0.4413793103448276, 0.3864306784660767, 0.7572383073496659, 0.27722772277227725]","[0.0, 0.44912280701754387, 0.4781021897810219, 0.6945863125638406, 0.24034334763948498]","[np.float64(0.0), np.float64(0.4413793103448276), np.float64(0.3864306784660767), np.float64(0.7572383073496659), np.float64(0.27722772277227725)]"
Naive Bayes,31,7,0.7786677331467919,0.40286059877190394,0.7649768266450107,0.3209753984738788,0.3117571778094812,0.35365055906945225,0.5294117647058824,0.3600918043887047,"[0.0, 0.4859154929577465, 0.5604838709677419, 0.5938069216757741, 0.17857142857142858]","[0.0, 0.41818181818181815, 0.3696808510638298, 0.8274111675126904, 0.18518518518518517]","[0.0, 0.4495114006514658, 0.44551282051282054, 0.6914103923647932, 0.18181818181818182]","[np.float64(0.0), np.float64(0.41818181818181815), np.float64(0.3696808510638298), np.float64(0.8274111675126904), np.float64(0.18518518518518517)]"
Naive Bayes,32,7,0.7714184824712748,0.3767084695545556,0.7984922159377363,0.3711950587367544,0.364419385108362,0.4520449235182351,0.5706051873198847,0.4682352141148128,"[0.3023255813953488, 0.5038167938931297, 0.576271186440678, 0.6423487544483986, 0.2608695652173913]","[0.48148148148148145, 0.42857142857142855, 0.4133738601823708, 0.8242009132420092, 0.1935483870967742]","[0.37142857142857144, 0.4631578947368421, 0.4814159292035398, 0.722, 0.2222222222222222]","[np.float64(0.48148148148148145), np.float64(0.42857142857142855), np.float64(0.4133738601823708), np.float64(0.8242009132420092), np.float64(0.1935483870967742)]"
Naive Bayes,33,7,0.7805603381590902,0.4158584647931994,0.7588411319196955,0.3023751998358747,0.29681747954940685,0.347599445440771,0.519193857965451,0.3491452428037794,"[0.037037037037037035, 0.39285714285714285, 0.4549763033175355, 0.6408450704225352, 0.2604166666666667]","[0.02702702702702703, 0.3353658536585366, 0.3310344827586207, 0.8367816091954023, 0.21551724137931033]","[0.03125, 0.3618421052631579, 0.38323353293413176, 0.7258225324027916, 0.2358490566037736]","[np.float64(0.02702702702702703), np.float64(0.3353658536585366), np.float64(0.3310344827586207), np.float64(0.8367816091954023), np.float64(0.21551724137931033)]"
Naive Bayes,34,7,0.7725947015904829,0.39950457526617067,0.7208702097486857,0.3360159515924283,0.3269205078623121,0.38420257628445076,0.5361620057859209,0.3959628285494336,"[0.09803921568627451, 0.4594594594594595, 0.6373626373626373, 0.6299638989169675, 0.17647058823529413]","[0.17857142857142858, 0.425, 0.34523809523809523, 0.8060046189376443, 0.225]","[0.12658227848101267, 0.44155844155844154, 0.44787644787644787, 0.707193515704154, 0.1978021978021978]","[np.float64(0.17857142857142858), np.float64(0.425), np.float64(0.34523809523809523), np.float64(0.8060046189376443), np.float64(0.225)]"
Naive Bayes,35,7,0.7788480542124131,0.406144973379935,0.7598407573898742,0.3119544087892622,0.30664698697068393,0.380327916753685,0.5341130604288499,0.3923755879918438,"[0.13333333333333333, 0.3700787401574803, 0.6395939086294417, 0.6573033707865169, 0.14492753623188406]","[0.2, 0.41228070175438597, 0.38181818181818183, 0.740506329113924, 0.22727272727272727]","[0.16, 0.3900414937759336, 0.4781783681214421, 0.6964285714285714, 0.17699115044247787]","[np.float64(0.2), np.float64(0.41228070175438597), np.float64(0.38181818181818183), np.float64(0.740506329113924), np.float64(0.22727272727272727)]"
Naive Bayes,36,8,0.7767922840046112,0.40076594206983895,0.7418983080209312,0.3306341049413743,0.32527618797691216,0.38439190677125196,0.5361620057859209,0.3856302637247649,"[0.047619047619047616, 0.5135135135135135, 0.5475113122171946, 0.6158088235294118, 0.2682926829268293]","[0.09523809523809523, 0.4720496894409938, 0.3903225806451613, 0.7808857808857809, 0.1896551724137931]","[0.06349206349206349, 0.4919093851132686, 0.455743879472693, 0.6885919835560124, 0.2222222222222222]","[np.float64(0.09523809523809523), np.float64(0.4720496894409938), np.float64(0.3903225806451613), np.float64(0.7808857808857809), np.float64(0.1896551724137931)]"
Naive Bayes,37,8,0.7740130811723458,0.40330597129813234,0.7737394648969603,0.3266817648412376,0.3217392829836162,0.35667884751464574,0.5635305528612997,0.353714033146805,"[0.05263157894736842, 0.37894736842105264, 0.5303643724696356, 0.6711864406779661, 0.2125]","[0.037037037037037035, 0.2857142857142857, 0.41324921135646686, 0.8301886792452831, 0.20238095238095238]","[0.043478260869565216, 0.3257918552036199, 0.4645390070921986, 0.7422680412371134, 0.2073170731707317]","[np.float64(0.037037037037037035), np.float64(0.2857142857142857), np.float64(0.41324921135646686), np.float64(0.8301886792452831), np.float64(0.20238095238095238)]"
Naive Bayes,38,8,0.7765516476906585,0.39467416083779294,0.7766564780261078,0.3690644611335295,0.3573000853747351,0.40112352414171176,0.5626204238921002,0.40712458717553013,"[0.2222222222222222, 0.4084507042253521, 0.6777251184834123, 0.6447602131438721, 0.14736842105263157]","[0.17142857142857143, 0.4264705882352941, 0.3844086021505376, 0.8561320754716981, 0.19718309859154928]","[0.1935483870967742, 0.4172661870503597, 0.49056603773584906, 0.7355623100303952, 0.1686746987951807]","[np.float64(0.17142857142857143), np.float64(0.4264705882352941), np.float64(0.3844086021505376), np.float64(0.8561320754716981), np.float64(0.19718309859154928)]"
Naive Bayes,39,8,0.7776770695209393,0.3973062942418757,0.7518464001794672,0.34152344454905753,0.33268014268727697,0.4274239856059256,0.5424710424710425,0.43312602876526807,"[0.28125, 0.5, 0.5979899497487438, 0.6182795698924731, 0.21008403361344538]","[0.3, 0.4444444444444444, 0.35103244837758113, 0.8041958041958042, 0.26595744680851063]","[0.2903225806451613, 0.47058823529411764, 0.4423791821561338, 0.6990881458966566, 0.2347417840375587]","[np.float64(0.3), np.float64(0.4444444444444444), np.float64(0.35103244837758113), np.float64(0.8041958041958042), np.float64(0.26595744680851063)]"
Naive Bayes,40,8,0.7749051021293787,0.3983892484984445,0.7701996519876771,0.3335538608937251,0.3257816218087135,0.39256240871506637,0.5254562920268973,0.4204203451176121,"[0.10344827586206896, 0.5266272189349113, 0.5580110497237569, 0.6238185255198487, 0.20192307692307693]","[0.3, 0.46842105263157896, 0.3126934984520124, 0.7951807228915663, 0.22580645161290322]","[0.15384615384615385, 0.4958217270194986, 0.4007936507936508, 0.6991525423728814, 0.2131979695431472]","[np.float64(0.3), np.float64(0.46842105263157896), np.float64(0.3126934984520124), np.float64(0.7951807228915663), np.float64(0.22580645161290322)]"
Naive Bayes,41,9,0.7760350039180487,0.39508075209475246,0.7805177376583725,0.3627944699037894,0.3552480064290472,0.4364551309867843,0.553623188405797,0.4425903464506348,"[0.21052631578947367, 0.5238095238095238, 0.5520361990950227, 0.6282051282051282, 0.3269230769230769]","[0.2857142857142857, 0.39285714285714285, 0.38006230529595014, 0.8305084745762712, 0.3238095238095238]","[0.24242424242424243, 0.4489795918367347, 0.45018450184501846, 0.7153284671532847, 0.3253588516746411]","[np.float64(0.2857142857142857), np.float64(0.39285714285714285), np.float64(0.38006230529595014), np.float64(0.8305084745762712), np.float64(0.3238095238095238)]"
Naive Bayes,42,9,0.7655165351628056,0.3931316053451712,0.7712139846769119,0.3678614990408264,0.3589906933995234,0.41678285636005724,0.5634075508228461,0.41587609439783446,"[0.225, 0.45985401459854014, 0.6296296296296297, 0.62478184991274, 0.23880597014925373]","[0.24324324324324326, 0.4012738853503185, 0.4401294498381877, 0.8423529411764706, 0.1523809523809524]","[0.23376623376623376, 0.42857142857142855, 0.518095238095238, 0.717434869739479, 0.18604651162790697]","[np.float64(0.24324324324324326), np.float64(0.4012738853503185), np.float64(0.4401294498381877), np.float64(0.8423529411764706), np.float64(0.1523809523809524)]"
Naive Bayes,43,9,0.7784646843521144,0.4076013952956883,0.7638404757510096,0.33779245496890165,0.3315704225447246,0.37706358842733967,0.5363020329138432,0.3898315366918578,"[0.06666666666666667, 0.4022346368715084, 0.5803108808290155, 0.672514619883041, 0.19491525423728814]","[0.07407407407407407, 0.47058823529411764, 0.33633633633633636, 0.7876712328767124, 0.2804878048780488]","[0.07017543859649122, 0.43373493975903615, 0.42585551330798477, 0.7255520504731862, 0.23]","[np.float64(0.07407407407407407), np.float64(0.47058823529411764), np.float64(0.33633633633633636), np.float64(0.7876712328767124), np.float64(0.2804878048780488)]"
Naive Bayes,44,9,0.7772096432828226,0.40235506534074583,0.7425544506233501,0.29444633698484196,0.28473050128405086,0.37945352004846633,0.5267686424474187,0.3847715016888321,"[0.1111111111111111, 0.4778761061946903, 0.5288461538461539, 0.5944170771756979, 0.2625]","[0.16666666666666666, 0.39705882352941174, 0.3160919540229885, 0.802660753880266, 0.2413793103448276]","[0.13333333333333333, 0.43373493975903615, 0.39568345323741005, 0.6830188679245283, 0.25149700598802394]","[np.float64(0.16666666666666666), np.float64(0.39705882352941174), np.float64(0.3160919540229885), np.float64(0.802660753880266), np.float64(0.2413793103448276)]"
Naive Bayes,45,9,0.7804715850472802,0.4062471904382379,0.7586169065503106,0.32207554096255286,0.3153071950205758,0.3801589602286125,0.5357142857142857,0.39860779153815373,"[0.13333333333333333, 0.39849624060150374, 0.5734597156398105, 0.6593001841620626, 0.15966386554621848]","[0.23529411764705882, 0.3706293706293706, 0.3457142857142857, 0.8008948545861297, 0.24050632911392406]","[0.1702127659574468, 0.38405797101449274, 0.43137254901960786, 0.7232323232323232, 0.1919191919191919]","[np.float64(0.23529411764705882), np.float64(0.3706293706293706), np.float64(0.3457142857142857), np.float64(0.8008948545861297), np.float64(0.24050632911392406)]"
Naive Bayes,46,10,0.7719585830301176,0.38982523859042895,0.782173634968608,0.3248797646501067,0.313860620630503,0.4058614409945158,0.5247813411078717,0.419853297198415,"[0.2619047619047619, 0.4375, 0.5699481865284974, 0.5935828877005348, 0.2191780821917808]","[0.3333333333333333, 0.44871794871794873, 0.3206997084548105, 0.826302729528536, 0.1702127659574468]","[0.29333333333333333, 0.4430379746835443, 0.41044776119402987, 0.6908713692946058, 0.19161676646706588]","[np.float64(0.3333333333333333), np.float64(0.44871794871794873), np.float64(0.3206997084548105), np.float64(0.826302729528536), np.float64(0.1702127659574468)]"
Naive Bayes,47,10,0.7811973752558135,0.4153698901573101,0.7556436307339958,0.33625602279648853,0.3317823000159976,0.37122331666965297,0.553742802303263,0.37467765209700693,"[0.038461538461538464, 0.4411764705882353, 0.5411255411255411, 0.6726943942133815, 0.19791666666666666]","[0.05555555555555555, 0.3870967741935484, 0.3787878787878788, 0.8051948051948052, 0.24675324675324675]","[0.045454545454545456, 0.41237113402061853, 0.44563279857397503, 0.7330049261083744, 0.21965317919075145]","[np.float64(0.05555555555555555), np.float64(0.3870967741935484), np.float64(0.3787878787878788), np.float64(0.8051948051948052), np.float64(0.24675324675324675)]"
Naive Bayes,48,10,0.7800694476768733,0.404870054864201,0.7679200767469847,0.32631951543468823,0.32127292805774776,0.40584311795334554,0.5313404050144648,0.40268778784892145,"[0.1724137931034483, 0.5714285714285714, 0.5422222222222223, 0.6156716417910447, 0.2222222222222222]","[0.17857142857142858, 0.3950617283950617, 0.3935483870967742, 0.7710280373831776, 0.27522935779816515]","[0.17543859649122806, 0.46715328467153283, 0.45607476635514016, 0.6846473029045643, 0.2459016393442623]","[np.float64(0.17857142857142858), np.float64(0.3950617283950617), np.float64(0.3935483870967742), np.float64(0.7710280373831776), np.float64(0.27522935779816515)]"
Naive Bayes,49,10,0.777749076781168,0.4104145272258771,0.735447809154389,0.3037794348123137,0.2969357804171463,0.3618577270196854,0.5169409486931268,0.38372699105827907,"[0.09259259259259259, 0.3076923076923077, 0.6130653266331658, 0.6399253731343284, 0.19801980198019803]","[0.23809523809523808, 0.33587786259541985, 0.3505747126436782, 0.7813211845102506, 0.2127659574468085]","[0.13333333333333333, 0.32116788321167883, 0.4460694698354662, 0.7035897435897436, 0.20512820512820512]","[np.float64(0.23809523809523808), np.float64(0.33587786259541985), np.float64(0.3505747126436782), np.float64(0.7813211845102506), np.float64(0.2127659574468085)]"
Naive Bayes,50,10,0.768982364573772,0.3898008978690285,0.7834155639458051,0.37578224511842834,0.36512874680574225,0.42298048528272447,0.5748560460652591,0.4251070498129321,"[0.18604651162790697, 0.5217391304347826, 0.5915492957746479, 0.6470588235294118, 0.2631578947368421]","[0.24242424242424243, 0.39215686274509803, 0.38181818181818183, 0.8710407239819005, 0.23809523809523808]","[0.21052631578947367, 0.44776119402985076, 0.46408839779005523, 0.742526518804243, 0.25]","[np.float64(0.24242424242424243), np.float64(0.39215686274509803), np.float64(0.38181818181818183), np.float64(0.8710407239819005), np.float64(0.23809523809523808)]"
Random Forest,1,1,1.0,1.0,0.8409077260394475,0.4421359120644034,0.42957634791836075,0.4577389523968508,0.6292352371732817,0.4320055840407716,"[0.8, 0.5576923076923077, 0.5705329153605015, 0.6672354948805461, 0.7894736842105263]","[0.14814814814814814, 0.4027777777777778, 0.5759493670886076, 0.8967889908256881, 0.13636363636363635]","[0.25, 0.46774193548387094, 0.573228346456693, 0.7651663405088063, 0.23255813953488372]","[np.float64(0.14814814814814814), np.float64(0.4027777777777778), np.float64(0.5759493670886076), np.float64(0.8967889908256881), np.float64(0.13636363636363635)]"
Random Forest,2,1,1.0,1.0,0.843924974368781,0.45232784097135925,0.443421406077648,0.4411790278533904,0.637065637065637,0.42567199230886105,"[0.1, 0.5042735042735043, 0.6291793313069909, 0.6720430107526881, 0.8181818181818182]","[0.07692307692307693, 0.3959731543624161, 0.5897435897435898, 0.8782201405152225, 0.1875]","[0.08695652173913043, 0.44360902255639095, 0.6088235294117647, 0.7614213197969543, 0.3050847457627119]","[np.float64(0.07692307692307693), np.float64(0.3959731543624161), np.float64(0.5897435897435898), np.float64(0.8782201405152225), np.float64(0.1875)]"
Random Forest,3,1,1.0,1.0,0.8678109479204851,0.48481659611758987,0.48088805952560854,0.4549189927842579,0.6558005752636625,0.44900078386167686,"[0.0, 0.538961038961039, 0.6216216216216216, 0.7178502879078695, 0.5714285714285714]","[0.0, 0.5286624203821656, 0.6253776435045317, 0.85, 0.24096385542168675]","[0.0, 0.5337620578778135, 0.6234939759036144, 0.7783558792924038, 0.3389830508474576]","[np.float64(0.0), np.float64(0.5286624203821656), np.float64(0.6253776435045317), np.float64(0.85), np.float64(0.24096385542168675)]"
Random Forest,4,1,1.0,1.0,0.8460615153244605,0.4464005555981623,0.43935288435333386,0.42540639273421876,0.632495164410058,0.41518864700114877,"[0.0, 0.5210084033613446, 0.5959885386819485, 0.6815642458100558, 0.6666666666666666]","[0.0, 0.4105960264900662, 0.5959885386819485, 0.8693586698337292, 0.2]","[0.0, 0.45925925925925926, 0.5959885386819485, 0.7640918580375783, 0.3076923076923077]","[np.float64(0.0), np.float64(0.4105960264900662), np.float64(0.5959885386819485), np.float64(0.8693586698337292), np.float64(0.2)]"
Random Forest,5,1,1.0,1.0,0.849467883739519,0.48871167595356424,0.4814874434281172,0.46085914303652614,0.6615236258437801,0.44700012530887917,"[0.5, 0.5579710144927537, 0.6, 0.7216312056737588, 0.6428571428571429]","[0.02631578947368421, 0.4935897435897436, 0.5828025477707006, 0.9044444444444445, 0.22784810126582278]","[0.05, 0.5238095238095238, 0.5912762520193862, 0.8027613412228797, 0.3364485981308411]","[np.float64(0.02631578947368421), np.float64(0.4935897435897436), np.float64(0.5828025477707006), np.float64(0.9044444444444445), np.float64(0.22784810126582278)]"
Random Forest,6,2,1.0,1.0,0.8600885070718359,0.49328026615990456,0.4854967367657723,0.4874722817788403,0.6695736434108527,0.4565268546880635,"[0.6666666666666666, 0.5811965811965812, 0.6369230769230769, 0.7021276595744681, 0.782608695652174]","[0.08333333333333333, 0.46258503401360546, 0.6088235294117647, 0.8878923766816144, 0.24]","[0.14814814814814814, 0.5151515151515151, 0.6225563909774436, 0.7841584158415842, 0.3673469387755102]","[np.float64(0.08333333333333333), np.float64(0.46258503401360546), np.float64(0.6088235294117647), np.float64(0.8878923766816144), np.float64(0.24)]"
Random Forest,7,2,1.0,1.0,0.8515395374369851,0.4745088194145678,0.4663904637301933,0.4474579299155863,0.6566731141199227,0.4400354057044871,"[0.0, 0.43884892086330934, 0.6159420289855072, 0.7247863247863248, 0.75]","[0.0, 0.488, 0.5345911949685535, 0.9079229122055674, 0.2696629213483146]","[0.0, 0.4621212121212121, 0.5723905723905723, 0.8060836501901141, 0.39669421487603307]","[np.float64(0.0), np.float64(0.488), np.float64(0.5345911949685535), np.float64(0.9079229122055674), np.float64(0.2696629213483146)]"
Random Forest,8,2,1.0,1.0,0.8469818241514808,0.45705754324299225,0.4492765067019364,0.46819150918478475,0.6361003861003861,0.4427029026620054,"[0.75, 0.5230769230769231, 0.6077844311377245, 0.6789667896678967, 0.6538461538461539]","[0.13043478260869565, 0.43312101910828027, 0.6005917159763313, 0.8741092636579573, 0.17525773195876287]","[0.2222222222222222, 0.4738675958188153, 0.6041666666666666, 0.7642782969885774, 0.2764227642276423]","[np.float64(0.13043478260869565), np.float64(0.43312101910828027), np.float64(0.6005917159763313), np.float64(0.8741092636579573), np.float64(0.17525773195876287)]"
Random Forest,9,2,1.0,1.0,0.8505966730689417,0.4286881956949968,0.42204932655242244,0.46202148769064,0.6181818181818182,0.43622162744279835,"[0.5714285714285714, 0.5777777777777777, 0.5195195195195195, 0.6941391941391941, 0.5]","[0.21052631578947367, 0.4126984126984127, 0.5616883116883117, 0.8613636363636363, 0.1348314606741573]","[0.3076923076923077, 0.48148148148148145, 0.5397815912636506, 0.768762677484787, 0.21238938053097345]","[np.float64(0.21052631578947367), np.float64(0.4126984126984127), np.float64(0.5616883116883117), np.float64(0.8613636363636363), np.float64(0.1348314606741573)]"
Random Forest,10,2,1.0,1.0,0.8505978729480501,0.4326745517670219,0.419075515054686,0.3973352548636642,0.6158301158301158,0.3985747278927558,"[0.0, 0.4322033898305085, 0.6404833836858006, 0.6355633802816901, 0.9333333333333333]","[0.0, 0.3669064748201439, 0.5938375350140056, 0.9025, 0.12962962962962962]","[0.0, 0.3968871595330739, 0.6162790697674418, 0.7458677685950413, 0.22764227642276422]","[np.float64(0.0), np.float64(0.3669064748201439), np.float64(0.5938375350140056), np.float64(0.9025), np.float64(0.12962962962962962)]"
Random Forest,11,3,1.0,1.0,0.8266450108491539,0.46111045877655316,0.45077054617700874,0.41992898877412815,0.6361031518624641,0.4159903182938631,"[0.0, 0.5244755244755245, 0.6468842729970327, 0.6587591240875912, 0.8571428571428571]","[0.0, 0.4573170731707317, 0.5860215053763441, 0.9002493765586035, 0.13636363636363635]","[0.0, 0.48859934853420195, 0.614950634696756, 0.7608008429926238, 0.23529411764705882]","[np.float64(0.0), np.float64(0.4573170731707317), np.float64(0.5860215053763441), np.float64(0.9002493765586035), np.float64(0.13636363636363635)]"
Random Forest,12,3,1.0,1.0,0.8523731082407563,0.4330627756714608,0.42899244426461436,0.4336252180722292,0.6256062075654704,0.4214934131959994,"[0.0, 0.5121951219512195, 0.5623100303951368, 0.6960600375234521, 0.6046511627906976]","[0.0, 0.42857142857142855, 0.5799373040752351, 0.828125, 0.2708333333333333]","[0.0, 0.4666666666666667, 0.5709876543209876, 0.7563710499490316, 0.37410071942446044]","[np.float64(0.0), np.float64(0.42857142857142855), np.float64(0.5799373040752351), np.float64(0.828125), np.float64(0.2708333333333333)]"
Random Forest,13,3,1.0,1.0,0.85834010653439,0.4566298538178724,0.4472520029360336,0.41767876414675714,0.6414189837008629,0.41186196590527624,"[0.0, 0.5206611570247934, 0.596875, 0.6932409012131716, 0.7142857142857143]","[0.0, 0.4315068493150685, 0.5858895705521472, 0.8948545861297539, 0.14705882352941177]","[0.0, 0.47191011235955055, 0.5913312693498453, 0.78125, 0.24390243902439024]","[np.float64(0.0), np.float64(0.4315068493150685), np.float64(0.5858895705521472), np.float64(0.8948545861297539), np.float64(0.14705882352941177)]"
Random Forest,14,3,1.0,1.0,0.8548433390440782,0.5011480280470019,0.4936729787030404,0.46924986027385646,0.6727976766698935,0.4475851219145716,"[0.3333333333333333, 0.5486725663716814, 0.6279761904761905, 0.7212230215827338, 0.8]","[0.03571428571428571, 0.4189189189189189, 0.647239263803681, 0.8950892857142857, 0.24096385542168675]","[0.06451612903225806, 0.47509578544061304, 0.6374622356495468, 0.798804780876494, 0.37037037037037035]","[np.float64(0.03571428571428571), np.float64(0.4189189189189189), np.float64(0.647239263803681), np.float64(0.8950892857142857), np.float64(0.24096385542168675)]"
Random Forest,15,3,1.0,1.0,0.8425690909451358,0.4462145875538248,0.4378609203522612,0.44410069916915706,0.6287657920310982,0.4300552023822096,"[1.0, 0.5070422535211268, 0.5946843853820598, 0.6792114695340502, 0.56]","[0.075, 0.47368421052631576, 0.5628930817610063, 0.8813953488372093, 0.15730337078651685]","[0.13953488372093023, 0.4897959183673469, 0.5783521809369951, 0.7672064777327935, 0.24561403508771928]","[np.float64(0.075), np.float64(0.47368421052631576), np.float64(0.5628930817610063), np.float64(0.8813953488372093), np.float64(0.15730337078651685)]"
Random Forest,16,4,1.0,1.0,0.8554204941249146,0.46934727774759866,0.45990915079086714,0.45743413659789833,0.6463768115942029,0.43723346174508154,"[0.5, 0.5811965811965812, 0.5969696969696969, 0.6862745098039216, 0.7391304347826086]","[0.07407407407407407, 0.4358974358974359, 0.6214511041009464, 0.8830275229357798, 0.1717171717171717]","[0.12903225806451613, 0.4981684981684982, 0.6089644513137558, 0.7723169508525577, 0.2786885245901639]","[np.float64(0.07407407407407407), np.float64(0.4358974358974359), np.float64(0.6214511041009464), np.float64(0.8830275229357798), np.float64(0.1717171717171717)]"
Random Forest,17,4,1.0,1.0,0.8512931619462346,0.47251216314394956,0.46566966501373785,0.44285827224662794,0.6492248062015504,0.42899174028585796,"[0.0, 0.5725806451612904, 0.5805471124620061, 0.7095588235294118, 0.6666666666666666]","[0.0, 0.4057142857142857, 0.6241830065359477, 0.8733031674208145, 0.24175824175824176]","[0.0, 0.47491638795986624, 0.6015748031496063, 0.7829614604462475, 0.3548387096774194]","[np.float64(0.0), np.float64(0.4057142857142857), np.float64(0.6241830065359477), np.float64(0.8733031674208145), np.float64(0.24175824175824176)]"
Random Forest,18,4,1.0,1.0,0.8492243677787542,0.4467673349224859,0.4395342242737773,0.42327387855026044,0.6326923076923077,0.4204798883290234,"[0.0, 0.4666666666666667, 0.6270627062706271, 0.6863799283154122, 0.5555555555555556]","[0.0, 0.4861111111111111, 0.547550432276657, 0.8764302059496567, 0.19230769230769232]","[0.0, 0.47619047619047616, 0.5846153846153846, 0.7698492462311558, 0.2857142857142857]","[np.float64(0.0), np.float64(0.4861111111111111), np.float64(0.547550432276657), np.float64(0.8764302059496567), np.float64(0.19230769230769232)]"
Random Forest,19,4,1.0,1.0,0.8469999495475478,0.4444868225880128,0.43485486861408384,0.41683499792464695,0.630665380906461,0.4087295865833778,"[0.0, 0.52, 0.5761194029850746, 0.6860670194003528, 0.6451612903225806]","[0.0, 0.3561643835616438, 0.6050156739811913, 0.8901601830663616, 0.19230769230769232]","[0.0, 0.42276422764227645, 0.5902140672782875, 0.7749003984063745, 0.2962962962962963]","[np.float64(0.0), np.float64(0.3561643835616438), np.float64(0.6050156739811913), np.float64(0.8901601830663616), np.float64(0.19230769230769232)]"
Random Forest,20,4,1.0,1.0,0.877606690806193,0.47861641497657637,0.47008519235388035,0.4972786336405707,0.6525505293551492,0.46968518896066247,"[0.7142857142857143, 0.4583333333333333, 0.6697819314641744, 0.6892138939670932, 0.75]","[0.21739130434782608, 0.4852941176470588, 0.5779569892473119, 0.8933649289099526, 0.1744186046511628]","[0.3333333333333333, 0.4714285714285714, 0.6204906204906205, 0.7781217750257998, 0.2830188679245283]","[np.float64(0.21739130434782608), np.float64(0.4852941176470588), np.float64(0.5779569892473119), np.float64(0.8933649289099526), np.float64(0.1744186046511628)]"
Random Forest,21,5,1.0,1.0,0.8447501784671676,0.42218879643580937,0.4139874739039665,0.4350136787328842,0.6155321188878236,0.41664450214590465,"[0.5, 0.5042016806722689, 0.5792682926829268, 0.6542553191489362, 0.7333333333333333]","[0.03225806451612903, 0.3870967741935484, 0.5705705705705706, 0.8541666666666666, 0.2391304347826087]","[0.06060606060606061, 0.43795620437956206, 0.5748865355521936, 0.7409638554216867, 0.36065573770491804]","[np.float64(0.03225806451612903), np.float64(0.3870967741935484), np.float64(0.5705705705705706), np.float64(0.8541666666666666), np.float64(0.2391304347826087)]"
Random Forest,22,5,1.0,1.0,0.8409233855473893,0.4485707365942635,0.4405647323358991,0.40917654101555573,0.6376811594202898,0.4097692681745594,"[0.0, 0.3416666666666667, 0.6783625730994152, 0.6776556776556777, 0.68]","[0.0, 0.39805825242718446, 0.6105263157894737, 0.8685446009389671, 0.1717171717171717]","[0.0, 0.36771300448430494, 0.6426592797783933, 0.7613168724279835, 0.27419354838709675]","[np.float64(0.0), np.float64(0.39805825242718446), np.float64(0.6105263157894737), np.float64(0.8685446009389671), np.float64(0.1717171717171717)]"
Random Forest,23,5,1.0,1.0,0.8706089196766149,0.48425226745459915,0.47665453602887786,0.49451198267709184,0.6650485436893204,0.4616607443599282,"[0.42857142857142855, 0.6185567010309279, 0.5794117647058824, 0.7267857142857143, 0.6923076923076923]","[0.2, 0.375, 0.635483870967742, 0.8809523809523809, 0.21686746987951808]","[0.2727272727272727, 0.4669260700389105, 0.6061538461538462, 0.7964774951076321, 0.3302752293577982]","[np.float64(0.2), np.float64(0.375), np.float64(0.635483870967742), np.float64(0.8809523809523809), np.float64(0.21686746987951808)]"
Random Forest,24,5,1.0,1.0,0.8587861151604039,0.48986029863599373,0.4823226342172945,0.4500448864088222,0.6531400966183575,0.44754679359093624,"[0.0, 0.5123456790123457, 0.6449511400651465, 0.702247191011236, 0.6666666666666666]","[0.0, 0.535483870967742, 0.5945945945945946, 0.8971291866028708, 0.21052631578947367]","[0.0, 0.5236593059936908, 0.61875, 0.7878151260504201, 0.32]","[np.float64(0.0), np.float64(0.535483870967742), np.float64(0.5945945945945946), np.float64(0.8971291866028708), np.float64(0.21052631578947367)]"
Random Forest,25,5,1.0,1.0,0.831408700075217,0.4838861851870932,0.47337624341720297,0.438181544226511,0.6538461538461539,0.4272551036504676,"[0.0, 0.592, 0.5830721003134797, 0.7065026362038664, 0.72]","[0.0, 0.40217391304347827, 0.6098360655737705, 0.9220183486238532, 0.20224719101123595]","[0.0, 0.47896440129449835, 0.5961538461538461, 0.8, 0.3157894736842105]","[np.float64(0.0), np.float64(0.40217391304347827), np.float64(0.6098360655737705), np.float64(0.9220183486238532), np.float64(0.20224719101123595)]"
Random Forest,26,6,1.0,1.0,0.8513228828488103,0.4060096152399485,0.3959052930713136,0.4053220226264533,0.5998062015503876,0.3957556393799496,"[0.6666666666666666, 0.4672131147540984, 0.5579268292682927, 0.6529516994633273, 0.6]","[0.0625, 0.34545454545454546, 0.5700934579439252, 0.8795180722891566, 0.12121212121212122]","[0.11428571428571428, 0.397212543554007, 0.5639445300462249, 0.7494866529774127, 0.20168067226890757]","[np.float64(0.0625), np.float64(0.34545454545454546), np.float64(0.5700934579439252), np.float64(0.8795180722891566), np.float64(0.12121212121212122)]"
Random Forest,27,6,1.0,1.0,0.8386449452663927,0.4777126812237982,0.47013722531696256,0.44853910761029053,0.6521317829457365,0.4395251212189629,"[0.25, 0.5, 0.6266233766233766, 0.7063063063063063, 0.68]","[0.02631578947368421, 0.48951048951048953, 0.595679012345679, 0.8929384965831435, 0.19318181818181818]","[0.047619047619047616, 0.49469964664310956, 0.6107594936708861, 0.7887323943661971, 0.3008849557522124]","[np.float64(0.02631578947368421), np.float64(0.48951048951048953), np.float64(0.595679012345679), np.float64(0.8929384965831435), np.float64(0.19318181818181818)]"
Random Forest,28,6,1.0,1.0,0.8638536080908482,0.5071272521647839,0.4996303105674521,0.481892822085012,0.6727622714148219,0.46068295789051356,"[0.3333333333333333, 0.6140350877192983, 0.6172106824925816, 0.7210144927536232, 0.7]","[0.058823529411764705, 0.4697986577181208, 0.6561514195583596, 0.8903803131991052, 0.22826086956521738]","[0.1, 0.532319391634981, 0.636085626911315, 0.7967967967967968, 0.3442622950819672]","[np.float64(0.058823529411764705), np.float64(0.4697986577181208), np.float64(0.6561514195583596), np.float64(0.8903803131991052), np.float64(0.22826086956521738)]"
Random Forest,29,6,1.0,1.0,0.8480345649551648,0.44717306247860955,0.43824929289822,0.42234173220961146,0.6339113680154143,0.4144809890184205,"[0.0, 0.5220588235294118, 0.6277602523659306, 0.6654804270462633, 0.6086956521739131]","[0.0, 0.45806451612903226, 0.5527777777777778, 0.8820754716981132, 0.1794871794871795]","[0.0, 0.4879725085910653, 0.5878877400295421, 0.7586206896551724, 0.27722772277227725]","[np.float64(0.0), np.float64(0.45806451612903226), np.float64(0.5527777777777778), np.float64(0.8820754716981132), np.float64(0.1794871794871795)]"
Random Forest,30,6,1.0,1.0,0.8303342680394004,0.44407288023002706,0.437512462754169,0.4245279849542257,0.6362763915547025,0.41116921271479223,"[0.0, 0.5126050420168067, 0.582089552238806, 0.6947935368043088, 0.7407407407407407]","[0.0, 0.4206896551724138, 0.5752212389380531, 0.8619153674832962, 0.19801980198019803]","[0.0, 0.4621212121212121, 0.5786350148367952, 0.7693836978131213, 0.3125]","[np.float64(0.0), np.float64(0.4206896551724138), np.float64(0.5752212389380531), np.float64(0.8619153674832962), np.float64(0.19801980198019803)]"
Random Forest,31,7,1.0,1.0,0.8526230521807191,0.4448936597659834,0.43756445888260964,0.4537355506443059,0.6277724204435873,0.43341991619055376,"[0.5, 0.5983606557377049, 0.5966850828729282, 0.6576923076923077, 0.6129032258064516]","[0.047619047619047616, 0.44242424242424244, 0.574468085106383, 0.868020304568528, 0.2345679012345679]","[0.08695652173913043, 0.5087108013937283, 0.5853658536585366, 0.7483588621444202, 0.3392857142857143]","[np.float64(0.047619047619047616), np.float64(0.44242424242424244), np.float64(0.574468085106383), np.float64(0.868020304568528), np.float64(0.2345679012345679)]"
Random Forest,32,7,1.0,1.0,0.8643372037565449,0.4929794277479346,0.4865389385007517,0.49482137438096635,0.6618635926993276,0.4667283803113665,"[1.0, 0.572463768115942, 0.6144578313253012, 0.7079482439926063, 0.7407407407407407]","[0.1111111111111111, 0.512987012987013, 0.6200607902735562, 0.8744292237442922, 0.21505376344086022]","[0.2, 0.541095890410959, 0.6172465960665658, 0.7824310520939735, 0.3333333333333333]","[np.float64(0.1111111111111111), np.float64(0.512987012987013), np.float64(0.6200607902735562), np.float64(0.8744292237442922), np.float64(0.21505376344086022)]"
Random Forest,33,7,1.0,1.0,0.8266708687456159,0.4123822549210611,0.4009198926791875,0.4267272519072696,0.6026871401151631,0.4105528909902333,"[0.2857142857142857, 0.5135135135135135, 0.5244299674267101, 0.6547008547008547, 0.78125]","[0.05405405405405406, 0.3475609756097561, 0.5551724137931034, 0.8804597701149425, 0.21551724137931033]","[0.09090909090909091, 0.41454545454545455, 0.5393634840871022, 0.7509803921568627, 0.33783783783783783]","[np.float64(0.05405405405405406), np.float64(0.3475609756097561), np.float64(0.5551724137931034), np.float64(0.8804597701149425), np.float64(0.21551724137931033)]"
Random Forest,34,7,1.0,1.0,0.8395569375422551,0.4616631170831502,0.45445419826706135,0.42934644361564167,0.6432015429122468,0.4210124546354338,"[0.0, 0.5220588235294118, 0.6055045871559633, 0.6950998185117967, 0.6521739130434783]","[0.0, 0.44375, 0.5892857142857143, 0.8845265588914549, 0.1875]","[0.0, 0.4797297297297297, 0.5972850678733032, 0.7784552845528455, 0.2912621359223301]","[np.float64(0.0), np.float64(0.44375), np.float64(0.5892857142857143), np.float64(0.8845265588914549), np.float64(0.1875)]"
Random Forest,35,7,1.0,1.0,0.8599516980601776,0.47875612360012765,0.47206453540484006,0.44066397094968524,0.6676413255360624,0.4289630145559527,"[1.0, 0.43333333333333335, 0.6547231270358306, 0.7256944444444444, 0.5909090909090909]","[0.05, 0.45614035087719296, 0.6090909090909091, 0.8818565400843882, 0.14772727272727273]","[0.09523809523809523, 0.4444444444444444, 0.631083202511774, 0.7961904761904762, 0.23636363636363636]","[np.float64(0.05), np.float64(0.45614035087719296), np.float64(0.6090909090909091), np.float64(0.8818565400843882), np.float64(0.14772727272727273)]"
Random Forest,36,8,1.0,1.0,0.8322152141804093,0.42669119101149044,0.41921557782768526,0.4215849494546024,0.6133076181292189,0.41226922502784563,"[0.0, 0.552, 0.5585585585585585, 0.6617375231053605, 0.696969696969697]","[0.0, 0.42857142857142855, 0.6, 0.8344988344988346, 0.19827586206896552]","[0.0, 0.4825174825174825, 0.578538102643857, 0.7381443298969073, 0.3087248322147651]","[np.float64(0.0), np.float64(0.42857142857142855), np.float64(0.6), np.float64(0.8344988344988346), np.float64(0.19827586206896552)]"
Random Forest,37,8,1.0,1.0,0.8618782478943732,0.4329343453879256,0.4275368558575946,0.40911496046893037,0.6372453928225025,0.40442226133554027,"[0.0, 0.4435483870967742, 0.56957928802589, 0.7177700348432056, 0.5833333333333334]","[0.0, 0.4365079365079365, 0.555205047318612, 0.8637316561844863, 0.16666666666666666]","[0.0, 0.44, 0.5623003194888179, 0.7840152235965747, 0.25925925925925924]","[np.float64(0.0), np.float64(0.4365079365079365), np.float64(0.555205047318612), np.float64(0.8637316561844863), np.float64(0.16666666666666666)]"
Random Forest,38,8,1.0,1.0,0.8536102210301347,0.4675295699731574,0.45443108809758237,0.4492835273569519,0.6425818882466281,0.4411190633831993,"[1.0, 0.4394904458598726, 0.6798561151079137, 0.6764705882352942, 0.7083333333333334]","[0.02857142857142857, 0.5073529411764706, 0.5080645161290323, 0.9221698113207547, 0.23943661971830985]","[0.05555555555555555, 0.4709897610921502, 0.5815384615384616, 0.780439121756487, 0.35789473684210527]","[np.float64(0.02857142857142857), np.float64(0.5073529411764706), np.float64(0.5080645161290323), np.float64(0.9221698113207547), np.float64(0.23943661971830985)]"
Random Forest,39,8,1.0,1.0,0.8624598592926036,0.453973573973724,0.44419408141805616,0.43252616440314756,0.638030888030888,0.41989125354028384,"[0.5, 0.5405405405405406, 0.6053412462908012, 0.675531914893617, 0.6818181818181818]","[0.03333333333333333, 0.4166666666666667, 0.6017699115044248, 0.8881118881118881, 0.1595744680851064]","[0.0625, 0.47058823529411764, 0.6035502958579881, 0.7673716012084593, 0.25862068965517243]","[np.float64(0.03333333333333333), np.float64(0.4166666666666667), np.float64(0.6017699115044248), np.float64(0.8881118881118881), np.float64(0.1595744680851064)]"
Random Forest,40,8,1.0,1.0,0.8582914947464519,0.4691986909235882,0.4599591623297393,0.4592762398755834,0.6397694524495677,0.4391786901927093,"[0.25, 0.6090909090909091, 0.5664893617021277, 0.7019230769230769, 0.7037037037037037]","[0.1, 0.3526315789473684, 0.6594427244582043, 0.8795180722891566, 0.20430107526881722]","[0.14285714285714285, 0.44666666666666666, 0.6094420600858369, 0.7807486631016043, 0.31666666666666665]","[np.float64(0.1), np.float64(0.3526315789473684), np.float64(0.6594427244582043), np.float64(0.8795180722891566), np.float64(0.20430107526881722)]"
Random Forest,41,9,1.0,1.0,0.8460652111214614,0.4716213204874436,0.46143667243901965,0.4389776250161761,0.6405797101449275,0.431367209009376,"[0.0, 0.6062992125984252, 0.5749235474006116, 0.6867030965391621, 0.6774193548387096]","[0.0, 0.4583333333333333, 0.5856697819314641, 0.9128329297820823, 0.2]","[0.0, 0.5220338983050847, 0.5802469135802469, 0.7837837837837838, 0.3088235294117647]","[np.float64(0.0), np.float64(0.4583333333333333), np.float64(0.5856697819314641), np.float64(0.9128329297820823), np.float64(0.2)]"
Random Forest,42,9,1.0,1.0,0.8601581981755766,0.46781865965966074,0.46037270247105155,0.4330525788828371,0.6389157792836399,0.42761052377703823,"[0.1111111111111111, 0.5080645161290323, 0.6, 0.7055449330783938, 0.6296296296296297]","[0.02702702702702703, 0.4012738853503185, 0.6796116504854369, 0.8682352941176471, 0.1619047619047619]","[0.043478260869565216, 0.4483985765124555, 0.637329286798179, 0.7784810126582279, 0.25757575757575757]","[np.float64(0.02702702702702703), np.float64(0.4012738853503185), np.float64(0.6796116504854369), np.float64(0.8682352941176471), np.float64(0.1619047619047619)]"
Random Forest,43,9,1.0,1.0,0.8464615556356202,0.468192979644258,0.4611046679572135,0.4440121014928895,0.648596321393998,0.4286748787662685,"[0.5, 0.48175182481751827, 0.6081504702194357, 0.7106690777576854, 0.7272727272727273]","[0.037037037037037035, 0.43137254901960786, 0.5825825825825826, 0.8972602739726028, 0.1951219512195122]","[0.06896551724137931, 0.45517241379310347, 0.5950920245398773, 0.79313824419778, 0.3076923076923077]","[np.float64(0.037037037037037035), np.float64(0.43137254901960786), np.float64(0.5825825825825826), np.float64(0.8972602739726028), np.float64(0.1951219512195122)]"
Random Forest,44,9,1.0,1.0,0.8408386819470562,0.4440675896770568,0.4353116591543985,0.4267696194799228,0.638623326959847,0.4139902463011353,"[0.0, 0.5272727272727272, 0.6226993865030674, 0.6678082191780822, 0.7083333333333334]","[0.0, 0.4264705882352941, 0.5833333333333334, 0.8647450110864745, 0.19540229885057472]","[0.0, 0.4715447154471545, 0.6023738872403561, 0.7536231884057971, 0.3063063063063063]","[np.float64(0.0), np.float64(0.4264705882352941), np.float64(0.5833333333333334), np.float64(0.8647450110864745), np.float64(0.19540229885057472)]"
Random Forest,45,9,1.0,1.0,0.8555051343319748,0.45327971675355105,0.44547519933907576,0.458468567437415,0.6447876447876448,0.4324417455442557,"[0.5, 0.4878048780487805, 0.6257861635220126, 0.6882661996497373, 0.7]","[0.11764705882352941, 0.4195804195804196, 0.5685714285714286, 0.8791946308724832, 0.17721518987341772]","[0.19047619047619047, 0.45112781954887216, 0.5958083832335329, 0.7721021611001965, 0.2828282828282828]","[np.float64(0.11764705882352941), np.float64(0.4195804195804196), np.float64(0.5685714285714286), np.float64(0.8791946308724832), np.float64(0.17721518987341772)]"
Random Forest,46,10,1.0,1.0,0.8587754480437019,0.4518914545067692,0.4442221926096461,0.45764112616352615,0.6297376093294461,0.43633968131047673,"[0.6, 0.512, 0.5938375350140056, 0.6763005780346821, 0.782608695652174]","[0.09090909090909091, 0.41025641025641024, 0.6180758017492711, 0.8709677419354839, 0.19148936170212766]","[0.15789473684210525, 0.4555160142348754, 0.6057142857142858, 0.7613882863340564, 0.3076923076923077]","[np.float64(0.09090909090909091), np.float64(0.41025641025641024), np.float64(0.6180758017492711), np.float64(0.8709677419354839), np.float64(0.19148936170212766)]"
Random Forest,47,10,1.0,1.0,0.8420115221054567,0.4690930040348541,0.4628889115430397,0.43883029678756175,0.6554702495201535,0.42469022017409114,"[0.2, 0.524822695035461, 0.6037735849056604, 0.7173144876325088, 0.8333333333333334]","[0.05555555555555555, 0.4774193548387097, 0.5818181818181818, 0.8787878787878788, 0.12987012987012986]","[0.08695652173913043, 0.5, 0.5925925925925926, 0.7898832684824902, 0.2247191011235955]","[np.float64(0.05555555555555555), np.float64(0.4774193548387097), np.float64(0.5818181818181818), np.float64(0.8787878787878788), np.float64(0.12987012987012986)]"
Random Forest,48,10,1.0,1.0,0.8439216587108682,0.4129402206331296,0.4027086554737823,0.4234851266986924,0.6055930568948891,0.4071279260122574,"[0.3333333333333333, 0.5353535353535354, 0.5290519877675841, 0.6590509666080844, 0.6666666666666666]","[0.03571428571428571, 0.3271604938271605, 0.5580645161290323, 0.8761682242990654, 0.23853211009174313]","[0.06451612903225806, 0.4061302681992337, 0.543171114599686, 0.7522567703109327, 0.35135135135135137]","[np.float64(0.03571428571428571), np.float64(0.3271604938271605), np.float64(0.5580645161290323), np.float64(0.8761682242990654), np.float64(0.23853211009174313)]"
Random Forest,49,10,1.0,1.0,0.8493065313359969,0.48610093905337814,0.4797714476469209,0.4398034080089337,0.6611810261374637,0.43234889822406436,"[0.0, 0.42748091603053434, 0.6738461538461539, 0.7113970588235294, 0.65625]","[0.0, 0.42748091603053434, 0.6293103448275862, 0.8815489749430524, 0.22340425531914893]","[0.0, 0.42748091603053434, 0.6508172362555721, 0.7873855544252288, 0.3333333333333333]","[np.float64(0.0), np.float64(0.42748091603053434), np.float64(0.6293103448275862), np.float64(0.8815489749430524), np.float64(0.22340425531914893)]"
Random Forest,50,10,1.0,1.0,0.8667879973277588,0.4681007310016683,0.4579873852722057,0.4283598124845837,0.6487523992322457,0.4215826657003127,"[0.0, 0.6016949152542372, 0.6112852664576802, 0.6833046471600689, 0.5416666666666666]","[0.0, 0.46405228758169936, 0.5909090909090909, 0.8981900452488688, 0.15476190476190477]","[0.0, 0.5239852398523985, 0.600924499229584, 0.7761485826001955, 0.24074074074074073]","[np.float64(0.0), np.float64(0.46405228758169936), np.float64(0.5909090909090909), np.float64(0.8981900452488688), np.float64(0.15476190476190477)]"
SVM,1,1,0.9145484839160047,0.6068752248143506,0.8550876942354849,0.399892288819093,0.3926045114080562,0.47303618407253056,0.5517909002904162,0.5178217451095166,"[0.1702127659574468, 0.48314606741573035, 0.6419213973799127, 0.723463687150838, 0.3167420814479638]","[0.2962962962962963, 0.5972222222222222, 0.4651898734177215, 0.5940366972477065, 0.6363636363636364]","[0.21621621621621623, 0.5341614906832298, 0.5394495412844037, 0.6523929471032746, 0.4229607250755287]","[np.float64(0.2962962962962963), np.float64(0.5972222222222222), np.float64(0.4651898734177215), np.float64(0.5940366972477065), np.float64(0.6363636363636364)]"
SVM,2,1,0.9158246536738724,0.6073580445946735,0.8426577790460558,0.39202073115908803,0.38062740409019635,0.4457786420649585,0.5395752895752896,0.5292117981935344,"[0.08163265306122448, 0.413265306122449, 0.625, 0.7588235294117647, 0.33480176211453744]","[0.3076923076923077, 0.5436241610738255, 0.39886039886039887, 0.6042154566744731, 0.7916666666666666]","[0.12903225806451613, 0.46956521739130436, 0.48695652173913045, 0.6727509778357236, 0.47058823529411764]","[np.float64(0.3076923076923077), np.float64(0.5436241610738255), np.float64(0.39886039886039887), np.float64(0.6042154566744731), np.float64(0.7916666666666666)]"
SVM,3,1,0.9124531786553225,0.5898590569672386,0.8755118813800005,0.46617161751681035,0.45258450222690394,0.5129030111184221,0.5915627996164909,0.5856737564423677,"[0.22, 0.4857142857142857, 0.7307692307692307, 0.7959183673469388, 0.3147208121827411]","[0.34375, 0.7579617834394905, 0.459214501510574, 0.6204545454545455, 0.7469879518072289]","[0.2682926829268293, 0.5920398009950248, 0.5640074211502782, 0.6973180076628352, 0.44285714285714284]","[np.float64(0.34375), np.float64(0.7579617834394905), np.float64(0.459214501510574), np.float64(0.6204545454545455), np.float64(0.7469879518072289)]"
SVM,4,1,0.9165846049246484,0.60342008700015,0.8548768699780214,0.41876689854986027,0.41187523007075955,0.4619909144641687,0.5696324951644101,0.5085408093284747,"[0.08333333333333333, 0.45901639344262296, 0.6680161943319838, 0.7445652173913043, 0.32978723404255317]","[0.17391304347826086, 0.5562913907284768, 0.47277936962750716, 0.6508313539192399, 0.6888888888888889]","[0.11267605633802817, 0.5029940119760479, 0.5536912751677853, 0.6945500633713562, 0.4460431654676259]","[np.float64(0.17391304347826086), np.float64(0.5562913907284768), np.float64(0.47277936962750716), np.float64(0.6508313539192399), np.float64(0.6888888888888889)]"
SVM,5,1,0.9151098982904738,0.6022074413574023,0.8651600433120141,0.4130037011520657,0.4017106721757533,0.465218160070183,0.5583413693346191,0.5234290157116298,"[0.19148936170212766, 0.4444444444444444, 0.6574585635359116, 0.7710526315789473, 0.27692307692307694]","[0.23684210526315788, 0.6666666666666666, 0.37898089171974525, 0.6511111111111111, 0.6835443037974683]","[0.21176470588235294, 0.5333333333333333, 0.4808080808080808, 0.7060240963855422, 0.39416058394160586]","[np.float64(0.23684210526315788), np.float64(0.6666666666666666), np.float64(0.37898089171974525), np.float64(0.6511111111111111), np.float64(0.6835443037974683)]"
SVM,6,2,0.9146846486787791,0.6062061428068954,0.8675860991126882,0.4219121892081064,0.41206260858829746,0.47082417306507995,0.5707364341085271,0.5399316444066417,"[0.12727272727272726, 0.46798029556650245, 0.6898148148148148, 0.7552631578947369, 0.28651685393258425]","[0.2916666666666667, 0.6462585034013606, 0.43823529411764706, 0.6434977578475336, 0.68]","[0.17721518987341772, 0.5428571428571428, 0.5359712230215827, 0.6949152542372882, 0.4031620553359684]","[np.float64(0.2916666666666667), np.float64(0.6462585034013606), np.float64(0.43823529411764706), np.float64(0.6434977578475336), np.float64(0.68)]"
SVM,7,2,0.9131438579280452,0.5974496900832971,0.8706501538615452,0.40656096997567037,0.39332251711717225,0.468014501196018,0.5551257253384912,0.5292519392172254,"[0.28, 0.40487804878048783, 0.6414141414141414, 0.7706666666666667, 0.2943722943722944]","[0.2, 0.664, 0.39937106918238996, 0.6188436830835118, 0.7640449438202247]","[0.23333333333333334, 0.503030303030303, 0.49224806201550386, 0.6864608076009501, 0.425]","[np.float64(0.2), np.float64(0.664), np.float64(0.39937106918238996), np.float64(0.6188436830835118), np.float64(0.7640449438202247)]"
SVM,8,2,0.9138927561942298,0.5993007627916102,0.8445197510465319,0.3993525952105948,0.39059891316047024,0.45453663136931216,0.5463320463320464,0.5063877769023291,"[0.10204081632653061, 0.47692307692307695, 0.6008064516129032, 0.7737003058103975, 0.30414746543778803]","[0.21739130434782608, 0.5923566878980892, 0.4408284023668639, 0.6009501187648456, 0.6804123711340206]","[0.1388888888888889, 0.5284090909090909, 0.5085324232081911, 0.6764705882352942, 0.42038216560509556]","[np.float64(0.21739130434782608), np.float64(0.5923566878980892), np.float64(0.4408284023668639), np.float64(0.6009501187648456), np.float64(0.6804123711340206)]"
SVM,9,2,0.9173648616932482,0.607367470725301,0.8520469547471492,0.4295551083062953,0.4217170933861072,0.47909947442289447,0.5732057416267943,0.5419994131851021,"[0.11320754716981132, 0.5520361990950227, 0.6398104265402843, 0.7513661202185792, 0.31443298969072164]","[0.3157894736842105, 0.6455026455026455, 0.4383116883116883, 0.625, 0.6853932584269663]","[0.16666666666666666, 0.5951219512195122, 0.5202312138728323, 0.6823821339950372, 0.43109540636042404]","[np.float64(0.3157894736842105), np.float64(0.6455026455026455), np.float64(0.4383116883116883), np.float64(0.625), np.float64(0.6853932584269663)]"
SVM,10,2,0.9155024635777951,0.6040500213112678,0.8556425874018047,0.4111731222970463,0.40158248806162633,0.45312561186779254,0.5521235521235521,0.49488917941277233,"[0.08928571428571429, 0.36619718309859156, 0.7194570135746606, 0.7478260869565218, 0.3582089552238806]","[0.15625, 0.5611510791366906, 0.44537815126050423, 0.645, 0.6666666666666666]","[0.11363636363636363, 0.4431818181818182, 0.5501730103806228, 0.6926174496644295, 0.46601941747572817]","[np.float64(0.15625), np.float64(0.5611510791366906), np.float64(0.44537815126050423), np.float64(0.645), np.float64(0.6666666666666666)]"
SVM,11,3,0.9159585753725178,0.616570082074719,0.8569307314029843,0.37588484383844256,0.36610211953858685,0.43153441224951355,0.5291308500477555,0.48128776388904004,"[0.0967741935483871, 0.3877551020408163, 0.6695278969957081, 0.7046783625730995, 0.3010204081632653]","[0.13636363636363635, 0.5792682926829268, 0.41935483870967744, 0.600997506234414, 0.6704545454545454]","[0.11320754716981132, 0.46454767726161367, 0.515702479338843, 0.648721399730821, 0.4154929577464789]","[np.float64(0.13636363636363635), np.float64(0.5792682926829268), np.float64(0.41935483870967744), np.float64(0.600997506234414), np.float64(0.6704545454545454)]"
SVM,12,3,0.9160902552194126,0.5883813342893847,0.8536226983399429,0.40047853611762046,0.3913261270425029,0.4535347454712898,0.5518913676042677,0.5084375599769688,"[0.09259259259259259, 0.46153846153846156, 0.6635071090047393, 0.7452054794520548, 0.30097087378640774]","[0.23809523809523808, 0.6122448979591837, 0.438871473354232, 0.6071428571428571, 0.6458333333333334]","[0.13333333333333333, 0.5263157894736842, 0.5283018867924528, 0.6691266912669127, 0.4105960264900662]","[np.float64(0.23809523809523808), np.float64(0.6122448979591837), np.float64(0.438871473354232), np.float64(0.6071428571428571), np.float64(0.6458333333333334)]"
SVM,13,3,0.9133866448160648,0.5991631062268439,0.8733513261597352,0.43839190068383804,0.4313595769980013,0.515494635237571,0.5867689357622243,0.5714906976682201,"[0.2894736842105263, 0.47715736040609136, 0.6711111111111111, 0.7570332480818415, 0.3125]","[0.5, 0.6438356164383562, 0.46319018404907975, 0.6621923937360179, 0.5882352941176471]","[0.36666666666666664, 0.5481049562682215, 0.5480943738656987, 0.7064439140811456, 0.40816326530612246]","[np.float64(0.5), np.float64(0.6438356164383562), np.float64(0.46319018404907975), np.float64(0.6621923937360179), np.float64(0.5882352941176471)]"
SVM,14,3,0.9141244562184785,0.5941346818988513,0.863468996905057,0.4135042724833403,0.40275238430933,0.4661563973862871,0.558567279767667,0.5273399327228139,"[0.11764705882352941, 0.5077720207253886, 0.6696428571428571, 0.75, 0.27699530516431925]","[0.21428571428571427, 0.6621621621621622, 0.4601226993865031, 0.5892857142857143, 0.7108433734939759]","[0.1518987341772152, 0.5747800586510264, 0.5454545454545454, 0.66, 0.39864864864864863]","[np.float64(0.21428571428571427), np.float64(0.6621621621621622), np.float64(0.4601226993865031), np.float64(0.5892857142857143), np.float64(0.7108433734939759)]"
SVM,15,3,0.9161599227959993,0.6128079533125618,0.8451665040156169,0.40930255079895045,0.39897747357082713,0.45632903507151107,0.5510204081632653,0.5096794955129441,"[0.1206896551724138, 0.4312796208530806, 0.649746192893401, 0.7796610169491526, 0.31100478468899523]","[0.175, 0.5986842105263158, 0.4025157232704403, 0.641860465116279, 0.7303370786516854]","[0.14285714285714285, 0.5013774104683195, 0.4970873786407767, 0.7040816326530612, 0.436241610738255]","[np.float64(0.175), np.float64(0.5986842105263158), np.float64(0.4025157232704403), np.float64(0.641860465116279), np.float64(0.7303370786516854)]"
SVM,16,4,0.9153745706296512,0.6130497779586919,0.8580230618090283,0.42140968962835784,0.41246044318801045,0.4749117368177669,0.5661835748792271,0.5218515009763237,"[0.16129032258064516, 0.4646017699115044, 0.6422018348623854, 0.752112676056338, 0.33658536585365856]","[0.18518518518518517, 0.6730769230769231, 0.4416403785488959, 0.6123853211009175, 0.696969696969697]","[0.1724137931034483, 0.5497382198952879, 0.5233644859813084, 0.6750948166877371, 0.45394736842105265]","[np.float64(0.18518518518518517), np.float64(0.6730769230769231), np.float64(0.4416403785488959), np.float64(0.6123853211009175), np.float64(0.696969696969697)]"
SVM,17,4,0.9149447069833083,0.6032948857395554,0.8623598752938845,0.439318284699489,0.42962417096536476,0.5011135861279202,0.5784883720930233,0.590081735258206,"[0.17857142857142858, 0.558974358974359, 0.6896551724137931, 0.7534246575342466, 0.29577464788732394]","[0.5555555555555556, 0.6228571428571429, 0.45751633986928103, 0.6221719457013575, 0.6923076923076923]","[0.2702702702702703, 0.5891891891891892, 0.550098231827112, 0.6815365551425031, 0.4144736842105263]","[np.float64(0.5555555555555556), np.float64(0.6228571428571429), np.float64(0.45751633986928103), np.float64(0.6221719457013575), np.float64(0.6923076923076923)]"
SVM,18,4,0.9166640331223597,0.6028279615977304,0.8601006464963191,0.409811883084124,0.39647987751801117,0.46251314937572907,0.5480769230769231,0.5391748141592441,"[0.13043478260869565, 0.45454545454545453, 0.6778846153846154, 0.7710144927536232, 0.2822966507177033]","[0.2647058823529412, 0.6597222222222222, 0.40634005763688763, 0.6086956521739131, 0.7564102564102564]","[0.17475728155339806, 0.5382436260623229, 0.5081081081081081, 0.680306905370844, 0.41114982578397213]","[np.float64(0.2647058823529412), np.float64(0.6597222222222222), np.float64(0.40634005763688763), np.float64(0.6086956521739131), np.float64(0.7564102564102564)]"
SVM,19,4,0.9165049067904508,0.5902841049043606,0.8567065924069881,0.4091212686243309,0.40190115843954577,0.4949348952132164,0.5593056894889104,0.5455548076805639,"[0.28, 0.43333333333333335, 0.6666666666666666, 0.7317073170731707, 0.3192488262910798]","[0.45161290322580644, 0.5342465753424658, 0.4702194357366771, 0.6178489702517163, 0.6538461538461539]","[0.345679012345679, 0.4785276073619632, 0.5514705882352942, 0.6699751861042184, 0.42902208201892744]","[np.float64(0.45161290322580644), np.float64(0.5342465753424658), np.float64(0.4702194357366771), np.float64(0.6178489702517163), np.float64(0.6538461538461539)]"
SVM,20,4,0.9115630478056577,0.6036905691521736,0.8651219137014274,0.4044832596105243,0.39335590138698096,0.4401005808306446,0.5524542829643888,0.49525366449368613,"[0.06666666666666667, 0.3832599118942731, 0.6738197424892703, 0.7705382436260623, 0.30386740331491713]","[0.13043478260869565, 0.6397058823529411, 0.4220430107526882, 0.6445497630331753, 0.6395348837209303]","[0.08823529411764706, 0.4793388429752066, 0.5190082644628099, 0.7019354838709677, 0.41198501872659177]","[np.float64(0.13043478260869565), np.float64(0.6397058823529411), np.float64(0.4220430107526882), np.float64(0.6445497630331753), np.float64(0.6395348837209303)]"
SVM,21,5,0.9167691854463953,0.5965565621330962,0.8513098172348661,0.3702589274112496,0.3629300776914539,0.4555292398114846,0.5282837967401726,0.5100729586529026,"[0.1864406779661017, 0.4473684210526316, 0.6228070175438597, 0.7044198895027625, 0.28431372549019607]","[0.3548387096774194, 0.5483870967741935, 0.4264264264264264, 0.5902777777777778, 0.6304347826086957]","[0.24444444444444444, 0.4927536231884058, 0.5062388591800356, 0.6423173803526449, 0.3918918918918919]","[np.float64(0.3548387096774194), np.float64(0.5483870967741935), np.float64(0.4264264264264264), np.float64(0.5902777777777778), np.float64(0.6304347826086957)]"
SVM,22,5,0.91449063928228,0.5980632104688957,0.8556121577746646,0.4118286276668941,0.39929596124001665,0.4688921469553672,0.5555555555555556,0.541327503723957,"[0.16666666666666666, 0.34536082474226804, 0.6844106463878327, 0.7819314641744548, 0.33014354066985646]","[0.2962962962962963, 0.6504854368932039, 0.47368421052631576, 0.5892018779342723, 0.696969696969697]","[0.21333333333333335, 0.4511784511784512, 0.5598755832037325, 0.6720214190093708, 0.44805194805194803]","[np.float64(0.2962962962962963), np.float64(0.6504854368932039), np.float64(0.47368421052631576), np.float64(0.5892018779342723), np.float64(0.696969696969697)]"
SVM,23,5,0.9130439520558078,0.6034131091161741,0.8633147065377601,0.4118962086543515,0.401554697846509,0.44436859496557873,0.5621359223300971,0.4983919675349912,"[0.04081632653061224, 0.5139664804469274, 0.6543778801843319, 0.7717391304347826, 0.271889400921659]","[0.13333333333333333, 0.575, 0.45806451612903226, 0.6147186147186147, 0.7108433734939759]","[0.0625, 0.5427728613569321, 0.538899430740038, 0.6843373493975904, 0.3933333333333333]","[np.float64(0.13333333333333333), np.float64(0.575), np.float64(0.45806451612903226), np.float64(0.6147186147186147), np.float64(0.7108433734939759)]"
SVM,24,5,0.915852584674273,0.593865653671706,0.8673765982875412,0.42922446571420586,0.41912730663513453,0.49597310197599703,0.5661835748792271,0.5556686626795485,"[0.23636363636363636, 0.45414847161572053, 0.6585365853658537, 0.7670454545454546, 0.32989690721649484]","[0.38235294117647056, 0.6709677419354839, 0.40540540540540543, 0.645933014354067, 0.6736842105263158]","[0.29213483146067415, 0.5416666666666666, 0.5018587360594795, 0.7012987012987013, 0.4429065743944637]","[np.float64(0.38235294117647056), np.float64(0.6709677419354839), np.float64(0.40540540540540543), np.float64(0.645933014354067), np.float64(0.6736842105263158)]"
SVM,25,5,0.9155302975266746,0.6162670505260911,0.8506799480223488,0.40420659493602196,0.39697432923936526,0.4604429406437422,0.5557692307692308,0.5076972347413216,"[0.13636363636363635, 0.4908256880733945, 0.6157635467980296, 0.7446808510638298, 0.3015075376884422]","[0.23076923076923078, 0.5815217391304348, 0.4098360655737705, 0.6422018348623854, 0.6741573033707865]","[0.17142857142857143, 0.5323383084577115, 0.4921259842519685, 0.6896551724137931, 0.4166666666666667]","[np.float64(0.23076923076923078), np.float64(0.5815217391304348), np.float64(0.4098360655737705), np.float64(0.6422018348623854), np.float64(0.6741573033707865)]"
SVM,26,6,0.9170006991069272,0.6046770863669575,0.8495227137355614,0.3747218014769926,0.36829616344256133,0.45549030630166537,0.5290697674418605,0.5019194392978313,"[0.18181818181818182, 0.4358974358974359, 0.5769230769230769, 0.7360703812316716, 0.3140096618357488]","[0.3125, 0.5151515151515151, 0.4205607476635514, 0.6048192771084338, 0.6565656565656566]","[0.22988505747126436, 0.4722222222222222, 0.4864864864864865, 0.6640211640211641, 0.42483660130718953]","[np.float64(0.3125), np.float64(0.5151515151515151), np.float64(0.4205607476635514), np.float64(0.6048192771084338), np.float64(0.6565656565656566)]"
SVM,27,6,0.9167287451448901,0.6046708001171399,0.8512779161182756,0.4000443115414939,0.3914117805895134,0.453102815638838,0.5513565891472868,0.4988109457817327,"[0.14583333333333334, 0.41935483870967744, 0.6415094339622641, 0.7615176151761518, 0.2903225806451613]","[0.18421052631578946, 0.6363636363636364, 0.41975308641975306, 0.6400911161731208, 0.6136363636363636]","[0.16279069767441862, 0.5055555555555555, 0.5074626865671642, 0.6955445544554455, 0.39416058394160586]","[np.float64(0.18421052631578946), np.float64(0.6363636363636364), np.float64(0.41975308641975306), np.float64(0.6400911161731208), np.float64(0.6136363636363636)]"
SVM,28,6,0.9125808049420714,0.6015161408148856,0.8747802616503846,0.4525754650903786,0.4430308085780058,0.5043347644660618,0.588065447545717,0.5609202887089522,"[0.19230769230769232, 0.49743589743589745, 0.6869565217391305, 0.7853107344632768, 0.3269230769230769]","[0.29411764705882354, 0.6510067114093959, 0.49842271293375395, 0.6219239373601789, 0.7391304347826086]","[0.23255813953488372, 0.563953488372093, 0.5776965265082267, 0.6941323345817728, 0.4533333333333333]","[np.float64(0.29411764705882354), np.float64(0.6510067114093959), np.float64(0.49842271293375395), np.float64(0.6219239373601789), np.float64(0.7391304347826086)]"
SVM,29,6,0.9142518109394636,0.593094175362858,0.8587925051367049,0.4378190202642936,0.4246891752092542,0.4553741371165628,0.5741811175337187,0.516925640802695,"[0.0392156862745098, 0.45132743362831856, 0.75, 0.7656675749318801, 0.30526315789473685]","[0.09523809523809523, 0.6580645161290323, 0.425, 0.6627358490566038, 0.7435897435897436]","[0.05555555555555555, 0.5354330708661418, 0.5425531914893617, 0.7104930467762326, 0.43283582089552236]","[np.float64(0.09523809523809523), np.float64(0.6580645161290323), np.float64(0.425), np.float64(0.6627358490566038), np.float64(0.7435897435897436)]"
SVM,30,6,0.9144957526275025,0.6056003422747306,0.8486094832222785,0.3769169924094152,0.3639465805563329,0.4262395025629765,0.5268714011516314,0.5034015620115703,"[0.043478260869565216, 0.46153846153846156, 0.631336405529954, 0.7470238095238095, 0.2782258064516129]","[0.25, 0.6206896551724138, 0.40412979351032446, 0.5590200445434298, 0.6831683168316832]","[0.07407407407407407, 0.5294117647058824, 0.49280575539568344, 0.6394904458598726, 0.3954154727793696]","[np.float64(0.25), np.float64(0.6206896551724138), np.float64(0.40412979351032446), np.float64(0.5590200445434298), np.float64(0.6831683168316832)]"
SVM,31,7,0.9150242743821639,0.6019500095481464,0.8583456199049928,0.4140018214871872,0.40293204733457033,0.47253639662101243,0.553519768563163,0.5475170335072412,"[0.14, 0.4791666666666667, 0.6666666666666666, 0.7491749174917491, 0.291005291005291]","[0.3333333333333333, 0.696969696969697, 0.4521276595744681, 0.5761421319796954, 0.6790123456790124]","[0.19718309859154928, 0.5679012345679012, 0.5388272583201268, 0.6513629842180775, 0.4074074074074074]","[np.float64(0.3333333333333333), np.float64(0.696969696969697), np.float64(0.4521276595744681), np.float64(0.5761421319796954), np.float64(0.6790123456790124)]"
SVM,32,7,0.9141644121429406,0.5847929153376283,0.8611208969216559,0.4335471304323393,0.42281944959545126,0.4634324900431249,0.5706051873198847,0.5176551167534704,"[0.05555555555555555, 0.4541284403669725, 0.6682027649769585, 0.7953890489913544, 0.3463414634146341]","[0.1111111111111111, 0.6428571428571429, 0.44072948328267475, 0.6301369863013698, 0.7634408602150538]","[0.07407407407407407, 0.532258064516129, 0.5311355311355311, 0.7031847133757961, 0.47651006711409394]","[np.float64(0.1111111111111111), np.float64(0.6428571428571429), np.float64(0.44072948328267475), np.float64(0.6301369863013698), np.float64(0.7634408602150538)]"
SVM,33,7,0.9172452271194947,0.6087181606779832,0.8575441435415139,0.3986331857427126,0.39076804661615916,0.46741578891344604,0.54510556621881,0.515058304730298,"[0.18181818181818182, 0.45161290322580644, 0.5825242718446602, 0.7582417582417582, 0.35856573705179284]","[0.32432432432432434, 0.4268292682926829, 0.41379310344827586, 0.6344827586206897, 0.7758620689655172]","[0.23300970873786409, 0.438871473354232, 0.4838709677419355, 0.690863579474343, 0.4904632152588556]","[np.float64(0.32432432432432434), np.float64(0.4268292682926829), np.float64(0.41379310344827586), np.float64(0.6344827586206897), np.float64(0.7758620689655172)]"
SVM,34,7,0.9133304923253827,0.6108606087396005,0.8554208954913444,0.40216627476123845,0.39409835982463903,0.472628829813207,0.5554484088717454,0.5313064995051139,"[0.19642857142857142, 0.49261083743842365, 0.676056338028169, 0.7161458333333334, 0.2541436464088398]","[0.39285714285714285, 0.625, 0.42857142857142855, 0.6351039260969977, 0.575]","[0.2619047619047619, 0.5509641873278237, 0.5245901639344263, 0.6731946144430845, 0.3524904214559387]","[np.float64(0.39285714285714285), np.float64(0.625), np.float64(0.42857142857142855), np.float64(0.6351039260969977), np.float64(0.575)]"
SVM,35,7,0.9153748342861375,0.6067132291053192,0.8566118471718859,0.37941206472298894,0.36802788844621515,0.4472946181768355,0.5419103313840156,0.5137466941231098,"[0.1794871794871795, 0.37185929648241206, 0.6792452830188679, 0.753315649867374, 0.23618090452261306]","[0.35, 0.6491228070175439, 0.43636363636363634, 0.5991561181434599, 0.5340909090909091]","[0.23728813559322035, 0.4728434504792332, 0.5313653136531366, 0.6674500587544065, 0.32752613240418116]","[np.float64(0.35), np.float64(0.6491228070175439), np.float64(0.43636363636363634), np.float64(0.5991561181434599), np.float64(0.5340909090909091)]"
SVM,36,8,0.9171137031548481,0.6221143806090156,0.8423477099022859,0.37550433921083093,0.36728686968000823,0.4365372778516038,0.5284474445515911,0.48030364872991943,"[0.07142857142857142, 0.44206008583690987, 0.5387931034482759, 0.7298136645962733, 0.3738738738738739]","[0.09523809523809523, 0.639751552795031, 0.4032258064516129, 0.5477855477855478, 0.7155172413793104]","[0.08163265306122448, 0.5228426395939086, 0.4612546125461255, 0.625832223701731, 0.4911242603550296]","[np.float64(0.09523809523809523), np.float64(0.639751552795031), np.float64(0.4032258064516129), np.float64(0.5477855477855478), np.float64(0.7155172413793104)]"
SVM,37,8,0.9126126761174461,0.6017826557604151,0.8706139861120809,0.41724313251570133,0.40625851187187245,0.474176529716644,0.5693501454898157,0.5395230946507656,"[0.18181818181818182, 0.4467005076142132, 0.6507177033492823, 0.7838541666666666, 0.27411167512690354]","[0.2962962962962963, 0.6984126984126984, 0.42902208201892744, 0.6310272536687631, 0.6428571428571429]","[0.22535211267605634, 0.544891640866873, 0.5171102661596958, 0.6991869918699187, 0.38434163701067614]","[np.float64(0.2962962962962963), np.float64(0.6984126984126984), np.float64(0.42902208201892744), np.float64(0.6310272536687631), np.float64(0.6428571428571429)]"
SVM,38,8,0.9164105630395725,0.5917481570554595,0.8566749400725302,0.39234541138335444,0.3783244556408596,0.4560997606233208,0.5375722543352601,0.5339992400310231,"[0.21428571428571427, 0.3691588785046729, 0.7064676616915423, 0.7445652173913043, 0.2562814070351759]","[0.34285714285714286, 0.5808823529411765, 0.3817204301075269, 0.6462264150943396, 0.7183098591549296]","[0.26373626373626374, 0.4514285714285714, 0.4956369982547993, 0.6919191919191919, 0.37777777777777777]","[np.float64(0.34285714285714286), np.float64(0.5808823529411765), np.float64(0.3817204301075269), np.float64(0.6462264150943396), np.float64(0.7183098591549296)]"
SVM,39,8,0.9132168341724839,0.5894078445491383,0.8670701981953803,0.4369141228147523,0.4283819662214663,0.49272967271496093,0.5791505791505791,0.557382317885048,"[0.18309859154929578, 0.4418604651162791, 0.7116279069767442, 0.7610389610389611, 0.33678756476683935]","[0.43333333333333335, 0.5277777777777778, 0.45132743362831856, 0.682983682983683, 0.6914893617021277]","[0.25742574257425743, 0.4810126582278481, 0.5523465703971119, 0.7199017199017199, 0.4529616724738676]","[np.float64(0.43333333333333335), np.float64(0.5277777777777778), np.float64(0.45132743362831856), np.float64(0.682983682983683), np.float64(0.6914893617021277)]"
SVM,40,8,0.9149402948572785,0.6014081232340962,0.8627554241717832,0.43817130621071515,0.43065158428280337,0.4668836436832339,0.5763688760806917,0.5053442733282075,"[0.0392156862745098, 0.575, 0.6857142857142857, 0.7418397626112759, 0.3125]","[0.1, 0.6052631578947368, 0.5201238390092879, 0.6024096385542169, 0.6989247311827957]","[0.056338028169014086, 0.5897435897435898, 0.5915492957746479, 0.6648936170212766, 0.4318936877076412]","[np.float64(0.1), np.float64(0.6052631578947368), np.float64(0.5201238390092879), np.float64(0.6024096385542169), np.float64(0.6989247311827957)]"
SVM,41,9,0.916097838431765,0.6069433668863061,0.8555716035967628,0.4254039133473086,0.4160720451145127,0.47031810296698284,0.5642512077294686,0.5148104440572364,"[0.12195121951219512, 0.4847161572052402, 0.6598984771573604, 0.7492957746478873, 0.3380281690140845]","[0.17857142857142858, 0.6607142857142857, 0.40498442367601245, 0.6440677966101694, 0.6857142857142857]","[0.14492753623188406, 0.5591939546599496, 0.5019305019305019, 0.6927083333333334, 0.4528301886792453]","[np.float64(0.17857142857142858), np.float64(0.6607142857142857), np.float64(0.40498442367601245), np.float64(0.6440677966101694), np.float64(0.6857142857142857)]"
SVM,42,9,0.9136409119931453,0.6026619743636371,0.872613036576988,0.4568321506633638,0.4505040782207812,0.49360685014403494,0.5934172313649564,0.5313763787645064,"[0.1111111111111111, 0.4838709677419355, 0.6478260869565218, 0.7837078651685393, 0.40540540540540543]","[0.13513513513513514, 0.6687898089171974, 0.48220064724919093, 0.6564705882352941, 0.7142857142857143]","[0.12195121951219512, 0.5614973262032086, 0.5528756957328386, 0.7144686299615877, 0.5172413793103449]","[np.float64(0.13513513513513514), np.float64(0.6687898089171974), np.float64(0.48220064724919093), np.float64(0.6564705882352941), np.float64(0.7142857142857143)]"
SVM,43,9,0.9142411238912314,0.6017780657103167,0.8634917401043788,0.3950492640034215,0.3841871274123473,0.45218604165010123,0.5430784123910939,0.5173448561078521,"[0.13725490196078433, 0.4144144144144144, 0.638095238095238, 0.7692307692307693, 0.2914572864321608]","[0.25925925925925924, 0.6013071895424836, 0.4024024024024024, 0.6164383561643836, 0.7073170731707317]","[0.1794871794871795, 0.49066666666666664, 0.49355432780847147, 0.6844106463878327, 0.4128113879003559]","[np.float64(0.25925925925925924), np.float64(0.6013071895424836), np.float64(0.4024024024024024), np.float64(0.6164383561643836), np.float64(0.7073170731707317)]"
SVM,44,9,0.9157805480528587,0.600149339624772,0.851594729197615,0.40094218268795,0.3893145545282871,0.4877136887214732,0.5516252390057361,0.5571638564440227,"[0.25, 0.5136612021857924, 0.6891891891891891, 0.706989247311828, 0.24890829694323144]","[0.4166666666666667, 0.6911764705882353, 0.4396551724137931, 0.5831485587583148, 0.6551724137931034]","[0.3125, 0.5893416927899686, 0.5368421052631579, 0.6391251518833536, 0.36075949367088606]","[np.float64(0.4166666666666667), np.float64(0.6911764705882353), np.float64(0.4396551724137931), np.float64(0.5831485587583148), np.float64(0.6551724137931034)]"
SVM,45,9,0.9143650125383351,0.5954075314556818,0.8533999725240127,0.4004539917031545,0.38789043898481457,0.4547325589611472,0.5472972972972973,0.5525028683879898,"[0.1111111111111111, 0.4381443298969072, 0.6545454545454545, 0.7755681818181818, 0.28019323671497587]","[0.4117647058823529, 0.5944055944055944, 0.4114285714285714, 0.610738255033557, 0.7341772151898734]","[0.175, 0.5044510385756676, 0.5052631578947369, 0.6833541927409261, 0.40559440559440557]","[np.float64(0.4117647058823529), np.float64(0.5944055944055944), np.float64(0.4114285714285714), np.float64(0.610738255033557), np.float64(0.7341772151898734)]"
SVM,46,10,0.915712044137029,0.6110993748880842,0.8633588548503075,0.43279960093745007,0.42552508074733664,0.4820431282587099,0.5743440233236151,0.5267977597365633,"[0.13953488372093023, 0.4474885844748858, 0.6597510373443983, 0.7565217391304347, 0.3701657458563536]","[0.18181818181818182, 0.6282051282051282, 0.46355685131195334, 0.6476426799007444, 0.7127659574468085]","[0.15789473684210525, 0.5226666666666666, 0.5445205479452054, 0.6978609625668449, 0.48727272727272725]","[np.float64(0.18181818181818182), np.float64(0.6282051282051282), np.float64(0.46355685131195334), np.float64(0.6476426799007444), np.float64(0.7127659574468085)]"
SVM,47,10,0.9144824979128918,0.6031676114964185,0.8551680087147295,0.41029017668825585,0.3987606934095983,0.4627173350130998,0.5585412667946257,0.5387376064795418,"[0.13953488372093023, 0.47596153846153844, 0.6460176991150443, 0.7815126050420168, 0.25]","[0.3333333333333333, 0.6387096774193548, 0.44242424242424244, 0.6038961038961039, 0.6753246753246753]","[0.19672131147540983, 0.5454545454545454, 0.5251798561151079, 0.6813186813186813, 0.3649122807017544]","[np.float64(0.3333333333333333), np.float64(0.6387096774193548), np.float64(0.44242424242424244), np.float64(0.6038961038961039), np.float64(0.6753246753246753)]"
SVM,48,10,0.9169142264153798,0.6015712064344066,0.8447677180502022,0.40202562310020357,0.39015642799725814,0.4590678082824038,0.5400192864030858,0.5106766642300391,"[0.12195121951219512, 0.5, 0.6108597285067874, 0.7564102564102564, 0.3193916349809886]","[0.17857142857142858, 0.6172839506172839, 0.43548387096774194, 0.5514018691588785, 0.7706422018348624]","[0.14492753623188406, 0.5524861878453039, 0.5084745762711864, 0.6378378378378379, 0.45161290322580644]","[np.float64(0.17857142857142858), np.float64(0.6172839506172839), np.float64(0.43548387096774194), np.float64(0.5514018691588785), np.float64(0.7706422018348624)]"
SVM,49,10,0.9146894129767347,0.6039207380743961,0.8599497630270339,0.3981898135913884,0.385084225297164,0.4606862139930545,0.542110358180058,0.5480321065565249,"[0.15, 0.3827751196172249, 0.6893203883495146, 0.760806916426513, 0.3080568720379147]","[0.42857142857142855, 0.6106870229007634, 0.40804597701149425, 0.6013667425968109, 0.6914893617021277]","[0.2222222222222222, 0.47058823529411764, 0.5126353790613718, 0.6717557251908397, 0.4262295081967213]","[np.float64(0.42857142857142855), np.float64(0.6106870229007634), np.float64(0.40804597701149425), np.float64(0.6013667425968109), np.float64(0.6914893617021277)]"
SVM,50,10,0.9129651867345097,0.5902712716749351,0.8737016427484529,0.4264171244890613,0.4171910269471245,0.48655461865797306,0.5700575815738963,0.5531173401761638,"[0.18666666666666668, 0.48704663212435234, 0.6847290640394089, 0.7610389610389611, 0.2903225806451613]","[0.42424242424242425, 0.6143790849673203, 0.4212121212121212, 0.6628959276018099, 0.6428571428571429]","[0.25925925925925924, 0.5433526011560693, 0.5215759849906192, 0.7085852478839177, 0.4]","[np.float64(0.42424242424242425), np.float64(0.6143790849673203), np.float64(0.4212121212121212), np.float64(0.6628959276018099), np.float64(0.6428571428571429)]"
