Classifier,Fold,Repeat,y_val,y_pred,y_prob
SVM,1,1,"[1, 0, 0, 1, 0, 0, 1, 1, 1, 0, 0, 1, 1, 1, 0, 1, 1, 1, 1, 0, 1, 1, 1, 0, 1, 1, 1, 0, 0, 1, 1, 1, 1, 1, 1, 0, 1, 1, 1, 1, 0, 1, 1, 0, 1, 0, 1, 0, 0, 1, 0, 1, 1, 0, 0, 0, 0, 1, 1, 0, 0, 1, 1, 0, 0, 1, 1, 1, 1, 0, 1, 1, 1, 1, 0, 1, 1, 1, 1, 1, 1, 1, 0, 1, 1, 0, 1, 0, 1, 1, 1, 0, 1, 1, 1, 0, 1, 1, 0, 1, 1, 1, 1, 1, 0, 1, 1, 0, 1, 1, 1, 1, 1, 1, 0, 1, 1, 0, 1, 1, 1, 0, 1, 0, 1, 1, 1, 0, 1, 1, 0, 0, 1, 0, 1, 0, 1, 0, 1, 1, 1, 0, 1, 1]","[0, 0, 1, 1, 1, 0, 1, 1, 1, 0, 0, 1, 1, 1, 0, 1, 0, 0, 1, 0, 0, 1, 0, 0, 1, 1, 1, 0, 0, 1, 1, 0, 1, 1, 0, 0, 1, 1, 0, 1, 0, 1, 0, 1, 1, 0, 1, 0, 0, 1, 0, 1, 1, 0, 0, 1, 0, 1, 1, 0, 0, 1, 1, 0, 0, 1, 0, 1, 1, 0, 1, 1, 1, 1, 0, 0, 1, 1, 0, 1, 1, 1, 0, 1, 1, 0, 1, 0, 1, 1, 1, 0, 1, 1, 1, 0, 1, 1, 1, 1, 1, 0, 1, 1, 1, 1, 1, 1, 1, 1, 0, 1, 1, 1, 1, 1, 1, 0, 1, 1, 1, 0, 1, 0, 1, 1, 1, 1, 1, 1, 0, 0, 1, 0, 1, 0, 1, 0, 1, 0, 1, 0, 0, 1]","[0.2670858457727475, 0.16292612623394778, 0.7871980108940163, 0.9526532220517355, 0.9534285712400639, 0.16671210951006193, 0.9232781638084848, 0.7918854544914139, 0.8895330222527577, 0.3859172866754887, 0.13728423646000373, 0.9267790361042312, 0.9670129504241988, 0.8358641953117572, 0.1733905811608546, 0.9708418439023092, 0.10863103493777039, 0.5307590232595034, 0.8325810924586717, 0.14221650005499872, 0.4591762933412865, 0.9298437328070246, 0.28246983980607215, 0.17183433377750826, 0.9424894222829642, 0.8352207078300382, 0.9724167034858491, 0.17159936719044339, 0.16530389768925538, 0.960429655664574, 0.9569743254969295, 0.18375668891573652, 0.938450830141772, 0.8441019349550921, 0.5, 0.26328295632443444, 0.953182997931923, 0.8483886700065809, 0.4122766953544638, 0.9515229449006485, 0.2160327129740104, 0.9322409515125595, 0.3702771355442831, 0.5939443614533988, 0.8366279898221133, 0.09224590427692571, 0.9619672958855608, 0.1500744089917329, 0.1465214049998891, 0.9540377141497217, 0.20245628446544595, 0.6423740333144392, 0.901566909824721, 0.16967757574535175, 0.07862268284090887, 0.7174693627622744, 0.22235598566910295, 0.8322722579886045, 0.8920152431337646, 0.14011099285907536, 0.27973085591128155, 0.9147796365177604, 0.948444451427397, 0.532726480243268, 0.07725212117398862, 0.9078233588151502, 0.33301506149877247, 0.8850936204889435, 0.9575245660438413, 0.16151103225745156, 0.9079317424346665, 0.9396481349400487, 0.9528272091197556, 0.8315943367092831, 0.16856369724672723, 0.28794381264868163, 0.9501133836444632, 0.9529748384662254, 0.5328740892661213, 0.8737531430303496, 0.9578099422475381, 0.9166156979789168, 0.08847845157829344, 0.9176193764618044, 0.9234243400929665, 0.1478127810501432, 0.9419172827216081, 0.16038491294637702, 0.9460854269907067, 0.9283959379949711, 0.921714246746502, 0.18169044915304394, 0.9658455383124965, 0.8949953339397737, 0.8634001018921389, 0.149081143474465, 0.9065527691172354, 0.9689549649949677, 0.8865945978219465, 0.9559918067614391, 0.9153890345514386, 0.44635180044023115, 0.9226171086460493, 0.698473235286336, 0.9331210479504476, 0.8967228326429572, 0.937510119909594, 0.9311385333350019, 0.841769381024895, 0.9583708620616335, 0.12193895556512717, 0.9385524670303589, 0.9180588062314055, 0.8363528109600675, 0.9083713806173351, 0.9422855737280359, 0.8503497208609034, 0.10349231909360075, 0.5720652860422333, 0.9363407739910448, 0.6683427913120746, 0.10605902606523301, 0.961561280226984, 0.12830636659255126, 0.940126703578092, 0.9169656914592981, 0.7005655860584294, 0.877628713582572, 0.8434125766833026, 0.7766218638050166, 0.1416835261266235, 0.39186402591415215, 0.9307258141676613, 0.21289554142476783, 0.8493070421733128, 0.09168745195849093, 0.9429576445142163, 0.15014358977828973, 0.9591097729055656, 0.4218996249969411, 0.9090600162563921, 0.11260772745927504, 0.0938163753678054, 0.9534904397026369]"
SVM,2,1,"[0, 1, 0, 1, 0, 0, 1, 1, 1, 1, 0, 0, 1, 1, 1, 1, 1, 1, 1, 1, 1, 1, 1, 0, 1, 1, 0, 1, 1, 1, 0, 0, 0, 0, 1, 1, 0, 0, 1, 1, 1, 1, 1, 0, 0, 0, 1, 0, 1, 0, 1, 1, 1, 1, 0, 0, 0, 0, 1, 0, 1, 0, 1, 0, 1, 0, 0, 1, 1, 1, 1, 0, 1, 1, 1, 1, 1, 1, 1, 0, 0, 0, 1, 1, 1, 1, 1, 1, 1, 1, 1, 0, 1, 0, 0, 0, 1, 1, 0, 1, 1, 0, 0, 1, 1, 1, 1, 0, 1, 1, 1, 0, 0, 0, 0, 0, 0, 1, 1, 1, 0, 0, 1, 0, 1, 0, 0, 1, 0, 1, 0, 1, 1, 1, 1, 0, 1, 0, 0, 0, 1, 1, 1]","[1, 1, 1, 1, 0, 0, 1, 1, 1, 1, 1, 0, 1, 1, 1, 1, 0, 1, 1, 1, 1, 0, 1, 0, 0, 1, 0, 1, 1, 0, 0, 0, 0, 0, 1, 1, 0, 0, 1, 1, 1, 1, 1, 0, 0, 1, 1, 0, 1, 1, 1, 0, 1, 1, 0, 0, 0, 0, 1, 0, 0, 0, 1, 0, 1, 0, 0, 1, 1, 1, 0, 0, 1, 0, 1, 1, 0, 1, 1, 0, 0, 0, 1, 1, 1, 1, 1, 1, 1, 0, 1, 1, 0, 0, 0, 0, 1, 0, 0, 0, 1, 0, 1, 1, 1, 0, 1, 1, 1, 1, 1, 0, 1, 1, 0, 0, 1, 1, 1, 1, 0, 0, 1, 0, 1, 1, 0, 1, 0, 1, 0, 1, 1, 0, 1, 0, 0, 0, 1, 0, 1, 1, 1]","[0.8347944331863916, 0.95516313937479, 0.6455585930862184, 0.9601626099754108, 0.19105764303342568, 0.17817464528304183, 0.9192330811431253, 0.9508323464509166, 0.9197475189400043, 0.949690937536593, 0.9606452251656223, 0.16173206350065866, 0.960939065989143, 0.915751788343184, 0.9362912270916337, 0.9430032969703773, 0.44152204741887646, 0.6660033244795102, 0.7870644149180526, 0.8551530223646144, 0.9327877757047018, 0.2565807328511924, 0.9396856704543095, 0.18369261468454473, 0.30042656266245144, 0.8715963054105752, 0.10356157415355662, 0.9423178012511041, 0.9521858006333274, 0.43571961881469307, 0.12257106152598152, 0.136354184798105, 0.15707636369012623, 0.1796713286121304, 0.6315691554170727, 0.969552267541112, 0.515482775125617, 0.173092234912772, 0.9294649500731867, 0.9525122461270082, 0.885661906858504, 0.9455889778118315, 0.9520089708575696, 0.30483913997307527, 0.15533871194597187, 0.8349916128390625, 0.9408944902497848, 0.17973805633058995, 0.9531301009894163, 0.9416077527869198, 0.9519065150278125, 0.11239687919485847, 0.9498055350249275, 0.9106953647774121, 0.20649302669455374, 0.16016263592572919, 0.1877346006369308, 0.3937082709024989, 0.9486055431495712, 0.15545673269053176, 0.239027770308342, 0.16129976820861178, 0.8940469797821669, 0.14769827218523296, 0.6343644860581703, 0.08057510435289976, 0.15419922191544733, 0.9557742267371477, 0.9567090636358697, 0.9781453367747199, 0.4035011314987715, 0.14567842869061537, 0.8734738145365144, 0.18672115210010568, 0.9235422802165473, 0.9599519287431637, 0.2502539720181467, 0.874633582598423, 0.9164201051362654, 0.1603558133010689, 0.39373640102750523, 0.11294363277825423, 0.9420198234793695, 0.93552109719481, 0.8842732284257105, 0.9585876851517224, 0.9677754236702212, 0.9317539954807095, 0.9220425090200456, 0.22421354871687946, 0.9441271201756957, 0.647721380371105, 0.4092303816598449, 0.1700353622471543, 0.22098110098132043, 0.15573206529995043, 0.9602468359637418, 0.4519287414487715, 0.13407408793877593, 0.13969077143907188, 0.750335196210411, 0.14040693892763562, 0.69011704603573, 0.9369503915649217, 0.7432311179054226, 0.4684048111557626, 0.9269200038250598, 0.8795642985884213, 0.8922787818227079, 0.9322111156151618, 0.97699237964852, 0.1454662140338518, 0.753029973209948, 0.9360279000889613, 0.34912699876989395, 0.15749176711043184, 0.6635855813468489, 0.9326967812090835, 0.9678935017534981, 0.9372970069137951, 0.18033990810054334, 0.4346649055749546, 0.7986836986024602, 0.10646602295767266, 0.9425534744756153, 0.860052022285477, 0.2004195655133958, 0.916187928337341, 0.22394087889255818, 0.8865088986595953, 0.2598952895400435, 0.9545472286844573, 0.9701144286671107, 0.5643645372397856, 0.9125481299648741, 0.15630108216716157, 0.17391798845681083, 0.10489938135131112, 0.8839857035588997, 0.550922483825592, 0.9199082364682589, 0.9662489224206637, 0.8324261361653404]"
SVM,3,1,"[0, 1, 1, 0, 1, 1, 1, 1, 1, 0, 0, 0, 0, 0, 1, 1, 1, 0, 0, 1, 1, 1, 1, 1, 1, 1, 1, 1, 1, 1, 0, 0, 0, 0, 1, 0, 0, 1, 1, 1, 1, 1, 1, 1, 0, 0, 1, 1, 1, 0, 0, 0, 0, 0, 0, 0, 0, 1, 0, 1, 1, 1, 1, 0, 1, 1, 0, 1, 1, 0, 1, 1, 1, 1, 0, 1, 1, 1, 1, 0, 1, 0, 0, 1, 0, 1, 1, 1, 0, 0, 1, 1, 1, 1, 0, 1, 0, 0, 1, 1, 1, 1, 1, 1, 0, 1, 1, 1, 0, 1, 1, 1, 0, 1, 0, 1, 0, 1, 0, 1, 1, 0, 1, 1, 1, 1, 0, 0, 0, 0, 0, 0, 1, 1, 0, 1, 1, 1, 1, 0, 1, 1, 0]","[1, 1, 1, 1, 1, 1, 1, 1, 1, 0, 0, 0, 0, 0, 0, 1, 1, 0, 0, 0, 1, 1, 1, 1, 1, 0, 1, 0, 1, 1, 1, 0, 1, 0, 1, 1, 1, 0, 0, 1, 1, 1, 1, 1, 1, 1, 1, 1, 1, 0, 1, 0, 0, 0, 0, 0, 0, 1, 0, 0, 1, 1, 0, 1, 1, 1, 0, 1, 1, 0, 1, 1, 1, 1, 0, 1, 1, 1, 1, 0, 1, 0, 0, 1, 0, 1, 1, 1, 0, 0, 1, 0, 1, 1, 1, 0, 1, 0, 1, 1, 0, 1, 1, 1, 1, 1, 1, 1, 1, 1, 1, 1, 0, 0, 1, 1, 0, 1, 0, 1, 1, 0, 1, 1, 1, 1, 1, 0, 0, 0, 0, 0, 1, 1, 0, 1, 1, 1, 1, 1, 0, 1, 0]","[0.8906190132541932, 0.9301262369243776, 0.7009733330295965, 0.9299653766600172, 0.9381044081830193, 0.8618513377722432, 0.9635188497851725, 0.9181562894597872, 0.9175561322317305, 0.44032668478616266, 0.09767041576728366, 0.14267487313606764, 0.15313516648813044, 0.14523580175265302, 0.1705287945280655, 0.9029616528991204, 0.9277501443761148, 0.1712919277029303, 0.06157918034694642, 0.36245055540723675, 0.8657173708039275, 0.9459818451973965, 0.9295704697507403, 0.945620669150789, 0.9097451178341192, 0.4894797561501322, 0.9191231757455343, 0.5180984805919087, 0.916443954000008, 0.9088952356110533, 0.9193869377696295, 0.1572222078365529, 0.8495347857363412, 0.16813992587255464, 0.8895384297826876, 0.9186825863915864, 0.8443774993035998, 0.5, 0.04868462508357607, 0.8001772853410385, 0.9019193439896269, 0.9077857859130514, 0.9307833171096256, 0.9265843463389212, 0.7491929708953676, 0.7841946739481065, 0.9392037015752905, 0.9442269146770118, 0.6878758564432208, 0.14386270080996735, 0.669351134555347, 0.13881702627533996, 0.1673345094729737, 0.1500817744267494, 0.0788603026739398, 0.1515627196468643, 0.16044429019470977, 0.9369867715415626, 0.1583762295346392, 0.3912163392486563, 0.8630255995256029, 0.95217477685275, 0.4921848710946009, 0.7690241958547633, 0.9523573473130418, 0.8940453841499238, 0.5135697639011944, 0.9307473577499183, 0.9319260109864126, 0.157437485506483, 0.9173183818518107, 0.7145682989606534, 0.9493951042736459, 0.925508525416118, 0.11056077825037465, 0.7851707861235481, 0.906158679663799, 0.9251977939454056, 0.9119278378856563, 0.5503739868937603, 0.926468534833154, 0.4217620328334971, 0.14592988820642394, 0.9206697942337769, 0.2787688651405927, 0.9408684169120273, 0.9451909238723936, 0.9456321094163161, 0.5809756288181902, 0.15403489307687224, 0.9092895462313025, 0.235318305323853, 0.9433513057813868, 0.9423584766827634, 0.8854364661759725, 0.4314682601925224, 0.7369548545299562, 0.1409294661944665, 0.8584870283554887, 0.9064139963653851, 0.15063575716737146, 0.9392077314480176, 0.9449490966992833, 0.8249978128599421, 0.6531841024003041, 0.9546490660091608, 0.9324027379345868, 0.9060764468686677, 0.9080286238962382, 0.9057913969278116, 0.8756812841798063, 0.925407711452484, 0.17312405027992425, 0.44870982602788917, 0.8955061420657648, 0.9386139322705058, 0.21666810543702456, 0.9254137513945807, 0.47505375890943036, 0.9342962722893776, 0.9312025500597252, 0.14252432898892142, 0.9079007223742053, 0.915829720279544, 0.9053563449484733, 0.921354889083034, 0.9369059801066727, 0.08386908032329025, 0.12856309639732602, 0.5558018948983652, 0.1253330007019138, 0.4625120152703563, 0.8704770355482003, 0.9156257753171083, 0.1173833171175614, 0.9158244733895743, 0.9254336302808316, 0.7167266886921775, 0.9185548811303595, 0.7493357061883391, 0.5277012598578015, 0.5966645456209676, 0.14221949691999677]"
SVM,4,1,"[0, 0, 1, 1, 1, 1, 1, 1, 1, 1, 1, 1, 1, 0, 1, 1, 1, 0, 1, 0, 1, 1, 0, 0, 1, 1, 1, 1, 0, 1, 1, 0, 1, 1, 0, 0, 1, 0, 0, 1, 1, 0, 0, 1, 1, 1, 1, 1, 1, 1, 0, 1, 1, 1, 1, 1, 1, 0, 1, 1, 0, 0, 1, 1, 1, 1, 0, 0, 1, 1, 1, 1, 1, 1, 0, 1, 1, 0, 0, 1, 0, 1, 0, 1, 1, 1, 1, 0, 1, 0, 1, 1, 0, 1, 0, 1, 0, 1, 1, 0, 1, 1, 1, 0, 0, 1, 1, 1, 0, 1, 1, 0, 1, 0, 0, 1, 0, 1, 1, 1, 0, 0, 1, 1, 1, 0, 1, 0, 1, 0, 1, 0, 1, 0, 1, 0, 0, 1, 1, 0, 0, 0, 0, 1]","[0, 0, 1, 1, 1, 1, 1, 1, 1, 1, 0, 1, 1, 0, 1, 1, 1, 0, 1, 0, 1, 1, 0, 0, 1, 1, 1, 1, 0, 1, 1, 0, 1, 1, 0, 0, 0, 0, 1, 1, 0, 1, 0, 1, 1, 0, 1, 1, 1, 1, 0, 1, 0, 1, 1, 1, 1, 0, 1, 1, 1, 0, 1, 1, 1, 1, 0, 0, 1, 1, 1, 1, 1, 1, 1, 1, 1, 0, 1, 1, 0, 1, 0, 1, 1, 1, 1, 0, 1, 1, 1, 0, 0, 1, 0, 1, 1, 1, 0, 0, 1, 1, 1, 1, 0, 1, 0, 1, 0, 0, 0, 0, 1, 0, 0, 1, 0, 1, 1, 1, 0, 0, 1, 1, 1, 1, 1, 0, 1, 1, 1, 0, 1, 0, 1, 1, 0, 1, 1, 0, 0, 0, 0, 1]","[0.37325749816578585, 0.16484406918519656, 0.9301505438138913, 0.9552813505884112, 0.9680658578861777, 0.9291308275461533, 0.8211667548420899, 0.855069215538048, 0.9083273643848258, 0.5890903136002094, 0.31699226956281673, 0.9584432730113193, 0.932224081194683, 0.16336616185364128, 0.922705239741039, 0.8976548277815048, 0.9619689095654953, 0.23732830707291866, 0.8557385662450557, 0.15174160242983353, 0.9348823538225304, 0.9352091353992555, 0.19896273683325721, 0.16505166794178971, 0.7883136248245233, 0.9523724072499168, 0.7468868878982066, 0.8414036343710292, 0.15094198186979577, 0.8509962853478299, 0.8698361458955235, 0.510581092683446, 0.9517651171819461, 0.9475734249213397, 0.48127889374240007, 0.4284655015845347, 0.4750064718036301, 0.09734088545301293, 0.8989671797277425, 0.9387423070534902, 0.5, 0.7326788563307902, 0.3453331879420198, 0.8565614668022842, 0.875028628370179, 0.1503149832828594, 0.8397666885318786, 0.9317237934803516, 0.9505243585005417, 0.8306841592838763, 0.17341755065398595, 0.9050448325034458, 0.2866781242630004, 0.8293132982803378, 0.9343210911238835, 0.9600750091050385, 0.9430192058530811, 0.18392227034973613, 0.9684023069854023, 0.892794806189019, 0.878432690508241, 0.11606303639345901, 0.8826729114038582, 0.9396932669161849, 0.8994542087505324, 0.9521462414755847, 0.1001390476259658, 0.16980962232920452, 0.8900496452082094, 0.9419302768893104, 0.9352172961827772, 0.6338851951812622, 0.8180510041296065, 0.8845306892247058, 0.9578476680015136, 0.9142387486715262, 0.9429838861659727, 0.17524294411464522, 0.6967477833337683, 0.9052932083847547, 0.10537431303007683, 0.9192397616456723, 0.14953069258113524, 0.7404033656691317, 0.9537228723035197, 0.795148567835952, 0.8340164871168017, 0.24462493762071816, 0.9184504360684631, 0.9121505266337153, 0.8271395227943493, 0.4190918144318309, 0.15794968461874587, 0.890166413831745, 0.1548210169900893, 0.9283854608890922, 0.9153452321281516, 0.6749191521633827, 0.14493386050256699, 0.13294949069445866, 0.9562296049478815, 0.9187966279092451, 0.9286842976635319, 0.7129145283374481, 0.5333595985234635, 0.6458918581643721, 0.28402522863953134, 0.9328687558130254, 0.17704554324169403, 0.4184988996977732, 0.38203487928433333, 0.1395978736251169, 0.9254339691418128, 0.1400302821135429, 0.32255674389385947, 0.7948920460860582, 0.16345958575586772, 0.9442890232773239, 0.915978858705033, 0.9299969545713154, 0.16690476077339672, 0.17889534204596513, 0.9390200144608851, 0.9606456425420621, 0.9473766285267216, 0.8285872674817547, 0.8263865290286005, 0.08415269297993681, 0.8714945975848448, 0.7670003546151897, 0.7395685244673579, 0.12150580220897916, 0.9358653036862622, 0.19100229199392402, 0.9196199043589068, 0.7172284032210735, 0.1471223302438666, 0.9193588656785275, 0.9122735154240732, 0.15018886276172502, 0.12599179261188123, 0.16833625376610672, 0.2140336474149471, 0.9124831982494488]"
SVM,5,1,"[1, 0, 1, 1, 1, 1, 0, 1, 0, 1, 1, 0, 1, 1, 1, 0, 0, 0, 1, 0, 1, 1, 1, 1, 1, 0, 1, 1, 1, 0, 0, 1, 1, 1, 0, 1, 1, 1, 1, 0, 1, 1, 1, 1, 1, 0, 0, 1, 1, 1, 0, 1, 1, 1, 0, 1, 1, 1, 1, 1, 1, 1, 1, 0, 0, 1, 0, 1, 1, 1, 1, 0, 1, 1, 1, 1, 1, 1, 1, 1, 1, 1, 1, 1, 1, 1, 1, 0, 1, 0, 0, 0, 0, 0, 0, 1, 0, 1, 1, 1, 0, 1, 1, 1, 1, 1, 1, 1, 1, 1, 1, 1, 1, 0, 0, 1, 1, 0, 0, 1, 1, 0, 1, 0, 1, 0, 1, 1, 1, 1, 1, 0, 1, 1, 0, 0, 0, 1, 0, 0, 0, 1, 1]","[1, 1, 1, 0, 1, 1, 0, 1, 1, 1, 1, 0, 1, 1, 1, 0, 0, 0, 1, 0, 1, 1, 1, 1, 1, 0, 1, 1, 1, 0, 1, 1, 1, 1, 0, 1, 1, 1, 1, 0, 1, 1, 1, 1, 1, 0, 1, 1, 0, 1, 0, 1, 1, 1, 0, 1, 0, 1, 1, 1, 1, 0, 1, 1, 0, 0, 0, 0, 1, 1, 0, 0, 0, 1, 1, 1, 1, 1, 1, 1, 1, 1, 1, 1, 1, 1, 1, 0, 1, 0, 0, 0, 0, 0, 0, 1, 1, 1, 1, 1, 0, 1, 1, 1, 1, 1, 1, 1, 1, 0, 1, 1, 1, 0, 1, 1, 1, 0, 0, 0, 1, 0, 1, 1, 1, 0, 0, 1, 1, 1, 1, 1, 1, 1, 1, 0, 1, 1, 0, 0, 0, 1, 1]","[0.9373969843008243, 0.6515654801226697, 0.9117033873799472, 0.19667599851147685, 0.8380462744605648, 0.9355029298838533, 0.12476199227829936, 0.9634675274066142, 0.7861840205306927, 0.7237506869457164, 0.8728008745531705, 0.1479664417464458, 0.952999108367799, 0.9194165450754677, 0.8960858796775364, 0.07752469900052823, 0.36712132182953755, 0.1203386538416935, 0.8009716006960887, 0.14131239982237298, 0.7110298416146303, 0.9079943290970944, 0.9160279267853478, 0.9322543244403994, 0.8695189118700286, 0.1564941474924498, 0.8848123751781267, 0.7795686410299449, 0.9338539831303954, 0.19208056177481353, 0.8314627963093487, 0.919448244571205, 0.9196350523785317, 0.9226280233013645, 0.13285302764008086, 0.9178225998345461, 0.8933098666127378, 0.8795508090133061, 0.8678078136807418, 0.41070586743292714, 0.9143887986974946, 0.9085654557210951, 0.8865317991190077, 0.8808790652147314, 0.9326516988068462, 0.23321945264433255, 0.9046113243193579, 0.8981414153900691, 0.5124513464993755, 0.7986729651763239, 0.23069491947019383, 0.6322865180137935, 0.9529274269113617, 0.5961146539733372, 0.12387205147493675, 0.9076212075788909, 0.5177930052686883, 0.882597841919127, 0.8918907764308835, 0.9013341908359344, 0.8849403500062276, 0.12957520468995257, 0.9267140048761114, 0.6408892267370733, 0.09663376641143331, 0.31011218121249656, 0.38539052722636896, 0.5199531137835339, 0.9332321270839499, 0.8748052630913917, 0.565728133932614, 0.13800568680797726, 0.2198810913645022, 0.9170461263492751, 0.7214528480603705, 0.9400340079840138, 0.9007641887593162, 0.9414623307607352, 0.9124755855227967, 0.9037043927336701, 0.9132708497276543, 0.8806832441313005, 0.9383114812518251, 0.9235084175768141, 0.9413603117469155, 0.8127229856701601, 0.9395094390468266, 0.13688451938003676, 0.9005084088193608, 0.12269280924901134, 0.15927659360433485, 0.14250707005778768, 0.1079921703496054, 0.12511597932051224, 0.13413080806737288, 0.8281375316266453, 0.6017730300960824, 0.8154207162423869, 0.8929181252383896, 0.907368390035155, 0.23160430807871296, 0.8669569818026627, 0.9214274160472478, 0.9375944458574845, 0.9301464051493454, 0.9447406210483367, 0.9098628382733251, 0.831128393255023, 0.7329790406227632, 0.1291898895172131, 0.9139204075923915, 0.8666351873949112, 0.9252000994944831, 0.21334628575824954, 0.5839532411655145, 0.9356972538592575, 0.9242860974443139, 0.17532850448157575, 0.14294197098620864, 0.4037241707644901, 0.9189106780107186, 0.14496840267135133, 0.9505127504999837, 0.6029793525166641, 0.8949486605023184, 0.1642136830664258, 0.5066601719871877, 0.8847508753810805, 0.8935025664960904, 0.920090879562558, 0.9016408778186754, 0.8103728214196273, 0.9437404109244361, 0.9401940872004049, 0.8157564821437332, 0.17309366070896878, 0.7556727534612375, 0.8491804585325978, 0.2864292995315147, 0.1539946887735048, 0.14988772792257793, 0.9237099701810721, 0.9335802066662569]"
SVM,6,2,"[1, 0, 1, 1, 0, 1, 0, 1, 0, 0, 1, 0, 0, 1, 1, 1, 1, 0, 1, 1, 1, 0, 1, 1, 0, 1, 0, 1, 1, 1, 1, 1, 1, 1, 0, 1, 1, 0, 1, 0, 0, 1, 1, 1, 1, 1, 1, 1, 1, 1, 0, 1, 0, 0, 1, 0, 0, 1, 1, 1, 0, 1, 1, 0, 0, 1, 1, 1, 1, 1, 0, 1, 1, 1, 1, 1, 1, 1, 1, 0, 1, 1, 1, 1, 0, 1, 1, 1, 1, 0, 1, 1, 1, 1, 1, 0, 0, 0, 0, 1, 0, 1, 0, 1, 1, 0, 1, 1, 1, 1, 0, 1, 1, 0, 0, 1, 1, 0, 1, 0, 0, 1, 1, 1, 0, 1, 1, 0, 0, 0, 0, 1, 0, 0, 0, 0, 0, 1, 1, 1, 1, 0, 0, 1]","[1, 0, 1, 1, 0, 1, 1, 1, 1, 0, 1, 0, 0, 1, 1, 0, 1, 0, 1, 0, 1, 0, 1, 1, 0, 0, 0, 1, 1, 1, 0, 1, 1, 1, 1, 0, 1, 1, 1, 1, 0, 1, 1, 1, 1, 1, 1, 1, 1, 1, 0, 1, 0, 0, 1, 0, 0, 1, 0, 1, 0, 1, 1, 0, 0, 1, 0, 1, 1, 1, 0, 1, 1, 0, 1, 0, 1, 1, 1, 0, 1, 1, 1, 1, 0, 1, 1, 1, 1, 0, 1, 1, 1, 1, 1, 0, 0, 0, 1, 1, 0, 1, 1, 1, 1, 1, 1, 1, 1, 1, 0, 1, 1, 1, 1, 1, 1, 0, 1, 0, 0, 1, 1, 1, 0, 1, 1, 1, 0, 0, 0, 1, 0, 0, 0, 0, 1, 1, 1, 0, 0, 0, 0, 0]","[0.9241322308805765, 0.19553368191373455, 0.9603366994028851, 0.9592336932524115, 0.20568921186328318, 0.9036702312691605, 0.8208089732154424, 0.9288534556795917, 0.952103782690436, 0.20503979984027562, 0.9072594915138689, 0.5, 0.17863873720403403, 0.9242913405069751, 0.9684870623190033, 0.18128806810261447, 0.8589070308403719, 0.19498930930359817, 0.9440319157476649, 0.5502984672901124, 0.9336190301667516, 0.1748401599128143, 0.9197165853845775, 0.956916067819732, 0.2015229920878939, 0.37103584707399473, 0.1892931952276924, 0.9595363110473726, 0.9323645285746447, 0.9581313553005577, 0.1929949035441504, 0.9282056664677367, 0.9300671810684221, 0.8586401210493425, 0.7895157065672679, 0.5801270555288145, 0.9541343832632606, 0.7143409674529052, 0.9465863869846999, 0.7508461241185072, 0.19886175433429903, 0.8213764330595505, 0.9301006785593054, 0.9100358687801908, 0.934748187884963, 0.6259911136511206, 0.9137297040061467, 0.841920719796393, 0.9536065809768118, 0.8253481304716053, 0.1902004028249957, 0.8942631474787789, 0.19441674229777686, 0.16742246520374632, 0.9668103330480788, 0.10752839721741489, 0.22516283431697673, 0.914283957207831, 0.24837653982957208, 0.8746742010788449, 0.18186308529265804, 0.9099409649220268, 0.9194473400733999, 0.20007582685386552, 0.11243138239387594, 0.8339820185400276, 0.3848393767783897, 0.9512293582243151, 0.9693087173089684, 0.9502571189678299, 0.18839576876295558, 0.9412223931107204, 0.9312360359467108, 0.3891584459262053, 0.9426069323491906, 0.5312636864880553, 0.9559740777562833, 0.8496448602509087, 0.9266549674410172, 0.17185004152589442, 0.9308894993878943, 0.8847298512353851, 0.919122196919745, 0.9243241660861339, 0.36734290844363754, 0.9371330131798824, 0.9025356001480911, 0.9266422580044865, 0.9381299370599505, 0.20700254025371703, 0.9349798907189828, 0.9270967458128379, 0.9137914034607927, 0.6554727732139259, 0.8935683944167399, 0.1814779597209285, 0.18187318132217808, 0.17966747702754837, 0.8092226598664846, 0.9074407410721448, 0.1519723144644576, 0.7428120552897952, 0.9259416508583048, 0.9513160632024977, 0.9182104306576745, 0.9371951452400663, 0.8701563382192103, 0.9069108252619338, 0.8405632255536153, 0.841038719081124, 0.21701451106623096, 0.9511307191752039, 0.9317366334639854, 0.8841819993999172, 0.9088805948209417, 0.9397048661453502, 0.8718793265496662, 0.17781248612363354, 0.7678228424175305, 0.20184096743765242, 0.1491266767440298, 0.7034525072426423, 0.9445966923500484, 0.8972494519009583, 0.20452243994378572, 0.9362333383276765, 0.6585680148154479, 0.8759141123487562, 0.16445725430472038, 0.3966783446002362, 0.38630395166310694, 0.8869825916968537, 0.24439527294630847, 0.14372976840915883, 0.18585547781702347, 0.14017317405526483, 0.8245578870658519, 0.8864166578834264, 0.9539298143458054, 0.45694021857622713, 0.5623129777139388, 0.16488292870993915, 0.18201853519531472, 0.10457337345882499]"
SVM,7,2,"[1, 1, 1, 0, 1, 1, 1, 1, 1, 0, 1, 1, 1, 1, 1, 1, 0, 1, 1, 1, 1, 0, 1, 1, 1, 0, 0, 1, 1, 0, 0, 1, 0, 0, 1, 1, 0, 0, 1, 0, 1, 1, 1, 1, 1, 0, 0, 0, 1, 0, 1, 1, 1, 0, 0, 1, 1, 1, 1, 0, 1, 1, 1, 0, 1, 1, 0, 1, 1, 1, 1, 1, 0, 1, 1, 1, 1, 1, 1, 0, 1, 1, 1, 0, 0, 1, 0, 1, 0, 1, 1, 0, 1, 1, 1, 1, 1, 1, 1, 1, 1, 1, 1, 1, 1, 1, 0, 1, 0, 0, 0, 0, 1, 1, 0, 0, 1, 1, 0, 1, 0, 0, 1, 0, 0, 1, 1, 0, 0, 0, 1, 1, 1, 0, 0, 0, 0, 0, 0, 1, 1, 1, 0, 1]","[1, 1, 1, 0, 1, 1, 1, 1, 1, 0, 0, 1, 1, 1, 1, 1, 0, 1, 1, 0, 1, 0, 1, 0, 1, 0, 0, 1, 1, 0, 0, 0, 0, 0, 1, 1, 0, 0, 1, 0, 1, 0, 1, 1, 1, 0, 0, 0, 1, 1, 1, 1, 1, 0, 0, 1, 1, 1, 1, 1, 1, 1, 0, 0, 1, 1, 0, 1, 1, 1, 0, 1, 0, 1, 1, 1, 1, 1, 1, 0, 1, 1, 1, 0, 0, 1, 0, 1, 0, 1, 1, 1, 1, 1, 1, 0, 1, 1, 1, 1, 1, 1, 1, 1, 1, 1, 1, 1, 0, 0, 0, 0, 1, 1, 0, 0, 1, 1, 0, 1, 0, 1, 1, 1, 1, 1, 1, 0, 0, 0, 1, 1, 0, 0, 1, 0, 0, 0, 0, 1, 0, 1, 0, 1]","[0.9333127299816225, 0.9221532119423934, 0.636615731998706, 0.16632997299091518, 0.8089588957841485, 0.9594246159863796, 0.8968418415815894, 0.9232663115314574, 0.8127409659002279, 0.14050128055440012, 0.5280564949946834, 0.9116116591100419, 0.9164645740709769, 0.9224229785798993, 0.9201105033029342, 0.9488778643702214, 0.15941201711138628, 0.8384449437566253, 0.9048609336635077, 0.2737535282627576, 0.8405489190647957, 0.16045338093544365, 0.9284385106215229, 0.27325740694274375, 0.8727942427742176, 0.18401963546976693, 0.12610139604232629, 0.8426201746456915, 0.9390714700454084, 0.13741943045139318, 0.14492254263767282, 0.4443165645405231, 0.19038580170682715, 0.170901266763045, 0.9376233423306642, 0.9299636577071038, 0.29815329019734627, 0.2161753006698979, 0.9368749431084022, 0.11405049809512063, 0.931695313422914, 0.4695489758431635, 0.9288468168386157, 0.685165417014293, 0.8890182266244657, 0.22383939400731578, 0.18533908056548115, 0.16451876949768093, 0.9288704840672464, 0.6766796200185398, 0.931043287213174, 0.8124693964853233, 0.8599638465431687, 0.16699938197010758, 0.2904038947719054, 0.9382754861105701, 0.9335322842904349, 0.9624191244468976, 0.934804986088829, 0.5957272004258922, 0.9166268736434361, 0.9125499598297485, 0.19293569721927353, 0.1206930455067354, 0.8386136115974052, 0.9135498395008806, 0.1823874295041931, 0.9419251491475432, 0.9260943678051113, 0.7255420800873469, 0.2748599339436581, 0.8872199859895348, 0.10224048303805915, 0.9299607113141242, 0.9193025950640679, 0.9055915344999745, 0.7525803263196009, 0.8996518449971841, 0.9381798298474278, 0.1687046907385529, 0.8924693840656946, 0.9241226163600412, 0.9059970398498639, 0.16655896450915142, 0.1622030718352547, 0.904153001593559, 0.23079934344045405, 0.9288521719830528, 0.1670472424615563, 0.6070632779046917, 0.9455874802938032, 0.7378773351901735, 0.8383702724962595, 0.8955184504615392, 0.9125002478252793, 0.49233670731916107, 0.911500366171981, 0.8791912573405978, 0.8736101891898819, 0.8746871674911745, 0.9156152953992223, 0.9046098711858004, 0.8725377512234682, 0.9622958155217732, 0.8927296993651014, 0.8664083655678677, 0.6926142666448734, 0.7605486570135918, 0.3643147471888465, 0.13400849952210167, 0.19598429662537348, 0.14845793346015904, 0.6107530375702644, 0.8871906767818333, 0.44369158838319045, 0.17692070052102954, 0.9183447525016842, 0.9238238562084744, 0.12486355956432692, 0.919017695031251, 0.13850401977947094, 0.7735295326578479, 0.7925433210578743, 0.8769227143915326, 0.5963561478320657, 0.8376264191452057, 0.7372981687409154, 0.17752807311341703, 0.2673195041504884, 0.17568770280226562, 0.9230653758774277, 0.9081776790510089, 0.16136527733999942, 0.1586968291245832, 0.7250181600893645, 0.14246874757606337, 0.16747000856214767, 0.14867515261394437, 0.41589086319998475, 0.9389924844457873, 0.3776058827230131, 0.8872082102264698, 0.19958314562379925, 0.7928934432155272]"
SVM,8,2,"[1, 0, 0, 1, 0, 1, 1, 1, 1, 1, 1, 0, 0, 1, 1, 0, 1, 1, 0, 1, 1, 1, 1, 1, 1, 1, 1, 1, 0, 1, 0, 0, 1, 1, 0, 0, 1, 0, 1, 0, 0, 1, 1, 1, 1, 0, 1, 1, 1, 0, 1, 0, 1, 1, 0, 1, 0, 1, 1, 0, 1, 0, 0, 1, 0, 0, 0, 0, 1, 0, 0, 1, 0, 0, 1, 1, 1, 0, 0, 1, 1, 1, 1, 1, 1, 1, 1, 1, 1, 0, 1, 1, 0, 1, 1, 0, 1, 1, 0, 1, 1, 0, 1, 0, 1, 1, 1, 0, 1, 1, 1, 1, 0, 1, 1, 0, 1, 1, 0, 0, 1, 1, 0, 1, 1, 0, 1, 0, 0, 1, 1, 0, 0, 1, 1, 1, 1, 1, 0, 1, 1, 0, 1]","[1, 1, 0, 1, 0, 0, 1, 1, 1, 1, 1, 0, 1, 1, 0, 0, 1, 0, 0, 1, 0, 1, 1, 1, 1, 1, 1, 1, 0, 1, 0, 0, 1, 1, 1, 0, 1, 0, 1, 1, 1, 0, 1, 0, 0, 1, 1, 0, 1, 0, 1, 0, 1, 1, 1, 1, 0, 1, 1, 0, 0, 0, 0, 1, 0, 0, 0, 0, 1, 0, 0, 1, 1, 0, 1, 0, 0, 1, 0, 1, 1, 1, 1, 1, 1, 1, 1, 1, 1, 1, 1, 1, 0, 1, 1, 0, 1, 1, 1, 0, 1, 1, 1, 0, 1, 0, 0, 0, 1, 0, 1, 0, 0, 0, 1, 1, 1, 1, 1, 1, 1, 0, 0, 1, 1, 0, 1, 0, 0, 1, 1, 0, 0, 1, 1, 0, 1, 0, 1, 1, 1, 1, 1]","[0.9627399479586096, 0.8682927043286687, 0.23093654173797737, 0.9326823324120005, 0.1600503897969506, 0.28525939685099333, 0.965084299870045, 0.946856632753188, 0.9573090185626761, 0.9336113047181698, 0.9341770879361406, 0.08046342004934713, 0.8166327735782287, 0.919669970430204, 0.24871998250577063, 0.13113667674068424, 0.9658640273042559, 0.07168723322085516, 0.04767987244858151, 0.9318566431145913, 0.37886754834530584, 0.9311074554656935, 0.9609994432813638, 0.9427996388610568, 0.8923525255141495, 0.7344166444098486, 0.923446202382784, 0.914641477167317, 0.1380605212524498, 0.9579811928552298, 0.12674256598287556, 0.13502989942339771, 0.9496181751099719, 0.6083954246644405, 0.9462164418508778, 0.11881303188825489, 0.9392554753263734, 0.33279788868991433, 0.9327067631259802, 0.9263079352789091, 0.9182018467351521, 0.5451053144687229, 0.9512516966116532, 0.2643622353469463, 0.3284479067212984, 0.8866041417265034, 0.9482469165955799, 0.31232426613666614, 0.9175562886495805, 0.38533071408472197, 0.8977587770525984, 0.38909591059819026, 0.9083805446110249, 0.9492210113325531, 0.6561471973990143, 0.8658900160135166, 0.5506439235681578, 0.9463425894543557, 0.9429964512739794, 0.13410468709331982, 0.09631850335561377, 0.12220823063829099, 0.11865715627326785, 0.7157650543103127, 0.13950954781362992, 0.1515633081628282, 0.34007174915792604, 0.13863806876970153, 0.9244127901197651, 0.1331553750045177, 0.13006299199298246, 0.6535989790303737, 0.9161744808337077, 0.13930824455850413, 0.9472307523308168, 0.3687342469824859, 0.2592115024687121, 0.756205741276711, 0.11834418006101666, 0.8826700576931514, 0.9462761078295344, 0.9454654204542696, 0.627541753287139, 0.6043852061035005, 0.7220103092393747, 0.9549872952861753, 0.9458347324102153, 0.8088839346945036, 0.8472600419128137, 0.9580945487138449, 0.9238397103460722, 0.909088011683112, 0.3401076834190722, 0.9348136486540072, 0.925405516587262, 0.5501123918025218, 0.8025533116872701, 0.9343390598330437, 0.9047928930960052, 0.1984758131149438, 0.9473841710437166, 0.7585605774132901, 0.8897604220464621, 0.1368274938997168, 0.962948813558226, 0.3776429732921211, 0.07878188524928602, 0.15239232727721286, 0.8696290788860616, 0.10799177409004038, 0.9286484512424936, 0.13621803240225322, 0.11642368232470245, 0.49409624754266174, 0.8237403180984292, 0.7300961937634588, 0.95379459714572, 0.9502883709504403, 0.9406450307819126, 0.9014859630327926, 0.9222143884291886, 0.1045301877362954, 0.11318928988218331, 0.9510389402522316, 0.9244569792872978, 0.47650145277491535, 0.9245931308976385, 0.06983247347626005, 0.12653165020170637, 0.9328613716024136, 0.929232626721928, 0.10746673110478126, 0.5512044895777095, 0.8872607198814003, 0.923070230365205, 0.42459211611106723, 0.9351659599092869, 0.4393051158857825, 0.849152872805127, 0.8917784652827624, 0.6098056372025459, 0.7895403855377262, 0.9350916323354376]"
SVM,9,2,"[0, 0, 0, 1, 1, 1, 0, 1, 1, 1, 1, 1, 0, 1, 1, 1, 0, 1, 1, 1, 1, 1, 1, 1, 1, 1, 1, 0, 1, 1, 1, 1, 1, 1, 0, 0, 0, 0, 0, 1, 1, 1, 0, 1, 1, 0, 1, 1, 1, 1, 1, 1, 0, 1, 1, 1, 0, 0, 0, 1, 1, 1, 1, 1, 0, 0, 0, 1, 1, 1, 0, 0, 0, 0, 0, 1, 1, 1, 1, 0, 1, 1, 1, 0, 1, 0, 0, 1, 1, 1, 0, 1, 0, 0, 0, 1, 0, 1, 0, 1, 1, 1, 1, 1, 1, 1, 1, 1, 0, 1, 0, 1, 1, 0, 1, 1, 0, 1, 1, 1, 0, 1, 1, 0, 0, 0, 1, 1, 1, 0, 1, 1, 1, 1, 1, 0, 0, 1, 1, 1, 0, 1, 1]","[0, 1, 1, 1, 1, 1, 0, 1, 1, 1, 1, 1, 0, 1, 1, 0, 0, 1, 1, 0, 1, 1, 1, 1, 1, 1, 1, 0, 1, 1, 1, 1, 1, 1, 0, 0, 0, 0, 0, 1, 1, 0, 0, 0, 1, 1, 1, 1, 1, 1, 1, 1, 1, 1, 0, 1, 0, 0, 0, 1, 1, 1, 0, 1, 0, 0, 0, 1, 1, 1, 0, 0, 0, 1, 0, 1, 1, 1, 1, 0, 1, 1, 1, 1, 1, 1, 0, 1, 0, 1, 0, 1, 1, 0, 1, 0, 0, 1, 0, 1, 1, 1, 1, 1, 1, 0, 1, 1, 0, 1, 0, 0, 1, 1, 1, 1, 1, 1, 1, 1, 1, 1, 1, 0, 0, 0, 1, 1, 1, 0, 1, 1, 1, 1, 1, 0, 0, 1, 1, 1, 0, 1, 1]","[0.41080468007556453, 0.675169587467217, 0.9253917107322769, 0.8150838607788091, 0.9365634494630363, 0.817269512643878, 0.5202988377559102, 0.873064986430555, 0.9480168042995203, 0.8236488957212693, 0.9423663916390514, 0.9177813339735311, 0.15253361990253303, 0.8195473108523019, 0.9048052186372124, 0.3914831572158714, 0.19681867824687102, 0.9440626029735507, 0.846807156112266, 0.3316007677869077, 0.8927535679030436, 0.9171447503588108, 0.9319990676802957, 0.916381074257245, 0.9300480161796063, 0.9388940716335712, 0.8265122434857431, 0.13513591955277424, 0.793964623436, 0.8609730487087844, 0.934785075126168, 0.8940671982337204, 0.9606485887793903, 0.9233940947994724, 0.49181268213699325, 0.10635534234455263, 0.4701207677408978, 0.2118501267560072, 0.14383095152419673, 0.6975212328956194, 0.8840332244504875, 0.04920788446625794, 0.13740202462946668, 0.13253759129460466, 0.9145328654472188, 0.7505752883657602, 0.914763277564775, 0.8903704781070549, 0.9159075158417181, 0.8003911342127001, 0.9498013183912041, 0.9277918811866104, 0.6896868896713556, 0.8639727186875509, 0.28016689656361615, 0.8042372502783895, 0.1701337546872973, 0.06836828343673702, 0.0951867225710046, 0.8958435155841998, 0.8251446899534128, 0.9002192076826855, 0.44375357400475735, 0.8795323862577473, 0.4188700119558011, 0.23001056980340215, 0.15392844401103287, 0.882839034770793, 0.9325276873435162, 0.9213309209679144, 0.09859785453211707, 0.16973558932178676, 0.06800777175534349, 0.7715474881099669, 0.09137339287452115, 0.8872380033219577, 0.9479828354552347, 0.8353725335792901, 0.9466505650575062, 0.3372514768967222, 0.900047842671211, 0.893424606843635, 0.9153700662881158, 0.5867544586221672, 0.9022025963422954, 0.9054246208046524, 0.10587092355421639, 0.9486508266254132, 0.19934260992352096, 0.8746246902933696, 0.12974103215903907, 0.9167727000136572, 0.8653918636525149, 0.427483973341433, 0.6893871796963351, 0.5, 0.14970033567133595, 0.918034428912757, 0.161340388419223, 0.872697901202901, 0.9417724152308745, 0.9139932622496567, 0.6738196979972322, 0.9525290502360655, 0.9297769947565712, 0.3550461572355772, 0.9386360869824625, 0.59707249710405, 0.10628888897057207, 0.7885603401068286, 0.413221387079607, 0.44198344275548107, 0.9136131652727381, 0.9216829652277215, 0.9393788541612457, 0.9276397703946707, 0.6295944798062288, 0.9106743781681825, 0.9132940909493931, 0.9159310130939783, 0.6185089471036151, 0.9398111001754906, 0.8986450892196564, 0.2778858748017802, 0.05914723716182399, 0.09004372026048446, 0.8681770489305742, 0.6199301359869794, 0.9112340202872131, 0.18100742513047036, 0.9171647649959098, 0.9605257311864754, 0.9232924370413543, 0.9059395158918072, 0.8711578841172513, 0.08782978242474769, 0.16352382525062212, 0.6852585253815043, 0.9071599081918766, 0.8002762077910983, 0.1436887798753146, 0.9398111786882203, 0.9204502455759201]"
SVM,10,2,"[0, 1, 1, 0, 1, 0, 0, 1, 1, 0, 1, 0, 1, 0, 0, 0, 1, 1, 0, 0, 1, 1, 0, 1, 1, 1, 0, 1, 1, 1, 0, 1, 0, 1, 1, 1, 0, 1, 1, 1, 0, 1, 1, 0, 0, 0, 0, 1, 0, 1, 0, 1, 1, 1, 1, 1, 0, 1, 1, 1, 1, 0, 0, 1, 1, 0, 1, 0, 1, 1, 1, 1, 1, 1, 1, 1, 1, 1, 1, 0, 0, 1, 1, 1, 1, 1, 0, 1, 1, 0, 1, 0, 0, 0, 1, 1, 0, 1, 1, 1, 1, 0, 1, 1, 0, 1, 0, 1, 0, 1, 1, 1, 1, 0, 1, 0, 1, 0, 1, 1, 1, 0, 1, 1, 0, 1, 1, 0, 0, 1, 0, 1, 1, 1, 1, 0, 1, 0, 1, 1, 0, 0, 1]","[1, 0, 1, 1, 1, 0, 0, 1, 1, 0, 1, 0, 1, 0, 0, 0, 0, 1, 0, 0, 1, 1, 0, 1, 1, 1, 0, 0, 1, 1, 1, 1, 0, 1, 1, 1, 0, 1, 1, 1, 1, 1, 1, 0, 1, 0, 0, 1, 0, 0, 0, 1, 1, 0, 1, 1, 0, 1, 1, 0, 1, 0, 0, 1, 1, 0, 0, 0, 1, 1, 0, 1, 1, 1, 1, 0, 1, 1, 1, 0, 0, 1, 1, 1, 1, 1, 0, 1, 1, 0, 0, 0, 0, 0, 1, 1, 0, 0, 1, 0, 1, 1, 1, 1, 0, 1, 0, 1, 1, 1, 0, 1, 1, 0, 1, 0, 1, 0, 1, 1, 1, 1, 0, 1, 0, 1, 1, 1, 0, 1, 0, 1, 1, 1, 1, 1, 1, 0, 1, 1, 1, 0, 1]","[0.9076440390534962, 0.19217881773915, 0.9532123603771764, 0.9507310653723318, 0.9227479432184221, 0.15613090811589483, 0.14440606014285892, 0.8712992168408731, 0.9765795985572742, 0.15663567151615082, 0.6656854964527262, 0.1548908297924133, 0.8830338985925047, 0.10882856247330831, 0.3409051346206331, 0.13770872070762535, 0.4292050111127638, 0.6184043361945696, 0.20597348340791452, 0.14831131913180798, 0.9222029573845933, 0.9405892010942438, 0.14370047824029666, 0.9392985984808879, 0.9735597087607766, 0.8174788495081591, 0.18528361944628982, 0.4376413118819423, 0.7960079404614692, 0.7083732752507601, 0.8001768758544023, 0.9345440629826325, 0.5, 0.9275673490522841, 0.9335927648264133, 0.8547234815183286, 0.09621449638116977, 0.9223094271846278, 0.8722618193005456, 0.905553674833483, 0.9283709606578807, 0.932357573352363, 0.957087592920982, 0.2124884732294591, 0.9191462230618193, 0.16321895516720905, 0.17307297680128353, 0.5925897217518812, 0.17603886879876263, 0.4307416456334973, 0.11389847284442899, 0.9183247037161251, 0.9592174121214659, 0.41689420503920416, 0.9073774932774176, 0.8984594269772597, 0.1613263345609741, 0.9441906096385613, 0.9656335352461214, 0.13422002008129746, 0.9387675644253015, 0.47711135748957223, 0.1661229598038799, 0.891524146084823, 0.9036349093576163, 0.11188532240452112, 0.320480968658311, 0.47797150880576683, 0.9385681637328857, 0.8547093111863174, 0.16705551301079907, 0.9310350506237925, 0.7536659251112274, 0.9283293447253606, 0.919055851662683, 0.45120357304017294, 0.9581443923969322, 0.898712644329324, 0.9216675084820053, 0.149464640013948, 0.14122602766981887, 0.9022966251677528, 0.9572822805427637, 0.9304123168640898, 0.9577023824614777, 0.8154458459096866, 0.2587145608933833, 0.9606376849047256, 0.8630635191299959, 0.1125982761738274, 0.3887351316425394, 0.14661404761828895, 0.10830012728087801, 0.1632675028388799, 0.9483757523989574, 0.9320819138088255, 0.12670876223162367, 0.5291868568751342, 0.8551049145769277, 0.4109338460320899, 0.8377157850644674, 0.6291273519193449, 0.9205290287029734, 0.8221917570059483, 0.17619474527316323, 0.9257463784832276, 0.1374015326082774, 0.872530193505673, 0.8935059297582428, 0.8740185070026675, 0.14877492534235104, 0.8722249026943886, 0.9426022202793961, 0.20435540940672672, 0.9053089479364395, 0.1565785473443845, 0.9420206256367254, 0.16487516279795017, 0.9585605699341084, 0.9642621202034808, 0.9546096980381839, 0.8491275608586091, 0.48391444311709764, 0.9020339864201986, 0.15198532237295223, 0.9670134240591236, 0.9435187853636726, 0.6759468964672272, 0.10495958385022007, 0.9023670457194656, 0.12788100749680145, 0.903697471792696, 0.9611930908008601, 0.8342100026196436, 0.9596282697345856, 0.8140566668798489, 0.9371315141845977, 0.2901707802456993, 0.9181653210533842, 0.9317417753501583, 0.6890298708352794, 0.15624375159721826, 0.9277160114146624]"
SVM,11,3,"[1, 0, 1, 1, 0, 0, 1, 1, 1, 1, 1, 0, 1, 1, 0, 1, 0, 0, 1, 1, 1, 1, 1, 1, 1, 0, 1, 0, 0, 1, 1, 0, 0, 1, 1, 1, 1, 1, 0, 0, 0, 1, 1, 1, 0, 1, 1, 1, 1, 1, 0, 1, 0, 1, 0, 0, 1, 0, 0, 1, 0, 1, 1, 1, 1, 0, 1, 1, 1, 1, 1, 1, 1, 1, 1, 1, 0, 1, 1, 0, 1, 0, 1, 0, 1, 1, 1, 0, 0, 0, 1, 0, 0, 0, 1, 0, 0, 1, 1, 0, 0, 1, 1, 1, 0, 1, 1, 1, 1, 0, 0, 0, 1, 1, 1, 0, 1, 0, 0, 0, 1, 0, 1, 0, 0, 0, 0, 0, 1, 0, 0, 0, 0, 0, 0, 1, 1, 1, 0, 1, 0, 0, 1, 1]","[1, 1, 1, 1, 0, 1, 1, 1, 1, 1, 1, 0, 1, 1, 0, 1, 0, 0, 1, 1, 0, 1, 1, 1, 1, 0, 0, 0, 0, 1, 0, 0, 0, 1, 1, 1, 0, 1, 1, 1, 0, 1, 1, 0, 1, 1, 1, 1, 1, 1, 0, 1, 0, 1, 1, 0, 1, 0, 0, 1, 0, 1, 1, 0, 1, 0, 1, 1, 1, 1, 1, 0, 1, 1, 1, 1, 0, 1, 1, 0, 1, 0, 1, 0, 1, 1, 1, 0, 0, 0, 1, 0, 0, 1, 1, 0, 1, 1, 0, 1, 1, 1, 1, 1, 1, 1, 1, 1, 1, 0, 0, 0, 1, 1, 1, 0, 1, 1, 0, 0, 1, 1, 1, 1, 1, 0, 0, 0, 1, 0, 1, 0, 0, 0, 0, 0, 1, 1, 0, 0, 0, 0, 0, 1]","[0.9575523188741792, 0.9184285954864777, 0.9601595069310009, 0.9629919951785686, 0.1957918452415356, 0.8378871785848888, 0.8280117965531346, 0.9342580655742775, 0.9531123523997695, 0.9234492275548265, 0.9722069004195053, 0.18091262772316108, 0.8628226478413857, 0.9627870790452199, 0.20877444578736012, 0.7704898755280281, 0.17963218210128995, 0.1833740871032925, 0.9499445131158405, 0.8990643929635304, 0.3208152166998987, 0.8779832742990052, 0.8538350906871766, 0.971559402282522, 0.9508149029685923, 0.19322376980196201, 0.48410669309567295, 0.20717690895872207, 0.14677158197495793, 0.948518061686535, 0.4408332674640767, 0.18048026460904135, 0.22607291494451034, 0.8549861785627322, 0.9561544511936126, 0.9181121100650632, 0.4684575986357041, 0.9432196910499876, 0.8583960762324848, 0.8061485348554405, 0.20305071798476831, 0.746562537171668, 0.9249272243554942, 0.5, 0.6609560109285713, 0.9199773214268618, 0.9458791390084131, 0.8544931488916376, 0.9576433397754329, 0.8944277430496647, 0.18944786616159245, 0.9410001237051949, 0.1716755810441416, 0.9616088873699399, 0.6692660003996159, 0.2743572727076786, 0.9219542888720031, 0.20451589553456578, 0.18834586457179356, 0.9324495091440405, 0.19410131493676416, 0.95451711765829, 0.9024995644732137, 0.3279892337241761, 0.9514556932240371, 0.19527742126017766, 0.9581232348548275, 0.9073619238187373, 0.9554338529341153, 0.9463001005801203, 0.9368010784100216, 0.36698839795490723, 0.9574688131452396, 0.9490628463224363, 0.8791498752238671, 0.9505750797584775, 0.11935424789454589, 0.94581013814998, 0.9302793320265369, 0.19372552549859565, 0.8962214481504911, 0.22371197391991737, 0.9397492069215951, 0.3665577055927247, 0.9436047615262012, 0.9339866537214911, 0.9364704243762164, 0.20049214180060201, 0.19657870686238088, 0.19411489475636198, 0.6320645473800182, 0.20304218883292965, 0.18567457839991555, 0.816786424012808, 0.9141862777087602, 0.1506096009363521, 0.76008438705458, 0.9538618581855551, 0.5068424732409736, 0.7758128772878021, 0.9420623981180132, 0.9660579941931522, 0.9091618238770907, 0.9421461106020678, 0.942461835565369, 0.9657338714380219, 0.952080143976008, 0.8962169612046809, 0.7594533835641172, 0.14504213903364588, 0.26452122102550923, 0.18058036526264765, 0.6556511690845296, 0.9121450680574988, 0.9216460180053466, 0.15795447640578006, 0.7489536714869099, 0.8399155185728422, 0.21882421391484158, 0.17611480798159027, 0.9240922848418472, 0.8000289070171533, 0.7626086869460449, 0.8883864714220641, 0.8846335565567708, 0.43149827632415844, 0.2370597415885782, 0.25065463866269966, 0.8670365242196894, 0.19114195722203764, 0.7743580302097095, 0.18965346779978853, 0.1829772583958027, 0.17851980332842388, 0.31770058061542944, 0.5, 0.9544819031949985, 0.9116681530724098, 0.2408613795732938, 0.5378417657249429, 0.14719071341047224, 0.1859066414605471, 0.12015950385309418, 0.8884463508220884]"
SVM,12,3,"[1, 0, 0, 1, 1, 1, 0, 0, 1, 0, 1, 0, 1, 1, 1, 1, 1, 1, 1, 1, 1, 1, 1, 1, 0, 1, 1, 1, 0, 1, 1, 1, 1, 1, 0, 0, 1, 1, 0, 0, 0, 1, 0, 1, 1, 0, 1, 1, 1, 1, 1, 0, 1, 0, 1, 0, 0, 1, 0, 1, 0, 0, 0, 0, 0, 1, 1, 1, 1, 1, 1, 1, 1, 1, 1, 1, 1, 1, 1, 1, 1, 1, 0, 1, 0, 1, 1, 1, 1, 1, 0, 1, 1, 1, 1, 0, 1, 1, 0, 1, 1, 0, 0, 0, 0, 1, 1, 0, 1, 1, 1, 1, 1, 1, 1, 1, 1, 1, 1, 0, 0, 0, 0, 1, 0, 0, 1, 1, 1, 1, 0, 1, 0, 0, 0, 0, 1, 1, 0, 0, 1, 1, 1, 1]","[1, 0, 0, 1, 1, 1, 1, 1, 1, 0, 1, 0, 1, 1, 0, 0, 1, 1, 0, 1, 1, 1, 1, 0, 0, 1, 1, 1, 0, 1, 1, 1, 1, 1, 0, 0, 1, 1, 1, 1, 1, 0, 0, 1, 1, 1, 1, 1, 1, 0, 1, 0, 1, 0, 0, 0, 0, 1, 0, 1, 0, 0, 0, 0, 0, 1, 1, 0, 1, 1, 1, 1, 1, 1, 1, 1, 1, 1, 1, 1, 1, 1, 0, 1, 0, 1, 1, 1, 1, 1, 0, 1, 1, 1, 1, 1, 1, 1, 0, 1, 1, 0, 0, 1, 0, 0, 1, 1, 1, 1, 1, 1, 0, 1, 1, 1, 1, 1, 1, 1, 1, 1, 0, 1, 0, 0, 1, 1, 1, 1, 0, 1, 0, 0, 1, 0, 1, 0, 0, 0, 1, 1, 1, 1]","[0.9642242575953828, 0.4616345268729126, 0.15232084890634176, 0.9271351323041472, 0.8946601268493646, 0.8305007008342848, 0.9584293612583661, 0.9501295715527391, 0.8328568616858302, 0.0901309213766942, 0.9035167626544021, 0.5507851949105311, 0.9622835316447663, 0.9067540643805821, 0.11032175151960204, 0.39804687913115444, 0.8715564333241868, 0.9142091786137304, 0.5459832660613164, 0.9687220597144477, 0.9365304336443255, 0.8661634371177788, 0.8803772584134284, 0.25741207639422714, 0.17259958780778348, 0.9367274594203637, 0.9084138368602731, 0.9496152068576745, 0.13545317934644427, 0.8134341394123795, 0.961144501219272, 0.9124353065544686, 0.9756791746105768, 0.9444395684571149, 0.22722975599027664, 0.4140406744652588, 0.8913254082437978, 0.9636964456797544, 0.8954887953756651, 0.8759578512362916, 0.8509483665638707, 0.47298386360854305, 0.28053025597508274, 0.8554992855008695, 0.924480096777865, 0.9435316645838342, 0.8411016378869204, 0.9573414828259649, 0.9514829561017392, 0.14734147384574017, 0.7337274088492207, 0.24363011492745268, 0.6287462355320715, 0.14925717010169642, 0.5348270066106579, 0.15905185090696605, 0.15630983391881423, 0.9532078334562929, 0.1486611717806708, 0.8835327908072245, 0.2597218915274586, 0.151643589234272, 0.07195667295916043, 0.19790627035672104, 0.06709372801916647, 0.9667657581308015, 0.978803332879022, 0.3095490306921164, 0.85701708972645, 0.9546251735246752, 0.8685460818401991, 0.9479871677512423, 0.9318542353612728, 0.8609383545466662, 0.9113483413416571, 0.9235793750039587, 0.9559301714645128, 0.7489883070876535, 0.9543250143302012, 0.8744517613853101, 0.9142200548006895, 0.920473036126145, 0.14287501677426045, 0.957907574360438, 0.07241571403980539, 0.941739333179545, 0.9460163845097744, 0.9022431660542367, 0.9632651097394679, 0.9572933675527185, 0.3194193359570691, 0.9425027621649441, 0.9601285763599977, 0.8215111926287786, 0.9427778040894574, 0.623346979105685, 0.9316880266478644, 0.8716181123597518, 0.2329397716528169, 0.9627146494634902, 0.9202238285358372, 0.11965862012860246, 0.14240306150783222, 0.8488485162059872, 0.48071766656701204, 0.11165438088015749, 0.9683485618776195, 0.9234367463286711, 0.9377096237816213, 0.9171166300954684, 0.9634909730797309, 0.7535382208770559, 0.5, 0.954379289362604, 0.9125090571988126, 0.9618812076916508, 0.8823365686742702, 0.956666866936505, 0.9092604066941473, 0.8981227884720133, 0.937596315497115, 0.9083506784215979, 0.433534894082788, 0.9719736511806569, 0.1605692762518173, 0.09786895146634657, 0.9714513129430598, 0.941936333010495, 0.9526011577577145, 0.9478622101714917, 0.2900922145641881, 0.865677461650973, 0.24748286748660966, 0.15524705350415588, 0.8251868505199031, 0.09456288125324844, 0.9517466734900528, 0.16492337664365814, 0.14286523869057072, 0.13437211664578655, 0.9320858287493806, 0.9725679382786877, 0.9346873160969135, 0.953737420169369]"
SVM,13,3,"[0, 1, 1, 1, 1, 1, 1, 0, 0, 1, 0, 0, 1, 1, 0, 1, 0, 0, 1, 0, 1, 1, 1, 1, 1, 0, 1, 1, 0, 1, 0, 1, 1, 1, 0, 0, 0, 0, 1, 1, 1, 1, 1, 0, 0, 1, 1, 1, 1, 0, 0, 1, 1, 1, 0, 0, 0, 1, 0, 1, 1, 1, 1, 1, 1, 1, 1, 1, 1, 0, 0, 1, 1, 0, 1, 1, 0, 1, 1, 0, 1, 0, 1, 0, 1, 1, 1, 0, 0, 0, 1, 0, 0, 1, 1, 1, 0, 1, 1, 1, 0, 1, 1, 1, 1, 1, 1, 1, 1, 1, 1, 0, 1, 1, 0, 1, 1, 0, 1, 1, 1, 1, 1, 0, 0, 0, 1, 0, 0, 0, 1, 1, 1, 1, 1, 1, 1, 1, 1, 1, 1, 0, 0]","[0, 1, 1, 1, 1, 1, 1, 0, 0, 1, 1, 0, 1, 0, 0, 1, 0, 0, 1, 0, 1, 0, 1, 1, 1, 0, 0, 1, 0, 1, 0, 1, 0, 1, 1, 0, 1, 0, 1, 0, 1, 1, 1, 0, 0, 1, 1, 1, 0, 1, 1, 1, 1, 1, 0, 0, 0, 1, 0, 1, 1, 1, 1, 1, 1, 0, 1, 1, 1, 0, 0, 1, 1, 0, 1, 1, 0, 1, 1, 0, 1, 0, 1, 0, 1, 1, 1, 1, 0, 0, 0, 0, 0, 1, 0, 1, 1, 1, 1, 0, 0, 1, 1, 1, 1, 1, 1, 1, 1, 1, 1, 1, 1, 1, 1, 1, 1, 0, 1, 1, 1, 0, 1, 0, 0, 1, 1, 0, 0, 0, 0, 1, 1, 1, 1, 1, 1, 1, 1, 1, 1, 1, 1]","[0.15715537211188452, 0.9515862705414448, 0.9066259930545768, 0.9364596533184453, 0.9567663050267721, 0.9179546856102173, 0.9072381093983206, 0.13728640713357732, 0.11531656623673703, 0.8544433948709181, 0.8070545401146793, 0.12759258743177404, 0.6035239331193744, 0.29763428869001246, 0.13885573505708496, 0.911543096453145, 0.119146319973634, 0.10627579062204977, 0.6440863262304725, 0.0736250270213112, 0.9079510647513163, 0.3042368459448996, 0.9152323119571409, 0.9357786969336965, 0.9359636894512343, 0.17528198760573005, 0.42678341953450305, 0.9379242126774472, 0.10685506807686074, 0.760636472340728, 0.12608394835877185, 0.9162042468442592, 0.23472453090374118, 0.6242413200512583, 0.8927509829964417, 0.18016896410476696, 0.8006491709632914, 0.12294029843035638, 0.9114120165465458, 0.4429667337701054, 0.8973202586998962, 0.9321193766077455, 0.7487004552872576, 0.2465992426500489, 0.13544626712653624, 0.9214111228354562, 0.9025956192671782, 0.9080076980228191, 0.127576450958596, 0.6383028880277879, 0.7694126979535767, 0.8736701273056356, 0.9276368268814897, 0.9256142988512855, 0.07344382087977916, 0.156806428237985, 0.12796594496666405, 0.9312764968986975, 0.4909317979964213, 0.8795724204609799, 0.8842258140097365, 0.8937638907175177, 0.6716690595275093, 0.9320716190723035, 0.8523514294130321, 0.5252459285943483, 0.8911859008866785, 0.8997811134591757, 0.8735721449027547, 0.46517864167543227, 0.09917502441483175, 0.9267354321776832, 0.9275085541491487, 0.14202462206761335, 0.679991680378305, 0.9408334492658829, 0.11865930143620688, 0.8975853457952155, 0.8952572757090599, 0.511275151314138, 0.9118587957867116, 0.08392654641777014, 0.9147669485949894, 0.1312179723457311, 0.9449757339245207, 0.9040160182600436, 0.9083647121468449, 0.9049869630839862, 0.11370312380623322, 0.4541096752897887, 0.10708498237973815, 0.11663204889540049, 0.14640717527001165, 0.9370655096182715, 0.4497341202903971, 0.9131205443253386, 0.6058768431846426, 0.627580150306583, 0.7851314395308217, 0.13485468492653507, 0.10479647245076519, 0.9120449763818587, 0.9120152432199806, 0.9163095806461161, 0.8095230445594445, 0.8785947310530228, 0.9258106012807197, 0.920808904868835, 0.8616801703844139, 0.8975479430144324, 0.881485912170561, 0.7841646665227715, 0.9027861835993035, 0.9323928128185791, 0.679919563821756, 0.9254996664107842, 0.9067153999640986, 0.4904572109926157, 0.9219098430515497, 0.9151181975639252, 0.911629413566093, 0.44059012359058586, 0.8864145684984659, 0.12321426583877586, 0.5513944463941318, 0.699389726819403, 0.8933163953382857, 0.1400007567680917, 0.12488063167619032, 0.10592705373479178, 0.5447014298929951, 0.9082764496415029, 0.9241134785903229, 0.9241754287258991, 0.9002298213971194, 0.9055930728864231, 0.9173241509764366, 0.8862739560509749, 0.5632488719852053, 0.9403127998756646, 0.9196757799073058, 0.8274474951410804, 0.7406909334373776]"
SVM,14,3,"[0, 1, 1, 0, 1, 0, 1, 1, 1, 0, 1, 1, 1, 0, 1, 1, 0, 0, 1, 1, 1, 0, 1, 0, 1, 0, 0, 0, 1, 1, 1, 1, 0, 0, 0, 0, 1, 0, 1, 1, 0, 1, 1, 1, 1, 1, 1, 1, 0, 1, 1, 0, 0, 0, 1, 1, 0, 1, 0, 1, 0, 1, 1, 0, 1, 1, 0, 1, 1, 1, 1, 1, 1, 1, 0, 0, 1, 1, 1, 1, 1, 1, 1, 1, 1, 0, 1, 1, 0, 1, 1, 1, 1, 0, 1, 0, 1, 1, 1, 1, 0, 1, 1, 1, 1, 0, 0, 1, 0, 1, 0, 1, 0, 1, 1, 0, 1, 1, 1, 1, 0, 1, 0, 1, 0, 1, 0, 0, 1, 1, 0, 0, 1, 1, 1, 1, 0, 1, 1, 1, 0, 1, 0]","[1, 1, 1, 0, 1, 1, 0, 1, 1, 0, 1, 1, 1, 0, 1, 0, 0, 0, 1, 1, 1, 0, 1, 0, 1, 0, 0, 0, 1, 1, 1, 1, 0, 0, 0, 0, 1, 0, 1, 0, 0, 1, 1, 1, 1, 1, 1, 1, 0, 1, 0, 0, 0, 0, 1, 0, 0, 1, 0, 1, 0, 1, 0, 0, 0, 0, 0, 1, 1, 1, 1, 1, 0, 1, 0, 1, 1, 1, 1, 1, 1, 1, 1, 1, 1, 0, 1, 1, 1, 0, 1, 1, 1, 0, 0, 0, 1, 1, 1, 1, 0, 1, 1, 1, 0, 0, 1, 1, 1, 1, 0, 0, 0, 1, 1, 0, 1, 1, 1, 1, 0, 1, 0, 1, 0, 1, 0, 0, 1, 1, 0, 0, 1, 1, 1, 1, 0, 1, 1, 1, 1, 1, 0]","[0.801814206919077, 0.9102423545671726, 0.9277682021919758, 0.18848403632422664, 0.653769937811861, 0.9088515799830845, 0.16950465718734034, 0.9090893015186796, 0.8148577428649721, 0.13661697115991353, 0.870816261090467, 0.5933332475662344, 0.8949098632679677, 0.15632970815451422, 0.8452215074027817, 0.19777222962599633, 0.3436280173402648, 0.1575280073914102, 0.8137078731682643, 0.8858390864729359, 0.8015660169327741, 0.1964401349461374, 0.7222501885561855, 0.15213271086954488, 0.9316950968494205, 0.1545647094458736, 0.10372159610008516, 0.15914886898881964, 0.9154491035242601, 0.9252666615234111, 0.9173904335588102, 0.9286536125575123, 0.45157685974957856, 0.47862283292220353, 0.14498662538997198, 0.41934942989546986, 0.9309383089001028, 0.08828284786618501, 0.9344017798036749, 0.06998968190246, 0.3071338276056352, 0.9335355869118772, 0.909132564352445, 0.8972974920110484, 0.9343030158137471, 0.891940007156394, 0.9185543279838569, 0.9173648911351515, 0.16752712507179648, 0.9479678521475747, 0.2746555012101656, 0.18454666261540706, 0.18537476564958782, 0.3358330255003084, 0.9535944497444058, 0.44397869846388616, 0.17805716149598264, 0.8325585937322345, 0.16736398391091142, 0.9221415891541799, 0.5344995835453111, 0.9384820945365204, 0.22773564180172562, 0.1592785903649861, 0.5149200453099625, 0.5227408367135816, 0.1599340416052402, 0.8842871571320782, 0.755835152822187, 0.893932767326306, 0.5771375756249326, 0.7937699693185225, 0.2801993804685152, 0.9114632045541969, 0.14982686356875283, 0.6460586852901243, 0.9022564823798807, 0.8989866753184562, 0.916947922237012, 0.7332294551020729, 0.9231726263309754, 0.9182126259237645, 0.9481516121262127, 0.9089840094623209, 0.9387236499125805, 0.14424462682299358, 0.8889695254658682, 0.9363045453575297, 0.9101939055828592, 0.4557678108755313, 0.8482709840058261, 0.9361018182981012, 0.9114952641776639, 0.15309029904495086, 0.3557784937101238, 0.1503762478310068, 0.9323732819774604, 0.8539266495927812, 0.8692833706386403, 0.8657323928313043, 0.5651635930130391, 0.9090436892348351, 0.8701688786235313, 0.876441348058694, 0.35974982793665383, 0.12325728364849177, 0.8529159043895089, 0.8698636935891485, 0.8830605939955966, 0.7579240937398319, 0.36102797240265394, 0.47080804447162966, 0.1624825299838641, 0.8491412711901883, 0.9389200297059643, 0.15388044448763302, 0.9358849938108549, 0.9219778988169485, 0.9152930398855783, 0.7468717464613279, 0.5395038713177255, 0.9363521491135257, 0.16569026503961887, 0.9343671155722456, 0.16765047232030664, 0.9456449223437224, 0.11968912079870701, 0.157931237684135, 0.9591501777689625, 0.7832184497693657, 0.08757284164411573, 0.11085775111921549, 0.8712773631720248, 0.6465586170038221, 0.7526747963977919, 0.812689743406857, 0.12106111494994651, 0.909175098642064, 0.8240776571323016, 0.9458106984792521, 0.794078821893532, 0.6410647576821239, 0.16018246912541295]"
SVM,15,3,"[0, 0, 1, 1, 1, 0, 0, 1, 1, 1, 1, 1, 1, 1, 1, 1, 0, 1, 1, 1, 1, 1, 1, 1, 1, 0, 1, 0, 1, 1, 1, 1, 1, 1, 1, 0, 1, 1, 1, 1, 0, 1, 0, 0, 1, 1, 0, 0, 1, 0, 1, 0, 1, 0, 1, 1, 1, 1, 0, 1, 1, 1, 1, 0, 0, 0, 0, 1, 0, 0, 1, 0, 1, 1, 0, 1, 1, 1, 1, 1, 0, 0, 1, 0, 0, 1, 1, 1, 1, 1, 1, 1, 1, 1, 1, 1, 0, 0, 1, 0, 1, 1, 1, 0, 1, 0, 1, 1, 0, 1, 1, 1, 0, 1, 1, 1, 0, 0, 0, 1, 1, 0, 1, 1, 1, 0, 1, 0, 1, 1, 1, 0, 0, 1, 1, 0, 1, 0, 1, 0, 1, 1, 1]","[0, 1, 0, 1, 1, 0, 0, 1, 1, 1, 1, 1, 1, 1, 1, 1, 0, 1, 0, 1, 1, 1, 1, 1, 1, 0, 1, 1, 1, 1, 1, 1, 1, 0, 1, 0, 1, 1, 1, 1, 0, 1, 0, 1, 0, 1, 0, 0, 0, 0, 1, 0, 1, 0, 1, 1, 1, 0, 0, 1, 1, 1, 0, 1, 0, 1, 1, 0, 0, 0, 0, 0, 1, 1, 0, 0, 1, 1, 0, 1, 1, 0, 1, 0, 0, 1, 1, 1, 1, 1, 1, 1, 1, 0, 0, 1, 0, 0, 0, 0, 1, 0, 1, 0, 1, 0, 0, 1, 0, 1, 1, 0, 0, 0, 1, 1, 0, 0, 0, 1, 1, 0, 1, 1, 1, 1, 1, 0, 1, 1, 1, 1, 0, 1, 1, 0, 1, 0, 1, 0, 1, 0, 1]","[0.43797729618658926, 0.6431195225046771, 0.2810995215113248, 0.9482995925195368, 0.9350621100276036, 0.16453456299950892, 0.4906232248127062, 0.9264852464370501, 0.9472506203664587, 0.9532774747819764, 0.9598808146314909, 0.9366197206362694, 0.9116442814419974, 0.9415386407498931, 0.9366568464843277, 0.935321284921591, 0.06098581589045603, 0.8955034734226626, 0.31524258321193666, 0.9294354103870994, 0.948190192474093, 0.900170986440716, 0.9338790231968378, 0.7930758317240191, 0.9443334846711537, 0.15596048783183117, 0.8369921088761753, 0.8347278647603944, 0.8715675154425999, 0.896289282590192, 0.9296778821019842, 0.9438840375217686, 0.9490800978965166, 0.5320690205453467, 0.9240810465733262, 0.15439138351767098, 0.9097338171375297, 0.890184162345699, 0.8854321192231632, 0.8680190419733772, 0.3893512393255734, 0.9215472519011588, 0.23651995314249127, 0.9126229615996453, 0.4881156794275851, 0.8117714587208299, 0.13550417460433362, 0.21307484381263778, 0.5582920547093569, 0.12113587969783968, 0.7623447165979427, 0.09110472874467936, 0.9135600518610182, 0.07843104688322015, 0.9004443375641955, 0.8896522301768974, 0.8726560355586197, 0.2817075129629528, 0.14181592090180414, 0.9275248140080845, 0.9548563276047551, 0.8548552886641608, 0.13496075842806346, 0.8683313488122425, 0.11091941718380399, 0.7368653848262207, 0.5879563185780333, 0.3919294169900146, 0.12118439873235023, 0.0891274222778833, 0.2807330227752191, 0.2985524087399263, 0.940387368151459, 0.8557187553661744, 0.15553420430646153, 0.18254174061721865, 0.937984823622347, 0.9173959051093575, 0.3965724695900911, 0.9459401330467593, 0.9467534605392887, 0.318319337292816, 0.9217131241899167, 0.12571585036464145, 0.30209592382525485, 0.8933289667776402, 0.783564244177086, 0.8137757952479133, 0.8896652162336885, 0.952693719067893, 0.9482104157694751, 0.8234080395208115, 0.9172887764868568, 0.21777380518399633, 0.48370937901399824, 0.8655134343135478, 0.109236546755561, 0.16386118854764334, 0.2586681450086562, 0.07309782139900621, 0.8381327046769507, 0.3782225681686615, 0.8325298440884112, 0.14844465230069123, 0.7620294831757297, 0.18171890762225856, 0.22527246033575257, 0.922499349064119, 0.12123181090455488, 0.9092968668654137, 0.7240504987698803, 0.09166921015526443, 0.1788934345496761, 0.17615394070567714, 0.9301436191818281, 0.8604220372151059, 0.19359693681668222, 0.1652177003145585, 0.4571034276193344, 0.8973825793811353, 0.9526603457001858, 0.14164220671196096, 0.9217808177048428, 0.8936782384771463, 0.9325029666578097, 0.6258232228177912, 0.9061241364789403, 0.3175903385484254, 0.6594830550151901, 0.9077287542989932, 0.9653005011275443, 0.7408196514468701, 0.15218754907567822, 0.9237044601117976, 0.8339613732208038, 0.2423605950336692, 0.9039823885476452, 0.14670081723724146, 0.8937848028025795, 0.1448848840259957, 0.9278129989143824, 0.2563013632582313, 0.9418107569087993]"
SVM,16,4,"[0, 0, 1, 1, 1, 1, 1, 0, 1, 0, 0, 1, 0, 1, 1, 1, 1, 1, 1, 1, 0, 1, 1, 1, 1, 0, 1, 1, 0, 0, 0, 1, 1, 1, 1, 0, 0, 1, 0, 1, 1, 1, 1, 0, 1, 1, 0, 0, 1, 1, 1, 0, 1, 1, 0, 0, 0, 0, 1, 0, 0, 1, 1, 0, 0, 1, 1, 0, 0, 1, 1, 0, 1, 1, 1, 1, 1, 1, 1, 1, 1, 1, 0, 0, 0, 1, 1, 0, 1, 1, 1, 0, 1, 1, 0, 1, 0, 1, 0, 1, 1, 1, 1, 0, 1, 1, 1, 1, 0, 1, 1, 1, 0, 1, 1, 0, 1, 1, 1, 0, 1, 0, 0, 0, 0, 1, 0, 0, 0, 1, 1, 0, 0, 0, 0, 0, 1, 1, 1, 1, 0, 0, 1, 1]","[0, 0, 1, 0, 1, 1, 1, 0, 1, 1, 0, 1, 0, 1, 1, 0, 1, 0, 1, 0, 0, 1, 0, 0, 0, 0, 1, 0, 0, 0, 0, 1, 1, 0, 1, 1, 0, 1, 0, 1, 1, 1, 1, 1, 0, 1, 1, 0, 1, 1, 1, 0, 1, 1, 0, 0, 0, 0, 1, 1, 0, 1, 1, 0, 0, 1, 1, 0, 0, 0, 0, 0, 1, 0, 1, 1, 1, 0, 0, 1, 1, 1, 0, 0, 0, 1, 1, 0, 1, 1, 1, 0, 1, 1, 0, 0, 0, 1, 0, 1, 1, 0, 1, 1, 1, 1, 1, 1, 1, 1, 1, 1, 1, 1, 1, 0, 0, 1, 1, 0, 1, 1, 0, 0, 1, 1, 1, 0, 0, 1, 1, 0, 0, 1, 0, 0, 1, 0, 1, 1, 0, 0, 0, 1]","[0.3841654425938442, 0.1694800501683122, 0.6437376005401684, 0.39881078324213753, 0.9016954287621217, 0.9056025121196268, 0.9273176021473483, 0.1743944416230543, 0.7890960791027787, 0.7762790715266564, 0.4245389066278544, 0.8712094153313473, 0.15786023196463325, 0.9461132162217402, 0.9683753326510675, 0.5110279669377734, 0.7229757287866733, 0.11951746480019533, 0.8743525745954449, 0.21843415236538685, 0.14675647184278193, 0.8354619111401945, 0.34990819053896194, 0.19013973032334197, 0.2870422579723369, 0.12650108343218058, 0.8672434837596307, 0.3159664554175193, 0.17192957013874094, 0.12612219567787147, 0.149013631894427, 0.9278922902969415, 0.9564222136335087, 0.15419689312731624, 0.9051956077385773, 0.8961306823752069, 0.1706330039926502, 0.6369628586494066, 0.1889942321210259, 0.9468795458883927, 0.9624631391798678, 0.850117468680736, 0.8944775743204072, 0.7643139986123932, 0.421040465979199, 0.949359592628013, 0.6683120185353263, 0.17011291031145628, 0.9169726102934939, 0.8903737293892156, 0.9387658953056827, 0.4848579264802774, 0.8997492667099782, 0.7902281669656177, 0.16577521240472773, 0.1445937660815216, 0.16841290089872712, 0.13719048290830457, 0.9602648904002954, 0.6940355433623292, 0.2022831713051132, 0.8633511927629621, 0.9003929940543269, 0.1686542816221275, 0.24534356338732458, 0.9018854918766261, 0.6425598880450427, 0.5406291461501024, 0.09851885984367179, 0.2986821826545976, 0.3371437125059363, 0.169768360130761, 0.970350048216164, 0.28270050282776704, 0.9515722438880868, 0.8434933866677573, 0.9219121830315283, 0.34591534309255395, 0.5, 0.8266170859551231, 0.9544541054307185, 0.9291847169575446, 0.15500590194004193, 0.09512694799838405, 0.3462707805851502, 0.9341810058689108, 0.9215003049926244, 0.3335435020459074, 0.803504911846169, 0.93091131890805, 0.9013257622441718, 0.18036356294893818, 0.9407131149942913, 0.9274240944961878, 0.26294023846451187, 0.5511091310787735, 0.14094496783625637, 0.8632349038266228, 0.1590364371020542, 0.9299859890037415, 0.628830398905616, 0.10968328439314473, 0.7587509891345742, 0.9068622596358823, 0.9534827313563473, 0.8100469301943749, 0.8915066637000674, 0.8787787536921022, 0.9497805210187432, 0.9398098158911661, 0.8684734213443346, 0.9537550150608628, 0.8809842261189804, 0.9110290721794689, 0.7580811637253821, 0.11488609327542601, 0.5598136891152207, 0.7601615275842881, 0.9411999150696354, 0.17435285462141537, 0.950706366869768, 0.8377134359696793, 0.17440489535333273, 0.23054151644465393, 0.860638180622113, 0.8436266590107461, 0.6128385770199788, 0.14841856824037827, 0.34573970529886894, 0.8422394701441436, 0.9333799154915577, 0.20178969592066082, 0.13990366088567502, 0.737731450630653, 0.16512162741274444, 0.1533341919319457, 0.8899997622178671, 0.44058980533654496, 0.9073144767204544, 0.5938063284457735, 0.12610801703278332, 0.14962992755518545, 0.07621013440510485, 0.8016821229744914]"
SVM,17,4,"[0, 0, 1, 0, 0, 1, 1, 0, 0, 1, 1, 1, 1, 1, 0, 1, 0, 1, 1, 1, 1, 0, 0, 1, 0, 1, 1, 0, 1, 1, 0, 1, 0, 0, 1, 1, 0, 1, 1, 1, 1, 1, 0, 1, 1, 1, 1, 1, 0, 1, 0, 0, 0, 0, 1, 0, 1, 0, 1, 1, 1, 1, 1, 1, 1, 1, 1, 0, 1, 1, 1, 1, 1, 1, 1, 1, 1, 1, 1, 0, 1, 0, 1, 0, 1, 1, 0, 1, 0, 0, 0, 1, 0, 0, 1, 1, 1, 1, 1, 1, 0, 1, 1, 1, 1, 1, 0, 1, 0, 0, 1, 1, 1, 0, 0, 1, 1, 1, 1, 0, 1, 1, 1, 1, 0, 0, 1, 0, 1, 1, 1, 1, 0, 1, 1, 0, 1, 0, 0, 0, 1, 1, 1, 1]","[1, 0, 1, 1, 1, 1, 1, 0, 0, 1, 1, 0, 1, 1, 0, 1, 0, 1, 1, 1, 1, 0, 0, 0, 0, 1, 1, 0, 0, 1, 0, 1, 0, 0, 1, 1, 0, 1, 0, 1, 1, 1, 0, 1, 1, 1, 1, 1, 0, 1, 0, 0, 0, 0, 1, 0, 0, 0, 1, 1, 1, 1, 1, 1, 1, 1, 1, 0, 1, 1, 1, 1, 1, 1, 1, 1, 1, 1, 1, 0, 1, 0, 1, 0, 1, 1, 0, 1, 0, 1, 0, 1, 1, 0, 1, 1, 1, 1, 0, 1, 1, 1, 1, 1, 1, 1, 1, 1, 0, 0, 1, 1, 1, 0, 0, 1, 1, 1, 1, 0, 1, 1, 1, 1, 0, 0, 1, 0, 1, 1, 1, 1, 0, 1, 0, 0, 1, 0, 0, 0, 1, 1, 0, 1]","[0.8394759447755519, 0.1749071488594673, 0.952165208646179, 0.7937861568733109, 0.9312503893968962, 0.9071239366676204, 0.9465089597673559, 0.17194551380400702, 0.1887906612671916, 0.8087568370183094, 0.8613628432592958, 0.5686129211803881, 0.9515768814206413, 0.8929331163672153, 0.16232337508174763, 0.9286393023600352, 0.11733170914594841, 0.916031514713341, 0.9369774820465195, 0.8977957183918259, 0.9441015113481207, 0.1772971258277361, 0.20844289487252138, 0.43512841130780744, 0.1755210670300748, 0.7907920828069864, 0.9483009158142451, 0.143167467030852, 0.4717493795795842, 0.9366861216376571, 0.20068219111725366, 0.9252320658348779, 0.18760307270155077, 0.4242093641633369, 0.9045493047632055, 0.5904552573427865, 0.264299979843062, 0.827306496602938, 0.5379596400777441, 0.8154708854399019, 0.9321000660164324, 0.9394358762045104, 0.11587598823430072, 0.9247203481341965, 0.9306267915160713, 0.9472611810029209, 0.8890084012214583, 0.8777168216861388, 0.15046124841774447, 0.878576031666896, 0.17525559083220266, 0.1932280881309129, 0.17255255816310652, 0.10388754082104187, 0.814511266364228, 0.1769877915074697, 0.31903696123540876, 0.18501438847729376, 0.9365976774954534, 0.8745436123787879, 0.9606251136195911, 0.8448268370963297, 0.9316844717805707, 0.862429456476723, 0.9028495623558442, 0.8809848565481866, 0.9073705046802721, 0.1724764225454933, 0.9235809396212555, 0.9412201426408987, 0.9246317977023388, 0.82810223006622, 0.926535688444246, 0.8800026192813176, 0.8539688039968826, 0.8818059896704801, 0.8870505828895496, 0.8769165614782156, 0.9083483923521019, 0.15970080747562007, 0.9444314886620396, 0.1776637680057958, 0.9253185637853852, 0.30108126899223225, 0.9048068915205639, 0.9031710976488297, 0.17481350006390406, 0.8633937589224275, 0.247691012324663, 0.7873952809416758, 0.13747623295223668, 0.950658194009624, 0.7495367513061616, 0.1856313687275441, 0.878256604935549, 0.9199075630329857, 0.7548878613148969, 0.8636727070291648, 0.550292001102752, 0.9362675497118311, 0.9170227917508784, 0.8910823073365025, 0.8735719691162203, 0.9125048300597794, 0.9000963774044767, 0.861269412685413, 0.7325290350476298, 0.8465210207379782, 0.409471797606887, 0.18461360620353176, 0.9271267761116119, 0.8920738755886212, 0.9480656743591539, 0.4586749978459843, 0.1891678269974969, 0.736138690885012, 0.9206323416750083, 0.9500578958961137, 0.9303473536177042, 0.15799963630779867, 0.9169174092960897, 0.9190320797736061, 0.8728529780161023, 0.8709322989635174, 0.1702262203844671, 0.2956372234050555, 0.9355089696071484, 0.1440568456323227, 0.9170908061592713, 0.9215395244295135, 0.8939746026787304, 0.8735872185735127, 0.12170341910337619, 0.9019772453290693, 0.16705950921396134, 0.15864590904922904, 0.9298550667449591, 0.17237147158420682, 0.13966723563331898, 0.38831198783041565, 0.9489810533809324, 0.9388332307015653, 0.3936756451366554, 0.9314854641976507]"
SVM,18,4,"[0, 0, 1, 1, 0, 1, 0, 1, 1, 1, 1, 1, 1, 0, 1, 1, 1, 1, 0, 0, 1, 0, 1, 0, 1, 0, 1, 1, 1, 1, 1, 1, 1, 0, 0, 1, 0, 1, 1, 0, 0, 0, 1, 1, 1, 1, 1, 1, 0, 0, 0, 1, 0, 0, 1, 1, 0, 1, 1, 0, 0, 1, 1, 0, 1, 1, 1, 1, 0, 1, 1, 1, 1, 1, 1, 1, 1, 1, 0, 1, 0, 1, 1, 0, 1, 1, 1, 1, 0, 0, 1, 1, 1, 1, 1, 0, 1, 0, 0, 0, 0, 1, 1, 1, 0, 1, 1, 1, 1, 1, 1, 1, 1, 1, 0, 0, 1, 0, 1, 0, 0, 1, 1, 0, 1, 1, 0, 1, 0, 0, 0, 1, 0, 1, 1, 0, 1, 1, 0, 0, 0, 1, 1]","[0, 1, 1, 1, 0, 1, 0, 1, 0, 1, 1, 1, 1, 0, 0, 0, 1, 1, 0, 0, 0, 0, 1, 0, 1, 0, 1, 1, 1, 1, 1, 1, 1, 0, 0, 1, 1, 1, 1, 0, 1, 0, 1, 1, 1, 1, 1, 1, 0, 0, 0, 1, 0, 0, 1, 1, 0, 1, 1, 0, 0, 1, 1, 0, 1, 0, 1, 1, 1, 1, 1, 0, 1, 0, 0, 1, 1, 1, 0, 1, 0, 1, 1, 0, 1, 1, 1, 1, 1, 0, 1, 0, 0, 1, 1, 0, 1, 0, 0, 1, 0, 1, 0, 0, 1, 1, 1, 1, 1, 1, 1, 1, 1, 0, 1, 1, 1, 0, 1, 0, 0, 1, 1, 0, 1, 0, 1, 1, 1, 0, 0, 1, 0, 1, 0, 1, 1, 1, 0, 1, 0, 1, 1]","[0.37125610993046115, 0.918129084044824, 0.9304872706610486, 0.9179632172333089, 0.18185592989523408, 0.9656673478022089, 0.18117439952427059, 0.9247107532146741, 0.21509245238472363, 0.8652873607209265, 0.9692050872950732, 0.8257968014874851, 0.9052025624110978, 0.17337566001644236, 0.5780631973026878, 0.49210720271619407, 0.91090925001551, 0.9312350453688342, 0.16879006226671062, 0.09881549786598938, 0.35637301378881653, 0.23591339588362253, 0.9460997505669371, 0.1583014834315383, 0.9298323189388358, 0.19994807844441287, 0.9379990701816787, 0.947966896093702, 0.9318040709781158, 0.9263904572768553, 0.793884017962786, 0.944051296470159, 0.8578316729346723, 0.14763221562343531, 0.4729556062381049, 0.9313783483612413, 0.884057809371807, 0.9443004557080242, 0.9407389003109102, 0.17372863726636792, 0.8497464096044229, 0.398148118357006, 0.916129920975783, 0.9054042534847155, 0.9434822783279789, 0.8564851608220639, 0.9171671578234473, 0.929181551005362, 0.17669208820929272, 0.134019417431315, 0.5777770636029397, 0.7049428111220647, 0.17848827814215837, 0.3803973791760651, 0.9267569233305498, 0.9399747882288546, 0.17056696330706986, 0.9384661896079766, 0.886131944444752, 0.178253105790142, 0.18895464657993152, 0.9709604060075399, 0.947098295104229, 0.1805848305511275, 0.9538273004125144, 0.4220531463835796, 0.9546041390691293, 0.8716564165814789, 0.7087251956811542, 0.9482416902328935, 0.8780047423022151, 0.2147485469497062, 0.9346582756258652, 0.4756038753807052, 0.1645706494064061, 0.9479979165128971, 0.9314575823702298, 0.7513863350149115, 0.12640406846719288, 0.9415530798138024, 0.08525755154387384, 0.9159475253071161, 0.8931697275382544, 0.314472901826757, 0.9346261055372838, 0.9310223381425833, 0.951844325822002, 0.9493306974607494, 0.7188282535814041, 0.1714711786057289, 0.9609533312389865, 0.43128137173460646, 0.13889126453941417, 0.9511356890548348, 0.9134784903200999, 0.174946659513215, 0.9545968299254391, 0.1361214855869359, 0.14801243187457713, 0.8761796661201907, 0.483168884248451, 0.8885473089672702, 0.15031612488734872, 0.4841438039226751, 0.7135634155779841, 0.9257814971730216, 0.951934076051598, 0.9218622916845312, 0.8956292850968036, 0.8595956223312151, 0.7741240149703398, 0.9317828530217993, 0.9661237808759411, 0.12083904730732865, 0.937673490396284, 0.9141155223606399, 0.9228583687141951, 0.546872332537217, 0.9462625979716912, 0.09921677167096904, 0.12409653133271349, 0.9583788440112252, 0.9205769964908236, 0.20287849576850794, 0.9121818719048422, 0.45933726439336, 0.8192559275392222, 0.6939805609608225, 0.8876099870121356, 0.10929423929109873, 0.13368554215478073, 0.7594601454524927, 0.1791348761825965, 0.9385259186380979, 0.5239566247321081, 0.8110161101287829, 0.6051749192342957, 0.8669738528001092, 0.129448707394361, 0.7255182558991721, 0.1704263254109271, 0.9283396353114128, 0.943970350306163]"
SVM,19,4,"[1, 1, 1, 1, 1, 1, 0, 0, 0, 1, 1, 0, 1, 1, 0, 1, 1, 1, 0, 1, 0, 1, 1, 1, 1, 1, 0, 1, 1, 1, 1, 1, 0, 0, 1, 1, 1, 1, 1, 1, 1, 1, 0, 1, 0, 1, 1, 1, 1, 1, 0, 1, 1, 1, 0, 1, 0, 0, 0, 1, 1, 0, 1, 1, 0, 1, 1, 1, 1, 1, 1, 1, 1, 1, 1, 0, 0, 1, 0, 1, 1, 1, 1, 1, 1, 0, 1, 0, 1, 1, 0, 0, 1, 1, 1, 0, 1, 1, 1, 0, 1, 0, 1, 1, 0, 1, 1, 1, 1, 1, 1, 0, 1, 0, 0, 0, 1, 0, 0, 0, 1, 0, 1, 1, 0, 0, 0, 1, 1, 0, 0, 0, 1, 0, 0, 0, 1, 0, 1, 1, 1, 0, 0]","[1, 1, 1, 1, 1, 1, 1, 0, 0, 1, 1, 0, 0, 1, 0, 0, 1, 1, 0, 1, 0, 1, 1, 1, 1, 1, 0, 1, 1, 1, 1, 1, 1, 1, 0, 1, 0, 0, 1, 0, 1, 1, 1, 0, 1, 1, 1, 0, 1, 0, 0, 1, 1, 1, 0, 1, 1, 0, 0, 1, 1, 0, 1, 1, 0, 1, 1, 1, 1, 1, 0, 1, 0, 1, 1, 0, 0, 1, 0, 1, 1, 1, 1, 1, 1, 1, 0, 0, 1, 1, 1, 0, 1, 0, 1, 0, 1, 1, 0, 0, 1, 0, 1, 1, 1, 1, 1, 1, 0, 1, 0, 0, 1, 1, 1, 0, 0, 0, 0, 0, 1, 1, 1, 1, 0, 0, 0, 1, 1, 0, 1, 1, 1, 0, 0, 0, 1, 1, 1, 1, 1, 0, 0]","[0.9469214737744767, 0.9396321647881215, 0.8548833349394726, 0.9481982078297784, 0.9395130698927711, 0.9180196720730371, 0.9474306241983351, 0.1167150390878349, 0.47751276096165945, 0.9690145884734975, 0.8936489142776256, 0.13844539303669443, 0.3437889812742043, 0.9176891953494692, 0.14188454136155096, 0.168666234651235, 0.9375772523882863, 0.9337150022086529, 0.3470519089008955, 0.927572162211306, 0.306362772357263, 0.876712952341203, 0.8984457975759143, 0.8968689532161463, 0.9652219104425594, 0.9533763774348566, 0.12008909536719803, 0.8776583819203235, 0.879876991878952, 0.9365258988593522, 0.704002618888352, 0.9442525744485019, 0.5884623537785955, 0.8062195220258728, 0.43750751514891534, 0.895374745660045, 0.363707191328262, 0.037250149276976334, 0.9225251582667984, 0.5065156399481268, 0.9141717015008232, 0.915820254426914, 0.9435102105570744, 0.1462057832917891, 0.8296497060865132, 0.9229988114996057, 0.6586506712524549, 0.1437614411503759, 0.9420937830531307, 0.2712337236984319, 0.1637202390507775, 0.8349893162737833, 0.9376042462138902, 0.9282307382519742, 0.16313257478760146, 0.9198470997156744, 0.8868020032608792, 0.06009351869597171, 0.11761641815830673, 0.9057062365082252, 0.9438218145908494, 0.07636554012073259, 0.5722652987037546, 0.9114872613674375, 0.15107259673336212, 0.9295381448405133, 0.9205782910183697, 0.9511264605858301, 0.9239403884068463, 0.9460198936444616, 0.4297233759912019, 0.9539212264321469, 0.272229112910889, 0.9192647413295475, 0.95095600121923, 0.15395435690819564, 0.07958279266041389, 0.9268637183966748, 0.11699457547700212, 0.9503766877007808, 0.9571871810489014, 0.9523226091802601, 0.9204165577489399, 0.9162685410060947, 0.9529791556567849, 0.9324408172012775, 0.4839574050913569, 0.1149347040066809, 0.9023939462587032, 0.9345477067776634, 0.9172149983963617, 0.15841305143009224, 0.9519470815276896, 0.20973119851635622, 0.9219085188274764, 0.14719970892845177, 0.9326627657290077, 0.8995884112247364, 0.19585187867966422, 0.15035052429918655, 0.93177142519248, 0.12025882584048894, 0.9457943165165463, 0.81837339589721, 0.675538522419324, 0.8975753651605559, 0.889826886459111, 0.9163101564993472, 0.4618078806503189, 0.9526952416354662, 0.22287393053865212, 0.10232523815452876, 0.9302089454890691, 0.8926132334714088, 0.9121316520033954, 0.1604346812895217, 0.5, 0.1333516266944986, 0.17804559051433907, 0.14768531718986833, 0.9260378872372292, 0.6410616128033492, 0.931474439593456, 0.9254964745144533, 0.1881292624876416, 0.5395952062848384, 0.15300768141345675, 0.9269015476548447, 0.8708079622887696, 0.05936728130428071, 0.7682519267214668, 0.5929447014630336, 0.7947193437896203, 0.465504053918756, 0.10055269836286992, 0.1717475844656836, 0.9646785554998302, 0.7435831845298039, 0.9487178932959625, 0.7273448640544693, 0.916938308715889, 0.15637735258288332, 0.19052466621405595]"
SVM,20,4,"[1, 0, 1, 0, 1, 1, 1, 0, 0, 1, 0, 1, 1, 1, 1, 1, 1, 1, 0, 0, 1, 1, 1, 1, 1, 1, 1, 1, 1, 1, 0, 1, 0, 1, 0, 1, 1, 0, 1, 0, 0, 0, 1, 1, 0, 1, 1, 0, 1, 0, 0, 1, 1, 0, 1, 1, 0, 1, 0, 1, 1, 1, 1, 1, 1, 0, 0, 0, 0, 1, 0, 0, 1, 1, 0, 0, 1, 1, 1, 0, 0, 0, 1, 1, 1, 1, 1, 1, 1, 1, 1, 1, 1, 1, 1, 0, 0, 1, 0, 0, 0, 1, 0, 1, 1, 1, 0, 1, 1, 1, 1, 0, 1, 0, 1, 1, 1, 1, 1, 1, 0, 1, 1, 0, 1, 1, 0, 1, 1, 1, 1, 1, 1, 1, 1, 1, 0, 0, 0, 1, 1, 0, 1]","[1, 1, 1, 1, 1, 1, 1, 0, 0, 1, 0, 1, 1, 1, 1, 1, 1, 1, 0, 0, 1, 1, 1, 1, 1, 1, 1, 1, 1, 1, 0, 1, 1, 1, 0, 1, 1, 0, 1, 0, 1, 0, 1, 1, 0, 1, 1, 1, 1, 0, 1, 1, 1, 0, 1, 1, 0, 0, 0, 1, 0, 1, 1, 0, 1, 0, 0, 1, 0, 0, 0, 0, 1, 1, 0, 0, 1, 1, 1, 1, 1, 0, 1, 1, 1, 1, 1, 1, 1, 1, 1, 1, 1, 0, 1, 0, 0, 1, 0, 0, 0, 0, 1, 0, 1, 1, 0, 1, 1, 1, 1, 0, 1, 0, 0, 1, 1, 1, 1, 1, 0, 1, 1, 0, 1, 1, 0, 1, 1, 1, 1, 1, 1, 1, 1, 1, 1, 0, 0, 1, 1, 1, 1]","[0.9482925699641804, 0.6954292181707623, 0.920747621652826, 0.9261623553674622, 0.9440465851461072, 0.9113959770688533, 0.9294807799712602, 0.13748609296993222, 0.1104867926552779, 0.8562723377913716, 0.12957929552224193, 0.9533345695419133, 0.8948830822382197, 0.8481993190594213, 0.9528185527559101, 0.952766676180529, 0.9242555657547589, 0.8604695878242156, 0.06386580339865054, 0.11397963806143, 0.9100270730389224, 0.9259756750726001, 0.8231448230011745, 0.9236385814283786, 0.6736317364669167, 0.9178472349070712, 0.9288217598380123, 0.8594962569595107, 0.791759083464654, 0.9374861198896508, 0.17168782766676055, 0.8385718360755509, 0.8172394710669432, 0.9312891764696721, 0.4104398348838735, 0.9576504441892428, 0.9359559285301657, 0.13234938129693458, 0.9348031510753696, 0.08905949861154029, 0.9186677902745433, 0.3857867170979954, 0.8955336578367389, 0.8520073280771874, 0.41784406891947307, 0.9384184061780797, 0.9166421482284113, 0.6375569465705033, 0.942192219166089, 0.21389866601925883, 0.915650349882904, 0.9204095748382881, 0.8276911451470266, 0.2177168301081848, 0.7899507577445414, 0.6855065055512352, 0.23072218252905413, 0.510011440123739, 0.09036842660500731, 0.9575345728586658, 0.4854073222014287, 0.9296012323050005, 0.8807015811478429, 0.12187087549008808, 0.9232148434070636, 0.16067681581304186, 0.10892883221386468, 0.6741484953427939, 0.08807022588925471, 0.3323797317198216, 0.41474371732987536, 0.4410362938121513, 0.913965135550005, 0.8526302484829357, 0.15443620199230426, 0.1432899459690881, 0.703744574487163, 0.9140770760154973, 0.7230221572581426, 0.949583497932669, 0.6047470697200622, 0.5247658789998705, 0.9324561489814074, 0.9094543336535154, 0.916510212850808, 0.9312605668583224, 0.806669181894806, 0.8375823615644453, 0.9015965730669012, 0.9501159538482522, 0.9213527837101672, 0.8423292968670795, 0.9402103840786356, 0.23997209185107243, 0.8625602601915565, 0.14414310853881623, 0.13292055448866555, 0.859257626246133, 0.1291703232221023, 0.14996760060119751, 0.07986114994524812, 0.5114186184154396, 0.6958370148807678, 0.4338237450442556, 0.847325154387085, 0.8045294220966758, 0.2478777239642907, 0.9566812854098948, 0.9244879880325022, 0.9358339814481133, 0.9138297209572791, 0.12952122787077366, 0.7804633832401471, 0.3910768568427628, 0.1447672269528921, 0.9108666114752274, 0.8820185775812808, 0.9505701203825749, 0.9337281888248591, 0.9140804437748855, 0.13925106283418362, 0.9283182979903871, 0.9300477578177241, 0.1419211944237616, 0.9055597287787144, 0.8944800882502602, 0.13415894718313856, 0.957081456520199, 0.9378330860657649, 0.9118919965728816, 0.5809842810667726, 0.8979866833135284, 0.9020136581007292, 0.9182068349246439, 0.9547705662616701, 0.8583080562145146, 0.8273390922565188, 0.16096444406736904, 0.23268976116969298, 0.9036228186820563, 0.9211688616845835, 0.8783045620394383, 0.9304375191650675]"
SVM,21,5,"[1, 1, 0, 1, 1, 0, 0, 1, 1, 0, 0, 0, 1, 1, 1, 1, 0, 1, 0, 1, 0, 0, 1, 1, 0, 0, 0, 1, 0, 1, 1, 1, 0, 1, 1, 1, 0, 1, 1, 1, 1, 0, 1, 0, 1, 1, 1, 0, 1, 0, 1, 0, 0, 0, 0, 1, 0, 0, 1, 1, 0, 0, 0, 0, 0, 1, 1, 1, 0, 1, 1, 1, 1, 0, 1, 0, 1, 1, 1, 1, 1, 1, 1, 0, 1, 1, 1, 0, 1, 0, 0, 1, 1, 0, 0, 0, 1, 1, 1, 1, 0, 0, 1, 0, 1, 1, 1, 1, 1, 0, 1, 1, 1, 1, 1, 1, 1, 0, 0, 1, 1, 1, 1, 0, 0, 0, 1, 0, 0, 0, 1, 0, 0, 1, 0, 0, 1, 0, 0, 0, 1, 1, 1, 0]","[1, 1, 0, 1, 1, 0, 1, 1, 1, 1, 0, 0, 1, 1, 0, 1, 0, 1, 0, 0, 0, 0, 1, 1, 0, 0, 0, 1, 0, 1, 1, 1, 0, 1, 1, 1, 1, 0, 1, 1, 1, 0, 1, 1, 1, 1, 1, 0, 1, 0, 1, 0, 0, 0, 0, 1, 0, 1, 1, 1, 0, 0, 0, 0, 1, 1, 0, 1, 0, 1, 1, 0, 1, 0, 1, 0, 1, 1, 1, 0, 1, 1, 1, 0, 1, 1, 1, 0, 1, 0, 0, 1, 1, 0, 0, 0, 0, 1, 1, 1, 0, 0, 1, 1, 1, 0, 1, 1, 1, 1, 1, 0, 1, 1, 1, 1, 1, 0, 0, 0, 1, 1, 1, 0, 0, 1, 1, 1, 1, 0, 1, 0, 0, 1, 0, 0, 1, 0, 0, 1, 1, 1, 0, 0]","[0.9528197509698922, 0.9235283704405411, 0.2015463863929425, 0.9595875908467024, 0.960448299780559, 0.2145320805665086, 0.789546054733067, 0.7920063372131085, 0.9205798969710542, 0.9485652272582745, 0.4524110844313721, 0.19540875239754024, 0.9242563479467959, 0.9733104071097061, 0.18244778628807085, 0.8465812405970602, 0.21970056479641462, 0.9747209422961584, 0.2069372099308787, 0.5421264408188233, 0.18526726823901754, 0.2024934671644187, 0.9256382347052523, 0.8029705457175873, 0.161941244567122, 0.15573169910131487, 0.18697709850456176, 0.9747655216462647, 0.2003074316688973, 0.7718791640333714, 0.951934898366489, 0.8606735644192239, 0.17914105371682568, 0.9613748736793295, 0.9533460896644731, 0.8512775759750937, 0.8202086182009846, 0.4084479514490483, 0.7945873056623722, 0.9055430268905714, 0.9179728958180304, 0.520614692235499, 0.7912798033233807, 0.7159878968444732, 0.8115238359258427, 0.9163107976846154, 0.9614320521902087, 0.2036757756345742, 0.9491010692184447, 0.2707160814196145, 0.885982572136514, 0.19102701941622968, 0.20121211152195045, 0.17973021515889048, 0.19876716050391083, 0.9407901384920229, 0.13308070822859006, 0.6976445754681385, 0.8194774231750085, 0.9081962998015305, 0.18959410348367403, 0.19473603286210808, 0.13017018627254354, 0.2348019663210759, 0.6620965662422889, 0.9070728193880014, 0.35108500492135947, 0.8772202870240222, 0.20300016400940768, 0.9702090169365469, 0.9268977413178691, 0.17016504696582824, 0.9466177670478911, 0.19697231351367914, 0.8921118809632191, 0.19992197000757891, 0.9647301924394249, 0.9641451090966927, 0.7748638579811813, 0.4835938473853113, 0.8751497179555724, 0.8965328170474233, 0.9435084197964319, 0.39545934949535455, 0.7560335240406989, 0.9448837314067227, 0.9472451758067852, 0.19848839611786706, 0.9533396759168095, 0.2193352801205505, 0.27406740707887545, 0.945759765484529, 0.927945409911744, 0.18153979820819388, 0.22090019284569828, 0.18895298748860195, 0.5788221125637423, 0.9601189257597816, 0.90776314473862, 0.9522377146845126, 0.17038220534844936, 0.1671662364325792, 0.7004730246916305, 0.8051173452060859, 0.9064623624396982, 0.42142613131819007, 0.9003139960840874, 0.9188510746278249, 0.9138401509987223, 0.9371009481501399, 0.8636639378960618, 0.39672511249187237, 0.9373473439084329, 0.8740094665611403, 0.9110603247560398, 0.8405304567285744, 0.7187665058821244, 0.21641673736795802, 0.17482992023782176, 0.556105820425038, 0.9399423320428355, 0.897235964471348, 0.914674054754707, 0.1716950422580652, 0.14369254755444952, 0.8191013290228027, 0.9252170573763666, 0.776405361900291, 0.8611822003965174, 0.29856684749438217, 0.7426447311674972, 0.1744073904656336, 0.2943907553627783, 0.8464714843838069, 0.1988954743282785, 0.15450401453104126, 0.9464337081726222, 0.2067628522067241, 0.1627994822729136, 0.793916997371191, 0.8870070561963147, 0.8945721740281201, 0.5620105709758633, 0.17852170164784897]"
SVM,22,5,"[0, 1, 0, 1, 0, 1, 1, 1, 1, 0, 0, 0, 1, 1, 1, 1, 1, 0, 1, 1, 1, 1, 1, 1, 1, 1, 1, 0, 0, 0, 0, 0, 1, 0, 0, 0, 0, 0, 0, 1, 0, 1, 0, 0, 0, 1, 0, 0, 1, 1, 1, 0, 1, 0, 1, 1, 0, 1, 0, 0, 1, 1, 1, 1, 1, 1, 1, 0, 1, 1, 1, 1, 1, 0, 1, 1, 1, 1, 1, 0, 0, 1, 0, 0, 1, 1, 1, 1, 1, 0, 0, 0, 0, 0, 0, 1, 1, 0, 1, 1, 1, 1, 0, 1, 1, 1, 1, 1, 1, 1, 1, 0, 0, 1, 1, 0, 0, 1, 1, 0, 0, 1, 1, 1, 1, 1, 1, 0, 1, 1, 1, 0, 1, 1, 1, 1, 0, 0, 1, 1, 1, 1, 0, 1]","[1, 1, 0, 1, 0, 0, 1, 1, 1, 1, 0, 0, 1, 1, 1, 1, 0, 0, 1, 1, 1, 1, 1, 1, 0, 1, 1, 0, 0, 0, 0, 0, 1, 0, 1, 0, 0, 0, 1, 1, 0, 0, 0, 1, 0, 1, 0, 0, 0, 1, 1, 0, 1, 0, 1, 0, 0, 1, 0, 0, 1, 1, 1, 1, 1, 1, 1, 0, 1, 1, 1, 1, 1, 0, 1, 1, 0, 1, 1, 0, 0, 1, 1, 0, 1, 1, 0, 1, 1, 0, 0, 1, 1, 0, 0, 0, 1, 1, 1, 1, 1, 0, 0, 1, 1, 1, 0, 1, 1, 1, 1, 1, 0, 1, 1, 0, 0, 1, 1, 0, 0, 1, 1, 1, 1, 1, 1, 0, 1, 1, 1, 0, 1, 0, 1, 0, 0, 0, 1, 0, 1, 1, 0, 0]","[0.8888176413420683, 0.9100769155680554, 0.19587719239258394, 0.6411896780619206, 0.1742970437092769, 0.30755442786805215, 0.9345738346431293, 0.9180299413268423, 0.9233644291194851, 0.9345424289321936, 0.19537213209394527, 0.12964913213791157, 0.9520965425499905, 0.9243768821069643, 0.9330146958376916, 0.6622390312370257, 0.13628029259811134, 0.09003501545900536, 0.8085940191282616, 0.8675331983119382, 0.8430398935839808, 0.9363215728732867, 0.940449872788084, 0.8764093296142248, 0.36338200902086815, 0.9125551798596655, 0.9094983046389505, 0.13392372626970495, 0.19692195161331247, 0.18021350873000924, 0.13189295196245285, 0.1406665796388467, 0.9372270423982596, 0.1953590296608557, 0.7991279010406279, 0.17239309334287214, 0.24774821456825794, 0.4040617484690858, 0.8715961881895306, 0.9327061453197923, 0.3286177305508976, 0.46815619295853894, 0.23850305508080574, 0.7068461786068111, 0.1813352031333709, 0.8527551602084809, 0.10516943178946946, 0.16776988914239716, 0.1581481103126598, 0.6984675683895679, 0.7889513143244683, 0.3431318948967628, 0.9388541676282622, 0.1757581863949657, 0.8829274963751708, 0.31221256465486963, 0.20516473687389572, 0.6510777838361436, 0.1739480117681551, 0.08589999520962578, 0.9368285621654457, 0.8637145828114998, 0.9476441645128156, 0.935835480750374, 0.8784526757680545, 0.9016453465927816, 0.9152445415816071, 0.11050733024202226, 0.9260171492083427, 0.8549815139247757, 0.9251582229666302, 0.9188521217066354, 0.9299414801247181, 0.13353405905284538, 0.9297052394673453, 0.9294583676195909, 0.2835993391300637, 0.9385632706731066, 0.9030749350813596, 0.07597342181342225, 0.34315586942729687, 0.9212169626317998, 0.6822942759266803, 0.5558616284353954, 0.9079473505091532, 0.91974900981322, 0.24175812480778233, 0.9430953696026873, 0.8304091149424766, 0.16143359721913986, 0.27767065741702834, 0.7003905735422261, 0.90353600857442, 0.22957434820766912, 0.16559540533159492, 0.5597488841157798, 0.9523771532128041, 0.8877953883967991, 0.9388924137128637, 0.9352940785482168, 0.8458219214836871, 0.17768946546895373, 0.15190702423033586, 0.9200526495412717, 0.6832786469527549, 0.8739909364398041, 0.2757204468409147, 0.9017390560711037, 0.9636393475056096, 0.9230718693405846, 0.8445128858592331, 0.7583542128468912, 0.3993438682972727, 0.8941245451795689, 0.9524455807942487, 0.1823263121088745, 0.11167737233457371, 0.9293993924841899, 0.9242482510261892, 0.19902604966035062, 0.16660267770384712, 0.9004142291457339, 0.8938803760949595, 0.6542323552269445, 0.8469583335115605, 0.6681476039278338, 0.8760086086081792, 0.1671996053630421, 0.8456321287389792, 0.9087303991526792, 0.9337433265648379, 0.2546534448756824, 0.9403618716718333, 0.5769460311685163, 0.933452967366524, 0.4949050206274214, 0.15333197998890086, 0.11401400069392685, 0.9588975138576922, 0.484635061443219, 0.9386417878038479, 0.9362062427939842, 0.21478188978411586, 0.11527187123765859]"
SVM,23,5,"[1, 0, 1, 0, 1, 1, 1, 1, 0, 1, 0, 1, 0, 1, 1, 1, 1, 1, 1, 1, 1, 0, 0, 1, 1, 1, 1, 1, 1, 1, 0, 1, 1, 1, 1, 1, 0, 1, 1, 1, 0, 0, 1, 0, 1, 1, 1, 1, 0, 1, 0, 0, 1, 0, 1, 0, 1, 0, 1, 0, 1, 0, 1, 1, 1, 1, 1, 1, 1, 1, 0, 1, 0, 1, 1, 1, 1, 1, 0, 1, 1, 0, 1, 0, 1, 0, 1, 0, 1, 1, 1, 0, 1, 1, 1, 0, 0, 1, 0, 0, 0, 1, 0, 1, 1, 0, 0, 1, 0, 1, 1, 1, 1, 1, 0, 0, 0, 0, 0, 1, 1, 1, 0, 1, 1, 1, 0, 0, 0, 0, 0, 0, 1, 0, 0, 1, 0, 1, 0, 1, 1, 1, 1]","[1, 0, 1, 1, 1, 1, 1, 1, 0, 1, 1, 1, 0, 1, 1, 0, 0, 1, 1, 1, 0, 0, 0, 1, 1, 1, 1, 1, 0, 1, 0, 1, 1, 1, 1, 1, 0, 1, 1, 0, 0, 1, 1, 0, 1, 1, 0, 1, 1, 1, 0, 0, 1, 0, 0, 0, 1, 0, 1, 0, 1, 0, 1, 1, 1, 0, 1, 1, 1, 1, 0, 1, 0, 1, 1, 1, 1, 1, 0, 1, 1, 0, 1, 0, 1, 0, 1, 1, 1, 0, 0, 0, 1, 1, 0, 1, 0, 0, 0, 0, 1, 1, 1, 1, 1, 1, 0, 1, 1, 1, 1, 1, 1, 1, 0, 0, 0, 0, 0, 1, 1, 1, 0, 1, 1, 1, 0, 1, 1, 0, 0, 0, 1, 0, 1, 1, 0, 1, 1, 1, 1, 1, 1]","[0.9398043483424179, 0.43218209544632785, 0.9152973477256574, 0.9072724300719738, 0.9382985182948786, 0.9197067798881652, 0.9083050933688196, 0.8259275361733336, 0.14627802865391948, 0.9656441897923576, 0.8425872460295758, 0.90655099261877, 0.17603535990566452, 0.902542976149998, 0.9343287974916862, 0.43852744594295306, 0.4766202444897013, 0.8054766614016464, 0.9012215678201801, 0.9323746155971832, 0.4458485618912862, 0.22492460286760574, 0.13561651876793968, 0.910112313681586, 0.9368004666316637, 0.9351183027647699, 0.9319520189172387, 0.9220486517640307, 0.3353180775731005, 0.7579203365844583, 0.173802416912561, 0.6673500700800378, 0.943955147577721, 0.9201299983025175, 0.6638091195353147, 0.9155253330329038, 0.5446060636032121, 0.8908949874628418, 0.9405523514713757, 0.03636787801897283, 0.15173743422602953, 0.8577366145972212, 0.9245936998502471, 0.33661129260589717, 0.9144665383410512, 0.9317976928431154, 0.40387341232607055, 0.9006022029726395, 0.6643999682787476, 0.9228270973717051, 0.22059644022553954, 0.15923267800339383, 0.9456769246974072, 0.1335899625335765, 0.27037337016368607, 0.16507452417333193, 0.9289653387672573, 0.17145879736734737, 0.9165359832828824, 0.15131423642111408, 0.9131227940683828, 0.2533307372511905, 0.9248825359460141, 0.9318032321771271, 0.9625227296961693, 0.5771230606940605, 0.9059705695934163, 0.9158149825583852, 0.9120988108436059, 0.9399469763783036, 0.5136999360364516, 0.6013986301713676, 0.10619349577260423, 0.9234520501397921, 0.6741114425501213, 0.9442405305173279, 0.785622025371697, 0.8940214851987228, 0.16453333292365924, 0.9323261912250058, 0.9118404649399209, 0.08453611442240379, 0.9443668148947806, 0.13368634294859694, 0.9487737706635311, 0.284884137744241, 0.9155762962891695, 0.9311868629663346, 0.9152154650472867, 0.526721067222514, 0.1390371087707314, 0.12766695705161288, 0.93885895884721, 0.8977387807416273, 0.22528656246160386, 0.8774854771709418, 0.12453239922328481, 0.08478357703662388, 0.14571009397420892, 0.1634656713017838, 0.7002932864478871, 0.7666229931052672, 0.6728956572986619, 0.919295210656619, 0.9509540784436822, 0.9270109667777972, 0.11492466194050939, 0.9305652726997012, 0.8763003912980791, 0.8889740423442721, 0.8752201634338675, 0.9004922876491891, 0.8945273917715649, 0.9369225365207986, 0.12366036359782631, 0.10020861792442538, 0.1534840446480178, 0.5095744592611309, 0.5544742181135437, 0.9433809437552383, 0.9255720003976367, 0.9368413778759817, 0.1322852271446055, 0.9157859422828796, 0.9189861458142558, 0.8106696581873702, 0.108794602976749, 0.6165174033433688, 0.7851294009507649, 0.09699055554704752, 0.16049724499217793, 0.36588372700365623, 0.8953637664751338, 0.10791225326472068, 0.8671606285557314, 0.8798115864435522, 0.08261951859071026, 0.9445728872893492, 0.7546842361706305, 0.9429042886492565, 0.8936001972124304, 0.9193057145317378, 0.8322899257774555]"
SVM,24,5,"[0, 1, 1, 1, 1, 0, 0, 1, 0, 1, 1, 1, 0, 1, 0, 1, 1, 0, 1, 1, 1, 1, 1, 1, 1, 1, 0, 1, 1, 1, 1, 1, 0, 1, 0, 1, 0, 1, 1, 1, 0, 1, 1, 1, 1, 1, 1, 1, 1, 1, 1, 1, 1, 0, 1, 1, 0, 1, 1, 1, 0, 0, 1, 1, 0, 1, 1, 0, 1, 1, 1, 1, 1, 0, 0, 1, 1, 1, 1, 1, 1, 1, 1, 1, 1, 1, 0, 1, 0, 0, 1, 0, 1, 0, 0, 1, 0, 1, 1, 1, 1, 1, 0, 1, 1, 1, 1, 1, 1, 0, 0, 1, 1, 1, 1, 1, 1, 1, 0, 0, 1, 1, 1, 0, 0, 1, 1, 1, 0, 0, 1, 1, 1, 0, 1, 1, 0, 1, 0, 0, 0, 1, 0]","[1, 1, 1, 1, 1, 0, 0, 1, 0, 1, 0, 0, 0, 1, 0, 1, 1, 0, 1, 0, 1, 1, 0, 1, 1, 0, 0, 1, 1, 1, 1, 1, 1, 1, 1, 1, 0, 0, 1, 1, 1, 1, 1, 1, 1, 1, 1, 1, 1, 1, 1, 1, 1, 0, 1, 1, 0, 1, 1, 1, 0, 1, 0, 0, 0, 0, 0, 0, 0, 1, 1, 1, 1, 0, 0, 1, 1, 1, 1, 1, 1, 1, 1, 1, 1, 1, 0, 1, 0, 0, 1, 0, 1, 1, 0, 1, 1, 0, 1, 1, 1, 1, 0, 1, 1, 1, 1, 0, 1, 0, 1, 1, 1, 0, 0, 0, 1, 1, 1, 1, 1, 1, 1, 0, 0, 1, 1, 1, 0, 1, 1, 1, 0, 1, 0, 1, 1, 1, 1, 0, 0, 1, 0]","[0.8513202595220397, 0.9622342311481737, 0.9380811068785284, 0.8619832434882622, 0.806208372542849, 0.13629753861354268, 0.39721492390406665, 0.910130369779261, 0.14671406963218414, 0.9001649932556389, 0.45925665844183794, 0.24720239500697036, 0.14845567319031683, 0.9678790253149152, 0.14492015094088462, 0.9165285220469979, 0.960319575384252, 0.3004115772780896, 0.9353500641258606, 0.35655477473345215, 0.9255052319965567, 0.8124008957291634, 0.39261657810051565, 0.9427492924359909, 0.9537426487898315, 0.4756861906863218, 0.12172901381849832, 0.886691215011337, 0.9378372610791202, 0.9258919354948248, 0.9445584693627241, 0.8967594547188371, 0.9041002041859214, 0.9698945103315852, 0.563721944132264, 0.9006372320917816, 0.1611660392804452, 0.44237706812228944, 0.9494018475787238, 0.8814179521265003, 0.8778339305459539, 0.7212351450940668, 0.900323665868899, 0.9155683072975388, 0.8906558561465074, 0.9328507219763716, 0.8972683488384594, 0.9414408479890035, 0.9419682281900761, 0.9253303140589199, 0.8198689062493967, 0.8889242050437219, 0.946842315756182, 0.5460982982008012, 0.8821484550991172, 0.6103785959790737, 0.13197582366102373, 0.9111494849375639, 0.9071578693206964, 0.8959908573952821, 0.14835631306407907, 0.8864703203481537, 0.35000580254412683, 0.2974645173213936, 0.12874761455240036, 0.26195684420895027, 0.4600016801818848, 0.1447594927952838, 0.34694870287251006, 0.9307129618786076, 0.8142398566811787, 0.8728966573229276, 0.9519059611436278, 0.138283335413033, 0.10062742954953449, 0.9344723521054378, 0.8927473057669614, 0.9146749567320954, 0.9292689374721333, 0.7300086885247314, 0.878062605896551, 0.9177349436724286, 0.9135320092482426, 0.9239080523446183, 0.9517297843158826, 0.940900620090689, 0.10103638741032825, 0.8980757045988147, 0.16424311890689805, 0.1579846242096696, 0.9124439704474758, 0.0931170698367214, 0.9295292846672127, 0.8220042609113711, 0.5324749436935201, 0.9150243741303118, 0.6837792479552264, 0.5230635698391293, 0.8540981263260093, 0.889318327649463, 0.8876440847364983, 0.8098664869483623, 0.384971042273935, 0.9075754527868445, 0.9459437915060119, 0.8771382674824484, 0.9438755616621649, 0.35438076375566446, 0.9066541148105329, 0.12352896432810725, 0.9099887596442375, 0.8562344557850934, 0.6716046273755498, 0.1089528507735953, 0.42141448350049954, 0.14551636717866112, 0.9277416441963442, 0.8511643649750052, 0.8806785879762249, 0.8814024491459026, 0.8947981669102221, 0.9371117017655559, 0.9129902264394888, 0.20808490380379507, 0.16943723845350164, 0.9358195429792553, 0.9318970777111784, 0.9324007611976408, 0.08940555345450829, 0.7706441456741367, 0.8344349104372693, 0.8943048905331645, 0.5466805110718634, 0.7851213719948962, 0.13725168147969216, 0.6358256101166326, 0.7865861853101545, 0.9135013804950423, 0.6659558384410369, 0.48396507028941205, 0.1431972916789918, 0.6122117388128016, 0.14361016443859675]"
SVM,25,5,"[0, 0, 1, 1, 1, 1, 1, 0, 1, 1, 1, 1, 1, 1, 1, 0, 0, 0, 1, 1, 1, 1, 1, 1, 1, 1, 1, 0, 0, 1, 1, 1, 1, 0, 1, 0, 0, 1, 1, 1, 1, 1, 1, 0, 1, 0, 1, 1, 0, 1, 0, 1, 0, 0, 1, 0, 1, 1, 1, 0, 1, 1, 1, 1, 1, 0, 0, 0, 0, 0, 1, 1, 1, 1, 1, 1, 1, 1, 1, 0, 1, 1, 1, 0, 1, 1, 1, 1, 1, 1, 1, 0, 1, 1, 1, 1, 1, 1, 0, 0, 1, 1, 1, 1, 1, 1, 0, 0, 0, 1, 1, 0, 1, 1, 0, 1, 0, 1, 0, 1, 1, 1, 0, 1, 0, 1, 0, 0, 0, 1, 1, 1, 1, 1, 1, 0, 0, 1, 0, 1, 0, 1, 1]","[0, 1, 1, 0, 1, 1, 1, 0, 1, 0, 1, 1, 1, 1, 1, 0, 0, 0, 1, 0, 1, 1, 1, 1, 1, 1, 1, 0, 1, 1, 1, 1, 0, 0, 1, 0, 0, 1, 1, 0, 1, 1, 1, 0, 1, 1, 0, 1, 1, 0, 0, 0, 0, 0, 1, 0, 1, 1, 1, 0, 1, 1, 1, 0, 1, 0, 1, 1, 0, 0, 1, 1, 1, 0, 1, 1, 1, 0, 1, 1, 1, 1, 1, 0, 1, 1, 1, 1, 1, 1, 1, 0, 0, 1, 1, 1, 1, 1, 0, 0, 0, 1, 0, 1, 1, 1, 0, 0, 1, 1, 1, 1, 1, 1, 1, 1, 0, 1, 0, 1, 1, 0, 0, 1, 0, 1, 1, 0, 0, 1, 1, 1, 1, 1, 1, 0, 0, 1, 0, 1, 0, 1, 1]","[0.44483973398834414, 0.7115335227289604, 0.9192686418735174, 0.21973323424110883, 0.9372919630148248, 0.9644529567839898, 0.9217005677997717, 0.11023036284707963, 0.8632852033084183, 0.43062327414286905, 0.8693027578401782, 0.9490979422616918, 0.9269638772543102, 0.8893558427373259, 0.9269831612149356, 0.06908336713474261, 0.3832290025799044, 0.08990299467010415, 0.9095520235414155, 0.3131699737537545, 0.8126248415223436, 0.6956228093824675, 0.9257040107369608, 0.9262604016332441, 0.8865089469549783, 0.8148236283508798, 0.9381953410353199, 0.14278102068696236, 0.821326732296917, 0.9251420864901801, 0.8654055923018894, 0.9237935922923269, 0.2868311536330656, 0.47044539561678034, 0.8681851467909514, 0.09689040744442469, 0.07563831990344584, 0.9046296504514051, 0.9339473944869054, 0.5, 0.8930720709124459, 0.9229668124615799, 0.8570632517468635, 0.4394531635019232, 0.9281917086668813, 0.9230150831219699, 0.10682448205433383, 0.9331251486646548, 0.9139619146703183, 0.5286563675846916, 0.24399164489153652, 0.4424709596093767, 0.12140600135924061, 0.14968164441003018, 0.6394512947917602, 0.1067892171125743, 0.9533732730876427, 0.5893446728850552, 0.8944796942519105, 0.3358919504129082, 0.9326888305611021, 0.9562684630603457, 0.886854801955669, 0.09740849469590446, 0.9315619002470398, 0.08208084898828168, 0.7365073904237743, 0.7096666521277234, 0.07503512671826004, 0.33787675543706663, 0.9386872606822193, 0.9292586973984989, 0.8946350911141295, 0.19656596299310516, 0.678532804510415, 0.9227105465201397, 0.9062017074471931, 0.4945823866218889, 0.9450059443950192, 0.9398089580203145, 0.9184899851499669, 0.9104711557815325, 0.9199129086295184, 0.1060961954926112, 0.8814492921166917, 0.8184254955409497, 0.9406114261009382, 0.9140730303578658, 0.9172511547759956, 0.8318668568054836, 0.9019403691571511, 0.14348940474312186, 0.5195004830930824, 0.9150252459301512, 0.9228023673352332, 0.8834344985459515, 0.9522423103327952, 0.8636874431195294, 0.16001507220664601, 0.13825698392955374, 0.5168153224611322, 0.8333558242567499, 0.45169277815225917, 0.9361416346926444, 0.9498380334868447, 0.8797924924973747, 0.40053549205080197, 0.13737542739107073, 0.9088288772721405, 0.9417730043183543, 0.9360762979224416, 0.7207165967288253, 0.9224948582275135, 0.691201513814751, 0.6132469981415729, 0.8961717555801789, 0.1199358939311301, 0.92751201178303, 0.20019641660843504, 0.7880958674359205, 0.9536351486760454, 0.46360464504539983, 0.13269953284472571, 0.9558457944699491, 0.0653224154548497, 0.9317237980108359, 0.891903421316245, 0.546424000089375, 0.1787030360256497, 0.8919583830358828, 0.9187725597470854, 0.9597872812053758, 0.909801685341893, 0.8993795661297951, 0.8745837130467639, 0.12461134312841553, 0.3005450592862802, 0.9008230462615167, 0.10812074479469304, 0.9282590861280703, 0.1263259724362625, 0.9346825208454049, 0.9365145734318753]"
SVM,26,6,"[1, 0, 0, 0, 1, 1, 1, 1, 0, 1, 0, 1, 1, 0, 1, 0, 1, 1, 1, 0, 0, 1, 1, 1, 1, 0, 1, 1, 1, 1, 1, 0, 1, 1, 0, 1, 1, 1, 0, 1, 1, 0, 1, 1, 1, 1, 0, 1, 0, 1, 1, 1, 0, 1, 1, 0, 0, 1, 0, 0, 1, 0, 0, 1, 0, 0, 0, 1, 1, 0, 1, 1, 1, 1, 1, 0, 1, 1, 0, 1, 0, 0, 1, 1, 0, 1, 1, 1, 0, 1, 1, 0, 0, 0, 0, 0, 1, 0, 1, 0, 1, 1, 1, 1, 1, 1, 1, 1, 1, 1, 0, 1, 0, 0, 0, 1, 1, 1, 0, 1, 0, 1, 0, 0, 0, 0, 1, 0, 1, 1, 1, 1, 0, 0, 1, 0, 0, 0, 0, 0, 1, 1, 0, 0]","[1, 0, 0, 1, 1, 1, 1, 1, 1, 1, 0, 1, 1, 0, 1, 0, 0, 1, 1, 0, 0, 0, 1, 0, 1, 0, 1, 1, 1, 1, 0, 0, 1, 0, 0, 1, 1, 1, 1, 0, 1, 0, 1, 1, 1, 0, 1, 1, 1, 1, 1, 1, 0, 1, 0, 0, 0, 1, 0, 1, 1, 0, 0, 1, 0, 0, 0, 1, 1, 0, 0, 1, 0, 1, 1, 0, 1, 1, 0, 1, 0, 0, 1, 1, 0, 1, 1, 1, 0, 1, 1, 0, 0, 0, 0, 0, 1, 0, 0, 1, 1, 0, 1, 1, 1, 1, 1, 1, 1, 1, 1, 1, 0, 0, 0, 1, 1, 1, 0, 1, 0, 1, 1, 1, 0, 1, 1, 0, 1, 1, 1, 1, 0, 1, 0, 0, 0, 1, 0, 0, 1, 1, 0, 0]","[0.9639602260854907, 0.1948429834722948, 0.20029565675322042, 0.8197837241280249, 0.8396700662762048, 0.9562030849060549, 0.9279928477436385, 0.9404671502932024, 0.9454554374148879, 0.9090136237838912, 0.20380659421025307, 0.971615675064951, 0.8571690382567257, 0.18297606163408142, 0.9392139993060441, 0.21813058128877325, 0.3375521637933294, 0.8722277316636056, 0.9171352119789108, 0.1871496191441501, 0.2039256427312725, 0.3330130020504396, 0.9437440669250012, 0.3370217676763866, 0.9400778222449985, 0.18954231434746222, 0.9173942588556327, 0.867290873304493, 0.9707744270247269, 0.9171020346405928, 0.40319358770713803, 0.2601635186237008, 0.8483327216331178, 0.1826557173500539, 0.217097638955579, 0.9330967836243144, 0.8691583117527644, 0.9053757411534605, 0.6182299179305973, 0.4223974868682596, 0.951474237008723, 0.20111275227393283, 0.9258736473403126, 0.9181737309818918, 0.9277038730783508, 0.36664254186093986, 0.9304843789779165, 0.9081798070822656, 0.7452056538789562, 0.8396948613226183, 0.797381616496144, 0.9549918723632866, 0.20447350816458656, 0.9487165503802655, 0.4828041728762549, 0.18076702720988144, 0.19550679832328935, 0.9599840532102515, 0.11838350786698106, 0.7265385126518246, 0.9209232633746912, 0.19016910354703248, 0.2055728458619096, 0.9131055167963271, 0.10820478577784519, 0.23813156482173556, 0.12857865874510016, 0.9077751095979749, 0.9741612883621861, 0.20144956534566674, 0.400224438551685, 0.9449372788996142, 0.5452159975287215, 0.9074657009002753, 0.9168509455177379, 0.15215706251131234, 0.8932144413933286, 0.9223346750643068, 0.37848529654881885, 0.9030583910621081, 0.3911098992977393, 0.19586567513915193, 0.9353304983165601, 0.9405666248299912, 0.27079724608051997, 0.9449230580887392, 0.9428652177039117, 0.9237871945581334, 0.21847180778255437, 0.6124781367989239, 0.9087336107349069, 0.18644335162071382, 0.18774820371728784, 0.17932056074796623, 0.18984286985324403, 0.5329589255283954, 0.9259874286040767, 0.1576540433892667, 0.457083684002011, 0.9388183576335909, 0.9036996433513246, 0.43479418352380156, 0.9374847011514965, 0.8987617710534678, 0.8208742399898045, 0.8851700485073916, 0.9536631383979108, 0.9367526577661899, 0.9133137829218082, 0.8600180072712027, 0.7252224066987483, 0.8604962541485554, 0.17913291759030447, 0.21561459004423478, 0.19774350036953156, 0.7378741848507074, 0.967895072605912, 0.9409885269971718, 0.14303932649074658, 0.9223950034609392, 0.218866665754443, 0.916575346512801, 0.8098571041205813, 0.8320699159105485, 0.3426354947766388, 0.6526912191334011, 0.7694396696801927, 0.3974774151984583, 0.8792278118843704, 0.9228842343498695, 0.9389009207543341, 0.7167631415238819, 0.14476319592718975, 0.6299243632420326, 0.22915027267462607, 0.19201361608669654, 0.14654483434356372, 0.7684998868559436, 0.2102575935595625, 0.17382745147887, 0.9110747953215274, 0.6326897437058908, 0.17089194014774822, 0.171687170916595]"
SVM,27,6,"[0, 1, 0, 0, 0, 1, 0, 1, 1, 0, 1, 1, 0, 0, 1, 1, 1, 1, 1, 1, 1, 0, 1, 1, 1, 1, 1, 1, 1, 0, 1, 1, 1, 1, 0, 0, 0, 0, 1, 1, 0, 0, 1, 1, 1, 0, 1, 1, 0, 1, 1, 0, 0, 0, 1, 1, 1, 0, 1, 1, 0, 0, 1, 1, 0, 1, 1, 1, 1, 0, 0, 1, 1, 1, 1, 1, 1, 1, 1, 0, 0, 1, 1, 1, 1, 1, 1, 0, 1, 1, 0, 0, 0, 1, 1, 0, 0, 1, 1, 0, 0, 0, 1, 1, 0, 1, 1, 1, 0, 1, 0, 1, 0, 1, 0, 0, 0, 0, 1, 1, 1, 1, 0, 1, 1, 1, 0, 0, 1, 0, 0, 0, 1, 1, 1, 1, 1, 0, 0, 1, 1, 1, 1]","[1, 1, 0, 0, 1, 1, 0, 0, 1, 1, 1, 1, 0, 0, 1, 1, 0, 1, 1, 0, 1, 0, 1, 1, 1, 1, 1, 1, 1, 0, 1, 1, 1, 1, 1, 0, 0, 0, 1, 1, 0, 0, 1, 1, 1, 1, 1, 1, 1, 1, 0, 0, 0, 0, 1, 1, 0, 0, 1, 1, 0, 0, 0, 1, 1, 1, 1, 0, 1, 0, 0, 1, 0, 1, 1, 1, 1, 1, 1, 0, 0, 1, 1, 1, 1, 1, 1, 0, 1, 0, 1, 0, 0, 1, 1, 0, 1, 1, 1, 1, 0, 1, 1, 1, 1, 1, 1, 1, 1, 1, 1, 1, 1, 1, 0, 0, 0, 0, 1, 1, 1, 1, 1, 1, 1, 1, 1, 1, 1, 0, 0, 1, 1, 1, 1, 1, 1, 1, 0, 1, 1, 1, 1]","[0.858165691833156, 0.9548994461378062, 0.4460059134980967, 0.5233546789440842, 0.9223622082876384, 0.9524187216553739, 0.17797268162693897, 0.4923748566138595, 0.9312993602286266, 0.9481243862163096, 0.9272118236373706, 0.851862139821187, 0.4816518175998208, 0.12649324725083072, 0.6823942230530179, 0.9505077297962303, 0.2357421400149168, 0.9258611421079821, 0.9345568203107427, 0.4515577335909746, 0.8413895017370567, 0.07159694717314682, 0.8361795279427037, 0.9028727451653009, 0.9422975371522232, 0.9457072564059635, 0.8701759286941426, 0.9301689395634628, 0.8810488655605285, 0.10742356013573308, 0.926780883274824, 0.9114444586878797, 0.942662448888284, 0.8747687796641881, 0.8363370812488293, 0.13338721727565736, 0.3200904432761319, 0.1642510392006128, 0.894095760026901, 0.9423394060418564, 0.4898800420176085, 0.5107927842299387, 0.8827569647367738, 0.8916489690756519, 0.9229098543370499, 0.7463288308731933, 0.8920129718285049, 0.8726550121225914, 0.7043550405774562, 0.9411054019251096, 0.1567579904786587, 0.13237760785342167, 0.3230941232672956, 0.15593298776419065, 0.9082328559473055, 0.9195109309408884, 0.3148796977270961, 0.2508333681423545, 0.9058066696833617, 0.9243190295847575, 0.34314933722603935, 0.18549692548652685, 0.44960792656089493, 0.9460627381625896, 0.783094559499878, 0.9418485523276171, 0.9221753399021007, 0.5899354829702171, 0.9150929798830703, 0.1074069576944417, 0.40326660368866774, 0.9320171923508581, 0.2902027515844844, 0.8839772215672848, 0.9383348228614445, 0.9266294336602794, 0.9520768214170522, 0.7335012725174505, 0.8353611804557803, 0.14048119469118742, 0.0730290192600535, 0.9418751658185506, 0.9216638903484476, 0.9242990176914063, 0.9349946394191618, 0.9254797301268519, 0.9332618835816064, 0.16666324347781902, 0.9233438620733927, 0.30546855575978843, 0.7034306753046292, 0.16395307606341183, 0.15140137818533464, 0.9092026193359001, 0.8980670974111582, 0.2525821953176122, 0.8797731257016683, 0.6426055231800741, 0.9494023138726634, 0.9107977882007517, 0.12367226517626788, 0.8175033634018524, 0.9206650568766832, 0.9244938082551578, 0.6947640460871287, 0.943335757428386, 0.9215576622197934, 0.905453279115308, 0.9372713073134968, 0.9325016515670606, 0.8886372970145315, 0.9195036117323685, 0.9036448233356654, 0.8911052255376931, 0.4036252077567928, 0.11038587009341132, 0.19258801238427573, 0.2443247958004901, 0.7920921490329479, 0.9092829043877151, 0.9368496296163062, 0.917035274817014, 0.8725239382183474, 0.9234035561544927, 0.922829662908126, 0.8278492538666864, 0.9128491846468593, 0.654456293663025, 0.8974244734455941, 0.5726597670102377, 0.3164115337720643, 0.8568546909061965, 0.8927262034075419, 0.6763621021536286, 0.9139075393012205, 0.9478177483091731, 0.7686131482463996, 0.9042480992950311, 0.5060404498825204, 0.9508612942342368, 0.593773629030437, 0.9377318965931786, 0.8645788663511289]"
SVM,28,6,"[1, 0, 1, 1, 1, 1, 1, 0, 0, 1, 0, 1, 1, 1, 1, 0, 1, 1, 1, 1, 0, 1, 0, 0, 1, 1, 0, 0, 1, 0, 0, 1, 1, 0, 0, 1, 0, 1, 0, 1, 1, 0, 1, 0, 1, 1, 1, 1, 1, 1, 0, 1, 0, 1, 1, 1, 1, 1, 0, 1, 1, 1, 0, 0, 0, 1, 1, 0, 1, 1, 1, 0, 1, 0, 1, 1, 1, 1, 1, 1, 1, 1, 1, 1, 0, 1, 1, 1, 1, 1, 1, 1, 0, 1, 1, 0, 1, 1, 0, 0, 1, 1, 1, 1, 1, 1, 0, 1, 1, 0, 0, 0, 1, 1, 1, 1, 0, 0, 0, 0, 1, 1, 0, 0, 1, 1, 0, 0, 0, 1, 0, 1, 1, 0, 1, 0, 0, 1, 1, 0, 1, 0, 1]","[1, 0, 1, 0, 1, 1, 1, 0, 0, 1, 1, 1, 1, 1, 1, 0, 1, 0, 1, 1, 0, 1, 0, 0, 1, 1, 0, 0, 1, 0, 0, 1, 1, 0, 0, 1, 0, 1, 0, 0, 1, 1, 0, 0, 0, 1, 1, 1, 1, 1, 0, 1, 0, 1, 1, 1, 0, 1, 0, 1, 1, 1, 1, 0, 0, 0, 0, 1, 1, 1, 1, 0, 1, 0, 1, 1, 1, 1, 1, 0, 1, 0, 1, 1, 0, 1, 1, 1, 1, 1, 1, 1, 1, 1, 0, 0, 1, 1, 1, 0, 1, 1, 1, 1, 1, 1, 0, 1, 1, 1, 1, 1, 1, 1, 1, 1, 1, 0, 0, 0, 1, 1, 0, 0, 1, 1, 0, 0, 0, 1, 0, 1, 1, 0, 1, 1, 0, 1, 1, 0, 0, 0, 1]","[0.9145127017658156, 0.16503333864641612, 0.9050686523966046, 0.476232202245823, 0.95588449369164, 0.9125877018334756, 0.9060736434880449, 0.1834916727637643, 0.13015653633484686, 0.8931907456542983, 0.6022341384932638, 0.8911652948469615, 0.8828779630362944, 0.9561341531299441, 0.9432421499047058, 0.17284246448593135, 0.6067173585128521, 0.35801031756065355, 0.915101210075362, 0.8490965218586118, 0.1818235099749949, 0.8773209929677788, 0.1880805525704605, 0.09228876013015357, 0.9183967490373232, 0.9360876794673232, 0.19221306883045433, 0.17423722699800046, 0.9395654666889417, 0.1423570651494275, 0.5235784841680752, 0.597913572335356, 0.9537781669920529, 0.20895791223457305, 0.13378205024830953, 0.9179752118545893, 0.5335751394783625, 0.9228435036834055, 0.43650604128965037, 0.30638819756385993, 0.9255907636051195, 0.8833331180473046, 0.5514005366698975, 0.2783813406152131, 0.06253540421550649, 0.7473473489134745, 0.8930334088504472, 0.9226616203155471, 0.9326606075268171, 0.9146910864166876, 0.08458363998971227, 0.9152447237962096, 0.13868048129527683, 0.8948895465119356, 0.9351627963705721, 0.878998208142643, 0.31989922632570805, 0.8731575704376755, 0.14385032884650553, 0.926692787258782, 0.9509230059550325, 0.71613112945564, 0.8687159853197306, 0.10874772811393005, 0.16407854756522572, 0.3088851553389788, 0.5381875642424261, 0.6528315776166939, 0.9350625800526624, 0.875367865141847, 0.9239132783824432, 0.5353110207157419, 0.9204677949991804, 0.1787683279170383, 0.9146906379343087, 0.9236902366716959, 0.9434258366217357, 0.9429680432820103, 0.9068129190385971, 0.5355969661253803, 0.8295869677097066, 0.2153228885225234, 0.8722354412690378, 0.910636838293181, 0.16903120961493773, 0.7577609071789753, 0.9368937461660206, 0.9020938576436139, 0.8011907625586373, 0.9422448632859552, 0.9053665723935933, 0.9379072411104497, 0.9055076145249914, 0.9422157006499543, 0.1215742227006813, 0.17358230229845997, 0.9419460086587298, 0.9310228988841275, 0.6098489844664393, 0.5634477118223424, 0.9217565504298539, 0.8545973416584594, 0.8749598832013451, 0.8970946494322549, 0.9100961891858141, 0.9430039960702581, 0.13569119288665282, 0.8628653199031863, 0.9585349951561222, 0.8861274550883914, 0.9055183314465266, 0.8875653176832432, 0.9177553260722464, 0.9173669397268641, 0.9158036195983695, 0.9419832284869176, 0.5719713614447904, 0.5130525669375747, 0.10958265632802727, 0.12171046576414092, 0.9232103766268228, 0.9329570527538317, 0.15411558708735262, 0.17299796227598865, 0.7156587494494951, 0.915401323356233, 0.13864618449208033, 0.12830966617814243, 0.3066758124350427, 0.924258788797373, 0.1885495997138348, 0.9439932536074708, 0.9241889704358245, 0.3746834629632743, 0.9093927028781622, 0.7391210812547473, 0.12641252812592096, 0.893271236172361, 0.9256229471398864, 0.16271753149390822, 0.491012921649145, 0.19752817862001087, 0.9204484312832467]"
SVM,29,6,"[1, 1, 0, 1, 1, 1, 1, 1, 0, 0, 1, 0, 1, 1, 1, 1, 0, 1, 0, 1, 1, 1, 1, 1, 1, 0, 1, 1, 1, 1, 0, 1, 1, 1, 0, 0, 1, 0, 1, 1, 1, 1, 0, 1, 0, 0, 0, 1, 0, 1, 1, 1, 0, 1, 1, 0, 1, 1, 1, 1, 1, 1, 1, 0, 0, 1, 0, 0, 1, 1, 0, 1, 1, 1, 1, 1, 1, 0, 0, 0, 1, 1, 1, 1, 1, 1, 1, 0, 1, 1, 0, 0, 1, 0, 1, 1, 1, 0, 1, 1, 1, 1, 0, 0, 0, 1, 1, 1, 1, 1, 1, 1, 1, 0, 1, 1, 0, 1, 1, 1, 0, 1, 1, 0, 1, 1, 1, 1, 0, 1, 0, 0, 1, 0, 0, 1, 1, 1, 1, 1, 0, 1, 1]","[1, 1, 1, 0, 1, 1, 1, 1, 1, 0, 1, 0, 1, 1, 0, 1, 0, 1, 0, 0, 1, 1, 1, 1, 1, 0, 1, 0, 1, 1, 0, 1, 1, 1, 0, 1, 1, 1, 0, 1, 1, 1, 1, 1, 0, 0, 0, 1, 0, 1, 1, 0, 0, 1, 1, 0, 1, 0, 1, 1, 1, 1, 1, 0, 0, 1, 0, 0, 0, 1, 0, 1, 1, 1, 1, 1, 1, 1, 0, 0, 1, 1, 1, 1, 1, 1, 1, 0, 1, 1, 0, 0, 0, 0, 1, 0, 1, 0, 0, 1, 1, 0, 1, 0, 0, 1, 0, 1, 0, 1, 1, 1, 0, 0, 0, 0, 0, 1, 1, 1, 1, 1, 1, 1, 1, 1, 1, 1, 0, 1, 0, 0, 1, 0, 0, 1, 1, 1, 1, 1, 0, 1, 1]","[0.9504980262150885, 0.9672314424220644, 0.9106293473023735, 0.12211452402329417, 0.8147151472417986, 0.9459349168904392, 0.8395493948051637, 0.9733853685554891, 0.7784346922651664, 0.13099086746331345, 0.8931043020245014, 0.12120975877397391, 0.9147773354205198, 0.9241430517764514, 0.09463475423511811, 0.8982786096942338, 0.15458885960714333, 0.9325443253251375, 0.09567460400477368, 0.23187880081316264, 0.8743102507649201, 0.9035115276844558, 0.9523104815590525, 0.9404421433015966, 0.9592253019683828, 0.1269504272152831, 0.9414168769907706, 0.4172030009830869, 0.6857006879704965, 0.9262605807458432, 0.10552347652843838, 0.9316281041959571, 0.9123373637301984, 0.7356841613436106, 0.11705592215593891, 0.8212243215630038, 0.9370667563921887, 0.6764786645174907, 0.09674956786461776, 0.924565931788154, 0.9473275753630634, 0.9450223199314138, 0.9209384727501854, 0.7813060079021034, 0.12327507509941574, 0.1418898053753177, 0.1409866605407039, 0.9622599574471604, 0.21072448245403444, 0.6229593873515399, 0.7795615468998268, 0.5324181758633567, 0.33081186499179677, 0.934708999781219, 0.9080115026234953, 0.16253397345594253, 0.8127302671682238, 0.09455058875913683, 0.9369211317497561, 0.9423158163083867, 0.8687789503309973, 0.8595745078167848, 0.9368931728337687, 0.1353321493748961, 0.10574687842870553, 0.9528614281723216, 0.07182773798109979, 0.13177829938463467, 0.4931159676535689, 0.8865987064944302, 0.14986408690508415, 0.8862924445200175, 0.9211604906373113, 0.7460082377983817, 0.5553835284912113, 0.9410909938881253, 0.945488600841461, 0.6303800250379662, 0.379483124745044, 0.10692829706049034, 0.7903360958165163, 0.8893158334336725, 0.95588687592871, 0.9499354521185884, 0.9103882602910444, 0.9059974573020817, 0.9429558865934431, 0.1097956830501047, 0.9191966578667389, 0.8586886653403463, 0.09335501387979708, 0.12534166349236597, 0.4432987368767058, 0.08491009760148914, 0.8647960022188406, 0.18753146037653062, 0.9192568762674838, 0.10998630936702847, 0.5056583824428248, 0.9220093981046137, 0.8043828311060583, 0.08701771501632777, 0.6991473578813951, 0.12545248326480246, 0.14593073120472028, 0.935250175594779, 0.3148927234286852, 0.9578787297827641, 0.266376476454326, 0.9019530760453038, 0.7278801927246438, 0.8971053298537218, 0.09642225558068794, 0.14952463847614972, 0.4118896295704235, 0.10598183913199814, 0.10977865474904752, 0.9243896887815142, 0.8789746325504728, 0.9133609890472015, 0.6003915526530095, 0.9026995625876988, 0.9242026648450766, 0.596333749106224, 0.9024428461513446, 0.9594696159717352, 0.9185175502789719, 0.9012175093044467, 0.11214715205051423, 0.9618795849572768, 0.05573069812472828, 0.5417632645554502, 0.6320051224135012, 0.11892696304264812, 0.1387668839455066, 0.602314052045507, 0.8923896871416499, 0.9180980630352795, 0.8825176033794729, 0.9082130037841611, 0.1073209664048178, 0.9280132995271488, 0.9257784761791581]"
SVM,30,6,"[0, 1, 1, 1, 0, 0, 1, 1, 1, 1, 0, 1, 1, 1, 0, 0, 0, 1, 1, 1, 1, 1, 1, 1, 1, 0, 0, 0, 1, 1, 1, 1, 1, 0, 0, 1, 1, 1, 0, 0, 1, 1, 0, 1, 1, 1, 0, 1, 1, 0, 0, 0, 0, 0, 0, 1, 1, 1, 1, 0, 1, 1, 0, 1, 1, 1, 1, 1, 1, 1, 1, 1, 0, 1, 1, 1, 0, 1, 0, 1, 1, 0, 1, 1, 0, 1, 1, 1, 1, 0, 1, 1, 0, 1, 0, 1, 0, 1, 1, 1, 1, 1, 1, 1, 1, 1, 1, 1, 1, 0, 1, 1, 0, 1, 0, 1, 1, 1, 1, 1, 0, 1, 0, 1, 0, 1, 0, 1, 1, 1, 0, 1, 0, 1, 1, 1, 1, 0, 0, 1, 1, 0, 0, 1]","[1, 1, 1, 1, 0, 0, 1, 1, 0, 1, 0, 1, 1, 1, 0, 0, 0, 1, 1, 1, 1, 1, 1, 0, 1, 0, 0, 1, 1, 1, 1, 1, 1, 1, 0, 0, 1, 1, 0, 1, 1, 1, 0, 1, 1, 1, 0, 0, 1, 1, 0, 0, 0, 0, 0, 1, 0, 1, 1, 0, 1, 1, 0, 1, 1, 1, 0, 1, 1, 0, 0, 1, 0, 1, 1, 1, 1, 1, 0, 1, 1, 0, 1, 1, 0, 1, 1, 1, 1, 0, 0, 1, 0, 1, 1, 1, 0, 0, 0, 1, 1, 1, 1, 0, 1, 1, 1, 1, 1, 0, 1, 1, 0, 1, 0, 1, 1, 1, 1, 1, 0, 1, 0, 1, 0, 0, 0, 1, 1, 1, 0, 1, 0, 1, 1, 1, 1, 1, 0, 1, 1, 0, 0, 0]","[0.5992538091056392, 0.9394348911872294, 0.9274245839740785, 0.9486408452447459, 0.15985793055436076, 0.14738092339149905, 0.8697390981366654, 0.6697269220183867, 0.3392160956672608, 0.9351160406510121, 0.1606850923769102, 0.9582729023021227, 0.8981125187817961, 0.9348432878886528, 0.1033742363372725, 0.30374623407803586, 0.1454176424878956, 0.9104083798832483, 0.7724256360168263, 0.69081069291768, 0.9173139620530418, 0.9509946776386867, 0.7481489265540221, 0.33949297598106465, 0.9491187358081107, 0.14223186643762856, 0.1716229300396184, 0.8217720386008812, 0.8274202912295081, 0.891140472282407, 0.9517136586819063, 0.9379420039056332, 0.9547979466751357, 0.8847947704235072, 0.3895900907864197, 0.5445782047630027, 0.927958192696045, 0.9382855545655869, 0.1059641186952863, 0.902034222712294, 0.947826376582726, 0.8435614760545727, 0.3499926203775903, 0.9130991951037145, 0.9168054438544437, 0.8965858939895964, 0.22593366846301363, 0.4283126173940285, 0.6799201881842428, 0.6465746482674156, 0.18426894666193097, 0.16271516821855853, 0.1691503738566209, 0.17291261782218673, 0.11036355047582827, 0.9656081792619512, 0.4243176509827845, 0.8818726154853782, 0.8826665653176532, 0.16670867413040882, 0.9287285653605074, 0.935989332402245, 0.5520040151310774, 0.9567455416210071, 0.8823697493579978, 0.9077520395173929, 0.2852529664720161, 0.9417340732742037, 0.9386040730373816, 0.45493906451992305, 0.21197875404139546, 0.915019213598976, 0.14074339955501813, 0.9685600089963373, 0.9479371317597753, 0.8582663540975598, 0.9624886194413245, 0.8888807025425535, 0.39836447821811954, 0.9033249026142275, 0.9386209239886095, 0.1544146252521601, 0.9083779260881393, 0.9200896331433193, 0.15410678286244942, 0.957845885353906, 0.9254002803303739, 0.7977189891078179, 0.8405765217821792, 0.11972460261030879, 0.5171070139556234, 0.9201101141376231, 0.5443333015602989, 0.9106467210715329, 0.920194099468256, 0.9462645659363953, 0.11462432770054458, 0.3305066160345896, 0.40372897282937553, 0.6894645882338473, 0.9537919770122261, 0.9163512917915583, 0.80761978449418, 0.16924727236778286, 0.946615872430072, 0.7888659283784025, 0.684881402627134, 0.9240511312210146, 0.6710551644469563, 0.22508148713393625, 0.8621955624245388, 0.9314877736860145, 0.13536159482941446, 0.9166562084255362, 0.31860866374201, 0.9560926915023075, 0.7159428067227852, 0.9295714328999177, 0.5788817754504153, 0.9309439169725431, 0.22813438491936436, 0.9517639322940619, 0.1588180300286173, 0.9353525267751158, 0.1493310290014799, 0.34328789135145543, 0.12066351241417983, 0.8675751854672071, 0.8983305088601673, 0.9056953730396409, 0.12512498324599589, 0.8999274790764715, 0.14012506284058063, 0.9712450152911617, 0.9346825250137625, 0.921169299309317, 0.8125304747758891, 0.7884385879691568, 0.17785851842908687, 0.9207517215134008, 0.8083469388627341, 0.13112557105289685, 0.16685908184704634, 0.10033735843436806]"
SVM,31,7,"[1, 1, 1, 0, 1, 1, 1, 1, 1, 0, 1, 1, 1, 1, 1, 1, 1, 0, 1, 0, 1, 1, 1, 0, 1, 1, 1, 0, 1, 1, 1, 1, 1, 0, 1, 1, 1, 1, 0, 1, 1, 0, 1, 1, 1, 1, 0, 1, 1, 0, 0, 0, 0, 1, 1, 0, 0, 0, 0, 1, 0, 1, 1, 1, 0, 1, 1, 1, 1, 1, 1, 1, 1, 1, 0, 1, 1, 1, 1, 1, 1, 1, 1, 1, 1, 0, 0, 1, 1, 0, 0, 0, 1, 0, 1, 0, 1, 1, 1, 1, 0, 1, 1, 0, 1, 0, 1, 0, 0, 1, 1, 0, 0, 1, 1, 1, 1, 0, 0, 0, 1, 0, 0, 0, 0, 1, 0, 0, 1, 1, 0, 1, 0, 0, 1, 1, 0, 1, 1, 0, 1, 0, 1]","[1, 1, 1, 0, 1, 1, 1, 1, 1, 0, 1, 1, 1, 1, 1, 0, 1, 0, 1, 0, 1, 1, 0, 0, 1, 0, 1, 0, 1, 1, 0, 1, 1, 0, 1, 1, 1, 1, 1, 0, 1, 1, 1, 1, 1, 1, 0, 1, 1, 0, 0, 1, 0, 1, 1, 0, 0, 0, 0, 0, 0, 1, 1, 0, 0, 1, 1, 1, 1, 1, 1, 1, 1, 1, 0, 1, 1, 1, 1, 1, 1, 1, 1, 1, 1, 0, 0, 1, 1, 0, 0, 0, 1, 0, 1, 0, 1, 1, 0, 1, 1, 1, 1, 1, 1, 0, 1, 1, 0, 1, 1, 0, 0, 1, 1, 1, 1, 0, 0, 1, 1, 1, 0, 1, 1, 1, 0, 0, 1, 1, 0, 1, 1, 0, 1, 1, 0, 1, 0, 0, 1, 0, 1]","[0.9328935876000168, 0.9117628676746666, 0.9491038006365559, 0.18849179431033058, 0.9110578736418113, 0.8285375914393841, 0.9061136514988787, 0.9316094461832953, 0.8972076606024039, 0.14826658999005263, 0.9052216565900703, 0.9064136163371842, 0.9023131498232271, 0.9334617124281335, 0.9195991686641469, 0.44833611917123245, 0.8364427433835433, 0.18743347731812157, 0.9076560830229763, 0.18797265522134654, 0.9408127178356204, 0.9260616933872393, 0.43519127921817696, 0.15143284481256436, 0.9308125177182357, 0.47533803593425045, 0.8994896099172822, 0.1829203546557994, 0.9156151583005976, 0.9408006494110156, 0.2302466064677869, 0.919508704267809, 0.6997646801512247, 0.46287138751771273, 0.9271317101723159, 0.9442276031376998, 0.857710472329972, 0.8748800537315268, 0.7467861544977386, 0.5247934118829027, 0.9182371673559888, 0.7737268237781236, 0.9036857265471573, 0.8918910128889153, 0.8918017403270775, 0.9222576794111249, 0.19270956025751274, 0.8843589161129088, 0.86397350348498, 0.18987519311057705, 0.11488597980107217, 0.6867773336640816, 0.28132077213662204, 0.8918194336743236, 0.8938666811072796, 0.1141839302746766, 0.1859885108657222, 0.5187807220642151, 0.11461637232348301, 0.3753480531716893, 0.20259251456398997, 0.9479016672059122, 0.8935929155663793, 0.38454659758279885, 0.20199052672566378, 0.9196963082342944, 0.9024268024452705, 0.9012407467367427, 0.925732147466038, 0.9195348228229573, 0.8328697172756453, 0.931705592953282, 0.8539149390793922, 0.9137826392321774, 0.19213968283990532, 0.9261867452469806, 0.9033046114063856, 0.8867703073907834, 0.9438800236553461, 0.9001224160069928, 0.9280463770562309, 0.9200528355929284, 0.9223287842728032, 0.911543446926849, 0.8918802181606191, 0.27396513545351475, 0.20575764329708252, 0.8782662247486163, 0.8592055145964435, 0.2390465999957015, 0.18915439495447714, 0.5540530619044804, 0.6558531912305933, 0.14360208011997824, 0.7776279878993825, 0.1816329735573312, 0.8951423879986619, 0.8768017485072864, 0.5205170664215216, 0.8806112428717509, 0.9292060829871013, 0.9347796465777305, 0.880228141406679, 0.9169644751216798, 0.8815583909507849, 0.20223411944509928, 0.8969811968665847, 0.8762500471595451, 0.2573610729445954, 0.6457096365659099, 0.9274183716304882, 0.21287800011645497, 0.14687090768246203, 0.9293888105666479, 0.9070352657345395, 0.9093778344508332, 0.9104204486740186, 0.21006262917789886, 0.19101665869937656, 0.7979166105222969, 0.6949519612681825, 0.8314790058851478, 0.2743454256644263, 0.8652154863465853, 0.7263000660636718, 0.8617061233015931, 0.17939258350452747, 0.3776105161581233, 0.8638896567965123, 0.9108044859354696, 0.26490199161044764, 0.9182011474278106, 0.807309407090335, 0.13575109095232005, 0.9041716661834727, 0.9309280019479842, 0.2007227967417359, 0.8840766784150894, 0.45608700512600114, 0.22904983631419898, 0.6098026889923482, 0.15993234803000916, 0.9212092656504287]"
SVM,32,7,"[0, 1, 0, 1, 1, 0, 0, 1, 0, 1, 0, 1, 1, 0, 1, 1, 1, 1, 0, 1, 0, 1, 1, 1, 1, 1, 1, 0, 0, 1, 0, 1, 1, 1, 0, 0, 0, 0, 0, 1, 0, 1, 1, 1, 1, 1, 0, 0, 1, 1, 1, 0, 0, 0, 1, 0, 0, 0, 1, 1, 0, 0, 0, 0, 1, 1, 1, 1, 1, 1, 1, 1, 0, 1, 1, 1, 0, 1, 1, 0, 1, 0, 0, 1, 0, 0, 1, 0, 0, 1, 1, 0, 0, 0, 1, 1, 0, 1, 0, 0, 1, 1, 1, 0, 0, 1, 0, 0, 1, 1, 1, 0, 1, 1, 1, 1, 1, 0, 1, 0, 0, 1, 1, 1, 1, 0, 1, 0, 1, 0, 0, 1, 0, 0, 0, 0, 1, 0, 0, 1, 1, 1, 1]","[1, 1, 0, 1, 1, 1, 1, 1, 0, 0, 0, 0, 1, 0, 0, 1, 0, 1, 0, 1, 0, 1, 1, 1, 1, 1, 1, 0, 0, 0, 0, 1, 1, 1, 1, 0, 0, 0, 1, 1, 0, 1, 1, 1, 1, 1, 1, 1, 1, 0, 1, 0, 0, 0, 1, 0, 0, 0, 1, 1, 0, 0, 0, 0, 1, 1, 0, 1, 1, 1, 1, 0, 0, 1, 1, 1, 0, 1, 1, 0, 1, 0, 0, 1, 0, 0, 1, 0, 0, 0, 1, 1, 0, 0, 1, 1, 0, 1, 0, 1, 0, 0, 1, 1, 1, 1, 0, 1, 1, 0, 1, 0, 1, 1, 1, 1, 1, 1, 1, 0, 1, 1, 1, 1, 1, 1, 1, 0, 1, 0, 1, 1, 0, 1, 0, 0, 1, 0, 0, 1, 1, 1, 1]","[0.8962728035432702, 0.9442320338785403, 0.22168518236879303, 0.9644846582067842, 0.9130969269484087, 0.7845330782647867, 0.9448246366221131, 0.9151543171766311, 0.5, 0.5204740597508819, 0.1698543671890926, 0.32144874597153006, 0.8599755382463037, 0.16158194834063985, 0.36684282184392114, 0.8314700744403991, 0.5437291160540847, 0.9131905267378826, 0.1843307515121607, 0.8559241335081822, 0.1527783694479777, 0.9466212833612596, 0.8912271579299936, 0.9284359968899825, 0.8632129428586466, 0.9190512508218549, 0.9541013955172024, 0.20075694165856117, 0.2604788394761286, 0.4088724551659783, 0.1842930804984653, 0.7218936265071222, 0.9287039525848126, 0.7261314924564949, 0.8924197112516248, 0.5280172103564459, 0.2041804842272915, 0.23373351531004344, 0.8775276696606511, 0.9446651709390573, 0.2363741003109418, 0.8298888958329647, 0.8918549390246621, 0.8681957950981688, 0.9197199581323591, 0.922862970446815, 0.6382966943940732, 0.7489604743313714, 0.9477736693776733, 0.14690207933140137, 0.6693648620249775, 0.19419824178983694, 0.25881615389762347, 0.17829842395363663, 0.6621793454528365, 0.15408183492073677, 0.16679307476338145, 0.4515077623991892, 0.8390971655122547, 0.8760640748461999, 0.1773636627387394, 0.16627116562579738, 0.19544429096229296, 0.21793538469761525, 0.9507939995447773, 0.9000671113668779, 0.375243125106153, 0.9516372483874062, 0.8858579119037799, 0.9464234225273368, 0.8849041202542568, 0.21078818694305843, 0.18162961362386942, 0.9297217906999414, 0.963699766073301, 0.9497755185832478, 0.1544447992230636, 0.8108908018799226, 0.885828512991661, 0.4515183877081535, 0.9434284482324466, 0.16235292961544617, 0.14212066135931004, 0.8918972897798892, 0.18742507140115935, 0.4350072788838594, 0.6859593754064827, 0.20155076311813622, 0.2762412128524723, 0.23272453133131238, 0.929123471866397, 0.6737104881441718, 0.1601090866556968, 0.1774445561753884, 0.9636837828510928, 0.635561816454932, 0.17074941125886253, 0.9481148261930648, 0.16787478826407182, 0.7061293019797406, 0.40395338593183633, 0.15898260684273088, 0.9655291933522578, 0.7323087754830707, 0.9069549370868043, 0.8656518443526926, 0.17725447416205053, 0.7078093587866453, 0.9361624020050251, 0.4793798886257588, 0.9393422476021898, 0.16502279826495184, 0.8690879631501763, 0.7063812840045829, 0.9144093832130059, 0.9561446543436662, 0.9729957925264819, 0.9210355907241476, 0.9324019837617106, 0.3362347132478475, 0.6277325283721815, 0.9377053979703671, 0.908768698150158, 0.9631545766750512, 0.7828588004772035, 0.6107330627107653, 0.9467354128507988, 0.18641840314934285, 0.964518768012781, 0.12539989407962215, 0.841686065072766, 0.9432994942481755, 0.1954029514782491, 0.6306934398436054, 0.19116650308108293, 0.39792723718402834, 0.9093920240908613, 0.17106110298506794, 0.4880228033251155, 0.9613479014721752, 0.9496094706435374, 0.9078208403696839, 0.8552423810378526]"
SVM,33,7,"[1, 0, 0, 0, 0, 1, 1, 1, 1, 1, 0, 1, 1, 0, 1, 0, 0, 1, 0, 1, 1, 1, 1, 1, 1, 1, 1, 1, 1, 1, 1, 0, 1, 1, 0, 0, 0, 1, 1, 1, 1, 0, 1, 0, 1, 0, 1, 1, 1, 0, 1, 1, 1, 0, 0, 1, 1, 1, 0, 1, 1, 1, 0, 0, 1, 1, 0, 1, 0, 1, 1, 1, 1, 1, 0, 1, 0, 1, 0, 1, 0, 1, 1, 1, 0, 1, 0, 1, 0, 1, 0, 1, 0, 1, 1, 1, 1, 1, 1, 1, 1, 1, 1, 1, 1, 1, 1, 1, 1, 1, 0, 1, 1, 1, 0, 0, 0, 1, 1, 0, 0, 0, 1, 1, 1, 0, 0, 0, 1, 1, 1, 1, 1, 0, 1, 1, 1, 0, 1, 0, 1, 0, 1, 0]","[1, 1, 0, 1, 0, 1, 0, 1, 1, 1, 1, 1, 1, 0, 1, 1, 0, 1, 0, 1, 1, 1, 0, 0, 1, 1, 1, 0, 1, 1, 1, 0, 1, 1, 0, 1, 0, 0, 1, 0, 1, 1, 1, 0, 1, 0, 0, 0, 1, 0, 1, 1, 1, 0, 0, 1, 1, 1, 0, 1, 1, 1, 0, 0, 1, 1, 0, 1, 0, 1, 0, 1, 1, 1, 1, 1, 0, 1, 1, 1, 0, 1, 1, 1, 0, 1, 0, 1, 1, 1, 0, 0, 0, 1, 1, 1, 1, 1, 0, 1, 1, 1, 1, 1, 1, 1, 1, 1, 0, 1, 0, 1, 1, 1, 0, 0, 0, 0, 1, 0, 0, 1, 1, 1, 1, 0, 0, 0, 1, 1, 1, 1, 1, 1, 1, 0, 1, 0, 1, 0, 1, 0, 1, 0]","[0.9472449792703223, 0.8289055615740369, 0.3107963651846238, 0.6941494348777099, 0.14264723591252856, 0.924889853141133, 0.3613097322692873, 0.9507151012203174, 0.9429209295234569, 0.9633465745918025, 0.9379227108786743, 0.931558725650239, 0.847565892770867, 0.09919689921854323, 0.9684040166350446, 0.795894704363949, 0.11791023942602355, 0.901493869185113, 0.12030633170778827, 0.8586673715431693, 0.9375309683829246, 0.9532049483950922, 0.0928093011464237, 0.2827538859184623, 0.7260928829925257, 0.9429161635171922, 0.8712517182891175, 0.27874750801854364, 0.8807600099207422, 0.9624221083557339, 0.7911968473572673, 0.08989129001674945, 0.8973318690258147, 0.9214315066563501, 0.1887866893956414, 0.8261731981863704, 0.44334161259417487, 0.5, 0.863965851731922, 0.5138967704531273, 0.9338640215946064, 0.82765159831767, 0.9356895476390209, 0.09368258905916574, 0.6287090724623896, 0.27820381119253823, 0.4699974962281036, 0.11494286716756943, 0.8434696119375356, 0.5722134544349555, 0.8818271595326286, 0.9371827473181527, 0.8431894068003053, 0.07064383137893773, 0.14319601377261257, 0.9433711424591543, 0.810728466759018, 0.933124795777006, 0.08578772244668537, 0.9111147901647365, 0.9361157498456443, 0.8854700344423436, 0.1605851789811633, 0.10097832582134882, 0.9611181286700252, 0.6976949333740079, 0.07244777871257214, 0.9368914441468951, 0.08496939455604155, 0.9331628782634743, 0.5064174539877075, 0.9092930045893624, 0.9481103315989143, 0.933182339841401, 0.9544580708173607, 0.9020646275408415, 0.0555838705366959, 0.9264955635169816, 0.6949760228138581, 0.9203373160652857, 0.08123268859832937, 0.916728001624204, 0.9573434776651819, 0.9090417209325508, 0.09413187836433742, 0.9000886319745084, 0.1791858414576949, 0.9157978266105169, 0.9181146640333261, 0.9400641929545871, 0.11679308680825655, 0.1252440287852594, 0.1284963125596316, 0.9374817819556766, 0.9098625266502011, 0.9371767058547162, 0.9330452124277845, 0.9014060825280192, 0.09695854190691595, 0.9226519682869766, 0.9409368536326617, 0.7363830544626488, 0.7375106210908021, 0.8835542879441544, 0.9508462581099321, 0.915996192434322, 0.8519180113866087, 0.8905953335627411, 0.11782424197078786, 0.8864693051403142, 0.1264961424309714, 0.9372069874375074, 0.9315559935020361, 0.9221407729283227, 0.45982047263913894, 0.5, 0.08709041230339516, 0.46907171911975915, 0.8968715204589606, 0.14216717526194117, 0.06000953328188642, 0.5760367497376998, 0.6383197238387819, 0.7199559681279601, 0.8907127153730161, 0.1610629702456329, 0.18156712480746756, 0.08613251113489764, 0.9203005575009039, 0.9219089287571904, 0.8930253024010543, 0.8972627666266735, 0.952082985485128, 0.7043505356787828, 0.9451882653610252, 0.11055107136422337, 0.7074574950434463, 0.12623700874341848, 0.9034536994294589, 0.09265429386965833, 0.9256489882541039, 0.10583592630927871, 0.9205514886122395, 0.09411132173584255]"
SVM,34,7,"[0, 1, 1, 0, 1, 1, 0, 1, 0, 1, 1, 1, 1, 1, 0, 0, 0, 0, 1, 1, 1, 1, 1, 1, 0, 0, 1, 1, 0, 1, 1, 0, 1, 1, 1, 1, 0, 1, 1, 1, 1, 1, 1, 0, 1, 1, 0, 0, 0, 0, 1, 0, 0, 1, 1, 0, 0, 1, 1, 1, 1, 1, 1, 0, 1, 1, 1, 0, 1, 1, 1, 1, 1, 0, 0, 1, 1, 1, 1, 1, 1, 1, 1, 1, 1, 1, 0, 1, 1, 1, 0, 1, 1, 1, 0, 1, 1, 0, 1, 1, 0, 1, 1, 1, 1, 1, 1, 1, 0, 0, 0, 0, 1, 0, 1, 1, 1, 0, 1, 1, 0, 1, 1, 1, 1, 1, 0, 1, 1, 1, 0, 1, 0, 1, 1, 1, 1, 1, 0, 0, 1, 0, 0, 1]","[0, 1, 1, 0, 1, 1, 0, 1, 0, 1, 1, 0, 1, 1, 0, 0, 0, 0, 1, 1, 1, 0, 1, 1, 0, 0, 1, 1, 0, 1, 1, 0, 1, 1, 1, 1, 0, 1, 0, 0, 1, 1, 1, 0, 1, 1, 0, 0, 0, 0, 1, 0, 0, 1, 1, 0, 1, 1, 1, 1, 0, 1, 1, 1, 1, 1, 0, 0, 1, 1, 1, 1, 0, 0, 0, 1, 1, 0, 1, 1, 1, 1, 1, 1, 1, 1, 0, 1, 1, 1, 0, 1, 1, 0, 0, 1, 1, 0, 0, 1, 1, 1, 0, 1, 1, 1, 1, 1, 0, 1, 1, 0, 0, 0, 0, 1, 1, 1, 1, 1, 0, 1, 1, 1, 1, 1, 0, 1, 1, 1, 0, 1, 0, 0, 1, 0, 1, 1, 0, 1, 1, 0, 0, 1]","[0.407046588248772, 0.9356437153619305, 0.7116361559610416, 0.19015547357123988, 0.8178224294812736, 0.9166908328128043, 0.19467795714387878, 0.7965215375074604, 0.4918737036136879, 0.8706803526259381, 0.9382773676910393, 0.16879654427762794, 0.9173745213854353, 0.9519299328711555, 0.1690939955297158, 0.3375544154862004, 0.12300092656369914, 0.06265228002620644, 0.8984195023157018, 0.939262925154492, 0.9201529744264909, 0.41229578285052493, 0.9081925578606873, 0.9268567026998759, 0.2219113056314825, 0.1580662156713238, 0.8857788706434019, 0.9232773825387752, 0.15603215436107465, 0.9129683734837513, 0.9431663342172131, 0.13110637499161987, 0.8353090669448332, 0.9551659262593409, 0.9292520942767362, 0.9146664223966611, 0.18288378690712648, 0.9124554603742085, 0.36826032942355363, 0.05387309957072254, 0.9196896757176258, 0.9319753141686411, 0.9204408885993408, 0.21956102864192806, 0.9273960981546866, 0.939758640457463, 0.35121391913629346, 0.18435465301640813, 0.19696647788997043, 0.09431595310898497, 0.9257622850048175, 0.18606247960281994, 0.1756067217644677, 0.9235998249778846, 0.8882779299500411, 0.25473647300438307, 0.8770298868695867, 0.9032143811331942, 0.9274719439075005, 0.8588865588060456, 0.49446033335163253, 0.9276344116348667, 0.8427448996780109, 0.7218880183456463, 0.9002524087100598, 0.8813281515912008, 0.3184838252697358, 0.3433682083296689, 0.9107660804852729, 0.9346418456149143, 0.8567157512299854, 0.8554171203593743, 0.5226942187293021, 0.11596414837421745, 0.18334503542480787, 0.7158447796459467, 0.6518440650409446, 0.5, 0.9390843324643843, 0.7871700528121252, 0.8990782654309225, 0.9384874390636606, 0.897251692193146, 0.9009695169146009, 0.910260199374236, 0.9441731443038618, 0.2882143397084369, 0.8718130596012522, 0.8181301298506068, 0.9212557496925783, 0.1669821694638507, 0.8668234261495517, 0.9214477248560349, 0.49493249579392623, 0.14562685055904048, 0.9415167071102102, 0.8277958362195419, 0.08198395111942779, 0.5182559821026349, 0.9136786439192975, 0.7431132743371878, 0.894841570204556, 0.22582788842373858, 0.8675324882905462, 0.8981999227556089, 0.8634085251369773, 0.9265350041070055, 0.9065840974761735, 0.13462222540787722, 0.8605367761029764, 0.8922206897927415, 0.35059075290543923, 0.11099743567179499, 0.19783129515067932, 0.46308846382263114, 0.8572959437803215, 0.9238461520421015, 0.8903708077702479, 0.9273638503613795, 0.8942412016042417, 0.17178922601141147, 0.7689044491192111, 0.9218605566937862, 0.9403412108994595, 0.9332291576514088, 0.9170102844967043, 0.15484357210484856, 0.8718359979587231, 0.8055160283382249, 0.9168431180191738, 0.10093300976587252, 0.8996765230395154, 0.1292441005969185, 0.4704380150913674, 0.9202096360315697, 0.4866909256532536, 0.9058643197248177, 0.8330435905157089, 0.1607195384000544, 0.7735879254245237, 0.9047603857341309, 0.12810555705172647, 0.17466306842111612, 0.9145781769046327]"
SVM,35,7,"[0, 1, 1, 0, 0, 1, 1, 1, 0, 1, 1, 1, 0, 0, 1, 1, 1, 1, 0, 1, 1, 0, 1, 1, 1, 0, 0, 1, 1, 0, 1, 0, 1, 0, 1, 0, 1, 0, 0, 0, 1, 0, 1, 1, 0, 1, 1, 1, 1, 0, 1, 0, 1, 1, 0, 1, 1, 1, 0, 1, 1, 1, 1, 1, 1, 1, 1, 1, 0, 1, 0, 0, 0, 1, 1, 1, 1, 1, 1, 1, 1, 1, 0, 1, 1, 1, 1, 1, 1, 1, 1, 1, 1, 0, 1, 0, 0, 1, 1, 0, 0, 1, 0, 1, 0, 1, 1, 0, 0, 1, 1, 1, 1, 1, 1, 1, 0, 1, 1, 0, 0, 1, 0, 1, 1, 0, 1, 1, 1, 0, 1, 1, 1, 0, 0, 1, 0, 0, 0, 1, 0, 1, 1]","[1, 0, 1, 0, 0, 1, 1, 1, 0, 1, 1, 1, 0, 0, 1, 1, 1, 1, 0, 1, 0, 0, 1, 1, 1, 0, 1, 1, 1, 0, 1, 0, 1, 0, 1, 0, 1, 1, 0, 0, 1, 0, 1, 1, 1, 1, 1, 1, 1, 0, 1, 1, 0, 1, 0, 0, 1, 0, 0, 0, 1, 0, 1, 1, 0, 1, 0, 1, 0, 1, 1, 0, 0, 1, 0, 1, 0, 1, 1, 1, 0, 1, 0, 1, 1, 1, 1, 1, 1, 1, 1, 1, 1, 0, 0, 0, 1, 0, 1, 0, 0, 1, 1, 1, 0, 1, 1, 0, 1, 1, 0, 1, 0, 1, 1, 1, 1, 1, 1, 0, 0, 1, 0, 1, 1, 0, 1, 1, 1, 0, 1, 1, 0, 1, 0, 1, 0, 1, 1, 0, 0, 1, 0]","[0.9283302922539945, 0.1868590502412806, 0.9366931288168632, 0.148109747644668, 0.13966463473298113, 0.8631260491288724, 0.9562509888127073, 0.5883831172670912, 0.14832417637276485, 0.9520893162392651, 0.905667514512019, 0.9231904853332372, 0.07228794628723252, 0.16725198389213644, 0.6577937029233645, 0.799272040725771, 0.87586698110182, 0.7704412403406548, 0.22833803564812835, 0.9521677523412515, 0.40914816954791033, 0.08455579173847419, 0.7943052190893644, 0.9419715629068086, 0.9411767258901362, 0.11179007634628785, 0.8290111569731531, 0.8892512146182536, 0.9386855417666043, 0.45093127807271144, 0.9480020625770603, 0.17155452451497183, 0.8021486812371746, 0.13688383157585488, 0.9320610814897451, 0.0860318018504005, 0.912261452745332, 0.9083999891341608, 0.30076344302785724, 0.1434355244230429, 0.9011574185354722, 0.34565045531175576, 0.9433752375896186, 0.9184423421570392, 0.8921935374799964, 0.9196157116068492, 0.8965912146401366, 0.9059193602165863, 0.9438354438874421, 0.16850290443232374, 0.9191358189569753, 0.9124106887151101, 0.5, 0.835733881462561, 0.15580613179066016, 0.5379210915405855, 0.8838961998791512, 0.2574957594143956, 0.1691105851920833, 0.38080212722321805, 0.9659700019176835, 0.43151988272495895, 0.8843388552005533, 0.8578973111393029, 0.2474160730521779, 0.8571188189457611, 0.129020842168522, 0.9334359048293739, 0.11188887666863347, 0.9670568459326913, 0.6225418873800475, 0.11142943541679294, 0.43756587131145797, 0.9363239493954608, 0.1555688148107946, 0.9429869361638704, 0.2886074828832638, 0.9371469272798469, 0.9077550792307089, 0.5802351316091144, 0.2548464833951696, 0.901536743961198, 0.5466547108826368, 0.9061228876877055, 0.7897912353523526, 0.8210192268081546, 0.9082270308100143, 0.9513340273505757, 0.9248207443164821, 0.9501951877889517, 0.8341065664774263, 0.9542372343993066, 0.9264407073073161, 0.10534767202407666, 0.4273152082111075, 0.0993012141588731, 0.9232016610432162, 0.1962470987375629, 0.9135149234432934, 0.14279970136740985, 0.12804002598984332, 0.7638257200561916, 0.7181675092279687, 0.8266373567864274, 0.11279042980053823, 0.7861221024655148, 0.9244276580262581, 0.1657218483447704, 0.5691815419088907, 0.8916300516307145, 0.32291770979791035, 0.9516582397565978, 0.3870105682762717, 0.9146896836066665, 0.7002557398691517, 0.9285720884708967, 0.7835961038365205, 0.8370496655589527, 0.7062076988306502, 0.10312546235282051, 0.14428335040066628, 0.9346068611513636, 0.17514541161913671, 0.9085415292339301, 0.9299580596128616, 0.13859463932034252, 0.8904348101685537, 0.9604630817326966, 0.881470361634723, 0.247491793079794, 0.9643179563990588, 0.9161578042829955, 0.4878962142234075, 0.8124483723023747, 0.14014531949643308, 0.7619348472959087, 0.1761857375199693, 0.8812219666153347, 0.7492367638849501, 0.42010186879669126, 0.14703101325504903, 0.9488584628145658, 0.08754811303870105]"
SVM,36,8,"[1, 1, 1, 1, 1, 0, 0, 1, 0, 1, 1, 1, 1, 1, 1, 1, 0, 1, 1, 0, 1, 1, 1, 1, 1, 1, 0, 1, 0, 0, 1, 1, 0, 0, 1, 1, 1, 0, 1, 1, 0, 1, 1, 1, 1, 1, 0, 1, 1, 1, 0, 1, 0, 0, 1, 0, 1, 1, 0, 0, 1, 0, 0, 0, 0, 0, 1, 1, 1, 1, 1, 1, 1, 1, 1, 1, 1, 0, 0, 0, 0, 1, 1, 1, 0, 1, 1, 1, 0, 0, 1, 0, 1, 1, 1, 0, 0, 1, 1, 1, 0, 1, 1, 1, 0, 0, 1, 1, 1, 1, 0, 0, 1, 1, 0, 0, 1, 1, 1, 0, 0, 1, 1, 1, 0, 0, 0, 1, 1, 0, 0, 0, 1, 0, 1, 0, 0, 0, 1, 1, 1, 0, 0, 0]","[1, 1, 1, 1, 1, 0, 0, 1, 1, 1, 1, 1, 1, 1, 1, 1, 0, 1, 0, 0, 0, 0, 1, 1, 1, 1, 0, 1, 0, 0, 1, 1, 0, 1, 1, 1, 1, 0, 1, 0, 0, 1, 0, 1, 1, 0, 1, 1, 1, 1, 0, 1, 0, 0, 1, 1, 1, 1, 0, 0, 1, 0, 0, 0, 1, 0, 0, 1, 0, 1, 1, 1, 1, 1, 1, 1, 1, 0, 0, 0, 0, 1, 1, 1, 0, 1, 1, 1, 0, 0, 1, 0, 1, 1, 1, 0, 0, 0, 1, 1, 0, 1, 1, 1, 1, 1, 1, 1, 1, 1, 1, 1, 1, 1, 0, 0, 1, 1, 1, 0, 0, 1, 1, 1, 0, 1, 1, 1, 1, 0, 0, 0, 1, 0, 1, 0, 0, 0, 1, 1, 0, 0, 0, 0]","[0.9481532983779003, 0.9327020759028857, 0.9110376473933977, 0.9445467621199648, 0.6777161379411801, 0.18000269141024636, 0.1821263177234202, 0.9111184298667494, 0.8180743109840313, 0.8206000265171878, 0.9433718052423266, 0.9139245171858515, 0.9404296635171858, 0.8855399805800196, 0.9115531102521051, 0.8904273078715501, 0.2017944108538249, 0.9333051587924421, 0.4868834122639871, 0.20348301560096715, 0.5751982249082437, 0.29139744061253087, 0.9282621825235857, 0.8532696005987204, 0.9173220334196901, 0.8052241414725422, 0.24141206934467754, 0.9166890239581617, 0.1449259868854987, 0.1804201389579128, 0.8220661274979649, 0.9481077767056878, 0.17262913537059646, 0.8939053215996767, 0.9302374188399601, 0.5991187843224623, 0.9337117052112341, 0.44519677293117405, 0.9321520420402505, 0.3645014269776475, 0.37021869971059695, 0.9277371647549756, 0.5238935578076215, 0.9283811668797927, 0.9135618342151574, 0.33417761093231413, 0.6878947757431573, 0.8783079070289728, 0.8403245525489127, 0.8407857042126219, 0.13325050141664174, 0.8805556543047997, 0.16779236042571313, 0.16409923897893794, 0.948456996651823, 0.706008533563765, 0.912023348935012, 0.8883803567028027, 0.18260898193484926, 0.3442760449352149, 0.9102247665153941, 0.11901805204609371, 0.22057567641577552, 0.17935167488790646, 0.6038127608684712, 0.11013137330583961, 0.3634190659432115, 0.8941790880634725, 0.4569017163723269, 0.9276857476549846, 0.9211533224974189, 0.8972015575912663, 0.949439970684336, 0.8357902517609743, 0.8678894098271926, 0.9074883042249641, 0.8884729694568224, 0.16903633941466223, 0.1305986012097096, 0.38434504977454226, 0.12626230411033526, 0.9328319383289112, 0.9204916971485334, 0.913741099287891, 0.36336018665129133, 0.7405786210455073, 0.9242647216172296, 0.9373071842073278, 0.19406079188259265, 0.2093311105552275, 0.9240025043640865, 0.32981039751028596, 0.9342168639198556, 0.9211112404912876, 0.9210390141496784, 0.2119354804134667, 0.19490939800067325, 0.44290628600749515, 0.855940291137653, 0.8503819717832809, 0.17620941890766648, 0.678917946319996, 0.9516058242620232, 0.9034830615860486, 0.7904632930594158, 0.9208368179262447, 0.9275888073800911, 0.8892083874425534, 0.8798017042902815, 0.9399598414573437, 0.8567819166348267, 0.9132069960329376, 0.8444228927861129, 0.778001002391256, 0.23524662688781414, 0.1716084717190206, 0.8980046733842225, 0.9055576946835624, 0.9047724052711295, 0.20234574102808334, 0.15176878200543764, 0.9360024865310368, 0.9202945550251819, 0.8934022887697641, 0.2142379118287786, 0.7799798150912475, 0.8709794278156887, 0.8443914659153993, 0.8131800403071957, 0.23915957514522293, 0.2780787725542153, 0.25960714584978445, 0.8430824860782858, 0.13273081086739363, 0.9277850404277028, 0.16686237639335993, 0.20855201816060812, 0.18857916859681734, 0.9319964256156418, 0.8851099932104615, 0.5070752074460778, 0.23720734225422288, 0.14421345586233936, 0.17710518706551417]"
SVM,37,8,"[1, 0, 1, 0, 0, 1, 0, 1, 1, 1, 1, 1, 1, 1, 1, 1, 1, 0, 1, 1, 1, 1, 1, 1, 1, 1, 1, 1, 0, 0, 1, 1, 1, 0, 1, 1, 1, 0, 1, 0, 0, 1, 0, 1, 1, 0, 1, 1, 1, 1, 1, 0, 0, 1, 0, 0, 0, 1, 1, 0, 0, 0, 1, 1, 1, 1, 1, 1, 1, 1, 1, 1, 1, 1, 1, 0, 1, 1, 1, 1, 1, 1, 1, 1, 1, 1, 1, 1, 1, 0, 1, 1, 1, 1, 1, 1, 0, 1, 0, 1, 0, 0, 0, 0, 1, 0, 1, 1, 1, 1, 1, 1, 1, 1, 1, 1, 1, 1, 1, 1, 0, 0, 1, 1, 0, 0, 1, 0, 0, 1, 0, 0, 1, 0, 1, 1, 0, 0, 1, 1, 1, 1, 1, 1]","[1, 1, 1, 0, 0, 1, 0, 0, 1, 1, 1, 0, 1, 1, 1, 0, 1, 0, 0, 0, 1, 1, 1, 1, 1, 1, 1, 1, 0, 0, 1, 1, 1, 0, 1, 1, 1, 1, 1, 0, 0, 1, 1, 1, 1, 0, 1, 0, 1, 1, 1, 0, 0, 1, 0, 0, 0, 1, 1, 0, 0, 0, 1, 1, 1, 1, 1, 1, 1, 1, 1, 1, 1, 0, 1, 0, 1, 1, 1, 1, 1, 1, 1, 0, 1, 1, 1, 1, 1, 0, 1, 1, 1, 1, 1, 0, 0, 1, 0, 1, 0, 0, 1, 1, 0, 1, 1, 1, 1, 1, 1, 1, 1, 0, 1, 1, 1, 1, 1, 1, 1, 0, 1, 1, 0, 0, 1, 0, 1, 1, 1, 0, 1, 1, 1, 1, 0, 0, 1, 1, 0, 1, 0, 1]","[0.9407766785277346, 0.8418693194068577, 0.9165773519136974, 0.1766523168597523, 0.18215153170962942, 0.7942724931281658, 0.08797753108171338, 0.5093434335698888, 0.9450039913902482, 0.8153450195225022, 0.9558867758006762, 0.14092068705709715, 0.8764569567695825, 0.9130904198513152, 0.9481038936428563, 0.10566712290201521, 0.9066255336492892, 0.13927315326380915, 0.3173333000882202, 0.29542966685435046, 0.9212311480284336, 0.9082637108117291, 0.9522968483680722, 0.898397975692485, 0.9240296242394137, 0.9460622776496643, 0.7702887020465571, 0.9418902146221203, 0.11445938835014415, 0.11965390640340368, 0.8621496595274575, 0.6666455674012239, 0.868738554357458, 0.16500735611920575, 0.945368647925417, 0.8684718579700975, 0.8816310709151058, 0.8245021452314161, 0.924582800248133, 0.17784105730213273, 0.15128315088797525, 0.893159622452028, 0.7609867131098139, 0.9327150903601761, 0.9210858329795459, 0.15287106768253053, 0.9284823992115426, 0.14769057551838305, 0.6728009669918689, 0.9393698873531463, 0.8878776786985162, 0.21860566073168683, 0.1342490395316683, 0.5945932669440793, 0.1446783057783158, 0.17107050436505833, 0.07012769709034496, 0.8291546576115312, 0.8725101706648734, 0.14697079607206628, 0.14510420710020996, 0.1454555057125803, 0.6740414019177499, 0.9425266672789961, 0.9341902678690002, 0.8873988218569469, 0.9305629866040978, 0.9615008381859577, 0.9357874344683833, 0.9079001076811, 0.9239522582502296, 0.8816161265731307, 0.9126467235894505, 0.23487934025989582, 0.9318657031106469, 0.15458716185067523, 0.8526549557426203, 0.9208274355877053, 0.6085414551205763, 0.9534632972780822, 0.9308510345112759, 0.9215927921319342, 0.9206312689489669, 0.3004048788417112, 0.9283861389172225, 0.8732249876333179, 0.9397776661175791, 0.9306661898543714, 0.8815273962265635, 0.4342738275467294, 0.8892893303851918, 0.9059159658652747, 0.9018799456673354, 0.9077745285809393, 0.9261148924489274, 0.2054169715434773, 0.13809219127167766, 0.906383445156375, 0.22884404795031607, 0.9092868770879095, 0.13794025945218905, 0.12812759312666555, 0.7986710367017085, 0.7027088548583814, 0.09494694428343613, 0.9192229928685154, 0.9278236965436626, 0.9266316354551052, 0.8254417570580941, 0.8947651363014351, 0.9177892093688219, 0.9159157934494029, 0.889692734935495, 0.49183092201569845, 0.9321907682882515, 0.9087965462061985, 0.895797059119424, 0.8801822073713633, 0.9200837397177029, 0.8650260816486947, 0.8831615898233102, 0.3844937909657754, 0.575157725230594, 0.9450536202386366, 0.4895837602295228, 0.14196709409593983, 0.9527634735423748, 0.09040762743883257, 0.8569941769890861, 0.9139669473711853, 0.753154665353575, 0.37930910224161174, 0.9069190692183623, 0.8271074708359166, 0.9425848193915575, 0.9377615602993624, 0.12146331218557346, 0.41185010284639517, 0.9409999114355662, 0.9345108876801793, 0.45521186680587983, 0.9289680368980063, 0.09971627368389782, 0.9130995795124209]"
SVM,38,8,"[0, 1, 1, 1, 1, 1, 0, 1, 1, 0, 1, 1, 0, 1, 1, 1, 0, 1, 1, 1, 0, 1, 1, 0, 0, 1, 0, 1, 1, 0, 0, 1, 0, 0, 0, 1, 1, 0, 1, 0, 1, 1, 1, 1, 1, 0, 1, 1, 0, 1, 0, 1, 0, 1, 1, 0, 1, 1, 1, 1, 1, 0, 0, 1, 1, 0, 1, 1, 1, 1, 1, 1, 1, 0, 0, 1, 1, 0, 1, 1, 1, 1, 0, 0, 0, 1, 0, 1, 1, 0, 1, 1, 1, 1, 0, 1, 0, 1, 1, 1, 0, 1, 1, 1, 1, 0, 1, 1, 0, 1, 1, 0, 1, 0, 0, 1, 0, 1, 0, 0, 1, 0, 1, 0, 1, 1, 1, 0, 0, 1, 0, 0, 1, 1, 1, 1, 0, 0, 0, 0, 1, 1, 1]","[0, 0, 1, 1, 1, 1, 1, 1, 1, 0, 0, 1, 0, 1, 1, 1, 0, 1, 1, 0, 0, 0, 1, 0, 0, 1, 0, 1, 0, 0, 0, 1, 0, 0, 1, 1, 1, 1, 0, 0, 1, 1, 1, 1, 1, 0, 1, 1, 0, 0, 0, 1, 0, 1, 0, 0, 1, 0, 1, 1, 0, 0, 0, 1, 1, 0, 0, 0, 1, 1, 0, 1, 1, 0, 1, 1, 1, 0, 1, 1, 1, 0, 0, 1, 0, 1, 1, 1, 0, 0, 0, 1, 1, 0, 0, 1, 0, 1, 1, 0, 0, 0, 1, 1, 1, 1, 1, 1, 0, 1, 1, 1, 1, 0, 1, 1, 0, 1, 0, 0, 1, 0, 1, 0, 1, 1, 1, 0, 0, 1, 0, 0, 1, 1, 1, 0, 1, 1, 1, 1, 0, 1, 1]","[0.3665775373225945, 0.2728803056843407, 0.9567698393878392, 0.9651330438362435, 0.9195062026629918, 0.9286245591827667, 0.9318973214590666, 0.9683201617847217, 0.9019408395268312, 0.16156141267370663, 0.24239844438539684, 0.9391620511381104, 0.052220087659043714, 0.8453092031025543, 0.7998392057518893, 0.8114771360538177, 0.13596251318372632, 0.9372566469493298, 0.8832980618955766, 0.40525693690550935, 0.1126493869325863, 0.4698397449789104, 0.9299851244690411, 0.19496702711296127, 0.15478310240421336, 0.9476335404001365, 0.15145554438717979, 0.9296407366187014, 0.20386105708987276, 0.44792494988181547, 0.17830347787923265, 0.9022419002779539, 0.1529400315055805, 0.5191240394694824, 0.8076878419256047, 0.931625393127674, 0.9281095946950627, 0.881200433417883, 0.03922186888082397, 0.1453104884736876, 0.9363875476378646, 0.8375130389614552, 0.9009661844453174, 0.9416411259509284, 0.9176266223800057, 0.5389426365455131, 0.9396654303644931, 0.9285313255572598, 0.1536461821811186, 0.2467312238387961, 0.3058495261414916, 0.9342398731637359, 0.17286907577555938, 0.8964884330681763, 0.21792194869204518, 0.1202700025112838, 0.9630121671146485, 0.39914224773367235, 0.8715450101395036, 0.9387695478854359, 0.3362682951215495, 0.13741076538732142, 0.48712762831649564, 0.7914380515563756, 0.9024457857142273, 0.15887018157582397, 0.1472580997831859, 0.30579325666171425, 0.9272316709401758, 0.7578434539064146, 0.5211161201149229, 0.5976375721438367, 0.9066114792474068, 0.18537380023818092, 0.6146466669918779, 0.9361663110174168, 0.9553687320522894, 0.2671228023357747, 0.9201561479160483, 0.9555754786262585, 0.9193435741924655, 0.345598395560401, 0.23031068790835618, 0.7122377644818192, 0.07730585235527038, 0.9220986261359205, 0.9123326068559834, 0.6777037492864989, 0.1152158574577348, 0.1264630832392217, 0.20715818923733348, 0.9448094277905827, 0.9422346318698135, 0.3898351132061812, 0.11913686066524268, 0.5880131234554978, 0.10107796385217206, 0.8614770431201086, 0.8945831908864459, 0.14571250150249931, 0.11850604699161724, 0.5195763875024139, 0.9265458456656706, 0.9147353381607439, 0.9417582256115513, 0.8992666645161226, 0.8452677878285862, 0.9182527008685235, 0.16786327665924514, 0.9662639117087456, 0.9109626482937927, 0.7715838022980911, 0.9190032639476972, 0.15653563985351718, 0.6438167699115579, 0.931021104432997, 0.4949818304094427, 0.9344660785388407, 0.3968472056097814, 0.16254719225172545, 0.8177837988193447, 0.08262409756410932, 0.9586445672493936, 0.1412812147184274, 0.9160430693393673, 0.9051486190546931, 0.6608715880494034, 0.07061767791582534, 0.12153355993171415, 0.7070191809024813, 0.152904174564209, 0.07324394791020494, 0.6633554972868512, 0.6842582384379531, 0.9296737231511878, 0.5546203150883792, 0.7138592089472848, 0.8227330607786592, 0.7955765165793298, 0.7417357296069108, 0.4836750052661884, 0.8866351838486883, 0.8378214364018072]"
SVM,39,8,"[0, 1, 1, 1, 1, 1, 1, 1, 0, 0, 0, 0, 1, 0, 1, 1, 0, 1, 1, 1, 1, 1, 0, 1, 0, 1, 1, 1, 1, 0, 1, 1, 1, 1, 0, 0, 1, 1, 0, 1, 0, 1, 1, 1, 1, 1, 1, 0, 1, 1, 0, 1, 1, 0, 1, 0, 0, 0, 1, 1, 0, 0, 0, 0, 0, 1, 0, 0, 1, 0, 1, 1, 1, 0, 1, 0, 1, 1, 1, 1, 1, 0, 1, 1, 1, 0, 1, 1, 1, 1, 0, 0, 1, 0, 0, 0, 1, 1, 1, 1, 1, 1, 0, 1, 0, 1, 0, 1, 0, 1, 1, 1, 1, 1, 1, 1, 1, 0, 1, 1, 0, 0, 0, 0, 0, 1, 0, 0, 1, 0, 1, 0, 1, 1, 1, 1, 1, 0, 0, 0, 0, 1, 1]","[1, 1, 0, 1, 1, 1, 1, 1, 0, 0, 1, 0, 1, 0, 1, 1, 0, 1, 1, 0, 1, 1, 0, 1, 0, 1, 1, 0, 0, 0, 1, 1, 1, 1, 0, 0, 0, 1, 1, 0, 0, 1, 1, 0, 1, 1, 1, 0, 0, 0, 0, 1, 1, 0, 1, 0, 0, 0, 1, 1, 1, 0, 0, 1, 0, 1, 0, 0, 0, 0, 1, 1, 1, 0, 1, 0, 1, 1, 1, 1, 1, 1, 1, 1, 1, 0, 1, 1, 1, 1, 1, 0, 0, 1, 0, 0, 1, 1, 1, 1, 1, 0, 1, 1, 1, 1, 0, 0, 0, 1, 1, 1, 1, 1, 1, 1, 1, 0, 1, 1, 0, 0, 1, 0, 0, 1, 0, 0, 1, 0, 1, 0, 1, 1, 1, 1, 1, 0, 0, 1, 0, 1, 1]","[0.9395948576750035, 0.9116270889500955, 0.1501469021898775, 0.7992219355097214, 0.9500853425702375, 0.9173358132192924, 0.9307483541600363, 0.8083751431476696, 0.1729230666159721, 0.15983780080695453, 0.7463143095036953, 0.17585110972120638, 0.8880841849537794, 0.17869615875297346, 0.9539064420325966, 0.937242624180999, 0.14821223876198855, 0.8329131470588836, 0.9182576193184656, 0.4124419182157067, 0.8952640314417509, 0.9414041387078996, 0.17380151232738003, 0.9525068156454991, 0.15163123461479594, 0.7791469580043979, 0.9445390934600314, 0.3796892782966568, 0.409266160445875, 0.1604043002773188, 0.7624111181490633, 0.9379247910618027, 0.9530828723613273, 0.9571880885388856, 0.46565081605074005, 0.23444331455411277, 0.5115706615933159, 0.8894962344106571, 0.9165987790849599, 0.55631772702659, 0.2741591118490104, 0.9201543649743278, 0.9287299029798125, 0.17799553748630495, 0.8196564890802747, 0.9326218337511661, 0.9493155487263774, 0.214797015915222, 0.4718016801418578, 0.5776843913346907, 0.19406148805733156, 0.9430990847521795, 0.8998772354042754, 0.1899778101488865, 0.7823631904536494, 0.168504742873141, 0.19062432920629901, 0.17352642287332246, 0.8877203586278165, 0.945464829312849, 0.8621238300653754, 0.1368662879620896, 0.1815459015698965, 0.7179237787418836, 0.12139662559913669, 0.923724572408514, 0.3712102825264148, 0.10595126142067679, 0.46530636901098615, 0.19354698213469856, 0.8727298518684661, 0.7730742556855681, 0.936904976127216, 0.1518809714734455, 0.9361253689693885, 0.16329985257944168, 0.9170640408110702, 0.8938016999434787, 0.9184174502746825, 0.8099459921120187, 0.9063967317081136, 0.8751502390170379, 0.9516954777151513, 0.8366692118257869, 0.8650312723671716, 0.16611676370047987, 0.9159841715387512, 0.9515634646091945, 0.9254141739109077, 0.8047090604172327, 0.793907569806598, 0.39529390828232863, 0.536793094570182, 0.6110422745295839, 0.170055006717381, 0.182834540307399, 0.880654266106633, 0.9561605264387764, 0.6147392784369763, 0.965942554627738, 0.9305078097731359, 0.362083204112277, 0.9498472435958026, 0.926449463892707, 0.8685089942866503, 0.7502592620268328, 0.40922297481938563, 0.3960733991543859, 0.15510023457140423, 0.9385138788781248, 0.9600696273481406, 0.9425599335260941, 0.9181480184167636, 0.9250691614792834, 0.7492054969660399, 0.9432950046216729, 0.9275489989121743, 0.16226564328579282, 0.9658916483048196, 0.74229417384575, 0.22436600582291893, 0.08683706858229576, 0.90778905546224, 0.5354215620808593, 0.5888215012564973, 0.9176972700049342, 0.5090292377979377, 0.17829287365417262, 0.8088931764146513, 0.20170346750018123, 0.9648227837674267, 0.134430312289626, 0.9070052121302894, 0.9480637477571855, 0.920786703071513, 0.7158192428214036, 0.7477351151414963, 0.1485135585493035, 0.1670874563295872, 0.9059597709663587, 0.1686720673112335, 0.9351687956784153, 0.9005756687033422]"
SVM,40,8,"[0, 0, 0, 1, 0, 1, 0, 0, 1, 0, 0, 1, 0, 1, 1, 1, 0, 0, 0, 1, 0, 1, 1, 1, 1, 1, 0, 1, 0, 1, 1, 1, 1, 1, 1, 0, 0, 1, 0, 1, 1, 0, 0, 1, 1, 0, 0, 1, 1, 1, 0, 1, 1, 0, 0, 0, 1, 0, 1, 1, 1, 1, 1, 1, 0, 1, 1, 1, 0, 1, 1, 1, 1, 1, 1, 1, 0, 1, 1, 1, 0, 1, 0, 1, 1, 0, 1, 1, 1, 1, 1, 1, 0, 1, 0, 0, 1, 0, 0, 1, 1, 1, 1, 0, 0, 1, 1, 1, 1, 0, 0, 1, 1, 1, 1, 1, 0, 1, 0, 1, 0, 1, 1, 1, 1, 1, 0, 1, 1, 1, 1, 1, 1, 1, 1, 0, 1, 1, 1, 0, 1, 0, 0]","[0, 1, 0, 1, 1, 1, 1, 0, 1, 0, 0, 1, 0, 1, 1, 1, 0, 0, 0, 1, 0, 1, 1, 1, 1, 1, 0, 1, 1, 1, 1, 1, 1, 1, 1, 0, 0, 1, 0, 1, 0, 1, 1, 1, 1, 0, 1, 1, 1, 1, 1, 1, 1, 0, 0, 0, 0, 0, 1, 1, 0, 1, 1, 1, 0, 1, 0, 1, 1, 1, 1, 0, 1, 1, 1, 0, 0, 1, 1, 1, 0, 1, 1, 1, 1, 0, 1, 1, 1, 1, 1, 1, 0, 1, 0, 0, 1, 0, 0, 1, 0, 1, 1, 0, 1, 1, 1, 0, 1, 0, 0, 1, 1, 0, 0, 1, 0, 1, 0, 1, 0, 1, 1, 1, 0, 1, 0, 1, 1, 1, 1, 1, 1, 1, 1, 0, 0, 1, 1, 0, 1, 0, 0]","[0.5413890745317913, 0.6659852113644722, 0.17215960884914272, 0.9589988321013855, 0.923360398022548, 0.9196295578564474, 0.9425741123832853, 0.44569637642433063, 0.8664468325822255, 0.12206514377249686, 0.4870327597377678, 0.8672956715513305, 0.1425703938774536, 0.9601219020993709, 0.8719056593323163, 0.9381996650943202, 0.08588309362663787, 0.333872884070013, 0.14230856192895494, 0.8111789928841485, 0.22166844976472433, 0.7424470926200865, 0.9247808186305798, 0.9372900265814272, 0.8765755183879682, 0.9037444049415161, 0.15424888564814265, 0.9446267891937683, 0.7772618263132345, 0.9305248797599281, 0.8355244248138276, 0.883476677587485, 0.9512496622955673, 0.9696698707088244, 0.9562712662887626, 0.12189633350000217, 0.1240733301424544, 0.927668028639015, 0.09335834208361375, 0.9081411490329003, 0.5051454866289466, 0.8194086749703983, 0.7004013791688549, 0.8926044790790794, 0.8611487510012517, 0.38247131240535526, 0.9309195968492323, 0.9034585636038991, 0.8898860203263378, 0.9545269136563466, 0.9157203044320781, 0.9186415499769954, 0.810094642259962, 0.16309019443915632, 0.21012792939662445, 0.31805629119000844, 0.523015630821785, 0.101600446836345, 0.9187070024087964, 0.9594774556935152, 0.4667824374469515, 0.9048397426433773, 0.9428005231908622, 0.8984227191469089, 0.28594285830491545, 0.9359697426194242, 0.1258039157790468, 0.8813384554855687, 0.6149197969739563, 0.9640337552028094, 0.8914743783659385, 0.3040776131015699, 0.9534341894105978, 0.9404850083287146, 0.9220573170086193, 0.5481362033135755, 0.13764675372881346, 0.9238008308563593, 0.7312372834804616, 0.9232176162798595, 0.11275006133649663, 0.9650424296378575, 0.9548216395539043, 0.9161950291607485, 0.9212313951954929, 0.12931545899822722, 0.776358522682455, 0.8254538708619951, 0.8938447457349218, 0.9552069832850072, 0.9589075534335795, 0.9570356324296768, 0.12722873343337265, 0.9584431677974383, 0.15835315139128403, 0.15910955113048145, 0.9221821986458729, 0.1356379029656873, 0.10916918392139639, 0.9158205265247084, 0.4166581389589763, 0.8235848645930552, 0.7705417706826057, 0.2503951990816063, 0.6471096210463917, 0.8732327294371269, 0.9246869983055651, 0.3600838906425633, 0.9203151379517129, 0.11467474446398522, 0.1195283887779863, 0.8984250539261582, 0.7278081315674338, 0.13410040889543315, 0.1669057692885748, 0.867493489601389, 0.10572430716750741, 0.9389208443056059, 0.21270002277141892, 0.8957131893266366, 0.13610842146774046, 0.9352652562535161, 0.9537957078023653, 0.9302724962781357, 0.4160279262160345, 0.9197184960220761, 0.14317198194642142, 0.9439335216328413, 0.8725279446461457, 0.9058112484218895, 0.9393435501270879, 0.9006747944923186, 0.9683950151141104, 0.8725992347334748, 0.8163776342006069, 0.14899251201715166, 0.13393149832130424, 0.936524257527818, 0.9276175073677283, 0.2829328753072192, 0.9112774451977864, 0.11660430399345888, 0.14575666497812675]"
SVM,41,9,"[1, 1, 1, 0, 1, 0, 0, 1, 1, 1, 0, 0, 1, 1, 1, 1, 1, 0, 1, 0, 1, 1, 0, 1, 1, 1, 1, 1, 1, 1, 0, 1, 1, 1, 1, 1, 1, 0, 0, 1, 1, 0, 1, 0, 0, 1, 1, 1, 1, 0, 0, 1, 1, 1, 0, 0, 0, 1, 0, 1, 0, 0, 1, 1, 1, 0, 1, 1, 0, 0, 0, 1, 1, 1, 1, 1, 1, 1, 0, 0, 1, 1, 1, 1, 1, 1, 1, 0, 0, 1, 0, 1, 1, 1, 1, 1, 0, 1, 1, 0, 1, 1, 0, 0, 0, 1, 1, 1, 0, 1, 1, 1, 0, 1, 1, 1, 1, 0, 0, 1, 0, 1, 0, 0, 0, 1, 1, 1, 1, 0, 0, 0, 1, 1, 1, 0, 1, 0, 1, 1, 0, 1, 0, 0]","[1, 1, 1, 0, 0, 0, 1, 1, 1, 1, 1, 0, 1, 1, 0, 1, 1, 0, 1, 0, 1, 1, 0, 1, 0, 1, 1, 1, 1, 0, 0, 0, 1, 0, 1, 1, 0, 0, 1, 1, 0, 0, 1, 0, 1, 1, 1, 1, 1, 0, 1, 1, 1, 1, 0, 0, 0, 1, 0, 1, 1, 0, 1, 1, 1, 0, 1, 1, 0, 1, 0, 1, 0, 1, 1, 1, 0, 1, 0, 0, 0, 1, 1, 1, 0, 1, 0, 0, 0, 1, 0, 1, 1, 1, 1, 1, 0, 1, 1, 0, 1, 1, 0, 0, 0, 1, 0, 1, 1, 1, 1, 0, 1, 1, 1, 1, 1, 0, 0, 1, 0, 1, 0, 0, 0, 1, 1, 1, 1, 0, 0, 0, 1, 0, 1, 0, 1, 0, 1, 0, 0, 1, 0, 0]","[0.938718677945792, 0.9441010590542669, 0.9654144813697224, 0.1528872407846444, 0.27124796740498813, 0.16245406983073887, 0.8251913772296461, 0.9222262944815134, 0.9644942922690795, 0.927986016390911, 0.9371963977149723, 0.17774814337616393, 0.8996467496912395, 0.7856196627352027, 0.4914073673704949, 0.9175705360943354, 0.9616055091435577, 0.15058862413072693, 0.8390333649650098, 0.18097288591500219, 0.9649714528316389, 0.9088064975275889, 0.138553866147404, 0.9229842238837673, 0.2904465643456615, 0.9299674868615144, 0.8551101190196675, 0.9644500442150057, 0.9103513416124347, 0.4026385588407112, 0.17049727779676582, 0.3824444336472065, 0.935655264310703, 0.20610141535577514, 0.9174959267378962, 0.8504128728721014, 0.5382151439703716, 0.37536060143178585, 0.7970736334900964, 0.9317483125689148, 0.5453608678673948, 0.24615437956590797, 0.9446961301184114, 0.14612112227414115, 0.7370765476463206, 0.8201804172835154, 0.9254099933223461, 0.9322599516769096, 0.9260664627213181, 0.5423258453175098, 0.7631944194265532, 0.8339392305041043, 0.9405232955588118, 0.9442788080562128, 0.1610970112438641, 0.1961855534036329, 0.2210645332411581, 0.8830504637703265, 0.12568105942705443, 0.9581654882080951, 0.7151350306846421, 0.22103925764044868, 0.9143724348908406, 0.8738512316095162, 0.8959086413303657, 0.14162175044646502, 0.9110560706570668, 0.6489150661097688, 0.09981519846882177, 0.6651561661872847, 0.09681684039104417, 0.9454202640983547, 0.34746127536108184, 0.8988294060029387, 0.9449994061835225, 0.8992305044317581, 0.17680192274396994, 0.9423423353583921, 0.3961966552392581, 0.170694601452663, 0.3424934783533872, 0.9594814035679464, 0.9415867838009464, 0.9378998982471385, 0.5442619265816991, 0.8694171379755289, 0.28280294474294543, 0.13550175269465292, 0.10505826986010777, 0.8847491680713413, 0.4507110587098215, 0.8845245653433552, 0.8982871296422377, 0.919582193518019, 0.9343397694804371, 0.9377684792378144, 0.2369338062199041, 0.9213943779087421, 0.9200272036413506, 0.1568370995353896, 0.6283429490091198, 0.8836856518679771, 0.15893686050581202, 0.15048497151841247, 0.5, 0.9150812815020769, 0.13971971485759313, 0.7016516918527322, 0.7870277953719672, 0.9504278635838831, 0.9002604291264584, 0.4739537960925118, 0.9375796023401706, 0.9372983820949875, 0.9245367691948945, 0.842216513273838, 0.7557681798413703, 0.10858438500620929, 0.13839611871105514, 0.9129530079323248, 0.18046845998235594, 0.9340638996153829, 0.11500847570317814, 0.1829771837099782, 0.12491997541324668, 0.9150740803819803, 0.9337402993670162, 0.6993775381111149, 0.8345602882428569, 0.1358534916248314, 0.40567488653674727, 0.3364661764707133, 0.8682381405558852, 0.13966018205199995, 0.9434237022322683, 0.1614279335611118, 0.9129966826803516, 0.3113465580788944, 0.8920467319083613, 0.4831472000605632, 0.20156747791904941, 0.6061843362960925, 0.1378999662644911, 0.14490957630291137]"
SVM,42,9,"[1, 1, 0, 0, 1, 0, 1, 1, 0, 1, 1, 1, 1, 1, 1, 1, 1, 1, 1, 0, 0, 1, 1, 0, 1, 0, 0, 0, 0, 1, 1, 1, 1, 1, 0, 1, 1, 1, 0, 1, 0, 0, 0, 1, 0, 1, 0, 0, 0, 1, 0, 1, 1, 1, 1, 1, 0, 1, 1, 0, 1, 1, 1, 1, 1, 1, 1, 1, 1, 0, 1, 0, 1, 1, 1, 1, 1, 1, 1, 1, 1, 1, 1, 1, 0, 1, 0, 1, 0, 1, 1, 1, 1, 1, 1, 0, 1, 1, 1, 1, 1, 0, 1, 1, 1, 0, 0, 0, 0, 1, 1, 1, 0, 0, 1, 1, 1, 1, 1, 1, 0, 0, 0, 1, 1, 0, 0, 1, 0, 0, 1, 0, 1, 1, 0, 0, 0, 0, 0, 1, 0, 1, 1]","[1, 1, 1, 0, 1, 0, 1, 1, 0, 1, 1, 1, 1, 0, 0, 1, 1, 1, 1, 0, 0, 1, 1, 0, 1, 0, 0, 0, 0, 1, 1, 1, 0, 0, 0, 1, 1, 1, 0, 1, 0, 0, 0, 1, 0, 0, 0, 0, 1, 1, 0, 1, 1, 1, 1, 1, 0, 1, 1, 0, 1, 1, 1, 1, 1, 1, 1, 1, 1, 0, 1, 0, 1, 1, 1, 1, 1, 1, 1, 1, 1, 1, 1, 1, 1, 1, 0, 1, 0, 1, 1, 1, 1, 1, 1, 1, 0, 1, 1, 1, 1, 0, 1, 1, 1, 1, 1, 0, 0, 1, 1, 1, 0, 0, 1, 1, 1, 1, 1, 1, 1, 1, 0, 1, 1, 0, 0, 1, 0, 1, 0, 0, 1, 1, 0, 1, 0, 0, 1, 1, 0, 1, 0]","[0.9228846149897435, 0.937365468506369, 0.9467535678813622, 0.4792957039412412, 0.8849140688055993, 0.20126705593453714, 0.9484691981379563, 0.9017554732648674, 0.1683226432354429, 0.9295499545262568, 0.8008281399395094, 0.8695768510444927, 0.9052107092160573, 0.5482979852190877, 0.3321103386382754, 0.8389510202681805, 0.9297389663780057, 0.9331859742795006, 0.8998002755198502, 0.20195813110067173, 0.12102764337405873, 0.8338770870111336, 0.9400280811307179, 0.16745563919396916, 0.929433421831354, 0.2607824220406261, 0.15169540186548897, 0.1636827032681614, 0.20692503084975336, 0.9415641947333802, 0.8629900653018922, 0.929224218320659, 0.5312687764736285, 0.5548814251058543, 0.27470325772910154, 0.9378157975476, 0.8621638484221834, 0.9219209620462968, 0.12011136058341508, 0.8814946252314397, 0.18804973431579988, 0.1726062276216457, 0.38127365295550053, 0.9349527429516158, 0.18034870106411147, 0.3073500925922115, 0.1938706574572594, 0.1883769593117205, 0.8855907519724513, 0.9359864009595732, 0.2555372406425098, 0.8672549840010596, 0.9430058937116634, 0.9377471281213132, 0.8661128427702056, 0.9317417558172826, 0.1776287417731205, 0.8530801899844144, 0.9185500605936076, 0.17795089287320384, 0.8686281991299537, 0.9300903823268344, 0.9455470880997312, 0.7486862022743529, 0.9399620158942208, 0.9414224209398695, 0.8705164179195238, 0.9059487772292812, 0.905619467622552, 0.08643909773562061, 0.9448913373123975, 0.381300750258108, 0.9241638214917776, 0.9310694238331888, 0.9229832467065194, 0.72216708071678, 0.9379505627526612, 0.946507967342425, 0.913505916601968, 0.9503308205303275, 0.921003256585337, 0.9309354942756576, 0.931366938399139, 0.9230347125773881, 0.7113677292455789, 0.8548068990283649, 0.24953990962955908, 0.9442949340390581, 0.1772129632212154, 0.8484603741625989, 0.8678973722940148, 0.8817889337345431, 0.9216149768719275, 0.7484083968413829, 0.9299726883713002, 0.6851533866026126, 0.5571844386164794, 0.9371576083300162, 0.9134805785337431, 0.892424001395273, 0.9523930589700531, 0.2291961261781481, 0.9437845713040648, 0.8996773921245332, 0.8764533118218328, 0.7340126544615007, 0.9037679146376777, 0.4285783783085809, 0.22712421024868, 0.9300680147170587, 0.6779965860500395, 0.9229888008962304, 0.5, 0.13729005871453775, 0.9355236720226959, 0.9474614974120978, 0.9464572904801148, 0.9227496274931347, 0.9341181869246508, 0.7884973766310488, 0.8760382812382282, 0.8740450916083856, 0.11830363725841891, 0.8212198364367957, 0.8872842656992606, 0.19916170469512925, 0.2953723769870467, 0.9357520256219816, 0.21667061103422658, 0.8164427945331477, 0.5670962892271023, 0.13524555006056102, 0.9524036407488409, 0.6822012502270989, 0.17280131698119675, 0.7964647223374506, 0.1664322911260352, 0.17543579951338495, 0.8696922268221148, 0.9560419712388815, 0.1851261155021175, 0.9429245319532975, 0.41519157320090694]"
SVM,43,9,"[0, 0, 0, 1, 1, 1, 1, 1, 1, 1, 1, 0, 0, 0, 1, 1, 1, 1, 0, 0, 1, 1, 0, 1, 0, 1, 0, 1, 1, 0, 1, 1, 1, 1, 0, 1, 0, 0, 0, 0, 0, 1, 1, 1, 0, 0, 1, 0, 0, 1, 1, 1, 0, 1, 1, 0, 1, 0, 1, 1, 1, 1, 0, 0, 0, 0, 0, 1, 0, 1, 0, 1, 1, 1, 0, 0, 1, 1, 1, 1, 1, 1, 1, 1, 1, 0, 1, 1, 1, 0, 0, 0, 1, 1, 0, 1, 0, 0, 0, 1, 0, 1, 1, 0, 1, 1, 1, 1, 1, 1, 0, 1, 1, 1, 1, 1, 0, 0, 1, 0, 1, 1, 1, 0, 1, 1, 0, 1, 0, 1, 0, 1, 0, 1, 1, 1, 1, 1, 1, 0, 1, 1, 1, 1]","[1, 1, 0, 1, 1, 1, 1, 0, 1, 1, 1, 0, 0, 0, 1, 0, 1, 1, 0, 0, 0, 1, 0, 0, 0, 0, 0, 1, 1, 0, 0, 1, 1, 1, 1, 1, 0, 0, 1, 0, 0, 1, 1, 1, 1, 1, 1, 0, 0, 1, 1, 1, 1, 1, 1, 1, 1, 0, 1, 0, 1, 1, 0, 0, 0, 0, 0, 1, 0, 1, 0, 1, 1, 0, 1, 1, 1, 1, 1, 1, 1, 1, 1, 1, 1, 0, 1, 0, 1, 0, 0, 0, 1, 0, 0, 1, 1, 0, 1, 0, 0, 1, 0, 0, 1, 1, 1, 1, 0, 1, 1, 1, 1, 1, 1, 1, 1, 1, 1, 1, 1, 1, 1, 0, 1, 1, 0, 1, 1, 1, 0, 0, 0, 1, 1, 1, 1, 1, 1, 0, 1, 1, 0, 1]","[0.8462566826669251, 0.9004062029702461, 0.16714297688096558, 0.9291867639099965, 0.9282316274385725, 0.6136352190813754, 0.9352259647559281, 0.17721983067205513, 0.8602539957525484, 0.9245936503438431, 0.8260892278880846, 0.15464995487886812, 0.10554591464181838, 0.14228489882999068, 0.9722254081352527, 0.15796475080106645, 0.9040455593457757, 0.9309301743886992, 0.17547474534427862, 0.15570300149726962, 0.3175013976354862, 0.9577857190990804, 0.151269113010899, 0.43762030931660933, 0.19687579966032726, 0.32236335283684314, 0.17758567829513147, 0.954152971389516, 0.8374737581135253, 0.1289713034041456, 0.40749282990878904, 0.760874698889361, 0.8989150916613227, 0.6163552978121045, 0.903430568178307, 0.9367944754992042, 0.14725156261726174, 0.48465141548953156, 0.7534881911402977, 0.21634361971489813, 0.17415009597588899, 0.9518238099953457, 0.8976001194031291, 0.8969213464808192, 0.8976427167145345, 0.8884711712699475, 0.9384590238775976, 0.16618142086615229, 0.3476539299112951, 0.8864514951214254, 0.9082513630136861, 0.9123563309404452, 0.9406203389273808, 0.9115373057336554, 0.8474982860316608, 0.6947180427488207, 0.9416516076730188, 0.14994130984298165, 0.9429428183123696, 0.10874234079665446, 0.8929106423303182, 0.9506532688291303, 0.48602448668519, 0.15789486059310945, 0.16183861969972346, 0.07455831779479574, 0.15965947902396135, 0.883909441905879, 0.16398047494886148, 0.9093335518687723, 0.15839196472827607, 0.9063664600384561, 0.9491679303449798, 0.4267175293386509, 0.6954377273830091, 0.6188753656495264, 0.8538406854066592, 0.948969586568668, 0.9350898432788781, 0.9320094364367454, 0.9332333772468727, 0.8964245130462549, 0.9406945710079377, 0.9291894265680257, 0.9272019593503797, 0.17701712010421006, 0.9221556787463017, 0.20766100216192682, 0.9483446543761065, 0.47574841006796464, 0.1423778582312533, 0.16041324541807275, 0.9318487051987318, 0.11112315416505306, 0.16338634013241374, 0.9587310276871062, 0.8682378389112695, 0.14063626124784478, 0.6824060019497242, 0.5473379039587101, 0.11678022297880948, 0.8819780096996452, 0.15384240080837921, 0.1274576625775442, 0.8517241570131572, 0.9273509302059074, 0.8800642816533666, 0.9096380741866583, 0.4034264924175392, 0.9341341614864712, 0.9118578067266716, 0.9110726715809933, 0.8597430713786032, 0.7272674310111993, 0.9204356498573044, 0.9702747254187505, 0.8817853366990948, 0.9258729143004126, 0.9434487172343348, 0.6279141511479237, 0.9365946378175531, 0.9590723048135815, 0.7577726343180161, 0.5, 0.7726564899999354, 0.9333837908879047, 0.15516604391129848, 0.9134856835409665, 0.8563424075642694, 0.929508733365626, 0.16625577243551018, 0.5, 0.2128478564108031, 0.915290389650127, 0.9262263753368708, 0.9102899519657102, 0.8716104080892454, 0.9207489126541921, 0.9522524306692017, 0.15891366821727915, 0.9430718132080915, 0.899309339426683, 0.08585945805249848, 0.9378162259995829]"
SVM,44,9,"[0, 0, 1, 0, 1, 1, 0, 1, 1, 1, 1, 1, 1, 1, 0, 1, 1, 0, 1, 1, 1, 1, 1, 1, 1, 0, 1, 0, 0, 1, 1, 0, 1, 1, 0, 1, 1, 1, 0, 1, 1, 0, 1, 1, 1, 1, 1, 0, 1, 1, 1, 0, 0, 1, 1, 1, 0, 1, 0, 1, 1, 0, 1, 0, 1, 1, 1, 1, 1, 1, 0, 1, 1, 0, 0, 1, 0, 1, 0, 1, 0, 0, 0, 1, 1, 0, 0, 1, 1, 0, 1, 1, 1, 1, 0, 0, 1, 1, 0, 1, 0, 1, 1, 1, 1, 1, 0, 0, 0, 1, 0, 1, 1, 0, 1, 1, 1, 1, 0, 0, 0, 1, 1, 1, 1, 0, 0, 0, 0, 1, 1, 0, 1, 1, 0, 1, 1, 0, 0, 0, 0, 1, 1]","[0, 0, 1, 1, 1, 1, 1, 1, 0, 1, 1, 1, 1, 1, 0, 1, 1, 0, 1, 1, 1, 1, 1, 1, 1, 0, 1, 1, 0, 1, 1, 0, 1, 1, 0, 0, 1, 0, 1, 0, 1, 0, 0, 0, 1, 1, 0, 0, 1, 1, 1, 0, 0, 1, 0, 1, 0, 1, 0, 1, 0, 0, 1, 0, 0, 1, 0, 1, 1, 1, 1, 1, 1, 0, 1, 1, 0, 1, 0, 1, 0, 0, 0, 1, 1, 1, 0, 1, 1, 1, 0, 0, 1, 1, 0, 1, 0, 1, 0, 1, 0, 1, 1, 1, 1, 0, 1, 0, 1, 1, 0, 1, 0, 0, 1, 1, 1, 1, 0, 0, 0, 1, 1, 1, 1, 0, 1, 0, 1, 1, 1, 0, 1, 1, 0, 1, 1, 1, 1, 0, 0, 1, 1]","[0.3132105279874218, 0.17671731731652027, 0.967081546350187, 0.9266188958968451, 0.8511999541037191, 0.930884129805633, 0.8197084379136991, 0.8746251569962428, 0.37563473455154794, 0.9525265242629868, 0.9589583925904791, 0.9353515189296558, 0.9301518907721708, 0.6583243869673713, 0.04987789757782136, 0.914683267375172, 0.9061192573770839, 0.20841770824032993, 0.7115166737107463, 0.8659883458471848, 0.905735548884133, 0.9289109099066233, 0.9298626895141684, 0.7977119631842775, 0.9626831513593657, 0.140340394226504, 0.944785030770066, 0.8471919674360026, 0.12131981416836365, 0.8465572643866632, 0.935334332813159, 0.4416390832238048, 0.9074886819206789, 0.9384411769643721, 0.5, 0.582475661807214, 0.943569966877886, 0.04062375248242607, 0.8335935048673271, 0.5768880967683906, 0.8958301821172354, 0.40431298437435403, 0.4052894732537918, 0.11723932742765221, 0.9226172790359894, 0.9351419503787464, 0.5186848898929971, 0.16984996449244355, 0.7674847263178001, 0.9620394772974331, 0.7844741591468821, 0.1490486052463967, 0.1822498836160412, 0.8596498535901849, 0.11478943748565866, 0.9422129307575605, 0.2451625515414856, 0.9658203951814824, 0.16195588320999632, 0.9572009922717142, 0.44938061115357214, 0.11486042194997616, 0.9148459818066056, 0.0772062989745909, 0.5, 0.93706342233486, 0.1785736313431536, 0.9326393224523355, 0.6333274626015535, 0.7933287784433479, 0.9575901212065292, 0.9321929238550033, 0.9012721106223055, 0.16063270862985143, 0.7082802166232196, 0.9397336729488642, 0.0852540503234894, 0.9037933512679728, 0.31539112286448, 0.926057596837984, 0.12330927969620255, 0.2656859116566687, 0.1259508865302481, 0.9511565600406721, 0.9133346448517385, 0.9124407359585791, 0.1455774159741701, 0.8777615868482885, 0.9464542036445537, 0.9306874730260106, 0.5335028432076693, 0.20442790164634872, 0.9197276232859836, 0.9213392928100412, 0.1407657887373078, 0.6900255989347075, 0.2878974730399511, 0.9519883430521666, 0.15641658872312014, 0.9317335471479302, 0.17333832939161964, 0.8995960835639428, 0.7409268868767573, 0.9583849163359801, 0.8998843150057175, 0.39124692539990125, 0.9403099839048329, 0.10921250065892917, 0.8729767406187695, 0.8871102089086996, 0.40121095494879033, 0.888682444565345, 0.11181301650498096, 0.13087112935688971, 0.9186116372530593, 0.9328591342580564, 0.9158058713266561, 0.9445498452781504, 0.1409119773372485, 0.1797145343724541, 0.06705738987810428, 0.943437552622327, 0.9507731302448356, 0.8944032212941248, 0.9630877104056782, 0.05678737955569843, 0.6847169442569817, 0.09838572767642643, 0.6492367974589818, 0.8786227436026866, 0.6054590145071609, 0.1027252274108331, 0.9214247601970281, 0.9450337909583699, 0.09433665483898421, 0.93025190557673, 0.8812872949115964, 0.7774978248904587, 0.7624588865353954, 0.07664469443605014, 0.15414269311568207, 0.9271926993342806, 0.813986968528002]"
SVM,45,9,"[1, 0, 0, 1, 1, 1, 1, 0, 1, 0, 1, 0, 1, 1, 1, 0, 0, 0, 1, 1, 1, 1, 1, 1, 0, 1, 1, 1, 0, 1, 1, 1, 1, 1, 0, 0, 1, 1, 0, 1, 1, 1, 1, 1, 1, 1, 0, 0, 1, 0, 1, 1, 1, 0, 1, 0, 0, 1, 1, 1, 1, 1, 1, 1, 1, 0, 1, 1, 0, 1, 0, 1, 1, 0, 1, 1, 1, 1, 1, 0, 1, 0, 1, 1, 1, 1, 1, 1, 1, 1, 1, 0, 1, 0, 1, 0, 0, 1, 0, 1, 1, 1, 1, 0, 0, 1, 0, 1, 1, 1, 1, 0, 1, 1, 1, 1, 1, 1, 1, 0, 0, 0, 1, 0, 1, 0, 0, 0, 1, 0, 1, 1, 1, 1, 1, 0, 0, 1, 1, 0, 0, 1, 1]","[1, 0, 1, 1, 1, 1, 1, 0, 1, 1, 0, 0, 1, 1, 1, 0, 0, 0, 0, 1, 1, 1, 1, 1, 0, 1, 1, 1, 0, 1, 1, 1, 1, 1, 0, 0, 1, 1, 0, 1, 1, 1, 1, 1, 1, 1, 0, 1, 1, 0, 0, 1, 0, 0, 0, 0, 0, 1, 1, 1, 0, 1, 1, 1, 1, 0, 0, 1, 0, 0, 0, 1, 0, 0, 1, 1, 1, 1, 1, 0, 1, 0, 1, 1, 1, 1, 1, 1, 1, 1, 1, 0, 0, 0, 1, 0, 0, 1, 0, 0, 1, 1, 0, 1, 1, 1, 0, 1, 1, 1, 1, 0, 1, 1, 0, 0, 1, 1, 1, 0, 0, 0, 1, 0, 0, 0, 1, 0, 1, 1, 1, 0, 1, 1, 1, 1, 0, 1, 1, 0, 0, 1, 1]","[0.9387940283363178, 0.40676964861757886, 0.6886932187282343, 0.8926661541001009, 0.937486630946341, 0.9345574988229381, 0.9254708757398226, 0.1509821599825301, 0.8431547316518058, 0.6151592993106668, 0.4081849821412355, 0.1987645170172758, 0.8639559862259155, 0.9252624255085636, 0.866784221189268, 0.09920375513072933, 0.37173317968431924, 0.14934265312497164, 0.13003213957011897, 0.8580879832625831, 0.9176252893433213, 0.8026847629781472, 0.9186041588427241, 0.9218803113304681, 0.1718354262250652, 0.9441061271907384, 0.9283336148166698, 0.9425930041069259, 0.16464927631772305, 0.917239204954117, 0.8666957077250257, 0.9422063121376221, 0.9371318420536255, 0.9561256735810101, 0.1562934000038595, 0.17821572562341934, 0.9091420491649228, 0.9102628669722777, 0.10978996444143377, 0.8935310278499988, 0.8842111917410197, 0.8884369938994646, 0.9124641456342457, 0.861868413232222, 0.8765624622945984, 0.9379210259038105, 0.2152151179085392, 0.906910711684917, 0.7946222080590194, 0.20468666635652671, 0.44359663679561734, 0.6446151642482302, 0.30008256611695505, 0.19298097931989258, 0.5684799157432245, 0.19004316101363214, 0.11233252105131264, 0.9323245435392266, 0.9054940336705939, 0.9470880772949685, 0.46588388970684436, 0.9002087695996303, 0.8926168242069654, 0.920794716716655, 0.9563940135135514, 0.12905602276185899, 0.3880519656597062, 0.8544109165165953, 0.14012250784785324, 0.3052108500077329, 0.36557705631080134, 0.8665279431477682, 0.5594959533375804, 0.18125689296159778, 0.9097161461852341, 0.7530307900547041, 0.6166309727320056, 0.9180091697664097, 0.9044965415002719, 0.1482677784746423, 0.9580425925526527, 0.1569783119021528, 0.9019956230892662, 0.7978746090548726, 0.8319987628157581, 0.8662504623715329, 0.9433554532871625, 0.9525068225544663, 0.882882846240018, 0.7910853408970392, 0.8079954838912327, 0.13573488863866168, 0.5143489168810498, 0.12732985791485724, 0.8823262246214446, 0.195344199981491, 0.1570383243117545, 0.9332618348683362, 0.11465862381937625, 0.5060775084631824, 0.9185272108378586, 0.8738206537232903, 0.41220767996480956, 0.9158239047177927, 0.6805137558293636, 0.9302309594654545, 0.2089065060883055, 0.9084026802727239, 0.9411394808842166, 0.9196273744697814, 0.9001814264529067, 0.1438569276638822, 0.8657364454818248, 0.8063133878786644, 0.16780763028008489, 0.4811950258988191, 0.9092566588418389, 0.8750010979943859, 0.9376318086427842, 0.25619595174405907, 0.22859557837334282, 0.5425852415304118, 0.8960485372443044, 0.17820063358424654, 0.5192584079729393, 0.17800875811156872, 0.8233981590846313, 0.2819096236499712, 0.9300248009139508, 0.7448734451746877, 0.8827670134138554, 0.45845484146609133, 0.8795067392787368, 0.9619699541695533, 0.9010906129478344, 0.8024529157289012, 0.18569836992051858, 0.9133382241634653, 0.8759828026955256, 0.3458823166011524, 0.14924020862683482, 0.8931579378716791, 0.9189921919048099]"
SVM,46,10,"[0, 0, 1, 0, 0, 1, 1, 0, 1, 1, 0, 0, 1, 0, 0, 1, 1, 1, 0, 1, 1, 1, 1, 1, 1, 0, 1, 0, 1, 0, 1, 1, 1, 1, 1, 1, 0, 1, 1, 0, 0, 0, 1, 1, 0, 1, 0, 1, 1, 0, 0, 0, 1, 0, 1, 0, 0, 1, 1, 0, 0, 0, 1, 1, 1, 1, 0, 1, 0, 1, 1, 1, 0, 1, 1, 1, 1, 1, 1, 1, 0, 1, 1, 1, 1, 1, 1, 1, 0, 0, 1, 0, 0, 0, 1, 1, 1, 1, 0, 0, 1, 1, 1, 1, 1, 1, 1, 1, 0, 1, 1, 0, 0, 0, 1, 1, 1, 1, 1, 0, 0, 0, 0, 1, 0, 0, 1, 1, 1, 0, 0, 0, 0, 1, 1, 0, 0, 1, 0, 1, 0, 1, 0, 1]","[0, 1, 1, 0, 1, 1, 1, 0, 1, 1, 0, 0, 0, 0, 0, 0, 1, 1, 0, 1, 1, 1, 1, 0, 1, 0, 1, 0, 0, 0, 0, 1, 1, 1, 1, 1, 1, 1, 1, 1, 0, 0, 1, 1, 0, 1, 1, 1, 1, 0, 0, 1, 1, 0, 1, 0, 0, 1, 1, 0, 1, 0, 1, 1, 1, 1, 0, 1, 0, 1, 1, 1, 0, 1, 1, 0, 1, 1, 1, 1, 0, 1, 1, 1, 1, 1, 1, 1, 0, 0, 1, 0, 0, 0, 1, 1, 1, 1, 0, 1, 1, 0, 1, 1, 1, 0, 1, 1, 1, 1, 1, 0, 0, 0, 1, 1, 1, 1, 1, 1, 0, 0, 1, 1, 1, 0, 1, 1, 1, 0, 0, 0, 0, 1, 1, 1, 0, 1, 1, 1, 0, 0, 0, 0]","[0.5, 0.9002993654706923, 0.9383751369003971, 0.19346513443794003, 0.7947813864955225, 0.9384848313505897, 0.926345198559195, 0.19765355114610306, 0.9220593323886235, 0.8249650386394303, 0.14249402117350077, 0.4949984855961186, 0.5267257713869088, 0.16601810600034111, 0.17619331865056825, 0.2271015461440789, 0.8851045380014761, 0.8601227466752985, 0.1985714100269316, 0.9412612508167957, 0.8667099194579467, 0.926561716245245, 0.8234925034664089, 0.39010952563929757, 0.9404360377187615, 0.17152112257904004, 0.9267035935852592, 0.19293481066524532, 0.4363107795884354, 0.18751475007450624, 0.4444267657090528, 0.8285077617641776, 0.9363695556066356, 0.646695902278447, 0.9324179222914399, 0.8601074981412987, 0.7667374742195874, 0.9523716048216644, 0.8931839635775445, 0.693676750459644, 0.26746821219621125, 0.18409156933016688, 0.9250497849906479, 0.6505184731277075, 0.5237380622146678, 0.9116273378607136, 0.81077280054271, 0.9295197330551324, 0.8916525228039313, 0.169394714462519, 0.15911383117773242, 0.7021329202579595, 0.9408916169611313, 0.27023891291607655, 0.9260687954693346, 0.16726302356557804, 0.27592759235842707, 0.8958344828821801, 0.9396823073022106, 0.17067164296704707, 0.6493696595218923, 0.10657037984825231, 0.889804471947585, 0.9499739609932184, 0.8679564150180198, 0.9354521387155752, 0.18068833104516258, 0.920436228701954, 0.1902733250722536, 0.9355097095506786, 0.9546439938079149, 0.9556143123610967, 0.14856230942121665, 0.9382377218644152, 0.7663573975422089, 0.5943852734541646, 0.816134781598927, 0.9435654565830663, 0.9055287646775516, 0.8917046285173267, 0.1650750998451065, 0.8939558254187912, 0.8883030013280295, 0.9244525471767367, 0.9338396068291103, 0.9483902285612681, 0.9226024334376551, 0.9247746547651732, 0.19834074992079742, 0.17404260341440989, 0.8687620347636957, 0.1712204734524483, 0.1732192374598313, 0.5561513467741972, 0.6664522738862315, 0.9502203848809119, 0.9239323873036761, 0.8847694595190526, 0.15367772541447944, 0.6541852174779491, 0.8685256314135105, 0.4644406603575702, 0.9065771904783184, 0.9384450517912947, 0.9080247452404633, 0.313554473322131, 0.9285912341322239, 0.8992806227613471, 0.8907762600803587, 0.8656065036318081, 0.7678651889273731, 0.1318453773281869, 0.18440290847135338, 0.16017542084226502, 0.9398537112061723, 0.7754230640756965, 0.9448485008743481, 0.9323029933391943, 0.9136345246306335, 0.8658884516643078, 0.20230385505744378, 0.16004259894864384, 0.777963912660703, 0.6763373805875339, 0.9077003192897831, 0.13042770448074, 0.8572995594351314, 0.8295242874174744, 0.7932258973309673, 0.15933764192704522, 0.4269257312571511, 0.3925150343770442, 0.2518139566700679, 0.8752276804521705, 0.9425720159856897, 0.8040823599831726, 0.17627276667139208, 0.9012603794845191, 0.8171527470856191, 0.8765027289934468, 0.22990254453243394, 0.553758227305268, 0.17124262547594454, 0.10680872777064508]"
SVM,47,10,"[0, 1, 1, 0, 1, 1, 1, 1, 1, 1, 1, 1, 1, 0, 1, 1, 1, 1, 1, 1, 1, 1, 1, 0, 0, 1, 1, 1, 0, 1, 1, 0, 0, 0, 0, 0, 0, 1, 1, 1, 0, 0, 1, 1, 1, 1, 1, 1, 0, 1, 1, 1, 1, 0, 1, 1, 1, 1, 0, 0, 1, 0, 1, 1, 1, 1, 0, 0, 1, 1, 1, 1, 1, 1, 0, 1, 1, 0, 1, 1, 1, 0, 1, 1, 1, 1, 1, 1, 1, 0, 0, 0, 1, 0, 0, 0, 0, 1, 0, 1, 0, 1, 1, 0, 1, 1, 1, 1, 0, 0, 1, 1, 1, 1, 1, 0, 1, 0, 1, 0, 0, 0, 1, 1, 1, 1, 0, 0, 0, 0, 0, 1, 0, 1, 1, 0, 0, 0, 0, 1, 1, 1, 1, 0]","[1, 1, 1, 0, 1, 1, 1, 1, 1, 1, 1, 1, 1, 0, 1, 0, 1, 0, 1, 1, 1, 1, 1, 0, 0, 1, 0, 1, 0, 1, 1, 0, 0, 1, 0, 0, 0, 1, 1, 1, 1, 0, 1, 1, 1, 1, 1, 1, 0, 1, 1, 1, 1, 0, 1, 0, 1, 1, 0, 0, 1, 0, 1, 1, 0, 1, 0, 1, 1, 0, 1, 0, 1, 1, 0, 1, 1, 0, 1, 1, 1, 0, 1, 1, 1, 1, 1, 1, 1, 1, 0, 0, 1, 0, 1, 0, 1, 1, 0, 0, 1, 1, 1, 1, 1, 1, 1, 1, 1, 1, 1, 1, 1, 1, 1, 1, 1, 0, 1, 0, 0, 0, 1, 1, 1, 1, 0, 1, 0, 1, 0, 1, 1, 1, 1, 0, 0, 0, 0, 1, 0, 1, 1, 0]","[0.8691937371879028, 0.9359319369789171, 0.9112662018185504, 0.18225439766542456, 0.9185029435138857, 0.920459722041183, 0.951279486438075, 0.9082938945213497, 0.9584311742506871, 0.9514646744526899, 0.959088278407111, 0.9397685219628858, 0.9387470210632876, 0.16272620998379136, 0.8285820586859798, 0.5774052528443373, 0.8980174515620232, 0.35301248533619534, 0.8952533760886606, 0.8780647663982009, 0.9340653924702335, 0.937725929271617, 0.9545951929667472, 0.21654825516080972, 0.17183873967526317, 0.9464117346965687, 0.5504476768139809, 0.8704265974921662, 0.15617053621677093, 0.8991808775849186, 0.9336862863574109, 0.5147327206450003, 0.19124313826358913, 0.6358900624678845, 0.16260145610118557, 0.4681554698231408, 0.24156076560693418, 0.928080094906845, 0.8981883974367955, 0.9008077329907993, 0.8144168010837095, 0.41825728850431965, 0.8295393169026768, 0.9066151885888929, 0.8993363642113407, 0.9316028925145883, 0.8332905931687465, 0.7943374410594034, 0.2183595329320021, 0.9412183845757481, 0.9357843645722556, 0.6708066307290494, 0.9472056231023905, 0.17920613217836048, 0.6606670278429144, 0.26506662933002806, 0.8757481944756174, 0.9590469495092846, 0.10669490796155802, 0.17116285565740147, 0.8523901340312915, 0.17254020535845277, 0.8968150040786902, 0.8858100067336736, 0.15715644265391804, 0.9333857883486631, 0.1745648819003291, 0.8902403390677182, 0.9439045008174896, 0.3664554562343052, 0.950249187939028, 0.3887621400842958, 0.9016253732293024, 0.9032234680781238, 0.175295890430438, 0.8685394130308166, 0.6124723332426438, 0.23079200830257404, 0.9306313127245169, 0.9318651096505279, 0.8666598658555331, 0.09340768047874078, 0.9421941079226458, 0.7167307189159607, 0.922981671383358, 0.875658925634006, 0.9122156152027759, 0.8821093083554044, 0.9250005914323954, 0.7210901040863924, 0.1672035638658311, 0.1737783426316195, 0.8438025130928971, 0.1551974531173682, 0.7298582372634693, 0.14677624048116966, 0.9194991074146882, 0.8395009133407367, 0.18053365856379916, 0.5, 0.6742692158832442, 0.8593411727496655, 0.9236725901892142, 0.946095490508451, 0.9416771408784611, 0.8865843438033658, 0.89243704754802, 0.9460017598332638, 0.9227407176835718, 0.8817148923494911, 0.8636547634347882, 0.8985115699321992, 0.705579912928421, 0.9274934397827224, 0.8711292051585432, 0.7795316627238863, 0.9146837098441203, 0.4531322099408996, 0.6520184479602108, 0.13560637865102365, 0.1802845985576804, 0.1810095267937194, 0.9368724660019728, 0.9283614596623271, 0.9172621191191721, 0.9371357431816292, 0.26417025560801194, 0.8102957819579302, 0.14354376677875388, 0.7483433912963302, 0.35626489547441964, 0.6457489283207719, 0.8195713248726822, 0.9556184000896945, 0.9485353149435255, 0.17831954440843692, 0.1663926465009833, 0.14409358215276502, 0.4066678845216421, 0.9497465719733447, 0.5342680214595691, 0.6148750311162076, 0.9480221275371565, 0.15428227198789518]"
SVM,48,10,"[0, 1, 0, 1, 1, 1, 1, 1, 1, 0, 0, 0, 0, 0, 1, 1, 0, 1, 1, 0, 1, 1, 1, 1, 1, 1, 0, 0, 1, 1, 1, 0, 1, 0, 1, 0, 1, 0, 1, 0, 1, 1, 1, 1, 0, 1, 1, 0, 1, 1, 0, 1, 1, 0, 0, 1, 1, 1, 0, 0, 0, 1, 0, 0, 0, 0, 1, 0, 1, 1, 0, 1, 0, 1, 1, 0, 0, 1, 1, 1, 1, 1, 1, 1, 1, 1, 0, 0, 0, 0, 0, 1, 1, 1, 1, 1, 1, 1, 1, 0, 0, 1, 1, 1, 1, 1, 0, 1, 1, 1, 1, 1, 1, 1, 0, 1, 1, 0, 0, 0, 0, 1, 0, 1, 0, 0, 0, 0, 1, 0, 0, 0, 1, 1, 1, 1, 0, 1, 0, 0, 1, 1, 1]","[0, 1, 1, 1, 0, 1, 1, 1, 1, 0, 0, 0, 1, 0, 1, 1, 0, 1, 1, 0, 1, 0, 0, 1, 1, 1, 0, 0, 1, 0, 1, 1, 1, 0, 0, 0, 1, 0, 1, 1, 0, 1, 0, 1, 0, 1, 1, 1, 0, 1, 0, 1, 1, 0, 0, 0, 0, 1, 0, 0, 0, 0, 0, 0, 0, 0, 1, 0, 1, 0, 1, 1, 0, 1, 1, 0, 0, 1, 0, 1, 0, 1, 1, 1, 1, 1, 0, 0, 0, 0, 1, 1, 0, 0, 1, 1, 0, 1, 0, 0, 0, 0, 1, 1, 1, 1, 0, 1, 0, 0, 1, 1, 1, 1, 1, 1, 1, 0, 0, 1, 1, 1, 0, 1, 0, 0, 0, 0, 1, 0, 0, 0, 1, 0, 1, 0, 0, 0, 0, 0, 1, 1, 1]","[0.15805993042763164, 0.6401492896428073, 0.9136352575785945, 0.9376734179990177, 0.12947633975456052, 0.8151108619162205, 0.8426010164453996, 0.9713402343142061, 0.9210249288617216, 0.13942481424826317, 0.11712798051855247, 0.07356536864212443, 0.8116694683684218, 0.13787138305695743, 0.9269990546892063, 0.9188320199517319, 0.16320904179664739, 0.6144500734007309, 0.9575071411586151, 0.14998451192125203, 0.9476901970253968, 0.2582861679944337, 0.32857079249351506, 0.9700885782905394, 0.9035795272343604, 0.9251800797464766, 0.09681434589892488, 0.09905146186357378, 0.7108964590625259, 0.1986972925405442, 0.8993629266146278, 0.9099472395054351, 0.9709625711966687, 0.1732625780437157, 0.468867954147275, 0.11520746947823002, 0.9441502600556546, 0.15362713951797427, 0.9526815677482953, 0.8994749870503633, 0.4740915199812844, 0.944585516403544, 0.35219071793688467, 0.9452125978370391, 0.14962155045251685, 0.9189117274321786, 0.9423460409897709, 0.9431203297591693, 0.1481435065058821, 0.8570236785271917, 0.418365578304731, 0.9459735685548284, 0.9348943528616251, 0.16830759667628814, 0.15090367091532136, 0.13105615560962475, 0.4008857270903875, 0.9587573835729374, 0.11627780180241591, 0.17804888116911552, 0.12850505796303013, 0.5706599481208896, 0.15131247661817404, 0.17317992062890983, 0.30823511252184, 0.16568531395172795, 0.8769316105975988, 0.13114003671320454, 0.9724414412426945, 0.2940904331847117, 0.7225092529584797, 0.9470714678322528, 0.11209423517942939, 0.9043423267387504, 0.9456579180745219, 0.4358962174018742, 0.08375574515357408, 0.9234881687728191, 0.3083821950083523, 0.6364129341554806, 0.43911892606887015, 0.8646674304225546, 0.8645157620981176, 0.9218273390580549, 0.9530002278368315, 0.9377664328395828, 0.13148514428592503, 0.07839380239524783, 0.40539137578467527, 0.17817835780726649, 0.9288041455661662, 0.9226355434666192, 0.2136245560938221, 0.452111244161994, 0.9338660205911959, 0.9295201646547159, 0.4947262218990716, 0.6708574870242211, 0.11747121599993429, 0.11138207628726572, 0.2321982695907072, 0.18905051600020528, 0.9551053550793001, 0.938914733381781, 0.942974980055524, 0.9396526858906635, 0.11954780843957992, 0.9252235214118488, 0.08818237495214075, 0.1343881717783846, 0.9222987684452704, 0.7339344052940886, 0.9568290433324805, 0.9094186344388412, 0.9098621836119978, 0.8907520293852881, 0.8448358358376945, 0.2876690206283369, 0.1571527601429575, 0.9082538036806586, 0.6208419078580331, 0.9580342524539472, 0.43963089953064016, 0.9398524599980992, 0.18816783805082984, 0.5702731238802572, 0.453694405128595, 0.13219431311753943, 0.9029056401188356, 0.15180993217609334, 0.06780914489115389, 0.1413006171535664, 0.9398612190857143, 0.494342423119999, 0.9153622755561065, 0.5200176816054733, 0.13145483502676622, 0.1316605270135097, 0.11355826839990629, 0.09999580852582485, 0.9451734125587252, 0.9327942987258637, 0.9347690279269092]"
SVM,49,10,"[0, 1, 1, 0, 1, 0, 1, 1, 1, 1, 1, 0, 0, 1, 0, 1, 1, 1, 1, 0, 0, 1, 0, 0, 1, 0, 1, 1, 0, 1, 0, 1, 1, 1, 1, 1, 1, 0, 1, 1, 1, 1, 1, 1, 1, 0, 0, 1, 1, 0, 0, 1, 1, 1, 1, 0, 1, 1, 0, 0, 1, 1, 1, 1, 1, 1, 0, 1, 1, 1, 1, 1, 1, 1, 0, 1, 0, 1, 0, 1, 0, 1, 1, 1, 1, 1, 0, 1, 0, 1, 1, 0, 0, 1, 1, 0, 0, 1, 1, 0, 1, 1, 0, 0, 1, 1, 1, 1, 1, 0, 0, 1, 1, 0, 1, 1, 1, 1, 1, 1, 1, 1, 1, 1, 1, 0, 1, 0, 1, 1, 1, 0, 1, 1, 1, 0, 0, 0, 1, 0, 0, 0, 1]","[0, 1, 1, 1, 1, 0, 1, 1, 1, 0, 1, 0, 0, 1, 0, 0, 1, 1, 1, 0, 0, 1, 0, 0, 1, 0, 1, 1, 1, 1, 0, 1, 1, 1, 1, 0, 1, 1, 1, 1, 1, 1, 1, 1, 1, 0, 1, 0, 1, 0, 0, 1, 1, 1, 0, 0, 0, 1, 0, 0, 0, 1, 0, 1, 1, 1, 0, 1, 1, 1, 1, 1, 1, 1, 0, 1, 1, 1, 0, 1, 0, 1, 1, 1, 1, 1, 0, 1, 0, 1, 1, 0, 0, 1, 1, 0, 1, 1, 1, 1, 0, 1, 1, 0, 1, 1, 1, 1, 1, 0, 0, 1, 0, 0, 1, 1, 1, 1, 1, 1, 1, 1, 1, 1, 1, 0, 0, 1, 1, 1, 1, 0, 1, 1, 1, 0, 1, 1, 1, 0, 1, 0, 1]","[0.39395453559331606, 0.9606471649558669, 0.9456784724012033, 0.9324040596801028, 0.831453455659431, 0.4669838387079798, 0.8712101794443322, 0.9710412050308345, 0.8742592005730679, 0.34831064941071527, 0.926375113059297, 0.1638616750721253, 0.14097772870664524, 0.6584660469745398, 0.09801836355402377, 0.3927017229469515, 0.7424607161077108, 0.8538414382367071, 0.7760265803999424, 0.12291912710564454, 0.15604199479755848, 0.6422147870195143, 0.16408655304452385, 0.17014483328391658, 0.9327430877662665, 0.10763583277505909, 0.7482717541338555, 0.9427912403695442, 0.8333071990811894, 0.9248429683282524, 0.15795977742919984, 0.9246440072743476, 0.9468272929274937, 0.9333841356969461, 0.9395152298826764, 0.4854156224965945, 0.6752278352076163, 0.8226654169164836, 0.8829386510791, 0.8483597859845063, 0.9149912843626776, 0.9166261961902568, 0.8909800731199641, 0.9353436140055068, 0.9401148685705194, 0.10301618795033304, 0.9072738081771134, 0.3538895294613599, 0.788711179694945, 0.22083956071659588, 0.5, 0.8850582769432934, 0.7781366909492716, 0.9273848595831212, 0.46965709368321756, 0.19068435862882208, 0.3014390822178245, 0.9584251243874179, 0.09794558193707631, 0.13666940355905072, 0.4290147168831073, 0.9528436502816271, 0.28617007198881134, 0.9458595082722974, 0.9374905107122682, 0.932422259144217, 0.16714869878665561, 0.8941633559811031, 0.9331891773408723, 0.9299507496081125, 0.8956647279681293, 0.9517647056025235, 0.9402522710086698, 0.6553975957189099, 0.41281614596584504, 0.9359308924988926, 0.6851865795299709, 0.9105826869930457, 0.14929802366334907, 0.9124183905899123, 0.3817128187924466, 0.9171626491997991, 0.8811014684937643, 0.8160967386516588, 0.9471410247062372, 0.949512129195753, 0.16898739312785607, 0.9145417346238366, 0.22259840396139632, 0.9378468355461183, 0.8495310711655095, 0.1506688662094997, 0.4559192672826574, 0.8609493168951015, 0.9371688619393556, 0.18496183854220172, 0.9175080078077216, 0.9449353111030412, 0.9124110915480732, 0.6563136486641007, 0.35917762107491763, 0.6903419229566432, 0.6782337182845931, 0.1471031677857657, 0.9327177774578976, 0.8761388401541458, 0.9415302499707128, 0.917009374635719, 0.7004556016504374, 0.2873259721593154, 0.1336044351227806, 0.9136439884682277, 0.16589529692797478, 0.1369131066675312, 0.9138781113791875, 0.9438280845168434, 0.928570372523268, 0.9366885771127034, 0.9179821359727921, 0.9017422293958158, 0.9176702502509877, 0.9080468559585871, 0.9368662099894491, 0.9291107407019766, 0.9234558269847225, 0.1659994300169048, 0.3760770958162325, 0.579681068677772, 0.5931987853376666, 0.907131556668092, 0.9430995681907582, 0.13351143942258237, 0.9635899982024767, 0.9224533365451684, 0.8563074299921415, 0.11580145333823903, 0.7356956098184521, 0.8072280961343482, 0.7327185830284646, 0.1665396092616262, 0.7044670524533321, 0.15294735189382527, 0.9222259350862876]"
SVM,50,10,"[1, 1, 0, 0, 1, 1, 1, 1, 1, 1, 0, 1, 1, 1, 1, 0, 0, 1, 1, 1, 0, 1, 1, 1, 1, 1, 1, 1, 1, 0, 1, 1, 1, 0, 0, 1, 0, 1, 0, 1, 1, 1, 1, 0, 1, 1, 0, 0, 0, 0, 1, 1, 1, 1, 1, 1, 1, 0, 1, 1, 0, 1, 0, 0, 1, 1, 1, 1, 1, 1, 1, 1, 0, 1, 1, 0, 1, 0, 1, 1, 0, 1, 1, 1, 1, 1, 1, 0, 0, 1, 0, 0, 1, 0, 1, 1, 1, 1, 1, 1, 1, 1, 0, 1, 1, 1, 1, 1, 1, 1, 0, 0, 0, 1, 0, 1, 0, 1, 1, 1, 1, 1, 1, 0, 1, 1, 1, 0, 0, 1, 0, 1, 1, 1, 1, 1, 1, 1, 0, 1, 1, 0, 1]","[1, 1, 1, 0, 1, 1, 0, 1, 1, 1, 1, 1, 0, 1, 1, 0, 0, 1, 0, 1, 0, 1, 1, 1, 1, 1, 1, 1, 1, 0, 1, 1, 1, 0, 0, 1, 1, 1, 0, 0, 1, 0, 1, 0, 1, 1, 0, 0, 0, 0, 1, 1, 1, 1, 1, 1, 1, 0, 1, 1, 1, 1, 0, 0, 0, 1, 1, 0, 0, 1, 1, 0, 1, 1, 1, 0, 1, 0, 1, 1, 0, 1, 1, 1, 1, 1, 1, 0, 0, 1, 0, 0, 0, 1, 1, 1, 1, 1, 1, 1, 0, 1, 0, 1, 0, 1, 0, 1, 1, 1, 1, 0, 0, 1, 0, 1, 0, 1, 1, 1, 1, 1, 1, 1, 1, 1, 1, 0, 0, 1, 0, 1, 1, 1, 1, 1, 1, 1, 0, 1, 1, 0, 1]","[0.9451642243249948, 0.9565102798736994, 0.6681760585380125, 0.17172923996993222, 0.961979655404922, 0.9475545612796009, 0.25458198931642884, 0.9158710174684638, 0.9426730472640762, 0.9209093891095366, 0.9499955852305387, 0.8816625448145972, 0.4871374975068617, 0.8379062138671068, 0.8305633753906085, 0.06171874366331639, 0.3216064688453876, 0.9529942848664745, 0.09917504554979524, 0.8978368220978149, 0.15723324527464644, 0.9283054746411903, 0.897647140303463, 0.92933934021164, 0.83308113596371, 0.9081928327355001, 0.8030079651375576, 0.9476524602921947, 0.9303530071896223, 0.13612794040578124, 0.8533763662028313, 0.9490466070684183, 0.9394150131264808, 0.39271749150142193, 0.07600200512415654, 0.909986987560371, 0.9156307129491555, 0.9412344132005419, 0.37745417960226335, 0.05758001978537345, 0.9434576008384563, 0.5163246405125576, 0.8445856915350872, 0.39876467857590364, 0.9183769181249147, 0.9202364908507179, 0.17439448288764037, 0.21667599868232254, 0.17088340870601715, 0.0860875160286214, 0.9231432914572656, 0.9549393331925145, 0.8766757966227576, 0.8581085216450061, 0.8886713349965851, 0.9356832922446062, 0.5848019630396883, 0.1744780145692231, 0.7912500544777405, 0.8703367335640952, 0.6769421807632158, 0.9086180124620363, 0.093696934701222, 0.3232499024549393, 0.16058765292926694, 0.9380054507676161, 0.8841963394857006, 0.4900685128341955, 0.18996575526990722, 0.6473045465808126, 0.9015265623647576, 0.30899170486452243, 0.9424972603477216, 0.9231292677713135, 0.9184625996155437, 0.1159562334084573, 0.9484476048694734, 0.13955036588611272, 0.8178267601802065, 0.9369541951650443, 0.2663261870484921, 0.9053856121997275, 0.9455616271203756, 0.8974334299313522, 0.8002814041509642, 0.9356524437365525, 0.9523047211479709, 0.12065902854258663, 0.09393512049663673, 0.8974085979541906, 0.15094672990908484, 0.07767417048223363, 0.5, 0.8120581476929555, 0.7887729903933776, 0.6592553481246309, 0.9561126427790946, 0.8164927929632618, 0.8025546764145184, 0.9301198793617013, 0.44619287756962184, 0.9221590729908382, 0.10754392430969556, 0.7642188466959414, 0.15405342453383505, 0.9435350958472367, 0.42968425002401, 0.9615803443441749, 0.9177406260248852, 0.8620867846322627, 0.9154165745660228, 0.15369402749093486, 0.20892764606366887, 0.8980102416582422, 0.1514846033117373, 0.7786427272908005, 0.08512778758197463, 0.9404098170950167, 0.962000421039157, 0.9562785260045388, 0.8830355647137726, 0.9620719587915616, 0.6895097077207946, 0.8748843127201481, 0.9488336804349097, 0.8917430369645131, 0.9201315371429555, 0.12857423037992843, 0.16428173894539916, 0.8110628145753516, 0.18315180225665473, 0.8914993488351405, 0.9136516218967023, 0.9147911420158015, 0.903528198211411, 0.8548099731638685, 0.9293103340532968, 0.7958480402134566, 0.23511924370578863, 0.9127005591301253, 0.9072603870830248, 0.1606763245043059, 0.7774190223262708]"
Logistic Regression,1,1,"[1, 0, 0, 1, 0, 0, 1, 1, 1, 0, 0, 1, 1, 1, 0, 1, 1, 1, 1, 0, 1, 1, 1, 0, 1, 1, 1, 0, 0, 1, 1, 1, 1, 1, 1, 0, 1, 1, 1, 1, 0, 1, 1, 0, 1, 0, 1, 0, 0, 1, 0, 1, 1, 0, 0, 0, 0, 1, 1, 0, 0, 1, 1, 0, 0, 1, 1, 1, 1, 0, 1, 1, 1, 1, 0, 1, 1, 1, 1, 1, 1, 1, 0, 1, 1, 0, 1, 0, 1, 1, 1, 0, 1, 1, 1, 0, 1, 1, 0, 1, 1, 1, 1, 1, 0, 1, 1, 0, 1, 1, 1, 1, 1, 1, 0, 1, 1, 0, 1, 1, 1, 0, 1, 0, 1, 1, 1, 0, 1, 1, 0, 0, 1, 0, 1, 0, 1, 0, 1, 1, 1, 0, 1, 1]","[1, 0, 1, 1, 1, 0, 1, 1, 1, 0, 0, 1, 1, 1, 0, 1, 0, 1, 1, 0, 1, 1, 0, 0, 1, 1, 1, 0, 0, 1, 1, 0, 1, 1, 1, 0, 1, 1, 1, 1, 0, 1, 0, 1, 1, 0, 1, 0, 0, 1, 0, 1, 1, 0, 0, 1, 0, 1, 1, 0, 0, 1, 1, 1, 0, 1, 0, 1, 1, 0, 1, 1, 1, 1, 0, 0, 1, 1, 1, 1, 1, 1, 0, 1, 1, 0, 1, 0, 1, 1, 1, 0, 1, 1, 1, 0, 1, 1, 1, 1, 1, 0, 1, 1, 1, 1, 1, 1, 1, 1, 0, 1, 1, 1, 1, 1, 1, 0, 1, 1, 1, 0, 1, 0, 1, 1, 1, 1, 1, 1, 0, 0, 1, 0, 1, 0, 1, 0, 1, 1, 1, 0, 0, 1]","[0.5215754146906327, 0.05749438328906976, 0.5927578385667455, 0.9623065430617986, 0.9543907823045482, 0.0009990589712685638, 0.9150487341370718, 0.730903026314704, 0.7179429503222076, 0.3599087760175745, 0.03025056127929482, 0.8696386301926675, 0.9707213690433513, 0.6612263486647653, 0.07360220588782439, 0.9825054717543484, 0.08993938219547186, 0.6195088916929001, 0.6239694678997143, 0.06396720868934344, 0.5768550389293053, 0.8977091608879736, 0.3846436319770276, 0.17042857876176812, 0.9598228623114832, 0.7213118990645985, 0.981292808518215, 0.21346356370207495, 0.005404926616540574, 0.9834087936490958, 0.9435401954046375, 0.16185877380001418, 0.9145008313950445, 0.8404906092920248, 0.5097941969256867, 0.32782342039192347, 0.8610833522442597, 0.646344747905161, 0.6128403951185749, 0.9081651264562974, 0.3510140661568387, 0.8744770148828398, 0.13060439063218002, 0.639061102958866, 0.8025973430137104, 0.07254444637391078, 0.9833221335549591, 0.0011923643857177516, 0.001473335846696977, 0.9394368436392192, 0.23868474365710138, 0.6426991601652654, 0.9725174935576244, 0.0021816652912121175, 0.056554167192637075, 0.7026711575450578, 0.25702872475124083, 0.6875256475263317, 0.8166492015044187, 0.011336730406859872, 0.3297050148390871, 0.7784148056276243, 0.904612487362966, 0.7034718371019436, 0.0646149445787104, 0.8237086978586942, 0.2831586928204579, 0.5761230199714602, 0.9491887364936901, 0.005951683379187598, 0.8133741375210805, 0.9606853381357017, 0.9125922324336314, 0.63946602697899, 0.00500826330304491, 0.0002447656300915354, 0.9517233616366068, 0.9609005134333235, 0.5426594492157009, 0.6782911791028239, 0.9809647448303324, 0.8703185517988357, 0.08538981651364264, 0.7833452045928554, 0.9015029748018107, 0.004847619212060905, 0.9465221224247188, 0.0006663521673142242, 0.9179404830085683, 0.8658776159891104, 0.8880160269862134, 0.25319348289806765, 0.9570767277993352, 0.9627245466328731, 0.9065066645504937, 0.017906465979106962, 0.8576196365134019, 0.9471536828266768, 0.7876698703884129, 0.970667650077925, 0.8896909518483831, 0.47605350860160445, 0.8948655703800164, 0.6910756271236762, 0.7343866001692829, 0.8795817742638429, 0.8805922584751142, 0.90716028379967, 0.7038807007767045, 0.9829317136156179, 0.1488548226155174, 0.9246391150575972, 0.9356091398331596, 0.9412739519656681, 0.817204846909248, 0.9821332779654794, 0.8412536278798041, 0.07289592502802465, 0.647025587738225, 0.9337501101625181, 0.6532737217643807, 0.015090097750591527, 0.898676400899057, 0.19367517222137945, 0.9806944958632056, 0.967497797471662, 0.6459146166439801, 0.8214506036667627, 0.7938925612958392, 0.6242051261588669, 0.006763675108713715, 0.42580251079264786, 0.9753684015335146, 0.2822422629104702, 0.746496507036418, 0.07939816360932957, 0.9436179847623077, 0.0029402632527014364, 0.9585889507851865, 0.6774407246951805, 0.9273396681851692, 0.0979978285908867, 0.09406756564590013, 0.9775297198824121]"
Logistic Regression,2,1,"[0, 1, 0, 1, 0, 0, 1, 1, 1, 1, 0, 0, 1, 1, 1, 1, 1, 1, 1, 1, 1, 1, 1, 0, 1, 1, 0, 1, 1, 1, 0, 0, 0, 0, 1, 1, 0, 0, 1, 1, 1, 1, 1, 0, 0, 0, 1, 0, 1, 0, 1, 1, 1, 1, 0, 0, 0, 0, 1, 0, 1, 0, 1, 0, 1, 0, 0, 1, 1, 1, 1, 0, 1, 1, 1, 1, 1, 1, 1, 0, 0, 0, 1, 1, 1, 1, 1, 1, 1, 1, 1, 0, 1, 0, 0, 0, 1, 1, 0, 1, 1, 0, 0, 1, 1, 1, 1, 0, 1, 1, 1, 0, 0, 0, 0, 0, 0, 1, 1, 1, 0, 0, 1, 0, 1, 0, 0, 1, 0, 1, 0, 1, 1, 1, 1, 0, 1, 0, 0, 0, 1, 1, 1]","[1, 1, 0, 1, 0, 0, 1, 1, 1, 1, 1, 0, 1, 1, 1, 1, 1, 0, 1, 1, 1, 0, 1, 0, 0, 1, 0, 1, 1, 0, 0, 0, 0, 0, 1, 1, 0, 0, 1, 1, 1, 1, 1, 0, 0, 1, 1, 0, 1, 1, 1, 0, 1, 1, 0, 0, 0, 0, 1, 0, 0, 0, 1, 0, 0, 0, 0, 1, 1, 1, 0, 0, 1, 0, 1, 1, 0, 1, 1, 0, 0, 0, 1, 1, 1, 1, 1, 1, 1, 0, 1, 1, 0, 0, 0, 0, 1, 1, 0, 0, 1, 0, 1, 1, 1, 0, 1, 1, 1, 1, 1, 0, 1, 1, 0, 0, 1, 1, 1, 1, 0, 0, 1, 0, 1, 1, 0, 1, 1, 1, 0, 1, 1, 0, 1, 0, 0, 0, 1, 0, 1, 1, 1]","[0.5028042174682115, 0.9754228802607137, 0.22615325535257105, 0.9715498603430857, 0.0022809323741866247, 0.01135016221936977, 0.8823616554953797, 0.8888189296770458, 0.788721940366473, 0.945877920334855, 0.9579325557632347, 0.10733133227472083, 0.9557118221683818, 0.7568983760796244, 0.9423298659665277, 0.8957364188395667, 0.79133435840895, 0.3575556104328785, 0.5237901841729377, 0.9501864566601501, 0.8792251211522836, 0.20822946444339296, 0.8650409600094574, 0.012704441853588398, 0.17322381168428455, 0.577246437717604, 0.09457319472176412, 0.9455016094317388, 0.8529910705242454, 0.4723663375245626, 0.05158444553285251, 0.0353603810324572, 0.013158564902241697, 0.0001405765783319406, 0.8276243342261701, 0.9751056738230728, 0.40195071034989993, 0.03172260928465511, 0.8256546664842286, 0.9904165448573046, 0.6446306505539647, 0.9876823284747611, 0.9542946645846392, 0.32194911911444374, 0.012651452088651777, 0.5886736006949636, 0.9177910672843202, 0.02090817741932355, 0.9459401782965907, 0.9120371016058081, 0.9410318708278751, 0.07333910135066728, 0.9498096792552113, 0.7638932085483598, 0.09934903262248389, 0.030585478661077255, 0.11778476703627647, 1.0351647384503757e-06, 0.870749308448079, 0.0008702502151300664, 0.3188773010676455, 0.2934246859436973, 0.9026898633289364, 0.2748096894099506, 0.4615584683901182, 0.027185989090717805, 0.0025190134160611795, 0.9455745525842826, 0.9806191437692012, 0.9804411866469848, 0.2627198572410943, 0.05436368650722332, 0.7010215257627609, 0.08964982114992905, 0.8301430398109276, 0.9515137737664436, 0.13420628611094368, 0.6962451818355965, 0.8843182548319687, 0.04833076011402086, 0.34246244698305733, 0.022205393366789266, 0.9505584955226762, 0.7884394603449554, 0.9545214166404442, 0.9048899117324184, 0.9570283480214345, 0.900400233690417, 0.9022298837799566, 0.2413214800637029, 0.9606675504302611, 0.5190774078600857, 0.32686507530346753, 0.00546823541054243, 0.280274728949127, 0.0021502308649043885, 0.9444908973432389, 0.6493730568440624, 0.016528793695178214, 0.24408689949009674, 0.5859463775801431, 0.05329907776624863, 0.7442922955005233, 0.9409909972267116, 0.5912205809073907, 0.4115419430754583, 0.9514571455235453, 0.6920258232419911, 0.8846439717635345, 0.9125644482845494, 0.9853806582334663, 0.1973445089020686, 0.5595632748782944, 0.8771129549818427, 0.15446510615936754, 0.1405041433658292, 0.6378148938544831, 0.898747871667765, 0.9631378264146587, 0.9296014212496554, 0.023865497891037153, 0.3243648606336996, 0.6072195978154846, 0.1427322729416569, 0.8855164593152534, 0.6096315549304295, 0.02407343324350128, 0.9836974944276339, 0.5310224277233838, 0.9087548382145796, 0.3544118772708823, 0.9787929219392473, 0.9550219002624427, 0.33124816410437935, 0.9803931031808923, 0.10319713177671606, 0.05886145283309615, 0.10566261424173552, 0.8853873567481966, 0.0880094450742401, 0.8806437335226465, 0.9620683748606004, 0.6187891873853798]"
Logistic Regression,3,1,"[0, 1, 1, 0, 1, 1, 1, 1, 1, 0, 0, 0, 0, 0, 1, 1, 1, 0, 0, 1, 1, 1, 1, 1, 1, 1, 1, 1, 1, 1, 0, 0, 0, 0, 1, 0, 0, 1, 1, 1, 1, 1, 1, 1, 0, 0, 1, 1, 1, 0, 0, 0, 0, 0, 0, 0, 0, 1, 0, 1, 1, 1, 1, 0, 1, 1, 0, 1, 1, 0, 1, 1, 1, 1, 0, 1, 1, 1, 1, 0, 1, 0, 0, 1, 0, 1, 1, 1, 0, 0, 1, 1, 1, 1, 0, 1, 0, 0, 1, 1, 1, 1, 1, 1, 0, 1, 1, 1, 0, 1, 1, 1, 0, 1, 0, 1, 0, 1, 0, 1, 1, 0, 1, 1, 1, 1, 0, 0, 0, 0, 0, 0, 1, 1, 0, 1, 1, 1, 1, 0, 1, 1, 0]","[1, 1, 1, 1, 1, 1, 1, 1, 1, 0, 0, 0, 0, 0, 0, 1, 1, 0, 0, 0, 1, 1, 1, 1, 1, 0, 1, 0, 1, 1, 1, 0, 0, 0, 1, 1, 1, 0, 0, 1, 1, 1, 1, 1, 1, 1, 1, 1, 1, 0, 1, 0, 0, 0, 0, 0, 0, 1, 0, 0, 1, 1, 0, 1, 1, 1, 0, 1, 1, 0, 1, 0, 1, 1, 0, 1, 1, 1, 1, 0, 1, 0, 0, 1, 0, 1, 1, 1, 0, 0, 1, 0, 1, 1, 1, 0, 0, 0, 1, 1, 0, 1, 1, 1, 0, 1, 1, 1, 1, 1, 1, 1, 0, 0, 1, 1, 0, 1, 0, 1, 1, 0, 1, 1, 1, 1, 1, 0, 0, 0, 0, 0, 1, 1, 0, 1, 1, 0, 1, 1, 1, 1, 0]","[0.8489919547152679, 0.9116677090553778, 0.7791341964594265, 0.8910831150173221, 0.8961382875598313, 0.8329563977738134, 0.9628245021249614, 0.8933854868819644, 0.9172364092691091, 0.43595787395568464, 0.10507384415116254, 0.02101982355351757, 0.07160284080178575, 0.13663344064995764, 0.3037650149478256, 0.9247898947615797, 0.9702206562380182, 0.007892962175183371, 0.03583165215847991, 0.24093521646039126, 0.7587759413196037, 0.9814123857794964, 0.9384040335682394, 0.9891545464342791, 0.9707085828180928, 0.2259392857974402, 0.9707511632843756, 0.35906266091709976, 0.8819494555547432, 0.867488588838284, 0.8106191408759605, 0.13741749244616497, 0.4687473409489438, 0.002559288875103051, 0.9394882381451949, 0.8699669408618964, 0.9274893168270791, 0.3683820291246127, 0.050368593965256434, 0.8861972391786013, 0.8492551222636091, 0.7806723647496824, 0.9433578466520834, 0.970760564765112, 0.9925649781088399, 0.6560492299887832, 0.9846649513984204, 0.9736045607295363, 0.614730358551022, 0.08165260266479933, 0.5731937698052006, 0.005916524776613701, 0.01805593466767576, 0.017360089118116914, 0.07790113373088467, 0.004074898419020194, 0.01464573004048421, 0.8547697556076316, 0.1098232392513836, 0.29081541318893583, 0.7359464690722989, 0.9102895151414641, 0.2862161084926777, 0.5696230617279314, 0.968534843886283, 0.7766606506924414, 0.38839467098732666, 0.9584083567241339, 0.8882348144082731, 0.021366028593512977, 0.9450931809174122, 0.4947682496002557, 0.9042479285914924, 0.6994136651699262, 0.03672261479813681, 0.8586388478398568, 0.9948853429894082, 0.8531118196368058, 0.7860414497419237, 0.3443566334051927, 0.8465437499018124, 0.00039188886973252424, 0.06038648713902327, 0.9389273680424406, 0.23360194435341636, 0.8997362452700334, 0.88889933260319, 0.9401495829775087, 0.4191492666140946, 0.0039169217848265365, 0.951173119344651, 0.3633322776786728, 0.9904866739508509, 0.9291323438945089, 0.9584830877092755, 0.3163994740575694, 0.16240895396964133, 0.0011021247379644928, 0.7707630542008472, 0.7377341454536753, 0.010371994231612175, 0.9546044927048271, 0.9572048719947223, 0.6651618358528807, 0.4757335712623641, 0.9831777768548119, 0.9920516440006056, 0.7817206856220285, 0.7801247008343354, 0.771038394228674, 0.8800954088446477, 0.7734589444670742, 0.04185411309285299, 0.3934589740445149, 0.7514469615736855, 0.9629250641753492, 0.17329337410743953, 0.9715333359068775, 0.3485615367496907, 0.9534373661831015, 0.8379857956660011, 0.022092754737748053, 0.9586711906282792, 0.8779608816399744, 0.9940718418520726, 0.9409477016999971, 0.988242956983265, 0.13435446496363707, 0.005688204547883569, 0.4052025760962985, 0.11300186215099416, 0.0011602115981514955, 0.5022391921116514, 0.889593051607408, 0.051216500178385305, 0.7785377170088292, 0.9474779468176365, 0.3906224964269374, 0.7852813753053811, 0.5948013739365723, 0.5565667441723756, 0.5121954202883156, 0.013830341146928438]"
Logistic Regression,4,1,"[0, 0, 1, 1, 1, 1, 1, 1, 1, 1, 1, 1, 1, 0, 1, 1, 1, 0, 1, 0, 1, 1, 0, 0, 1, 1, 1, 1, 0, 1, 1, 0, 1, 1, 0, 0, 1, 0, 0, 1, 1, 0, 0, 1, 1, 1, 1, 1, 1, 1, 0, 1, 1, 1, 1, 1, 1, 0, 1, 1, 0, 0, 1, 1, 1, 1, 0, 0, 1, 1, 1, 1, 1, 1, 0, 1, 1, 0, 0, 1, 0, 1, 0, 1, 1, 1, 1, 0, 1, 0, 1, 1, 0, 1, 0, 1, 0, 1, 1, 0, 1, 1, 1, 0, 0, 1, 1, 1, 0, 1, 1, 0, 1, 0, 0, 1, 0, 1, 1, 1, 0, 0, 1, 1, 1, 0, 1, 0, 1, 0, 1, 0, 1, 0, 1, 0, 0, 1, 1, 0, 0, 0, 0, 1]","[0, 0, 1, 1, 1, 1, 0, 1, 1, 0, 0, 1, 1, 0, 1, 1, 1, 0, 1, 0, 1, 1, 0, 0, 1, 1, 0, 1, 0, 1, 1, 0, 1, 1, 0, 0, 1, 0, 1, 1, 1, 1, 0, 1, 1, 0, 1, 1, 1, 1, 0, 1, 0, 1, 1, 1, 1, 0, 1, 1, 1, 0, 1, 1, 1, 1, 0, 0, 1, 1, 1, 0, 1, 1, 1, 1, 1, 0, 0, 1, 0, 1, 0, 1, 1, 1, 1, 0, 1, 1, 1, 1, 0, 1, 0, 1, 1, 0, 0, 0, 1, 1, 1, 1, 1, 0, 0, 1, 0, 0, 0, 0, 1, 0, 0, 1, 0, 1, 1, 1, 0, 0, 1, 1, 1, 1, 0, 0, 1, 0, 1, 0, 1, 0, 1, 0, 0, 1, 1, 0, 0, 0, 0, 1]","[0.36307891000505677, 0.29612132542081504, 0.9757111122838159, 0.912531994206195, 0.9602899539211086, 0.8118833768244474, 0.49254107361466676, 0.796656407687207, 0.8603809164250446, 0.4510978618206274, 0.28891379911012066, 0.9594732765768587, 0.9316185106380519, 0.0094276700781695, 0.7713555302438495, 0.7517542990931643, 0.9355985923562626, 0.19105662363916895, 0.6015754653121771, 0.008479105902701007, 0.9290936199816783, 0.9558518038447639, 0.1706563811185183, 0.02797255465873875, 0.711490663529603, 0.9589152671120045, 0.4950212337685724, 0.810922950240239, 0.037349570299183475, 0.7003382361893755, 0.5297600809665005, 0.46293712661934383, 0.9421472066632206, 0.9677462502970546, 0.25309219079437356, 0.32290426038585596, 0.6578130298060002, 0.05603568760590438, 0.8648726279894883, 0.9603126213753106, 0.5110821230179046, 0.5375404345069872, 0.23374306524625751, 0.7158908891024596, 0.6819316467528475, 0.00870468401133096, 0.6076670423532242, 0.9113742727403141, 0.9593339268347368, 0.7791304455661784, 0.0024488191038285097, 0.7998137533233465, 0.3649593369113292, 0.7043007600130622, 0.8226308055497126, 0.9082092068976807, 0.9496545851858138, 0.005598724482086066, 0.9201473060688163, 0.890090991978879, 0.7208644234791476, 0.023021823162351584, 0.9728645977918684, 0.9111175329966057, 0.8814940569886197, 0.970474592701672, 0.10787276000875998, 0.03537221162407618, 0.6514061185900948, 0.8771400915952815, 0.9794080070717857, 0.4736131830945001, 0.5343869213414515, 0.6596859945137001, 0.8642832872005405, 0.8178849532494654, 0.9006622761582856, 0.042940588318877294, 0.3232310836218576, 0.7330174325199524, 0.03788027984788007, 0.9610873644665794, 0.013469683556543485, 0.6711965909155702, 0.877513939572174, 0.5742816029016924, 0.5821388754272359, 0.28677282077180655, 0.8536556628160091, 0.7733328510586378, 0.729453950517092, 0.5715167692512007, 0.024091017695311297, 0.6940964307884088, 0.11386647789349462, 0.8376705881813951, 0.9033472612572103, 0.3716316223657993, 0.04181369397143671, 0.027441692594306462, 0.9207237836680969, 0.965023333887305, 0.9620191740840194, 0.5909997583898089, 0.5092178381404836, 0.43280508887815916, 0.25668236365680813, 0.9695824688959855, 0.004342969748821093, 0.3746406792722021, 0.3470178510776716, 0.037126421345585046, 0.9250452005785041, 0.02305671404945889, 0.21814904348801847, 0.5813566788308737, 0.025099873894112928, 0.9565713823302341, 0.943660884022048, 0.9383330841699632, 0.03036547313151559, 0.0028231186064308234, 0.8444722425785044, 0.9602706372053784, 0.9826277581953413, 0.5612022461418664, 0.42470114315652774, 0.03571588111514864, 0.92098645872524, 0.24893537651537714, 0.6080035053047941, 0.1296350685510961, 0.9421167197896165, 0.0010455511461682743, 0.9380478061494304, 0.4892636479247286, 0.08312202491834036, 0.9832027084418605, 0.9615889659792941, 0.01246063797434991, 0.14113551333159724, 0.0033801282816425956, 0.011151135007373044, 0.932823161506524]"
Logistic Regression,5,1,"[1, 0, 1, 1, 1, 1, 0, 1, 0, 1, 1, 0, 1, 1, 1, 0, 0, 0, 1, 0, 1, 1, 1, 1, 1, 0, 1, 1, 1, 0, 0, 1, 1, 1, 0, 1, 1, 1, 1, 0, 1, 1, 1, 1, 1, 0, 0, 1, 1, 1, 0, 1, 1, 1, 0, 1, 1, 1, 1, 1, 1, 1, 1, 0, 0, 1, 0, 1, 1, 1, 1, 0, 1, 1, 1, 1, 1, 1, 1, 1, 1, 1, 1, 1, 1, 1, 1, 0, 1, 0, 0, 0, 0, 0, 0, 1, 0, 1, 1, 1, 0, 1, 1, 1, 1, 1, 1, 1, 1, 1, 1, 1, 1, 0, 0, 1, 1, 0, 0, 1, 1, 0, 1, 0, 1, 0, 1, 1, 1, 1, 1, 0, 1, 1, 0, 0, 0, 1, 0, 0, 0, 1, 1]","[1, 0, 1, 0, 1, 1, 0, 1, 1, 1, 1, 0, 1, 1, 1, 0, 0, 0, 0, 0, 1, 1, 1, 1, 1, 0, 1, 1, 1, 0, 1, 1, 1, 1, 0, 1, 1, 1, 1, 0, 1, 1, 1, 1, 1, 0, 1, 1, 0, 1, 0, 1, 1, 1, 0, 1, 1, 1, 1, 1, 1, 0, 1, 0, 0, 0, 0, 0, 1, 1, 1, 0, 0, 1, 1, 1, 1, 1, 1, 1, 1, 1, 1, 1, 1, 1, 1, 0, 1, 0, 0, 0, 0, 0, 0, 1, 1, 1, 1, 1, 0, 1, 1, 1, 1, 1, 1, 1, 1, 0, 1, 1, 1, 0, 1, 1, 1, 0, 0, 0, 1, 0, 1, 0, 1, 0, 1, 1, 1, 1, 1, 1, 1, 1, 1, 0, 0, 1, 0, 0, 0, 1, 1]","[0.8995957247768572, 0.42174622186612104, 0.7932184375169712, 0.2371242354741201, 0.7038054610383896, 0.9038215024012027, 0.02876556930102576, 0.9768937668148119, 0.6912825159882033, 0.6392447328001426, 0.7904202008607729, 0.007064146939016435, 0.9669935899833395, 0.8364642971802921, 0.7314851488345667, 0.12491752897977387, 0.40204549002141693, 0.09437446753085371, 0.498868993162142, 0.01025060711324179, 0.6114432522738766, 0.7203861120005582, 0.9232655981775342, 0.85588689728453, 0.7891687491037084, 0.0019998066417802603, 0.967007528296087, 0.674290290900826, 0.8432619452175174, 0.1400641945319203, 0.5445866715821148, 0.9320684146895156, 0.8726622647726776, 0.942084614225341, 0.020994388693401686, 0.9396173649499401, 0.8348684193473133, 0.7256374665156612, 0.7460134835140798, 0.4052096060263278, 0.8959772754274189, 0.8641282105449737, 0.6594255123284912, 0.7532054379660423, 0.9848775387559069, 0.1729568466791734, 0.8146209741418624, 0.921698479328904, 0.15568022675196153, 0.6188682235603726, 0.24548417251624735, 0.8832872377339834, 0.9801857281923294, 0.5388098087786523, 0.010927342683368459, 0.814355608863288, 0.5649367998488775, 0.7407846683106152, 0.8301394498300328, 0.7585150803732364, 0.8121021310308018, 0.020475805917296395, 0.9135159038792728, 0.48435369803321715, 0.03159749236042886, 0.3864166397346507, 0.15300472902933143, 0.47893355303125934, 0.8498780718169809, 0.8834567138128795, 0.5398593762441019, 0.22724903667809268, 0.16662203162927297, 0.9723000473232778, 0.5626435167346505, 0.916557095971712, 0.9809980244845146, 0.9820808407387382, 0.8408859786760428, 0.7453882245052483, 0.9722566904107414, 0.8620025739029636, 0.9669312061953402, 0.9340340773390172, 0.9201855975006806, 0.5658778378023861, 0.9448813102130893, 0.08947914585633984, 0.7795477977203562, 0.04894049816109398, 0.046791657055942765, 0.008585898974723054, 0.13577111333517108, 0.012412575621754261, 0.04546137827886203, 0.6929266969638479, 0.988290378327678, 0.6467806430401611, 0.7445175094911723, 0.8098514639717297, 0.18628659749504078, 0.7695080303914118, 0.8207186626140158, 0.9769626687207611, 0.9048935916226848, 0.9542414935253051, 0.8970718842961122, 0.8714172931937908, 0.7062281990048592, 0.18700932207333787, 0.8664950408823695, 0.7202850882148258, 0.8715545677033857, 0.05091052326132964, 0.6319642235576892, 0.8678915677984088, 0.9713524053643415, 0.16739095788587388, 0.05450627852968216, 0.3601501151799961, 0.9591768878331525, 0.012499490451545565, 0.9780647625398163, 0.32281353750353986, 0.8650369751539713, 0.03049038585481114, 0.5098804307279071, 0.6387898732535356, 0.9077193286414414, 0.9854707705721168, 0.9582325193007948, 0.7020318932038659, 0.964305237740755, 0.9454662695743635, 0.7264746352427219, 0.19154055890400165, 0.4972267800369485, 0.7008093451817492, 0.41394217518609955, 0.2002173154076919, 0.004207406245180063, 0.8913582436281233, 0.9301344501492966]"
Logistic Regression,6,2,"[1, 0, 1, 1, 0, 1, 0, 1, 0, 0, 1, 0, 0, 1, 1, 1, 1, 0, 1, 1, 1, 0, 1, 1, 0, 1, 0, 1, 1, 1, 1, 1, 1, 1, 0, 1, 1, 0, 1, 0, 0, 1, 1, 1, 1, 1, 1, 1, 1, 1, 0, 1, 0, 0, 1, 0, 0, 1, 1, 1, 0, 1, 1, 0, 0, 1, 1, 1, 1, 1, 0, 1, 1, 1, 1, 1, 1, 1, 1, 0, 1, 1, 1, 1, 0, 1, 1, 1, 1, 0, 1, 1, 1, 1, 1, 0, 0, 0, 0, 1, 0, 1, 0, 1, 1, 0, 1, 1, 1, 1, 0, 1, 1, 0, 0, 1, 1, 0, 1, 0, 0, 1, 1, 1, 0, 1, 1, 0, 0, 0, 0, 1, 0, 0, 0, 0, 0, 1, 1, 1, 1, 0, 0, 1]","[1, 0, 1, 1, 0, 1, 1, 1, 1, 0, 1, 0, 0, 1, 1, 0, 1, 0, 1, 1, 1, 0, 1, 1, 0, 0, 0, 1, 1, 1, 0, 1, 1, 1, 1, 1, 1, 1, 1, 1, 0, 1, 1, 1, 1, 0, 1, 1, 1, 1, 0, 1, 0, 0, 1, 0, 0, 1, 0, 1, 0, 1, 1, 0, 0, 1, 0, 1, 1, 1, 0, 1, 1, 0, 1, 1, 1, 1, 1, 0, 1, 1, 1, 1, 0, 1, 1, 1, 1, 0, 1, 1, 1, 0, 1, 0, 0, 0, 1, 1, 0, 1, 1, 1, 1, 1, 1, 1, 1, 1, 0, 1, 1, 1, 1, 1, 1, 0, 1, 0, 0, 0, 1, 1, 0, 1, 1, 1, 0, 0, 0, 1, 0, 0, 0, 0, 1, 1, 1, 0, 1, 0, 0, 0]","[0.8351433709651427, 0.35430649677552545, 0.9709803244462555, 0.9141405256423114, 0.05308677439311242, 0.8766148800959516, 0.5596272108822282, 0.8501083328435128, 0.9609140875467993, 0.0009385147543244938, 0.7984059898107363, 0.4469368300287571, 0.02667257496292463, 0.8901873075305098, 0.971371377655586, 0.27638885092674026, 0.7329476925290352, 0.03338558195541215, 0.8928163515831857, 0.642495575631019, 0.9008824730480768, 0.006512691359865577, 0.88355571045008, 0.9868383407839995, 0.006000166519600889, 0.4547043588520923, 0.01266085923189094, 0.9866479366988522, 0.8879688565840176, 0.9391339503925165, 0.12521754662818668, 0.939686864280885, 0.8796060168310141, 0.839940682042314, 0.5091135144110431, 0.6027592753528116, 0.8975263353628333, 0.7992173732072239, 0.9311550714077965, 0.5859317512796417, 0.013497524000289156, 0.7505893945570011, 0.7981954089236329, 0.826634715149723, 0.8900458438641901, 0.17766196876943596, 0.7963093210886443, 0.8174797423724204, 0.9869083168645494, 0.7587792441547744, 0.0013884279033342896, 0.960971918165259, 0.001846809056087614, 0.018815036258002196, 0.947082045391272, 0.059131046802602574, 0.24283427586869077, 0.8019811342322334, 0.28205434630320847, 0.9272725102636703, 0.010136390758609832, 0.8927334049551687, 0.8002742439950097, 0.1717242593593954, 0.08411172632326089, 0.6863384700005466, 0.22311151676432586, 0.9581887471349436, 0.9687023740354682, 0.9320175289072583, 0.028223594019723693, 0.9748546438313838, 0.9227398463247314, 2.539192102535748e-05, 0.9273076084729014, 0.5330398359362292, 0.975298144529408, 0.6643674677521055, 0.9083759857463491, 0.027033873057393694, 0.9076963090126123, 0.7837450660317204, 0.7858510654677366, 0.9493971935583512, 0.00016377259894908414, 0.9740373144662857, 0.9524295745786024, 0.9132955206434163, 0.9362411886245449, 0.0010369322320982037, 0.8402985574163436, 0.874192266799117, 0.8281101766320843, 0.40234344824928436, 0.9869352848765196, 0.0031392995417760436, 0.01762714920163177, 0.01302026948055046, 0.805502775741755, 0.8333772040511929, 0.03498226464495596, 0.5886403951360369, 0.8428344876661, 0.9563133385817988, 0.8729723755244373, 0.806721459687454, 0.812337440058162, 0.9060012910898887, 0.6589017661659284, 0.8466348137572064, 0.015823968584026977, 0.9773829712162737, 0.9334442963540726, 0.7808506135853317, 0.8466016254477574, 0.9858735608421555, 0.8490664104311748, 0.2363991277758071, 0.6732800424004578, 0.004483758575783688, 0.015729357378678498, 0.49625788975624746, 0.9030236879615877, 0.9826345502300213, 0.0009922024633411892, 0.9540777992613857, 0.6145391109408843, 0.8067044081420703, 0.00682309398568595, 0.4066610149743329, 3.798860491890988e-05, 0.7247127784767596, 0.29557724919530126, 0.12858626089998826, 0.002695946295978895, 0.2029608495444964, 0.7894111729414682, 0.8480346443962619, 0.9380260174414805, 0.48942840473666316, 0.5210420984890296, 0.13393698222231556, 0.012502348964940282, 0.10276409298935604]"
Logistic Regression,7,2,"[1, 1, 1, 0, 1, 1, 1, 1, 1, 0, 1, 1, 1, 1, 1, 1, 0, 1, 1, 1, 1, 0, 1, 1, 1, 0, 0, 1, 1, 0, 0, 1, 0, 0, 1, 1, 0, 0, 1, 0, 1, 1, 1, 1, 1, 0, 0, 0, 1, 0, 1, 1, 1, 0, 0, 1, 1, 1, 1, 0, 1, 1, 1, 0, 1, 1, 0, 1, 1, 1, 1, 1, 0, 1, 1, 1, 1, 1, 1, 0, 1, 1, 1, 0, 0, 1, 0, 1, 0, 1, 1, 0, 1, 1, 1, 1, 1, 1, 1, 1, 1, 1, 1, 1, 1, 1, 0, 1, 0, 0, 0, 0, 1, 1, 0, 0, 1, 1, 0, 1, 0, 0, 1, 0, 0, 1, 1, 0, 0, 0, 1, 1, 1, 0, 0, 0, 0, 0, 0, 1, 1, 1, 0, 1]","[1, 1, 1, 0, 1, 1, 1, 1, 1, 0, 0, 1, 1, 1, 1, 1, 0, 1, 1, 0, 1, 0, 1, 0, 1, 0, 0, 1, 1, 0, 0, 0, 0, 0, 1, 1, 0, 0, 1, 0, 1, 0, 1, 1, 1, 0, 0, 0, 1, 1, 1, 1, 1, 0, 0, 1, 1, 1, 1, 0, 1, 1, 0, 0, 1, 1, 0, 1, 1, 1, 0, 1, 0, 1, 1, 1, 1, 1, 1, 0, 1, 1, 1, 0, 0, 1, 0, 1, 0, 0, 1, 0, 1, 1, 1, 0, 1, 1, 1, 1, 1, 1, 1, 1, 1, 1, 0, 1, 0, 0, 0, 0, 1, 1, 0, 0, 1, 1, 0, 1, 0, 1, 0, 1, 0, 1, 1, 0, 0, 0, 1, 1, 0, 0, 0, 0, 0, 0, 0, 1, 1, 1, 0, 1]","[0.9524857109623244, 0.9719874240131934, 0.7451545041894642, 0.016975194842324133, 0.6982192338809716, 0.9698105113356726, 0.8728523687572421, 0.9223698838408689, 0.7255676817018648, 0.02224514569316357, 0.4324958369210591, 0.8910921410096312, 0.9124376008044078, 0.9674353007973653, 0.8805128261984972, 0.9769661694934054, 0.009964909667530256, 0.6815470397022423, 0.8555282192213873, 0.22625851077474315, 0.579435869749332, 0.15753018720976228, 0.9532353288488625, 0.1743429592125991, 0.6399556468819027, 0.1614409087809189, 0.09460692101654458, 0.6789478832261621, 0.857287958906253, 0.06020196136313779, 0.03983784270942858, 0.29992963156656216, 0.0006442163839616249, 0.03847089394230979, 0.9838991240995348, 0.9315205113061206, 0.25386417119630467, 0.3343403897978822, 0.9243853680576121, 0.06860791396260889, 0.9750733887452844, 0.19441344332488392, 0.9268060063011927, 0.6691681152986512, 0.7568721865830828, 0.2034359402249595, 0.039384156649194084, 0.02102097856415581, 0.8001978295159798, 0.5933676731746357, 0.9476725155638024, 0.6544722006551298, 0.7712659330987237, 0.002693851103892999, 0.27174681419502794, 0.8887053984617026, 0.9166102954843838, 0.9634287301689853, 0.8740487499140772, 0.46670005185549723, 0.8901211029682214, 0.95202351806368, 0.11744221551828492, 0.1048756545503997, 0.6406800412635808, 0.9129779403399924, 0.01278023614716398, 0.9196153400550204, 0.9181523152198645, 0.600644452737104, 0.14356892797022205, 0.9940596049790948, 0.08731811819577687, 0.9019457143848719, 0.772891553487009, 0.8344760069510415, 0.7472635234970371, 0.8705786318473822, 0.8823599273008605, 0.006519262382037365, 0.8413432998342263, 0.9433995591202997, 0.8729201975581978, 0.2120780210462894, 0.0060716037921820735, 0.7982626465151835, 0.14935255358045496, 0.907764942820535, 0.06816657228863283, 0.45238695518649386, 0.9174803395999029, 0.14214441901244643, 0.7749676516229111, 0.8927741994801014, 0.9145367866798241, 0.3944116575595569, 0.7428419567921587, 0.9784958352557386, 0.8928001384029102, 0.77713447091088, 0.9296323863450687, 0.7372937278505447, 0.8413386678660388, 0.9737110528116435, 0.9000861483164089, 0.9439142890235538, 0.4819514388988478, 0.6212915511723, 0.20555031302434096, 0.05397641374314023, 0.15480067466215341, 0.022362416665714372, 0.6129331263750665, 0.927262998110334, 0.32124999333011645, 0.0015156129438563819, 0.8323820622877345, 0.82545634931597, 0.1806447886523657, 0.972321305664919, 0.05607389868584836, 0.5748731411986119, 0.3739133641585855, 0.8348666736538357, 0.2820585949135653, 0.762621776351571, 0.5849368454365435, 0.12614917134122913, 0.3891698232548455, 0.06816030230358577, 0.9622467129141916, 0.9643938652232473, 0.06496255048539967, 0.09158481619946884, 0.48160468743321283, 0.15221308561843322, 0.017793420094944005, 0.17525758844785216, 0.21975482512764344, 0.9436615104606748, 0.5549092480450069, 0.9116340168382797, 0.023844987688993294, 0.5928832397473538]"
Logistic Regression,8,2,"[1, 0, 0, 1, 0, 1, 1, 1, 1, 1, 1, 0, 0, 1, 1, 0, 1, 1, 0, 1, 1, 1, 1, 1, 1, 1, 1, 1, 0, 1, 0, 0, 1, 1, 0, 0, 1, 0, 1, 0, 0, 1, 1, 1, 1, 0, 1, 1, 1, 0, 1, 0, 1, 1, 0, 1, 0, 1, 1, 0, 1, 0, 0, 1, 0, 0, 0, 0, 1, 0, 0, 1, 0, 0, 1, 1, 1, 0, 0, 1, 1, 1, 1, 1, 1, 1, 1, 1, 1, 0, 1, 1, 0, 1, 1, 0, 1, 1, 0, 1, 1, 0, 1, 0, 1, 1, 1, 0, 1, 1, 1, 1, 0, 1, 1, 0, 1, 1, 0, 0, 1, 1, 0, 1, 1, 0, 1, 0, 0, 1, 1, 0, 0, 1, 1, 1, 1, 1, 0, 1, 1, 0, 1]","[1, 1, 0, 1, 0, 0, 1, 1, 1, 1, 1, 0, 1, 1, 0, 0, 1, 0, 0, 1, 0, 1, 1, 1, 1, 1, 1, 1, 0, 1, 0, 0, 1, 1, 1, 0, 1, 0, 1, 1, 1, 0, 1, 1, 0, 1, 1, 1, 1, 0, 1, 0, 1, 1, 1, 1, 1, 1, 1, 0, 0, 0, 0, 1, 0, 0, 0, 0, 1, 0, 0, 0, 1, 0, 1, 0, 0, 1, 0, 1, 1, 1, 1, 1, 1, 1, 1, 0, 1, 1, 1, 1, 1, 1, 1, 0, 1, 1, 1, 0, 1, 1, 1, 0, 1, 0, 0, 0, 1, 0, 1, 0, 0, 1, 1, 1, 1, 1, 1, 1, 1, 0, 0, 1, 1, 0, 1, 0, 0, 1, 1, 0, 0, 1, 1, 0, 1, 1, 1, 1, 0, 1, 1]","[0.9335779240421441, 0.5704989905195336, 0.03135071575618733, 0.8845950449017708, 0.0014408203280985156, 0.46504982210181134, 0.9603872554484022, 0.8308513659720373, 0.9738076041498663, 0.9398536257938035, 0.7918003098580165, 0.1514405828629418, 0.6865043489040178, 0.7070341140227732, 0.27361347191885654, 0.051415693209819285, 0.953348032434957, 0.03451908578417373, 0.07026819762928983, 0.7945718573279693, 0.289383860662171, 0.8191582241216517, 0.9356873477434853, 0.867426700745336, 0.7098497397521865, 0.5438652359173701, 0.8767009276816803, 0.9811054092403978, 0.09108851269474964, 0.8896848908413968, 0.10602285755533475, 0.00955396076881189, 0.887953263510267, 0.7945308634912492, 0.864154312430582, 0.14142092096874245, 0.9853808847396687, 0.32761921983771863, 0.7810321905977056, 0.9106563931019576, 0.7353047907195478, 0.4502483854807098, 0.962249680534373, 0.6014384467152243, 0.31592262046577846, 0.7799879420069228, 0.9422371831032159, 0.5669439138043757, 0.7890380045620515, 0.3197835599915826, 0.7388429296434363, 0.3862249804561413, 0.8962603976331024, 0.9362190307312872, 0.7817604713743993, 0.6247106552485419, 0.8720473890427339, 0.9720484879159139, 0.9700021651013283, 0.0004788323251607374, 0.07599834976869317, 0.04714252827308829, 0.0026283703198950363, 0.6736154540108105, 0.026725695787341925, 0.08058863440593421, 2.8037894918333395e-07, 0.0031885431138560668, 0.7942765006887929, 0.24843026995896364, 0.22669384094830014, 0.47228654778281226, 0.7477073853423284, 0.000857658837686626, 0.9645665691560168, 0.33096323376730463, 0.13238135771989099, 0.5378552650784415, 0.04981313445452915, 0.7943291089296548, 0.9780490947505072, 0.9713797655027379, 0.5788713795876372, 0.5873602416929062, 0.6471530358839708, 0.9122197755187827, 0.9523484741638902, 0.47004635848410675, 0.5437436363319338, 0.9049906881040964, 0.8597205477842947, 0.8844504437557866, 0.6920150117302166, 0.8830617653442127, 0.8111172124389419, 0.32025476442355444, 0.6718455624890983, 0.9192945391939142, 0.79331447753833, 0.22561592362761515, 0.9317276949974915, 0.6276913894960758, 0.7449254982576247, 0.06220873044203463, 0.9505792598058519, 0.3274915893545455, 0.01595826690003331, 0.003572910215785301, 0.9377390693376544, 0.19370187100303254, 0.8099489448402726, 0.009938618847743528, 0.04166503092318819, 0.5676129753149513, 0.8119793959671974, 0.5921789057831253, 0.9899356445478578, 0.8818243552654701, 0.8922399041203161, 0.8011302684935467, 0.723962063763332, 0.09219852012785408, 0.20584191637993898, 0.9329187202236244, 0.975118301061629, 0.3919906408066365, 0.8919484917785521, 0.136871538653926, 0.024810397017649373, 0.9798341620715142, 0.8689226467332868, 0.003964415511685932, 0.40465861767091277, 0.8561288506039171, 0.9239802306462273, 0.33701574391277306, 0.9438182326545763, 0.5581861437101842, 0.6998694272729286, 0.8373758051264579, 0.38772578886678843, 0.5914981737300972, 0.9671706171689107]"
Logistic Regression,9,2,"[0, 0, 0, 1, 1, 1, 0, 1, 1, 1, 1, 1, 0, 1, 1, 1, 0, 1, 1, 1, 1, 1, 1, 1, 1, 1, 1, 0, 1, 1, 1, 1, 1, 1, 0, 0, 0, 0, 0, 1, 1, 1, 0, 1, 1, 0, 1, 1, 1, 1, 1, 1, 0, 1, 1, 1, 0, 0, 0, 1, 1, 1, 1, 1, 0, 0, 0, 1, 1, 1, 0, 0, 0, 0, 0, 1, 1, 1, 1, 0, 1, 1, 1, 0, 1, 0, 0, 1, 1, 1, 0, 1, 0, 0, 0, 1, 0, 1, 0, 1, 1, 1, 1, 1, 1, 1, 1, 1, 0, 1, 0, 1, 1, 0, 1, 1, 0, 1, 1, 1, 0, 1, 1, 0, 0, 0, 1, 1, 1, 0, 1, 1, 1, 1, 1, 0, 0, 1, 1, 1, 0, 1, 1]","[0, 0, 1, 1, 1, 0, 0, 1, 1, 1, 1, 1, 0, 1, 1, 0, 0, 1, 1, 0, 1, 1, 1, 1, 1, 1, 1, 0, 1, 1, 1, 1, 1, 1, 0, 0, 0, 0, 0, 1, 1, 0, 0, 0, 1, 1, 1, 1, 1, 1, 1, 1, 1, 1, 0, 1, 0, 0, 0, 1, 1, 1, 0, 1, 1, 0, 0, 1, 1, 1, 0, 0, 0, 1, 0, 1, 1, 1, 1, 0, 1, 1, 1, 1, 1, 1, 0, 1, 0, 1, 0, 1, 1, 0, 1, 0, 0, 1, 0, 1, 1, 1, 0, 1, 1, 0, 1, 1, 0, 1, 0, 0, 1, 1, 1, 1, 1, 1, 1, 1, 1, 1, 1, 0, 0, 0, 1, 1, 1, 0, 1, 1, 1, 1, 1, 0, 0, 0, 1, 1, 0, 1, 1]","[0.4280124049295758, 0.4767334176257934, 0.8881825060880398, 0.7712402360149438, 0.9036744975144325, 0.44790470197068455, 0.4263848966276751, 0.8147937314231699, 0.9371633850197814, 0.7590159995195987, 0.9577582089279004, 0.8704463135863726, 0.0063822448762943474, 0.6260235957021579, 0.9205959947747161, 0.4538617901448953, 0.03417323689596215, 0.8814707813376957, 0.6557316145189257, 0.39697008009830326, 0.971213078927912, 0.9059866707202388, 0.9443345329759278, 0.962809775189237, 0.9349578118834009, 0.9497381085756946, 0.7648398539866484, 0.043550983124378315, 0.6419919296078228, 0.6321785943462381, 0.9358212912553013, 0.8038729873756091, 0.9698967392544805, 0.9262236820094608, 0.4749877076254632, 0.020137639964145394, 0.26063419480809025, 0.2734253145371329, 0.0025593740954604548, 0.8183003908822908, 0.9223938894566573, 0.06313062721825986, 0.006984027527832409, 0.008451921837099351, 0.9321282440872526, 0.5559793652439291, 0.9025779990075807, 0.8430657362453295, 0.949430032612063, 0.6407761737422618, 0.9809811400212521, 0.956054243941152, 0.9536500440667303, 0.7642275406048455, 0.3653276634116808, 0.6873249026430287, 0.0028570484299265506, 0.04619941920349928, 0.03318167557072027, 0.8101701719866228, 0.5848054363465396, 0.8013659042220878, 0.2709699474100512, 0.8535940743181822, 0.9986764781278843, 0.2805469604886611, 0.03461984235165518, 0.6811697781191715, 0.8935954632036176, 0.9826217406466138, 0.03853924909908879, 0.07592229082413345, 0.030899176777583134, 0.5417416214685594, 0.05690259379434083, 0.7366816083062441, 0.9247146492470624, 0.6697426700568199, 0.9399437790739472, 0.41352110781340906, 0.8607286978467116, 0.8718763212212118, 0.8385053839404747, 0.852329092791523, 0.942237802173418, 0.9073661655121721, 0.022085897642557386, 0.9369440870484287, 0.3297411386367459, 0.7733118923875897, 0.008299104482727731, 0.9420822922412182, 0.9615383362653951, 0.4445567798221956, 0.9933996750354908, 0.17078253789821396, 0.0027403376625310485, 0.9537393832209506, 0.002202725106792781, 0.7490005558150407, 0.9666068100232215, 0.829439820739037, 0.48618767368429106, 0.9635951595920504, 0.9460960052523334, 0.28541751614470945, 0.9343216618140715, 0.9902887215621256, 0.030962666952332827, 0.7658508368388399, 0.294506362105604, 0.3882706229931793, 0.8975409121946929, 0.8603525385837263, 0.9763226589854301, 0.942364976135699, 0.5151339841471896, 0.8655373656390196, 0.885331974780848, 0.9333819083783897, 0.528934371090732, 0.8884956050786251, 0.9736938484700802, 0.4476013489920387, 0.025943118618640574, 0.16000933702933254, 0.8606584443766466, 0.5045651838371387, 0.9481226253394293, 0.00041053441854322574, 0.9539609548587512, 0.9451094955058272, 0.9846131304860245, 0.9522706096805119, 0.6143221198832586, 0.07527820413908598, 0.148723815018065, 0.36639298933580594, 0.9751328043587066, 0.6150649334403282, 0.0015820418698145719, 0.9337756190697934, 0.9387588281166449]"
Logistic Regression,10,2,"[0, 1, 1, 0, 1, 0, 0, 1, 1, 0, 1, 0, 1, 0, 0, 0, 1, 1, 0, 0, 1, 1, 0, 1, 1, 1, 0, 1, 1, 1, 0, 1, 0, 1, 1, 1, 0, 1, 1, 1, 0, 1, 1, 0, 0, 0, 0, 1, 0, 1, 0, 1, 1, 1, 1, 1, 0, 1, 1, 1, 1, 0, 0, 1, 1, 0, 1, 0, 1, 1, 1, 1, 1, 1, 1, 1, 1, 1, 1, 0, 0, 1, 1, 1, 1, 1, 0, 1, 1, 0, 1, 0, 0, 0, 1, 1, 0, 1, 1, 1, 1, 0, 1, 1, 0, 1, 0, 1, 0, 1, 1, 1, 1, 0, 1, 0, 1, 0, 1, 1, 1, 0, 1, 1, 0, 1, 1, 0, 0, 1, 0, 1, 1, 1, 1, 0, 1, 0, 1, 1, 0, 0, 1]","[1, 0, 1, 1, 1, 0, 0, 1, 1, 0, 1, 0, 1, 0, 0, 0, 1, 0, 0, 0, 1, 1, 0, 1, 1, 1, 0, 0, 1, 0, 0, 1, 0, 1, 1, 1, 0, 1, 1, 1, 1, 1, 1, 0, 1, 0, 0, 1, 0, 0, 0, 1, 1, 1, 1, 1, 0, 1, 1, 0, 1, 1, 0, 1, 1, 0, 1, 0, 1, 1, 0, 1, 1, 1, 1, 0, 1, 1, 1, 0, 0, 1, 1, 1, 1, 1, 0, 1, 1, 0, 1, 0, 0, 0, 1, 1, 0, 1, 1, 0, 1, 1, 1, 1, 0, 1, 0, 1, 1, 1, 0, 1, 1, 0, 1, 0, 1, 0, 1, 1, 1, 1, 0, 1, 0, 1, 1, 0, 0, 1, 0, 1, 1, 1, 1, 1, 1, 0, 1, 1, 1, 0, 1]","[0.9173460680773966, 0.22324371494152417, 0.9357210702762722, 0.9740292426565227, 0.935298872093766, 0.07237731836745342, 0.03259702878513901, 0.8739715344356989, 0.9863593231037202, 0.050215835594960186, 0.7852013562473086, 0.0065971490726528135, 0.6161765152772493, 0.14187039223286724, 0.3341452606699978, 0.10143516130372476, 0.715212695502456, 0.22535398461692038, 0.19909583977203602, 0.008140205687866666, 0.7153459301448634, 0.94526727374954, 0.006430028121917554, 0.9629198589647365, 0.9868717546936878, 0.7726539687572438, 0.1619347731865456, 0.16082348464227683, 0.8354413339406747, 0.47729938483980056, 0.3677647428646029, 0.943959454024797, 0.480535297291568, 0.825657092891119, 0.9664684745719834, 0.548254717553128, 0.03338497962285109, 0.889648496439044, 0.6674036050239969, 0.9274120985194478, 0.915274784033343, 0.9200375431233011, 0.9927064368721484, 0.14483507666615336, 0.8306049245113235, 0.0007146196542453533, 0.2457160180317568, 0.9445647812994645, 0.04596818598068723, 0.3780484417691542, 0.10189415310735506, 0.8445395203903426, 0.9280980952362242, 0.5136458655513486, 0.8129769577944178, 0.6426441994504752, 0.013427928366003618, 0.9382041991331046, 0.9306665195442784, 0.018727020349593712, 0.9240202768726524, 0.9486473545585128, 0.01610527614738379, 0.9602701380814687, 0.8099752020996118, 0.035328233299114935, 0.5063219185359746, 0.37217848880774523, 0.8459579302084599, 0.8608812506299448, 0.10428379676799765, 0.9701162762916145, 0.5722239286357937, 0.8148822276871589, 0.993271195993849, 0.4190031467632394, 0.9918799994201177, 0.7577253148747155, 0.7687438399350982, 0.008457121344205027, 0.03349362670258146, 0.9222336370720456, 0.9840554737036707, 0.927247493063735, 0.9370357433186023, 0.6153483202838635, 0.2980649892407821, 0.9727774123015227, 0.7315340451968332, 0.08520214839407855, 0.5559339068599836, 0.012964425593219657, 0.03245720414094311, 0.023479587413686175, 0.980670017402541, 0.974846384156001, 0.10609260577814267, 0.6176487375827528, 0.6908002733446029, 0.3510172881165336, 0.73947747402749, 0.664108182414288, 0.8851842737523248, 0.7183947308014231, 0.06337345470908023, 0.9454341163488393, 0.014218856748141549, 0.8972924139691019, 0.7411886478153367, 0.946309451168113, 0.21459907580870566, 0.6050332721065038, 0.9239146477713277, 0.14170623572585325, 0.9131362195560062, 0.018685982416273044, 0.9759007027794919, 0.13835720059400688, 0.8734749534721745, 0.9371266112107959, 0.9825038215715813, 0.652543104657123, 0.41096464140248457, 0.9950587664262747, 0.013769725758963233, 0.9863314274465875, 0.9482484209117201, 0.2123398213445282, 0.11490728895522241, 0.7391187743597691, 0.031325568873416754, 0.8895035672718433, 0.9687437401065275, 0.7319770698685726, 0.9677080441753955, 0.7708615989284463, 0.9412220765718737, 0.33504871084429083, 0.9602934017260976, 0.775272625646823, 0.6359220109469264, 0.003858608289707659, 0.9135843162091719]"
Logistic Regression,11,3,"[1, 0, 1, 1, 0, 0, 1, 1, 1, 1, 1, 0, 1, 1, 0, 1, 0, 0, 1, 1, 1, 1, 1, 1, 1, 0, 1, 0, 0, 1, 1, 0, 0, 1, 1, 1, 1, 1, 0, 0, 0, 1, 1, 1, 0, 1, 1, 1, 1, 1, 0, 1, 0, 1, 0, 0, 1, 0, 0, 1, 0, 1, 1, 1, 1, 0, 1, 1, 1, 1, 1, 1, 1, 1, 1, 1, 0, 1, 1, 0, 1, 0, 1, 0, 1, 1, 1, 0, 0, 0, 1, 0, 0, 0, 1, 0, 0, 1, 1, 0, 0, 1, 1, 1, 0, 1, 1, 1, 1, 0, 0, 0, 1, 1, 1, 0, 1, 0, 0, 0, 1, 0, 1, 0, 0, 0, 0, 0, 1, 0, 0, 0, 0, 0, 0, 1, 1, 1, 0, 1, 0, 0, 1, 1]","[1, 1, 1, 1, 0, 1, 1, 1, 1, 1, 1, 0, 1, 1, 0, 0, 0, 0, 1, 1, 0, 1, 1, 1, 1, 0, 0, 0, 0, 1, 0, 0, 0, 1, 1, 1, 0, 1, 1, 1, 0, 0, 1, 0, 1, 1, 1, 1, 1, 1, 0, 1, 0, 1, 1, 0, 1, 0, 0, 1, 0, 1, 1, 0, 1, 0, 1, 1, 1, 1, 1, 0, 1, 1, 1, 1, 0, 1, 1, 0, 1, 0, 1, 0, 1, 1, 1, 0, 0, 0, 0, 0, 0, 1, 1, 0, 0, 1, 0, 1, 1, 1, 1, 1, 1, 1, 1, 1, 1, 0, 0, 0, 1, 1, 1, 0, 1, 1, 0, 0, 1, 1, 1, 1, 1, 0, 0, 0, 1, 0, 0, 0, 0, 0, 0, 0, 1, 1, 0, 0, 0, 0, 0, 1]","[0.9655880512688751, 0.8920866194961402, 0.9600902509598362, 0.9440857793241499, 0.06480155065340834, 0.6353598433056383, 0.6332910762657241, 0.8457725058452304, 0.9653968871710372, 0.8833847491836196, 0.9726939637091789, 0.037509684021952455, 0.7231992216192915, 0.9738928860664002, 0.0011880009216571142, 0.48191153601559716, 0.010894448934016207, 0.045123100738231114, 0.9485305857555344, 0.680851743449715, 0.33975029403715784, 0.7584138560009643, 0.6610909003766097, 0.9790392555205133, 0.8555864990226607, 0.18360203216670198, 0.21905774788472132, 0.008629809328362117, 0.06307019477007594, 0.9759020031236251, 0.2572884440752375, 0.01305478840640396, 0.00047426678873567653, 0.8163919142575184, 0.8604690427738365, 0.9207257200153706, 0.17912390876981957, 0.8797626360434766, 0.6580306126416922, 0.5631332768319982, 0.02339569172580887, 0.41112475526968345, 0.8439067275171411, 0.18800145731183485, 0.6306378113331027, 0.7590783904225146, 0.9366245667763974, 0.7982861786293587, 0.9811277166181371, 0.7031463898429473, 0.009322142441979066, 0.8136049447742405, 0.023806293696388543, 0.90861483180745, 0.5286016694350407, 0.26674906352443595, 0.764418894232229, 0.003123292550996786, 0.012874068389013895, 0.7828788546246068, 0.0011147157138793429, 0.9273781496511325, 0.7743678933054261, 0.24859549412397142, 0.9439526120003847, 0.006431359845895805, 0.9479084637350672, 0.734845620527673, 0.9207776309160496, 0.9724459863878815, 0.8583723146197685, 3.729725600581332e-06, 0.9170364758798228, 0.949155500559016, 0.703967617638413, 0.9777973538213649, 0.08137034308371036, 0.886448407004526, 0.8021897511781392, 0.006347635803367765, 0.8072912667697865, 0.0017814772128301112, 0.91999362270425, 0.3784742352723851, 0.8851489566071286, 0.8564582632537483, 0.9203265321068297, 0.2709478416108822, 0.07583768218434112, 0.004311237092101494, 0.3780601183320669, 0.004402534525344636, 0.02797377877561455, 0.7215010565581749, 0.8431788034376176, 0.03826169639213222, 0.24368408329257502, 0.9742679185731989, 0.4534342386356669, 0.7376919447751852, 0.7527072276071046, 0.9754608253908627, 0.8970847885324593, 0.9066813191972172, 0.9154744363621545, 0.9701570366482071, 0.9568047566200192, 0.9629373184572965, 0.6127751042484868, 0.08366779732623511, 0.25437534808251705, 0.019198767645299094, 0.6542108657242874, 0.9587808727483547, 0.9101477104624562, 0.019891145514708334, 0.5677971672605758, 0.5664641644249172, 0.002400118199461841, 0.0503238802592999, 0.8210736974518154, 0.6200743147825695, 0.6655846196227945, 0.807200873874011, 0.8102195143617776, 0.429470242456342, 0.0015737041903295193, 0.25892974650131917, 0.743181549549017, 0.20306444295741613, 0.49653993707710337, 0.0034614033706606216, 0.21408784998047134, 0.17337517309401063, 0.05855391576377698, 0.4547080533139968, 0.9434312943101325, 0.9205610081013077, 0.007959992528423675, 0.4575522162989668, 0.10870108114503668, 0.018146285254630218, 0.1026258947330687, 0.7145497891945387]"
Logistic Regression,12,3,"[1, 0, 0, 1, 1, 1, 0, 0, 1, 0, 1, 0, 1, 1, 1, 1, 1, 1, 1, 1, 1, 1, 1, 1, 0, 1, 1, 1, 0, 1, 1, 1, 1, 1, 0, 0, 1, 1, 0, 0, 0, 1, 0, 1, 1, 0, 1, 1, 1, 1, 1, 0, 1, 0, 1, 0, 0, 1, 0, 1, 0, 0, 0, 0, 0, 1, 1, 1, 1, 1, 1, 1, 1, 1, 1, 1, 1, 1, 1, 1, 1, 1, 0, 1, 0, 1, 1, 1, 1, 1, 0, 1, 1, 1, 1, 0, 1, 1, 0, 1, 1, 0, 0, 0, 0, 1, 1, 0, 1, 1, 1, 1, 1, 1, 1, 1, 1, 1, 1, 0, 0, 0, 0, 1, 0, 0, 1, 1, 1, 1, 0, 1, 0, 0, 0, 0, 1, 1, 0, 0, 1, 1, 1, 1]","[1, 0, 0, 1, 1, 1, 1, 1, 1, 0, 1, 0, 1, 1, 0, 0, 1, 1, 1, 1, 1, 1, 1, 0, 0, 1, 1, 1, 0, 1, 1, 1, 1, 1, 0, 0, 1, 1, 1, 1, 1, 0, 0, 1, 1, 1, 1, 1, 1, 0, 1, 0, 1, 0, 0, 0, 0, 1, 0, 1, 0, 0, 0, 0, 0, 1, 1, 0, 1, 1, 1, 1, 1, 1, 1, 1, 1, 1, 1, 1, 1, 1, 0, 1, 0, 1, 1, 1, 1, 1, 0, 1, 1, 1, 1, 0, 1, 1, 0, 1, 1, 0, 0, 1, 0, 0, 1, 1, 1, 1, 1, 1, 0, 1, 1, 1, 1, 1, 1, 1, 1, 1, 0, 1, 0, 0, 1, 1, 1, 1, 1, 1, 0, 0, 1, 0, 1, 0, 0, 0, 1, 1, 1, 1]","[0.9275774574516731, 0.18943597527152786, 0.29873155747041263, 0.8056976309694557, 0.8818702547149584, 0.8665890522890213, 0.9539881666747642, 0.956910298558083, 0.7951576215469038, 0.14931961960619455, 0.7355323336536317, 0.40732013817175167, 0.9562073527554784, 0.9338693003560006, 0.05820830694772771, 0.2970785210853946, 0.8421199341492126, 0.9727230473400228, 0.6950530408076537, 0.9431939684028158, 0.8570974128583675, 0.6510415802331194, 0.7150622119763685, 0.1744707564103084, 0.1457866186728319, 0.9566451186833709, 0.959853189399985, 0.9409010890535747, 0.021421746694012155, 0.796201082304142, 0.9614830047487194, 0.879026310887479, 0.9784755837563484, 0.9038946475323236, 0.3058191901027441, 0.3604987460047503, 0.69072480513005, 0.9960153535186878, 0.8627425080576031, 0.6320411961940269, 0.9092866090544933, 0.39718128148290177, 0.30952087431134734, 0.7971029857659275, 0.8618292534874309, 0.9372000314511512, 0.6910009052781597, 0.9386260472011518, 0.9545289015886465, 0.1023646664098671, 0.7123475019488856, 0.24862625135790248, 0.6530027766469974, 0.03599655318974984, 0.4821474355376733, 0.13846279026199232, 0.02998630418814227, 0.9652189925822343, 0.0029813800329617636, 0.8104945680900636, 0.28472101460504673, 0.2658015422411777, 0.03001951748110446, 0.12348638053642914, 0.08302154905366343, 0.9833757253770355, 0.9823510858123494, 0.35239944168962967, 0.636440260127754, 0.9054930378484235, 0.9635487060023565, 0.8958801666795714, 0.9700770101174642, 0.7018574874708422, 0.8676581981790108, 0.9740787820276586, 0.9500179540592599, 0.5716646733684759, 0.968558058792084, 0.6662536465721411, 0.9116494491722444, 0.9977626805046489, 0.0470313311853246, 0.9278675887502305, 0.021126269311170218, 0.9467811094347321, 0.812554016029504, 0.8341650052867877, 0.910418655285829, 0.9216422450090904, 0.27359877356573487, 0.9459643894600014, 0.9396393246580913, 0.7530028586190279, 0.9663800454290841, 0.4188037760096346, 0.8239588299613134, 0.9788662800775674, 0.18206693459980366, 0.9917115503956746, 0.7980646493763466, 0.017505062109534102, 0.07463011349083598, 0.7055017801716467, 0.49181160304776494, 0.2124765531921766, 0.9457384715151624, 0.8359546056233295, 0.9160090552476401, 0.9426867276666189, 0.9732340368326823, 0.7579550522531299, 0.4057167124091536, 0.9829364953087415, 0.8345056321141716, 0.9815670987967501, 0.8005766676263755, 0.9788094532849698, 0.9122341274603334, 0.8232398923727469, 0.8665981056217927, 0.8530215018253962, 0.21201069946839532, 0.9737332164294232, 0.00030844681274137575, 0.13655947793986337, 0.9265694885211183, 0.8980399113016789, 0.9858333578478381, 0.9618848440447406, 0.6013541418056859, 0.8137082790754734, 0.41421336896212463, 0.05298584075047383, 0.7240923095465912, 0.07974331263453985, 0.9888443284207077, 0.061189743006769264, 0.10340206410058529, 0.11993518533863225, 0.8805729776744282, 0.9645571040037614, 0.9626358954810942, 0.9792794494839886]"
Logistic Regression,13,3,"[0, 1, 1, 1, 1, 1, 1, 0, 0, 1, 0, 0, 1, 1, 0, 1, 0, 0, 1, 0, 1, 1, 1, 1, 1, 0, 1, 1, 0, 1, 0, 1, 1, 1, 0, 0, 0, 0, 1, 1, 1, 1, 1, 0, 0, 1, 1, 1, 1, 0, 0, 1, 1, 1, 0, 0, 0, 1, 0, 1, 1, 1, 1, 1, 1, 1, 1, 1, 1, 0, 0, 1, 1, 0, 1, 1, 0, 1, 1, 0, 1, 0, 1, 0, 1, 1, 1, 0, 0, 0, 1, 0, 0, 1, 1, 1, 0, 1, 1, 1, 0, 1, 1, 1, 1, 1, 1, 1, 1, 1, 1, 0, 1, 1, 0, 1, 1, 0, 1, 1, 1, 1, 1, 0, 0, 0, 1, 0, 0, 0, 1, 1, 1, 1, 1, 1, 1, 1, 1, 1, 1, 0, 0]","[0, 1, 1, 1, 1, 1, 1, 0, 0, 1, 1, 0, 0, 0, 0, 1, 0, 0, 1, 0, 1, 0, 1, 1, 1, 0, 0, 1, 0, 0, 0, 1, 0, 1, 1, 0, 1, 0, 1, 1, 1, 1, 1, 0, 0, 1, 1, 1, 0, 1, 1, 1, 1, 1, 0, 0, 0, 1, 1, 1, 1, 1, 1, 1, 1, 0, 1, 1, 1, 0, 0, 1, 1, 0, 1, 1, 0, 1, 1, 0, 1, 0, 1, 0, 1, 1, 1, 1, 0, 0, 0, 0, 0, 1, 1, 1, 1, 1, 1, 0, 0, 1, 1, 1, 1, 1, 1, 1, 1, 1, 1, 1, 1, 1, 1, 1, 1, 0, 1, 1, 1, 0, 1, 0, 0, 0, 1, 0, 0, 0, 1, 1, 1, 1, 1, 1, 1, 1, 0, 1, 1, 1, 1]","[0.012389992741491537, 0.9626764500915486, 0.8211579921441033, 0.9030771970451777, 0.9708490705817477, 0.928635193832384, 0.9457297516363083, 0.11126552838330617, 0.017072798888541834, 0.7912151914869834, 0.6841743213678736, 0.04769755950651779, 0.4823619725532417, 0.23958362043261408, 0.006126811010612932, 0.9563823676450525, 0.03228645609287409, 0.0656810356399332, 0.8897585205642393, 0.05343085707250461, 0.838071214890636, 0.2212356307919943, 0.7294854376363641, 0.9873027134064787, 0.9657269945618773, 0.12357816993567206, 0.37169827361436764, 0.9615902889529278, 0.0325978974862685, 0.4672901357574793, 0.022655529535596197, 0.8572902566320841, 0.14316526196683227, 0.7376294528961361, 0.7905276713970673, 0.1840961608935725, 0.5134304836190642, 0.01666264149093452, 0.8631440647806242, 0.575880148464225, 0.7442058401648528, 0.9399347123546077, 0.7576974625586484, 0.3041867657708212, 0.017047488231739846, 0.924705586832606, 0.8952166630021043, 0.9023064311222698, 0.008829287299109506, 0.8425421968814163, 0.5097072837218952, 0.8274203138141399, 0.979177346056497, 0.9872597595399902, 0.05190064465524243, 0.008048763944698936, 0.06811523875082343, 0.9549469209420639, 0.7390766907432422, 0.7470180780511521, 0.9806464151714281, 0.9274655696351853, 0.5074571964928664, 0.8281308637648559, 0.5696293097943017, 0.30286890276837636, 0.7947468646818072, 0.8951946246585815, 0.8173407740419554, 0.3453123130955953, 0.11848767786252222, 0.9610260652780411, 0.9210476633269274, 0.010560254345758958, 0.5903268439612994, 0.892881611507072, 0.039646770695651916, 0.7615551529417381, 0.8566185445440073, 0.26355676727251004, 0.8351801104448701, 0.05571179445935334, 0.8912662073630082, 0.040643779340378904, 0.9339003503753158, 0.9373420125099667, 0.856702264433239, 0.7982062901326424, 0.07692684112379286, 0.14115756655301948, 0.024758416898549344, 0.044771894093708936, 0.005341555191946649, 0.912978753889423, 0.6220241023173733, 0.9567632985084774, 0.9942334469533383, 0.5407487385749976, 0.6623775067739851, 0.010051137818483099, 0.05492597888613161, 0.9097439335024486, 0.8349955895074439, 0.9376331864695686, 0.7195488359478087, 0.7521904634399047, 0.9236896063247865, 0.9452133681923164, 0.7094681885480104, 0.6915093386436908, 0.8307027324978717, 0.5024977810548853, 0.9661126103864427, 0.8918881503847235, 0.5993893158164016, 0.902649902287122, 0.9621602194674191, 0.36064856486632035, 0.827482583447321, 0.8572467300032965, 0.9868377242531108, 0.34563821081051804, 0.9765499810781595, 0.007820517201570239, 0.4265664798398529, 0.29071879486118835, 0.9027703219190879, 0.00785362090742279, 0.10185045614718351, 0.13793801141510953, 0.5181067480205618, 0.9651608458799249, 0.9464045738961561, 0.9748110015341662, 0.7359499122138825, 0.9467532877469184, 0.9875855600916936, 0.5491515170194402, 0.25331264158253336, 0.9674616027681125, 0.9533955801863745, 0.7749803694412187, 0.6485413145533099]"
Logistic Regression,14,3,"[0, 1, 1, 0, 1, 0, 1, 1, 1, 0, 1, 1, 1, 0, 1, 1, 0, 0, 1, 1, 1, 0, 1, 0, 1, 0, 0, 0, 1, 1, 1, 1, 0, 0, 0, 0, 1, 0, 1, 1, 0, 1, 1, 1, 1, 1, 1, 1, 0, 1, 1, 0, 0, 0, 1, 1, 0, 1, 0, 1, 0, 1, 1, 0, 1, 1, 0, 1, 1, 1, 1, 1, 1, 1, 0, 0, 1, 1, 1, 1, 1, 1, 1, 1, 1, 0, 1, 1, 0, 1, 1, 1, 1, 0, 1, 0, 1, 1, 1, 1, 0, 1, 1, 1, 1, 0, 0, 1, 0, 1, 0, 1, 0, 1, 1, 0, 1, 1, 1, 1, 0, 1, 0, 1, 0, 1, 0, 0, 1, 1, 0, 0, 1, 1, 1, 1, 0, 1, 1, 1, 0, 1, 0]","[1, 1, 1, 0, 1, 1, 0, 1, 1, 0, 1, 1, 1, 0, 1, 0, 0, 0, 1, 1, 1, 0, 1, 0, 1, 0, 0, 0, 1, 1, 1, 1, 0, 0, 0, 0, 1, 0, 1, 0, 0, 1, 1, 1, 1, 1, 1, 1, 0, 1, 0, 0, 0, 0, 1, 1, 0, 1, 0, 1, 1, 1, 0, 0, 0, 0, 0, 1, 1, 1, 1, 1, 0, 1, 0, 0, 1, 1, 1, 1, 1, 1, 1, 1, 1, 0, 1, 1, 1, 0, 1, 1, 1, 0, 0, 0, 1, 1, 1, 1, 0, 1, 1, 1, 0, 0, 1, 1, 1, 1, 0, 0, 0, 1, 1, 0, 1, 1, 1, 1, 1, 1, 0, 1, 0, 1, 0, 0, 1, 0, 0, 0, 1, 1, 1, 1, 0, 1, 1, 1, 1, 0, 0]","[0.5623265784583468, 0.7884709985355561, 0.978200705705733, 0.002912988986114044, 0.7811521081494305, 0.8420010119887869, 0.23160379480863927, 0.9060759415245992, 0.5258468969144237, 0.027107073247789645, 0.8050134754209051, 0.5694818572818184, 0.7319280215113932, 0.098486902339319, 0.7879601010190327, 0.3428217934427084, 0.33386565454332406, 0.007970545031578376, 0.554865668423749, 0.8016052101821852, 0.5344399172133683, 0.18447390415805204, 0.6230148807421495, 0.035022919893587155, 0.8994136590114364, 0.00536590633025375, 0.08165086705863345, 0.002335130422379792, 0.9172173780506814, 0.9675185704533019, 0.920787976511829, 0.8872100730454584, 0.45414601017280887, 0.47539974733533813, 0.02148092509598606, 0.2203103551038618, 0.9847306857486106, 0.04554478150433612, 0.9537319620375839, 0.08121550020391098, 0.27911548565503863, 0.9379552451575073, 0.8723809824951833, 0.9293915632557583, 0.9351091496645807, 0.8004722183171905, 0.9399697517483467, 0.9510830219665554, 0.0007967735030054888, 0.9722473583469987, 0.34858003302135665, 0.04893419776013286, 0.0012417445875012947, 7.473842080208369e-07, 0.9192432686112588, 0.504916627683588, 0.002945040897841499, 0.6731660388873636, 0.014049903627822154, 0.9264648951197432, 0.8053539267239753, 0.9744034728619381, 0.11129621648533433, 0.02081731954285721, 0.49314490792367527, 0.4460477527130767, 0.022752103733176113, 0.6588600339084343, 0.5461027726175509, 0.7845097464014645, 0.5144564428998258, 0.5375734097661947, 0.21280708677573656, 0.7637102454986006, 0.032844397892213016, 0.3744454925337855, 0.7987909873997029, 0.7469178935038999, 0.9769921578408588, 0.6860158343608913, 0.9771128313117391, 0.9360631453283211, 0.9595112574697487, 0.8427035344418279, 0.8487844474216639, 0.011405280376421125, 0.933554482789885, 0.9075199419180402, 0.8903144539133498, 0.3977140401820713, 0.9087635242010471, 0.9277993384782489, 0.9711657718489767, 0.008167662590764766, 0.24339736029470083, 0.0016407193117078983, 0.9669334917216842, 0.8056738452908943, 0.6834182385167837, 0.6967622229915761, 0.4186545607730771, 0.734231415276048, 0.9734555850923835, 0.9089658348689956, 0.331372704001148, 0.021697146943425092, 0.7087642432926111, 0.82875538796092, 0.7063999731085847, 0.8316332395946735, 0.2152237272498624, 0.4141518720749862, 0.20917040885172639, 0.8002195662651583, 0.9665462817364961, 0.1784403841588697, 0.9419285420372451, 0.8826585197642258, 0.9121780834092896, 0.5325103200105128, 0.5690836150689227, 0.8870566343634331, 0.02137537055252263, 0.976361359932984, 0.12742517589988925, 0.9813839941366971, 0.17000093936614274, 0.0129827023742864, 0.9820418125936664, 0.36404507507427813, 0.03943711420443614, 0.14440887369342656, 0.8773144419776752, 0.5358991250119951, 0.597024316008723, 0.5663906841151533, 0.036600923922958356, 0.952494367460764, 0.7671389466356027, 0.9616508147534181, 0.7177672732893521, 0.3634386334358812, 0.0021869207081157446]"
Logistic Regression,15,3,"[0, 0, 1, 1, 1, 0, 0, 1, 1, 1, 1, 1, 1, 1, 1, 1, 0, 1, 1, 1, 1, 1, 1, 1, 1, 0, 1, 0, 1, 1, 1, 1, 1, 1, 1, 0, 1, 1, 1, 1, 0, 1, 0, 0, 1, 1, 0, 0, 1, 0, 1, 0, 1, 0, 1, 1, 1, 1, 0, 1, 1, 1, 1, 0, 0, 0, 0, 1, 0, 0, 1, 0, 1, 1, 0, 1, 1, 1, 1, 1, 0, 0, 1, 0, 0, 1, 1, 1, 1, 1, 1, 1, 1, 1, 1, 1, 0, 0, 1, 0, 1, 1, 1, 0, 1, 0, 1, 1, 0, 1, 1, 1, 0, 1, 1, 1, 0, 0, 0, 1, 1, 0, 1, 1, 1, 0, 1, 0, 1, 1, 1, 0, 0, 1, 1, 0, 1, 0, 1, 0, 1, 1, 1]","[0, 0, 1, 1, 1, 0, 0, 1, 1, 1, 1, 1, 1, 1, 1, 1, 0, 1, 0, 1, 1, 1, 1, 1, 1, 0, 1, 1, 1, 1, 1, 1, 1, 0, 1, 0, 1, 1, 1, 1, 0, 1, 0, 1, 0, 1, 0, 0, 1, 0, 1, 0, 1, 0, 1, 1, 1, 0, 0, 1, 1, 1, 0, 1, 0, 1, 0, 0, 0, 0, 0, 0, 1, 1, 0, 0, 1, 1, 0, 1, 1, 1, 1, 0, 0, 1, 1, 1, 1, 1, 1, 1, 1, 0, 1, 1, 0, 0, 0, 0, 1, 0, 1, 0, 1, 0, 0, 1, 0, 1, 1, 0, 0, 0, 1, 1, 0, 0, 0, 1, 1, 0, 1, 1, 1, 0, 1, 0, 1, 1, 1, 1, 0, 1, 1, 0, 1, 0, 1, 0, 1, 0, 1]","[0.372736038074553, 0.3944860915473986, 0.7704282257471063, 0.917773320444899, 0.8140432386384103, 0.004153051158850759, 0.36258055517140014, 0.8671905301526899, 0.9409571590222314, 0.9613862417398893, 0.9578334700624247, 0.8557196596499707, 0.7108146950741612, 0.9709866621200812, 0.9323218646060434, 0.8901187338088531, 0.11025888679568917, 0.7406067674395158, 0.46659573339912513, 0.9248631456577429, 0.8781843468548877, 0.9645076599732951, 0.9163680123925086, 0.694491777088584, 0.864459151510271, 0.10978118605913757, 0.7967178177232187, 0.5555813740392516, 0.6785267071062397, 0.6308803341570427, 0.9354203174108818, 0.9311553531115098, 0.9520742353795544, 0.4300947788445464, 0.9447921297954854, 0.0031661807014623238, 0.8484044969503747, 0.754619800208968, 0.7357301509834728, 0.6810417197600707, 0.3936590505679533, 0.8699695432167246, 0.14963639898214356, 0.8404198384174478, 0.17831265210320685, 0.6743420664573735, 0.0012849195280978732, 0.2752159930319423, 0.9349218429627183, 0.007745454272542128, 0.6880770916111428, 0.08593572920247791, 0.8307887626901641, 0.03981676831498073, 0.7816564669855385, 0.7828769777423827, 0.767907369838497, 0.29722283593506926, 0.2225155188245292, 0.8863150052488102, 0.9072979763802965, 0.8802047851466531, 0.02213542789096498, 0.6894833084467977, 0.021202005727732533, 0.5200632735842022, 0.4487973801591098, 0.24510730610565246, 0.060050758687172245, 0.022229633488928254, 0.37381631184688463, 0.0011748101636671956, 0.8573310349938652, 0.8393531206253372, 0.22180050547886915, 0.11650082672416348, 0.981363811004716, 0.9870417352145844, 0.3792217267922665, 0.9766145484066882, 0.8787815233874683, 0.5712549356016838, 0.8204134206405215, 0.007291342739071848, 0.0015425875799912783, 0.9542564844146544, 0.5906749848308545, 0.5935465203571124, 0.8575985709350208, 0.9700203045125, 0.9041004341179077, 0.6329551017823519, 0.9070795116141476, 0.25077480202143715, 0.6510296592724905, 0.681783260386088, 0.0404509800672638, 0.0555105872260737, 0.39833592971162834, 0.0893247001486168, 0.6976335582762458, 0.36539211424598367, 0.69654230571217, 0.00220634830642221, 0.6311941080255604, 0.04921689334031871, 0.08130800465858833, 0.9152959393797261, 0.012082827523693532, 0.7901149218966306, 0.663579716106092, 0.16153028924720506, 0.03265982947595894, 0.14840298914949843, 0.879043565341227, 0.6774110787482456, 0.05926781315678037, 0.014097841086210436, 0.33396879803850354, 0.9032631556424588, 0.9402219306917546, 0.02982087299606662, 0.9613510627258913, 0.9893393900901973, 0.941145281256646, 0.3721084216486962, 0.8760190441484016, 0.009032432482442496, 0.6352753923610451, 0.9048742132504277, 0.946358464920655, 0.5496167319754975, 0.09241032606737927, 0.977083434193946, 0.667567489286876, 0.3556036062423893, 0.9438805468049154, 0.0126201699685748, 0.8226256514283635, 0.0037332915250486184, 0.8819588857580211, 0.32720861193089507, 0.9285816787381794]"
Logistic Regression,16,4,"[0, 0, 1, 1, 1, 1, 1, 0, 1, 0, 0, 1, 0, 1, 1, 1, 1, 1, 1, 1, 0, 1, 1, 1, 1, 0, 1, 1, 0, 0, 0, 1, 1, 1, 1, 0, 0, 1, 0, 1, 1, 1, 1, 0, 1, 1, 0, 0, 1, 1, 1, 0, 1, 1, 0, 0, 0, 0, 1, 0, 0, 1, 1, 0, 0, 1, 1, 0, 0, 1, 1, 0, 1, 1, 1, 1, 1, 1, 1, 1, 1, 1, 0, 0, 0, 1, 1, 0, 1, 1, 1, 0, 1, 1, 0, 1, 0, 1, 0, 1, 1, 1, 1, 0, 1, 1, 1, 1, 0, 1, 1, 1, 0, 1, 1, 0, 1, 1, 1, 0, 1, 0, 0, 0, 0, 1, 0, 0, 0, 1, 1, 0, 0, 0, 0, 0, 1, 1, 1, 1, 0, 0, 1, 1]","[0, 0, 1, 1, 1, 1, 1, 0, 1, 1, 0, 1, 0, 1, 1, 1, 1, 0, 1, 0, 0, 1, 1, 0, 0, 0, 1, 0, 0, 0, 0, 1, 1, 0, 1, 1, 0, 1, 0, 1, 1, 1, 1, 1, 0, 1, 1, 0, 1, 1, 1, 1, 1, 1, 0, 0, 0, 0, 1, 1, 0, 1, 1, 0, 0, 1, 1, 1, 0, 0, 0, 0, 1, 0, 1, 1, 1, 0, 0, 1, 1, 1, 0, 0, 0, 1, 1, 0, 1, 1, 1, 0, 1, 1, 1, 0, 0, 1, 0, 1, 1, 0, 1, 1, 1, 1, 1, 1, 1, 1, 1, 1, 1, 1, 1, 0, 1, 1, 1, 0, 1, 1, 0, 0, 1, 1, 0, 0, 0, 1, 1, 0, 0, 0, 0, 0, 1, 1, 1, 1, 0, 0, 0, 1]","[0.08825399193716418, 0.25409242867986703, 0.8709379355619187, 0.7047454840948724, 0.8740528841655408, 0.8673427080765286, 0.9229246090063651, 0.0017261653422217932, 0.7146852672526469, 0.6577658698912977, 0.29471858870882456, 0.6302604512756175, 0.0376411565521773, 0.8661790485531857, 0.9839836828701951, 0.8942449788353395, 0.5135070730615258, 0.064963219454361, 0.8304602695111177, 0.19612666019357414, 0.00953545676089315, 0.6044353262564502, 0.5469914694467666, 0.13714503246097665, 0.2962640252245269, 0.11390849668793773, 0.6173935318642371, 0.17204099901371125, 0.004913869862470256, 0.06477134589678951, 0.012409492656118138, 0.8165679679687845, 0.9486779618496395, 0.12795140385694403, 0.8270749663676854, 0.7617254490043485, 0.17714855141164212, 0.8087779834488034, 0.2347360267947206, 0.9850271317548646, 0.887899305317163, 0.6117863685114225, 0.8710384243180807, 0.9406382967308677, 0.38674981529021557, 0.8993678783770079, 0.5300756698756135, 0.011522078956825912, 0.8562290255643084, 0.7418772493126604, 0.8391296108002445, 0.6087448370248492, 0.7471009284526835, 0.7557857303001683, 0.002045827938925057, 0.0016508215418741172, 0.0011812492615169345, 0.012811066531754274, 0.9207478026553498, 0.7658858396571768, 0.24893835989111257, 0.7295615270610786, 0.8520098082633694, 0.011305110337567821, 0.2894297703879834, 0.676480733459971, 0.5383634112930287, 0.546395658317334, 0.06028489173726455, 0.2985421623108682, 0.22179424906159967, 0.007667445248595009, 0.975835161463588, 0.22674071024901665, 0.9040143107453837, 0.6446713714396459, 0.920100289178564, 0.00014329655395864903, 0.49788318671041226, 0.7484645229870964, 0.9835007760737051, 0.9202786151170187, 0.028324191758149236, 0.05264535113238486, 7.704362362606214e-06, 0.9449203762471065, 0.7725260437327035, 0.0001962153585020509, 0.8395427720833809, 0.9695000653851643, 0.8291654973719924, 0.0006068053944356139, 0.9439625258875844, 0.8316643050841481, 0.5763348754192177, 0.3479328871930993, 0.03261347095750651, 0.9693547388503369, 0.0022913694425861896, 0.8935847964998915, 0.5516620727263802, 0.16414292343682038, 0.6108312989301551, 0.7504788568695667, 0.9728156439047729, 0.7364074391114092, 0.8335948802559267, 0.7741826106520477, 0.748237535172994, 0.9163163172495855, 0.8454994099492489, 0.9692333167118702, 0.8029206306357024, 0.9580486509081546, 0.6717658191677026, 0.05168222906893276, 0.583514497835844, 0.5746285619387296, 0.9333997629722124, 0.004069139345617344, 0.9795851270439699, 0.532057522190957, 0.0035181868013686446, 0.32184219407707754, 0.8364658000874596, 0.7480430805836898, 0.2424226937378572, 0.006112776483344695, 0.0001279356006932301, 0.6005644768139146, 0.9665896787565669, 0.2671383043077987, 0.14039523390531658, 0.4998282093021, 0.00488478713904928, 0.009587986996320139, 0.8331459899567186, 0.5248013526498486, 0.9103190440885408, 0.5638374960607164, 0.08671519644794566, 0.011842371533787595, 0.07430432519548799, 0.6185439855582087]"
Logistic Regression,17,4,"[0, 0, 1, 0, 0, 1, 1, 0, 0, 1, 1, 1, 1, 1, 0, 1, 0, 1, 1, 1, 1, 0, 0, 1, 0, 1, 1, 0, 1, 1, 0, 1, 0, 0, 1, 1, 0, 1, 1, 1, 1, 1, 0, 1, 1, 1, 1, 1, 0, 1, 0, 0, 0, 0, 1, 0, 1, 0, 1, 1, 1, 1, 1, 1, 1, 1, 1, 0, 1, 1, 1, 1, 1, 1, 1, 1, 1, 1, 1, 0, 1, 0, 1, 0, 1, 1, 0, 1, 0, 0, 0, 1, 0, 0, 1, 1, 1, 1, 1, 1, 0, 1, 1, 1, 1, 1, 0, 1, 0, 0, 1, 1, 1, 0, 0, 1, 1, 1, 1, 0, 1, 1, 1, 1, 0, 0, 1, 0, 1, 1, 1, 1, 0, 1, 1, 0, 1, 0, 0, 0, 1, 1, 1, 1]","[1, 0, 1, 1, 1, 1, 1, 0, 0, 1, 1, 1, 1, 1, 0, 1, 0, 1, 1, 1, 1, 0, 0, 0, 0, 1, 1, 0, 0, 1, 0, 1, 0, 0, 1, 1, 0, 1, 0, 1, 1, 1, 0, 1, 1, 1, 1, 1, 0, 1, 0, 0, 0, 0, 1, 0, 0, 0, 1, 1, 1, 1, 1, 1, 1, 1, 1, 0, 1, 1, 1, 1, 1, 1, 1, 1, 1, 1, 1, 0, 1, 0, 1, 0, 1, 1, 0, 1, 0, 1, 0, 1, 0, 0, 1, 1, 1, 1, 0, 1, 1, 1, 1, 1, 1, 1, 0, 1, 0, 0, 1, 1, 1, 0, 0, 0, 1, 1, 1, 0, 1, 1, 1, 1, 0, 0, 1, 0, 1, 1, 1, 1, 0, 1, 0, 0, 1, 0, 0, 0, 1, 1, 1, 1]","[0.6894914773377313, 0.01767183182903877, 0.9590347104968541, 0.5427405523466974, 0.9560179127627905, 0.918485796200076, 0.9538926978584201, 0.009668179570521499, 0.008765201611986668, 0.5920558821070808, 0.9113423782067037, 0.6004242688458789, 0.9247532408455548, 0.835037702486134, 0.14136814253312643, 0.894367786267334, 0.08854362305949028, 0.8864456854007177, 0.9800924062688843, 0.9733075438500933, 0.8668178070690029, 0.19175293893849, 0.11865746404605247, 0.46121799965705834, 0.029795308631054312, 0.7802063523404027, 0.9558330317508562, 0.0413275530850376, 0.3027142197537712, 0.9394498952366236, 0.0004768779636220658, 0.8568731645041883, 0.0061119573464990425, 0.3518355438166862, 0.8641806166804962, 0.9129063551548076, 0.34875045356754975, 0.7165178553889905, 0.20048970391705248, 0.6377870437380253, 0.9766651154929339, 0.9202065020814534, 0.08194800738839976, 0.9727371858154618, 0.9404649844198227, 0.9739604113553452, 0.7921021928317105, 0.7584194438712167, 0.016209853262890126, 0.9757343560183773, 0.1163878958803233, 0.04035833977909422, 0.021582615745142936, 0.05255755906429318, 0.6428262549940897, 0.00212667513554361, 0.3263408906194333, 0.004342024030139474, 0.9288179011925372, 0.7816568863209745, 0.9623620518396012, 0.5430219398622083, 0.941911187272424, 0.9716681380725006, 0.8308575921822069, 0.7672964730417015, 0.943272663321987, 0.026815601909112023, 0.9731503805169406, 0.9057712593700133, 0.9366917463797795, 0.7181714739783627, 0.9463523489009478, 0.6507610077732671, 0.6702277483966702, 0.8371852452618186, 0.9949774352234902, 0.7244049793090414, 0.8406282637676702, 0.05863204040570316, 0.8889151505599086, 0.0063452461789348935, 0.9031557521548272, 0.3349586532540152, 0.8187265267107209, 0.8494612853378137, 0.22354842439070033, 0.937948691291423, 0.16193877388546302, 0.7456176341514419, 0.026761104426987228, 0.934061027321541, 0.11712994812106219, 0.0033977115600797975, 0.8343395573525494, 0.8873019989152845, 0.6532968762858958, 0.774201823534806, 0.444309128086951, 0.9751916761721532, 0.8875676801816036, 0.7556000777125814, 0.8457905156980228, 0.8936466739329949, 0.9128538752184712, 0.9349500296900988, 0.4783067971342858, 0.8294464242539948, 0.2749073537627498, 0.160269161690163, 0.9236544643920759, 0.9422760587470997, 0.9538033024338339, 0.3621054699108995, 0.0012295833492610912, 0.48330180384312066, 0.8250259246306281, 0.9449432833528778, 0.8636566961129425, 0.21727200519452963, 0.969737647672502, 0.9660431997652072, 0.9190311917302482, 0.8615062059221773, 0.12655819671445942, 0.44052590363921207, 0.9719324761141304, 0.0442279071571745, 0.9358590882381089, 0.9870706644723571, 0.606290513557072, 0.756701114086718, 0.08240874715283034, 0.9441145049830059, 0.05845202543971877, 0.10253955448642108, 0.9302627807704047, 0.20927244328188938, 0.1643169776217122, 0.17885006059253444, 0.9334347532448948, 0.9649187147974744, 0.7992068778935859, 0.9448050267648208]"
Logistic Regression,18,4,"[0, 0, 1, 1, 0, 1, 0, 1, 1, 1, 1, 1, 1, 0, 1, 1, 1, 1, 0, 0, 1, 0, 1, 0, 1, 0, 1, 1, 1, 1, 1, 1, 1, 0, 0, 1, 0, 1, 1, 0, 0, 0, 1, 1, 1, 1, 1, 1, 0, 0, 0, 1, 0, 0, 1, 1, 0, 1, 1, 0, 0, 1, 1, 0, 1, 1, 1, 1, 0, 1, 1, 1, 1, 1, 1, 1, 1, 1, 0, 1, 0, 1, 1, 0, 1, 1, 1, 1, 0, 0, 1, 1, 1, 1, 1, 0, 1, 0, 0, 0, 0, 1, 1, 1, 0, 1, 1, 1, 1, 1, 1, 1, 1, 1, 0, 0, 1, 0, 1, 0, 0, 1, 1, 0, 1, 1, 0, 1, 0, 0, 0, 1, 0, 1, 1, 0, 1, 1, 0, 0, 0, 1, 1]","[0, 1, 1, 1, 0, 1, 0, 1, 0, 1, 1, 0, 1, 0, 0, 1, 1, 1, 0, 0, 0, 0, 1, 0, 1, 0, 1, 1, 1, 1, 1, 1, 1, 0, 0, 1, 1, 1, 1, 0, 1, 0, 1, 1, 1, 1, 1, 1, 0, 0, 0, 1, 0, 0, 1, 1, 0, 1, 1, 0, 0, 1, 1, 0, 1, 0, 1, 1, 1, 1, 1, 0, 1, 0, 0, 1, 1, 1, 0, 1, 0, 1, 1, 0, 1, 1, 1, 1, 1, 0, 1, 0, 0, 1, 1, 0, 1, 0, 0, 1, 0, 1, 0, 0, 1, 1, 1, 1, 1, 1, 1, 1, 1, 0, 1, 1, 1, 0, 1, 0, 0, 1, 1, 0, 1, 0, 1, 1, 1, 0, 0, 1, 0, 1, 1, 1, 0, 1, 0, 1, 0, 1, 1]","[0.315536901948389, 0.9115400423685315, 0.9802986644835845, 0.8042160588101154, 0.0021112771774158684, 0.9269794269589301, 0.06648193331180892, 0.7511781057824263, 0.27539607101139485, 0.6833768767280922, 0.9778979278507705, 0.4738603610928748, 0.7086064223021458, 0.04341861749785884, 0.4901990865886852, 0.6349662396571794, 0.8758947333421566, 0.9421049044234132, 0.005882048115553775, 0.13817775864852147, 0.27562035186924816, 0.014594014214816618, 0.8707797609686396, 0.003657433572582694, 0.9657945030022197, 0.000581739708648508, 0.9454502692607103, 0.9509004152787115, 0.9786030446637379, 0.9399950296648465, 0.531403052742752, 0.9642673190259539, 0.8075231345847915, 0.033996520641385565, 0.25824689257708405, 0.9816899365743884, 0.6394264627117662, 0.9500487038229095, 0.9579632261562998, 0.007620846051749471, 0.6784807192914398, 0.3479480093923468, 0.8918390525306505, 0.9088356745353434, 0.9525640949169253, 0.8157840043417448, 0.8237229131345841, 0.9400961078072864, 0.0003880746695565431, 0.04416347252842943, 0.36985073419033304, 0.6514783374539596, 0.02508812692441408, 2.0576916863752626e-08, 0.8525737157283165, 0.9557065863022045, 0.0014391020326932596, 0.8140742076808866, 0.8092451103335252, 0.015040813375748942, 0.2781361957461805, 0.9333129258667988, 0.8804108978508194, 0.0835522965591306, 0.9772446620387117, 0.35906009304149344, 0.9264570042796635, 0.5001051447249526, 0.5076853942035082, 0.9091858362609063, 0.8273744524057501, 0.11047986088256849, 0.9676404668754303, 0.4288364113139126, 0.09425187636701124, 0.8916629461898676, 0.9832062805891967, 0.6923594287919956, 0.031302107979488805, 0.909430856954634, 0.021284683041014194, 0.8053358747449755, 0.9540468214605923, 0.1610471789625086, 0.9435431443883058, 0.8308855405189994, 0.8698400405957792, 0.9324803915251472, 0.5054773278232353, 0.002948641935892272, 0.9451377068608625, 0.3490136472847099, 0.03456775307307437, 0.9844943754367729, 0.7987525799454218, 0.00825038382536955, 0.9259159065097897, 0.011590148198489617, 0.06155256639473404, 0.6897652961364936, 0.45347424559434224, 0.7175159093520636, 0.011263900521360554, 0.47770409978659634, 0.7777392076798014, 0.8269097176492091, 0.882243458328791, 0.9144753483686824, 0.8572479778543668, 0.7169695293587343, 0.7313695799781015, 0.7730228113532983, 0.9773334862247248, 0.08306382187132517, 0.8607562361311928, 0.8505118358549685, 0.9721711521534228, 0.4897637988688999, 0.9305742669239468, 0.00939268197881639, 0.17695608464638404, 0.8844922732235768, 0.9631190678681587, 0.040674712182370384, 0.873259370263952, 0.4098170550087895, 0.5710409149131596, 0.6792933459704792, 0.8570075549362793, 0.18372405937363664, 0.00469529666328009, 0.5736151493746862, 0.033701073278838735, 0.9483561688488178, 0.5747320880947394, 0.665171721464728, 0.375155676814527, 0.7360234776072495, 0.13278970776804916, 0.6164819549350644, 0.0009209455783731007, 0.9479276988160193, 0.9759137621263749]"
Logistic Regression,19,4,"[1, 1, 1, 1, 1, 1, 0, 0, 0, 1, 1, 0, 1, 1, 0, 1, 1, 1, 0, 1, 0, 1, 1, 1, 1, 1, 0, 1, 1, 1, 1, 1, 0, 0, 1, 1, 1, 1, 1, 1, 1, 1, 0, 1, 0, 1, 1, 1, 1, 1, 0, 1, 1, 1, 0, 1, 0, 0, 0, 1, 1, 0, 1, 1, 0, 1, 1, 1, 1, 1, 1, 1, 1, 1, 1, 0, 0, 1, 0, 1, 1, 1, 1, 1, 1, 0, 1, 0, 1, 1, 0, 0, 1, 1, 1, 0, 1, 1, 1, 0, 1, 0, 1, 1, 0, 1, 1, 1, 1, 1, 1, 0, 1, 0, 0, 0, 1, 0, 0, 0, 1, 0, 1, 1, 0, 0, 0, 1, 1, 0, 0, 0, 1, 0, 0, 0, 1, 0, 1, 1, 1, 0, 0]","[1, 1, 1, 1, 1, 1, 1, 0, 0, 1, 1, 0, 0, 1, 0, 0, 1, 1, 0, 1, 0, 1, 1, 1, 1, 1, 0, 1, 1, 1, 1, 1, 1, 0, 1, 1, 0, 0, 1, 1, 1, 1, 1, 0, 1, 1, 0, 0, 1, 0, 0, 1, 1, 1, 0, 1, 1, 0, 0, 1, 1, 0, 1, 1, 0, 1, 1, 1, 1, 1, 1, 1, 0, 1, 1, 0, 0, 1, 0, 1, 1, 1, 1, 1, 1, 1, 1, 0, 1, 1, 1, 0, 1, 0, 1, 0, 1, 1, 0, 0, 1, 0, 1, 1, 0, 1, 1, 1, 0, 1, 0, 0, 1, 1, 1, 0, 0, 0, 0, 0, 1, 1, 1, 1, 0, 1, 0, 1, 1, 0, 0, 0, 1, 0, 0, 0, 1, 1, 1, 0, 1, 0, 0]","[0.9641037496810111, 0.9392686395321532, 0.8173139255163274, 0.9387326719540727, 0.9610488684983189, 0.9021491142989193, 0.9654192204100348, 0.0253853454287858, 0.3529129059676972, 0.9800289819634286, 0.7904509343038458, 0.031929804690318725, 0.30507515311182537, 0.8616127949015059, 0.10273581119069215, 0.31593512328254975, 0.9745317828729646, 0.9124511313837371, 0.3333411121286159, 0.8414396219948481, 0.22797847394869736, 0.640832954766779, 0.8402442875684553, 0.9749780493986692, 0.9758029154020967, 0.9056673840689288, 0.025480723504384382, 0.6741105294442573, 0.5036680151881401, 0.9010616412632491, 0.7563974147818406, 0.9606343353473951, 0.5471082603756964, 0.34559619270524794, 0.577964937985991, 0.6953831297672622, 0.4338282809761201, 0.051580139562960425, 0.9038872357242289, 0.6905911148668475, 0.7821505091601844, 0.8818964221245162, 0.9119587642888868, 0.010639111626701397, 0.6141981734709605, 0.9173960551052315, 0.23755706779802463, 0.11365439235952446, 0.9551571642838163, 0.3670687620175826, 0.05340948405273849, 0.7634790227881036, 0.8526586553823128, 0.8222801201840086, 0.0039049118097133828, 0.8235374366058182, 0.7714533110925261, 0.025937673230773884, 0.06048794808424739, 0.8693437628691688, 0.9727041581420913, 0.09520757070978379, 0.5041612644473665, 0.7311584380600802, 0.00893741962467748, 0.8933172710238575, 0.9741629143157537, 0.9181807091571486, 0.8499075182992847, 0.9415594872601102, 0.6197256191063794, 0.9873198516245125, 0.1843968661590344, 0.80059945226831, 0.9440586680553951, 0.03760272823432328, 0.03438431261102378, 0.983924962093168, 0.008358072269565114, 0.9028481505670313, 0.9521457488220824, 0.9357123696107102, 0.8941597546207322, 0.9238497227918704, 0.9671039129015063, 0.8332386784098903, 0.5409754673721557, 0.04099660962139041, 0.9325836583165034, 0.8394640076907659, 0.9122227108714468, 0.0051436499437443875, 0.9388782948727438, 0.34964045427534457, 0.9774459690671436, 0.008404262562779444, 0.9684131870562553, 0.852255463983902, 0.1399266904224907, 0.0026043743390005733, 0.9635098969816263, 0.038917749831657106, 0.9770659447888186, 0.6597240060995532, 0.4106592572998253, 0.8890549340392574, 0.9749643951179601, 0.7819612106949846, 0.3980498012620337, 0.9568151712233057, 0.22974276103817376, 0.020166183619206874, 0.9204507492316382, 0.7366651558570517, 0.8142569978549508, 0.03461779994752935, 0.43862305740282903, 0.1788195850542559, 0.1923317714187795, 0.017620961516140187, 0.9275251065467233, 0.5919169676121372, 0.9101768148606197, 0.9365345850178465, 0.04532364743814152, 0.5062195482816694, 0.12231006735392826, 0.9548064148859485, 0.513223920192959, 0.02627697358941156, 0.42855027829920106, 0.38858907600738374, 0.6227591719265074, 0.4136906189482557, 0.11001235353982938, 0.0003104270189096649, 0.9513453644602015, 0.5208937025308938, 0.9671215869011295, 0.447214896974283, 0.9791104927984591, 0.0043026815065593145, 0.04136938723093896]"
Logistic Regression,20,4,"[1, 0, 1, 0, 1, 1, 1, 0, 0, 1, 0, 1, 1, 1, 1, 1, 1, 1, 0, 0, 1, 1, 1, 1, 1, 1, 1, 1, 1, 1, 0, 1, 0, 1, 0, 1, 1, 0, 1, 0, 0, 0, 1, 1, 0, 1, 1, 0, 1, 0, 0, 1, 1, 0, 1, 1, 0, 1, 0, 1, 1, 1, 1, 1, 1, 0, 0, 0, 0, 1, 0, 0, 1, 1, 0, 0, 1, 1, 1, 0, 0, 0, 1, 1, 1, 1, 1, 1, 1, 1, 1, 1, 1, 1, 1, 0, 0, 1, 0, 0, 0, 1, 0, 1, 1, 1, 0, 1, 1, 1, 1, 0, 1, 0, 1, 1, 1, 1, 1, 1, 0, 1, 1, 0, 1, 1, 0, 1, 1, 1, 1, 1, 1, 1, 1, 1, 0, 0, 0, 1, 1, 0, 1]","[1, 0, 1, 1, 1, 1, 1, 0, 0, 1, 0, 1, 1, 1, 1, 1, 1, 1, 0, 0, 1, 1, 1, 1, 1, 1, 1, 1, 1, 1, 0, 1, 1, 1, 0, 1, 1, 0, 1, 0, 1, 0, 1, 1, 0, 1, 1, 1, 1, 0, 1, 1, 1, 0, 1, 1, 0, 0, 0, 1, 1, 1, 1, 0, 1, 0, 0, 1, 0, 0, 0, 0, 1, 1, 0, 0, 1, 1, 0, 1, 0, 0, 1, 1, 1, 1, 1, 1, 1, 1, 1, 1, 1, 0, 1, 0, 0, 1, 0, 0, 0, 1, 1, 0, 1, 1, 0, 1, 1, 1, 1, 0, 1, 0, 0, 1, 1, 1, 1, 1, 0, 1, 1, 0, 1, 1, 0, 1, 1, 1, 1, 1, 1, 1, 1, 1, 1, 0, 0, 1, 1, 1, 1]","[0.9049884532928987, 0.47249719848965105, 0.7940858002347506, 0.8580271653818012, 0.8856249373143301, 0.8193158862325479, 0.8115983697700672, 0.1150709268693083, 0.16187929903355705, 0.8368551338772916, 0.027489635314685623, 0.9347767626983245, 0.6826348322550476, 0.7522036348120368, 0.9671515221000744, 0.9501971478326643, 0.8640967057488974, 0.7265505879732209, 0.14540217745086723, 0.09994768257419324, 0.7541517724800239, 0.8393067382445232, 0.6490246446924061, 0.9444466764979735, 0.5459237115743676, 0.730782030324055, 0.9351886415087763, 0.6863742445273344, 0.6762008039454532, 0.97111255517373, 0.13555194797593473, 0.8168038964024293, 0.6140754504303351, 0.9403644502966932, 0.41277146943900256, 0.9691401605210817, 0.8878095923374923, 0.02212817542744346, 0.9552481381344293, 0.058625880151673575, 0.8663798068892713, 0.31597757921868713, 0.7275718068361741, 0.6233643295013345, 0.42348444744639574, 0.9184533809849166, 0.8728711650735791, 0.8602079197292309, 0.9855080282089679, 0.153694151210025, 0.8090096664905423, 0.9436999204820606, 0.6466071873561537, 0.23748031034159178, 0.8963303329404501, 0.670413797855169, 0.23666946828964752, 0.4842606607429253, 0.09751433547591078, 0.9218577005451926, 0.5330945758126019, 0.8904161496110219, 0.9220408170989379, 0.023616865913931542, 0.9257917547880037, 0.28704853081248805, 0.02618039225137218, 0.5256384650817659, 0.040701796986615905, 0.3861970024447525, 0.26144833343307206, 0.3250453927594702, 0.8190379831423669, 0.8688787922329192, 0.2545838361143893, 0.03433304086908265, 0.546475120991296, 0.9816615345760984, 0.4817269223102004, 0.876984224240422, 0.4865269786126623, 0.3310919988915563, 0.8859642476177012, 0.7959205499362824, 0.7833531903754192, 0.8890461774703409, 0.6288373337138138, 0.610937215276113, 0.8728082411082949, 0.9720520419423887, 0.9255496295959319, 0.6000266305114672, 0.9246314322541471, 0.26124411707044304, 0.7788933428713408, 0.1053572294173782, 0.012587409794875186, 0.6878253126139988, 0.05806604722231664, 0.0773611539853454, 0.09786887902529563, 0.6201507429491527, 0.9952227756587341, 0.33281822905712755, 0.699767578216041, 0.6952803991256206, 0.16306971036962684, 0.9685885702467698, 0.8459959734652539, 0.9211070251821111, 0.9339066680069034, 0.014360564448377652, 0.780509458500218, 0.29175165701503275, 0.2850745117187566, 0.8922534373815286, 0.7023274195296343, 0.9729169735513273, 0.8744183299104237, 0.9072666398083804, 0.03885352311955859, 0.9687244467515402, 0.8347837545401471, 0.04407267060250867, 0.9918317930934774, 0.9734077106665482, 0.011859478904048251, 0.978721694084103, 0.9559842339749488, 0.9046441478131342, 0.5226766376821912, 0.7199073639739211, 0.9255041548920809, 0.9599390134038237, 0.9712241203986357, 0.7937555371336265, 0.6952982110948589, 0.13632779826455768, 0.361524921015505, 0.9563949205511799, 0.8047721588102472, 0.8394992938777318, 0.9006840510600648]"
Logistic Regression,21,5,"[1, 1, 0, 1, 1, 0, 0, 1, 1, 0, 0, 0, 1, 1, 1, 1, 0, 1, 0, 1, 0, 0, 1, 1, 0, 0, 0, 1, 0, 1, 1, 1, 0, 1, 1, 1, 0, 1, 1, 1, 1, 0, 1, 0, 1, 1, 1, 0, 1, 0, 1, 0, 0, 0, 0, 1, 0, 0, 1, 1, 0, 0, 0, 0, 0, 1, 1, 1, 0, 1, 1, 1, 1, 0, 1, 0, 1, 1, 1, 1, 1, 1, 1, 0, 1, 1, 1, 0, 1, 0, 0, 1, 1, 0, 0, 0, 1, 1, 1, 1, 0, 0, 1, 0, 1, 1, 1, 1, 1, 0, 1, 1, 1, 1, 1, 1, 1, 0, 0, 1, 1, 1, 1, 0, 0, 0, 1, 0, 0, 0, 1, 0, 0, 1, 0, 0, 1, 0, 0, 0, 1, 1, 1, 0]","[1, 1, 0, 1, 1, 0, 1, 1, 1, 1, 0, 0, 1, 1, 0, 1, 0, 1, 0, 1, 0, 0, 1, 1, 0, 0, 0, 1, 0, 1, 1, 1, 0, 1, 1, 1, 1, 0, 1, 1, 1, 1, 1, 0, 1, 1, 1, 0, 1, 0, 1, 0, 0, 0, 0, 1, 0, 1, 1, 1, 0, 0, 0, 0, 1, 1, 0, 1, 0, 1, 1, 0, 1, 0, 1, 0, 1, 1, 1, 1, 1, 1, 1, 0, 1, 1, 1, 0, 1, 0, 0, 1, 1, 0, 0, 0, 0, 1, 1, 1, 0, 0, 1, 0, 1, 0, 1, 1, 1, 1, 1, 0, 1, 1, 1, 1, 1, 0, 0, 1, 1, 1, 1, 0, 0, 1, 1, 1, 1, 1, 1, 0, 0, 1, 0, 0, 1, 0, 0, 1, 1, 1, 1, 0]","[0.9715681814845653, 0.8206680923938824, 0.2987275456816296, 0.9543335734268215, 0.9418711296835329, 0.08507241605445397, 0.5931017148136145, 0.6505215004595157, 0.7678136505856101, 0.9527472611418538, 0.32715062299450726, 0.062295510753587136, 0.8694798990091619, 0.9696170369251061, 0.3230149832440347, 0.587282706605116, 0.0951977695950114, 0.9829252618295248, 0.013752248652070457, 0.6308329703084204, 0.011590701375985493, 0.1679240527486112, 0.8731791705047339, 0.5537154764002714, 0.14411858820871537, 0.11724453613633587, 0.005361936174410241, 0.980549914907834, 0.012845259746160237, 0.7469057856215001, 0.9800730064746576, 0.8231232610049868, 0.01898963897125483, 0.9849195032590988, 0.8654310122685523, 0.6079974789001862, 0.84497413698161, 0.38513088254240535, 0.7336987666853373, 0.8223009852549221, 0.8168123662350899, 0.6809847759834261, 0.5873608902261053, 0.4853642985347966, 0.8118733762918522, 0.9124375318945307, 0.9868122644901333, 0.011181022805578944, 0.9249446244524099, 0.23793827762795883, 0.9599074764611222, 0.04209168051003093, 0.03401108650133768, 0.019926133500041056, 0.0025681924576124596, 0.8026410079135985, 0.04530255181457777, 0.5732470459856766, 0.6806963557141387, 0.7244645439121116, 0.0035220252609389742, 0.02857882863644138, 0.03719145515292901, 0.16340782856275332, 0.9123329047829902, 0.8090423948829943, 0.37291958887874305, 0.546037653190745, 0.025455502500700982, 0.9583698223322414, 0.8917464678194879, 0.09344092671700376, 0.9054504122875483, 0.028205860436779136, 0.6402969189583755, 0.011504071346354804, 0.925670506881799, 0.9227758079677204, 0.7369549669972687, 0.5149133003942901, 0.8790386628787583, 0.8782834375295757, 0.9701573125817994, 0.0013205582822197247, 0.7435057688327047, 0.9778564971780692, 0.8629358918974529, 0.007013275990495501, 0.9257052041025123, 0.0018198847391615216, 0.3356543079754218, 0.9300895709996766, 0.837679671986608, 0.21294885390316434, 0.09903893439079633, 0.007614094873054574, 0.38311101460496644, 0.9846871555600342, 0.7234115594763093, 0.922309692297812, 0.011456148836604285, 0.0238339240503902, 0.5088746387532284, 0.29251372704001005, 0.862475206956071, 0.4912966043843353, 0.9045047971117666, 0.8401051643990112, 0.7770811433443463, 0.6882205051948755, 0.8675919023860026, 0.40965506014888886, 0.8590930860948958, 0.727256205641847, 0.9274175958495471, 0.8108694913317681, 0.6446777207573153, 0.2339107625145933, 0.031423998378112626, 0.6318201179553985, 0.9195671907501713, 0.9570181045270686, 0.924734140569486, 0.018018061662936555, 0.1709193569075834, 0.5420545519040386, 0.9740823622667324, 0.610087679897812, 0.7872786419376325, 0.5270778138888775, 0.628768955863905, 0.011034431021167322, 0.3920964098671565, 0.756813789410874, 0.0933199424644466, 0.1461605756941338, 0.9320915037735359, 0.033258811435626166, 0.19229577832333727, 0.7836524317507421, 0.8692872082068027, 0.9155135775710811, 0.5546668866713543, 0.10799860259321883]"
Logistic Regression,22,5,"[0, 1, 0, 1, 0, 1, 1, 1, 1, 0, 0, 0, 1, 1, 1, 1, 1, 0, 1, 1, 1, 1, 1, 1, 1, 1, 1, 0, 0, 0, 0, 0, 1, 0, 0, 0, 0, 0, 0, 1, 0, 1, 0, 0, 0, 1, 0, 0, 1, 1, 1, 0, 1, 0, 1, 1, 0, 1, 0, 0, 1, 1, 1, 1, 1, 1, 1, 0, 1, 1, 1, 1, 1, 0, 1, 1, 1, 1, 1, 0, 0, 1, 0, 0, 1, 1, 1, 1, 1, 0, 0, 0, 0, 0, 0, 1, 1, 0, 1, 1, 1, 1, 0, 1, 1, 1, 1, 1, 1, 1, 1, 0, 0, 1, 1, 0, 0, 1, 1, 0, 0, 1, 1, 1, 1, 1, 1, 0, 1, 1, 1, 0, 1, 1, 1, 1, 0, 0, 1, 1, 1, 1, 0, 1]","[1, 1, 0, 1, 0, 1, 1, 1, 1, 1, 0, 0, 1, 1, 1, 0, 0, 0, 1, 1, 1, 1, 1, 1, 0, 1, 1, 0, 0, 0, 0, 0, 1, 0, 1, 0, 0, 0, 1, 1, 0, 0, 0, 1, 0, 1, 0, 0, 0, 1, 1, 0, 1, 0, 1, 0, 0, 0, 0, 0, 1, 1, 1, 1, 1, 1, 1, 0, 1, 1, 1, 1, 1, 0, 1, 1, 0, 1, 1, 0, 0, 1, 0, 0, 1, 1, 0, 1, 1, 0, 0, 1, 1, 0, 0, 0, 1, 1, 1, 1, 1, 0, 0, 1, 1, 1, 0, 1, 1, 1, 1, 1, 0, 1, 1, 0, 0, 1, 1, 0, 0, 1, 1, 1, 1, 1, 1, 0, 1, 1, 1, 0, 1, 1, 1, 0, 0, 0, 1, 0, 1, 1, 0, 0]","[0.890196473719769, 0.7860607669377949, 0.0028352356102772603, 0.69781573221639, 0.011054673355850522, 0.7464799610393517, 0.9582639156972508, 0.9330645581782422, 0.9487353723765156, 0.9593870702329533, 0.0034730357908608076, 0.16857397305846464, 0.9389993075045432, 0.9373923765064379, 0.9682580970566449, 0.31176736558086215, 0.04969475758694815, 0.13039138065265385, 0.7508906592801475, 0.8911604306502713, 0.6416263193680569, 0.9479792435909072, 0.8679365965370804, 0.6635668670541071, 0.3580779136277008, 0.8972405616706969, 0.9650437479329517, 0.14388249470834397, 0.09085587233443164, 0.024047328495259798, 0.05157632024369808, 0.03014894258504586, 0.9055021664487647, 0.1291671696852495, 0.5257916968215102, 0.02811952155933411, 0.2844083733565224, 0.2892517700990662, 0.669522364463092, 0.9488211500110199, 0.2698676760638977, 0.3830222493062966, 0.33672928846646705, 0.5332771822651186, 0.01707203425963506, 0.8147008279701891, 0.05432592437823968, 0.0009350100054094059, 0.09486021357494702, 0.6087144482487401, 0.7621106432578156, 3.56503479351031e-06, 0.89469688760844, 0.016320538959037713, 0.847428287873841, 0.26374166427408685, 0.2880427865597511, 0.4559113627762096, 0.0014386725730013371, 0.10447103804541487, 0.920207763145771, 0.7726191086924649, 0.9305127819007291, 0.9437960456118231, 0.9570492160535995, 0.8184509239061413, 0.9555650026269138, 0.09082351974198462, 0.9397986545555493, 0.6637088546077188, 0.9739686446037517, 0.8423031704872576, 0.8776989465470784, 0.031342455579695616, 0.9469552428915888, 0.9495187364948399, 0.1143156496055776, 0.973763699979929, 0.9896509344882116, 0.06447737177676567, 0.051221804494044454, 0.9544458677832471, 0.4564357177044371, 0.4180491723443964, 0.9036092147797778, 0.8783700362468199, 0.23742821425515304, 0.9283946437549917, 0.7383795874975854, 0.00946029599370594, 0.4949010895766214, 0.5388050650694358, 0.9019530192928337, 0.08781166831772637, 0.011846810917832018, 0.38520497085040595, 0.9362570345174269, 0.765353543648867, 0.9694670478067039, 0.9695486569489311, 0.8080106529583818, 0.011879876809201018, 0.042103290405848356, 0.9305142988484238, 0.5771963754180037, 0.7821886411749442, 0.25368611244321443, 0.8649226158331922, 0.9669984701095915, 0.8972042012838222, 0.91907579412642, 0.5407277905975818, 0.19134011895969846, 0.9388959607323178, 0.9535953833610432, 0.0005351992578494478, 0.19658850926697616, 0.9672157975812299, 0.9719657030909796, 0.010295396969059864, 0.04161935176747862, 0.861871842613656, 0.9891794817822622, 0.6271184646462022, 0.7979644963979328, 0.6207114399993175, 0.8807584330859363, 0.09640736717888214, 0.6398000391867954, 0.9584537459722662, 0.9424891861003842, 0.2410717528507512, 0.9683137402296046, 0.6846599222308004, 0.9847090187016948, 0.36468307021414276, 0.13134728238481921, 0.15704364717247699, 0.9479549513676613, 0.48576496472985936, 0.9568714286243153, 0.9246632572654606, 0.010039811693648324, 0.07550867812043885]"
Logistic Regression,23,5,"[1, 0, 1, 0, 1, 1, 1, 1, 0, 1, 0, 1, 0, 1, 1, 1, 1, 1, 1, 1, 1, 0, 0, 1, 1, 1, 1, 1, 1, 1, 0, 1, 1, 1, 1, 1, 0, 1, 1, 1, 0, 0, 1, 0, 1, 1, 1, 1, 0, 1, 0, 0, 1, 0, 1, 0, 1, 0, 1, 0, 1, 0, 1, 1, 1, 1, 1, 1, 1, 1, 0, 1, 0, 1, 1, 1, 1, 1, 0, 1, 1, 0, 1, 0, 1, 0, 1, 0, 1, 1, 1, 0, 1, 1, 1, 0, 0, 1, 0, 0, 0, 1, 0, 1, 1, 0, 0, 1, 0, 1, 1, 1, 1, 1, 0, 0, 0, 0, 0, 1, 1, 1, 0, 1, 1, 1, 0, 0, 0, 0, 0, 0, 1, 0, 0, 1, 0, 1, 0, 1, 1, 1, 1]","[1, 0, 1, 1, 1, 1, 1, 1, 0, 1, 1, 1, 0, 1, 1, 1, 0, 1, 1, 1, 0, 0, 0, 1, 1, 1, 1, 1, 0, 0, 0, 1, 1, 1, 1, 1, 0, 1, 1, 0, 0, 1, 1, 0, 1, 1, 0, 1, 1, 1, 0, 0, 1, 0, 0, 0, 1, 0, 1, 0, 1, 0, 1, 1, 1, 0, 1, 1, 1, 1, 0, 0, 0, 1, 1, 1, 1, 1, 0, 1, 1, 0, 1, 0, 1, 0, 1, 1, 1, 0, 0, 0, 1, 1, 0, 1, 0, 0, 0, 0, 1, 1, 0, 1, 1, 1, 0, 1, 1, 1, 1, 1, 1, 1, 0, 0, 0, 0, 0, 1, 1, 1, 0, 1, 1, 0, 0, 0, 0, 0, 0, 0, 1, 0, 1, 1, 0, 1, 1, 1, 1, 1, 1]","[0.9076587389103166, 0.05742239919514028, 0.8508567745044361, 0.8249014727719092, 0.8688281371047551, 0.8837100186113807, 0.9167962969306682, 0.563110795728703, 0.03055184959951037, 0.9802125673974709, 0.6797864205894524, 0.7778103318820361, 0.10366930097711967, 0.8449984284529009, 0.9039736822002488, 0.8279684309822757, 0.3167516551851127, 0.5619016823579562, 0.8140484051299711, 0.8547043896256075, 0.4838485741565451, 0.08366607545307723, 0.005014117545866197, 0.8371771954740559, 0.9826801288113308, 0.9281942252962322, 0.8678431200050546, 0.9687958773494495, 0.3340378668282337, 0.47112077449030815, 0.0004110452692532715, 0.8009773174257672, 0.9439141304711879, 0.8696968383866301, 0.9081670666750745, 0.8397982458841898, 0.25895071665957053, 0.7050202326374154, 0.9528225527663742, 0.06100857107643579, 0.021722236307290352, 0.6124624033729092, 0.897930879919973, 0.2509033854636199, 0.7859920142193203, 0.9258114908959627, 0.34470512851089863, 0.9438667580747561, 0.9528527915727618, 0.8930110528592061, 0.185859406365508, 0.0018884398740796422, 0.9826103548152537, 0.010318336205896894, 0.34425133552972836, 0.09941537047549026, 0.9592433766610444, 0.006822604236962098, 0.8879510296963408, 0.006796160101896727, 0.8401898129526231, 0.23420891784713915, 0.872157246929789, 0.968316861136397, 0.9652431113045211, 0.2893379305516521, 0.8149573175302322, 0.8884070700140043, 0.8473375485820412, 0.9778145146278927, 0.35732390396464386, 0.4771025479011031, 0.22582925171445142, 0.973395405437943, 0.5812453046696587, 0.932704953478674, 0.5489099871360174, 0.6542953135866335, 0.07445639861846363, 0.8931468903826411, 0.8189352501325782, 0.05958033416457358, 0.8881631830517059, 0.055072926801204736, 0.9483052649377245, 0.27106874765784794, 0.9399052596454517, 0.8212563536099898, 0.7910868603381851, 0.43735308156126773, 0.035701139139069554, 0.03093530963948027, 0.9214008793267661, 0.9372654508757502, 0.353314765416882, 0.8861986992454524, 0.04978769071220652, 0.16148942780829123, 0.0036158032986095857, 0.003346911698267298, 0.6263596160958623, 0.6607379934307311, 0.45590700837341314, 0.9172542262690763, 0.9621760624964352, 0.8794897609258249, 0.02602080319265072, 0.9339644941428472, 0.7638977869139121, 0.8261076380567065, 0.6607701524223237, 0.6995518262564512, 0.8596854837369735, 0.981556708595327, 0.1869821877411232, 0.04914507977064759, 0.1428567201076524, 0.357608423459356, 0.3839645442743796, 0.87936728022725, 0.8389724572783163, 0.9851888272018515, 0.03119942898111203, 0.9687680005231133, 0.9675637864494929, 0.4110027684479789, 0.008204863243614692, 0.4251960347139987, 0.3034121194992419, 0.14176587042599714, 0.04602866670403546, 0.003970707221076643, 0.7074597066355388, 0.04567466344441499, 0.7234393859007793, 0.6448612438119203, 0.07552670191791654, 0.9677744944449724, 0.5303376294701005, 0.953691830808537, 0.7058572273357233, 0.9216431371379622, 0.56396489026203]"
Logistic Regression,24,5,"[0, 1, 1, 1, 1, 0, 0, 1, 0, 1, 1, 1, 0, 1, 0, 1, 1, 0, 1, 1, 1, 1, 1, 1, 1, 1, 0, 1, 1, 1, 1, 1, 0, 1, 0, 1, 0, 1, 1, 1, 0, 1, 1, 1, 1, 1, 1, 1, 1, 1, 1, 1, 1, 0, 1, 1, 0, 1, 1, 1, 0, 0, 1, 1, 0, 1, 1, 0, 1, 1, 1, 1, 1, 0, 0, 1, 1, 1, 1, 1, 1, 1, 1, 1, 1, 1, 0, 1, 0, 0, 1, 0, 1, 0, 0, 1, 0, 1, 1, 1, 1, 1, 0, 1, 1, 1, 1, 1, 1, 0, 0, 1, 1, 1, 1, 1, 1, 1, 0, 0, 1, 1, 1, 0, 0, 1, 1, 1, 0, 0, 1, 1, 1, 0, 1, 1, 0, 1, 0, 0, 0, 1, 0]","[1, 1, 1, 1, 1, 0, 0, 1, 0, 1, 0, 0, 0, 1, 0, 1, 1, 0, 1, 0, 1, 1, 0, 1, 1, 0, 0, 1, 1, 1, 1, 1, 1, 1, 0, 1, 0, 0, 1, 1, 1, 1, 1, 1, 1, 1, 1, 1, 1, 1, 1, 1, 1, 1, 1, 1, 0, 1, 1, 1, 0, 1, 0, 0, 0, 0, 0, 0, 0, 1, 1, 1, 1, 0, 0, 1, 1, 1, 1, 1, 1, 1, 1, 1, 1, 1, 0, 1, 0, 0, 1, 0, 1, 1, 0, 1, 1, 0, 1, 1, 1, 1, 0, 1, 1, 1, 1, 0, 1, 0, 1, 1, 1, 0, 0, 0, 1, 1, 1, 1, 1, 1, 1, 0, 0, 1, 1, 1, 0, 0, 1, 1, 1, 1, 0, 0, 1, 1, 1, 1, 0, 1, 0]","[0.627980538903244, 0.964604309437059, 0.8543944717429673, 0.8572124569067792, 0.7840884402372166, 0.024681073163574388, 0.3727669876594646, 0.7725657574194142, 0.028523097342121707, 0.8382207904565239, 0.41306658577249, 0.22802008057870907, 0.003448945862524456, 0.9716220866119089, 0.002681159333827737, 0.7145854512478639, 0.9552831151296145, 0.15063545338178555, 0.7869059249933773, 0.23843558242234744, 0.9096880471039039, 0.7240838625592726, 0.22639111750599736, 0.9619932426282712, 0.9619764312146916, 0.31486499046173105, 0.02094523681353616, 0.7263508671956871, 0.8642290866768756, 0.9504629162333693, 0.9451288634625988, 0.8467703009670338, 0.8458897766283255, 0.9756578933791114, 0.44731178565547713, 0.9380463385379569, 0.002325600434170107, 0.4592552616528185, 0.9807993323141572, 0.9350140930096174, 0.8240744244217258, 0.9351223893820678, 0.7966099236773498, 0.8680055988697357, 0.6775319123385519, 0.9462352397759323, 0.799974607851025, 0.9866887202155775, 0.9857274971048778, 0.953937875376902, 0.7220275656864086, 0.7561074718884444, 0.9663528952949587, 0.8670941352256412, 0.7644859164086918, 0.6121137023098354, 0.011808786391891783, 0.8392453116527353, 0.933677914527805, 0.7654882645951406, 0.26392821243693676, 0.7371411131711483, 0.32280140866856993, 0.19199098152857058, 0.03812716675703061, 0.34390020687337797, 0.3999788648073726, 0.009276006639917539, 6.570887688823065e-05, 0.8612328412583906, 0.5867724622397398, 0.6938429086050888, 0.9365007495678237, 0.03132810805585492, 0.03370836155005761, 0.8928510851337657, 0.7676473412531165, 0.7921167945367665, 0.827159270110991, 0.5374183114093266, 0.864765830996838, 0.8656343088918486, 0.9114919614625245, 0.9254615271406729, 0.9489307135870138, 0.8939182099357942, 0.04150630360117069, 0.919622104176902, 0.035911689649412805, 0.004497767708312271, 0.9587154403468426, 0.08538630701879443, 0.9610159508747866, 0.7453137244632678, 0.49129279840110035, 0.8452598897282693, 0.9938785242849315, 0.21976490785127914, 0.7259966682748527, 0.765458336107607, 0.7913348211621548, 0.6783088117777588, 0.39622712328646426, 0.8351745188585641, 0.9798209041652949, 0.9814439652826322, 0.9536769018950635, 0.32554123553457837, 0.9184572633587728, 0.026318730112772644, 0.7638241974005662, 0.9021407610087397, 0.6672919797120367, 0.11945844745480871, 0.3715649634216929, 0.20166335610790198, 0.9118697226197835, 0.6473476632695216, 0.8281457119082243, 0.7870590246803808, 0.96334586942735, 0.8978448384869638, 0.9347275009311373, 0.006167551160556093, 0.0025595495161663644, 0.9291686047791152, 0.8637658190312267, 0.8958039956391847, 0.15286595632128103, 0.4010091139782682, 0.8913615323173878, 0.902350936643086, 0.507417287710599, 0.7120484082210098, 0.03566922907719228, 0.4911071207948442, 0.5643319246072518, 0.98122588493492, 0.6384742251568051, 0.5670678223508103, 0.0006629113207279587, 0.514696541207979, 0.010046344745170693]"
Logistic Regression,25,5,"[0, 0, 1, 1, 1, 1, 1, 0, 1, 1, 1, 1, 1, 1, 1, 0, 0, 0, 1, 1, 1, 1, 1, 1, 1, 1, 1, 0, 0, 1, 1, 1, 1, 0, 1, 0, 0, 1, 1, 1, 1, 1, 1, 0, 1, 0, 1, 1, 0, 1, 0, 1, 0, 0, 1, 0, 1, 1, 1, 0, 1, 1, 1, 1, 1, 0, 0, 0, 0, 0, 1, 1, 1, 1, 1, 1, 1, 1, 1, 0, 1, 1, 1, 0, 1, 1, 1, 1, 1, 1, 1, 0, 1, 1, 1, 1, 1, 1, 0, 0, 1, 1, 1, 1, 1, 1, 0, 0, 0, 1, 1, 0, 1, 1, 0, 1, 0, 1, 0, 1, 1, 1, 0, 1, 0, 1, 0, 0, 0, 1, 1, 1, 1, 1, 1, 0, 0, 1, 0, 1, 0, 1, 1]","[0, 0, 1, 0, 1, 1, 1, 0, 1, 1, 1, 1, 1, 1, 1, 0, 0, 0, 1, 0, 1, 1, 1, 1, 1, 1, 1, 0, 1, 1, 1, 1, 0, 0, 1, 0, 0, 1, 1, 1, 1, 1, 1, 0, 1, 1, 0, 1, 1, 0, 0, 1, 0, 0, 1, 0, 1, 1, 1, 0, 1, 1, 1, 0, 1, 0, 1, 1, 0, 0, 1, 1, 1, 0, 1, 1, 1, 1, 1, 1, 1, 1, 1, 0, 1, 1, 1, 1, 1, 1, 1, 0, 1, 1, 1, 1, 1, 1, 0, 0, 1, 1, 0, 1, 1, 1, 0, 0, 1, 1, 1, 1, 1, 1, 1, 1, 0, 1, 0, 1, 1, 0, 0, 1, 0, 1, 1, 0, 0, 1, 1, 1, 1, 1, 1, 0, 0, 1, 0, 1, 0, 1, 1]","[0.4154455380409988, 0.45441875242796614, 0.9796114486898244, 0.2464827201720969, 0.9217758609908342, 0.9813538784427523, 0.8020953771722065, 0.02119810476837412, 0.8664900175130242, 0.6039306675208809, 0.8012709192405973, 0.9643670620223332, 0.8696734607074781, 0.7262032551261949, 0.8971048209203841, 0.14725309730641367, 0.38331310464399215, 0.08421094812530222, 0.8792944400391751, 0.21515906555177364, 0.5468629336428441, 0.6113856445014466, 0.9259458523488253, 0.9637741391817628, 0.9760567285706446, 0.6799925999423052, 0.8667421101439707, 0.10423180342385473, 0.5091303672286945, 0.9427543179022108, 0.5629033954829886, 0.8357838811280776, 0.15423459526613661, 0.46733993950137764, 0.8511379023816411, 0.020040155009124115, 0.03987814127600405, 0.8591398525005077, 0.901773446173649, 0.7518443336127587, 0.7607114614265257, 0.8702526102056065, 0.6932472119293888, 0.4017647368647837, 0.907875841606089, 0.8921511006802512, 0.0073659746515386025, 0.9471804558245066, 0.8409853454867751, 0.1738241854274969, 0.23977820838511707, 0.7655100971337956, 0.05188794073028438, 0.03185730139990248, 0.5343193087338822, 0.08159510604501449, 0.9335273467362083, 0.5683269653814454, 0.7962581194853904, 0.301887790123912, 0.916019804186037, 0.9320079542067401, 0.9377536263955725, 0.015118254526315097, 0.9411910396770221, 0.017622555146878775, 0.5171891869945634, 0.5309672465796405, 0.024722519839106786, 0.0706411029685095, 0.9452712463693, 0.8506015803293644, 0.8900877179571792, 0.1400961741932544, 0.5252022036398106, 0.9845864742762779, 0.9876955744063641, 0.5891760967574481, 0.9888435035668169, 0.8669055350954535, 0.8050283499186174, 0.8014394953528128, 0.84094369148744, 0.006929381497753654, 0.9590924011448683, 0.5686321418892127, 0.975695136013454, 0.9278918145916958, 0.8653492385119858, 0.5705665443004638, 0.8402436539869098, 0.08110155853742569, 0.5980611999834227, 0.8134127665694039, 0.8543502940973078, 0.76874212737394, 0.9192816911850334, 0.955794733387597, 0.002564997186147796, 0.01095765630271041, 0.6380972173907747, 0.6967785914009774, 0.352053400510196, 0.9672413994216379, 0.973913293386447, 0.7824977688636148, 0.2624146725937585, 0.018274423149180857, 0.8165315529835252, 0.9710753146828449, 0.9540315933889418, 0.6072663503396494, 0.8916401911268815, 0.5194551771121744, 0.6180275275745531, 0.9141504481290392, 0.02442776942429664, 0.9741187395428372, 0.15333718032090998, 0.6315990587047483, 0.9574904526548341, 0.38233272493651527, 0.007889536062268734, 0.9805196652279814, 0.026891344955012154, 0.962938785535749, 0.8142423222754986, 0.445964724212629, 9.516294569622686e-05, 0.9192789210072116, 0.9431353280759318, 0.9532824350879051, 0.964279423704021, 0.9629640871984804, 0.8024805346247897, 0.10957206786705502, 0.37305210489610235, 0.9560883233741192, 0.01014594090687175, 0.8345739203495697, 0.0027348798596829728, 0.9115545524959681, 0.9756946369064277]"
Logistic Regression,26,6,"[1, 0, 0, 0, 1, 1, 1, 1, 0, 1, 0, 1, 1, 0, 1, 0, 1, 1, 1, 0, 0, 1, 1, 1, 1, 0, 1, 1, 1, 1, 1, 0, 1, 1, 0, 1, 1, 1, 0, 1, 1, 0, 1, 1, 1, 1, 0, 1, 0, 1, 1, 1, 0, 1, 1, 0, 0, 1, 0, 0, 1, 0, 0, 1, 0, 0, 0, 1, 1, 0, 1, 1, 1, 1, 1, 0, 1, 1, 0, 1, 0, 0, 1, 1, 0, 1, 1, 1, 0, 1, 1, 0, 0, 0, 0, 0, 1, 0, 1, 0, 1, 1, 1, 1, 1, 1, 1, 1, 1, 1, 0, 1, 0, 0, 0, 1, 1, 1, 0, 1, 0, 1, 0, 0, 0, 0, 1, 0, 1, 1, 1, 1, 0, 0, 1, 0, 0, 0, 0, 0, 1, 1, 0, 0]","[1, 0, 0, 1, 1, 1, 1, 1, 1, 1, 0, 1, 1, 0, 1, 0, 0, 1, 1, 0, 0, 1, 1, 0, 1, 0, 1, 1, 1, 1, 0, 0, 1, 0, 0, 1, 1, 1, 1, 1, 1, 0, 1, 1, 1, 0, 1, 1, 1, 1, 1, 1, 0, 1, 1, 0, 0, 1, 0, 1, 1, 0, 0, 1, 0, 0, 0, 1, 1, 0, 0, 1, 0, 1, 1, 0, 1, 1, 0, 1, 0, 0, 1, 1, 0, 1, 1, 1, 0, 0, 1, 0, 0, 0, 0, 1, 1, 0, 0, 1, 1, 0, 1, 1, 1, 1, 1, 1, 1, 1, 0, 1, 0, 0, 0, 1, 1, 1, 0, 1, 0, 1, 1, 1, 0, 0, 1, 0, 1, 1, 1, 1, 0, 0, 0, 0, 0, 1, 0, 0, 1, 1, 0, 0]","[0.9286586151183602, 0.016915146693246355, 0.04495129171352096, 0.5321743248638945, 0.6204478624323848, 0.8917719685906184, 0.8028610734251505, 0.9370066180150924, 0.9308269849901266, 0.8044192044167604, 0.03268526753837907, 0.985020852471582, 0.6311701547815761, 0.05503292734730779, 0.8802730765342376, 0.0014306614322118166, 0.29566221465337, 0.8191745084370445, 0.8932637368654832, 0.010711683684841846, 0.05484385329776596, 0.5414074501320807, 0.939974256545761, 0.2770227534228342, 0.9509181205433398, 0.010058866953595426, 0.8474636254661128, 0.6965089728526377, 0.9786381925131501, 0.9388393762050725, 0.18524750766917913, 0.155778735412672, 0.8340513261924462, 0.11875140705461183, 0.0004129129806814967, 0.8813531055368201, 0.6736732052660054, 0.879052706627201, 0.9347883403820407, 0.5387524745084369, 0.9304037887112873, 0.015108066599328396, 0.8372738389840306, 0.8343790851004548, 0.8557964729699693, 0.12440115583966253, 0.9284829108853937, 0.8609643513487804, 0.5097972308457718, 0.8047284718261286, 0.7297390318165919, 0.982346535329913, 0.0014863146005388184, 0.9336218668096237, 0.7309894013670183, 0.009018305298575719, 0.0023321741516417705, 0.9331293556366124, 0.05748256338323327, 0.7390642073019991, 0.7834393274338013, 0.0028137181417662847, 0.01059581625498077, 0.7139995958174171, 0.04305119189358114, 0.199204527221001, 0.051760377700026006, 0.8287604092608856, 0.9722928888361027, 0.0032344276574760456, 4.594440740707572e-06, 0.9204535047507023, 0.4959683024131007, 0.8880664062060344, 0.9984357727280746, 0.055680510645697505, 0.7751678675777186, 0.7364868276472814, 0.0001067485949634223, 0.9411007082645932, 0.43098752037284616, 0.005732985023291172, 0.9209088439660474, 0.9129231633183532, 0.3567140359049269, 0.9050021752507328, 0.9290365973080627, 0.8131473217721381, 0.08202006468733793, 0.3415431023635725, 0.7635002778894965, 0.002880134606601702, 0.02285838788175595, 0.015078925938913428, 0.03895166173106151, 0.5605154325834782, 0.8979673156072362, 0.029132766081204634, 0.4901777478522674, 0.803695310987347, 0.8666175662695186, 0.3742004081245727, 0.8779573575314371, 0.892999464852462, 0.6107445492320811, 0.8155156224229486, 0.970966648016791, 0.9122108306938123, 0.8663357221212767, 0.9360989074775168, 0.49937763095044463, 0.8454934884405007, 0.013946365238290518, 0.0032662495097785576, 0.0029100749857326265, 0.5036933035316619, 0.9320745333858432, 0.8354855472884821, 0.11828026629836035, 0.965129753175536, 0.0035373291695365784, 0.958221543182431, 0.665373485561266, 0.7177407342258545, 0.34355155024501466, 0.36241343194839204, 0.5716033200762823, 1.6481319754790042e-05, 0.7131176474370307, 0.9593280465792248, 0.9443076208494005, 0.7411827053011413, 0.10502938611888199, 0.4299518019770964, 0.06839775127001915, 0.06647351498224226, 0.14556886265191252, 0.520333566771413, 0.0036332805092991415, 0.21889494850430521, 0.8975568129841142, 0.6501193090469958, 0.11820624144875351, 0.01783960395202582]"
Logistic Regression,27,6,"[0, 1, 0, 0, 0, 1, 0, 1, 1, 0, 1, 1, 0, 0, 1, 1, 1, 1, 1, 1, 1, 0, 1, 1, 1, 1, 1, 1, 1, 0, 1, 1, 1, 1, 0, 0, 0, 0, 1, 1, 0, 0, 1, 1, 1, 0, 1, 1, 0, 1, 1, 0, 0, 0, 1, 1, 1, 0, 1, 1, 0, 0, 1, 1, 0, 1, 1, 1, 1, 0, 0, 1, 1, 1, 1, 1, 1, 1, 1, 0, 0, 1, 1, 1, 1, 1, 1, 0, 1, 1, 0, 0, 0, 1, 1, 0, 0, 1, 1, 0, 0, 0, 1, 1, 0, 1, 1, 1, 0, 1, 0, 1, 0, 1, 0, 0, 0, 0, 1, 1, 1, 1, 0, 1, 1, 1, 0, 0, 1, 0, 0, 0, 1, 1, 1, 1, 1, 0, 0, 1, 1, 1, 1]","[1, 1, 0, 0, 1, 1, 0, 1, 1, 1, 1, 1, 0, 0, 1, 1, 0, 1, 1, 1, 1, 0, 1, 1, 1, 1, 1, 1, 1, 0, 1, 1, 1, 1, 0, 0, 0, 0, 1, 1, 0, 0, 1, 1, 1, 1, 1, 1, 1, 1, 0, 0, 0, 0, 1, 1, 0, 0, 1, 1, 0, 0, 0, 1, 1, 1, 1, 0, 1, 0, 0, 1, 0, 1, 1, 1, 1, 1, 1, 0, 0, 1, 1, 1, 1, 1, 1, 0, 1, 0, 1, 0, 0, 1, 1, 0, 1, 0, 1, 1, 0, 1, 1, 1, 0, 1, 1, 1, 1, 1, 1, 1, 1, 1, 0, 0, 0, 0, 1, 1, 1, 1, 1, 1, 1, 0, 1, 0, 1, 0, 0, 1, 1, 0, 1, 1, 0, 1, 0, 1, 0, 1, 1]","[0.6309351898008503, 0.9705445849688226, 0.3178991777989282, 0.14451399955937527, 0.9296754979309849, 0.9720699678879419, 0.0037406249080748698, 0.9000540608415464, 0.899229570238431, 0.962161462894152, 0.743694173215586, 0.5596078169358137, 0.29168677872487686, 0.021135617496012653, 0.5343310549814282, 0.9514453981004715, 0.2907111373404988, 0.9609951963466937, 0.9145751409480323, 0.8556527657668721, 0.7230303366852655, 0.10801987430961123, 0.7646073061996247, 0.9303932194376318, 0.8723342027114015, 0.9219419515957472, 0.6688882788063203, 0.9723493542142781, 0.8500545856754653, 0.039218518642369145, 0.8630937974263285, 0.8986636194304058, 0.9399258246933759, 0.7570856608620008, 0.4722025999601171, 0.03240969123699252, 0.3354927660542642, 0.003940676479147026, 0.7509942090251375, 0.959437184617228, 0.3641012267993343, 0.37421840173507814, 0.7591727907187061, 0.7760712826829793, 0.8438729413568995, 0.6352325325737922, 0.8639487107085371, 0.6801371938050914, 0.9668002275858063, 0.955182374324521, 0.09695380417843819, 0.011853951538844306, 0.2486040275984531, 0.003485430601269858, 0.8490022848564447, 0.8377622639078656, 0.32291998537125, 0.2945642995662224, 0.9355877000365335, 0.9199136569962784, 0.24096464601280726, 0.28924518982587083, 0.36745450146781417, 0.9277352942268337, 0.599715761801781, 0.9674800676038361, 0.8514556209617666, 0.2999874763467784, 0.8843281836790311, 0.03627859030199058, 0.09727730713962572, 0.9684370663478422, 0.16062725324274982, 0.701653640765808, 0.9787070106430499, 0.9113721444953445, 0.9605195947434348, 0.5956201470650662, 0.6675172147370227, 0.061508645337035255, 0.06331111212185554, 0.9192558622520179, 0.9409414138076497, 0.8486737342532303, 0.8953634322576426, 0.9875267335156245, 0.9011212585569153, 0.0008796503242585546, 0.9061915246604644, 0.26586546657991994, 0.5053724885342631, 0.20276260466776444, 0.004378167124754213, 0.9651965260919816, 0.962997624227594, 0.06526435073898139, 0.9077270297985878, 0.4248154419666386, 0.9446467261866117, 0.7158090153409001, 0.061694141592303124, 0.7135391075581033, 0.8698204899788692, 0.9336672640487221, 0.393282988161015, 0.9819783125729703, 0.9883869373258285, 0.7822326665870566, 0.9244004595318996, 0.9599258842952768, 0.8189519699497201, 0.8574104673005071, 0.800717528513701, 0.9162654872869046, 0.25666169681892737, 0.05360186973946266, 0.15444434572728227, 0.21455677852785265, 0.52629244732482, 0.9310186850583431, 0.8572226793182952, 0.9760529707424446, 0.7513296980195854, 0.9189568237798007, 0.9717160628422786, 0.2936380956789322, 0.953421389581052, 0.3118354730344935, 0.7682605894834673, 0.4014295790447577, 0.24470619871589291, 0.7481550317933741, 0.7658643801885987, 0.35279911037298206, 0.9629974752028865, 0.970231920855977, 0.47368249191913403, 0.8877506919209596, 0.1632038903334056, 0.9616660063293911, 0.4944956942729262, 0.9605473361635157, 0.6162596508522963]"
Logistic Regression,28,6,"[1, 0, 1, 1, 1, 1, 1, 0, 0, 1, 0, 1, 1, 1, 1, 0, 1, 1, 1, 1, 0, 1, 0, 0, 1, 1, 0, 0, 1, 0, 0, 1, 1, 0, 0, 1, 0, 1, 0, 1, 1, 0, 1, 0, 1, 1, 1, 1, 1, 1, 0, 1, 0, 1, 1, 1, 1, 1, 0, 1, 1, 1, 0, 0, 0, 1, 1, 0, 1, 1, 1, 0, 1, 0, 1, 1, 1, 1, 1, 1, 1, 1, 1, 1, 0, 1, 1, 1, 1, 1, 1, 1, 0, 1, 1, 0, 1, 1, 0, 0, 1, 1, 1, 1, 1, 1, 0, 1, 1, 0, 0, 0, 1, 1, 1, 1, 0, 0, 0, 0, 1, 1, 0, 0, 1, 1, 0, 0, 0, 1, 0, 1, 1, 0, 1, 0, 0, 1, 1, 0, 1, 0, 1]","[1, 0, 1, 1, 1, 1, 1, 0, 0, 1, 0, 1, 1, 1, 1, 0, 1, 0, 1, 1, 0, 1, 0, 0, 1, 1, 0, 0, 1, 0, 0, 1, 1, 0, 0, 1, 0, 1, 0, 0, 1, 1, 0, 0, 0, 1, 1, 1, 1, 1, 0, 1, 0, 1, 1, 1, 0, 1, 0, 1, 1, 1, 1, 0, 0, 0, 0, 0, 1, 1, 1, 0, 1, 0, 1, 1, 1, 1, 1, 1, 1, 0, 1, 1, 0, 1, 1, 1, 1, 1, 1, 1, 1, 1, 0, 0, 1, 1, 1, 1, 1, 1, 1, 1, 1, 1, 0, 1, 1, 1, 1, 1, 1, 1, 1, 1, 1, 0, 0, 0, 1, 1, 0, 0, 1, 1, 0, 0, 0, 1, 0, 1, 1, 1, 1, 1, 0, 1, 1, 0, 1, 0, 1]","[0.8256943611687184, 0.1950463023681976, 0.7901620669612958, 0.6660517737876381, 0.9720376708689348, 0.9274324308394725, 0.8869371879341355, 0.0051698064164602585, 0.18039738688565587, 0.7169954174853234, 0.394974421286576, 0.7100441296905876, 0.7730569411670414, 0.969130658715627, 0.9762290098933116, 0.007129505557832389, 0.6073380098426672, 0.2540477217081932, 0.845881089657201, 0.6268761706342765, 0.026567419817834014, 0.6253120476324575, 0.14854975554324082, 0.07226188841467729, 0.9263064109448308, 0.8416605248253507, 0.21023457496184658, 0.026159614465817493, 0.9497409901510717, 0.020585653278230597, 0.4544063175089564, 0.725457333143258, 0.9726819587500992, 0.17507721182691943, 0.015428677150388365, 0.850765893086801, 0.25710278338059983, 0.9826840127376623, 0.34978673051208464, 0.40634143890066876, 0.9780492087202839, 0.7565985426956368, 0.4446543897109917, 0.37803390067067894, 0.10415436627783758, 0.7787983572230528, 0.7618665438711781, 0.9164066396258184, 0.9801128186042402, 0.9422000264877605, 0.05687801345292707, 0.9445886942339645, 0.07844017439656492, 0.7807283738963977, 0.9576368067506245, 0.7572484384419025, 0.3439051323343032, 0.9727194561196811, 0.00972360457870396, 0.9410679565587258, 0.9224658870678969, 0.5334235143319161, 0.6436411044304948, 0.022115448196668903, 0.002596080593694024, 0.1835039785020697, 0.31165821775152425, 0.49269851242845697, 0.9370561778993208, 0.7534687310238515, 0.891011480459056, 0.38811255438794595, 0.9538120759595394, 0.02120397717226075, 0.8374938386809923, 0.981895522062694, 0.9299208821009975, 0.891055242298536, 0.7967451781367212, 0.6859202343585218, 0.5471972033551767, 0.12353463949635031, 0.7256149382229007, 0.8151003610553175, 0.032117914935789776, 0.7491283441213922, 0.8890587961679347, 0.8871158980217915, 0.604804921440325, 0.8858544624707472, 0.9214850542569238, 0.9484533431748482, 0.802062623979382, 0.9201004532223818, 0.029266467110438017, 0.007258520139150742, 0.9212775430038151, 0.9131583771922526, 0.5126393222883264, 0.989850705291743, 0.9668814876963165, 0.7977792883978918, 0.7379337005796627, 0.742866201696897, 0.8265098626387478, 0.9672011923002799, 0.012372869979820704, 0.8825842166763186, 0.9784802181580273, 0.7797566801287293, 0.8282053383180977, 0.8138978949850824, 0.9387171284062209, 0.908749947193, 0.9172184594378067, 0.9468032982757514, 0.5089145405362493, 0.35268576786920636, 0.012037200278258716, 0.2023192374324593, 0.8293207812432962, 0.9781537581265818, 0.028171949589797973, 0.04584649782140891, 0.6417707991908824, 0.939110275393694, 0.008102111171400028, 0.09472375604137302, 0.41910302096961327, 0.9388855188210394, 0.00020715141749256643, 0.9712994828606945, 0.943420609992931, 0.5185319928369824, 0.821691899913421, 0.6231031994137063, 0.18739461622310497, 0.8374131752527881, 0.9525195880384026, 0.0019933886204261436, 0.5411640693257737, 0.009672756386271, 0.9637201919519426]"
Logistic Regression,29,6,"[1, 1, 0, 1, 1, 1, 1, 1, 0, 0, 1, 0, 1, 1, 1, 1, 0, 1, 0, 1, 1, 1, 1, 1, 1, 0, 1, 1, 1, 1, 0, 1, 1, 1, 0, 0, 1, 0, 1, 1, 1, 1, 0, 1, 0, 0, 0, 1, 0, 1, 1, 1, 0, 1, 1, 0, 1, 1, 1, 1, 1, 1, 1, 0, 0, 1, 0, 0, 1, 1, 0, 1, 1, 1, 1, 1, 1, 0, 0, 0, 1, 1, 1, 1, 1, 1, 1, 0, 1, 1, 0, 0, 1, 0, 1, 1, 1, 0, 1, 1, 1, 1, 0, 0, 0, 1, 1, 1, 1, 1, 1, 1, 1, 0, 1, 1, 0, 1, 1, 1, 0, 1, 1, 0, 1, 1, 1, 1, 0, 1, 0, 0, 1, 0, 0, 1, 1, 1, 1, 1, 0, 1, 1]","[1, 1, 1, 0, 1, 1, 1, 1, 1, 0, 1, 0, 1, 1, 0, 1, 0, 1, 0, 0, 1, 1, 1, 1, 1, 0, 1, 0, 0, 1, 0, 1, 1, 1, 0, 1, 1, 0, 0, 1, 1, 1, 1, 1, 0, 0, 0, 1, 0, 1, 1, 0, 0, 1, 1, 0, 1, 0, 1, 1, 1, 1, 1, 0, 0, 1, 0, 0, 0, 1, 0, 1, 1, 0, 1, 1, 1, 0, 0, 0, 1, 1, 1, 1, 1, 1, 1, 0, 1, 1, 0, 0, 0, 0, 1, 0, 1, 0, 1, 1, 1, 0, 0, 0, 0, 1, 0, 1, 0, 1, 1, 1, 0, 0, 0, 0, 0, 1, 1, 1, 1, 1, 1, 1, 1, 1, 1, 1, 0, 1, 0, 0, 0, 0, 0, 0, 1, 1, 1, 1, 0, 1, 1]","[0.9133921138484299, 0.9656289178882912, 0.8364433226153717, 0.22455901962155086, 0.8511586760001638, 0.9652306220900653, 0.7911852122830114, 0.9783356762635703, 0.6974408840635019, 0.03609583615139447, 0.7915431019314448, 0.060482211153420985, 0.8833595659444002, 0.917125498440437, 0.052743971933843864, 0.74987558276628, 0.1604762105783883, 0.9339937570517732, 0.0023713498780991355, 0.15871341745281964, 0.8017442643764561, 0.9775309217277004, 0.9894799206134879, 0.9365196973531202, 0.9706018545347868, 0.005792343928436814, 0.9690881594194521, 0.29337662290677124, 0.4890405333124055, 0.9444640007303662, 0.009447324340084636, 0.8693699330323508, 0.871959428058778, 0.5509995568838804, 0.010121252124906749, 0.6485701958608238, 0.9223751665716896, 0.4436265299983573, 0.005649393446729798, 0.8988958858525745, 0.9534017871231362, 0.9879066231160106, 0.874359649869423, 0.6663064189673185, 0.0005832266682333759, 0.0006501816255686549, 0.24752950082328623, 0.984988928791863, 0.1910805690928681, 0.6708530537123601, 0.702801325720169, 0.4759497890347164, 8.725668005193167e-08, 0.8053315782093756, 0.8250202853016443, 0.0019855241727879352, 0.6552863765043445, 0.014311848838038748, 0.8133406370501998, 0.91796794359444, 0.649897563204061, 0.5321045341333865, 0.9400614331229765, 0.02498663609444748, 0.061183351269369204, 0.9763595067592418, 0.09029835094197497, 0.024344677904550957, 0.495168112834126, 0.8674889293707188, 0.19495320158139884, 0.6633691782379588, 0.9759384395079694, 0.4496494456508139, 0.5920797833446835, 0.9513770018398578, 0.9155139076100489, 0.2558670072812978, 0.26734901231097197, 0.058766287112362564, 0.529077161362847, 0.8981824601203788, 0.9321490107624286, 0.9307653819264303, 0.8595071114517588, 0.8874372462325075, 0.8644544007792744, 0.008671919275117256, 0.8343989259601838, 0.6758934217215714, 0.03158898845470621, 0.030940169157265943, 0.41800427460809275, 0.01351895259225378, 0.9572448597251033, 0.38821577796210466, 0.9733144779704999, 0.006612870049159371, 0.5836147422000091, 0.9548457176347477, 0.5857031715386338, 0.2061509154519809, 0.14131822329561536, 0.0013401821964293171, 0.0010541009647920489, 0.9158249350563566, 0.34068780601123533, 0.9599671075684956, 0.13501809448885638, 0.9133739310429323, 0.7287715757935392, 0.6790571365433665, 0.17281955761500556, 0.014782953151890004, 0.4296600882910728, 0.11670132025785021, 0.1946678488730398, 0.8981250091417405, 0.7182869395331685, 0.9604581015470267, 0.59118614301324, 0.9393476186681384, 0.9237559056480567, 0.5970444152513336, 0.9336566800682389, 0.9402385132792813, 0.9667280238663802, 0.9902833631856371, 0.00814370808199085, 0.9826237179929774, 0.023741276558388036, 0.436117941307151, 0.4927352675922415, 0.005683849969159811, 0.028913249341803036, 0.3764506351883293, 0.9142180446663194, 0.9363145148690198, 0.5337180574069106, 0.9564114426306242, 0.008042847007109933, 0.890269103621444, 0.9310755471564927]"
Logistic Regression,30,6,"[0, 1, 1, 1, 0, 0, 1, 1, 1, 1, 0, 1, 1, 1, 0, 0, 0, 1, 1, 1, 1, 1, 1, 1, 1, 0, 0, 0, 1, 1, 1, 1, 1, 0, 0, 1, 1, 1, 0, 0, 1, 1, 0, 1, 1, 1, 0, 1, 1, 0, 0, 0, 0, 0, 0, 1, 1, 1, 1, 0, 1, 1, 0, 1, 1, 1, 1, 1, 1, 1, 1, 1, 0, 1, 1, 1, 0, 1, 0, 1, 1, 0, 1, 1, 0, 1, 1, 1, 1, 0, 1, 1, 0, 1, 0, 1, 0, 1, 1, 1, 1, 1, 1, 1, 1, 1, 1, 1, 1, 0, 1, 1, 0, 1, 0, 1, 1, 1, 1, 1, 0, 1, 0, 1, 0, 1, 0, 1, 1, 1, 0, 1, 0, 1, 1, 1, 1, 0, 0, 1, 1, 0, 0, 1]","[0, 1, 1, 1, 0, 0, 1, 1, 0, 1, 0, 1, 1, 1, 0, 0, 0, 1, 1, 1, 1, 1, 1, 0, 1, 0, 0, 1, 1, 1, 1, 1, 1, 1, 0, 0, 1, 1, 0, 1, 1, 1, 0, 1, 1, 1, 0, 0, 1, 1, 0, 0, 0, 0, 0, 1, 1, 1, 1, 0, 1, 1, 1, 1, 1, 1, 0, 1, 1, 0, 0, 1, 0, 1, 1, 1, 1, 1, 0, 1, 1, 0, 1, 1, 0, 1, 1, 1, 1, 0, 1, 1, 1, 1, 1, 1, 0, 0, 0, 1, 1, 1, 1, 0, 1, 1, 1, 1, 1, 0, 1, 1, 0, 1, 0, 1, 0, 1, 1, 1, 0, 1, 0, 1, 0, 0, 0, 1, 1, 1, 0, 1, 0, 1, 1, 1, 1, 1, 0, 1, 1, 0, 0, 0]","[0.3419768546727124, 0.9811609086694356, 0.8407776524463263, 0.920946873362055, 0.10825160735617326, 0.03701839674095437, 0.8309374323009464, 0.5441753798668447, 0.28058905851646493, 0.8955616680506489, 0.008361913781190349, 0.9658729177459324, 0.7328855605565519, 0.9694201411425099, 0.12057172491601312, 0.3222835984915857, 0.09627654005852046, 0.7648354198136964, 0.5698904124048029, 0.5544128488969531, 0.7301150312268798, 0.8823921634252904, 0.6328376562844426, 0.4377259359913712, 0.8535034947482649, 0.06461310538344607, 0.1159847788374323, 0.6154345844377486, 0.6553799080970851, 0.7246187060049007, 0.9133687514241912, 0.9492437837822, 0.9504861052669125, 0.8061491301109461, 0.3538983864692227, 0.33194520447850523, 0.9533135157505519, 0.7905175341493643, 0.045963602745427705, 0.8652012566080844, 0.9679511510126275, 0.6473596097686882, 0.4249777276010849, 0.8669869682363798, 0.8206160265804412, 0.8114990957595093, 0.14131839967967919, 0.14450714395757475, 0.6516677777413538, 0.9533430113328297, 0.04945415212919507, 0.05632205042103378, 0.11554189376702871, 0.024902802165323524, 0.10504423258558258, 0.9327896455280015, 0.5213907041037046, 0.7120084382401304, 0.7478397594488687, 0.016830412361033657, 0.8924632327830717, 0.9059006573890409, 0.8040675601319484, 0.9706344089473157, 0.9750635331424828, 0.8438788346576208, 0.339916395112426, 0.9297817373637272, 0.8592376777594024, 0.43975990004868615, 0.13285731530129727, 0.9875403747191835, 0.037252299131384906, 0.9816901962398807, 0.974061005182195, 0.6439071265642311, 0.9434786110255121, 0.8496733752925223, 0.0005967486656082587, 0.7797983474229104, 0.8945642580672541, 0.07622374961108527, 0.7716550074822529, 0.966175747170537, 0.009142620189447954, 0.9755263560889995, 0.9374382517186078, 0.5978825932108452, 0.7259819294712984, 0.09670285661555623, 0.7184114347438425, 0.7776398281145059, 0.9690171627850938, 0.7786064874042039, 0.9354085172355475, 0.9682381550042641, 0.09353804071158235, 0.3070164043606587, 0.43574801642196703, 0.5849991503877939, 0.9677772339995613, 0.8570680270268064, 0.6351011244417202, 0.012890374816972389, 0.9435601258413302, 0.6522521356375693, 0.7027157470194696, 0.9320352203251056, 0.5515662383339862, 0.08126273325935213, 0.7112985492297184, 0.8851457134632623, 0.02862953344233066, 0.8456286637887526, 0.2130035609589647, 0.9722815008894223, 0.49281841449933045, 0.8574693591146193, 0.5619126524278643, 0.8962671657199405, 0.2364520023018848, 0.9311010123084519, 0.027545223573163073, 0.9661037586135323, 0.12152212595960112, 0.3183317045704753, 0.16140139747431562, 0.8963384002116237, 0.8699659455129017, 0.8984777450525865, 0.1726672994704507, 0.686680556343824, 0.03935712977988737, 0.9502234903882579, 0.9882152749180675, 0.9683367940758038, 0.6803950718308984, 0.7469849529612221, 0.10940434950486005, 0.9848559792558568, 0.6589313742473153, 0.13730613806596687, 0.00583276204694895, 0.06722334588214197]"
Logistic Regression,31,7,"[1, 1, 1, 0, 1, 1, 1, 1, 1, 0, 1, 1, 1, 1, 1, 1, 1, 0, 1, 0, 1, 1, 1, 0, 1, 1, 1, 0, 1, 1, 1, 1, 1, 0, 1, 1, 1, 1, 0, 1, 1, 0, 1, 1, 1, 1, 0, 1, 1, 0, 0, 0, 0, 1, 1, 0, 0, 0, 0, 1, 0, 1, 1, 1, 0, 1, 1, 1, 1, 1, 1, 1, 1, 1, 0, 1, 1, 1, 1, 1, 1, 1, 1, 1, 1, 0, 0, 1, 1, 0, 0, 0, 1, 0, 1, 0, 1, 1, 1, 1, 0, 1, 1, 0, 1, 0, 1, 0, 0, 1, 1, 0, 0, 1, 1, 1, 1, 0, 0, 0, 1, 0, 0, 0, 0, 1, 0, 0, 1, 1, 0, 1, 0, 0, 1, 1, 0, 1, 1, 0, 1, 0, 1]","[1, 1, 1, 0, 1, 1, 1, 1, 1, 0, 1, 1, 1, 1, 1, 1, 1, 0, 1, 0, 1, 1, 0, 0, 1, 0, 1, 0, 1, 1, 0, 1, 1, 0, 1, 1, 1, 1, 1, 1, 1, 1, 1, 1, 1, 1, 0, 1, 1, 0, 0, 1, 0, 1, 1, 0, 0, 1, 0, 0, 0, 1, 1, 0, 0, 1, 1, 1, 1, 1, 1, 1, 1, 1, 0, 1, 1, 1, 1, 1, 1, 1, 1, 1, 1, 0, 0, 1, 1, 0, 0, 1, 0, 0, 1, 0, 1, 1, 1, 1, 1, 1, 1, 1, 1, 0, 1, 1, 0, 1, 1, 0, 0, 1, 1, 1, 1, 0, 0, 1, 1, 1, 1, 1, 0, 1, 0, 0, 1, 1, 0, 1, 1, 0, 1, 1, 0, 1, 1, 0, 1, 0, 1]","[0.9706807124489458, 0.8295754294976692, 0.9428160305831365, 0.016273870151826138, 0.7588916585555829, 0.6848845759381593, 0.7732203608711992, 0.9601594513689923, 0.8860921322718309, 0.15841859012785636, 0.7300138332466496, 0.8803075954568014, 0.9100243513800828, 0.8786111883060709, 0.97545228533109, 0.64989614448014, 0.7885299443931487, 0.13115162908023645, 0.94910070485151, 0.002741499304690732, 0.9934447975877104, 0.934525146034928, 0.17469344864362105, 0.06335617962743559, 0.9805161742323979, 0.2772453552508514, 0.9084802704114235, 0.018905597749904166, 0.8606547132759149, 0.9325520907070853, 0.13656927353592005, 0.9438965273289736, 0.7856513761160059, 0.2853788629666501, 0.9864285648924834, 0.8826378702748988, 0.6389701322247685, 0.8965546915851703, 0.8058995404236655, 0.9934406691993298, 0.9429569998241888, 0.563466213288547, 0.8289540571951294, 0.7843474071887493, 0.7182576604694485, 0.9810800859525896, 0.011017616695298254, 0.7918430062271646, 0.960066483425098, 0.04581607923960668, 0.051405419051883866, 0.6461469429695168, 0.24472082127987022, 0.7339210830469111, 0.7461271343390425, 0.041516199797654814, 0.00484765825973152, 0.8865414278553946, 0.11624788154730208, 0.29149235227223863, 0.030506371233661917, 0.9678535418673249, 0.8158969636111938, 0.25140246844226327, 0.010975736818898973, 0.9680082306802694, 0.8056948552270885, 0.9689556588392313, 0.8502210340996773, 0.9439127308225086, 0.6235228289662034, 0.9786597625763784, 0.6690508786722763, 0.9143130143168046, 0.043893643722325265, 0.8008713643546463, 0.7581860421136033, 0.9660253640226892, 0.8908585744622244, 0.8402178246274183, 0.9442046795347216, 0.9246977823357759, 0.8540987092901984, 0.8322971353480704, 0.8098838315874752, 0.450287061591149, 0.15899090954974768, 0.9068362457232159, 0.9662172240310777, 0.11464238703734307, 0.020538131149198877, 0.5204260197853107, 0.4545637312982581, 0.0235310586128284, 0.583465213692552, 0.004775320889711127, 0.8557035774220372, 0.761020233929002, 0.5268361244251543, 0.9015340448551942, 0.7391886985782592, 0.9796406376364915, 0.7964921837325694, 0.8992216314825814, 0.8574341161529955, 0.20010600575083448, 0.9217324584569805, 0.7800635253626187, 0.23062586031124338, 0.6280170432540805, 0.9319944604387005, 0.018208070046150864, 0.016613183416313775, 0.8789595049677476, 0.9735062526191571, 0.9749118669459085, 0.9766511803245399, 0.0278441374479258, 0.05552278794272672, 0.6401735074127187, 0.6539800094473052, 0.7731908738147548, 0.5117897170914695, 0.84076080974829, 0.3525422743899751, 0.774504609547716, 0.00935567248665358, 0.005462810386713515, 0.6208977309252315, 0.9622113998458529, 0.25719070568996366, 0.9694452864736761, 0.6817926041768178, 0.08509222010933208, 0.982866628829876, 0.952697487063638, 0.042387963406861, 0.8559480151738681, 0.8350580702630743, 0.03348572188537691, 0.5179435835969745, 0.10373951058912215, 0.9689836127226875]"
Logistic Regression,32,7,"[0, 1, 0, 1, 1, 0, 0, 1, 0, 1, 0, 1, 1, 0, 1, 1, 1, 1, 0, 1, 0, 1, 1, 1, 1, 1, 1, 0, 0, 1, 0, 1, 1, 1, 0, 0, 0, 0, 0, 1, 0, 1, 1, 1, 1, 1, 0, 0, 1, 1, 1, 0, 0, 0, 1, 0, 0, 0, 1, 1, 0, 0, 0, 0, 1, 1, 1, 1, 1, 1, 1, 1, 0, 1, 1, 1, 0, 1, 1, 0, 1, 0, 0, 1, 0, 0, 1, 0, 0, 1, 1, 0, 0, 0, 1, 1, 0, 1, 0, 0, 1, 1, 1, 0, 0, 1, 0, 0, 1, 1, 1, 0, 1, 1, 1, 1, 1, 0, 1, 0, 0, 1, 1, 1, 1, 0, 1, 0, 1, 0, 0, 1, 0, 0, 0, 0, 1, 0, 0, 1, 1, 1, 1]","[1, 1, 0, 1, 1, 0, 1, 1, 0, 0, 0, 0, 1, 0, 0, 1, 1, 1, 0, 1, 0, 1, 1, 1, 1, 1, 1, 0, 0, 0, 0, 0, 1, 1, 1, 0, 0, 0, 1, 1, 0, 1, 1, 1, 1, 1, 1, 0, 1, 0, 1, 0, 0, 0, 1, 0, 0, 0, 1, 1, 0, 0, 0, 0, 1, 1, 0, 1, 1, 1, 1, 0, 0, 1, 1, 1, 0, 1, 1, 0, 1, 0, 0, 1, 0, 0, 1, 0, 0, 0, 1, 1, 0, 0, 1, 0, 0, 1, 0, 1, 0, 0, 1, 0, 1, 1, 0, 1, 1, 0, 1, 0, 1, 1, 1, 1, 1, 1, 1, 0, 1, 1, 1, 1, 1, 1, 1, 0, 1, 0, 1, 1, 0, 0, 0, 0, 1, 0, 0, 1, 1, 1, 1]","[0.8723609820277879, 0.9742952386325121, 0.0033467319987843425, 0.9653910708499719, 0.8772738496192932, 0.4353995170409978, 0.954734317893063, 0.895228906876972, 0.2958904911349199, 0.41973826638613837, 0.04389384648867524, 0.24549886864642392, 0.6644655865454345, 0.007815359740534527, 0.2817169540828531, 0.9042623355980037, 0.5897048126660536, 0.8526845433040524, 0.009661979737280939, 0.6317253605187908, 0.1386948983860647, 0.9541847030571459, 0.6584974439779452, 0.901411478718335, 0.6429078614405197, 0.9754242936832767, 0.8360271593262785, 0.00708651226543793, 0.13818466404785143, 0.4359467445299131, 0.02702060026180088, 0.4586305728985761, 0.9308307749748511, 0.8492177149869666, 0.7521225070986635, 0.4244507145429565, 0.034492722313835045, 0.29221442745368775, 0.652329789957075, 0.8758510882747514, 0.3009290181060271, 0.7350584981100553, 0.7353213301539734, 0.6244244358739305, 0.864753259607012, 0.8890829893566253, 0.6843380465962464, 0.42323596981910167, 0.9286533093391494, 0.09137564263148548, 0.6296196712111725, 0.054308530597267424, 0.23071055876909666, 0.014730383042046567, 0.6225586951976442, 0.09207974565121194, 0.013256575881853442, 8.294803994906259e-07, 0.6174481814890774, 0.770656951728267, 0.020391230939465398, 0.001001239978201938, 0.2842033465054823, 0.10535570531755234, 0.9308385438327293, 0.7621051651461503, 0.3134458067669562, 0.9449024497560693, 0.527089809200618, 0.9342294597143558, 0.7471701242650598, 0.08606983084103755, 0.028031840515827588, 0.9274134446128832, 0.9053498256394046, 0.9294464986942009, 0.04884527390422054, 0.6930670984657114, 0.6901483751831534, 0.009024446684975693, 0.880989914090059, 0.03539108949554558, 0.035678435021161484, 0.742647628438253, 0.008979603542418307, 0.0010262454544761827, 0.7211513682194788, 0.0036921970415320637, 0.3144834964989791, 0.22372294740497772, 0.9141670128018597, 0.5050101912472057, 0.1844020884763519, 0.004077095692922735, 0.9603443438384495, 0.40766266855095223, 0.002805728201975925, 0.8987667221162641, 0.01187064676216291, 0.9871722898272728, 0.31555637459514607, 0.22824438298572475, 0.9414591272118794, 0.10605274222817099, 0.6661571218007872, 0.8089397183760496, 0.0011997342594368405, 0.7401838981345712, 0.9493710212279216, 0.4303603738329383, 0.8657239533566891, 0.012305833173728882, 0.8620236893817177, 0.6690153702072883, 0.7292247580651895, 0.9866088498590571, 0.9784735887267171, 0.8323259138106444, 0.9807203883016505, 0.18348792878948408, 0.5758411871260226, 0.9164403628586034, 0.9553622733381335, 0.9532037561609377, 0.6121435137544353, 0.6273821130234645, 0.9338427916959064, 0.0006197616203786104, 0.8846483674151807, 0.13573466269337556, 0.5341661506246328, 0.9662810146956182, 0.011126936988388802, 0.2710330295634198, 0.11566024227571724, 0.3661744339729357, 0.9188132330061056, 0.13770935989476418, 0.29151447991075796, 0.9485888119718715, 0.9333406429985612, 0.9360559776712413, 0.6539993541323313]"
Logistic Regression,33,7,"[1, 0, 0, 0, 0, 1, 1, 1, 1, 1, 0, 1, 1, 0, 1, 0, 0, 1, 0, 1, 1, 1, 1, 1, 1, 1, 1, 1, 1, 1, 1, 0, 1, 1, 0, 0, 0, 1, 1, 1, 1, 0, 1, 0, 1, 0, 1, 1, 1, 0, 1, 1, 1, 0, 0, 1, 1, 1, 0, 1, 1, 1, 0, 0, 1, 1, 0, 1, 0, 1, 1, 1, 1, 1, 0, 1, 0, 1, 0, 1, 0, 1, 1, 1, 0, 1, 0, 1, 0, 1, 0, 1, 0, 1, 1, 1, 1, 1, 1, 1, 1, 1, 1, 1, 1, 1, 1, 1, 1, 1, 0, 1, 1, 1, 0, 0, 0, 1, 1, 0, 0, 0, 1, 1, 1, 0, 0, 0, 1, 1, 1, 1, 1, 0, 1, 1, 1, 0, 1, 0, 1, 0, 1, 0]","[1, 1, 0, 0, 0, 1, 1, 1, 1, 1, 1, 1, 1, 0, 1, 1, 0, 1, 0, 1, 1, 1, 0, 0, 1, 1, 1, 0, 1, 1, 1, 0, 1, 1, 0, 0, 0, 1, 1, 0, 1, 1, 1, 0, 1, 0, 0, 0, 1, 1, 1, 1, 1, 0, 0, 1, 1, 1, 0, 1, 1, 1, 0, 0, 1, 1, 0, 1, 0, 1, 0, 1, 1, 1, 1, 1, 0, 1, 0, 1, 0, 1, 1, 1, 0, 1, 0, 1, 1, 1, 0, 0, 0, 1, 1, 1, 1, 1, 0, 1, 1, 1, 1, 1, 1, 1, 1, 1, 0, 1, 0, 1, 1, 1, 0, 0, 0, 0, 1, 0, 0, 0, 0, 1, 1, 0, 0, 0, 1, 1, 1, 1, 1, 0, 1, 0, 1, 0, 1, 0, 1, 0, 1, 0]","[0.9262110117178907, 0.5822052055729178, 0.05453225420756659, 0.43326507309374923, 0.14915221463154424, 0.8312849598964557, 0.5721579377632452, 0.8997612664896363, 0.9169091944436278, 0.9772695460904222, 0.944953947230852, 0.7927141171975975, 0.7615708563107979, 0.01176669593634208, 0.9848415605934342, 0.6705065404406172, 0.03536995646408952, 0.7395539227335071, 0.07929160364263772, 0.7637085418417288, 0.9074312529793651, 0.9824978058477006, 0.033835333402153694, 0.2307091922878227, 0.6237409842525486, 0.8600126653800518, 0.674879271517866, 0.1790429669315427, 0.8147819705067132, 0.9746010458090925, 0.7552347341041087, 0.011987534164729564, 0.8151456073883891, 0.8836345145648337, 0.17798633343866793, 0.4985742362848688, 0.3412748471148196, 0.53606422399008, 0.6537096540150431, 0.4146552939108114, 0.950255530841566, 0.6245593397175558, 0.9058294790597688, 0.011862218838223484, 0.6813384010387589, 0.27121658046258484, 0.21057711472146987, 0.009759034762202206, 0.6189949760941342, 0.8379913712213104, 0.828947535990671, 0.9772834174539894, 0.7908783310671212, 0.038693494886793994, 0.0007962930650056209, 0.9558572066398152, 0.7650681855768713, 0.8038216889544431, 0.0053847744438348735, 0.8389339322562969, 0.9541874984284506, 0.7663227010519097, 0.23225481141184307, 0.011345607179230546, 0.9336876870730976, 0.5423444946187318, 0.015874140805790114, 0.9824167807302877, 0.0733098149728669, 0.948548452382712, 0.46997483839348336, 0.6807029368535323, 0.9343786317444867, 0.959325722747089, 0.877664169625263, 0.8789907212658025, 0.05829181790327161, 0.9645915098786212, 0.3527737800932581, 0.850499732620127, 0.043801415924094804, 0.971427414188081, 0.9228059330290896, 0.8835412635338381, 0.033220184552102065, 0.8412918631669231, 0.0004442871665253449, 0.901782459799221, 0.8477228119401841, 0.9370232788625877, 0.03300855471514653, 0.019934135141267118, 0.0034053105238572223, 0.980835408366572, 0.8086664962207938, 0.9676273970978873, 0.9679172401573363, 0.7522982647305809, 0.0070842402886157054, 0.874759460421577, 0.9661876524652084, 0.6975827642237434, 0.6636933690942227, 0.7832870166195945, 0.965458143021498, 0.7940214015171255, 0.6387683564212432, 0.878079390521708, 0.08609489552148916, 0.9464169065057763, 0.009277729414157575, 0.955340227681209, 0.90847377089269, 0.9270276176893976, 0.40211547283289356, 0.34636605886898, 0.14720280975564046, 0.40079497837994355, 0.9747694981495567, 0.009279078255599737, 0.021144974277756922, 0.4161435766967618, 0.4844308716027524, 0.5467526241038982, 0.9052235168255441, 0.028005614615689026, 8.776334168475718e-05, 0.018452559087496778, 0.9360269563437814, 0.9893525902087007, 0.5957893144794959, 0.811173135098367, 0.9681565582025199, 0.4782349399235212, 0.9567695460098808, 0.03187183038818241, 0.5088544017299357, 0.13928957001307996, 0.9552011927481515, 0.007287116539479045, 0.8417557512356254, 0.14943629706681572, 0.9397714772878215, 0.006794999233447207]"
Logistic Regression,34,7,"[0, 1, 1, 0, 1, 1, 0, 1, 0, 1, 1, 1, 1, 1, 0, 0, 0, 0, 1, 1, 1, 1, 1, 1, 0, 0, 1, 1, 0, 1, 1, 0, 1, 1, 1, 1, 0, 1, 1, 1, 1, 1, 1, 0, 1, 1, 0, 0, 0, 0, 1, 0, 0, 1, 1, 0, 0, 1, 1, 1, 1, 1, 1, 0, 1, 1, 1, 0, 1, 1, 1, 1, 1, 0, 0, 1, 1, 1, 1, 1, 1, 1, 1, 1, 1, 1, 0, 1, 1, 1, 0, 1, 1, 1, 0, 1, 1, 0, 1, 1, 0, 1, 1, 1, 1, 1, 1, 1, 0, 0, 0, 0, 1, 0, 1, 1, 1, 0, 1, 1, 0, 1, 1, 1, 1, 1, 0, 1, 1, 1, 0, 1, 0, 1, 1, 1, 1, 1, 0, 0, 1, 0, 0, 1]","[0, 1, 1, 0, 1, 1, 0, 1, 0, 1, 1, 0, 1, 1, 0, 0, 0, 0, 1, 1, 1, 0, 1, 1, 0, 0, 1, 1, 0, 1, 1, 0, 1, 1, 1, 1, 0, 1, 0, 0, 1, 1, 1, 0, 1, 1, 0, 0, 0, 0, 1, 0, 0, 1, 1, 0, 1, 1, 1, 1, 0, 1, 1, 1, 1, 1, 0, 0, 1, 1, 1, 1, 0, 0, 0, 1, 1, 1, 1, 1, 1, 1, 1, 1, 1, 1, 0, 1, 1, 1, 0, 1, 1, 0, 0, 1, 1, 0, 1, 1, 1, 1, 0, 1, 1, 1, 1, 1, 0, 1, 1, 0, 0, 0, 0, 1, 1, 1, 1, 1, 0, 1, 1, 1, 1, 1, 0, 1, 0, 1, 0, 1, 0, 0, 1, 1, 1, 1, 0, 1, 1, 0, 0, 1]","[0.41953258392469217, 0.937983168940834, 0.8129037115043579, 0.09693743880408161, 0.7613638694296075, 0.9013604802948, 0.007021148397315059, 0.5126066252495382, 0.3715963038132322, 0.738323484014293, 0.9443590127793517, 0.3042978380833248, 0.938944147788476, 0.9684531664403034, 0.05623600125289862, 0.34291440530195116, 0.0824428177998947, 0.05071275710624826, 0.755414871253489, 0.8880132355275289, 0.8424667328262195, 0.49817510489596256, 0.7338085066381848, 0.944097860835124, 0.06645113249532074, 0.005956113847564363, 0.9705695622245762, 0.9039210010968155, 0.15337027416410617, 0.9655899288406955, 0.957753256368116, 0.03837323189748284, 0.645662889046579, 0.9633077583835773, 0.9390599459178446, 0.8705305829498159, 0.0046313874218178695, 0.9610688458196514, 0.34596940148697175, 0.05680809697112119, 0.8994434383161691, 0.9376574291872307, 0.9468616449695758, 0.26145005291866424, 0.9460186510017399, 0.9628772045353531, 0.3465498576534623, 0.030479458365855472, 0.0027804516359285986, 0.08805916655038312, 0.8134022504343084, 0.007168485652062723, 0.009006071927168428, 0.9024239612297082, 0.8814629855794984, 0.30087766877559, 0.7746866949969013, 0.8592720921328083, 0.9585392446373557, 0.6165905787377965, 0.31553529367355315, 0.9308492426137837, 0.9693503715630158, 0.5970915718045855, 0.885541380265262, 0.8393521159649144, 0.3982001692418505, 0.14520317631886015, 0.93277402161578, 0.8986851776255323, 0.7135992810292036, 0.7811332240312105, 0.40407492322576555, 0.20224508872319363, 0.033100373949586766, 0.6714758787587817, 0.6060789321512197, 0.5904753634609887, 0.9831963596821555, 0.5773193167063753, 0.7899857773091764, 0.9267486306854191, 0.8091318328285931, 0.755499491232743, 0.971100647587232, 0.9380675160949037, 0.30856627326203334, 0.9062907811347546, 0.8051922891255899, 0.9466200262662088, 0.02539085850702606, 0.7270727013941874, 0.8256047155673462, 0.47053511645595714, 0.03928088060254469, 0.9142730766031022, 0.9410621548134935, 0.08409807143089344, 0.5716673380291731, 0.9639017836858075, 0.785094755042772, 0.7862384755229149, 0.13309261308586182, 0.8817263568473763, 0.7358305866156851, 0.9710301657204797, 0.9285386979048021, 0.9123982599672728, 0.029692393052672062, 0.7364761166564153, 0.7947310147767487, 0.29268292411795505, 0.12290188716896075, 0.0461842254826193, 0.3811515838484926, 0.6624166476908887, 0.9044694958069678, 0.8372422495202728, 0.9482503801837391, 0.9257153272374387, 0.03256454519469089, 0.62420942541849, 0.8384658676180488, 0.9383722555342032, 0.9786453199610313, 0.8451402622113233, 0.03258273036249017, 0.9895560636077881, 0.43076568887574856, 0.9422304722120329, 0.16170905075774275, 0.9009175373056771, 0.14350577568694822, 0.3417189919074555, 0.9294177814369813, 0.5223936134309128, 0.7544593813024848, 0.8548344462077748, 0.11394574325961336, 0.535365680506518, 0.9786832696758349, 0.17662684553848532, 0.004093677624524482, 0.8718986141403218]"
Logistic Regression,35,7,"[0, 1, 1, 0, 0, 1, 1, 1, 0, 1, 1, 1, 0, 0, 1, 1, 1, 1, 0, 1, 1, 0, 1, 1, 1, 0, 0, 1, 1, 0, 1, 0, 1, 0, 1, 0, 1, 0, 0, 0, 1, 0, 1, 1, 0, 1, 1, 1, 1, 0, 1, 0, 1, 1, 0, 1, 1, 1, 0, 1, 1, 1, 1, 1, 1, 1, 1, 1, 0, 1, 0, 0, 0, 1, 1, 1, 1, 1, 1, 1, 1, 1, 0, 1, 1, 1, 1, 1, 1, 1, 1, 1, 1, 0, 1, 0, 0, 1, 1, 0, 0, 1, 0, 1, 0, 1, 1, 0, 0, 1, 1, 1, 1, 1, 1, 1, 0, 1, 1, 0, 0, 1, 0, 1, 1, 0, 1, 1, 1, 0, 1, 1, 1, 0, 0, 1, 0, 0, 0, 1, 0, 1, 1]","[1, 0, 1, 0, 0, 1, 1, 1, 0, 1, 1, 1, 0, 0, 0, 1, 1, 0, 0, 1, 0, 0, 1, 1, 1, 0, 1, 1, 1, 1, 1, 0, 1, 0, 1, 0, 1, 1, 0, 0, 1, 0, 1, 1, 1, 1, 1, 1, 1, 0, 1, 1, 0, 1, 0, 1, 1, 0, 0, 0, 1, 1, 1, 1, 0, 1, 0, 1, 0, 1, 0, 0, 0, 1, 0, 1, 0, 1, 1, 1, 0, 1, 0, 1, 1, 0, 1, 1, 1, 1, 1, 1, 1, 0, 1, 0, 1, 0, 1, 0, 0, 1, 1, 1, 0, 1, 1, 0, 0, 1, 0, 1, 0, 1, 1, 1, 1, 1, 1, 0, 0, 1, 0, 1, 1, 0, 1, 1, 1, 0, 1, 1, 0, 1, 0, 1, 0, 1, 1, 0, 0, 1, 0]","[0.8718716145659056, 0.25757757037427803, 0.9533439715712143, 0.01631987206009259, 0.027764594353006877, 0.887442478390647, 0.9582157484649523, 0.8590476140881437, 0.0023199751138435047, 0.9691792676422647, 0.7339156430026081, 0.9423562395577888, 0.13747523680653162, 0.0005621087622771183, 0.25346038210876404, 0.7610465827388284, 0.7856792022732201, 0.4539006712350033, 0.12977343416997025, 0.939509877171587, 0.4275012154088996, 0.07752469361478145, 0.7452117794511888, 0.9660494005729713, 0.8765586671859361, 0.0852107903148792, 0.5251655567666166, 0.6718307084606392, 0.9059671648838701, 0.5107399587288712, 0.9405867326936374, 3.736707900108175e-05, 0.8425232392672195, 0.022597677475141395, 0.960807689214576, 0.06884441292850488, 0.8926134641888832, 0.8330385341282114, 0.22810380651694406, 0.0024833407387739115, 0.8075865102633383, 0.37560466901186274, 0.9440285278994481, 0.9095055701165076, 0.8622055327941313, 0.8739268260899954, 0.9349897876762208, 0.8295911818264726, 0.9889355057482291, 0.18909973773443361, 0.9396674656831299, 0.836973568868968, 0.1416922413114329, 0.7109425745384251, 0.0003498723845198954, 0.9116883284467292, 0.7300122802875488, 0.40753601103812975, 0.001702291156876982, 0.28350763395988693, 0.9494141376101528, 0.5374091280465271, 0.7483981414073654, 0.5855289103749045, 0.33686199648051746, 0.8990286094773184, 0.006388500087258857, 0.9280517772916352, 0.018564941628234584, 0.9638959206537789, 0.4829041457134847, 0.046878562332390204, 0.30834994746566496, 0.8410136609797539, 0.16019894525752995, 0.9140368548076224, 3.5151150771182902e-06, 0.9893981404290004, 0.9904964541955459, 0.5108078217648973, 0.20287436279295848, 0.994517610888926, 0.3273669033975113, 0.8020006173450883, 0.5950176317104394, 0.4894351455476218, 0.9080665197551833, 0.9744309874386257, 0.9358708083007579, 0.9380050720189786, 0.6086829586820341, 0.9668076928254173, 0.8424350194807482, 0.07418118755987908, 0.5146771984505283, 0.029969044562336046, 0.9224015720923259, 0.3959987169085443, 0.9714211005959328, 0.0033257452190592483, 0.01981523844195173, 0.5559099445128132, 0.6114942579116668, 0.6624047361980763, 0.02165791251795205, 0.7178422044234681, 0.8503493591598817, 0.029674635941850065, 0.3328896301298057, 0.8811409558350229, 0.2620812782764134, 0.9625078329580982, 0.24607867512029757, 0.9332327340939133, 0.8112792569440167, 0.9195621072129356, 0.5247211724871099, 0.7984239063541859, 0.5628124559376189, 0.06898237632233861, 0.25026605072720093, 0.9078362750283888, 0.012777433524893847, 0.8871531748234487, 0.9583858925993222, 0.11460925081632517, 0.801167693076691, 0.9825530131242435, 0.9109880733026868, 0.39774205709849336, 0.9495961847394216, 0.9655596630316174, 0.28127168500739086, 0.7506024125063157, 0.08571654423266666, 0.6372547991837016, 0.2369308976303995, 0.8438555812913332, 0.6267323585462018, 0.3966065075481173, 0.0010943955622389765, 0.963409958237241, 0.07268923212499441]"
Logistic Regression,36,8,"[1, 1, 1, 1, 1, 0, 0, 1, 0, 1, 1, 1, 1, 1, 1, 1, 0, 1, 1, 0, 1, 1, 1, 1, 1, 1, 0, 1, 0, 0, 1, 1, 0, 0, 1, 1, 1, 0, 1, 1, 0, 1, 1, 1, 1, 1, 0, 1, 1, 1, 0, 1, 0, 0, 1, 0, 1, 1, 0, 0, 1, 0, 0, 0, 0, 0, 1, 1, 1, 1, 1, 1, 1, 1, 1, 1, 1, 0, 0, 0, 0, 1, 1, 1, 0, 1, 1, 1, 0, 0, 1, 0, 1, 1, 1, 0, 0, 1, 1, 1, 0, 1, 1, 1, 0, 0, 1, 1, 1, 1, 0, 0, 1, 1, 0, 0, 1, 1, 1, 0, 0, 1, 1, 1, 0, 0, 0, 1, 1, 0, 0, 0, 1, 0, 1, 0, 0, 0, 1, 1, 1, 0, 0, 0]","[1, 1, 1, 1, 1, 0, 0, 1, 1, 1, 1, 1, 1, 1, 1, 1, 0, 1, 1, 0, 1, 0, 1, 1, 1, 1, 0, 1, 0, 0, 1, 1, 0, 1, 1, 1, 1, 0, 1, 1, 0, 1, 1, 1, 1, 0, 1, 1, 1, 1, 0, 1, 0, 0, 1, 1, 1, 1, 0, 0, 1, 0, 0, 0, 1, 0, 0, 1, 0, 1, 1, 1, 1, 1, 1, 1, 1, 0, 0, 0, 0, 1, 1, 1, 0, 1, 1, 1, 0, 0, 1, 0, 1, 1, 1, 0, 0, 0, 1, 1, 0, 1, 1, 1, 1, 1, 1, 1, 1, 1, 1, 1, 1, 1, 0, 0, 1, 1, 1, 0, 0, 1, 1, 1, 0, 1, 1, 1, 1, 0, 0, 0, 1, 0, 1, 0, 0, 0, 1, 1, 1, 0, 0, 0]","[0.9684038250241601, 0.8551297404598139, 0.7841308760705308, 0.9612822011734047, 0.7890070876706476, 0.014761126532378321, 0.07876368669649646, 0.8871780882500467, 0.6100935171267601, 0.6498704179002444, 0.8900058179788828, 0.8097480147189859, 0.9647804326603932, 0.6933176860624576, 0.8659666995060074, 0.8144057682362131, 0.09227177999143575, 0.881082751176426, 0.768468635475417, 0.012445191585973186, 0.6288823629844986, 0.23092610159402427, 0.8481426226262893, 0.6209940776269924, 0.8713313197727642, 0.5781576161457297, 0.19371157698291974, 0.9577338565060867, 0.1282187851442979, 0.003824468810631617, 0.6838433726264022, 0.9924904753140104, 0.01963319087017318, 0.7502182812453518, 0.9142908033009393, 0.5143147983464454, 0.9847490433396188, 0.3543829820822364, 0.9372998608899645, 0.9004838511139395, 0.3191736246023794, 0.9011351853962681, 0.7055605732182003, 0.8498747550978137, 0.8636945641787822, 0.18228916115264868, 0.7130436743151003, 0.6164404482775819, 0.8021707215934573, 0.8145219799816623, 0.08598534576662434, 0.9787656424289275, 0.04037361731618947, 0.018403287126323283, 0.9080638121909925, 0.5979642784330246, 0.7795688328331385, 0.8253537627640961, 0.030958865321118995, 0.3419849926387153, 0.7895367863787367, 0.040903726176759796, 0.14841274285270142, 0.0033172416144581986, 0.8519640151771971, 0.06622832980294145, 0.22828217378376228, 0.5730147930290832, 0.26293121626792315, 0.9262426525705822, 0.9782762946149319, 0.7354154780849517, 0.9151784463360874, 0.5120878704260932, 0.6683931723538785, 0.8599608872847643, 0.9957674440959049, 0.05279945440565397, 0.12425976558165748, 0.003311196490812672, 0.03719123160281141, 0.9561429988054821, 0.8622294742401515, 0.7533073888104223, 0.0008081391314426425, 0.6866203705928999, 0.9791053252924429, 0.8729385746330777, 0.006805286322439209, 0.0012472904922226102, 0.8901266480222598, 0.3686556762234089, 0.9499159157048587, 0.8280102973764725, 0.8176189261794933, 0.25112177983556777, 0.09956009631315918, 0.37733964669077197, 0.9242957678600427, 0.9091810060928214, 0.018605088188965918, 0.5242815557743382, 0.924256162991991, 0.8683208001577837, 0.8013951475428348, 0.697682372477327, 0.8689183494869521, 0.9193637539359195, 0.8645855255693035, 0.9784201519097372, 0.7395952342164864, 0.826325204822903, 0.8083041489812196, 0.6316204520393959, 0.2430345550848064, 0.026948327454015937, 0.9596453486775943, 0.9694491685641182, 0.9115730495264996, 0.019425771734596052, 0.018099254354544077, 0.8869608401912099, 0.9718883128603139, 0.9395647048825019, 0.02660054653072173, 0.5645954836717252, 0.8483139509899106, 0.7801739121467138, 0.6374629423833917, 0.1517459284993552, 0.3688285688705255, 0.26293891050757273, 0.7461666084093181, 0.09000664638732006, 0.9793003649682714, 0.0996522257194897, 0.18568147388179515, 0.02510450499151347, 0.8546018428472, 0.8400554655847859, 0.5101627122301816, 0.04014597560812678, 0.09235359405974056, 0.021497413162454036]"
Logistic Regression,37,8,"[1, 0, 1, 0, 0, 1, 0, 1, 1, 1, 1, 1, 1, 1, 1, 1, 1, 0, 1, 1, 1, 1, 1, 1, 1, 1, 1, 1, 0, 0, 1, 1, 1, 0, 1, 1, 1, 0, 1, 0, 0, 1, 0, 1, 1, 0, 1, 1, 1, 1, 1, 0, 0, 1, 0, 0, 0, 1, 1, 0, 0, 0, 1, 1, 1, 1, 1, 1, 1, 1, 1, 1, 1, 1, 1, 0, 1, 1, 1, 1, 1, 1, 1, 1, 1, 1, 1, 1, 1, 0, 1, 1, 1, 1, 1, 1, 0, 1, 0, 1, 0, 0, 0, 0, 1, 0, 1, 1, 1, 1, 1, 1, 1, 1, 1, 1, 1, 1, 1, 1, 0, 0, 1, 1, 0, 0, 1, 0, 0, 1, 0, 0, 1, 0, 1, 1, 0, 0, 1, 1, 1, 1, 1, 1]","[1, 1, 1, 0, 0, 1, 0, 0, 1, 1, 1, 0, 1, 1, 1, 0, 1, 0, 0, 0, 1, 1, 1, 1, 1, 1, 1, 1, 0, 0, 1, 1, 1, 0, 1, 1, 1, 1, 1, 0, 0, 1, 1, 1, 1, 0, 1, 0, 1, 1, 1, 0, 0, 1, 0, 0, 0, 1, 1, 0, 0, 0, 0, 1, 1, 1, 1, 1, 1, 1, 1, 1, 1, 0, 1, 0, 1, 1, 1, 1, 1, 1, 1, 0, 1, 1, 1, 1, 1, 0, 1, 1, 1, 1, 1, 0, 0, 1, 0, 1, 0, 0, 1, 1, 0, 1, 1, 1, 1, 1, 1, 1, 1, 0, 1, 1, 1, 1, 1, 1, 1, 0, 1, 1, 1, 0, 1, 0, 1, 1, 0, 0, 1, 1, 1, 1, 0, 0, 1, 1, 0, 1, 0, 1]","[0.915255286229422, 0.607252328182997, 0.971343254895389, 0.0030207692133936343, 0.006962587430435673, 0.6942877225969416, 0.13588468588253322, 0.4115017757457845, 0.9354728387512053, 0.8002277912996753, 0.9678501564602277, 0.24573935099986888, 0.6885869745630874, 0.9273520752887897, 0.980421187471705, 0.04438422734382121, 0.8642777123638529, 0.1321062538791388, 0.492562703460512, 0.19154284006498756, 0.9287218104215658, 0.8735082558301168, 0.963929994434653, 0.9664748302576281, 0.9131157035236397, 0.8620014169516905, 0.724577809343705, 0.9484707924839302, 0.056525999136758896, 0.033788487645410994, 0.8690167974279938, 0.8076060268634789, 0.8144017187762458, 0.004054557976734492, 0.8844042614514906, 0.7207336728247705, 0.8945282256261029, 0.8680483783919517, 0.9292260848172682, 0.2647597854289031, 0.013920569613903968, 0.7725804573674032, 0.5375800477775728, 0.8880150220610671, 0.9792274927304917, 0.016187139760893407, 0.9348006481007115, 0.10553848819992682, 0.6352933543648743, 0.9802287708766789, 0.7782207376370545, 0.18665727872464064, 0.009172976745695435, 0.5902499734930997, 0.12313802895445909, 0.024331135284298117, 0.032594110628193396, 0.6892763523789236, 0.7898712266109726, 0.02314938234610288, 0.0016186735288753436, 0.22150107998896407, 0.4983896381793329, 0.9158857140625274, 0.9162564524677183, 0.8137353932128641, 0.9594552501313246, 0.9683389362919307, 0.9049844650570449, 0.8576783632598993, 0.9017857215582878, 0.764250305088689, 0.9545925278286527, 0.1242654343792268, 0.8895023936874993, 0.025586272889632833, 0.6842141119884141, 0.8444050582706031, 0.5064998189694786, 0.9249728373871682, 0.9299935118086426, 0.9419316773587385, 0.9434039661302952, 0.15462882911431872, 0.978759468308992, 0.8686367217975829, 0.9020999342045718, 0.89540383606854, 0.7628184941055005, 0.3194139882700216, 0.7840292670066733, 0.9491209977103449, 0.8657872464350521, 0.8230660399077041, 0.837988093206842, 0.22393474233822275, 0.017077454819964134, 0.8794705615882056, 0.21077207849495655, 0.7913170763632396, 0.0035857856316758017, 0.013477683573286936, 0.787443796822033, 0.9866559863900116, 0.1735334153145503, 0.8017906677427362, 0.9587208529650683, 0.9633693649507363, 0.7741275668724962, 0.9258259135414121, 0.857760585729792, 0.8958164975536215, 0.8874764071256723, 0.43470181813005276, 0.9806438840807611, 0.8599732673636593, 0.7881316303556571, 0.8796543484409892, 0.8968006452678444, 0.9549946735143943, 0.8289887797911953, 0.23253947539368877, 0.60557759675484, 0.9480304986329675, 0.5738612582556183, 0.13527907399847214, 0.8944904464084952, 0.12294485789215627, 0.6355331129012785, 0.9627316108990382, 0.4254315922564704, 0.004700327955333037, 0.9588026290954502, 0.725676042922876, 0.9611289668741578, 0.9587094628534265, 0.15992624336572756, 0.44647000217360544, 0.9236211968262565, 0.9599105218061456, 0.4567361633235852, 0.9391001958656047, 0.09220477300047392, 0.9613170878138629]"
Logistic Regression,38,8,"[0, 1, 1, 1, 1, 1, 0, 1, 1, 0, 1, 1, 0, 1, 1, 1, 0, 1, 1, 1, 0, 1, 1, 0, 0, 1, 0, 1, 1, 0, 0, 1, 0, 0, 0, 1, 1, 0, 1, 0, 1, 1, 1, 1, 1, 0, 1, 1, 0, 1, 0, 1, 0, 1, 1, 0, 1, 1, 1, 1, 1, 0, 0, 1, 1, 0, 1, 1, 1, 1, 1, 1, 1, 0, 0, 1, 1, 0, 1, 1, 1, 1, 0, 0, 0, 1, 0, 1, 1, 0, 1, 1, 1, 1, 0, 1, 0, 1, 1, 1, 0, 1, 1, 1, 1, 0, 1, 1, 0, 1, 1, 0, 1, 0, 0, 1, 0, 1, 0, 0, 1, 0, 1, 0, 1, 1, 1, 0, 0, 1, 0, 0, 1, 1, 1, 1, 0, 0, 0, 0, 1, 1, 1]","[0, 1, 1, 1, 1, 1, 1, 1, 1, 0, 0, 1, 0, 1, 1, 1, 0, 1, 1, 0, 0, 0, 1, 0, 0, 1, 0, 1, 0, 0, 0, 1, 0, 0, 0, 1, 1, 1, 0, 0, 1, 1, 1, 1, 1, 1, 1, 1, 0, 0, 0, 1, 0, 1, 0, 0, 1, 0, 1, 1, 0, 0, 0, 1, 1, 0, 0, 0, 1, 1, 0, 1, 1, 0, 0, 1, 1, 0, 1, 1, 1, 0, 0, 1, 0, 1, 1, 0, 0, 0, 0, 1, 1, 1, 0, 0, 0, 1, 1, 0, 0, 1, 1, 1, 1, 1, 1, 1, 0, 1, 1, 1, 1, 0, 1, 1, 0, 1, 0, 0, 1, 0, 1, 0, 1, 1, 1, 0, 0, 1, 0, 0, 1, 1, 1, 0, 0, 1, 1, 1, 0, 1, 1]","[0.3056878953927862, 0.6363171202362605, 0.9678596938221309, 0.9707361178325952, 0.9342611681922849, 0.9463655244780176, 0.9529438373049293, 0.981232613474942, 0.7432759829135992, 0.010836236024531189, 0.25770301714840194, 0.9108109458097844, 0.049995365851235735, 0.7379383019733299, 0.6968171317606496, 0.9007531898728202, 0.00839646561572745, 0.9546252113464126, 0.7240846333730444, 0.4751531057642608, 0.1446929759020793, 0.1972589990358751, 0.974627931934647, 0.1518182262194502, 0.0066902278859360745, 0.9778461891447497, 0.023144726040651712, 0.86085935683285, 0.13817430445417306, 0.46469112651945, 5.7322125483479725e-05, 0.8138529086694338, 0.20522753285137454, 0.40171972748573076, 0.48541889614847505, 0.8875596699145839, 0.9650089577585564, 0.6651732756247749, 0.05028116605740867, 0.004663342986398483, 0.9282798040425639, 0.7334799915296116, 0.7515222045433281, 0.9245948267343012, 0.8595148520252959, 0.8535434952139492, 0.9825604469865609, 0.9623836645932521, 0.0005969833374333101, 0.34786146083996883, 6.110278459452578e-07, 0.826581488683676, 0.0006236034975890779, 0.7504008974255076, 0.33755557089791305, 0.18172001116067266, 0.9225356908474183, 0.31783889271105203, 0.7491953413463065, 0.9455658952865947, 0.20648657425001318, 0.0566739808827246, 0.3592650034723622, 0.7787984799797427, 0.6979685881741232, 0.002473783984902411, 0.15698615806867203, 1.2888572177162942e-06, 0.9864774066150926, 0.7975319997488817, 0.16151930038658416, 0.5417466013629366, 0.7446608468262029, 0.016635139440253247, 0.2950234073581604, 0.8831387313428359, 0.9231630650203241, 0.21890351641195638, 0.9238154382796487, 0.9046554846386283, 0.9036648537171436, 0.4390006103451247, 0.17406501750345763, 0.5427251181555888, 0.035863546400171406, 0.8518441600550826, 0.9260558578436294, 0.37949043661022047, 0.03683238324092156, 0.019804091366705582, 0.36576337025735084, 0.9744295009763302, 0.9009943006445535, 0.6428086919418154, 0.01405297005147364, 0.49123425719423947, 0.02518912294616395, 0.6736511215300867, 0.7339273501217869, 0.004198664156976592, 0.023026604025389814, 0.5189436681511449, 0.8313729975575532, 0.9806087905803902, 0.9521137567085913, 0.7156221809526122, 0.7090619694860757, 0.7358872221376614, 0.012809332234795608, 0.9747814405393306, 0.9202021621644759, 0.5381000354179393, 0.9741605872270074, 0.22654674303255104, 0.6071266729851631, 0.9332146267454491, 0.3914492530008505, 0.9576061501520422, 0.28341156960911307, 0.000733056502701016, 0.5344876600138077, 0.14119265552848315, 0.9421232527079249, 0.012349105401709486, 0.8179478536189367, 0.9712427786624491, 0.6077747738940892, 0.12989076205480798, 0.005684596869200694, 0.5885893519015529, 0.003646216779844473, 0.09866812228859828, 0.5172396385343495, 0.7274178691621977, 0.9891812705346654, 0.25762351585565413, 0.44163743837900493, 0.6760138211242117, 0.5229709911369989, 0.6111056704239537, 0.48179788563825837, 0.8979857603504564, 0.6815209656369091]"
Logistic Regression,39,8,"[0, 1, 1, 1, 1, 1, 1, 1, 0, 0, 0, 0, 1, 0, 1, 1, 0, 1, 1, 1, 1, 1, 0, 1, 0, 1, 1, 1, 1, 0, 1, 1, 1, 1, 0, 0, 1, 1, 0, 1, 0, 1, 1, 1, 1, 1, 1, 0, 1, 1, 0, 1, 1, 0, 1, 0, 0, 0, 1, 1, 0, 0, 0, 0, 0, 1, 0, 0, 1, 0, 1, 1, 1, 0, 1, 0, 1, 1, 1, 1, 1, 0, 1, 1, 1, 0, 1, 1, 1, 1, 0, 0, 1, 0, 0, 0, 1, 1, 1, 1, 1, 1, 0, 1, 0, 1, 0, 1, 0, 1, 1, 1, 1, 1, 1, 1, 1, 0, 1, 1, 0, 0, 0, 0, 0, 1, 0, 0, 1, 0, 1, 0, 1, 1, 1, 1, 1, 0, 0, 0, 0, 1, 1]","[1, 1, 0, 1, 1, 1, 1, 0, 0, 0, 1, 0, 1, 0, 1, 1, 0, 0, 1, 0, 1, 1, 0, 1, 0, 1, 1, 1, 0, 0, 1, 1, 1, 1, 0, 0, 1, 1, 1, 0, 0, 1, 1, 0, 1, 1, 1, 0, 0, 1, 0, 1, 1, 0, 1, 0, 0, 0, 1, 1, 1, 0, 0, 1, 0, 1, 1, 0, 0, 0, 1, 1, 1, 0, 1, 0, 1, 1, 1, 1, 1, 1, 1, 1, 1, 0, 1, 1, 1, 1, 1, 0, 0, 0, 0, 0, 1, 1, 0, 1, 1, 0, 1, 1, 1, 1, 0, 0, 0, 1, 1, 1, 1, 1, 1, 1, 1, 0, 1, 0, 1, 0, 1, 0, 0, 1, 1, 0, 1, 0, 1, 0, 1, 1, 1, 0, 0, 0, 0, 1, 0, 1, 1]","[0.9348925099389459, 0.7242544236108049, 0.20395731022032207, 0.8144904836873522, 0.9313805447286524, 0.7418126632758232, 0.9245064831214287, 0.42264897344461344, 0.10593634607745682, 0.046418075492764777, 0.6108883431152802, 0.05516332284498997, 0.785218920101373, 0.10970760204607952, 0.9654621338624403, 0.9185694942450646, 0.10902199093091802, 0.481476572246796, 0.7549328649690731, 0.27216122863689224, 0.7904336105229527, 0.8732346756895845, 0.02241094657196029, 0.8882369961658753, 0.0035513945779018187, 0.7121042425249708, 0.9570850406314393, 0.507665657156852, 0.23098740026561018, 0.06900894906172356, 0.5435309776177163, 0.8819988942399463, 0.9169072358465229, 0.9770689033442862, 0.28554073181999623, 0.29434270397219553, 0.8434925375211042, 0.7031273406081353, 0.877230539761043, 0.35426623590483575, 0.203827493160804, 0.8650963940541885, 0.9163083391713451, 0.01054818095046187, 0.6222258471914787, 0.8998634764811132, 0.9444695480829287, 0.1513145327474741, 0.16850798827356767, 0.8643138888666132, 0.09448957283410596, 0.9554696667639481, 0.8024726450968659, 0.05736654591373925, 0.6943734837531305, 0.012202255071517988, 0.0008100737313059204, 0.0030190035677427275, 0.9040830686329668, 0.946987877277558, 0.6801659159124701, 0.025061724674460134, 0.03055142766188209, 0.5491189952767185, 0.027194181437284432, 0.9200431332595737, 0.7373623143395275, 0.08255316203258252, 0.4020867623544399, 0.24077609514452583, 0.710229911912935, 0.5172339157203587, 0.8056029218325573, 0.06529957772619109, 0.9022982985919772, 0.07400065938195215, 0.9782836050401145, 0.8631938230888435, 0.8800808115597706, 0.5782904984210973, 0.8971562138128308, 0.7109484467084974, 0.9491631408759617, 0.6385835663897378, 0.7104694666334014, 0.004689461400317599, 0.9339591795498986, 0.92012016049291, 0.9635436689482598, 0.6813274603939721, 0.7860206381396528, 0.38874737242803564, 0.09921035847033478, 0.05169804827934073, 0.0020058074963765775, 0.0020235882113767826, 0.7236173871036162, 0.9769670214563277, 0.34919157411614965, 0.9786264491527388, 0.9002940624671334, 0.3154729660293083, 0.9355695921911072, 0.9214675226880142, 0.7665628741659429, 0.7360015026669591, 0.3360173149352837, 0.3198855647173828, 0.20265850952454875, 0.9110472462882827, 0.9743759653458149, 0.9449112834215553, 0.8889712794656002, 0.9099090815323984, 0.5713027853120799, 0.8833128824274504, 0.973203473429923, 0.059214250616993584, 0.9842874164098104, 0.24641125639337158, 0.5729226607055502, 0.019568369159765023, 0.834276279233816, 0.18242017760317863, 0.43200486290031564, 0.9257489518578108, 0.523282874484171, 0.03478634220903761, 0.500792676776465, 0.00012349298745433553, 0.9886530114068021, 0.033193557609656116, 0.9359434116762632, 0.9641452371058767, 0.9627090562971887, 0.4037924215957226, 0.44695863649632106, 0.10521502599512564, 0.01290639166493667, 0.8894033308801867, 0.0013990203423848832, 0.9063821899899414, 0.9273067148529596]"
Logistic Regression,40,8,"[0, 0, 0, 1, 0, 1, 0, 0, 1, 0, 0, 1, 0, 1, 1, 1, 0, 0, 0, 1, 0, 1, 1, 1, 1, 1, 0, 1, 0, 1, 1, 1, 1, 1, 1, 0, 0, 1, 0, 1, 1, 0, 0, 1, 1, 0, 0, 1, 1, 1, 0, 1, 1, 0, 0, 0, 1, 0, 1, 1, 1, 1, 1, 1, 0, 1, 1, 1, 0, 1, 1, 1, 1, 1, 1, 1, 0, 1, 1, 1, 0, 1, 0, 1, 1, 0, 1, 1, 1, 1, 1, 1, 0, 1, 0, 0, 1, 0, 0, 1, 1, 1, 1, 0, 0, 1, 1, 1, 1, 0, 0, 1, 1, 1, 1, 1, 0, 1, 0, 1, 0, 1, 1, 1, 1, 1, 0, 1, 1, 1, 1, 1, 1, 1, 1, 0, 1, 1, 1, 0, 1, 0, 0]","[0, 0, 0, 1, 1, 1, 1, 0, 1, 0, 0, 1, 0, 1, 1, 1, 0, 0, 0, 1, 0, 1, 1, 1, 1, 1, 0, 1, 0, 1, 1, 1, 1, 1, 1, 0, 0, 1, 0, 1, 0, 1, 1, 1, 1, 0, 1, 1, 1, 1, 1, 1, 1, 0, 0, 0, 0, 0, 1, 1, 1, 1, 1, 1, 0, 1, 0, 1, 1, 1, 1, 0, 1, 1, 1, 0, 0, 1, 0, 1, 0, 1, 1, 1, 1, 0, 1, 1, 1, 1, 1, 1, 0, 1, 0, 0, 1, 0, 0, 1, 0, 1, 1, 0, 0, 1, 1, 0, 1, 0, 0, 1, 1, 0, 0, 1, 0, 1, 0, 1, 0, 1, 1, 1, 0, 1, 0, 1, 1, 1, 1, 1, 1, 1, 1, 0, 0, 1, 1, 0, 1, 0, 0]","[0.24472154091537687, 0.41920831679329906, 0.26074109355866115, 0.9350278162468125, 0.8747566593501934, 0.9025999348521437, 0.9513815210840134, 0.3212018942305888, 0.866881140509322, 0.015316303320422503, 0.2878117659516134, 0.7778357735087567, 0.0052034224253753505, 0.9676087190016469, 0.6615188249201891, 0.9642779617178098, 0.1441913652827382, 0.3598939817746888, 0.005093482261102227, 0.57642039534463, 0.16047306136455072, 0.6058948787762165, 0.7441952510460473, 0.9482263099845878, 0.7703491965366644, 0.9743136024838286, 0.006348227390473678, 0.8704193249312766, 0.48465408296496326, 0.9202663895298484, 0.6132473797473065, 0.6578182543175993, 0.940633646573684, 0.9756848589453634, 0.962908444247881, 0.018358545222156103, 0.023720986566457634, 0.9453330173172941, 0.044324666809779485, 0.8685984773256152, 0.4181516926967677, 0.5783968012339, 0.5318884966517656, 0.7553859511744095, 0.6740702483515373, 0.42198770618241416, 0.9037548025456164, 0.9088299443579914, 0.775828218933768, 0.9884850131017574, 0.8232791583486251, 0.9497069014139664, 0.6734225450242073, 0.0005283112289640797, 0.28260024676746454, 0.4010151044943744, 0.42974173560795415, 0.08506944608868279, 0.8552219241061175, 0.9272628090692681, 0.5396496359976389, 0.7631542489267253, 0.952579589913954, 0.7603641277834706, 0.296705514818612, 0.9241447415767295, 0.01947034519097191, 0.9656762186240787, 0.5057013609795323, 0.9649109012931527, 0.847744776041499, 0.3994914403250882, 0.9766388358849726, 0.9575624998268627, 0.8295342035355183, 0.4673640718418499, 0.016465955050335872, 0.9692314795013329, 0.45842247714850615, 0.9873049867154073, 0.04155019831546098, 0.9863038342111459, 0.8833684629287142, 0.8016807922534374, 0.7692404438843028, 0.007234960167641267, 0.5986216266226415, 0.6086116489033899, 0.8792143443091608, 0.9696402465588326, 0.9332009930304701, 0.954405375672026, 0.08787388394696159, 0.921242868351627, 0.03703355877405479, 0.004735853606317186, 0.970354836279863, 0.0069636634378831865, 0.11003818242896748, 0.8588247868666504, 0.3641118654187707, 0.7535976455587412, 0.7190868530266049, 0.07099035489284583, 0.3906726146682969, 0.7754363407872007, 0.7770927311896371, 0.14662768928704673, 0.9397087449809378, 0.021799615096199782, 0.012370876075949772, 0.8836054287019413, 0.6937968552310397, 0.1487422414725977, 0.16001960830606127, 0.6449773636411469, 0.049242873877697435, 0.9023592265534494, 0.062129656805436057, 0.889122803982932, 0.01734285105956875, 0.971022071745102, 0.9801081236192427, 0.835491818592582, 0.3352929675375202, 0.9951138105005193, 0.009293426991009716, 0.9467273703477017, 0.8497538975100237, 0.8896683266675496, 0.9279182164901791, 0.717807916975809, 0.9448549192569079, 0.6008781083456907, 0.7313140986023449, 0.09322850397695537, 0.04717140010543813, 0.9557709520297866, 0.9785063541583159, 0.3758354669378303, 0.956774828014576, 0.15594875587559268, 0.002736563926037394]"
Logistic Regression,41,9,"[1, 1, 1, 0, 1, 0, 0, 1, 1, 1, 0, 0, 1, 1, 1, 1, 1, 0, 1, 0, 1, 1, 0, 1, 1, 1, 1, 1, 1, 1, 0, 1, 1, 1, 1, 1, 1, 0, 0, 1, 1, 0, 1, 0, 0, 1, 1, 1, 1, 0, 0, 1, 1, 1, 0, 0, 0, 1, 0, 1, 0, 0, 1, 1, 1, 0, 1, 1, 0, 0, 0, 1, 1, 1, 1, 1, 1, 1, 0, 0, 1, 1, 1, 1, 1, 1, 1, 0, 0, 1, 0, 1, 1, 1, 1, 1, 0, 1, 1, 0, 1, 1, 0, 0, 0, 1, 1, 1, 0, 1, 1, 1, 0, 1, 1, 1, 1, 0, 0, 1, 0, 1, 0, 0, 0, 1, 1, 1, 1, 0, 0, 0, 1, 1, 1, 0, 1, 0, 1, 1, 0, 1, 0, 0]","[1, 1, 1, 0, 1, 0, 1, 1, 1, 1, 1, 0, 1, 1, 0, 1, 1, 0, 1, 0, 1, 1, 0, 1, 0, 1, 1, 1, 1, 0, 0, 0, 1, 0, 1, 1, 1, 0, 1, 1, 1, 0, 1, 0, 1, 1, 1, 1, 1, 1, 1, 1, 1, 1, 0, 0, 0, 1, 0, 1, 1, 0, 1, 1, 1, 0, 1, 1, 0, 1, 0, 1, 0, 1, 1, 1, 0, 1, 0, 0, 0, 1, 1, 1, 0, 1, 0, 0, 0, 1, 0, 1, 1, 1, 1, 1, 0, 1, 1, 0, 0, 1, 0, 0, 1, 1, 0, 1, 0, 1, 1, 1, 1, 1, 1, 1, 1, 0, 0, 1, 0, 1, 0, 0, 0, 1, 1, 1, 1, 0, 0, 0, 1, 0, 1, 0, 1, 0, 1, 1, 0, 1, 0, 0]","[0.9629722712187055, 0.9460751904076935, 0.9417049455372347, 0.016549099011552163, 0.606429931886441, 0.0385336771182799, 0.6387419123099249, 0.7913291694785979, 0.9758321197966802, 0.915549549098794, 0.9292448960375648, 0.0018966582229196722, 0.7897678906614589, 0.7274284259666506, 0.3829409051449157, 0.8807991724791809, 0.9648782533610839, 0.00521110323760052, 0.6204226323556729, 0.03164256183189987, 0.9789289728733478, 0.8823506715400327, 0.011338318032760239, 0.8852474047854559, 0.3026117646921565, 0.9484240230794146, 0.7358528121064121, 0.9795231825636332, 0.9662828244292286, 0.16371025788361032, 0.005861015044432292, 0.4824103726409702, 0.8431984931147753, 0.13182043232422483, 0.9147581414131848, 0.8716219641963179, 0.6101383794290829, 0.33290884278763067, 0.9387203144462358, 0.9228336470823552, 0.8494238261315367, 0.17432804467725108, 0.9046574265825478, 0.009949057488860005, 0.613831571671933, 0.7463131764931035, 0.7976317617855299, 0.8985577171523025, 0.8276638377858975, 0.6263117342051241, 0.589943244327765, 0.8330350761609292, 0.9136359312855412, 0.9810883385622583, 0.00227178805271213, 0.02463100377067162, 0.2102561755004706, 0.9479174628853111, 0.01726328109406493, 0.9436657769426064, 0.6977142742645395, 0.26709612264609833, 0.7157632320282273, 0.7146365575896104, 0.81529588305923, 0.011568600403721232, 0.7936757949722584, 0.5357972631950005, 0.03614284416580514, 0.652683584170191, 0.06242726382448507, 0.9098114538408657, 0.37289129890270006, 0.5943692904428266, 0.9351966168800767, 0.7805063236758834, 0.07757859235369441, 0.9213885941132268, 0.2909226993912812, 0.0044039503138308045, 3.3678175742476885e-05, 0.9448518242939422, 0.9047084452632637, 0.9212717261862398, 0.4873790805697392, 0.8220535606746501, 0.18521107618648414, 0.020484794313658714, 0.04657606112880266, 0.7993313964122, 0.27845360291661625, 0.7836460187421997, 0.9550851349705927, 0.8898445460154946, 0.9362281737269018, 0.9338649148446636, 0.3424570911667989, 0.8472814998814604, 0.8228124717016451, 0.12438583636917866, 0.30596046262117116, 0.9561815732583713, 0.0031650650674752106, 0.014069226264788496, 0.5610998227245262, 0.8915015730832649, 0.22520420844377195, 0.5631892817598574, 0.33275920479122584, 0.9593631662914374, 0.8107071536329428, 0.5778841240869186, 0.7548549946176255, 0.9466078749621755, 0.9691195854501854, 0.7879785029157105, 0.6361876603488221, 0.05911910130295767, 0.012838668312122947, 0.9339317876724988, 0.004065234891844113, 0.8768500180683407, 0.13908096004215043, 0.002542460654234428, 0.04847512930203401, 0.9489251487181419, 0.9363373535710222, 0.7039784368689377, 0.7592094912277869, 0.007299052681064072, 0.43246285130812434, 0.0001747565979546678, 0.6698813529286806, 0.061462037432383, 0.9350790526423457, 0.004291639914101285, 0.850645596691573, 0.1787690752801369, 0.8510079454274203, 0.5057524781900694, 0.0032680460040712487, 0.5556993184577991, 0.09170607518069107, 0.012263190942353468]"
Logistic Regression,42,9,"[1, 1, 0, 0, 1, 0, 1, 1, 0, 1, 1, 1, 1, 1, 1, 1, 1, 1, 1, 0, 0, 1, 1, 0, 1, 0, 0, 0, 0, 1, 1, 1, 1, 1, 0, 1, 1, 1, 0, 1, 0, 0, 0, 1, 0, 1, 0, 0, 0, 1, 0, 1, 1, 1, 1, 1, 0, 1, 1, 0, 1, 1, 1, 1, 1, 1, 1, 1, 1, 0, 1, 0, 1, 1, 1, 1, 1, 1, 1, 1, 1, 1, 1, 1, 0, 1, 0, 1, 0, 1, 1, 1, 1, 1, 1, 0, 1, 1, 1, 1, 1, 0, 1, 1, 1, 0, 0, 0, 0, 1, 1, 1, 0, 0, 1, 1, 1, 1, 1, 1, 0, 0, 0, 1, 1, 0, 0, 1, 0, 0, 1, 0, 1, 1, 0, 0, 0, 0, 0, 1, 0, 1, 1]","[1, 1, 1, 0, 1, 0, 1, 1, 0, 1, 1, 1, 1, 1, 0, 1, 1, 1, 1, 0, 0, 1, 1, 0, 1, 0, 0, 0, 0, 1, 1, 1, 0, 0, 0, 1, 1, 1, 0, 1, 0, 0, 0, 1, 0, 0, 0, 0, 1, 1, 0, 1, 1, 1, 1, 1, 0, 1, 1, 0, 1, 1, 1, 1, 1, 1, 1, 1, 1, 0, 1, 0, 1, 1, 1, 1, 1, 1, 1, 1, 1, 1, 1, 1, 1, 1, 0, 1, 0, 1, 1, 1, 1, 1, 1, 0, 0, 1, 1, 1, 1, 0, 1, 1, 1, 1, 1, 0, 0, 1, 1, 1, 0, 0, 1, 1, 1, 1, 1, 0, 1, 1, 0, 1, 1, 0, 0, 1, 0, 1, 0, 0, 1, 0, 0, 1, 0, 0, 1, 1, 0, 1, 1]","[0.8210050894987635, 0.8736154730947898, 0.9550676750852441, 0.3458755716126788, 0.7171487546161998, 0.06531482739796023, 0.9436300195534303, 0.7738117083032301, 0.044507896976034744, 0.8850280567935602, 0.5017358479824857, 0.6761275130336343, 0.9224318355155753, 0.6069546594247803, 0.2530709973898003, 0.6006899808153849, 0.9576152153722971, 0.8679281642005197, 0.6990851705099065, 0.16633376387550836, 0.12202739403049977, 0.6971450592076619, 0.8560776632507533, 0.15585688031151226, 0.9647498457718797, 0.15700431788592042, 0.08156946242412842, 0.016210375669580963, 0.0002126626115609657, 0.9840128869871085, 0.6576165224799003, 0.9681465151745199, 0.3956322849421833, 0.45007971718890416, 0.37470779219780226, 0.9756276390097142, 0.8180395716641395, 0.9415324663016896, 0.0940847852926855, 0.7748253033821925, 0.03025470966472087, 0.016675497338713343, 6.028821044106823e-06, 0.9505285144951302, 0.0012571242465395374, 0.3356700522794654, 0.30702607525809433, 0.32536855139324145, 0.7346880806396948, 0.8675641162115114, 0.13546104089728425, 0.6989012823191889, 0.9185622420780629, 0.9191915231191727, 0.7429940394148535, 0.9495453071595523, 0.027645702383683798, 0.6783222819461301, 0.905684304631844, 0.028054334118858246, 0.6644034715913779, 0.980456376065014, 0.8766542040693612, 0.5269846837732922, 0.9568528981768954, 0.9786086724472345, 0.7279165092825444, 0.8709573736297146, 0.9890067332737671, 0.07727030367459505, 0.9329249092621746, 0.10927546315287891, 0.9247127455392854, 0.8146473290179415, 0.9777094807548168, 0.7054912853495835, 0.8803898702777636, 0.8927668572079596, 0.8699626939885179, 0.9647479532886837, 0.8818796552811886, 0.837382480779222, 0.9492866474933228, 0.8941295013543027, 0.5430856211615311, 0.9030440908938676, 0.08796183121204999, 0.9391671301149538, 0.018349094930883623, 0.7738749210588981, 0.7513803179671522, 0.669454467351967, 0.8955834421376092, 0.6828283896390825, 0.9439646912832181, 0.43264246687343083, 0.4399005164694567, 0.8782201411447901, 0.9283384736010617, 0.7845692540488242, 0.9604527926831724, 0.048423393635110834, 0.9804862411497125, 0.9012565993030661, 0.9499937840720362, 0.5348125013987686, 0.848616053489126, 0.2387084459896067, 0.19984758119659785, 0.9310207960879979, 0.6853680205020726, 0.9048382721769876, 0.3626162638179467, 0.01865697510282545, 0.9737186882566555, 0.8874560747128188, 0.9771629821909587, 0.968744009452394, 0.9742517149317906, 0.30909448996509464, 0.8296196868771252, 0.8327916978709177, 0.1903294489819565, 0.6937435756343118, 0.8683800421635169, 0.14506110122059687, 0.41142907708487375, 0.9276274238818618, 0.00013497996022695188, 0.7040286244730682, 0.357162668150182, 0.10486652265166087, 0.969643440876617, 0.3466117145995176, 0.14214072944431308, 0.5364451937992536, 0.20587273208638743, 0.016845423768351162, 0.8601773596632154, 0.9557651293246561, 0.004700027264435518, 0.9545070930068138, 0.7847715852120293]"
Logistic Regression,43,9,"[0, 0, 0, 1, 1, 1, 1, 1, 1, 1, 1, 0, 0, 0, 1, 1, 1, 1, 0, 0, 1, 1, 0, 1, 0, 1, 0, 1, 1, 0, 1, 1, 1, 1, 0, 1, 0, 0, 0, 0, 0, 1, 1, 1, 0, 0, 1, 0, 0, 1, 1, 1, 0, 1, 1, 0, 1, 0, 1, 1, 1, 1, 0, 0, 0, 0, 0, 1, 0, 1, 0, 1, 1, 1, 0, 0, 1, 1, 1, 1, 1, 1, 1, 1, 1, 0, 1, 1, 1, 0, 0, 0, 1, 1, 0, 1, 0, 0, 0, 1, 0, 1, 1, 0, 1, 1, 1, 1, 1, 1, 0, 1, 1, 1, 1, 1, 0, 0, 1, 0, 1, 1, 1, 0, 1, 1, 0, 1, 0, 1, 0, 1, 0, 1, 1, 1, 1, 1, 1, 0, 1, 1, 1, 1]","[1, 1, 0, 1, 1, 1, 1, 0, 1, 1, 1, 0, 0, 0, 1, 0, 1, 1, 0, 0, 0, 1, 0, 0, 0, 0, 0, 1, 1, 0, 0, 1, 1, 1, 1, 1, 0, 0, 0, 0, 0, 1, 1, 1, 1, 1, 1, 0, 0, 1, 1, 1, 1, 1, 1, 1, 1, 0, 1, 0, 1, 1, 0, 0, 0, 0, 0, 1, 0, 1, 0, 1, 1, 0, 1, 0, 1, 1, 1, 1, 1, 1, 1, 1, 1, 0, 1, 0, 1, 0, 0, 0, 1, 0, 0, 1, 1, 0, 1, 1, 0, 1, 0, 0, 1, 1, 1, 1, 0, 1, 1, 1, 1, 1, 1, 1, 1, 1, 1, 1, 1, 1, 0, 0, 1, 1, 0, 1, 1, 1, 0, 0, 0, 1, 1, 1, 1, 1, 1, 0, 1, 1, 0, 1]","[0.6136510114217401, 0.8897500410597282, 0.17116766400221903, 0.9824213090829956, 0.8767560249984252, 0.8803813709939436, 0.8648865965255632, 0.1827110122892904, 0.7691640688241848, 0.9071090056999622, 0.531856597068673, 0.14947055293448006, 0.12579694694683885, 0.012896560631507029, 0.9795884326495569, 0.22140913133168116, 0.8425498919546379, 0.9591229607490303, 0.0044904658656555385, 0.005450729079774658, 0.27460731901106783, 0.9150775898471236, 0.13484842668792565, 0.47266001125516044, 0.0366253034687023, 0.19725298821066667, 0.0009402658952970143, 0.9143040583994144, 0.7906651549433603, 0.028512195547938924, 0.2631386271273015, 0.5194482151566236, 0.8991888846466989, 0.7365569906398725, 0.8121351977068646, 0.8960524879326198, 0.15865654953724445, 0.35671227767885144, 0.41583174936970446, 0.30396947797036794, 0.0018339418286197457, 0.8934869003099493, 0.720589273971313, 0.9565733218403614, 0.7857564667922479, 0.7915565876515449, 0.9281921253005931, 0.012700852766177452, 0.3335057687991809, 0.7361910269766467, 0.8339126065262898, 0.7894041766235417, 0.8904207574600173, 0.9570532906313356, 0.6632692617307722, 0.9645635655433576, 0.9661677791823851, 0.000937678033270743, 0.9641473610628403, 0.09047428589471099, 0.7506220748385558, 0.9801628745579022, 0.29569578200261654, 0.005767856873143374, 0.12921376174222587, 0.028135307169094723, 0.0029912684556904377, 0.8137150065467339, 0.017640214256633282, 0.9318063723582178, 0.00144725162879465, 0.8124289447121141, 0.9755233964972145, 0.2808433982349157, 0.5128492961667934, 0.47514644992663385, 0.8247861122344091, 0.9833289005504448, 0.9885754804386442, 0.9809736439439882, 0.8354052096098679, 0.703734942385589, 0.9096035884506279, 0.8793505605289632, 0.819811855302353, 0.00043370794660430636, 0.9312377169691813, 0.21360932400756846, 0.9465493534694034, 0.050990848323782645, 0.19505001178394832, 0.0025555634034532364, 0.8111340366806179, 0.03053825609657046, 0.0036235191532856138, 0.9499235348168515, 0.8584241187683155, 0.04122292264055414, 0.9810956074387307, 0.5081796122776342, 0.01358737087866519, 0.869649372350369, 0.009728432194791706, 0.05699779022839637, 0.7203291883659538, 0.8542047739501318, 0.786602690463204, 0.9495460993187526, 0.2018667000804012, 0.9808868044447979, 0.811589376783753, 0.7982432151191199, 0.7676918055924459, 0.6634931807055686, 0.7567949646036799, 0.973909856610774, 0.8032681988324956, 0.8715617399403912, 0.9114734990915214, 0.6111875228338093, 0.9281042065341576, 0.951491652117885, 0.46389994319372707, 0.38058905764140605, 0.5653488182763868, 0.8603189880489537, 0.0211865612897091, 0.9792877351961076, 0.6803051947531101, 0.9018752048497459, 0.04143516961509003, 0.39112740263967244, 0.2552739938213667, 0.9561382270966676, 0.9930249850532372, 0.6152986172456404, 0.7429219330212175, 0.9810445624259498, 0.9654898791625821, 0.09764208199841018, 0.951545528510359, 0.9396151231761994, 0.08379879887966357, 0.9742971235901406]"
Logistic Regression,44,9,"[0, 0, 1, 0, 1, 1, 0, 1, 1, 1, 1, 1, 1, 1, 0, 1, 1, 0, 1, 1, 1, 1, 1, 1, 1, 0, 1, 0, 0, 1, 1, 0, 1, 1, 0, 1, 1, 1, 0, 1, 1, 0, 1, 1, 1, 1, 1, 0, 1, 1, 1, 0, 0, 1, 1, 1, 0, 1, 0, 1, 1, 0, 1, 0, 1, 1, 1, 1, 1, 1, 0, 1, 1, 0, 0, 1, 0, 1, 0, 1, 0, 0, 0, 1, 1, 0, 0, 1, 1, 0, 1, 1, 1, 1, 0, 0, 1, 1, 0, 1, 0, 1, 1, 1, 1, 1, 0, 0, 0, 1, 0, 1, 1, 0, 1, 1, 1, 1, 0, 0, 0, 1, 1, 1, 1, 0, 0, 0, 0, 1, 1, 0, 1, 1, 0, 1, 1, 0, 0, 0, 0, 1, 1]","[0, 0, 1, 1, 1, 1, 1, 1, 0, 1, 1, 1, 1, 1, 0, 1, 1, 0, 1, 1, 1, 1, 1, 1, 1, 0, 1, 0, 0, 1, 1, 0, 1, 1, 0, 1, 1, 0, 1, 1, 1, 0, 0, 0, 1, 1, 0, 0, 1, 1, 1, 0, 0, 1, 0, 1, 0, 1, 0, 1, 0, 0, 1, 0, 0, 1, 0, 1, 1, 1, 1, 1, 1, 0, 0, 1, 0, 1, 0, 1, 0, 0, 0, 1, 1, 1, 0, 1, 1, 1, 0, 0, 1, 1, 0, 1, 0, 1, 0, 1, 0, 1, 1, 1, 1, 0, 1, 0, 1, 1, 0, 1, 0, 0, 1, 1, 1, 1, 0, 0, 0, 1, 1, 1, 1, 0, 0, 0, 0, 1, 0, 0, 1, 1, 0, 1, 1, 1, 1, 0, 0, 1, 1]","[0.05861432426243886, 0.0027402667886338604, 0.9722941811822514, 0.8450457579901803, 0.8396792825559747, 0.8275493764738193, 0.7047510284461849, 0.808965721032553, 0.32251354948612093, 0.9664393320920547, 0.967205604083135, 0.9771399829416548, 0.9358391087025683, 0.7824458712108977, 0.07539802449272404, 0.737452109948988, 0.7830676890665714, 0.17248410141882972, 0.607583301024787, 0.6512461675163768, 0.9790130329438291, 0.920164519771712, 0.9325932751698984, 0.6970753881317786, 0.9682064193857043, 0.018833929083621578, 0.9766577466898728, 0.47722080136587086, 0.018122111017537034, 0.6937587948755459, 0.8699213045288773, 0.4691022492800912, 0.8744551183467325, 0.950669867134358, 0.2521205506815783, 0.7335773494770282, 0.9656793328839751, 0.05021320471606508, 0.6101524157113655, 0.750759263492727, 0.7554294561836813, 0.3812331212235843, 0.19189770770386827, 0.004076193070288531, 0.8893532100785972, 0.9594539274942805, 0.15934109246575415, 0.0008558181221545736, 0.7186179944825514, 0.9883059357838384, 0.6457008985454706, 0.03335500843980738, 0.003063064958408329, 0.6608096199235498, 0.01098391773168462, 0.9400296531851648, 0.27876991034843007, 0.9720826489171727, 0.02107442205549124, 0.96703888981231, 0.2670424157331608, 0.041397877186455094, 0.8914845057995147, 0.08053834523056144, 0.49757877049070287, 0.829816712859515, 0.12608154631440763, 0.8831900059957033, 0.55808239348965, 0.534443526097706, 0.8961803992775892, 0.8584399971203645, 0.883811910960875, 0.03693255368585147, 0.27923397137153555, 0.8915327703170314, 0.052198492508169436, 0.7395137087220115, 0.00047255845150715294, 0.980204038659269, 0.054062956970412857, 0.2233271816512864, 0.003000732365804792, 0.9391357717499788, 0.8615383799835923, 0.8014056227055784, 0.008718514659157682, 0.7030577265344615, 0.8868265474725239, 0.9132669606034052, 0.48257880299633615, 0.3361050148729887, 0.7991180586533942, 0.9720786395649926, 0.006958603290346517, 0.6293023400802427, 0.1637261938350859, 0.9289875687416003, 0.0017206252734647007, 0.9705070356679211, 0.001790701558452696, 0.868197705394732, 0.5490541224033878, 0.9750641726271322, 0.9769953304293292, 0.3374106498178975, 0.9248738773721659, 0.02112544372278599, 0.7595064932925353, 0.7734004974991753, 0.24168352852136726, 0.8831850435236915, 0.10481325392063379, 0.1927939590856249, 0.9441435512382629, 0.9213816661129614, 0.9651516001329551, 0.9213776630315462, 0.020618602775800913, 0.0005721558194251753, 0.09250564563239157, 0.8758353267004755, 0.9527320945914911, 0.9938666332572375, 0.9875706144756622, 0.024303055998563024, 0.27412823799284297, 0.0028100460093194455, 0.4609685122042798, 0.9080745322445949, 0.4647003316736293, 0.11413825061013447, 0.963663938901748, 0.985480953232705, 0.030113201217550307, 0.9602877314077493, 0.8102771137750181, 0.5665004737311905, 0.6406994462856787, 0.09589192684818659, 0.0014375322024505355, 0.9460596701637259, 0.6177745389357444]"
Logistic Regression,45,9,"[1, 0, 0, 1, 1, 1, 1, 0, 1, 0, 1, 0, 1, 1, 1, 0, 0, 0, 1, 1, 1, 1, 1, 1, 0, 1, 1, 1, 0, 1, 1, 1, 1, 1, 0, 0, 1, 1, 0, 1, 1, 1, 1, 1, 1, 1, 0, 0, 1, 0, 1, 1, 1, 0, 1, 0, 0, 1, 1, 1, 1, 1, 1, 1, 1, 0, 1, 1, 0, 1, 0, 1, 1, 0, 1, 1, 1, 1, 1, 0, 1, 0, 1, 1, 1, 1, 1, 1, 1, 1, 1, 0, 1, 0, 1, 0, 0, 1, 0, 1, 1, 1, 1, 0, 0, 1, 0, 1, 1, 1, 1, 0, 1, 1, 1, 1, 1, 1, 1, 0, 0, 0, 1, 0, 1, 0, 0, 0, 1, 0, 1, 1, 1, 1, 1, 0, 0, 1, 1, 0, 0, 1, 1]","[1, 0, 1, 1, 1, 1, 1, 0, 1, 0, 0, 0, 1, 1, 1, 0, 0, 0, 0, 1, 1, 1, 1, 1, 0, 1, 1, 1, 0, 1, 1, 1, 1, 1, 0, 0, 1, 1, 0, 1, 1, 1, 1, 1, 1, 1, 0, 1, 1, 0, 1, 1, 0, 0, 1, 0, 0, 1, 1, 1, 1, 1, 1, 1, 1, 0, 0, 1, 0, 0, 0, 1, 0, 0, 1, 1, 1, 1, 1, 0, 1, 0, 1, 1, 1, 1, 1, 1, 1, 1, 1, 0, 1, 0, 1, 0, 0, 1, 0, 1, 1, 1, 0, 1, 1, 1, 0, 1, 1, 1, 1, 0, 1, 1, 0, 0, 1, 1, 1, 0, 0, 1, 1, 0, 0, 0, 1, 0, 1, 0, 1, 1, 1, 1, 1, 1, 0, 1, 1, 0, 0, 1, 1]","[0.873714354048272, 0.3681221989277511, 0.512962039897673, 0.8423870315332644, 0.8943058688255869, 0.9448884383274622, 0.9291278044141118, 0.03268857973546041, 0.790130561358523, 0.41198925579603884, 0.4890095237859747, 0.12258247447600054, 0.7765380323112522, 0.8579581929239993, 0.6701013762682937, 0.15335271969080122, 0.3832495669461283, 0.11423668369332807, 0.0705536652635454, 0.7956981284218836, 0.8296521688709881, 0.5251110220761354, 0.734109151737717, 0.9230013716758393, 0.008524196745860059, 0.9876338376329047, 0.9039876895649458, 0.9517148613998198, 0.11710311065116544, 0.9307940295201294, 0.5513882082371049, 0.9154184082014838, 0.9370420341198716, 0.962924855532122, 0.02638920630431378, 0.04382192656818324, 0.8023170318821528, 0.9403304487344957, 0.04809548056800564, 0.8254756887591986, 0.7289023612233583, 0.8478110787322116, 0.8755469390928812, 0.639492068693681, 0.7404878820888796, 0.9846945520490177, 0.15398765577159482, 0.809096027709781, 0.6366022520175414, 0.2165385705283144, 0.7542566247615293, 0.5863738066306112, 0.3390461563968178, 0.06989287195322465, 0.5259351679136502, 0.0015436587293314605, 0.08919698639136774, 0.8160923589130527, 0.8192604094238697, 0.891215216476307, 0.5028594633824024, 0.8001824773102904, 0.8084484977709611, 0.8907187684757887, 0.9009983948113478, 0.02802325806259337, 0.2565955460068665, 0.9636582596597775, 0.04771977977348225, 0.37682711221015086, 0.06934810787946602, 0.8584703739838668, 0.48410874307221524, 0.1906051708813068, 0.9718142711541667, 0.5680451199337493, 0.5925931265915436, 0.8225397020796282, 0.9828577528345868, 0.050067578783591166, 0.9899136559702265, 0.008933431737224794, 0.8650708511682151, 0.6471557805054805, 0.6017338695457966, 0.8068119848784194, 0.9658731100896637, 0.9447244578743237, 0.8942319018100897, 0.5599448114636498, 0.7236212259129243, 0.10452716808934161, 0.6279491699914043, 0.04773939409753772, 0.8591074465678211, 0.05682534116492068, 0.028297801845933303, 0.978343720397277, 0.10330517299568907, 0.5868142102293672, 0.9660394347423348, 0.794459999492035, 0.3511204673250863, 0.7880675954431047, 0.7257194431950305, 0.9483664791172626, 0.1233403159895531, 0.8074366500518729, 0.9770940091960542, 0.9056062100942722, 0.9129996874719569, 0.014351852433649453, 0.8388126770376378, 0.8304826905299837, 0.22636827242161528, 0.44547782926952323, 0.8296460388614164, 0.6913931361168058, 0.9605720258257593, 0.2643978299699452, 0.08893801184510108, 0.5678919826590911, 0.8873163472667138, 0.14619982163786926, 0.4561689055261363, 0.021325978638748355, 0.6083284829640723, 0.46827785413030476, 0.9540686551597963, 0.41188353642878134, 0.8521023383734645, 0.5079089196804857, 0.6255408835665751, 0.940811359729662, 0.9433174514492293, 0.7136561460831387, 0.09747534783411509, 0.9834751518804898, 0.7836501149908612, 0.4372873902421207, 0.14743092528429275, 0.9455748710355633, 0.9087578695066707]"
Logistic Regression,46,10,"[0, 0, 1, 0, 0, 1, 1, 0, 1, 1, 0, 0, 1, 0, 0, 1, 1, 1, 0, 1, 1, 1, 1, 1, 1, 0, 1, 0, 1, 0, 1, 1, 1, 1, 1, 1, 0, 1, 1, 0, 0, 0, 1, 1, 0, 1, 0, 1, 1, 0, 0, 0, 1, 0, 1, 0, 0, 1, 1, 0, 0, 0, 1, 1, 1, 1, 0, 1, 0, 1, 1, 1, 0, 1, 1, 1, 1, 1, 1, 1, 0, 1, 1, 1, 1, 1, 1, 1, 0, 0, 1, 0, 0, 0, 1, 1, 1, 1, 0, 0, 1, 1, 1, 1, 1, 1, 1, 1, 0, 1, 1, 0, 0, 0, 1, 1, 1, 1, 1, 0, 0, 0, 0, 1, 0, 0, 1, 1, 1, 0, 0, 0, 0, 1, 1, 0, 0, 1, 0, 1, 0, 1, 0, 1]","[0, 1, 1, 0, 1, 1, 1, 0, 1, 1, 0, 0, 0, 0, 0, 0, 1, 0, 0, 1, 1, 1, 0, 1, 1, 0, 1, 0, 0, 0, 0, 1, 1, 1, 1, 1, 0, 1, 1, 1, 0, 0, 1, 0, 1, 1, 1, 1, 1, 0, 0, 1, 1, 0, 1, 0, 0, 1, 1, 0, 1, 0, 1, 1, 1, 1, 0, 1, 0, 1, 1, 1, 0, 1, 1, 1, 1, 1, 1, 1, 0, 1, 1, 1, 1, 1, 1, 1, 0, 0, 1, 0, 0, 0, 0, 1, 1, 1, 0, 0, 1, 0, 1, 1, 1, 0, 1, 1, 1, 1, 1, 0, 0, 0, 1, 1, 1, 1, 1, 1, 0, 0, 1, 1, 1, 0, 1, 1, 1, 0, 0, 0, 0, 1, 1, 1, 0, 1, 1, 1, 0, 0, 0, 0]","[0.17801472050818345, 0.8550828010790152, 0.9746777222562667, 0.07830030017443088, 0.5066735552520953, 0.9624810839606792, 0.8760922754081042, 0.007247850985044462, 0.8980656094343502, 0.7126807606530702, 0.02209620933675533, 0.32132832742076467, 0.39839913443495856, 0.041920498815871045, 0.15174708098497539, 0.38897365741237494, 0.8465988717274159, 0.45776189620245333, 0.09963097441396716, 0.8857573637554056, 0.8178656561215627, 0.8055949890556872, 0.4898521245814413, 0.5452036343393855, 0.8976757991195833, 0.006011420843857786, 0.9346646187860527, 0.19134641102561603, 0.17119196595042763, 0.008975900715846839, 0.4803275343495914, 0.8217886070361937, 0.9752337401255933, 0.8054065076162253, 0.900638831936763, 0.8356545443866477, 0.4032987159230737, 0.8984060871510382, 0.871337614120188, 0.6554807037249276, 0.38054402836774515, 0.027915371125537863, 0.8431830854517938, 0.20046472591210981, 0.6407566617751547, 0.8858113839143981, 0.6376763794499664, 0.9738832899653836, 0.7740177506024319, 0.018788092366468914, 0.020193192647503497, 0.7064526251949833, 0.9506956227899873, 0.2577208185461399, 0.8188113528550292, 0.022050693271392363, 0.3166137410695991, 0.67470067458744, 0.9004005544968012, 0.004835720588753101, 0.9380383534657477, 0.09264274797756405, 0.8015899097847778, 0.9720436227280826, 0.5108781595885986, 0.9098217664220962, 0.02266284372013845, 0.9511446212433236, 0.013010164396501003, 0.9595414169161148, 0.9424584804220469, 0.9082880561050528, 0.05725153022591945, 0.9539228095576172, 0.6345270022790689, 0.5561791951221907, 0.5863076095506449, 0.9831921087633108, 0.8749273416057193, 0.9928948502895052, 0.060746385903043244, 0.7674478340264013, 0.7397856986914383, 0.7674464655339397, 0.926731538982776, 0.923857212032605, 0.8079613650688766, 0.8575034927350461, 0.14327389322499876, 0.006903417621368364, 0.9436988560951182, 0.0049562020291459225, 0.018513498501348244, 0.479654483743585, 0.44420867915558043, 0.974767420335219, 0.8859824837236534, 0.7276254858673306, 0.06609138138682752, 0.3916775039602766, 0.7815978309401531, 0.3933255014592956, 0.7244472376574103, 0.86878950101795, 0.8252488896339318, 0.13866452581873834, 0.907029221607068, 0.9584172605516772, 0.7953086841639965, 0.8378753037521964, 0.6695469807367287, 0.06731961770212071, 0.20363072393599838, 0.027972580922338872, 0.9237822068230339, 0.5877700636672112, 0.8786207682788812, 0.7607563861454429, 0.9478161877270004, 0.6178348565317974, 0.029529340225830935, 0.06414464967562901, 0.546528686146099, 0.623491929751606, 0.8834730492417073, 0.17187713549026593, 0.7780875499012365, 0.8111427768431181, 0.6444886514898094, 0.011355256728154399, 0.41443891821518153, 0.0031949814599343228, 0.2944949553617367, 0.771238842850938, 0.9515382108130559, 0.5264480376848483, 0.01993415353754822, 0.7751151202541081, 0.7390859983344911, 0.8636599704749515, 0.07008046199811217, 0.48234695285524354, 0.025011142936067904, 0.07650557972665334]"
Logistic Regression,47,10,"[0, 1, 1, 0, 1, 1, 1, 1, 1, 1, 1, 1, 1, 0, 1, 1, 1, 1, 1, 1, 1, 1, 1, 0, 0, 1, 1, 1, 0, 1, 1, 0, 0, 0, 0, 0, 0, 1, 1, 1, 0, 0, 1, 1, 1, 1, 1, 1, 0, 1, 1, 1, 1, 0, 1, 1, 1, 1, 0, 0, 1, 0, 1, 1, 1, 1, 0, 0, 1, 1, 1, 1, 1, 1, 0, 1, 1, 0, 1, 1, 1, 0, 1, 1, 1, 1, 1, 1, 1, 0, 0, 0, 1, 0, 0, 0, 0, 1, 0, 1, 0, 1, 1, 0, 1, 1, 1, 1, 0, 0, 1, 1, 1, 1, 1, 0, 1, 0, 1, 0, 0, 0, 1, 1, 1, 1, 0, 0, 0, 0, 0, 1, 0, 1, 1, 0, 0, 0, 0, 1, 1, 1, 1, 0]","[1, 1, 1, 0, 1, 1, 1, 1, 1, 1, 1, 1, 1, 0, 1, 1, 1, 0, 1, 1, 1, 1, 1, 0, 0, 1, 0, 1, 0, 1, 1, 1, 0, 1, 0, 0, 0, 1, 1, 1, 1, 0, 1, 1, 1, 1, 1, 1, 0, 1, 1, 1, 1, 0, 1, 0, 1, 1, 0, 0, 1, 0, 1, 1, 0, 1, 0, 1, 1, 0, 1, 0, 1, 1, 0, 1, 1, 0, 1, 1, 1, 0, 1, 1, 1, 1, 1, 1, 1, 1, 0, 0, 1, 0, 1, 0, 1, 1, 0, 1, 1, 1, 1, 1, 1, 1, 1, 1, 1, 1, 1, 1, 1, 1, 1, 1, 1, 0, 1, 0, 0, 0, 1, 1, 1, 1, 0, 0, 0, 0, 0, 0, 1, 1, 1, 0, 0, 0, 0, 1, 0, 1, 1, 0]","[0.6530266116828857, 0.8437609254995727, 0.8547713096478592, 0.014005994632827555, 0.8347116394646401, 0.9289217238494031, 0.9381260265001117, 0.7086529598816138, 0.9519615392366311, 0.9538836528117968, 0.9638028920969498, 0.9776892814656315, 0.914538738224564, 0.008709415223533808, 0.8906893876228517, 0.6311464537748402, 0.8319829289970383, 0.22187601762716402, 0.7204381576762898, 0.791465514532131, 0.9154002965251037, 0.9350442400906303, 0.8511561449618172, 0.12438547246466385, 0.024179064559140657, 0.9572330220166102, 0.3156524666086341, 0.8647704296480192, 0.025981549525393454, 0.723475222071159, 0.8537303451594065, 0.5097886348510109, 0.0002786004588406584, 0.5328943057034333, 0.028287177608337634, 0.26800512448874214, 0.2996352285657325, 0.9777835667236778, 0.6909766845547772, 0.6956208596709329, 0.6188950188009764, 0.35219071496861626, 0.7175094890091013, 0.8704244082939192, 0.7730522116125789, 0.6616702705184055, 0.8025484269163469, 0.7664953736456159, 0.15446701790784959, 0.929478828979429, 0.9352207630005525, 0.6708888618279916, 0.9713932415615917, 0.0581601564058585, 0.6375909733514439, 0.31724753069957917, 0.9749743494809142, 0.8963998697882335, 0.05179748880613154, 0.003065530528575613, 0.6740712893202198, 0.0012847216213528433, 0.8888963699330075, 0.8983372921890562, 0.02881845572430141, 0.923875325939679, 0.245750151481038, 0.7487889208311372, 0.9273558984004424, 0.2606301684845964, 0.9235958940311664, 0.2749818299067801, 0.7899030075525599, 0.8920721139865139, 0.021187713548277216, 0.7037997702178527, 0.5625804421697904, 0.18763822888093828, 0.8008485861712207, 0.9059694404563624, 0.842663594489862, 0.08648359931647176, 0.7815689013060151, 0.6792338666149037, 0.9700744446189091, 0.8421438695279956, 0.9277960271865511, 0.8182917829937812, 0.940445087023038, 0.5509217155400558, 0.2052999637301916, 0.007567984468235622, 0.9375183090378774, 0.018425184378315796, 0.6757740014395466, 0.025887790523346988, 0.7278519103230171, 0.7748398846987572, 0.0024319570992036525, 0.5013833915915924, 0.7385820657017347, 0.848880860424649, 0.8776399960448905, 0.7723649419897227, 0.9780244126117571, 0.9831331070996583, 0.9090288643523874, 0.9560856238743719, 0.8875866248887653, 0.7421014578315134, 0.8107903148984359, 0.7629644930709205, 0.6822472382012408, 0.7542447130481659, 0.8532236969432074, 0.533257279581805, 0.969649732561583, 0.25386581144965664, 0.6508329980063454, 0.017994755094163102, 0.0007713805996748127, 0.21088845118622682, 0.9704727503678883, 0.9752162544937645, 0.8611015998118223, 0.9489395193334086, 0.38409425364115035, 0.3686712634469985, 0.010091910074541452, 0.3537677114588019, 0.4421628154541163, 0.48389862653288773, 0.6772697305084621, 0.9651865813482383, 0.9595092291320257, 0.09313509341294265, 0.1574880536275772, 0.18321359137816884, 0.18909069329742534, 0.9386260683658144, 0.4998295860186799, 0.7914909233107074, 0.9437923766546161, 0.1069585578015195]"
Logistic Regression,48,10,"[0, 1, 0, 1, 1, 1, 1, 1, 1, 0, 0, 0, 0, 0, 1, 1, 0, 1, 1, 0, 1, 1, 1, 1, 1, 1, 0, 0, 1, 1, 1, 0, 1, 0, 1, 0, 1, 0, 1, 0, 1, 1, 1, 1, 0, 1, 1, 0, 1, 1, 0, 1, 1, 0, 0, 1, 1, 1, 0, 0, 0, 1, 0, 0, 0, 0, 1, 0, 1, 1, 0, 1, 0, 1, 1, 0, 0, 1, 1, 1, 1, 1, 1, 1, 1, 1, 0, 0, 0, 0, 0, 1, 1, 1, 1, 1, 1, 1, 1, 0, 0, 1, 1, 1, 1, 1, 0, 1, 1, 1, 1, 1, 1, 1, 0, 1, 1, 0, 0, 0, 0, 1, 0, 1, 0, 0, 0, 0, 1, 0, 0, 0, 1, 1, 1, 1, 0, 1, 0, 0, 1, 1, 1]","[0, 1, 1, 1, 0, 1, 1, 1, 1, 0, 0, 0, 1, 0, 1, 1, 0, 0, 1, 0, 1, 0, 0, 1, 1, 1, 0, 0, 0, 0, 1, 1, 1, 0, 1, 0, 1, 0, 1, 1, 0, 1, 1, 1, 0, 1, 1, 1, 0, 1, 1, 1, 1, 0, 0, 0, 1, 1, 0, 0, 0, 0, 0, 0, 0, 0, 1, 0, 1, 0, 1, 1, 0, 1, 1, 0, 0, 1, 0, 1, 0, 1, 1, 1, 1, 1, 0, 0, 0, 0, 1, 1, 0, 0, 1, 1, 0, 0, 0, 0, 0, 0, 1, 1, 1, 1, 0, 1, 0, 0, 1, 1, 1, 1, 1, 1, 1, 0, 0, 1, 1, 1, 0, 1, 0, 0, 0, 0, 1, 0, 0, 0, 1, 1, 1, 0, 0, 0, 0, 0, 1, 1, 1]","[0.00044605319147309196, 0.9118882072875277, 0.8332326431439417, 0.8313056154976196, 0.1788111135027491, 0.8612983985217062, 0.7432316358905328, 0.9815860065641583, 0.9021001518769284, 0.005277565313140204, 0.00883071247177916, 0.11936477451173134, 0.7221430007607019, 0.007307297191586453, 0.9424668912776837, 0.9156994928536625, 1.7741215444279074e-05, 0.4949580760217646, 0.9337685509342335, 0.038124082930002655, 0.9049191573361804, 0.1532400255869507, 0.3813873665957796, 0.9795823851175607, 0.972119130757412, 0.9667348252451765, 0.04358295083386551, 0.0073211417233316305, 0.4592651706998207, 0.14627661023109884, 0.777975121193644, 0.7859064846786672, 0.9827353072715572, 0.25369527869012254, 0.697058455835554, 0.0023933204320065646, 0.8683065807224712, 0.0004253462271923349, 0.9872969911637128, 0.6512202648715757, 0.4003356431038279, 0.947997480019195, 0.6613748617732351, 0.9060023517067095, 0.0009634453387692678, 0.8634037385708638, 0.9470374259065327, 0.914696858038542, 0.000191641952032273, 0.658622711325825, 0.779796846676483, 0.9595074694283336, 0.9464203153647904, 1.2529756348723962e-05, 7.121642667890002e-05, 0.14271559380458407, 0.8905131384527908, 0.9671253514696417, 0.007085801624539267, 5.469150348172972e-05, 0.010829146880512175, 0.4541792434264953, 0.0012438315741629155, 0.00022203838935511025, 2.9357409782210506e-08, 7.952030604908316e-05, 0.7468140351814372, 0.15929880198975746, 0.9716802416019511, 0.2790707525097135, 0.5143021960401211, 0.9233864239555156, 0.04521949018303561, 0.9048031362104418, 0.9070322055019805, 0.3577925872287637, 0.08673195538752179, 0.9713318620968624, 5.032321220350108e-09, 0.5465655401585333, 0.09466241813541719, 0.6599877826751295, 0.6929340466648445, 0.774975234424702, 0.9403839307949237, 0.8871156775169936, 0.005475248138899433, 0.039765453954757383, 0.22979464849550074, 2.1736368079514418e-05, 0.8425591015267986, 0.8687076003322486, 0.22272542464826736, 0.38469300611339974, 0.9043157910560264, 0.8443930501708999, 0.4762371757189353, 0.41906260944612944, 0.027851376646102915, 0.007107403429270725, 6.462477264700022e-05, 0.43264490088795937, 0.9854802809493473, 0.8396241865719225, 0.9181058625536105, 0.9641571797426172, 0.0050653728301759265, 0.8584267060171615, 0.16534155313223073, 0.0009548759768685487, 0.8271464528524193, 0.6457993580088213, 0.9778922206819692, 0.9149391427149707, 0.755847088267027, 0.7529878299464555, 0.7113498912287607, 0.21400228526751103, 0.0034689135936449445, 0.7979132026733318, 0.5802918968362004, 0.9588162961542885, 0.3741954234679343, 0.9341510877406023, 9.584599148811432e-05, 0.48667103369365067, 0.273676852108229, 0.0016777637610057633, 0.978282732800925, 6.646957736843514e-05, 0.022264065253142094, 0.058624954692673516, 0.9561056202073167, 0.7083957309164346, 0.9358712090220555, 0.27516035210446743, 0.07368494610362857, 0.026097345690260034, 0.0811834055928981, 0.1516767554803056, 0.9636685997148261, 0.9326618289647588, 0.9725803930922993]"
Logistic Regression,49,10,"[0, 1, 1, 0, 1, 0, 1, 1, 1, 1, 1, 0, 0, 1, 0, 1, 1, 1, 1, 0, 0, 1, 0, 0, 1, 0, 1, 1, 0, 1, 0, 1, 1, 1, 1, 1, 1, 0, 1, 1, 1, 1, 1, 1, 1, 0, 0, 1, 1, 0, 0, 1, 1, 1, 1, 0, 1, 1, 0, 0, 1, 1, 1, 1, 1, 1, 0, 1, 1, 1, 1, 1, 1, 1, 0, 1, 0, 1, 0, 1, 0, 1, 1, 1, 1, 1, 0, 1, 0, 1, 1, 0, 0, 1, 1, 0, 0, 1, 1, 0, 1, 1, 0, 0, 1, 1, 1, 1, 1, 0, 0, 1, 1, 0, 1, 1, 1, 1, 1, 1, 1, 1, 1, 1, 1, 0, 1, 0, 1, 1, 1, 0, 1, 1, 1, 0, 0, 0, 1, 0, 0, 0, 1]","[0, 1, 1, 1, 1, 0, 1, 1, 1, 0, 1, 0, 0, 1, 0, 0, 0, 1, 1, 0, 0, 1, 0, 0, 1, 0, 1, 1, 1, 1, 0, 1, 1, 1, 1, 1, 1, 1, 1, 1, 1, 1, 1, 1, 1, 0, 1, 0, 1, 0, 1, 1, 1, 1, 1, 0, 0, 1, 0, 0, 0, 1, 0, 1, 1, 1, 0, 1, 1, 1, 1, 1, 1, 0, 0, 1, 0, 1, 0, 1, 0, 1, 1, 1, 1, 1, 0, 1, 0, 1, 1, 0, 0, 1, 1, 0, 1, 1, 1, 1, 0, 0, 0, 0, 1, 1, 1, 1, 1, 0, 0, 1, 0, 0, 1, 1, 1, 1, 1, 1, 1, 1, 1, 1, 1, 0, 0, 0, 0, 1, 1, 0, 1, 1, 1, 0, 1, 1, 0, 0, 1, 0, 1]","[0.3942160315670307, 0.9633722679653473, 0.9256634290326645, 0.9470430976722107, 0.560245697635569, 0.3124751452409518, 0.8367532324944628, 0.9790198853283801, 0.8333746400681213, 0.2935134414448507, 0.8865622320639454, 0.0071665236868555795, 0.08959611101393791, 0.8837807434528115, 0.09771553499330227, 0.3165846188096841, 0.4077799831688265, 0.7498284515443105, 0.541177522020588, 0.15130437112108433, 0.0103667848370039, 0.5683513292982088, 0.004453196613192908, 0.1531691870454529, 0.9615887848615046, 0.0746731636263444, 0.6689754678153038, 0.9472385686679041, 0.5310204777916316, 0.9394569311603598, 0.015455298927458491, 0.8882450721741143, 0.9086297225107981, 0.9549315503366101, 0.9444726814870257, 0.6549494924904976, 0.9693252964992489, 0.6064313672924474, 0.7377236268656079, 0.6971204097228788, 0.8519761420213611, 0.8930731183547663, 0.8245583647724012, 0.9778791757471557, 0.9880119847759761, 0.06936323486093454, 0.8226973202514096, 0.13203093091596738, 0.6325480138955093, 0.19727985984390783, 0.8463351453366826, 0.7494861725705529, 0.6811769903028794, 0.7972307524319648, 0.555266504396967, 0.002872390974798837, 0.3034797597110381, 0.9168175397136155, 0.033847698317241506, 0.023759946937779757, 0.25820382192051766, 0.9532856559447106, 0.3681689801172919, 0.9779949294895041, 0.9243078693025223, 0.8169892329635804, 0.02521081488696623, 0.7718282864610958, 0.9004873185857977, 0.9883035589580697, 0.7950337514282598, 0.9748860447225505, 0.9502829028676504, 0.40806413154438964, 0.0011491703469288697, 0.9565500936588939, 0.4356342833790401, 0.8507431457397238, 0.08296004393919107, 0.9741093518852239, 0.0004273093834205105, 0.8934746056864783, 0.9616192013840229, 0.5544942615652602, 0.9709306433557493, 0.9148039686340944, 0.005829590107814346, 0.8810470748819144, 0.3183714093484893, 0.8509256304341231, 0.7225205551781064, 0.010920437041791301, 0.17868270751537704, 0.6498986549828205, 0.8909421617756986, 0.06553532187643812, 0.9296730587046932, 0.9074017082383162, 0.9736637065254277, 0.9927174225086954, 0.3270530866678959, 0.3656182332239346, 0.07734591053162111, 0.0012795219815475998, 0.9658899558883235, 0.699498538221032, 0.9614568754689649, 0.9388045138799351, 0.5561201413374766, 0.3563645477943266, 0.026564975855131415, 0.9130740380408784, 0.14862508028370816, 0.2074775333785063, 0.8945161692947065, 0.9757682260172357, 0.8893061745780854, 0.963012434185761, 0.8527840167858516, 0.9439423172335503, 0.9164353749928797, 0.9695588149622392, 0.915215912828369, 0.9651601777978909, 0.8526443795541396, 0.0343474524512524, 0.34416494131315556, 0.4157429999178163, 0.47885933947267983, 0.9624261530293675, 0.9801713569687481, 0.036910741423831085, 0.9411507152915619, 0.9883587719785579, 0.5275839544700066, 0.07503814960741076, 0.5511804043647643, 0.7427140293260743, 0.47889319373671585, 0.014804400834032089, 0.6349537556184728, 0.0020101518676547683, 0.8662639544379116]"
Logistic Regression,50,10,"[1, 1, 0, 0, 1, 1, 1, 1, 1, 1, 0, 1, 1, 1, 1, 0, 0, 1, 1, 1, 0, 1, 1, 1, 1, 1, 1, 1, 1, 0, 1, 1, 1, 0, 0, 1, 0, 1, 0, 1, 1, 1, 1, 0, 1, 1, 0, 0, 0, 0, 1, 1, 1, 1, 1, 1, 1, 0, 1, 1, 0, 1, 0, 0, 1, 1, 1, 1, 1, 1, 1, 1, 0, 1, 1, 0, 1, 0, 1, 1, 0, 1, 1, 1, 1, 1, 1, 0, 0, 1, 0, 0, 1, 0, 1, 1, 1, 1, 1, 1, 1, 1, 0, 1, 1, 1, 1, 1, 1, 1, 0, 0, 0, 1, 0, 1, 0, 1, 1, 1, 1, 1, 1, 0, 1, 1, 1, 0, 0, 1, 0, 1, 1, 1, 1, 1, 1, 1, 0, 1, 1, 0, 1]","[1, 1, 1, 0, 1, 1, 1, 1, 1, 1, 1, 1, 1, 1, 1, 0, 0, 1, 0, 1, 0, 1, 1, 1, 1, 1, 1, 1, 1, 0, 1, 1, 1, 0, 0, 1, 1, 1, 0, 0, 1, 1, 1, 0, 1, 1, 0, 0, 0, 0, 1, 1, 1, 1, 1, 1, 0, 0, 0, 1, 1, 1, 0, 0, 0, 1, 1, 0, 0, 1, 1, 0, 1, 1, 1, 0, 1, 0, 1, 1, 0, 1, 1, 1, 1, 1, 1, 0, 0, 1, 0, 0, 1, 1, 1, 1, 1, 1, 1, 1, 0, 1, 0, 1, 0, 1, 0, 1, 1, 1, 1, 0, 0, 1, 0, 1, 0, 1, 1, 1, 1, 1, 0, 1, 1, 1, 1, 0, 0, 1, 0, 1, 1, 1, 1, 1, 1, 1, 0, 1, 1, 0, 1]","[0.9054682014306781, 0.9691684291462282, 0.5334392389687129, 0.27198587228170634, 0.9727753981012339, 0.9221710430580639, 0.5793827604526516, 0.8707289732551269, 0.9188496200632166, 0.7973385164017612, 0.9667037746493264, 0.7378893326190423, 0.5782491990907057, 0.7472647718871969, 0.6365430725842195, 0.12265479223272566, 0.347202232226718, 0.9770767888118507, 0.06329251873708003, 0.7887901228100521, 0.11489161372128925, 0.9579264929423685, 0.7662731170945518, 0.9341916286650018, 0.6933217412042033, 0.9766432422103598, 0.6650511343898238, 0.9880467107708306, 0.8583391124479286, 0.09896050412407702, 0.5459387718645664, 0.947992672599229, 0.9608423515838771, 0.34272271069418514, 0.0441383024580909, 0.8707646600226033, 0.8839123985278605, 0.9537181964858074, 0.30946506812488905, 0.09172746575871625, 0.9201580343959611, 0.6005232478959268, 0.73225053838633, 0.36965415613045505, 0.877551736254863, 0.9435522723513933, 0.0014964439304278273, 0.20707202315665355, 0.030046947305451665, 0.07670330953884198, 0.8530189483647702, 0.9184349005733965, 0.8211019873402804, 0.7862627570097108, 0.8104165973211059, 0.8978612559057516, 0.47132027862239156, 0.10654459910832442, 0.4763638477262249, 0.9647203018112598, 0.5332675364455991, 0.8632220089517008, 0.03759774113302415, 0.04101798968428545, 0.10549952879293971, 0.9616997385263055, 0.8672003351996993, 0.4201217463782648, 0.1301091128430353, 0.586846534918993, 0.9880879380550602, 0.17808550995732073, 0.862314404199903, 0.8312149375686102, 0.8376669157031956, 0.008310073251050813, 0.8972732594056889, 0.07173378266251157, 0.681351033972227, 0.886030440220896, 0.2463782090210104, 0.8936382638374023, 0.917795671601583, 0.8283648388446678, 0.6147691157489578, 0.9428392137641244, 0.9589269304724842, 0.08463043399179795, 0.04768657572575884, 0.9046187279317859, 0.010780626445469663, 0.06920956258199999, 0.5717636767569682, 0.8016016550457067, 0.7425110385307334, 0.5166835618793808, 0.9420011458768041, 0.711853673285028, 0.7070398732288232, 0.9205406060225756, 0.39195180339946584, 0.9483531288701917, 0.013803879963567035, 0.7484196232172797, 0.26496968031404855, 0.9808903441934878, 0.38987380790554343, 0.9785667884225133, 0.8830075819279373, 0.7169922500963519, 0.871624038594045, 0.19593642254352417, 0.03561851470388709, 0.9093343484391206, 0.13706354005525181, 0.5883333424155591, 0.15258559638310235, 0.876237555195305, 0.9656540148461206, 0.987827570674042, 0.9961213252256982, 0.9823822823510802, 0.31658275940221636, 0.8398177778106845, 0.9718517032456591, 0.9126652003585929, 0.9113853993394353, 0.17437004222873403, 0.039512504734066714, 0.5637664275851023, 0.0002256392416954189, 0.7234061244472242, 0.9467391137667034, 0.9584841707286662, 0.9682946552389607, 0.7749375217863989, 0.989620426078969, 0.7043864796991979, 0.34097634184783376, 0.9601082383446596, 0.863254001234804, 0.004792326369813442, 0.5971685544376171]"
Random Forest,1,1,"[1, 0, 0, 1, 0, 0, 1, 1, 1, 0, 0, 1, 1, 1, 0, 1, 1, 1, 1, 0, 1, 1, 1, 0, 1, 1, 1, 0, 0, 1, 1, 1, 1, 1, 1, 0, 1, 1, 1, 1, 0, 1, 1, 0, 1, 0, 1, 0, 0, 1, 0, 1, 1, 0, 0, 0, 0, 1, 1, 0, 0, 1, 1, 0, 0, 1, 1, 1, 1, 0, 1, 1, 1, 1, 0, 1, 1, 1, 1, 1, 1, 1, 0, 1, 1, 0, 1, 0, 1, 1, 1, 0, 1, 1, 1, 0, 1, 1, 0, 1, 1, 1, 1, 1, 0, 1, 1, 0, 1, 1, 1, 1, 1, 1, 0, 1, 1, 0, 1, 1, 1, 0, 1, 0, 1, 1, 1, 0, 1, 1, 0, 0, 1, 0, 1, 0, 1, 0, 1, 1, 1, 0, 1, 1]","[0, 0, 1, 1, 1, 0, 1, 1, 1, 1, 0, 1, 1, 1, 0, 1, 0, 1, 1, 0, 1, 1, 0, 0, 1, 1, 1, 0, 0, 1, 1, 0, 1, 1, 1, 0, 1, 1, 1, 1, 1, 1, 0, 1, 1, 0, 1, 0, 0, 1, 0, 1, 1, 0, 0, 1, 1, 1, 1, 0, 1, 1, 1, 1, 0, 1, 1, 1, 1, 0, 1, 1, 1, 1, 0, 0, 1, 1, 1, 1, 1, 1, 0, 1, 1, 0, 1, 0, 1, 1, 1, 0, 1, 1, 1, 0, 1, 1, 1, 1, 1, 1, 1, 1, 1, 1, 1, 1, 1, 1, 0, 1, 1, 1, 1, 1, 1, 0, 1, 1, 1, 0, 1, 0, 1, 1, 1, 1, 1, 1, 0, 1, 1, 0, 1, 0, 1, 0, 1, 0, 1, 0, 0, 1]","[0.42, 0.13, 0.67, 0.98, 1.0, 0.02, 1.0, 0.85, 0.83, 0.51, 0.11, 0.98, 0.98, 0.75, 0.15, 1.0, 0.02, 0.64, 0.78, 0.19, 0.55, 0.91, 0.41, 0.2, 1.0, 0.72, 0.96, 0.25, 0.0, 0.97, 0.98, 0.41, 0.87, 0.76, 0.66, 0.37, 0.92, 0.76, 0.58, 0.92, 0.51, 0.78, 0.45, 0.61, 0.77, 0.04, 0.97, 0.0, 0.01, 1.0, 0.09, 0.59, 0.9, 0.08, 0.06, 0.67, 0.53, 0.85, 0.88, 0.05, 0.54, 0.95, 0.82, 0.6, 0.27, 0.92, 0.64, 0.77, 1.0, 0.0, 0.93, 0.96, 0.99, 0.73, 0.04, 0.39, 1.0, 0.94, 0.57, 0.76, 0.99, 0.91, 0.08, 0.95, 0.93, 0.02, 0.98, 0.0, 0.97, 0.88, 0.94, 0.15, 0.91, 0.81, 0.93, 0.01, 0.79, 1.0, 0.59, 0.92, 0.81, 0.68, 0.81, 0.74, 0.88, 0.79, 0.88, 0.95, 0.63, 0.99, 0.21, 0.98, 0.83, 0.97, 0.98, 0.96, 0.74, 0.01, 0.62, 0.87, 0.7, 0.0, 0.95, 0.4, 0.99, 0.79, 0.75, 0.73, 0.83, 0.8, 0.01, 0.54, 0.99, 0.27, 0.75, 0.02, 1.0, 0.0, 1.0, 0.49, 0.96, 0.07, 0.18, 0.97]"
Random Forest,2,1,"[0, 1, 0, 1, 0, 0, 1, 1, 1, 1, 0, 0, 1, 1, 1, 1, 1, 1, 1, 1, 1, 1, 1, 0, 1, 1, 0, 1, 1, 1, 0, 0, 0, 0, 1, 1, 0, 0, 1, 1, 1, 1, 1, 0, 0, 0, 1, 0, 1, 0, 1, 1, 1, 1, 0, 0, 0, 0, 1, 0, 1, 0, 1, 0, 1, 0, 0, 1, 1, 1, 1, 0, 1, 1, 1, 1, 1, 1, 1, 0, 0, 0, 1, 1, 1, 1, 1, 1, 1, 1, 1, 0, 1, 0, 0, 0, 1, 1, 0, 1, 1, 0, 0, 1, 1, 1, 1, 0, 1, 1, 1, 0, 0, 0, 0, 0, 0, 1, 1, 1, 0, 0, 1, 0, 1, 0, 0, 1, 0, 1, 0, 1, 1, 1, 1, 0, 1, 0, 0, 0, 1, 1, 1]","[1, 1, 1, 1, 0, 0, 1, 1, 1, 1, 1, 0, 1, 1, 1, 1, 1, 1, 1, 1, 1, 0, 1, 0, 1, 1, 0, 1, 1, 1, 0, 0, 0, 0, 1, 1, 1, 0, 1, 1, 1, 1, 1, 1, 0, 1, 1, 0, 1, 1, 1, 0, 1, 1, 0, 0, 0, 0, 1, 0, 0, 0, 1, 0, 1, 0, 0, 1, 1, 1, 1, 0, 1, 0, 1, 1, 0, 1, 1, 0, 0, 0, 1, 1, 1, 1, 1, 1, 1, 0, 1, 1, 0, 0, 0, 0, 1, 0, 0, 0, 1, 0, 1, 1, 1, 1, 1, 1, 1, 1, 1, 0, 1, 1, 0, 0, 1, 1, 1, 1, 0, 1, 1, 0, 1, 1, 0, 1, 0, 1, 0, 1, 1, 1, 1, 0, 0, 0, 1, 1, 1, 1, 1]","[0.84, 0.99, 0.77, 0.95, 0.11, 0.02, 0.97, 0.91, 0.94, 0.85, 0.95, 0.01, 1.0, 0.93, 0.99, 0.9, 0.51, 0.73, 0.77, 0.84, 0.88, 0.47, 0.9, 0.08, 0.55, 0.9, 0.08, 0.99, 0.86, 0.53, 0.06, 0.0, 0.0, 0.05, 0.74, 0.97, 0.52, 0.06, 1.0, 0.92, 0.9, 0.94, 0.97, 0.56, 0.0, 0.8, 0.98, 0.04, 0.98, 0.9, 0.97, 0.15, 0.95, 0.84, 0.11, 0.01, 0.15, 0.05, 0.88, 0.0, 0.29, 0.32, 0.92, 0.05, 0.53, 0.11, 0.01, 0.96, 0.98, 0.94, 0.66, 0.02, 0.89, 0.41, 0.87, 0.97, 0.39, 0.95, 0.99, 0.02, 0.09, 0.24, 0.94, 0.87, 0.9, 0.95, 1.0, 0.95, 0.94, 0.35, 0.93, 0.83, 0.5, 0.05, 0.38, 0.01, 0.9, 0.41, 0.02, 0.43, 0.68, 0.11, 0.77, 0.97, 0.8, 0.74, 0.87, 0.83, 0.84, 0.86, 0.93, 0.3, 0.71, 0.91, 0.43, 0.19, 0.78, 0.99, 0.92, 0.91, 0.05, 0.66, 0.89, 0.24, 0.98, 0.85, 0.24, 0.97, 0.41, 0.86, 0.24, 0.95, 0.95, 0.62, 0.94, 0.02, 0.02, 0.16, 0.77, 0.79, 0.86, 0.88, 0.89]"
Random Forest,3,1,"[0, 1, 1, 0, 1, 1, 1, 1, 1, 0, 0, 0, 0, 0, 1, 1, 1, 0, 0, 1, 1, 1, 1, 1, 1, 1, 1, 1, 1, 1, 0, 0, 0, 0, 1, 0, 0, 1, 1, 1, 1, 1, 1, 1, 0, 0, 1, 1, 1, 0, 0, 0, 0, 0, 0, 0, 0, 1, 0, 1, 1, 1, 1, 0, 1, 1, 0, 1, 1, 0, 1, 1, 1, 1, 0, 1, 1, 1, 1, 0, 1, 0, 0, 1, 0, 1, 1, 1, 0, 0, 1, 1, 1, 1, 0, 1, 0, 0, 1, 1, 1, 1, 1, 1, 0, 1, 1, 1, 0, 1, 1, 1, 0, 1, 0, 1, 0, 1, 0, 1, 1, 0, 1, 1, 1, 1, 0, 0, 0, 0, 0, 0, 1, 1, 0, 1, 1, 1, 1, 0, 1, 1, 0]","[1, 1, 1, 1, 1, 1, 1, 1, 1, 1, 0, 0, 0, 0, 0, 1, 1, 0, 0, 1, 1, 1, 1, 1, 1, 1, 1, 1, 1, 1, 1, 0, 1, 0, 1, 1, 1, 1, 0, 1, 1, 1, 1, 1, 1, 1, 1, 1, 1, 0, 1, 0, 0, 0, 0, 0, 0, 1, 0, 1, 1, 1, 1, 1, 1, 1, 1, 1, 1, 0, 1, 1, 1, 1, 0, 1, 1, 1, 1, 1, 1, 0, 0, 1, 0, 1, 1, 1, 1, 0, 1, 0, 1, 1, 1, 1, 1, 0, 1, 1, 0, 1, 1, 1, 1, 1, 1, 1, 1, 1, 1, 1, 0, 0, 1, 1, 0, 1, 1, 1, 1, 0, 1, 1, 1, 1, 1, 0, 0, 1, 0, 0, 1, 1, 0, 1, 1, 1, 1, 1, 1, 1, 0]","[0.89, 0.94, 0.74, 0.92, 0.92, 0.75, 0.98, 0.79, 0.93, 0.6, 0.23, 0.05, 0.12, 0.09, 0.33, 0.89, 0.97, 0.13, 0.08, 0.62, 0.69, 1.0, 0.77, 0.99, 1.0, 0.51, 0.97, 0.52, 0.9, 0.82, 0.82, 0.32, 0.56, 0.0, 0.94, 0.86, 0.63, 0.51, 0.04, 0.62, 0.91, 0.83, 0.97, 0.93, 0.9, 0.67, 0.99, 0.94, 0.69, 0.01, 0.75, 0.0, 0.0, 0.01, 0.23, 0.0, 0.01, 0.85, 0.18, 0.66, 0.85, 1.0, 0.62, 0.71, 0.97, 0.85, 0.59, 0.98, 0.93, 0.0, 0.89, 0.79, 0.97, 0.87, 0.0, 0.79, 0.97, 0.98, 0.84, 0.78, 0.91, 0.01, 0.0, 0.97, 0.49, 0.95, 0.97, 0.92, 0.61, 0.0, 0.81, 0.34, 0.99, 0.91, 0.94, 0.69, 0.55, 0.0, 0.79, 0.87, 0.0, 0.97, 0.87, 0.76, 0.77, 0.98, 0.96, 0.61, 0.88, 0.97, 0.93, 0.9, 0.27, 0.46, 0.84, 1.0, 0.42, 0.95, 0.68, 0.94, 0.96, 0.0, 0.95, 0.95, 0.96, 0.96, 0.88, 0.14, 0.0, 0.81, 0.31, 0.03, 0.86, 0.71, 0.03, 0.83, 0.96, 0.65, 0.85, 0.85, 0.61, 0.82, 0.0]"
Random Forest,4,1,"[0, 0, 1, 1, 1, 1, 1, 1, 1, 1, 1, 1, 1, 0, 1, 1, 1, 0, 1, 0, 1, 1, 0, 0, 1, 1, 1, 1, 0, 1, 1, 0, 1, 1, 0, 0, 1, 0, 0, 1, 1, 0, 0, 1, 1, 1, 1, 1, 1, 1, 0, 1, 1, 1, 1, 1, 1, 0, 1, 1, 0, 0, 1, 1, 1, 1, 0, 0, 1, 1, 1, 1, 1, 1, 0, 1, 1, 0, 0, 1, 0, 1, 0, 1, 1, 1, 1, 0, 1, 0, 1, 1, 0, 1, 0, 1, 0, 1, 1, 0, 1, 1, 1, 0, 0, 1, 1, 1, 0, 1, 1, 0, 1, 0, 0, 1, 0, 1, 1, 1, 0, 0, 1, 1, 1, 0, 1, 0, 1, 0, 1, 0, 1, 0, 1, 0, 0, 1, 1, 0, 0, 0, 0, 1]","[1, 0, 1, 1, 1, 1, 1, 1, 1, 1, 1, 1, 1, 0, 1, 1, 1, 1, 1, 0, 1, 1, 0, 0, 1, 1, 1, 1, 0, 1, 1, 1, 1, 1, 1, 1, 1, 0, 1, 1, 0, 1, 1, 1, 1, 0, 1, 1, 1, 1, 0, 1, 0, 1, 1, 1, 1, 0, 1, 1, 1, 0, 1, 1, 1, 1, 0, 0, 1, 1, 1, 1, 1, 1, 1, 1, 1, 0, 1, 1, 0, 1, 0, 1, 1, 1, 1, 0, 1, 1, 1, 1, 0, 1, 0, 1, 1, 1, 0, 0, 1, 1, 1, 1, 1, 1, 0, 1, 0, 1, 1, 0, 1, 0, 0, 1, 0, 1, 1, 1, 0, 0, 1, 1, 1, 1, 1, 0, 1, 0, 1, 0, 1, 0, 1, 1, 0, 1, 1, 0, 0, 0, 0, 1]","[0.71, 0.3, 0.97, 0.83, 0.97, 0.92, 0.63, 0.75, 0.86, 0.61, 0.67, 0.94, 0.94, 0.01, 0.9, 0.79, 0.94, 0.61, 0.65, 0.0, 0.99, 0.93, 0.33, 0.0, 0.65, 0.98, 0.79, 0.83, 0.01, 0.58, 0.74, 0.62, 1.0, 0.94, 0.57, 0.55, 0.65, 0.08, 0.83, 0.99, 0.49, 0.67, 0.61, 0.88, 0.7, 0.09, 0.71, 0.95, 0.99, 0.83, 0.0, 0.79, 0.45, 0.78, 0.79, 0.98, 1.0, 0.0, 0.94, 0.71, 0.86, 0.05, 1.0, 0.96, 0.97, 0.98, 0.19, 0.01, 0.95, 0.98, 0.93, 0.52, 0.62, 0.82, 0.93, 0.99, 0.85, 0.08, 0.56, 0.9, 0.07, 0.97, 0.01, 0.57, 0.97, 0.83, 0.85, 0.3, 0.91, 0.82, 0.69, 0.64, 0.01, 0.75, 0.1, 0.86, 0.97, 0.65, 0.21, 0.0, 0.98, 1.0, 1.0, 0.68, 0.54, 0.8, 0.3, 0.96, 0.01, 0.65, 0.64, 0.0, 0.99, 0.03, 0.48, 0.63, 0.0, 1.0, 0.98, 1.0, 0.02, 0.02, 0.93, 0.86, 0.92, 0.69, 0.7, 0.14, 0.93, 0.45, 0.73, 0.08, 0.93, 0.04, 0.95, 0.73, 0.05, 0.94, 0.87, 0.0, 0.23, 0.0, 0.12, 0.91]"
Random Forest,5,1,"[1, 0, 1, 1, 1, 1, 0, 1, 0, 1, 1, 0, 1, 1, 1, 0, 0, 0, 1, 0, 1, 1, 1, 1, 1, 0, 1, 1, 1, 0, 0, 1, 1, 1, 0, 1, 1, 1, 1, 0, 1, 1, 1, 1, 1, 0, 0, 1, 1, 1, 0, 1, 1, 1, 0, 1, 1, 1, 1, 1, 1, 1, 1, 0, 0, 1, 0, 1, 1, 1, 1, 0, 1, 1, 1, 1, 1, 1, 1, 1, 1, 1, 1, 1, 1, 1, 1, 0, 1, 0, 0, 0, 0, 0, 0, 1, 0, 1, 1, 1, 0, 1, 1, 1, 1, 1, 1, 1, 1, 1, 1, 1, 1, 0, 0, 1, 1, 0, 0, 1, 1, 0, 1, 0, 1, 0, 1, 1, 1, 1, 1, 0, 1, 1, 0, 0, 0, 1, 0, 0, 0, 1, 1]","[1, 1, 1, 0, 1, 1, 0, 1, 1, 1, 1, 0, 1, 1, 1, 0, 0, 0, 1, 0, 1, 1, 1, 1, 1, 0, 1, 1, 1, 0, 1, 1, 1, 1, 0, 1, 1, 1, 1, 0, 1, 1, 1, 1, 1, 0, 1, 1, 1, 1, 0, 0, 1, 1, 0, 1, 1, 1, 1, 1, 1, 0, 1, 1, 0, 1, 1, 1, 1, 1, 1, 0, 0, 1, 1, 1, 1, 1, 1, 1, 1, 1, 1, 1, 1, 1, 1, 0, 1, 0, 0, 0, 0, 0, 0, 1, 1, 1, 1, 1, 1, 1, 1, 1, 1, 1, 1, 1, 1, 0, 1, 1, 1, 0, 1, 1, 1, 0, 0, 0, 1, 0, 1, 1, 1, 0, 0, 1, 1, 1, 1, 1, 1, 1, 1, 0, 1, 1, 0, 0, 0, 1, 1]","[0.95, 0.65, 0.81, 0.29, 0.82, 1.0, 0.13, 0.98, 0.75, 0.59, 0.73, 0.0, 0.94, 0.89, 0.89, 0.24, 0.5, 0.05, 0.74, 0.04, 0.58, 0.84, 0.98, 0.93, 0.87, 0.0, 0.99, 0.74, 0.98, 0.22, 0.77, 0.97, 0.84, 0.81, 0.06, 0.93, 0.93, 0.91, 0.69, 0.46, 0.92, 0.94, 0.68, 0.93, 0.97, 0.29, 0.88, 0.91, 0.59, 0.85, 0.3, 0.48, 0.98, 0.79, 0.0, 0.83, 0.75, 0.82, 0.7, 0.92, 0.91, 0.14, 0.96, 0.73, 0.1, 0.55, 0.62, 0.56, 0.93, 0.89, 0.8, 0.41, 0.26, 1.0, 0.64, 0.89, 1.0, 0.93, 0.93, 0.84, 1.0, 0.87, 0.97, 0.85, 0.91, 0.66, 0.95, 0.48, 0.94, 0.12, 0.21, 0.02, 0.28, 0.06, 0.1, 0.75, 0.57, 0.79, 0.72, 0.88, 0.55, 0.87, 0.93, 1.0, 0.82, 0.97, 0.81, 0.72, 0.69, 0.41, 0.97, 0.82, 0.92, 0.41, 0.9, 0.94, 1.0, 0.4, 0.06, 0.25, 0.98, 0.03, 0.98, 0.66, 0.97, 0.0, 0.47, 0.94, 0.97, 0.99, 1.0, 0.84, 1.0, 1.0, 0.72, 0.27, 0.7, 0.77, 0.41, 0.26, 0.04, 0.93, 0.99]"
Random Forest,6,2,"[1, 0, 1, 1, 0, 1, 0, 1, 0, 0, 1, 0, 0, 1, 1, 1, 1, 0, 1, 1, 1, 0, 1, 1, 0, 1, 0, 1, 1, 1, 1, 1, 1, 1, 0, 1, 1, 0, 1, 0, 0, 1, 1, 1, 1, 1, 1, 1, 1, 1, 0, 1, 0, 0, 1, 0, 0, 1, 1, 1, 0, 1, 1, 0, 0, 1, 1, 1, 1, 1, 0, 1, 1, 1, 1, 1, 1, 1, 1, 0, 1, 1, 1, 1, 0, 1, 1, 1, 1, 0, 1, 1, 1, 1, 1, 0, 0, 0, 0, 1, 0, 1, 0, 1, 1, 0, 1, 1, 1, 1, 0, 1, 1, 0, 0, 1, 1, 0, 1, 0, 0, 1, 1, 1, 0, 1, 1, 0, 0, 0, 0, 1, 0, 0, 0, 0, 0, 1, 1, 1, 1, 0, 0, 1]","[1, 0, 1, 1, 0, 1, 1, 1, 1, 0, 1, 1, 0, 1, 1, 0, 1, 0, 1, 0, 1, 0, 1, 1, 0, 1, 0, 1, 1, 1, 0, 1, 1, 1, 1, 1, 1, 1, 1, 1, 0, 1, 1, 1, 1, 0, 1, 1, 1, 1, 0, 1, 0, 0, 1, 0, 0, 1, 0, 1, 0, 1, 1, 0, 0, 1, 1, 1, 1, 1, 0, 1, 1, 0, 1, 1, 1, 1, 1, 0, 1, 1, 1, 1, 0, 1, 1, 1, 1, 0, 1, 1, 1, 1, 1, 0, 0, 0, 1, 1, 0, 1, 1, 1, 1, 1, 1, 1, 1, 1, 0, 1, 1, 1, 1, 1, 1, 0, 1, 0, 0, 1, 1, 1, 0, 1, 1, 1, 0, 1, 0, 1, 0, 0, 0, 0, 1, 1, 1, 1, 1, 0, 0, 0]","[0.92, 0.23, 0.92, 0.84, 0.13, 0.88, 0.71, 0.97, 0.99, 0.04, 0.95, 0.56, 0.06, 0.95, 0.93, 0.36, 0.82, 0.24, 0.96, 0.5, 0.87, 0.0, 0.81, 1.0, 0.07, 0.57, 0.0, 0.98, 0.82, 0.96, 0.26, 0.93, 0.97, 0.66, 0.59, 0.7, 0.96, 0.61, 0.98, 0.79, 0.04, 0.75, 0.83, 0.86, 0.99, 0.44, 0.78, 0.89, 0.99, 0.87, 0.0, 0.84, 0.1, 0.0, 0.91, 0.1, 0.49, 0.95, 0.45, 0.88, 0.01, 0.69, 0.95, 0.23, 0.3, 0.8, 0.61, 0.99, 1.0, 0.99, 0.01, 0.97, 0.88, 0.35, 1.0, 0.57, 0.98, 0.93, 0.92, 0.02, 0.9, 0.84, 0.96, 0.99, 0.03, 1.0, 1.0, 0.99, 0.98, 0.02, 0.92, 0.85, 0.89, 0.65, 0.82, 0.01, 0.01, 0.1, 0.84, 0.86, 0.03, 0.69, 0.76, 0.97, 0.73, 0.87, 0.84, 0.89, 0.68, 0.83, 0.28, 0.98, 0.98, 0.77, 0.96, 0.93, 0.81, 0.34, 0.69, 0.06, 0.0, 0.78, 0.98, 0.82, 0.23, 0.99, 0.68, 0.79, 0.0, 0.51, 0.01, 0.89, 0.23, 0.17, 0.0, 0.23, 0.79, 0.92, 0.9, 0.51, 0.72, 0.09, 0.0, 0.16]"
Random Forest,7,2,"[1, 1, 1, 0, 1, 1, 1, 1, 1, 0, 1, 1, 1, 1, 1, 1, 0, 1, 1, 1, 1, 0, 1, 1, 1, 0, 0, 1, 1, 0, 0, 1, 0, 0, 1, 1, 0, 0, 1, 0, 1, 1, 1, 1, 1, 0, 0, 0, 1, 0, 1, 1, 1, 0, 0, 1, 1, 1, 1, 0, 1, 1, 1, 0, 1, 1, 0, 1, 1, 1, 1, 1, 0, 1, 1, 1, 1, 1, 1, 0, 1, 1, 1, 0, 0, 1, 0, 1, 0, 1, 1, 0, 1, 1, 1, 1, 1, 1, 1, 1, 1, 1, 1, 1, 1, 1, 0, 1, 0, 0, 0, 0, 1, 1, 0, 0, 1, 1, 0, 1, 0, 0, 1, 0, 0, 1, 1, 0, 0, 0, 1, 1, 1, 0, 0, 0, 0, 0, 0, 1, 1, 1, 0, 1]","[1, 1, 1, 0, 1, 1, 1, 1, 1, 0, 1, 1, 1, 1, 1, 1, 0, 1, 1, 1, 1, 0, 1, 0, 1, 0, 0, 1, 1, 0, 0, 0, 0, 0, 1, 1, 0, 0, 1, 0, 1, 1, 1, 1, 1, 0, 0, 0, 1, 1, 1, 1, 1, 0, 0, 1, 1, 1, 1, 1, 1, 1, 0, 0, 1, 1, 0, 1, 1, 1, 0, 1, 0, 1, 1, 1, 1, 1, 1, 0, 1, 1, 1, 0, 0, 1, 0, 1, 0, 1, 1, 1, 1, 1, 1, 1, 1, 1, 1, 1, 1, 1, 1, 1, 1, 1, 1, 1, 0, 0, 0, 0, 1, 1, 1, 0, 1, 1, 0, 1, 0, 1, 1, 1, 1, 1, 1, 0, 0, 0, 1, 1, 0, 0, 1, 0, 0, 0, 1, 1, 1, 1, 0, 1]","[0.92, 0.97, 0.72, 0.01, 0.84, 0.94, 0.8, 0.96, 0.82, 0.03, 0.68, 0.9, 1.0, 0.99, 0.72, 0.98, 0.02, 0.7, 0.8, 0.55, 0.82, 0.19, 1.0, 0.46, 0.85, 0.2, 0.1, 0.83, 0.81, 0.06, 0.0, 0.42, 0.04, 0.05, 0.95, 1.0, 0.43, 0.45, 0.97, 0.08, 0.99, 0.52, 0.99, 0.65, 0.76, 0.03, 0.04, 0.0, 0.84, 0.55, 0.99, 0.79, 0.86, 0.0, 0.48, 0.86, 0.97, 0.94, 0.97, 0.61, 0.99, 0.94, 0.47, 0.12, 0.84, 0.91, 0.05, 0.9, 0.83, 0.61, 0.36, 0.95, 0.11, 0.86, 0.86, 0.89, 0.51, 0.79, 0.95, 0.06, 0.88, 0.93, 0.93, 0.23, 0.0, 0.81, 0.33, 0.89, 0.06, 0.76, 0.95, 0.66, 0.79, 0.8, 0.94, 0.8, 0.97, 0.95, 0.72, 0.71, 0.98, 0.95, 0.79, 0.94, 0.91, 0.95, 0.59, 0.66, 0.47, 0.07, 0.25, 0.0, 0.65, 0.91, 0.63, 0.01, 0.93, 0.96, 0.38, 0.97, 0.03, 0.67, 0.72, 0.92, 0.68, 0.81, 0.75, 0.29, 0.34, 0.0, 0.92, 0.93, 0.08, 0.14, 0.65, 0.31, 0.01, 0.27, 0.7, 0.99, 0.56, 0.95, 0.06, 0.87]"
Random Forest,8,2,"[1, 0, 0, 1, 0, 1, 1, 1, 1, 1, 1, 0, 0, 1, 1, 0, 1, 1, 0, 1, 1, 1, 1, 1, 1, 1, 1, 1, 0, 1, 0, 0, 1, 1, 0, 0, 1, 0, 1, 0, 0, 1, 1, 1, 1, 0, 1, 1, 1, 0, 1, 0, 1, 1, 0, 1, 0, 1, 1, 0, 1, 0, 0, 1, 0, 0, 0, 0, 1, 0, 0, 1, 0, 0, 1, 1, 1, 0, 0, 1, 1, 1, 1, 1, 1, 1, 1, 1, 1, 0, 1, 1, 0, 1, 1, 0, 1, 1, 0, 1, 1, 0, 1, 0, 1, 1, 1, 0, 1, 1, 1, 1, 0, 1, 1, 0, 1, 1, 0, 0, 1, 1, 0, 1, 1, 0, 1, 0, 0, 1, 1, 0, 0, 1, 1, 1, 1, 1, 0, 1, 1, 0, 1]","[1, 1, 1, 1, 0, 1, 1, 1, 1, 1, 1, 0, 1, 1, 1, 0, 1, 0, 0, 1, 1, 1, 1, 1, 1, 1, 1, 1, 0, 1, 0, 0, 1, 1, 1, 0, 1, 1, 1, 1, 1, 1, 1, 0, 0, 1, 1, 0, 1, 1, 1, 0, 1, 1, 1, 1, 1, 1, 1, 0, 0, 0, 0, 1, 0, 0, 0, 0, 1, 0, 0, 1, 1, 0, 1, 1, 1, 1, 0, 1, 1, 1, 1, 1, 1, 1, 1, 1, 1, 1, 1, 1, 0, 1, 1, 1, 1, 1, 1, 0, 1, 1, 1, 0, 1, 1, 0, 0, 1, 0, 1, 0, 0, 1, 1, 1, 1, 1, 1, 1, 1, 0, 0, 1, 1, 1, 1, 0, 0, 1, 1, 0, 1, 1, 1, 0, 1, 1, 1, 1, 1, 1, 1]","[0.98, 0.81, 0.55, 0.97, 0.0, 0.51, 1.0, 0.87, 0.98, 0.86, 0.93, 0.27, 0.65, 0.92, 0.63, 0.07, 0.99, 0.03, 0.19, 0.89, 0.69, 0.78, 0.96, 0.98, 0.83, 0.68, 0.94, 0.97, 0.28, 0.98, 0.22, 0.0, 0.79, 0.72, 0.9, 0.26, 0.98, 0.55, 0.92, 0.81, 0.94, 0.77, 0.99, 0.48, 0.5, 0.69, 1.0, 0.44, 0.94, 0.67, 0.7, 0.44, 0.95, 0.92, 0.75, 0.77, 0.57, 0.98, 0.98, 0.01, 0.17, 0.02, 0.01, 0.75, 0.05, 0.12, 0.02, 0.0, 0.82, 0.35, 0.02, 0.56, 0.95, 0.02, 0.95, 0.59, 0.53, 0.7, 0.01, 0.83, 0.95, 0.99, 0.73, 0.8, 0.85, 0.99, 0.98, 0.63, 0.74, 0.95, 0.97, 0.88, 0.15, 0.96, 0.93, 0.77, 0.8, 0.96, 0.78, 0.4, 0.88, 0.75, 0.74, 0.02, 0.92, 0.72, 0.15, 0.0, 0.82, 0.4, 0.95, 0.0, 0.1, 0.58, 0.79, 0.7, 1.0, 0.87, 0.97, 0.87, 0.88, 0.17, 0.23, 0.96, 0.92, 0.69, 0.81, 0.36, 0.0, 0.99, 0.97, 0.0, 0.78, 0.96, 0.96, 0.45, 0.9, 0.64, 0.71, 0.89, 0.63, 0.84, 0.95]"
Random Forest,9,2,"[0, 0, 0, 1, 1, 1, 0, 1, 1, 1, 1, 1, 0, 1, 1, 1, 0, 1, 1, 1, 1, 1, 1, 1, 1, 1, 1, 0, 1, 1, 1, 1, 1, 1, 0, 0, 0, 0, 0, 1, 1, 1, 0, 1, 1, 0, 1, 1, 1, 1, 1, 1, 0, 1, 1, 1, 0, 0, 0, 1, 1, 1, 1, 1, 0, 0, 0, 1, 1, 1, 0, 0, 0, 0, 0, 1, 1, 1, 1, 0, 1, 1, 1, 0, 1, 0, 0, 1, 1, 1, 0, 1, 0, 0, 0, 1, 0, 1, 0, 1, 1, 1, 1, 1, 1, 1, 1, 1, 0, 1, 0, 1, 1, 0, 1, 1, 0, 1, 1, 1, 0, 1, 1, 0, 0, 0, 1, 1, 1, 0, 1, 1, 1, 1, 1, 0, 0, 1, 1, 1, 0, 1, 1]","[1, 1, 1, 1, 1, 1, 1, 1, 1, 1, 1, 1, 0, 1, 1, 0, 0, 1, 1, 0, 1, 1, 1, 1, 1, 1, 1, 0, 1, 1, 1, 1, 1, 1, 1, 0, 1, 0, 0, 1, 1, 0, 0, 0, 1, 1, 1, 1, 1, 1, 1, 1, 1, 1, 0, 1, 0, 0, 0, 1, 1, 1, 1, 1, 1, 0, 0, 1, 1, 1, 0, 0, 0, 1, 0, 1, 1, 1, 1, 0, 1, 1, 1, 1, 1, 1, 0, 1, 0, 1, 0, 1, 1, 1, 1, 0, 0, 1, 0, 1, 1, 1, 1, 1, 1, 1, 1, 1, 0, 1, 1, 1, 1, 1, 1, 1, 1, 1, 1, 1, 1, 1, 1, 1, 0, 0, 1, 1, 1, 0, 1, 1, 1, 1, 1, 0, 0, 1, 1, 1, 0, 1, 1]","[0.72, 0.6, 0.92, 0.74, 1.0, 0.65, 0.69, 0.82, 0.98, 0.75, 0.98, 0.97, 0.06, 0.67, 0.83, 0.5, 0.22, 0.82, 0.8, 0.38, 1.0, 0.97, 1.0, 0.98, 0.91, 0.97, 0.82, 0.0, 0.56, 0.74, 0.98, 0.72, 0.93, 0.98, 0.6, 0.01, 0.52, 0.19, 0.01, 0.86, 0.95, 0.03, 0.01, 0.13, 0.95, 0.77, 0.95, 0.93, 0.94, 0.88, 0.99, 0.97, 0.74, 0.86, 0.48, 0.74, 0.0, 0.07, 0.04, 0.88, 0.78, 0.91, 0.51, 0.95, 0.62, 0.3, 0.0, 0.91, 0.95, 0.94, 0.0, 0.15, 0.17, 0.74, 0.07, 0.89, 0.98, 0.78, 0.98, 0.45, 0.88, 0.99, 0.93, 0.69, 0.75, 1.0, 0.0, 0.95, 0.36, 0.74, 0.0, 1.0, 0.79, 0.57, 0.61, 0.33, 0.0, 0.94, 0.0, 0.74, 0.9, 0.92, 0.75, 0.97, 0.85, 0.53, 0.94, 0.8, 0.0, 0.73, 0.57, 0.59, 0.9, 0.91, 0.98, 0.98, 0.73, 0.98, 0.81, 1.0, 0.74, 0.96, 0.99, 0.56, 0.08, 0.05, 0.9, 0.61, 1.0, 0.01, 0.96, 0.98, 0.99, 0.98, 0.73, 0.03, 0.09, 0.62, 0.98, 0.72, 0.0, 1.0, 0.88]"
Random Forest,10,2,"[0, 1, 1, 0, 1, 0, 0, 1, 1, 0, 1, 0, 1, 0, 0, 0, 1, 1, 0, 0, 1, 1, 0, 1, 1, 1, 0, 1, 1, 1, 0, 1, 0, 1, 1, 1, 0, 1, 1, 1, 0, 1, 1, 0, 0, 0, 0, 1, 0, 1, 0, 1, 1, 1, 1, 1, 0, 1, 1, 1, 1, 0, 0, 1, 1, 0, 1, 0, 1, 1, 1, 1, 1, 1, 1, 1, 1, 1, 1, 0, 0, 1, 1, 1, 1, 1, 0, 1, 1, 0, 1, 0, 0, 0, 1, 1, 0, 1, 1, 1, 1, 0, 1, 1, 0, 1, 0, 1, 0, 1, 1, 1, 1, 0, 1, 0, 1, 0, 1, 1, 1, 0, 1, 1, 0, 1, 1, 0, 0, 1, 0, 1, 1, 1, 1, 0, 1, 0, 1, 1, 0, 0, 1]","[1, 0, 1, 1, 1, 0, 0, 1, 1, 0, 0, 0, 1, 0, 0, 0, 0, 1, 1, 0, 1, 1, 0, 1, 1, 1, 0, 1, 1, 1, 1, 1, 1, 1, 1, 1, 0, 1, 1, 1, 1, 1, 1, 0, 1, 0, 0, 1, 0, 1, 0, 1, 1, 1, 1, 1, 0, 1, 1, 0, 1, 1, 0, 1, 1, 0, 1, 1, 1, 1, 0, 1, 1, 1, 1, 1, 1, 1, 1, 0, 0, 1, 1, 1, 1, 1, 0, 1, 1, 0, 1, 0, 0, 0, 1, 1, 0, 1, 1, 1, 1, 1, 1, 1, 0, 1, 0, 1, 1, 1, 0, 1, 1, 0, 1, 0, 1, 0, 1, 1, 1, 1, 0, 1, 0, 1, 1, 1, 0, 1, 0, 1, 1, 1, 1, 1, 1, 0, 1, 1, 1, 0, 1]","[0.84, 0.34, 1.0, 0.96, 0.97, 0.02, 0.1, 0.76, 0.98, 0.08, 0.47, 0.0, 0.83, 0.23, 0.39, 0.08, 0.47, 0.69, 0.62, 0.12, 0.9, 1.0, 0.0, 0.98, 0.97, 0.58, 0.39, 0.65, 0.82, 0.85, 0.75, 0.99, 0.57, 0.99, 0.88, 0.67, 0.09, 0.99, 0.77, 0.93, 0.94, 0.98, 0.99, 0.37, 0.88, 0.0, 0.22, 0.52, 0.05, 0.63, 0.27, 0.89, 0.94, 0.66, 0.85, 0.69, 0.01, 0.95, 0.92, 0.07, 0.91, 0.65, 0.0, 0.92, 0.9, 0.06, 0.53, 0.62, 0.94, 0.87, 0.2, 0.98, 0.7, 0.87, 1.0, 0.52, 0.96, 0.84, 0.94, 0.0, 0.01, 0.9, 1.0, 0.84, 0.92, 0.81, 0.36, 0.97, 0.79, 0.41, 0.72, 0.01, 0.05, 0.17, 1.0, 1.0, 0.35, 0.54, 0.87, 0.66, 0.92, 0.75, 0.95, 0.8, 0.45, 0.83, 0.0, 0.85, 0.93, 0.73, 0.38, 0.73, 0.93, 0.43, 0.86, 0.01, 0.95, 0.42, 0.96, 0.91, 0.97, 0.76, 0.48, 0.96, 0.06, 0.99, 0.94, 0.51, 0.13, 0.91, 0.02, 0.96, 0.98, 0.94, 0.99, 0.67, 0.99, 0.43, 0.95, 0.88, 0.74, 0.01, 0.91]"
Random Forest,11,3,"[1, 0, 1, 1, 0, 0, 1, 1, 1, 1, 1, 0, 1, 1, 0, 1, 0, 0, 1, 1, 1, 1, 1, 1, 1, 0, 1, 0, 0, 1, 1, 0, 0, 1, 1, 1, 1, 1, 0, 0, 0, 1, 1, 1, 0, 1, 1, 1, 1, 1, 0, 1, 0, 1, 0, 0, 1, 0, 0, 1, 0, 1, 1, 1, 1, 0, 1, 1, 1, 1, 1, 1, 1, 1, 1, 1, 0, 1, 1, 0, 1, 0, 1, 0, 1, 1, 1, 0, 0, 0, 1, 0, 0, 0, 1, 0, 0, 1, 1, 0, 0, 1, 1, 1, 0, 1, 1, 1, 1, 0, 0, 0, 1, 1, 1, 0, 1, 0, 0, 0, 1, 0, 1, 0, 0, 0, 0, 0, 1, 0, 0, 0, 0, 0, 0, 1, 1, 1, 0, 1, 0, 0, 1, 1]","[1, 1, 1, 1, 0, 1, 1, 1, 1, 1, 1, 0, 1, 1, 0, 1, 0, 0, 1, 1, 0, 1, 1, 1, 1, 0, 1, 0, 0, 1, 0, 0, 0, 1, 1, 1, 1, 1, 1, 1, 0, 1, 1, 0, 1, 1, 1, 1, 1, 1, 0, 1, 0, 1, 1, 1, 1, 0, 0, 1, 0, 1, 1, 1, 1, 0, 1, 1, 1, 1, 1, 0, 1, 1, 1, 1, 0, 1, 1, 0, 1, 0, 1, 1, 1, 1, 1, 0, 0, 0, 1, 0, 0, 1, 1, 0, 1, 1, 1, 1, 1, 1, 1, 1, 1, 1, 1, 1, 1, 0, 0, 0, 1, 1, 1, 0, 1, 1, 0, 0, 1, 1, 1, 1, 1, 0, 0, 0, 1, 0, 1, 0, 0, 0, 1, 1, 1, 1, 0, 1, 0, 0, 0, 1]","[0.96, 0.85, 1.0, 0.85, 0.16, 0.76, 0.82, 0.99, 1.0, 0.97, 0.97, 0.07, 0.79, 1.0, 0.15, 0.78, 0.08, 0.27, 1.0, 0.88, 0.36, 0.82, 0.73, 0.99, 0.83, 0.34, 0.64, 0.05, 0.05, 0.98, 0.49, 0.01, 0.09, 0.59, 0.96, 0.94, 0.55, 0.94, 0.75, 0.78, 0.01, 0.69, 0.76, 0.49, 0.76, 0.8, 0.99, 0.81, 0.99, 0.88, 0.0, 0.87, 0.0, 0.92, 0.6, 0.51, 0.92, 0.0, 0.01, 0.95, 0.01, 0.99, 0.85, 0.59, 0.99, 0.0, 0.99, 0.95, 0.97, 0.98, 0.99, 0.37, 0.92, 1.0, 0.8, 0.98, 0.1, 0.95, 0.94, 0.05, 0.78, 0.02, 0.98, 0.6, 0.94, 0.93, 0.91, 0.18, 0.07, 0.0, 0.61, 0.06, 0.0, 0.8, 0.84, 0.0, 0.74, 0.94, 0.61, 0.8, 0.9, 0.98, 0.85, 0.86, 0.98, 0.99, 0.99, 0.98, 0.64, 0.16, 0.45, 0.01, 0.61, 0.97, 0.75, 0.0, 0.71, 0.78, 0.3, 0.08, 0.93, 0.79, 0.75, 0.72, 0.9, 0.48, 0.04, 0.24, 0.81, 0.25, 0.55, 0.0, 0.25, 0.29, 0.58, 0.64, 0.99, 1.0, 0.12, 0.76, 0.1, 0.0, 0.2, 0.89]"
Random Forest,12,3,"[1, 0, 0, 1, 1, 1, 0, 0, 1, 0, 1, 0, 1, 1, 1, 1, 1, 1, 1, 1, 1, 1, 1, 1, 0, 1, 1, 1, 0, 1, 1, 1, 1, 1, 0, 0, 1, 1, 0, 0, 0, 1, 0, 1, 1, 0, 1, 1, 1, 1, 1, 0, 1, 0, 1, 0, 0, 1, 0, 1, 0, 0, 0, 0, 0, 1, 1, 1, 1, 1, 1, 1, 1, 1, 1, 1, 1, 1, 1, 1, 1, 1, 0, 1, 0, 1, 1, 1, 1, 1, 0, 1, 1, 1, 1, 0, 1, 1, 0, 1, 1, 0, 0, 0, 0, 1, 1, 0, 1, 1, 1, 1, 1, 1, 1, 1, 1, 1, 1, 0, 0, 0, 0, 1, 0, 0, 1, 1, 1, 1, 0, 1, 0, 0, 0, 0, 1, 1, 0, 0, 1, 1, 1, 1]","[1, 1, 0, 1, 1, 1, 1, 1, 1, 0, 1, 0, 1, 1, 0, 1, 1, 1, 1, 1, 1, 1, 1, 1, 0, 1, 1, 1, 0, 1, 1, 1, 1, 1, 0, 1, 1, 1, 1, 1, 1, 1, 0, 1, 1, 1, 1, 1, 1, 0, 1, 0, 1, 0, 1, 0, 0, 1, 0, 1, 0, 0, 0, 0, 0, 1, 1, 1, 1, 1, 1, 1, 1, 1, 1, 1, 1, 1, 1, 1, 1, 1, 0, 1, 0, 1, 1, 1, 1, 1, 0, 1, 1, 1, 1, 1, 1, 1, 0, 1, 1, 0, 0, 1, 0, 0, 1, 1, 1, 1, 1, 1, 1, 1, 1, 1, 1, 1, 1, 1, 1, 1, 1, 1, 0, 0, 1, 1, 1, 1, 0, 1, 0, 0, 1, 0, 1, 0, 0, 0, 1, 1, 1, 1]","[0.99, 0.6, 0.17, 0.97, 0.94, 0.72, 0.89, 0.99, 0.88, 0.17, 0.93, 0.44, 0.99, 0.84, 0.03, 0.58, 0.74, 0.83, 0.68, 0.93, 1.0, 0.85, 0.67, 0.56, 0.23, 0.99, 0.98, 0.99, 0.01, 0.76, 0.93, 0.84, 0.95, 0.96, 0.49, 0.56, 0.71, 0.96, 0.87, 0.8, 0.64, 0.59, 0.46, 0.86, 0.94, 0.94, 0.71, 0.98, 1.0, 0.18, 0.74, 0.06, 0.71, 0.02, 0.68, 0.08, 0.06, 1.0, 0.0, 0.94, 0.47, 0.07, 0.03, 0.24, 0.28, 0.98, 0.94, 0.6, 0.84, 0.96, 0.95, 0.85, 0.96, 0.84, 0.88, 0.99, 0.91, 0.63, 0.98, 0.91, 0.8, 0.96, 0.02, 0.96, 0.14, 0.89, 0.9, 0.85, 0.92, 0.96, 0.44, 0.97, 0.93, 0.63, 0.98, 0.72, 0.86, 0.83, 0.3, 1.0, 0.79, 0.04, 0.04, 0.68, 0.43, 0.34, 0.99, 0.75, 0.88, 0.85, 0.95, 0.67, 0.73, 1.0, 0.73, 0.98, 0.83, 0.98, 0.9, 0.89, 0.91, 0.99, 0.54, 0.93, 0.02, 0.26, 0.93, 1.0, 0.98, 0.98, 0.49, 0.74, 0.27, 0.0, 0.72, 0.02, 0.92, 0.0, 0.01, 0.19, 0.83, 0.9, 0.93, 0.98]"
Random Forest,13,3,"[0, 1, 1, 1, 1, 1, 1, 0, 0, 1, 0, 0, 1, 1, 0, 1, 0, 0, 1, 0, 1, 1, 1, 1, 1, 0, 1, 1, 0, 1, 0, 1, 1, 1, 0, 0, 0, 0, 1, 1, 1, 1, 1, 0, 0, 1, 1, 1, 1, 0, 0, 1, 1, 1, 0, 0, 0, 1, 0, 1, 1, 1, 1, 1, 1, 1, 1, 1, 1, 0, 0, 1, 1, 0, 1, 1, 0, 1, 1, 0, 1, 0, 1, 0, 1, 1, 1, 0, 0, 0, 1, 0, 0, 1, 1, 1, 0, 1, 1, 1, 0, 1, 1, 1, 1, 1, 1, 1, 1, 1, 1, 0, 1, 1, 0, 1, 1, 0, 1, 1, 1, 1, 1, 0, 0, 0, 1, 0, 0, 0, 1, 1, 1, 1, 1, 1, 1, 1, 1, 1, 1, 0, 0]","[0, 1, 1, 1, 1, 1, 1, 0, 0, 1, 1, 0, 1, 1, 0, 1, 0, 0, 1, 0, 1, 1, 1, 1, 1, 0, 1, 1, 0, 1, 0, 1, 0, 1, 1, 0, 1, 0, 1, 1, 1, 1, 1, 0, 0, 1, 1, 1, 0, 1, 1, 1, 1, 1, 0, 0, 0, 1, 1, 1, 1, 1, 1, 1, 1, 1, 1, 1, 1, 1, 0, 1, 1, 0, 1, 1, 0, 1, 1, 1, 1, 0, 1, 0, 1, 1, 1, 1, 0, 1, 0, 0, 0, 1, 1, 1, 1, 1, 1, 0, 0, 1, 1, 1, 1, 1, 1, 1, 1, 1, 1, 1, 1, 1, 1, 1, 1, 1, 1, 1, 1, 0, 1, 0, 1, 1, 1, 0, 0, 0, 1, 1, 1, 1, 1, 1, 1, 1, 1, 1, 1, 1, 1]","[0.0, 0.99, 0.64, 0.87, 0.97, 0.86, 0.94, 0.02, 0.14, 0.87, 0.68, 0.03, 0.75, 0.64, 0.0, 1.0, 0.1, 0.11, 0.7, 0.1, 0.87, 0.55, 0.91, 0.98, 0.87, 0.28, 0.66, 1.0, 0.0, 0.72, 0.02, 0.83, 0.31, 0.64, 0.91, 0.36, 0.62, 0.01, 0.98, 0.67, 0.88, 0.97, 0.59, 0.4, 0.0, 0.97, 0.9, 0.86, 0.13, 0.74, 0.73, 0.91, 0.95, 1.0, 0.17, 0.0, 0.04, 0.97, 0.66, 0.91, 0.94, 0.9, 0.6, 0.77, 0.69, 0.7, 0.85, 0.91, 0.78, 0.59, 0.22, 0.99, 0.98, 0.0, 0.73, 0.97, 0.01, 0.75, 0.88, 0.62, 0.87, 0.14, 0.93, 0.0, 1.0, 0.8, 0.91, 0.76, 0.26, 0.64, 0.34, 0.0, 0.0, 0.99, 0.6, 1.0, 0.52, 0.64, 0.69, 0.0, 0.17, 0.87, 0.86, 0.97, 0.77, 0.91, 0.78, 0.98, 0.64, 0.79, 0.83, 0.76, 0.91, 0.92, 0.85, 0.87, 0.9, 0.68, 0.9, 0.97, 0.87, 0.36, 0.99, 0.0, 0.76, 0.56, 0.95, 0.0, 0.21, 0.16, 0.54, 0.99, 0.9, 0.88, 0.9, 0.96, 1.0, 0.77, 0.72, 0.99, 1.0, 0.7, 0.81]"
Random Forest,14,3,"[0, 1, 1, 0, 1, 0, 1, 1, 1, 0, 1, 1, 1, 0, 1, 1, 0, 0, 1, 1, 1, 0, 1, 0, 1, 0, 0, 0, 1, 1, 1, 1, 0, 0, 0, 0, 1, 0, 1, 1, 0, 1, 1, 1, 1, 1, 1, 1, 0, 1, 1, 0, 0, 0, 1, 1, 0, 1, 0, 1, 0, 1, 1, 0, 1, 1, 0, 1, 1, 1, 1, 1, 1, 1, 0, 0, 1, 1, 1, 1, 1, 1, 1, 1, 1, 0, 1, 1, 0, 1, 1, 1, 1, 0, 1, 0, 1, 1, 1, 1, 0, 1, 1, 1, 1, 0, 0, 1, 0, 1, 0, 1, 0, 1, 1, 0, 1, 1, 1, 1, 0, 1, 0, 1, 0, 1, 0, 0, 1, 1, 0, 0, 1, 1, 1, 1, 0, 1, 1, 1, 0, 1, 0]","[1, 1, 1, 0, 1, 1, 0, 1, 1, 0, 1, 0, 1, 0, 1, 0, 0, 0, 1, 1, 1, 1, 1, 0, 1, 0, 0, 0, 1, 1, 1, 1, 1, 1, 0, 1, 1, 0, 1, 0, 0, 1, 1, 1, 1, 1, 1, 1, 0, 1, 0, 0, 0, 0, 1, 1, 0, 1, 0, 1, 1, 1, 1, 0, 1, 1, 0, 1, 1, 1, 1, 1, 0, 1, 0, 1, 1, 1, 1, 1, 1, 1, 1, 1, 1, 0, 1, 1, 1, 1, 1, 1, 1, 0, 0, 0, 1, 1, 1, 1, 1, 1, 1, 1, 1, 0, 1, 1, 1, 1, 0, 1, 0, 1, 1, 0, 1, 1, 1, 1, 1, 1, 0, 1, 0, 1, 0, 0, 1, 1, 0, 0, 1, 1, 1, 1, 0, 1, 1, 1, 1, 1, 0]","[0.77, 0.92, 0.95, 0.11, 0.78, 0.95, 0.27, 0.86, 0.71, 0.08, 0.88, 0.48, 0.85, 0.14, 0.82, 0.34, 0.34, 0.01, 0.74, 0.78, 0.72, 0.6, 0.61, 0.21, 0.89, 0.0, 0.05, 0.0, 0.95, 0.96, 1.0, 0.81, 0.6, 0.58, 0.0, 0.57, 0.91, 0.07, 0.99, 0.04, 0.49, 0.91, 0.99, 0.94, 1.0, 0.9, 0.97, 0.94, 0.0, 1.0, 0.26, 0.1, 0.05, 0.02, 0.99, 0.64, 0.0, 0.81, 0.03, 0.94, 0.61, 0.97, 0.57, 0.01, 0.74, 0.81, 0.04, 0.91, 0.82, 0.89, 0.69, 0.54, 0.46, 0.99, 0.07, 0.74, 0.93, 0.81, 0.99, 0.61, 0.99, 0.97, 0.97, 0.95, 0.95, 0.0, 0.84, 0.84, 1.0, 0.56, 0.91, 0.83, 1.0, 0.0, 0.29, 0.03, 0.98, 0.75, 0.88, 0.73, 0.73, 0.97, 0.94, 0.83, 0.58, 0.03, 0.79, 0.8, 0.87, 0.72, 0.44, 0.6, 0.3, 0.91, 1.0, 0.21, 0.98, 1.0, 1.0, 0.74, 0.85, 0.95, 0.03, 0.98, 0.3, 0.96, 0.32, 0.09, 1.0, 0.68, 0.06, 0.1, 0.93, 0.62, 0.72, 0.83, 0.0, 0.98, 0.92, 1.0, 0.76, 0.64, 0.01]"
Random Forest,15,3,"[0, 0, 1, 1, 1, 0, 0, 1, 1, 1, 1, 1, 1, 1, 1, 1, 0, 1, 1, 1, 1, 1, 1, 1, 1, 0, 1, 0, 1, 1, 1, 1, 1, 1, 1, 0, 1, 1, 1, 1, 0, 1, 0, 0, 1, 1, 0, 0, 1, 0, 1, 0, 1, 0, 1, 1, 1, 1, 0, 1, 1, 1, 1, 0, 0, 0, 0, 1, 0, 0, 1, 0, 1, 1, 0, 1, 1, 1, 1, 1, 0, 0, 1, 0, 0, 1, 1, 1, 1, 1, 1, 1, 1, 1, 1, 1, 0, 0, 1, 0, 1, 1, 1, 0, 1, 0, 1, 1, 0, 1, 1, 1, 0, 1, 1, 1, 0, 0, 0, 1, 1, 0, 1, 1, 1, 0, 1, 0, 1, 1, 1, 0, 0, 1, 1, 0, 1, 0, 1, 0, 1, 1, 1]","[1, 1, 1, 1, 1, 0, 1, 1, 1, 1, 1, 1, 1, 1, 1, 1, 0, 1, 0, 1, 1, 1, 1, 1, 1, 0, 1, 1, 1, 1, 1, 1, 1, 1, 1, 0, 1, 1, 1, 1, 0, 1, 0, 1, 0, 1, 0, 0, 0, 0, 1, 0, 1, 0, 1, 1, 1, 1, 0, 1, 1, 1, 0, 1, 0, 1, 0, 1, 0, 0, 1, 1, 1, 1, 0, 0, 1, 1, 0, 1, 1, 0, 1, 0, 0, 1, 1, 1, 1, 1, 1, 1, 1, 0, 1, 1, 0, 0, 0, 0, 1, 1, 1, 0, 1, 0, 1, 1, 0, 1, 1, 0, 0, 0, 1, 1, 0, 0, 1, 1, 1, 0, 1, 1, 1, 1, 1, 0, 1, 1, 1, 1, 0, 1, 1, 0, 1, 0, 1, 0, 1, 1, 1]","[0.68, 0.7, 0.54, 0.99, 0.93, 0.0, 0.58, 0.83, 0.83, 0.98, 0.91, 0.99, 0.85, 0.95, 0.95, 0.87, 0.19, 0.9, 0.45, 0.99, 0.87, 0.99, 0.98, 0.63, 0.97, 0.19, 0.83, 0.8, 0.75, 0.8, 0.89, 1.0, 0.98, 0.7, 0.86, 0.01, 0.98, 0.91, 0.61, 0.73, 0.5, 0.97, 0.22, 0.92, 0.48, 0.91, 0.0, 0.2, 0.49, 0.01, 0.79, 0.16, 0.89, 0.15, 0.82, 0.7, 0.88, 0.51, 0.24, 0.81, 0.95, 0.56, 0.09, 0.87, 0.05, 0.69, 0.46, 0.61, 0.02, 0.03, 0.51, 0.54, 0.94, 0.81, 0.4, 0.28, 0.97, 0.96, 0.42, 0.97, 0.91, 0.11, 0.95, 0.01, 0.03, 0.94, 0.69, 0.78, 0.79, 0.98, 0.93, 0.79, 0.96, 0.38, 0.53, 0.8, 0.09, 0.19, 0.34, 0.27, 0.81, 0.64, 0.83, 0.02, 0.72, 0.44, 0.52, 0.81, 0.03, 0.95, 0.68, 0.35, 0.08, 0.25, 0.97, 0.67, 0.39, 0.06, 0.63, 0.9, 0.88, 0.08, 0.95, 0.99, 0.98, 0.61, 0.99, 0.12, 0.61, 0.94, 0.96, 0.77, 0.04, 0.98, 0.7, 0.41, 0.93, 0.0, 0.85, 0.02, 0.93, 0.54, 0.97]"
Random Forest,16,4,"[0, 0, 1, 1, 1, 1, 1, 0, 1, 0, 0, 1, 0, 1, 1, 1, 1, 1, 1, 1, 0, 1, 1, 1, 1, 0, 1, 1, 0, 0, 0, 1, 1, 1, 1, 0, 0, 1, 0, 1, 1, 1, 1, 0, 1, 1, 0, 0, 1, 1, 1, 0, 1, 1, 0, 0, 0, 0, 1, 0, 0, 1, 1, 0, 0, 1, 1, 0, 0, 1, 1, 0, 1, 1, 1, 1, 1, 1, 1, 1, 1, 1, 0, 0, 0, 1, 1, 0, 1, 1, 1, 0, 1, 1, 0, 1, 0, 1, 0, 1, 1, 1, 1, 0, 1, 1, 1, 1, 0, 1, 1, 1, 0, 1, 1, 0, 1, 1, 1, 0, 1, 0, 0, 0, 0, 1, 0, 0, 0, 1, 1, 0, 0, 0, 0, 0, 1, 1, 1, 1, 0, 0, 1, 1]","[1, 0, 1, 1, 1, 1, 1, 0, 1, 1, 0, 1, 0, 1, 1, 1, 1, 0, 1, 0, 0, 1, 1, 0, 0, 0, 1, 1, 0, 0, 0, 1, 1, 0, 1, 1, 0, 1, 0, 1, 1, 1, 1, 1, 0, 1, 1, 0, 1, 1, 1, 1, 1, 1, 0, 0, 0, 0, 1, 1, 0, 1, 1, 0, 0, 1, 0, 1, 0, 1, 1, 0, 1, 1, 1, 1, 1, 0, 0, 1, 1, 1, 0, 0, 0, 1, 1, 0, 1, 1, 1, 0, 1, 1, 1, 1, 0, 1, 0, 1, 1, 0, 1, 1, 1, 1, 1, 1, 1, 1, 1, 1, 1, 1, 1, 0, 1, 1, 1, 0, 1, 1, 0, 0, 1, 1, 1, 0, 0, 1, 1, 0, 0, 1, 0, 0, 1, 0, 1, 1, 0, 0, 0, 1]","[0.56, 0.26, 0.78, 0.55, 0.83, 0.75, 0.93, 0.01, 0.79, 0.74, 0.45, 0.82, 0.14, 0.91, 0.99, 0.55, 0.75, 0.11, 0.74, 0.47, 0.09, 0.81, 0.67, 0.47, 0.38, 0.17, 0.69, 0.59, 0.01, 0.04, 0.01, 0.86, 0.95, 0.3, 0.73, 0.84, 0.39, 0.86, 0.32, 0.98, 0.96, 0.79, 0.96, 0.65, 0.5, 0.95, 0.68, 0.02, 0.75, 0.83, 0.98, 0.68, 0.67, 0.74, 0.0, 0.03, 0.09, 0.01, 0.81, 0.66, 0.5, 0.86, 0.85, 0.03, 0.42, 0.9, 0.5, 0.65, 0.21, 0.72, 0.53, 0.0, 1.0, 0.57, 0.96, 0.88, 0.89, 0.46, 0.47, 0.72, 0.98, 0.89, 0.05, 0.01, 0.07, 0.93, 0.98, 0.01, 0.75, 1.0, 0.89, 0.05, 0.95, 0.86, 0.58, 0.65, 0.0, 0.73, 0.02, 0.81, 0.77, 0.24, 0.71, 0.7, 0.9, 0.75, 0.66, 0.77, 0.93, 0.94, 0.78, 0.99, 0.73, 0.94, 0.62, 0.07, 0.59, 0.75, 0.87, 0.14, 0.89, 0.86, 0.21, 0.36, 0.9, 0.8, 0.54, 0.0, 0.05, 0.78, 0.99, 0.22, 0.23, 0.64, 0.01, 0.01, 0.88, 0.33, 0.93, 0.79, 0.06, 0.0, 0.17, 0.93]"
Random Forest,17,4,"[0, 0, 1, 0, 0, 1, 1, 0, 0, 1, 1, 1, 1, 1, 0, 1, 0, 1, 1, 1, 1, 0, 0, 1, 0, 1, 1, 0, 1, 1, 0, 1, 0, 0, 1, 1, 0, 1, 1, 1, 1, 1, 0, 1, 1, 1, 1, 1, 0, 1, 0, 0, 0, 0, 1, 0, 1, 0, 1, 1, 1, 1, 1, 1, 1, 1, 1, 0, 1, 1, 1, 1, 1, 1, 1, 1, 1, 1, 1, 0, 1, 0, 1, 0, 1, 1, 0, 1, 0, 0, 0, 1, 0, 0, 1, 1, 1, 1, 1, 1, 0, 1, 1, 1, 1, 1, 0, 1, 0, 0, 1, 1, 1, 0, 0, 1, 1, 1, 1, 0, 1, 1, 1, 1, 0, 0, 1, 0, 1, 1, 1, 1, 0, 1, 1, 0, 1, 0, 0, 0, 1, 1, 1, 1]","[1, 0, 1, 1, 1, 1, 1, 0, 0, 1, 1, 1, 1, 1, 0, 1, 0, 1, 1, 1, 1, 0, 0, 1, 0, 1, 1, 0, 0, 1, 0, 1, 0, 0, 1, 1, 0, 1, 1, 1, 1, 1, 0, 1, 1, 1, 1, 1, 0, 1, 0, 0, 0, 0, 1, 0, 0, 0, 1, 1, 1, 1, 1, 1, 1, 1, 1, 0, 1, 1, 1, 1, 1, 1, 1, 1, 1, 1, 1, 0, 1, 0, 1, 0, 1, 1, 0, 1, 0, 1, 0, 1, 1, 0, 1, 1, 1, 1, 1, 1, 1, 1, 1, 1, 1, 1, 1, 1, 0, 0, 1, 1, 1, 1, 0, 1, 1, 1, 1, 0, 1, 1, 1, 1, 0, 0, 1, 0, 1, 1, 1, 1, 0, 1, 0, 0, 1, 0, 0, 1, 1, 1, 1, 1]","[0.83, 0.02, 0.98, 0.82, 1.0, 1.0, 0.91, 0.0, 0.14, 0.79, 0.78, 0.65, 0.95, 0.82, 0.1, 0.94, 0.07, 0.9, 0.95, 0.98, 0.84, 0.33, 0.07, 0.56, 0.0, 0.64, 0.98, 0.01, 0.41, 0.99, 0.06, 0.99, 0.01, 0.49, 0.95, 0.66, 0.48, 0.8, 0.55, 0.76, 1.0, 0.97, 0.15, 0.96, 1.0, 0.96, 0.75, 0.9, 0.01, 0.91, 0.11, 0.12, 0.0, 0.17, 0.75, 0.0, 0.5, 0.02, 0.97, 0.85, 0.96, 0.91, 1.0, 0.86, 0.89, 0.74, 0.99, 0.0, 1.0, 0.94, 1.0, 0.67, 1.0, 0.85, 0.79, 0.82, 0.97, 0.86, 0.93, 0.01, 0.97, 0.03, 0.96, 0.33, 0.87, 0.94, 0.21, 0.88, 0.33, 0.86, 0.03, 0.98, 0.7, 0.0, 0.82, 0.94, 0.7, 0.84, 0.87, 1.0, 0.94, 0.93, 0.78, 0.96, 0.94, 0.97, 0.67, 0.78, 0.5, 0.18, 0.94, 0.89, 0.95, 0.65, 0.01, 0.83, 0.93, 1.0, 0.99, 0.45, 0.99, 0.97, 0.91, 0.97, 0.28, 0.33, 0.88, 0.02, 0.97, 0.99, 0.76, 0.76, 0.02, 0.97, 0.02, 0.01, 0.96, 0.34, 0.33, 0.68, 0.9, 1.0, 0.57, 0.99]"
Random Forest,18,4,"[0, 0, 1, 1, 0, 1, 0, 1, 1, 1, 1, 1, 1, 0, 1, 1, 1, 1, 0, 0, 1, 0, 1, 0, 1, 0, 1, 1, 1, 1, 1, 1, 1, 0, 0, 1, 0, 1, 1, 0, 0, 0, 1, 1, 1, 1, 1, 1, 0, 0, 0, 1, 0, 0, 1, 1, 0, 1, 1, 0, 0, 1, 1, 0, 1, 1, 1, 1, 0, 1, 1, 1, 1, 1, 1, 1, 1, 1, 0, 1, 0, 1, 1, 0, 1, 1, 1, 1, 0, 0, 1, 1, 1, 1, 1, 0, 1, 0, 0, 0, 0, 1, 1, 1, 0, 1, 1, 1, 1, 1, 1, 1, 1, 1, 0, 0, 1, 0, 1, 0, 0, 1, 1, 0, 1, 1, 0, 1, 0, 0, 0, 1, 0, 1, 1, 0, 1, 1, 0, 0, 0, 1, 1]","[1, 1, 1, 1, 0, 1, 0, 1, 0, 1, 1, 1, 1, 0, 1, 0, 1, 1, 0, 0, 1, 0, 1, 0, 1, 0, 1, 1, 1, 1, 1, 1, 1, 0, 1, 1, 1, 1, 1, 0, 1, 1, 1, 1, 1, 1, 1, 1, 0, 0, 1, 1, 0, 0, 1, 1, 0, 1, 1, 0, 0, 1, 1, 0, 1, 1, 1, 1, 1, 1, 1, 0, 1, 1, 0, 1, 1, 1, 0, 1, 0, 1, 1, 0, 1, 1, 1, 1, 1, 0, 1, 1, 0, 1, 1, 0, 1, 0, 0, 1, 0, 1, 0, 1, 1, 1, 1, 1, 1, 1, 1, 1, 1, 0, 1, 1, 1, 1, 1, 0, 0, 1, 1, 0, 1, 0, 1, 1, 1, 0, 0, 1, 0, 1, 0, 1, 1, 1, 0, 1, 0, 1, 1]","[0.65, 0.97, 0.96, 0.97, 0.0, 0.9, 0.1, 0.88, 0.27, 0.91, 0.98, 0.64, 0.87, 0.09, 0.66, 0.42, 0.89, 1.0, 0.02, 0.21, 0.61, 0.24, 0.85, 0.0, 0.97, 0.02, 1.0, 1.0, 0.92, 0.95, 0.85, 0.97, 0.79, 0.01, 0.63, 0.99, 0.82, 0.98, 0.97, 0.0, 0.72, 0.63, 0.93, 0.87, 0.96, 0.86, 0.99, 0.91, 0.0, 0.01, 0.71, 0.77, 0.06, 0.03, 0.95, 0.98, 0.0, 0.93, 0.98, 0.0, 0.35, 0.96, 0.74, 0.15, 1.0, 0.67, 0.97, 0.72, 0.68, 0.91, 0.8, 0.48, 0.97, 0.74, 0.2, 1.0, 0.95, 0.72, 0.01, 0.97, 0.18, 0.87, 0.96, 0.37, 0.99, 0.87, 0.99, 0.97, 0.74, 0.0, 0.89, 0.61, 0.25, 0.99, 0.73, 0.01, 0.93, 0.06, 0.12, 0.68, 0.42, 0.73, 0.0, 0.64, 0.66, 0.89, 0.88, 0.85, 0.79, 0.75, 0.69, 0.86, 0.91, 0.22, 0.89, 0.96, 0.95, 0.68, 0.95, 0.0, 0.28, 0.85, 0.89, 0.08, 0.93, 0.49, 0.77, 0.72, 0.85, 0.19, 0.01, 0.64, 0.01, 0.89, 0.41, 0.84, 0.67, 0.81, 0.15, 0.74, 0.02, 0.86, 1.0]"
Random Forest,19,4,"[1, 1, 1, 1, 1, 1, 0, 0, 0, 1, 1, 0, 1, 1, 0, 1, 1, 1, 0, 1, 0, 1, 1, 1, 1, 1, 0, 1, 1, 1, 1, 1, 0, 0, 1, 1, 1, 1, 1, 1, 1, 1, 0, 1, 0, 1, 1, 1, 1, 1, 0, 1, 1, 1, 0, 1, 0, 0, 0, 1, 1, 0, 1, 1, 0, 1, 1, 1, 1, 1, 1, 1, 1, 1, 1, 0, 0, 1, 0, 1, 1, 1, 1, 1, 1, 0, 1, 0, 1, 1, 0, 0, 1, 1, 1, 0, 1, 1, 1, 0, 1, 0, 1, 1, 0, 1, 1, 1, 1, 1, 1, 0, 1, 0, 0, 0, 1, 0, 0, 0, 1, 0, 1, 1, 0, 0, 0, 1, 1, 0, 0, 0, 1, 0, 0, 0, 1, 0, 1, 1, 1, 0, 0]","[1, 1, 1, 1, 1, 1, 1, 0, 1, 1, 1, 0, 1, 1, 0, 0, 1, 1, 0, 1, 1, 1, 1, 1, 1, 1, 0, 1, 1, 1, 1, 1, 1, 1, 1, 1, 0, 0, 1, 0, 1, 1, 1, 0, 1, 1, 1, 0, 1, 0, 0, 1, 1, 1, 0, 1, 1, 0, 0, 1, 1, 0, 1, 1, 0, 1, 1, 1, 1, 1, 1, 1, 0, 1, 1, 0, 0, 1, 0, 1, 1, 1, 1, 1, 1, 1, 1, 0, 1, 1, 1, 0, 1, 0, 1, 0, 1, 1, 0, 0, 1, 0, 1, 1, 1, 1, 1, 1, 1, 1, 0, 0, 1, 1, 1, 0, 1, 0, 0, 0, 1, 1, 1, 1, 0, 1, 0, 1, 1, 0, 1, 1, 1, 1, 0, 0, 1, 1, 1, 1, 1, 0, 0]","[0.95, 0.93, 0.81, 0.99, 0.97, 0.86, 0.89, 0.12, 0.62, 0.93, 0.9, 0.04, 0.7, 0.89, 0.13, 0.34, 1.0, 0.95, 0.4, 0.9, 0.64, 0.8, 0.89, 0.99, 0.98, 0.94, 0.0, 0.71, 0.77, 0.79, 0.75, 0.99, 0.64, 0.54, 0.76, 0.83, 0.43, 0.03, 0.99, 0.47, 0.67, 0.96, 0.92, 0.06, 0.65, 0.97, 0.58, 0.18, 0.98, 0.37, 0.0, 0.76, 0.86, 0.82, 0.0, 0.67, 0.91, 0.04, 0.01, 0.92, 0.99, 0.08, 0.69, 0.9, 0.03, 0.88, 0.99, 0.96, 0.86, 0.91, 0.54, 0.95, 0.32, 1.0, 0.98, 0.12, 0.07, 0.99, 0.0, 0.96, 1.0, 0.88, 0.94, 0.97, 0.97, 0.85, 0.78, 0.09, 0.93, 0.9, 0.97, 0.02, 0.99, 0.21, 1.0, 0.0, 0.99, 0.76, 0.28, 0.02, 0.99, 0.14, 0.96, 0.83, 0.76, 0.98, 0.98, 0.68, 0.54, 0.97, 0.42, 0.01, 1.0, 0.82, 0.9, 0.17, 0.62, 0.3, 0.36, 0.0, 0.99, 0.72, 0.97, 1.0, 0.34, 0.86, 0.27, 0.98, 0.62, 0.01, 0.7, 0.89, 0.79, 0.58, 0.06, 0.03, 0.96, 0.81, 0.99, 0.81, 0.96, 0.0, 0.07]"
Random Forest,20,4,"[1, 0, 1, 0, 1, 1, 1, 0, 0, 1, 0, 1, 1, 1, 1, 1, 1, 1, 0, 0, 1, 1, 1, 1, 1, 1, 1, 1, 1, 1, 0, 1, 0, 1, 0, 1, 1, 0, 1, 0, 0, 0, 1, 1, 0, 1, 1, 0, 1, 0, 0, 1, 1, 0, 1, 1, 0, 1, 0, 1, 1, 1, 1, 1, 1, 0, 0, 0, 0, 1, 0, 0, 1, 1, 0, 0, 1, 1, 1, 0, 0, 0, 1, 1, 1, 1, 1, 1, 1, 1, 1, 1, 1, 1, 1, 0, 0, 1, 0, 0, 0, 1, 0, 1, 1, 1, 0, 1, 1, 1, 1, 0, 1, 0, 1, 1, 1, 1, 1, 1, 0, 1, 1, 0, 1, 1, 0, 1, 1, 1, 1, 1, 1, 1, 1, 1, 0, 0, 0, 1, 1, 0, 1]","[1, 1, 1, 1, 1, 1, 1, 0, 0, 1, 0, 1, 1, 1, 1, 1, 1, 1, 0, 0, 1, 1, 1, 1, 1, 1, 1, 1, 1, 1, 0, 1, 1, 1, 1, 1, 1, 0, 1, 0, 1, 0, 1, 1, 0, 1, 1, 1, 1, 0, 1, 1, 1, 0, 1, 1, 0, 1, 0, 1, 1, 1, 1, 0, 1, 0, 0, 1, 0, 0, 1, 1, 1, 1, 1, 0, 1, 1, 1, 1, 1, 1, 1, 1, 1, 1, 1, 1, 1, 1, 1, 1, 1, 0, 1, 0, 0, 1, 0, 0, 0, 1, 1, 1, 1, 1, 1, 1, 1, 1, 1, 0, 1, 1, 0, 1, 1, 1, 1, 1, 0, 1, 1, 0, 1, 1, 0, 1, 1, 1, 1, 1, 1, 1, 1, 1, 1, 0, 0, 1, 1, 1, 1]","[0.96, 0.69, 0.88, 0.88, 0.84, 0.98, 0.95, 0.01, 0.31, 0.87, 0.05, 1.0, 0.79, 0.74, 0.95, 0.95, 0.87, 0.85, 0.18, 0.04, 0.88, 0.99, 0.86, 1.0, 0.64, 0.84, 1.0, 0.79, 0.64, 0.96, 0.3, 0.77, 0.76, 0.99, 0.64, 0.95, 0.88, 0.03, 0.93, 0.13, 0.84, 0.45, 0.95, 0.78, 0.49, 0.95, 0.97, 0.62, 0.99, 0.3, 0.89, 0.89, 0.91, 0.32, 0.63, 0.66, 0.2, 0.71, 0.25, 0.96, 0.7, 0.81, 0.7, 0.11, 0.92, 0.09, 0.01, 0.56, 0.03, 0.49, 0.53, 0.62, 0.9, 0.84, 0.6, 0.03, 0.76, 0.98, 0.56, 0.97, 0.62, 0.75, 0.97, 0.9, 0.84, 0.96, 0.75, 0.76, 0.9, 0.97, 0.85, 0.73, 0.98, 0.29, 0.77, 0.33, 0.0, 0.81, 0.08, 0.18, 0.34, 0.54, 0.7, 0.74, 0.82, 0.81, 0.62, 0.98, 0.94, 0.9, 0.8, 0.01, 0.74, 0.57, 0.49, 0.94, 0.79, 0.96, 0.91, 0.96, 0.04, 0.99, 0.98, 0.05, 0.96, 0.98, 0.02, 1.0, 0.95, 0.97, 0.61, 0.93, 0.96, 0.98, 1.0, 0.95, 0.77, 0.05, 0.39, 0.94, 0.9, 0.79, 0.97]"
Random Forest,21,5,"[1, 1, 0, 1, 1, 0, 0, 1, 1, 0, 0, 0, 1, 1, 1, 1, 0, 1, 0, 1, 0, 0, 1, 1, 0, 0, 0, 1, 0, 1, 1, 1, 0, 1, 1, 1, 0, 1, 1, 1, 1, 0, 1, 0, 1, 1, 1, 0, 1, 0, 1, 0, 0, 0, 0, 1, 0, 0, 1, 1, 0, 0, 0, 0, 0, 1, 1, 1, 0, 1, 1, 1, 1, 0, 1, 0, 1, 1, 1, 1, 1, 1, 1, 0, 1, 1, 1, 0, 1, 0, 0, 1, 1, 0, 0, 0, 1, 1, 1, 1, 0, 0, 1, 0, 1, 1, 1, 1, 1, 0, 1, 1, 1, 1, 1, 1, 1, 0, 0, 1, 1, 1, 1, 0, 0, 0, 1, 0, 0, 0, 1, 0, 0, 1, 0, 0, 1, 0, 0, 0, 1, 1, 1, 0]","[1, 1, 0, 1, 1, 0, 1, 1, 1, 1, 0, 0, 1, 1, 0, 1, 0, 1, 0, 1, 0, 0, 1, 1, 0, 0, 0, 1, 0, 1, 1, 1, 0, 1, 1, 1, 1, 1, 1, 1, 1, 1, 1, 1, 1, 1, 1, 0, 1, 0, 1, 0, 0, 0, 0, 1, 0, 1, 1, 1, 0, 0, 0, 0, 1, 1, 1, 1, 0, 1, 1, 0, 1, 0, 1, 0, 1, 1, 1, 1, 1, 1, 1, 0, 1, 1, 1, 0, 1, 0, 1, 1, 1, 0, 0, 0, 1, 1, 1, 1, 0, 0, 1, 1, 1, 1, 1, 1, 1, 1, 1, 1, 1, 1, 1, 1, 1, 1, 0, 1, 1, 1, 1, 0, 0, 1, 1, 1, 1, 0, 1, 0, 0, 1, 0, 0, 1, 0, 0, 1, 1, 1, 1, 0]","[0.97, 0.79, 0.23, 0.94, 0.9, 0.12, 0.81, 0.84, 0.99, 0.85, 0.48, 0.04, 0.84, 0.87, 0.4, 0.85, 0.13, 1.0, 0.14, 0.6, 0.09, 0.19, 0.89, 0.69, 0.22, 0.17, 0.0, 0.97, 0.03, 0.78, 0.92, 0.73, 0.01, 0.96, 0.94, 0.76, 0.68, 0.63, 0.72, 0.97, 0.93, 0.66, 0.79, 0.68, 0.68, 0.94, 0.99, 0.0, 0.99, 0.12, 0.82, 0.05, 0.04, 0.0, 0.05, 0.81, 0.14, 0.7, 0.9, 0.9, 0.0, 0.0, 0.13, 0.22, 0.68, 0.89, 0.71, 0.79, 0.02, 0.98, 0.91, 0.46, 0.99, 0.01, 0.89, 0.05, 0.94, 0.96, 0.69, 0.54, 0.79, 0.85, 1.0, 0.03, 0.67, 0.99, 0.97, 0.06, 0.89, 0.02, 0.51, 0.92, 0.91, 0.15, 0.09, 0.01, 0.58, 1.0, 0.82, 0.95, 0.02, 0.03, 0.56, 0.81, 0.8, 0.65, 0.88, 0.9, 0.93, 0.92, 0.81, 0.67, 0.91, 0.65, 0.86, 0.77, 0.65, 0.52, 0.0, 0.59, 0.88, 0.93, 0.72, 0.0, 0.42, 0.8, 0.97, 0.67, 0.69, 0.42, 0.72, 0.0, 0.4, 0.74, 0.13, 0.21, 1.0, 0.02, 0.3, 0.79, 0.91, 0.96, 0.76, 0.11]"
Random Forest,22,5,"[0, 1, 0, 1, 0, 1, 1, 1, 1, 0, 0, 0, 1, 1, 1, 1, 1, 0, 1, 1, 1, 1, 1, 1, 1, 1, 1, 0, 0, 0, 0, 0, 1, 0, 0, 0, 0, 0, 0, 1, 0, 1, 0, 0, 0, 1, 0, 0, 1, 1, 1, 0, 1, 0, 1, 1, 0, 1, 0, 0, 1, 1, 1, 1, 1, 1, 1, 0, 1, 1, 1, 1, 1, 0, 1, 1, 1, 1, 1, 0, 0, 1, 0, 0, 1, 1, 1, 1, 1, 0, 0, 0, 0, 0, 0, 1, 1, 0, 1, 1, 1, 1, 0, 1, 1, 1, 1, 1, 1, 1, 1, 0, 0, 1, 1, 0, 0, 1, 1, 0, 0, 1, 1, 1, 1, 1, 1, 0, 1, 1, 1, 0, 1, 1, 1, 1, 0, 0, 1, 1, 1, 1, 0, 1]","[1, 1, 0, 1, 0, 0, 1, 1, 1, 1, 0, 0, 1, 1, 1, 1, 0, 0, 1, 1, 1, 1, 1, 1, 0, 1, 1, 0, 0, 0, 0, 0, 1, 0, 1, 0, 0, 1, 1, 1, 0, 1, 0, 1, 0, 1, 0, 0, 0, 1, 1, 0, 1, 0, 1, 1, 0, 1, 0, 0, 1, 1, 1, 1, 1, 1, 1, 0, 1, 1, 1, 1, 1, 0, 1, 1, 0, 1, 1, 0, 0, 1, 1, 1, 1, 1, 0, 1, 1, 0, 0, 1, 1, 0, 0, 1, 1, 1, 1, 1, 1, 0, 0, 1, 1, 1, 0, 1, 1, 1, 1, 1, 1, 1, 1, 0, 0, 1, 1, 0, 0, 1, 1, 1, 1, 1, 1, 0, 1, 1, 1, 0, 1, 1, 1, 1, 0, 0, 1, 1, 1, 1, 0, 0]","[0.88, 0.97, 0.0, 0.74, 0.0, 0.44, 1.0, 0.86, 0.99, 1.0, 0.07, 0.31, 0.97, 1.0, 1.0, 0.69, 0.05, 0.17, 0.67, 0.77, 0.86, 1.0, 0.87, 0.92, 0.35, 0.84, 0.99, 0.29, 0.21, 0.01, 0.04, 0.0, 0.92, 0.25, 0.63, 0.02, 0.36, 0.53, 0.87, 1.0, 0.48, 0.53, 0.38, 0.77, 0.0, 0.89, 0.03, 0.03, 0.2, 0.79, 0.71, 0.02, 0.86, 0.02, 0.89, 0.53, 0.44, 0.56, 0.04, 0.3, 0.99, 0.91, 0.99, 1.0, 0.99, 0.95, 1.0, 0.04, 0.98, 0.9, 0.99, 0.87, 0.97, 0.0, 1.0, 1.0, 0.41, 1.0, 0.94, 0.07, 0.11, 0.93, 0.72, 0.69, 0.82, 0.93, 0.45, 0.96, 0.68, 0.02, 0.49, 0.8, 0.99, 0.1, 0.14, 0.62, 1.0, 0.84, 0.95, 1.0, 0.76, 0.02, 0.17, 0.91, 0.63, 0.94, 0.43, 0.97, 0.92, 0.99, 0.99, 0.66, 0.53, 1.0, 0.97, 0.0, 0.34, 0.98, 0.78, 0.29, 0.05, 0.87, 0.95, 0.74, 0.83, 0.68, 0.96, 0.23, 0.91, 0.99, 1.0, 0.27, 0.91, 0.65, 1.0, 0.56, 0.13, 0.33, 0.93, 0.51, 1.0, 0.99, 0.14, 0.23]"
Random Forest,23,5,"[1, 0, 1, 0, 1, 1, 1, 1, 0, 1, 0, 1, 0, 1, 1, 1, 1, 1, 1, 1, 1, 0, 0, 1, 1, 1, 1, 1, 1, 1, 0, 1, 1, 1, 1, 1, 0, 1, 1, 1, 0, 0, 1, 0, 1, 1, 1, 1, 0, 1, 0, 0, 1, 0, 1, 0, 1, 0, 1, 0, 1, 0, 1, 1, 1, 1, 1, 1, 1, 1, 0, 1, 0, 1, 1, 1, 1, 1, 0, 1, 1, 0, 1, 0, 1, 0, 1, 0, 1, 1, 1, 0, 1, 1, 1, 0, 0, 1, 0, 0, 0, 1, 0, 1, 1, 0, 0, 1, 0, 1, 1, 1, 1, 1, 0, 0, 0, 0, 0, 1, 1, 1, 0, 1, 1, 1, 0, 0, 0, 0, 0, 0, 1, 0, 0, 1, 0, 1, 0, 1, 1, 1, 1]","[1, 1, 1, 1, 1, 1, 1, 1, 0, 1, 1, 1, 0, 1, 1, 1, 1, 1, 1, 1, 1, 0, 0, 1, 1, 1, 1, 1, 1, 1, 0, 1, 1, 1, 1, 1, 1, 1, 1, 0, 0, 1, 1, 1, 1, 1, 0, 1, 1, 1, 0, 0, 1, 0, 1, 0, 1, 0, 1, 0, 1, 0, 1, 1, 1, 1, 1, 1, 1, 1, 1, 1, 0, 1, 1, 1, 1, 1, 0, 1, 1, 0, 1, 0, 1, 0, 1, 1, 1, 1, 0, 0, 1, 1, 0, 1, 0, 0, 0, 0, 1, 1, 1, 1, 1, 1, 0, 1, 1, 1, 1, 1, 1, 1, 0, 0, 0, 1, 1, 1, 1, 1, 0, 1, 1, 1, 0, 1, 1, 0, 0, 0, 1, 0, 1, 1, 0, 1, 1, 1, 1, 1, 1]","[0.98, 0.69, 0.94, 0.89, 0.89, 0.84, 0.95, 0.72, 0.04, 0.95, 0.78, 0.84, 0.11, 0.91, 0.89, 0.53, 0.72, 0.73, 0.88, 0.89, 0.51, 0.22, 0.0, 0.94, 0.97, 1.0, 0.9, 0.96, 0.59, 0.77, 0.04, 0.71, 0.98, 0.82, 0.7, 1.0, 0.66, 0.92, 0.98, 0.02, 0.0, 0.72, 0.98, 0.67, 0.85, 0.97, 0.49, 0.97, 0.74, 0.99, 0.25, 0.0, 0.96, 0.01, 0.57, 0.13, 0.99, 0.0, 0.72, 0.01, 0.98, 0.32, 0.74, 0.99, 0.91, 0.82, 0.83, 0.96, 0.82, 0.99, 0.67, 0.71, 0.41, 0.97, 0.66, 0.86, 0.59, 0.8, 0.04, 0.96, 0.83, 0.27, 0.93, 0.0, 0.99, 0.35, 0.82, 0.82, 0.83, 0.73, 0.35, 0.0, 0.95, 0.94, 0.26, 0.91, 0.1, 0.34, 0.0, 0.0, 0.63, 0.75, 0.66, 0.85, 0.98, 0.94, 0.0, 1.0, 0.8, 0.78, 0.68, 0.85, 0.78, 0.97, 0.35, 0.1, 0.21, 0.75, 0.74, 0.9, 0.86, 0.94, 0.03, 0.96, 0.97, 0.67, 0.02, 0.75, 0.56, 0.16, 0.0, 0.06, 0.86, 0.06, 0.82, 0.76, 0.08, 1.0, 0.82, 0.99, 0.84, 0.79, 0.77]"
Random Forest,24,5,"[0, 1, 1, 1, 1, 0, 0, 1, 0, 1, 1, 1, 0, 1, 0, 1, 1, 0, 1, 1, 1, 1, 1, 1, 1, 1, 0, 1, 1, 1, 1, 1, 0, 1, 0, 1, 0, 1, 1, 1, 0, 1, 1, 1, 1, 1, 1, 1, 1, 1, 1, 1, 1, 0, 1, 1, 0, 1, 1, 1, 0, 0, 1, 1, 0, 1, 1, 0, 1, 1, 1, 1, 1, 0, 0, 1, 1, 1, 1, 1, 1, 1, 1, 1, 1, 1, 0, 1, 0, 0, 1, 0, 1, 0, 0, 1, 0, 1, 1, 1, 1, 1, 0, 1, 1, 1, 1, 1, 1, 0, 0, 1, 1, 1, 1, 1, 1, 1, 0, 0, 1, 1, 1, 0, 0, 1, 1, 1, 0, 0, 1, 1, 1, 0, 1, 1, 0, 1, 0, 0, 0, 1, 0]","[1, 1, 1, 1, 1, 0, 1, 1, 0, 1, 1, 1, 0, 1, 0, 1, 1, 1, 1, 1, 1, 1, 1, 1, 1, 1, 0, 1, 1, 1, 1, 1, 1, 1, 1, 1, 0, 1, 1, 1, 1, 1, 1, 1, 1, 1, 1, 1, 1, 1, 1, 1, 1, 1, 1, 1, 0, 1, 1, 1, 0, 1, 1, 0, 0, 1, 1, 0, 0, 1, 1, 1, 1, 0, 0, 1, 1, 1, 1, 1, 1, 1, 1, 1, 1, 1, 0, 1, 0, 0, 1, 0, 1, 1, 1, 1, 1, 0, 1, 1, 1, 1, 1, 1, 1, 1, 1, 1, 1, 0, 1, 1, 1, 0, 1, 0, 1, 1, 1, 1, 1, 1, 1, 0, 0, 1, 1, 1, 0, 1, 1, 1, 1, 1, 0, 1, 1, 1, 1, 1, 0, 1, 0]","[0.85, 1.0, 0.86, 0.81, 0.82, 0.04, 0.57, 0.9, 0.06, 0.91, 0.67, 0.63, 0.0, 0.94, 0.0, 0.89, 0.95, 0.63, 0.9, 0.62, 1.0, 0.71, 0.63, 0.95, 0.98, 0.58, 0.0, 0.78, 0.78, 0.89, 1.0, 0.73, 0.81, 0.95, 0.64, 0.93, 0.02, 0.55, 0.98, 0.99, 0.79, 0.83, 0.65, 0.94, 0.69, 0.97, 0.93, 0.99, 0.98, 0.95, 0.91, 0.77, 0.98, 0.78, 0.93, 0.7, 0.0, 0.92, 0.93, 0.86, 0.11, 0.83, 0.57, 0.44, 0.08, 0.52, 0.73, 0.02, 0.39, 0.92, 0.79, 0.94, 0.88, 0.05, 0.21, 0.96, 0.94, 0.92, 0.98, 0.68, 0.83, 0.91, 0.97, 0.96, 1.0, 0.97, 0.09, 0.92, 0.15, 0.03, 1.0, 0.29, 0.99, 0.7, 0.55, 0.87, 0.77, 0.4, 0.85, 0.86, 0.8, 0.75, 0.84, 0.92, 1.0, 0.97, 0.9, 0.6, 0.8, 0.0, 0.91, 0.71, 0.73, 0.43, 0.52, 0.23, 0.95, 0.79, 0.87, 0.95, 0.93, 0.98, 0.97, 0.39, 0.09, 0.94, 0.96, 0.97, 0.11, 0.78, 0.95, 0.99, 0.6, 0.66, 0.06, 0.64, 0.7, 0.95, 0.77, 0.85, 0.01, 0.55, 0.0]"
Random Forest,25,5,"[0, 0, 1, 1, 1, 1, 1, 0, 1, 1, 1, 1, 1, 1, 1, 0, 0, 0, 1, 1, 1, 1, 1, 1, 1, 1, 1, 0, 0, 1, 1, 1, 1, 0, 1, 0, 0, 1, 1, 1, 1, 1, 1, 0, 1, 0, 1, 1, 0, 1, 0, 1, 0, 0, 1, 0, 1, 1, 1, 0, 1, 1, 1, 1, 1, 0, 0, 0, 0, 0, 1, 1, 1, 1, 1, 1, 1, 1, 1, 0, 1, 1, 1, 0, 1, 1, 1, 1, 1, 1, 1, 0, 1, 1, 1, 1, 1, 1, 0, 0, 1, 1, 1, 1, 1, 1, 0, 0, 0, 1, 1, 0, 1, 1, 0, 1, 0, 1, 0, 1, 1, 1, 0, 1, 0, 1, 0, 0, 0, 1, 1, 1, 1, 1, 1, 0, 0, 1, 0, 1, 0, 1, 1]","[1, 1, 1, 0, 1, 1, 1, 0, 1, 1, 1, 1, 1, 1, 1, 0, 0, 0, 1, 1, 1, 1, 1, 1, 1, 1, 1, 0, 1, 1, 1, 1, 0, 1, 1, 0, 0, 1, 1, 1, 1, 1, 1, 0, 1, 1, 0, 1, 1, 1, 0, 1, 0, 0, 1, 0, 1, 1, 1, 0, 1, 1, 1, 0, 1, 0, 1, 1, 0, 1, 1, 1, 1, 0, 1, 1, 1, 1, 1, 1, 1, 1, 1, 0, 1, 1, 1, 1, 1, 1, 1, 0, 1, 1, 1, 1, 1, 1, 0, 0, 1, 1, 1, 1, 1, 1, 1, 0, 1, 1, 1, 1, 1, 1, 1, 1, 0, 1, 0, 1, 1, 1, 0, 1, 0, 1, 1, 1, 0, 1, 1, 1, 1, 1, 1, 0, 0, 1, 0, 1, 0, 1, 1]","[0.75, 0.8, 0.98, 0.21, 1.0, 0.99, 0.85, 0.1, 0.85, 0.53, 0.71, 0.98, 0.96, 0.86, 0.98, 0.28, 0.49, 0.03, 0.81, 0.67, 0.82, 0.56, 0.97, 0.99, 0.97, 0.57, 0.98, 0.23, 0.82, 0.99, 0.7, 0.9, 0.43, 0.55, 0.83, 0.04, 0.07, 0.98, 0.95, 0.54, 0.94, 0.92, 0.89, 0.5, 0.92, 0.9, 0.0, 0.97, 0.82, 0.69, 0.26, 0.52, 0.33, 0.01, 0.71, 0.19, 0.99, 0.86, 0.77, 0.49, 0.91, 0.96, 0.69, 0.06, 0.95, 0.02, 0.69, 0.7, 0.02, 0.6, 0.91, 0.95, 0.87, 0.35, 0.66, 0.96, 0.96, 0.56, 0.95, 0.9, 0.95, 0.88, 0.95, 0.0, 0.95, 0.78, 0.99, 0.96, 0.89, 0.8, 0.89, 0.26, 0.62, 0.93, 0.98, 0.78, 0.85, 0.78, 0.0, 0.02, 0.6, 0.83, 0.61, 0.88, 0.97, 0.83, 0.6, 0.01, 0.89, 0.98, 1.0, 0.83, 1.0, 0.62, 0.75, 0.93, 0.02, 0.95, 0.38, 0.78, 0.93, 0.51, 0.0, 0.98, 0.09, 0.97, 0.91, 0.65, 0.01, 0.91, 0.97, 0.98, 1.0, 0.95, 0.96, 0.02, 0.46, 0.93, 0.0, 0.87, 0.01, 0.91, 0.99]"
Random Forest,26,6,"[1, 0, 0, 0, 1, 1, 1, 1, 0, 1, 0, 1, 1, 0, 1, 0, 1, 1, 1, 0, 0, 1, 1, 1, 1, 0, 1, 1, 1, 1, 1, 0, 1, 1, 0, 1, 1, 1, 0, 1, 1, 0, 1, 1, 1, 1, 0, 1, 0, 1, 1, 1, 0, 1, 1, 0, 0, 1, 0, 0, 1, 0, 0, 1, 0, 0, 0, 1, 1, 0, 1, 1, 1, 1, 1, 0, 1, 1, 0, 1, 0, 0, 1, 1, 0, 1, 1, 1, 0, 1, 1, 0, 0, 0, 0, 0, 1, 0, 1, 0, 1, 1, 1, 1, 1, 1, 1, 1, 1, 1, 0, 1, 0, 0, 0, 1, 1, 1, 0, 1, 0, 1, 0, 0, 0, 0, 1, 0, 1, 1, 1, 1, 0, 0, 1, 0, 0, 0, 0, 0, 1, 1, 0, 0]","[1, 0, 0, 1, 1, 1, 1, 1, 1, 1, 0, 1, 1, 0, 1, 0, 1, 1, 1, 0, 0, 1, 1, 0, 1, 0, 1, 1, 1, 1, 1, 0, 1, 0, 0, 1, 1, 1, 1, 1, 1, 0, 1, 1, 1, 0, 1, 1, 1, 1, 1, 1, 0, 1, 0, 0, 0, 1, 0, 1, 1, 0, 0, 1, 0, 0, 0, 1, 1, 0, 0, 1, 1, 1, 1, 0, 1, 1, 0, 1, 0, 0, 1, 1, 0, 1, 1, 1, 0, 1, 1, 0, 0, 0, 0, 0, 1, 0, 1, 1, 1, 1, 1, 1, 1, 1, 1, 1, 1, 1, 1, 1, 0, 0, 0, 1, 1, 1, 0, 1, 0, 1, 1, 1, 1, 1, 1, 0, 1, 1, 1, 1, 0, 1, 0, 0, 0, 1, 0, 0, 1, 1, 0, 0]","[0.85, 0.08, 0.08, 0.78, 0.8, 0.95, 0.98, 0.98, 1.0, 0.96, 0.06, 0.85, 0.81, 0.16, 0.94, 0.13, 0.64, 0.79, 0.78, 0.1, 0.19, 0.52, 1.0, 0.41, 1.0, 0.0, 0.8, 0.73, 0.96, 0.97, 0.67, 0.21, 0.86, 0.35, 0.1, 0.92, 0.82, 0.99, 0.6, 0.59, 0.95, 0.06, 0.84, 0.95, 0.95, 0.37, 0.88, 0.92, 0.79, 0.83, 0.92, 0.98, 0.0, 1.0, 0.42, 0.0, 0.14, 0.93, 0.16, 0.65, 0.86, 0.0, 0.0, 0.94, 0.16, 0.21, 0.3, 0.88, 0.97, 0.05, 0.39, 1.0, 0.67, 0.86, 0.96, 0.36, 0.89, 0.95, 0.0, 0.92, 0.45, 0.09, 0.97, 0.97, 0.46, 0.97, 0.93, 0.79, 0.07, 0.77, 0.87, 0.02, 0.09, 0.14, 0.12, 0.43, 0.91, 0.05, 0.64, 0.96, 0.75, 0.67, 0.88, 0.81, 0.71, 0.83, 1.0, 0.97, 0.85, 0.99, 0.63, 0.85, 0.0, 0.08, 0.04, 0.8, 0.9, 0.97, 0.28, 0.8, 0.19, 0.98, 0.76, 0.74, 0.6, 0.65, 0.7, 0.08, 0.81, 1.0, 0.88, 0.61, 0.05, 0.67, 0.1, 0.11, 0.26, 0.72, 0.01, 0.17, 0.97, 0.74, 0.12, 0.01]"
Random Forest,27,6,"[0, 1, 0, 0, 0, 1, 0, 1, 1, 0, 1, 1, 0, 0, 1, 1, 1, 1, 1, 1, 1, 0, 1, 1, 1, 1, 1, 1, 1, 0, 1, 1, 1, 1, 0, 0, 0, 0, 1, 1, 0, 0, 1, 1, 1, 0, 1, 1, 0, 1, 1, 0, 0, 0, 1, 1, 1, 0, 1, 1, 0, 0, 1, 1, 0, 1, 1, 1, 1, 0, 0, 1, 1, 1, 1, 1, 1, 1, 1, 0, 0, 1, 1, 1, 1, 1, 1, 0, 1, 1, 0, 0, 0, 1, 1, 0, 0, 1, 1, 0, 0, 0, 1, 1, 0, 1, 1, 1, 0, 1, 0, 1, 0, 1, 0, 0, 0, 0, 1, 1, 1, 1, 0, 1, 1, 1, 0, 0, 1, 0, 0, 0, 1, 1, 1, 1, 1, 0, 0, 1, 1, 1, 1]","[1, 1, 1, 1, 1, 1, 0, 1, 1, 1, 1, 1, 1, 0, 1, 1, 0, 1, 1, 0, 1, 0, 1, 1, 1, 1, 1, 1, 1, 0, 1, 1, 1, 1, 1, 0, 0, 0, 1, 1, 1, 1, 1, 1, 1, 1, 1, 1, 1, 1, 0, 0, 0, 0, 1, 1, 1, 0, 1, 1, 0, 0, 1, 1, 1, 1, 1, 1, 1, 0, 1, 1, 1, 1, 1, 1, 1, 1, 1, 0, 0, 1, 1, 1, 1, 1, 1, 0, 1, 0, 1, 0, 0, 1, 1, 0, 1, 1, 1, 1, 0, 1, 1, 1, 1, 1, 1, 1, 1, 1, 1, 1, 1, 1, 1, 0, 0, 0, 1, 1, 1, 1, 1, 1, 1, 1, 1, 1, 1, 1, 0, 1, 1, 1, 1, 1, 1, 1, 1, 1, 1, 1, 1]","[0.8, 0.97, 0.73, 0.67, 0.84, 0.97, 0.07, 0.76, 1.0, 0.93, 0.84, 0.75, 0.62, 0.08, 0.63, 1.0, 0.42, 1.0, 0.94, 0.49, 0.73, 0.15, 0.68, 0.85, 0.86, 0.96, 0.86, 0.97, 0.76, 0.01, 0.92, 0.82, 0.98, 0.77, 0.78, 0.06, 0.42, 0.01, 0.94, 0.99, 0.53, 0.63, 0.85, 0.72, 0.94, 0.85, 0.68, 0.88, 0.87, 0.99, 0.16, 0.03, 0.41, 0.01, 0.94, 0.9, 0.61, 0.41, 0.99, 0.77, 0.47, 0.06, 0.64, 0.99, 0.73, 1.0, 0.86, 0.67, 0.94, 0.09, 0.58, 0.96, 0.54, 0.91, 0.97, 0.91, 0.99, 0.72, 0.87, 0.01, 0.06, 0.99, 0.87, 0.85, 0.97, 0.97, 0.96, 0.0, 0.99, 0.44, 0.8, 0.08, 0.01, 0.87, 0.94, 0.28, 0.87, 0.69, 1.0, 0.82, 0.13, 0.69, 0.83, 1.0, 0.76, 0.99, 0.98, 0.58, 0.99, 1.0, 0.81, 0.82, 0.9, 0.95, 0.51, 0.14, 0.15, 0.28, 0.65, 0.95, 0.99, 0.98, 0.87, 0.92, 0.98, 0.74, 0.94, 0.76, 0.87, 0.64, 0.39, 0.72, 0.86, 0.68, 0.94, 1.0, 0.72, 0.79, 0.86, 0.95, 0.71, 1.0, 0.78]"
Random Forest,28,6,"[1, 0, 1, 1, 1, 1, 1, 0, 0, 1, 0, 1, 1, 1, 1, 0, 1, 1, 1, 1, 0, 1, 0, 0, 1, 1, 0, 0, 1, 0, 0, 1, 1, 0, 0, 1, 0, 1, 0, 1, 1, 0, 1, 0, 1, 1, 1, 1, 1, 1, 0, 1, 0, 1, 1, 1, 1, 1, 0, 1, 1, 1, 0, 0, 0, 1, 1, 0, 1, 1, 1, 0, 1, 0, 1, 1, 1, 1, 1, 1, 1, 1, 1, 1, 0, 1, 1, 1, 1, 1, 1, 1, 0, 1, 1, 0, 1, 1, 0, 0, 1, 1, 1, 1, 1, 1, 0, 1, 1, 0, 0, 0, 1, 1, 1, 1, 0, 0, 0, 0, 1, 1, 0, 0, 1, 1, 0, 0, 0, 1, 0, 1, 1, 0, 1, 0, 0, 1, 1, 0, 1, 0, 1]","[1, 0, 1, 1, 1, 1, 1, 0, 0, 1, 0, 1, 1, 1, 1, 0, 1, 1, 1, 1, 0, 1, 0, 0, 1, 1, 0, 0, 1, 0, 1, 1, 1, 0, 0, 1, 1, 1, 1, 1, 1, 1, 1, 1, 0, 1, 1, 1, 1, 1, 0, 1, 0, 1, 1, 1, 0, 1, 0, 1, 1, 1, 1, 0, 0, 1, 1, 1, 1, 1, 1, 1, 1, 0, 1, 1, 1, 1, 1, 1, 0, 0, 1, 1, 0, 1, 1, 1, 1, 1, 1, 1, 1, 1, 0, 0, 1, 1, 1, 1, 1, 1, 1, 1, 1, 1, 0, 1, 1, 1, 1, 1, 1, 1, 1, 1, 1, 1, 0, 0, 1, 1, 0, 0, 1, 1, 0, 0, 0, 1, 0, 1, 1, 1, 1, 1, 0, 1, 1, 0, 1, 0, 1]","[0.86, 0.23, 0.99, 0.59, 0.99, 0.85, 0.77, 0.01, 0.33, 0.89, 0.42, 0.86, 0.85, 0.97, 0.98, 0.03, 0.72, 0.73, 0.99, 0.78, 0.16, 0.89, 0.28, 0.09, 1.0, 0.88, 0.29, 0.01, 0.98, 0.03, 0.71, 0.71, 0.97, 0.34, 0.01, 0.98, 0.71, 0.99, 0.6, 0.52, 0.96, 0.83, 0.7, 0.52, 0.07, 0.6, 0.93, 0.92, 0.99, 0.95, 0.07, 0.97, 0.21, 0.82, 0.96, 0.95, 0.45, 0.9, 0.0, 0.99, 0.93, 0.59, 0.89, 0.04, 0.01, 0.52, 0.61, 0.69, 0.97, 0.72, 0.99, 0.62, 0.99, 0.02, 0.95, 0.94, 0.92, 0.96, 0.9, 0.51, 0.48, 0.28, 0.83, 0.98, 0.13, 0.54, 0.94, 0.87, 0.81, 0.95, 0.98, 0.99, 0.61, 0.87, 0.38, 0.02, 0.98, 0.92, 0.67, 0.72, 0.98, 0.74, 0.81, 0.84, 0.92, 0.98, 0.02, 0.8, 0.94, 0.88, 0.85, 0.96, 0.99, 0.97, 0.95, 0.94, 0.75, 0.64, 0.0, 0.37, 0.94, 0.95, 0.05, 0.09, 0.68, 0.98, 0.02, 0.22, 0.33, 0.98, 0.0, 0.99, 1.0, 0.56, 0.8, 0.79, 0.18, 0.86, 1.0, 0.02, 0.52, 0.1, 0.98]"
Random Forest,29,6,"[1, 1, 0, 1, 1, 1, 1, 1, 0, 0, 1, 0, 1, 1, 1, 1, 0, 1, 0, 1, 1, 1, 1, 1, 1, 0, 1, 1, 1, 1, 0, 1, 1, 1, 0, 0, 1, 0, 1, 1, 1, 1, 0, 1, 0, 0, 0, 1, 0, 1, 1, 1, 0, 1, 1, 0, 1, 1, 1, 1, 1, 1, 1, 0, 0, 1, 0, 0, 1, 1, 0, 1, 1, 1, 1, 1, 1, 0, 0, 0, 1, 1, 1, 1, 1, 1, 1, 0, 1, 1, 0, 0, 1, 0, 1, 1, 1, 0, 1, 1, 1, 1, 0, 0, 0, 1, 1, 1, 1, 1, 1, 1, 1, 0, 1, 1, 0, 1, 1, 1, 0, 1, 1, 0, 1, 1, 1, 1, 0, 1, 0, 0, 1, 0, 0, 1, 1, 1, 1, 1, 0, 1, 1]","[1, 1, 1, 0, 1, 1, 1, 1, 1, 0, 1, 0, 1, 1, 0, 1, 1, 1, 0, 1, 1, 1, 1, 1, 1, 0, 1, 0, 1, 1, 0, 1, 1, 1, 0, 1, 1, 1, 0, 1, 1, 1, 1, 1, 0, 0, 0, 1, 0, 1, 1, 1, 0, 1, 1, 0, 1, 0, 1, 1, 1, 1, 1, 0, 0, 1, 0, 0, 1, 1, 0, 1, 1, 1, 1, 1, 1, 1, 1, 0, 1, 1, 1, 1, 1, 1, 1, 0, 1, 1, 0, 0, 1, 0, 1, 0, 1, 0, 0, 1, 1, 0, 1, 0, 0, 1, 1, 1, 0, 1, 1, 1, 0, 0, 1, 0, 0, 1, 1, 1, 1, 1, 1, 1, 1, 1, 1, 1, 0, 1, 0, 1, 1, 0, 0, 1, 1, 1, 1, 1, 0, 1, 1]","[0.97, 0.95, 0.89, 0.23, 0.7, 0.98, 0.9, 0.98, 0.69, 0.05, 0.81, 0.01, 0.91, 0.96, 0.01, 0.79, 0.55, 0.98, 0.0, 0.56, 0.92, 1.0, 0.98, 0.98, 0.96, 0.04, 0.98, 0.46, 0.76, 1.0, 0.01, 0.86, 0.98, 0.53, 0.0, 0.79, 0.99, 0.76, 0.02, 0.98, 1.0, 0.99, 0.87, 0.83, 0.01, 0.0, 0.21, 0.97, 0.09, 0.87, 0.79, 0.8, 0.09, 0.81, 0.93, 0.0, 0.84, 0.04, 0.79, 0.98, 0.89, 0.68, 0.98, 0.0, 0.02, 0.97, 0.12, 0.02, 0.7, 0.88, 0.37, 0.9, 0.95, 0.82, 0.71, 1.0, 0.91, 0.62, 0.73, 0.01, 0.79, 0.88, 1.0, 0.91, 0.92, 0.97, 0.95, 0.01, 0.91, 0.76, 0.03, 0.13, 0.77, 0.0, 0.79, 0.28, 0.99, 0.0, 0.41, 1.0, 0.7, 0.34, 0.52, 0.0, 0.01, 0.84, 0.61, 0.95, 0.33, 0.77, 0.75, 0.84, 0.23, 0.16, 0.53, 0.09, 0.28, 0.95, 0.86, 0.95, 0.79, 0.97, 0.84, 0.85, 0.91, 0.91, 0.99, 0.95, 0.0, 0.99, 0.02, 0.79, 0.7, 0.0, 0.02, 0.6, 0.95, 0.95, 0.67, 0.92, 0.0, 0.94, 0.87]"
Random Forest,30,6,"[0, 1, 1, 1, 0, 0, 1, 1, 1, 1, 0, 1, 1, 1, 0, 0, 0, 1, 1, 1, 1, 1, 1, 1, 1, 0, 0, 0, 1, 1, 1, 1, 1, 0, 0, 1, 1, 1, 0, 0, 1, 1, 0, 1, 1, 1, 0, 1, 1, 0, 0, 0, 0, 0, 0, 1, 1, 1, 1, 0, 1, 1, 0, 1, 1, 1, 1, 1, 1, 1, 1, 1, 0, 1, 1, 1, 0, 1, 0, 1, 1, 0, 1, 1, 0, 1, 1, 1, 1, 0, 1, 1, 0, 1, 0, 1, 0, 1, 1, 1, 1, 1, 1, 1, 1, 1, 1, 1, 1, 0, 1, 1, 0, 1, 0, 1, 1, 1, 1, 1, 0, 1, 0, 1, 0, 1, 0, 1, 1, 1, 0, 1, 0, 1, 1, 1, 1, 0, 0, 1, 1, 0, 0, 1]","[1, 1, 1, 1, 0, 0, 1, 1, 1, 1, 0, 1, 1, 1, 0, 1, 0, 1, 1, 1, 1, 1, 0, 0, 1, 0, 0, 1, 1, 1, 1, 1, 1, 1, 1, 1, 1, 1, 0, 1, 1, 1, 0, 1, 1, 1, 0, 1, 1, 1, 0, 0, 0, 0, 0, 1, 1, 1, 1, 0, 1, 1, 1, 1, 1, 1, 1, 1, 1, 1, 0, 1, 0, 1, 1, 1, 1, 1, 0, 1, 1, 0, 1, 1, 0, 1, 1, 1, 1, 0, 1, 1, 1, 1, 1, 1, 0, 1, 0, 1, 1, 1, 1, 0, 1, 1, 1, 1, 1, 1, 1, 1, 0, 1, 0, 1, 1, 1, 0, 1, 1, 1, 0, 1, 0, 0, 0, 1, 1, 1, 0, 1, 0, 1, 1, 1, 1, 1, 0, 1, 1, 0, 0, 0]","[0.59, 0.96, 0.76, 0.98, 0.05, 0.13, 0.87, 0.55, 0.66, 0.9, 0.0, 0.97, 0.76, 0.96, 0.2, 0.51, 0.09, 0.81, 0.72, 0.58, 0.9, 0.96, 0.45, 0.47, 0.99, 0.03, 0.32, 0.71, 0.6, 0.86, 0.96, 0.87, 1.0, 0.86, 0.56, 0.59, 0.92, 0.87, 0.09, 0.82, 1.0, 0.8, 0.43, 0.91, 0.92, 0.94, 0.36, 0.53, 0.72, 0.79, 0.05, 0.07, 0.15, 0.0, 0.23, 0.95, 0.71, 0.82, 0.68, 0.01, 0.87, 0.97, 0.66, 0.99, 1.0, 0.81, 0.58, 0.92, 0.95, 0.71, 0.34, 0.99, 0.02, 0.98, 1.0, 0.82, 0.95, 0.89, 0.11, 0.88, 0.96, 0.34, 0.9, 0.96, 0.0, 1.0, 0.96, 0.72, 0.74, 0.38, 0.68, 0.88, 0.64, 0.85, 1.0, 1.0, 0.32, 0.6, 0.35, 0.61, 0.95, 0.77, 0.76, 0.0, 0.94, 0.8, 0.66, 0.95, 0.59, 0.52, 0.84, 1.0, 0.01, 0.96, 0.44, 0.97, 0.59, 0.93, 0.49, 0.88, 0.52, 0.99, 0.0, 0.99, 0.37, 0.39, 0.22, 0.91, 0.95, 0.97, 0.24, 0.9, 0.04, 1.0, 1.0, 1.0, 0.93, 0.68, 0.09, 0.98, 0.64, 0.31, 0.01, 0.37]"
Random Forest,31,7,"[1, 1, 1, 0, 1, 1, 1, 1, 1, 0, 1, 1, 1, 1, 1, 1, 1, 0, 1, 0, 1, 1, 1, 0, 1, 1, 1, 0, 1, 1, 1, 1, 1, 0, 1, 1, 1, 1, 0, 1, 1, 0, 1, 1, 1, 1, 0, 1, 1, 0, 0, 0, 0, 1, 1, 0, 0, 0, 0, 1, 0, 1, 1, 1, 0, 1, 1, 1, 1, 1, 1, 1, 1, 1, 0, 1, 1, 1, 1, 1, 1, 1, 1, 1, 1, 0, 0, 1, 1, 0, 0, 0, 1, 0, 1, 0, 1, 1, 1, 1, 0, 1, 1, 0, 1, 0, 1, 0, 0, 1, 1, 0, 0, 1, 1, 1, 1, 0, 0, 0, 1, 0, 0, 0, 0, 1, 0, 0, 1, 1, 0, 1, 0, 0, 1, 1, 0, 1, 1, 0, 1, 0, 1]","[1, 1, 1, 0, 1, 1, 1, 1, 1, 0, 1, 1, 1, 1, 1, 0, 1, 0, 1, 0, 1, 1, 1, 0, 1, 0, 1, 0, 1, 1, 0, 1, 1, 1, 1, 1, 1, 1, 1, 1, 1, 1, 1, 1, 1, 1, 0, 1, 1, 0, 0, 1, 1, 1, 1, 0, 0, 1, 0, 1, 0, 1, 1, 1, 0, 1, 1, 1, 1, 1, 1, 1, 1, 1, 0, 1, 1, 1, 1, 1, 1, 1, 1, 1, 1, 0, 0, 1, 1, 0, 0, 0, 1, 0, 1, 0, 1, 1, 1, 1, 1, 1, 1, 1, 1, 0, 1, 1, 0, 1, 1, 0, 0, 1, 1, 1, 1, 0, 0, 1, 1, 1, 0, 1, 1, 1, 0, 0, 1, 1, 0, 1, 1, 0, 1, 1, 0, 1, 0, 0, 1, 0, 1]","[0.97, 0.87, 0.94, 0.03, 0.81, 0.79, 0.99, 0.94, 0.88, 0.23, 0.84, 0.89, 0.85, 0.99, 0.99, 0.46, 0.7, 0.1, 0.99, 0.0, 0.98, 0.98, 0.59, 0.07, 0.96, 0.5, 0.88, 0.0, 0.92, 0.95, 0.2, 0.81, 0.88, 0.69, 0.98, 0.92, 0.8, 0.93, 0.59, 0.54, 1.0, 0.8, 0.74, 0.85, 0.69, 0.99, 0.01, 0.76, 0.84, 0.0, 0.1, 0.69, 0.52, 0.87, 0.92, 0.15, 0.0, 0.61, 0.29, 0.66, 0.0, 1.0, 0.87, 0.51, 0.05, 0.91, 0.69, 0.95, 0.82, 0.99, 0.65, 1.0, 0.89, 0.88, 0.04, 0.89, 0.91, 0.91, 0.9, 0.88, 0.98, 0.95, 0.93, 0.94, 0.88, 0.4, 0.12, 0.86, 0.7, 0.32, 0.03, 0.48, 0.75, 0.03, 0.54, 0.01, 0.66, 0.91, 0.64, 0.81, 0.93, 0.99, 0.77, 0.97, 0.79, 0.41, 0.86, 0.76, 0.44, 0.56, 0.87, 0.08, 0.01, 0.98, 1.0, 0.8, 0.96, 0.15, 0.07, 0.75, 0.67, 0.65, 0.36, 0.93, 0.66, 0.88, 0.0, 0.03, 0.73, 0.99, 0.23, 0.94, 0.77, 0.09, 0.96, 1.0, 0.01, 0.86, 0.5, 0.16, 0.8, 0.11, 0.99]"
Random Forest,32,7,"[0, 1, 0, 1, 1, 0, 0, 1, 0, 1, 0, 1, 1, 0, 1, 1, 1, 1, 0, 1, 0, 1, 1, 1, 1, 1, 1, 0, 0, 1, 0, 1, 1, 1, 0, 0, 0, 0, 0, 1, 0, 1, 1, 1, 1, 1, 0, 0, 1, 1, 1, 0, 0, 0, 1, 0, 0, 0, 1, 1, 0, 0, 0, 0, 1, 1, 1, 1, 1, 1, 1, 1, 0, 1, 1, 1, 0, 1, 1, 0, 1, 0, 0, 1, 0, 0, 1, 0, 0, 1, 1, 0, 0, 0, 1, 1, 0, 1, 0, 0, 1, 1, 1, 0, 0, 1, 0, 0, 1, 1, 1, 0, 1, 1, 1, 1, 1, 0, 1, 0, 0, 1, 1, 1, 1, 0, 1, 0, 1, 0, 0, 1, 0, 0, 0, 0, 1, 0, 0, 1, 1, 1, 1]","[1, 1, 0, 1, 1, 1, 1, 1, 1, 1, 0, 1, 1, 0, 1, 1, 1, 1, 0, 1, 0, 1, 1, 1, 1, 1, 1, 0, 0, 1, 0, 1, 1, 1, 1, 0, 0, 0, 1, 1, 0, 1, 1, 1, 1, 1, 1, 1, 1, 0, 1, 0, 0, 0, 1, 0, 0, 0, 1, 1, 0, 0, 0, 0, 1, 1, 0, 1, 1, 1, 1, 0, 0, 1, 1, 1, 0, 1, 1, 0, 1, 0, 0, 1, 0, 0, 1, 0, 0, 0, 1, 1, 0, 0, 1, 1, 0, 1, 0, 1, 1, 0, 1, 1, 1, 1, 0, 1, 1, 1, 1, 0, 1, 1, 1, 1, 1, 1, 1, 1, 1, 1, 1, 1, 1, 1, 1, 0, 1, 0, 1, 1, 0, 1, 0, 1, 1, 0, 1, 1, 1, 1, 1]","[0.88, 0.99, 0.15, 0.99, 0.92, 0.73, 0.99, 1.0, 0.58, 0.54, 0.05, 0.62, 0.83, 0.02, 0.68, 0.81, 0.58, 0.82, 0.17, 0.86, 0.2, 1.0, 0.94, 0.76, 0.83, 0.98, 0.82, 0.06, 0.28, 0.55, 0.0, 0.77, 1.0, 0.79, 0.82, 0.41, 0.05, 0.31, 0.88, 0.94, 0.41, 0.85, 0.79, 0.83, 0.99, 0.99, 0.78, 0.72, 0.98, 0.18, 0.68, 0.28, 0.19, 0.04, 0.75, 0.12, 0.0, 0.09, 0.89, 0.86, 0.0, 0.0, 0.16, 0.21, 1.0, 0.77, 0.47, 0.99, 0.75, 0.97, 0.8, 0.5, 0.0, 0.89, 0.99, 0.94, 0.01, 0.75, 0.81, 0.13, 0.99, 0.09, 0.24, 0.87, 0.01, 0.1, 0.54, 0.05, 0.27, 0.39, 0.88, 0.75, 0.12, 0.0, 0.85, 0.65, 0.01, 0.96, 0.1, 0.7, 0.6, 0.29, 0.99, 0.59, 0.73, 0.84, 0.02, 0.73, 0.92, 0.75, 0.93, 0.03, 0.76, 0.67, 0.89, 0.98, 0.99, 0.95, 0.97, 0.62, 0.7, 1.0, 0.91, 0.95, 0.67, 0.88, 0.96, 0.08, 0.92, 0.27, 0.79, 0.97, 0.02, 0.54, 0.31, 0.63, 0.99, 0.2, 0.72, 0.95, 0.98, 0.97, 0.83]"
Random Forest,33,7,"[1, 0, 0, 0, 0, 1, 1, 1, 1, 1, 0, 1, 1, 0, 1, 0, 0, 1, 0, 1, 1, 1, 1, 1, 1, 1, 1, 1, 1, 1, 1, 0, 1, 1, 0, 0, 0, 1, 1, 1, 1, 0, 1, 0, 1, 0, 1, 1, 1, 0, 1, 1, 1, 0, 0, 1, 1, 1, 0, 1, 1, 1, 0, 0, 1, 1, 0, 1, 0, 1, 1, 1, 1, 1, 0, 1, 0, 1, 0, 1, 0, 1, 1, 1, 0, 1, 0, 1, 0, 1, 0, 1, 0, 1, 1, 1, 1, 1, 1, 1, 1, 1, 1, 1, 1, 1, 1, 1, 1, 1, 0, 1, 1, 1, 0, 0, 0, 1, 1, 0, 0, 0, 1, 1, 1, 0, 0, 0, 1, 1, 1, 1, 1, 0, 1, 1, 1, 0, 1, 0, 1, 0, 1, 0]","[1, 1, 0, 1, 0, 1, 1, 1, 1, 1, 1, 1, 1, 0, 1, 1, 0, 1, 0, 1, 1, 1, 0, 1, 1, 1, 1, 0, 1, 1, 1, 0, 1, 1, 0, 1, 0, 1, 1, 1, 1, 1, 1, 0, 1, 1, 0, 0, 1, 1, 1, 1, 1, 0, 0, 1, 1, 1, 0, 1, 1, 1, 0, 0, 1, 1, 0, 1, 0, 1, 1, 1, 1, 1, 1, 1, 0, 1, 1, 1, 0, 1, 1, 1, 0, 1, 0, 1, 1, 1, 0, 0, 0, 1, 1, 1, 1, 1, 0, 1, 1, 1, 1, 1, 1, 1, 1, 1, 0, 1, 0, 1, 1, 1, 1, 1, 0, 0, 1, 0, 0, 1, 1, 1, 1, 0, 0, 0, 1, 1, 1, 1, 1, 1, 1, 0, 1, 0, 1, 0, 1, 0, 1, 0]","[0.97, 0.79, 0.48, 0.58, 0.2, 0.95, 0.52, 0.95, 1.0, 0.96, 0.87, 0.86, 0.86, 0.03, 0.95, 0.68, 0.08, 0.89, 0.04, 0.8, 0.82, 0.99, 0.05, 0.6, 0.52, 0.89, 0.87, 0.4, 0.87, 0.95, 0.72, 0.0, 0.77, 0.94, 0.28, 0.6, 0.5, 0.7, 0.68, 0.58, 0.96, 0.67, 0.99, 0.0, 0.61, 0.71, 0.47, 0.16, 0.71, 0.61, 0.75, 0.99, 0.81, 0.07, 0.0, 0.98, 0.73, 0.9, 0.0, 0.86, 0.99, 0.86, 0.41, 0.0, 0.94, 0.57, 0.02, 0.98, 0.12, 0.97, 0.6, 0.89, 0.95, 1.0, 0.91, 0.83, 0.11, 0.93, 0.72, 0.89, 0.08, 0.99, 0.97, 0.84, 0.0, 0.87, 0.01, 0.99, 0.72, 0.92, 0.0, 0.23, 0.0, 0.99, 0.71, 0.96, 0.97, 0.68, 0.0, 0.93, 0.95, 0.64, 0.79, 0.86, 0.96, 0.95, 0.68, 0.92, 0.17, 0.97, 0.0, 0.98, 0.88, 0.98, 0.72, 0.79, 0.36, 0.41, 1.0, 0.06, 0.08, 0.83, 0.56, 0.6, 0.95, 0.0, 0.01, 0.05, 0.97, 1.0, 0.74, 0.8, 1.0, 0.72, 1.0, 0.05, 0.73, 0.22, 0.92, 0.0, 0.82, 0.29, 0.89, 0.01]"
Random Forest,34,7,"[0, 1, 1, 0, 1, 1, 0, 1, 0, 1, 1, 1, 1, 1, 0, 0, 0, 0, 1, 1, 1, 1, 1, 1, 0, 0, 1, 1, 0, 1, 1, 0, 1, 1, 1, 1, 0, 1, 1, 1, 1, 1, 1, 0, 1, 1, 0, 0, 0, 0, 1, 0, 0, 1, 1, 0, 0, 1, 1, 1, 1, 1, 1, 0, 1, 1, 1, 0, 1, 1, 1, 1, 1, 0, 0, 1, 1, 1, 1, 1, 1, 1, 1, 1, 1, 1, 0, 1, 1, 1, 0, 1, 1, 1, 0, 1, 1, 0, 1, 1, 0, 1, 1, 1, 1, 1, 1, 1, 0, 0, 0, 0, 1, 0, 1, 1, 1, 0, 1, 1, 0, 1, 1, 1, 1, 1, 0, 1, 1, 1, 0, 1, 0, 1, 1, 1, 1, 1, 0, 0, 1, 0, 0, 1]","[1, 1, 1, 0, 1, 1, 0, 1, 1, 1, 1, 0, 1, 1, 0, 0, 0, 0, 1, 1, 1, 0, 1, 1, 0, 0, 1, 1, 0, 1, 1, 0, 1, 1, 1, 1, 0, 1, 0, 0, 1, 1, 1, 0, 1, 1, 1, 0, 0, 0, 1, 0, 0, 1, 1, 0, 1, 1, 1, 1, 1, 1, 1, 1, 1, 1, 1, 1, 1, 1, 1, 1, 1, 0, 0, 1, 1, 0, 1, 1, 1, 1, 1, 1, 1, 1, 0, 1, 1, 1, 0, 1, 1, 1, 0, 1, 1, 0, 1, 1, 1, 1, 0, 1, 1, 1, 1, 1, 0, 1, 1, 1, 0, 0, 1, 1, 1, 1, 1, 1, 0, 1, 1, 1, 1, 1, 0, 1, 1, 1, 0, 1, 0, 0, 1, 1, 1, 1, 0, 1, 1, 0, 0, 1]","[0.63, 0.96, 0.76, 0.11, 0.75, 0.79, 0.0, 0.55, 0.6, 0.76, 0.87, 0.33, 0.99, 0.96, 0.19, 0.45, 0.05, 0.12, 0.87, 0.9, 0.96, 0.48, 0.86, 1.0, 0.27, 0.0, 1.0, 0.99, 0.33, 0.94, 0.99, 0.0, 0.54, 0.92, 0.98, 0.97, 0.02, 0.97, 0.5, 0.02, 0.96, 0.95, 0.93, 0.19, 0.98, 0.99, 0.62, 0.05, 0.04, 0.26, 0.82, 0.0, 0.0, 0.78, 0.96, 0.48, 0.86, 0.72, 0.96, 0.92, 0.61, 0.95, 0.93, 0.65, 0.93, 0.87, 0.55, 0.51, 0.99, 0.98, 0.81, 0.87, 0.66, 0.31, 0.02, 0.7, 0.7, 0.44, 0.91, 0.55, 0.91, 0.93, 0.87, 0.99, 0.99, 1.0, 0.27, 0.76, 0.59, 0.92, 0.0, 0.77, 0.93, 0.66, 0.01, 0.98, 0.93, 0.26, 0.55, 0.99, 0.76, 0.86, 0.26, 0.85, 0.9, 0.94, 0.9, 0.86, 0.03, 0.77, 0.91, 0.53, 0.26, 0.27, 0.61, 0.7, 0.96, 0.97, 0.96, 0.88, 0.03, 0.83, 0.93, 0.97, 0.94, 0.96, 0.06, 0.92, 0.56, 0.96, 0.11, 0.99, 0.16, 0.5, 0.92, 0.53, 0.96, 0.94, 0.12, 0.65, 0.94, 0.28, 0.0, 0.92]"
Random Forest,35,7,"[0, 1, 1, 0, 0, 1, 1, 1, 0, 1, 1, 1, 0, 0, 1, 1, 1, 1, 0, 1, 1, 0, 1, 1, 1, 0, 0, 1, 1, 0, 1, 0, 1, 0, 1, 0, 1, 0, 0, 0, 1, 0, 1, 1, 0, 1, 1, 1, 1, 0, 1, 0, 1, 1, 0, 1, 1, 1, 0, 1, 1, 1, 1, 1, 1, 1, 1, 1, 0, 1, 0, 0, 0, 1, 1, 1, 1, 1, 1, 1, 1, 1, 0, 1, 1, 1, 1, 1, 1, 1, 1, 1, 1, 0, 1, 0, 0, 1, 1, 0, 0, 1, 0, 1, 0, 1, 1, 0, 0, 1, 1, 1, 1, 1, 1, 1, 0, 1, 1, 0, 0, 1, 0, 1, 1, 0, 1, 1, 1, 0, 1, 1, 1, 0, 0, 1, 0, 0, 0, 1, 0, 1, 1]","[1, 0, 1, 0, 0, 1, 1, 1, 0, 1, 1, 1, 0, 0, 1, 1, 1, 1, 0, 1, 0, 0, 1, 1, 1, 0, 1, 1, 1, 1, 1, 0, 1, 0, 1, 0, 1, 1, 0, 0, 1, 0, 1, 1, 1, 1, 1, 1, 1, 0, 1, 1, 1, 1, 0, 0, 1, 0, 0, 1, 1, 1, 1, 1, 0, 1, 0, 1, 0, 1, 1, 0, 1, 1, 0, 1, 0, 1, 1, 1, 0, 1, 1, 1, 1, 1, 1, 1, 1, 1, 1, 1, 1, 0, 1, 0, 1, 0, 1, 0, 0, 1, 1, 1, 0, 1, 1, 0, 1, 1, 1, 1, 0, 1, 1, 1, 1, 1, 1, 0, 0, 1, 0, 1, 1, 0, 1, 1, 1, 0, 1, 1, 1, 1, 0, 1, 0, 1, 1, 1, 0, 1, 0]","[0.94, 0.24, 0.98, 0.0, 0.23, 0.81, 0.99, 0.55, 0.0, 0.97, 0.85, 0.99, 0.21, 0.02, 0.7, 0.6, 0.81, 0.7, 0.49, 0.92, 0.39, 0.14, 0.67, 0.95, 0.99, 0.2, 0.81, 0.8, 0.82, 0.61, 0.99, 0.03, 0.65, 0.05, 0.92, 0.11, 0.93, 0.89, 0.41, 0.0, 0.94, 0.38, 0.91, 0.97, 0.96, 0.97, 0.94, 0.91, 0.99, 0.29, 1.0, 0.87, 0.59, 0.9, 0.0, 0.45, 0.89, 0.3, 0.08, 0.56, 0.97, 0.65, 0.79, 0.59, 0.44, 0.69, 0.08, 0.97, 0.03, 0.94, 0.73, 0.03, 0.57, 0.96, 0.26, 0.99, 0.42, 0.96, 1.0, 0.7, 0.46, 0.93, 0.72, 0.87, 0.8, 0.71, 0.88, 0.97, 0.98, 0.9, 0.82, 0.98, 0.92, 0.18, 0.56, 0.11, 0.98, 0.16, 1.0, 0.01, 0.15, 0.8, 0.6, 0.81, 0.02, 0.77, 0.89, 0.45, 0.66, 0.84, 0.6, 0.98, 0.45, 0.99, 0.62, 0.96, 0.68, 0.89, 0.68, 0.07, 0.18, 0.96, 0.3, 0.86, 0.98, 0.26, 0.94, 0.99, 0.95, 0.2, 0.97, 0.99, 0.62, 0.63, 0.06, 0.68, 0.3, 0.74, 0.74, 0.57, 0.01, 0.99, 0.14]"
Random Forest,36,8,"[1, 1, 1, 1, 1, 0, 0, 1, 0, 1, 1, 1, 1, 1, 1, 1, 0, 1, 1, 0, 1, 1, 1, 1, 1, 1, 0, 1, 0, 0, 1, 1, 0, 0, 1, 1, 1, 0, 1, 1, 0, 1, 1, 1, 1, 1, 0, 1, 1, 1, 0, 1, 0, 0, 1, 0, 1, 1, 0, 0, 1, 0, 0, 0, 0, 0, 1, 1, 1, 1, 1, 1, 1, 1, 1, 1, 1, 0, 0, 0, 0, 1, 1, 1, 0, 1, 1, 1, 0, 0, 1, 0, 1, 1, 1, 0, 0, 1, 1, 1, 0, 1, 1, 1, 0, 0, 1, 1, 1, 1, 0, 0, 1, 1, 0, 0, 1, 1, 1, 0, 0, 1, 1, 1, 0, 0, 0, 1, 1, 0, 0, 0, 1, 0, 1, 0, 0, 0, 1, 1, 1, 0, 0, 0]","[1, 1, 1, 1, 1, 0, 0, 1, 1, 1, 1, 1, 1, 1, 1, 1, 0, 1, 0, 0, 1, 1, 1, 1, 1, 1, 0, 1, 0, 0, 1, 1, 0, 1, 1, 1, 1, 0, 1, 1, 1, 1, 1, 1, 1, 0, 1, 1, 1, 1, 0, 1, 0, 0, 1, 1, 1, 1, 0, 1, 1, 0, 0, 0, 1, 0, 1, 1, 1, 1, 1, 1, 1, 1, 1, 1, 1, 0, 0, 0, 0, 1, 1, 1, 0, 1, 1, 1, 0, 0, 1, 1, 1, 1, 1, 0, 0, 1, 1, 1, 0, 0, 1, 1, 1, 1, 1, 1, 1, 1, 1, 1, 1, 1, 0, 0, 1, 1, 1, 0, 0, 1, 1, 1, 0, 1, 1, 1, 1, 0, 0, 0, 1, 0, 1, 0, 0, 0, 1, 1, 1, 0, 0, 0]","[0.95, 0.89, 0.96, 0.95, 0.83, 0.04, 0.1, 0.86, 0.72, 0.81, 0.87, 0.96, 0.98, 0.9, 0.85, 0.82, 0.17, 0.92, 0.45, 0.16, 0.57, 0.6, 0.95, 0.82, 0.9, 0.68, 0.29, 1.0, 0.17, 0.01, 0.76, 1.0, 0.0, 0.84, 0.91, 0.7, 0.96, 0.47, 0.97, 0.56, 0.51, 0.88, 0.51, 0.86, 0.92, 0.48, 0.79, 0.75, 0.75, 0.75, 0.19, 0.92, 0.03, 0.0, 0.84, 0.69, 0.9, 0.83, 0.01, 0.6, 0.89, 0.09, 0.19, 0.03, 0.65, 0.21, 0.72, 0.76, 0.61, 0.94, 0.95, 0.74, 0.96, 0.64, 0.87, 0.88, 0.98, 0.03, 0.09, 0.1, 0.16, 0.87, 0.95, 0.92, 0.04, 0.6, 0.99, 0.97, 0.04, 0.02, 0.92, 0.58, 0.91, 0.87, 0.89, 0.13, 0.08, 0.6, 0.68, 0.95, 0.04, 0.49, 0.99, 0.78, 0.78, 0.88, 0.85, 0.84, 0.81, 0.99, 0.76, 0.86, 0.92, 0.67, 0.48, 0.0, 0.94, 0.97, 0.82, 0.04, 0.0, 0.98, 0.99, 0.74, 0.3, 0.69, 0.73, 0.78, 0.86, 0.27, 0.27, 0.45, 0.77, 0.06, 0.96, 0.12, 0.38, 0.0, 0.85, 0.89, 0.56, 0.16, 0.11, 0.0]"
Random Forest,37,8,"[1, 0, 1, 0, 0, 1, 0, 1, 1, 1, 1, 1, 1, 1, 1, 1, 1, 0, 1, 1, 1, 1, 1, 1, 1, 1, 1, 1, 0, 0, 1, 1, 1, 0, 1, 1, 1, 0, 1, 0, 0, 1, 0, 1, 1, 0, 1, 1, 1, 1, 1, 0, 0, 1, 0, 0, 0, 1, 1, 0, 0, 0, 1, 1, 1, 1, 1, 1, 1, 1, 1, 1, 1, 1, 1, 0, 1, 1, 1, 1, 1, 1, 1, 1, 1, 1, 1, 1, 1, 0, 1, 1, 1, 1, 1, 1, 0, 1, 0, 1, 0, 0, 0, 0, 1, 0, 1, 1, 1, 1, 1, 1, 1, 1, 1, 1, 1, 1, 1, 1, 0, 0, 1, 1, 0, 0, 1, 0, 0, 1, 0, 0, 1, 0, 1, 1, 0, 0, 1, 1, 1, 1, 1, 1]","[1, 1, 1, 0, 0, 1, 0, 0, 1, 1, 1, 0, 1, 1, 1, 0, 1, 0, 0, 0, 1, 1, 1, 1, 1, 1, 1, 1, 0, 0, 1, 1, 1, 0, 1, 1, 1, 1, 1, 0, 0, 1, 1, 1, 1, 0, 1, 0, 1, 1, 1, 0, 0, 1, 0, 0, 0, 1, 1, 0, 0, 0, 1, 1, 1, 1, 1, 1, 1, 1, 1, 1, 1, 1, 1, 0, 1, 1, 1, 1, 1, 1, 1, 0, 1, 1, 1, 1, 1, 1, 1, 1, 1, 1, 1, 0, 0, 1, 0, 1, 0, 0, 1, 1, 0, 1, 1, 1, 1, 1, 1, 1, 1, 1, 1, 1, 1, 1, 1, 1, 1, 1, 1, 1, 1, 0, 1, 0, 1, 1, 1, 0, 1, 1, 1, 1, 0, 1, 1, 1, 1, 1, 0, 1]","[0.99, 0.81, 0.99, 0.13, 0.04, 0.78, 0.25, 0.5, 1.0, 0.61, 0.91, 0.32, 0.83, 0.99, 0.99, 0.08, 0.72, 0.21, 0.5, 0.44, 0.99, 0.86, 0.98, 0.98, 0.99, 0.86, 0.65, 1.0, 0.06, 0.0, 0.79, 0.75, 0.73, 0.05, 0.91, 0.8, 0.98, 0.68, 0.95, 0.4, 0.01, 0.64, 0.68, 0.96, 0.98, 0.0, 1.0, 0.19, 0.63, 0.97, 0.74, 0.06, 0.01, 0.63, 0.17, 0.06, 0.03, 0.87, 0.85, 0.0, 0.0, 0.04, 0.7, 0.85, 0.98, 0.87, 0.98, 0.94, 0.98, 0.85, 0.87, 0.79, 0.97, 0.52, 0.99, 0.02, 0.79, 0.97, 0.64, 0.96, 0.88, 0.99, 0.98, 0.39, 0.98, 0.83, 0.88, 0.99, 0.84, 0.65, 0.88, 0.97, 0.92, 0.94, 0.94, 0.47, 0.01, 0.94, 0.29, 0.78, 0.02, 0.05, 0.78, 0.63, 0.32, 0.78, 0.89, 0.98, 0.81, 0.76, 0.94, 0.96, 0.87, 0.58, 0.99, 0.7, 0.95, 0.84, 0.96, 0.95, 0.92, 0.51, 0.53, 0.91, 0.77, 0.21, 0.92, 0.31, 0.78, 0.99, 0.62, 0.0, 0.98, 0.73, 1.0, 1.0, 0.25, 0.79, 0.86, 1.0, 0.54, 0.99, 0.18, 0.95]"
Random Forest,38,8,"[0, 1, 1, 1, 1, 1, 0, 1, 1, 0, 1, 1, 0, 1, 1, 1, 0, 1, 1, 1, 0, 1, 1, 0, 0, 1, 0, 1, 1, 0, 0, 1, 0, 0, 0, 1, 1, 0, 1, 0, 1, 1, 1, 1, 1, 0, 1, 1, 0, 1, 0, 1, 0, 1, 1, 0, 1, 1, 1, 1, 1, 0, 0, 1, 1, 0, 1, 1, 1, 1, 1, 1, 1, 0, 0, 1, 1, 0, 1, 1, 1, 1, 0, 0, 0, 1, 0, 1, 1, 0, 1, 1, 1, 1, 0, 1, 0, 1, 1, 1, 0, 1, 1, 1, 1, 0, 1, 1, 0, 1, 1, 0, 1, 0, 0, 1, 0, 1, 0, 0, 1, 0, 1, 0, 1, 1, 1, 0, 0, 1, 0, 0, 1, 1, 1, 1, 0, 0, 0, 0, 1, 1, 1]","[0, 0, 1, 1, 1, 1, 1, 1, 1, 0, 0, 1, 0, 1, 1, 1, 0, 1, 1, 1, 0, 1, 1, 0, 0, 1, 0, 1, 0, 1, 0, 1, 0, 1, 1, 1, 1, 1, 0, 0, 1, 1, 1, 1, 1, 1, 1, 1, 0, 0, 0, 1, 0, 1, 0, 0, 1, 1, 1, 1, 1, 0, 1, 1, 1, 0, 0, 0, 1, 1, 0, 1, 1, 0, 1, 1, 1, 0, 1, 1, 1, 1, 0, 1, 0, 1, 1, 1, 0, 0, 0, 1, 1, 0, 0, 1, 0, 1, 1, 0, 0, 1, 1, 1, 1, 1, 1, 1, 0, 1, 1, 1, 1, 0, 1, 1, 1, 1, 1, 0, 1, 0, 1, 0, 1, 1, 1, 0, 0, 1, 0, 0, 1, 1, 1, 1, 1, 1, 1, 1, 1, 1, 1]","[0.4, 0.41, 0.99, 0.97, 0.91, 0.99, 0.99, 0.99, 0.78, 0.12, 0.33, 0.83, 0.13, 0.74, 0.74, 0.73, 0.0, 1.0, 0.93, 0.51, 0.16, 0.63, 0.98, 0.15, 0.0, 1.0, 0.02, 1.0, 0.19, 0.66, 0.0, 0.79, 0.17, 0.68, 0.58, 0.99, 0.99, 0.84, 0.03, 0.0, 1.0, 0.89, 0.91, 0.87, 0.87, 0.7, 0.99, 0.98, 0.01, 0.16, 0.01, 0.85, 0.0, 0.86, 0.31, 0.23, 0.9, 0.77, 0.92, 1.0, 0.58, 0.07, 0.64, 0.75, 0.87, 0.0, 0.16, 0.34, 1.0, 0.73, 0.47, 0.77, 0.79, 0.1, 0.64, 0.95, 0.95, 0.28, 0.97, 0.88, 0.96, 0.72, 0.47, 0.81, 0.1, 0.89, 0.98, 0.75, 0.21, 0.0, 0.22, 1.0, 0.81, 0.38, 0.16, 0.71, 0.03, 0.79, 0.83, 0.0, 0.1, 0.69, 0.9, 0.97, 0.94, 0.84, 0.75, 0.88, 0.26, 0.91, 0.92, 0.66, 1.0, 0.14, 0.87, 0.76, 0.69, 1.0, 0.59, 0.0, 0.91, 0.26, 0.99, 0.0, 0.93, 1.0, 0.77, 0.08, 0.0, 0.75, 0.0, 0.15, 0.61, 0.6, 1.0, 0.64, 0.75, 0.71, 0.75, 0.92, 0.65, 0.87, 0.89]"
Random Forest,39,8,"[0, 1, 1, 1, 1, 1, 1, 1, 0, 0, 0, 0, 1, 0, 1, 1, 0, 1, 1, 1, 1, 1, 0, 1, 0, 1, 1, 1, 1, 0, 1, 1, 1, 1, 0, 0, 1, 1, 0, 1, 0, 1, 1, 1, 1, 1, 1, 0, 1, 1, 0, 1, 1, 0, 1, 0, 0, 0, 1, 1, 0, 0, 0, 0, 0, 1, 0, 0, 1, 0, 1, 1, 1, 0, 1, 0, 1, 1, 1, 1, 1, 0, 1, 1, 1, 0, 1, 1, 1, 1, 0, 0, 1, 0, 0, 0, 1, 1, 1, 1, 1, 1, 0, 1, 0, 1, 0, 1, 0, 1, 1, 1, 1, 1, 1, 1, 1, 0, 1, 1, 0, 0, 0, 0, 0, 1, 0, 0, 1, 0, 1, 0, 1, 1, 1, 1, 1, 0, 0, 0, 0, 1, 1]","[1, 1, 0, 1, 1, 1, 1, 1, 0, 0, 1, 0, 1, 0, 1, 1, 0, 1, 1, 1, 1, 1, 0, 1, 0, 1, 1, 1, 0, 0, 1, 1, 1, 1, 1, 0, 1, 1, 1, 1, 1, 1, 1, 0, 1, 1, 1, 0, 1, 1, 0, 1, 1, 0, 1, 0, 0, 0, 1, 1, 1, 0, 0, 1, 0, 1, 0, 0, 1, 0, 1, 1, 1, 0, 1, 0, 1, 1, 1, 1, 1, 1, 1, 1, 1, 0, 1, 1, 1, 1, 1, 0, 0, 1, 0, 0, 1, 1, 1, 1, 1, 1, 1, 1, 1, 1, 1, 1, 0, 1, 1, 1, 1, 1, 1, 1, 1, 0, 1, 1, 0, 0, 1, 1, 1, 1, 1, 0, 1, 0, 1, 0, 1, 1, 1, 1, 1, 0, 0, 1, 0, 1, 1]","[0.89, 0.88, 0.32, 0.74, 1.0, 0.83, 0.95, 0.69, 0.0, 0.12, 0.7, 0.09, 0.79, 0.11, 1.0, 0.98, 0.01, 0.76, 0.89, 0.6, 0.69, 0.92, 0.27, 0.96, 0.0, 0.6, 0.91, 0.54, 0.49, 0.32, 0.8, 0.63, 0.94, 0.96, 0.67, 0.32, 0.69, 0.89, 0.87, 0.57, 0.53, 0.98, 0.9, 0.15, 0.81, 0.94, 0.99, 0.3, 0.53, 0.51, 0.35, 0.94, 0.88, 0.0, 0.75, 0.0, 0.13, 0.0, 0.73, 0.99, 0.83, 0.07, 0.0, 0.66, 0.01, 0.88, 0.48, 0.12, 0.69, 0.4, 0.83, 0.55, 0.91, 0.18, 0.96, 0.02, 0.93, 0.82, 0.89, 0.71, 0.99, 0.77, 0.92, 0.61, 0.75, 0.0, 0.82, 0.97, 1.0, 0.74, 0.61, 0.42, 0.42, 0.52, 0.01, 0.0, 0.85, 0.96, 0.69, 0.98, 0.83, 0.65, 0.98, 1.0, 0.78, 0.72, 0.52, 0.54, 0.27, 0.97, 1.0, 0.97, 1.0, 0.98, 0.7, 0.9, 0.98, 0.11, 0.98, 0.64, 0.5, 0.06, 0.92, 0.6, 0.79, 0.98, 0.65, 0.0, 0.78, 0.03, 0.98, 0.05, 0.97, 0.91, 0.99, 0.7, 0.68, 0.15, 0.0, 0.84, 0.01, 0.94, 1.0]"
Random Forest,40,8,"[0, 0, 0, 1, 0, 1, 0, 0, 1, 0, 0, 1, 0, 1, 1, 1, 0, 0, 0, 1, 0, 1, 1, 1, 1, 1, 0, 1, 0, 1, 1, 1, 1, 1, 1, 0, 0, 1, 0, 1, 1, 0, 0, 1, 1, 0, 0, 1, 1, 1, 0, 1, 1, 0, 0, 0, 1, 0, 1, 1, 1, 1, 1, 1, 0, 1, 1, 1, 0, 1, 1, 1, 1, 1, 1, 1, 0, 1, 1, 1, 0, 1, 0, 1, 1, 0, 1, 1, 1, 1, 1, 1, 0, 1, 0, 0, 1, 0, 0, 1, 1, 1, 1, 0, 0, 1, 1, 1, 1, 0, 0, 1, 1, 1, 1, 1, 0, 1, 0, 1, 0, 1, 1, 1, 1, 1, 0, 1, 1, 1, 1, 1, 1, 1, 1, 0, 1, 1, 1, 0, 1, 0, 0]","[1, 1, 0, 1, 1, 1, 1, 1, 1, 0, 0, 1, 0, 1, 1, 1, 0, 0, 0, 1, 1, 1, 1, 1, 1, 1, 0, 1, 1, 1, 1, 1, 1, 1, 1, 0, 0, 1, 0, 1, 1, 1, 1, 1, 1, 0, 1, 1, 1, 1, 1, 1, 1, 0, 0, 1, 1, 0, 1, 1, 1, 1, 1, 1, 1, 1, 0, 1, 1, 1, 1, 1, 1, 1, 1, 1, 0, 1, 1, 1, 0, 1, 1, 1, 1, 0, 1, 1, 1, 1, 1, 1, 0, 1, 0, 0, 1, 0, 0, 1, 1, 1, 1, 1, 1, 1, 1, 1, 1, 0, 0, 1, 1, 0, 0, 1, 0, 1, 0, 1, 0, 1, 1, 1, 0, 1, 0, 1, 1, 1, 1, 1, 1, 1, 1, 0, 0, 1, 1, 1, 1, 0, 0]","[0.68, 0.68, 0.28, 0.88, 0.95, 0.94, 0.93, 0.65, 0.79, 0.0, 0.45, 0.71, 0.0, 0.97, 0.81, 0.97, 0.19, 0.4, 0.01, 0.78, 0.63, 0.68, 0.89, 1.0, 0.91, 0.99, 0.0, 0.98, 0.77, 0.99, 0.56, 0.79, 0.99, 1.0, 0.97, 0.0, 0.04, 0.9, 0.11, 0.98, 0.73, 0.77, 0.63, 0.96, 0.72, 0.43, 0.9, 0.92, 0.92, 0.99, 0.9, 0.92, 0.91, 0.0, 0.35, 0.6, 0.65, 0.14, 0.88, 0.99, 0.68, 0.84, 0.98, 0.64, 0.69, 0.99, 0.02, 0.92, 0.56, 1.0, 0.95, 0.51, 0.96, 0.95, 0.97, 0.79, 0.01, 0.96, 0.73, 0.99, 0.01, 0.98, 0.97, 0.96, 0.91, 0.0, 0.67, 0.79, 0.88, 1.0, 0.98, 0.95, 0.43, 0.97, 0.21, 0.02, 0.96, 0.01, 0.27, 0.96, 0.61, 0.92, 0.71, 0.54, 0.74, 0.86, 0.97, 0.63, 0.85, 0.0, 0.01, 0.9, 0.74, 0.38, 0.33, 0.8, 0.0, 0.96, 0.38, 0.83, 0.01, 0.98, 0.96, 0.98, 0.5, 0.96, 0.06, 0.94, 0.9, 0.95, 0.95, 0.91, 1.0, 0.75, 0.86, 0.0, 0.01, 0.99, 0.96, 0.58, 0.94, 0.35, 0.0]"
Random Forest,41,9,"[1, 1, 1, 0, 1, 0, 0, 1, 1, 1, 0, 0, 1, 1, 1, 1, 1, 0, 1, 0, 1, 1, 0, 1, 1, 1, 1, 1, 1, 1, 0, 1, 1, 1, 1, 1, 1, 0, 0, 1, 1, 0, 1, 0, 0, 1, 1, 1, 1, 0, 0, 1, 1, 1, 0, 0, 0, 1, 0, 1, 0, 0, 1, 1, 1, 0, 1, 1, 0, 0, 0, 1, 1, 1, 1, 1, 1, 1, 0, 0, 1, 1, 1, 1, 1, 1, 1, 0, 0, 1, 0, 1, 1, 1, 1, 1, 0, 1, 1, 0, 1, 1, 0, 0, 0, 1, 1, 1, 0, 1, 1, 1, 0, 1, 1, 1, 1, 0, 0, 1, 0, 1, 0, 0, 0, 1, 1, 1, 1, 0, 0, 0, 1, 1, 1, 0, 1, 0, 1, 1, 0, 1, 0, 0]","[1, 1, 1, 0, 0, 0, 1, 1, 1, 1, 1, 0, 1, 1, 1, 1, 1, 0, 1, 0, 1, 1, 0, 1, 0, 1, 1, 1, 1, 1, 0, 0, 1, 0, 1, 1, 1, 1, 1, 1, 1, 1, 1, 0, 1, 1, 1, 1, 1, 1, 1, 1, 1, 1, 0, 0, 0, 1, 0, 1, 1, 1, 1, 1, 1, 0, 1, 0, 0, 1, 0, 1, 0, 1, 1, 1, 0, 1, 0, 0, 1, 1, 1, 1, 1, 1, 0, 0, 0, 1, 1, 1, 1, 1, 1, 1, 0, 1, 1, 0, 1, 1, 0, 0, 0, 1, 0, 1, 1, 1, 1, 1, 1, 1, 1, 1, 1, 0, 0, 1, 0, 1, 0, 0, 0, 1, 1, 1, 1, 0, 1, 0, 1, 0, 1, 0, 1, 1, 1, 1, 0, 1, 0, 0]","[0.97, 0.97, 0.83, 0.03, 0.44, 0.01, 0.76, 0.99, 0.96, 0.94, 1.0, 0.03, 0.96, 0.77, 0.64, 0.89, 0.9, 0.0, 0.69, 0.08, 0.99, 0.67, 0.1, 0.84, 0.33, 1.0, 0.89, 0.95, 0.99, 0.53, 0.08, 0.5, 0.94, 0.4, 0.85, 0.51, 0.68, 0.51, 0.63, 0.95, 0.6, 0.53, 0.96, 0.01, 0.75, 0.65, 0.71, 0.96, 0.97, 0.68, 0.71, 0.7, 1.0, 0.97, 0.0, 0.38, 0.15, 0.96, 0.0, 0.88, 0.7, 0.59, 0.92, 0.82, 0.9, 0.02, 0.92, 0.43, 0.06, 0.6, 0.31, 1.0, 0.48, 0.76, 1.0, 0.81, 0.44, 1.0, 0.5, 0.01, 0.55, 0.94, 0.89, 1.0, 0.64, 0.72, 0.31, 0.02, 0.26, 0.82, 0.66, 0.7, 0.98, 0.99, 0.94, 0.94, 0.4, 0.92, 0.87, 0.04, 0.55, 0.85, 0.01, 0.03, 0.49, 0.75, 0.27, 0.62, 0.71, 0.97, 0.74, 0.71, 0.82, 1.0, 0.99, 0.69, 0.6, 0.04, 0.01, 0.67, 0.06, 0.97, 0.33, 0.21, 0.02, 0.99, 0.99, 0.69, 0.78, 0.0, 0.67, 0.02, 0.74, 0.03, 0.99, 0.0, 0.81, 0.7, 0.89, 0.63, 0.12, 0.69, 0.09, 0.02]"
Random Forest,42,9,"[1, 1, 0, 0, 1, 0, 1, 1, 0, 1, 1, 1, 1, 1, 1, 1, 1, 1, 1, 0, 0, 1, 1, 0, 1, 0, 0, 0, 0, 1, 1, 1, 1, 1, 0, 1, 1, 1, 0, 1, 0, 0, 0, 1, 0, 1, 0, 0, 0, 1, 0, 1, 1, 1, 1, 1, 0, 1, 1, 0, 1, 1, 1, 1, 1, 1, 1, 1, 1, 0, 1, 0, 1, 1, 1, 1, 1, 1, 1, 1, 1, 1, 1, 1, 0, 1, 0, 1, 0, 1, 1, 1, 1, 1, 1, 0, 1, 1, 1, 1, 1, 0, 1, 1, 1, 0, 0, 0, 0, 1, 1, 1, 0, 0, 1, 1, 1, 1, 1, 1, 0, 0, 0, 1, 1, 0, 0, 1, 0, 0, 1, 0, 1, 1, 0, 0, 0, 0, 0, 1, 0, 1, 1]","[1, 1, 1, 1, 1, 0, 1, 1, 0, 1, 1, 1, 1, 0, 1, 1, 1, 1, 1, 0, 0, 1, 1, 0, 1, 0, 0, 0, 0, 1, 1, 1, 1, 1, 0, 1, 1, 1, 0, 1, 0, 0, 0, 1, 0, 0, 0, 0, 1, 1, 0, 1, 1, 1, 1, 1, 0, 1, 1, 0, 1, 1, 1, 1, 1, 1, 1, 1, 1, 0, 1, 0, 1, 1, 1, 0, 1, 1, 1, 1, 1, 1, 1, 1, 1, 1, 0, 1, 0, 1, 1, 1, 1, 1, 1, 1, 1, 1, 1, 1, 1, 0, 1, 1, 1, 1, 1, 1, 0, 1, 1, 1, 1, 0, 1, 1, 1, 1, 1, 1, 1, 1, 0, 1, 1, 0, 0, 1, 0, 1, 1, 0, 1, 1, 0, 1, 0, 0, 1, 1, 0, 1, 1]","[0.93, 0.94, 0.88, 0.61, 0.87, 0.11, 1.0, 0.9, 0.02, 0.9, 0.76, 0.73, 0.8, 0.45, 0.6, 0.76, 1.0, 0.87, 0.88, 0.17, 0.17, 0.66, 0.89, 0.31, 0.94, 0.28, 0.03, 0.0, 0.08, 0.97, 0.77, 0.96, 0.66, 0.57, 0.3, 0.99, 0.92, 0.97, 0.19, 0.91, 0.08, 0.0, 0.04, 1.0, 0.0, 0.5, 0.29, 0.2, 0.94, 0.78, 0.24, 0.91, 0.94, 0.96, 0.71, 0.99, 0.03, 0.82, 0.95, 0.02, 0.88, 0.98, 0.99, 0.7, 0.97, 0.99, 0.9, 0.86, 1.0, 0.1, 0.93, 0.1, 0.96, 0.83, 0.99, 0.41, 0.95, 0.94, 0.95, 1.0, 0.95, 0.92, 0.93, 0.96, 0.81, 0.93, 0.26, 0.95, 0.11, 0.83, 0.87, 0.68, 0.93, 0.75, 0.95, 0.71, 0.72, 0.94, 0.88, 0.83, 0.95, 0.31, 0.99, 0.89, 0.96, 0.69, 0.95, 0.64, 0.23, 0.99, 0.63, 0.99, 0.64, 0.02, 0.99, 0.9, 0.96, 0.99, 0.96, 0.61, 0.82, 0.87, 0.16, 0.83, 0.94, 0.34, 0.33, 0.87, 0.03, 0.81, 0.71, 0.05, 1.0, 0.67, 0.29, 0.76, 0.29, 0.03, 0.84, 0.88, 0.01, 0.99, 0.57]"
Random Forest,43,9,"[0, 0, 0, 1, 1, 1, 1, 1, 1, 1, 1, 0, 0, 0, 1, 1, 1, 1, 0, 0, 1, 1, 0, 1, 0, 1, 0, 1, 1, 0, 1, 1, 1, 1, 0, 1, 0, 0, 0, 0, 0, 1, 1, 1, 0, 0, 1, 0, 0, 1, 1, 1, 0, 1, 1, 0, 1, 0, 1, 1, 1, 1, 0, 0, 0, 0, 0, 1, 0, 1, 0, 1, 1, 1, 0, 0, 1, 1, 1, 1, 1, 1, 1, 1, 1, 0, 1, 1, 1, 0, 0, 0, 1, 1, 0, 1, 0, 0, 0, 1, 0, 1, 1, 0, 1, 1, 1, 1, 1, 1, 0, 1, 1, 1, 1, 1, 0, 0, 1, 0, 1, 1, 1, 0, 1, 1, 0, 1, 0, 1, 0, 1, 0, 1, 1, 1, 1, 1, 1, 0, 1, 1, 1, 1]","[1, 1, 0, 1, 1, 1, 1, 0, 1, 1, 1, 0, 0, 0, 1, 0, 1, 1, 0, 0, 1, 1, 0, 1, 0, 1, 0, 1, 1, 0, 1, 1, 1, 1, 1, 1, 0, 1, 1, 0, 0, 1, 1, 1, 1, 1, 1, 0, 0, 1, 1, 1, 1, 1, 1, 1, 1, 0, 1, 0, 1, 1, 1, 0, 0, 0, 0, 1, 0, 1, 0, 1, 1, 1, 1, 1, 1, 1, 1, 1, 1, 1, 1, 1, 1, 0, 1, 0, 1, 1, 0, 0, 1, 0, 0, 1, 1, 0, 1, 1, 0, 1, 0, 0, 1, 1, 1, 1, 1, 1, 1, 1, 1, 1, 1, 1, 1, 1, 1, 1, 1, 1, 1, 1, 1, 1, 0, 1, 1, 1, 0, 1, 0, 1, 1, 1, 1, 1, 1, 0, 1, 1, 0, 1]","[0.74, 0.81, 0.25, 0.93, 0.98, 0.69, 0.81, 0.18, 0.71, 0.9, 0.68, 0.06, 0.18, 0.03, 0.95, 0.41, 0.92, 0.99, 0.09, 0.03, 0.6, 0.92, 0.14, 0.59, 0.19, 0.6, 0.01, 0.98, 0.79, 0.0, 0.53, 0.77, 0.85, 0.63, 0.88, 0.98, 0.16, 0.57, 0.53, 0.4, 0.0, 0.95, 0.88, 0.98, 0.77, 0.89, 0.97, 0.0, 0.49, 0.68, 0.93, 0.95, 0.9, 0.95, 0.82, 0.89, 0.97, 0.01, 1.0, 0.09, 0.84, 0.99, 0.64, 0.01, 0.14, 0.06, 0.0, 0.94, 0.02, 0.6, 0.01, 0.89, 0.98, 0.64, 0.61, 0.59, 0.87, 0.99, 0.99, 0.96, 0.99, 0.8, 0.96, 0.96, 0.96, 0.0, 0.97, 0.37, 0.97, 0.6, 0.19, 0.0, 0.89, 0.23, 0.0, 1.0, 0.94, 0.13, 0.61, 0.72, 0.0, 0.91, 0.01, 0.04, 0.79, 0.92, 0.92, 0.85, 0.63, 1.0, 0.96, 0.96, 0.77, 0.74, 0.92, 0.97, 0.83, 0.93, 0.97, 0.77, 0.84, 0.97, 0.71, 0.69, 0.74, 0.96, 0.02, 0.99, 0.86, 0.96, 0.0, 0.54, 0.17, 0.96, 0.99, 0.72, 0.86, 0.93, 1.0, 0.11, 1.0, 1.0, 0.09, 1.0]"
Random Forest,44,9,"[0, 0, 1, 0, 1, 1, 0, 1, 1, 1, 1, 1, 1, 1, 0, 1, 1, 0, 1, 1, 1, 1, 1, 1, 1, 0, 1, 0, 0, 1, 1, 0, 1, 1, 0, 1, 1, 1, 0, 1, 1, 0, 1, 1, 1, 1, 1, 0, 1, 1, 1, 0, 0, 1, 1, 1, 0, 1, 0, 1, 1, 0, 1, 0, 1, 1, 1, 1, 1, 1, 0, 1, 1, 0, 0, 1, 0, 1, 0, 1, 0, 0, 0, 1, 1, 0, 0, 1, 1, 0, 1, 1, 1, 1, 0, 0, 1, 1, 0, 1, 0, 1, 1, 1, 1, 1, 0, 0, 0, 1, 0, 1, 1, 0, 1, 1, 1, 1, 0, 0, 0, 1, 1, 1, 1, 0, 0, 0, 0, 1, 1, 0, 1, 1, 0, 1, 1, 0, 0, 0, 0, 1, 1]","[1, 0, 1, 1, 1, 1, 1, 1, 1, 1, 1, 1, 1, 1, 0, 1, 1, 1, 1, 1, 1, 1, 1, 1, 1, 0, 1, 1, 0, 1, 1, 0, 1, 1, 1, 1, 1, 0, 1, 1, 1, 1, 0, 0, 1, 1, 1, 0, 1, 1, 1, 0, 0, 1, 0, 1, 0, 1, 0, 1, 1, 0, 1, 0, 1, 1, 0, 1, 1, 0, 1, 1, 1, 0, 1, 1, 0, 1, 0, 1, 0, 0, 0, 1, 1, 1, 0, 1, 1, 1, 1, 0, 1, 1, 0, 1, 0, 1, 0, 1, 0, 1, 1, 1, 1, 1, 1, 0, 1, 1, 1, 1, 0, 0, 1, 1, 1, 1, 0, 0, 0, 1, 1, 1, 1, 0, 1, 0, 1, 1, 1, 0, 1, 1, 0, 1, 1, 1, 1, 0, 0, 1, 1]","[0.54, 0.14, 1.0, 0.88, 0.76, 0.91, 0.77, 0.85, 0.65, 0.95, 0.97, 0.98, 0.98, 0.72, 0.08, 0.95, 0.81, 0.61, 0.6, 0.81, 0.99, 0.98, 0.89, 0.63, 0.95, 0.0, 1.0, 0.79, 0.01, 0.64, 0.76, 0.5, 0.9, 0.98, 0.54, 0.73, 0.98, 0.1, 0.73, 0.57, 0.95, 0.53, 0.38, 0.01, 0.95, 0.93, 0.55, 0.0, 0.73, 0.97, 0.78, 0.01, 0.01, 0.9, 0.02, 0.93, 0.43, 0.95, 0.01, 0.99, 0.51, 0.01, 0.96, 0.1, 0.64, 0.9, 0.25, 0.95, 0.51, 0.5, 0.96, 1.0, 0.89, 0.02, 0.79, 0.96, 0.05, 0.88, 0.03, 1.0, 0.01, 0.19, 0.05, 0.79, 0.88, 0.76, 0.0, 0.8, 0.83, 1.0, 0.75, 0.21, 0.86, 1.0, 0.0, 0.66, 0.32, 1.0, 0.0, 0.98, 0.01, 0.79, 0.66, 0.99, 0.95, 0.63, 0.95, 0.01, 0.76, 0.89, 0.53, 0.85, 0.21, 0.48, 0.97, 1.0, 0.93, 0.97, 0.01, 0.02, 0.33, 0.95, 0.9, 0.98, 0.99, 0.02, 0.51, 0.02, 0.76, 0.96, 0.6, 0.11, 1.0, 0.97, 0.02, 0.96, 0.94, 0.81, 0.78, 0.09, 0.0, 0.85, 0.8]"
Random Forest,45,9,"[1, 0, 0, 1, 1, 1, 1, 0, 1, 0, 1, 0, 1, 1, 1, 0, 0, 0, 1, 1, 1, 1, 1, 1, 0, 1, 1, 1, 0, 1, 1, 1, 1, 1, 0, 0, 1, 1, 0, 1, 1, 1, 1, 1, 1, 1, 0, 0, 1, 0, 1, 1, 1, 0, 1, 0, 0, 1, 1, 1, 1, 1, 1, 1, 1, 0, 1, 1, 0, 1, 0, 1, 1, 0, 1, 1, 1, 1, 1, 0, 1, 0, 1, 1, 1, 1, 1, 1, 1, 1, 1, 0, 1, 0, 1, 0, 0, 1, 0, 1, 1, 1, 1, 0, 0, 1, 0, 1, 1, 1, 1, 0, 1, 1, 1, 1, 1, 1, 1, 0, 0, 0, 1, 0, 1, 0, 0, 0, 1, 0, 1, 1, 1, 1, 1, 0, 0, 1, 1, 0, 0, 1, 1]","[1, 1, 1, 1, 1, 1, 1, 0, 1, 0, 0, 0, 1, 1, 1, 0, 0, 0, 0, 1, 1, 1, 1, 1, 0, 1, 1, 1, 0, 1, 1, 1, 1, 1, 0, 0, 1, 1, 0, 1, 1, 1, 1, 1, 1, 1, 0, 1, 1, 0, 0, 1, 0, 0, 1, 0, 0, 1, 1, 1, 1, 1, 1, 1, 1, 0, 1, 1, 0, 1, 1, 1, 1, 0, 1, 1, 1, 1, 1, 0, 1, 0, 1, 1, 1, 1, 1, 1, 1, 1, 1, 0, 1, 0, 1, 0, 0, 1, 0, 1, 1, 1, 1, 1, 1, 1, 0, 1, 1, 1, 1, 0, 1, 1, 0, 1, 1, 1, 1, 0, 0, 1, 1, 0, 0, 0, 1, 0, 1, 1, 1, 1, 1, 1, 1, 1, 0, 1, 1, 0, 0, 1, 1]","[0.98, 0.66, 0.67, 0.88, 1.0, 1.0, 0.88, 0.06, 0.84, 0.45, 0.43, 0.12, 0.8, 0.9, 0.82, 0.15, 0.4, 0.02, 0.06, 0.76, 0.93, 0.82, 0.86, 0.97, 0.0, 1.0, 1.0, 0.97, 0.23, 1.0, 0.74, 0.92, 1.0, 0.93, 0.01, 0.05, 1.0, 0.93, 0.11, 0.96, 0.84, 0.9, 1.0, 0.68, 0.91, 0.99, 0.17, 0.89, 0.83, 0.22, 0.46, 0.71, 0.36, 0.1, 0.75, 0.07, 0.24, 0.84, 0.88, 0.98, 0.74, 0.81, 0.69, 0.85, 0.91, 0.02, 0.68, 0.95, 0.09, 0.58, 0.53, 0.88, 0.73, 0.5, 0.94, 0.69, 0.61, 0.91, 1.0, 0.0, 0.97, 0.01, 0.86, 0.79, 0.77, 0.84, 0.96, 1.0, 0.79, 0.68, 0.57, 0.32, 0.8, 0.11, 0.72, 0.16, 0.0, 1.0, 0.28, 0.51, 0.99, 0.83, 0.61, 0.78, 0.75, 0.91, 0.5, 0.94, 0.98, 0.84, 0.75, 0.0, 0.8, 0.69, 0.43, 0.57, 0.96, 0.71, 0.99, 0.4, 0.49, 0.79, 0.79, 0.33, 0.46, 0.03, 0.76, 0.39, 0.99, 0.56, 0.92, 0.57, 0.9, 0.98, 1.0, 0.7, 0.05, 0.98, 0.72, 0.38, 0.21, 0.94, 0.87]"
Random Forest,46,10,"[0, 0, 1, 0, 0, 1, 1, 0, 1, 1, 0, 0, 1, 0, 0, 1, 1, 1, 0, 1, 1, 1, 1, 1, 1, 0, 1, 0, 1, 0, 1, 1, 1, 1, 1, 1, 0, 1, 1, 0, 0, 0, 1, 1, 0, 1, 0, 1, 1, 0, 0, 0, 1, 0, 1, 0, 0, 1, 1, 0, 0, 0, 1, 1, 1, 1, 0, 1, 0, 1, 1, 1, 0, 1, 1, 1, 1, 1, 1, 1, 0, 1, 1, 1, 1, 1, 1, 1, 0, 0, 1, 0, 0, 0, 1, 1, 1, 1, 0, 0, 1, 1, 1, 1, 1, 1, 1, 1, 0, 1, 1, 0, 0, 0, 1, 1, 1, 1, 1, 0, 0, 0, 0, 1, 0, 0, 1, 1, 1, 0, 0, 0, 0, 1, 1, 0, 0, 1, 0, 1, 0, 1, 0, 1]","[1, 1, 1, 0, 1, 1, 1, 0, 1, 1, 0, 0, 1, 0, 0, 0, 1, 1, 0, 1, 1, 1, 1, 0, 1, 0, 1, 0, 0, 0, 1, 1, 1, 1, 1, 1, 0, 1, 1, 1, 0, 0, 1, 0, 1, 1, 1, 1, 1, 0, 0, 1, 1, 1, 1, 0, 1, 1, 1, 0, 1, 0, 1, 1, 1, 1, 0, 1, 0, 1, 1, 1, 0, 1, 1, 1, 1, 1, 1, 1, 0, 1, 1, 1, 1, 1, 1, 1, 0, 0, 1, 0, 0, 1, 1, 1, 1, 1, 0, 1, 1, 1, 1, 1, 1, 0, 1, 1, 1, 1, 1, 0, 0, 0, 1, 1, 1, 1, 1, 1, 0, 0, 1, 1, 1, 0, 1, 1, 1, 0, 1, 0, 0, 1, 1, 1, 0, 1, 1, 1, 0, 1, 0, 0]","[0.61, 0.85, 0.97, 0.13, 0.76, 1.0, 0.97, 0.01, 0.97, 0.84, 0.13, 0.41, 0.53, 0.06, 0.12, 0.43, 0.76, 0.71, 0.19, 0.91, 0.67, 0.96, 0.84, 0.5, 0.95, 0.01, 0.94, 0.34, 0.45, 0.02, 0.62, 0.75, 0.98, 0.74, 0.92, 0.67, 0.49, 0.94, 0.96, 0.67, 0.45, 0.04, 1.0, 0.45, 0.6, 0.9, 0.77, 0.99, 0.76, 0.0, 0.0, 0.67, 0.96, 0.54, 0.95, 0.02, 0.51, 0.84, 0.86, 0.01, 0.65, 0.3, 0.86, 0.98, 0.84, 0.96, 0.0, 1.0, 0.04, 0.95, 0.91, 0.98, 0.0, 1.0, 0.68, 0.67, 0.63, 0.98, 0.91, 0.96, 0.07, 0.89, 0.85, 0.98, 0.98, 0.95, 0.87, 0.86, 0.03, 0.0, 0.72, 0.02, 0.03, 0.56, 0.8, 0.96, 0.84, 0.89, 0.03, 0.76, 0.92, 0.76, 0.86, 0.93, 0.66, 0.47, 0.98, 0.99, 0.79, 0.92, 0.64, 0.09, 0.18, 0.02, 0.96, 0.68, 0.9, 0.98, 0.73, 0.88, 0.24, 0.07, 0.75, 0.73, 0.85, 0.16, 0.78, 0.89, 0.67, 0.0, 0.59, 0.06, 0.35, 0.77, 0.99, 0.68, 0.01, 0.87, 0.8, 0.97, 0.09, 0.77, 0.02, 0.19]"
Random Forest,47,10,"[0, 1, 1, 0, 1, 1, 1, 1, 1, 1, 1, 1, 1, 0, 1, 1, 1, 1, 1, 1, 1, 1, 1, 0, 0, 1, 1, 1, 0, 1, 1, 0, 0, 0, 0, 0, 0, 1, 1, 1, 0, 0, 1, 1, 1, 1, 1, 1, 0, 1, 1, 1, 1, 0, 1, 1, 1, 1, 0, 0, 1, 0, 1, 1, 1, 1, 0, 0, 1, 1, 1, 1, 1, 1, 0, 1, 1, 0, 1, 1, 1, 0, 1, 1, 1, 1, 1, 1, 1, 0, 0, 0, 1, 0, 0, 0, 0, 1, 0, 1, 0, 1, 1, 0, 1, 1, 1, 1, 0, 0, 1, 1, 1, 1, 1, 0, 1, 0, 1, 0, 0, 0, 1, 1, 1, 1, 0, 0, 0, 0, 0, 1, 0, 1, 1, 0, 0, 0, 0, 1, 1, 1, 1, 0]","[1, 1, 1, 0, 1, 1, 1, 1, 1, 1, 1, 1, 1, 0, 1, 1, 1, 1, 1, 1, 1, 1, 1, 0, 0, 1, 1, 1, 0, 1, 1, 1, 0, 1, 0, 1, 0, 1, 1, 1, 1, 1, 1, 1, 1, 1, 1, 1, 0, 1, 1, 1, 1, 0, 1, 0, 1, 1, 0, 0, 1, 0, 1, 1, 0, 1, 0, 1, 1, 1, 1, 1, 1, 1, 0, 1, 1, 1, 1, 1, 1, 0, 1, 0, 1, 1, 1, 1, 1, 1, 0, 0, 1, 0, 1, 0, 1, 1, 0, 1, 1, 1, 1, 1, 1, 1, 1, 1, 1, 1, 1, 1, 1, 1, 1, 1, 1, 1, 1, 0, 0, 0, 1, 1, 1, 1, 0, 1, 0, 1, 0, 1, 1, 1, 1, 0, 0, 0, 1, 1, 0, 1, 1, 0]","[0.79, 0.92, 0.96, 0.03, 0.98, 0.85, 0.99, 0.86, 0.93, 0.98, 0.94, 0.98, 0.89, 0.01, 0.8, 0.66, 0.76, 0.55, 0.9, 0.86, 0.98, 0.99, 0.92, 0.31, 0.01, 0.97, 0.51, 0.8, 0.02, 0.88, 0.93, 0.64, 0.04, 0.67, 0.05, 0.67, 0.31, 0.98, 0.88, 0.92, 0.81, 0.55, 0.86, 0.9, 0.81, 0.71, 0.81, 0.69, 0.39, 0.98, 1.0, 0.74, 0.98, 0.37, 0.7, 0.37, 0.85, 0.95, 0.13, 0.0, 0.84, 0.0, 0.93, 0.67, 0.11, 0.97, 0.14, 0.86, 1.0, 0.61, 0.99, 0.6, 0.88, 0.95, 0.01, 0.9, 0.73, 0.51, 0.85, 0.88, 0.82, 0.07, 0.91, 0.44, 1.0, 0.87, 0.96, 0.83, 0.9, 0.75, 0.1, 0.04, 0.89, 0.03, 0.68, 0.02, 0.72, 0.79, 0.0, 0.62, 0.59, 0.79, 0.97, 0.92, 1.0, 0.98, 0.8, 0.94, 0.93, 0.86, 0.79, 0.82, 0.6, 0.91, 0.74, 0.61, 0.95, 0.59, 0.69, 0.0, 0.01, 0.3, 1.0, 0.97, 0.96, 0.97, 0.35, 0.68, 0.01, 0.58, 0.31, 0.56, 0.8, 1.0, 1.0, 0.12, 0.23, 0.29, 0.75, 0.89, 0.5, 0.6, 0.99, 0.12]"
Random Forest,48,10,"[0, 1, 0, 1, 1, 1, 1, 1, 1, 0, 0, 0, 0, 0, 1, 1, 0, 1, 1, 0, 1, 1, 1, 1, 1, 1, 0, 0, 1, 1, 1, 0, 1, 0, 1, 0, 1, 0, 1, 0, 1, 1, 1, 1, 0, 1, 1, 0, 1, 1, 0, 1, 1, 0, 0, 1, 1, 1, 0, 0, 0, 1, 0, 0, 0, 0, 1, 0, 1, 1, 0, 1, 0, 1, 1, 0, 0, 1, 1, 1, 1, 1, 1, 1, 1, 1, 0, 0, 0, 0, 0, 1, 1, 1, 1, 1, 1, 1, 1, 0, 0, 1, 1, 1, 1, 1, 0, 1, 1, 1, 1, 1, 1, 1, 0, 1, 1, 0, 0, 0, 0, 1, 0, 1, 0, 0, 0, 0, 1, 0, 0, 0, 1, 1, 1, 1, 0, 1, 0, 0, 1, 1, 1]","[0, 1, 1, 1, 0, 1, 1, 1, 1, 0, 0, 0, 1, 0, 1, 1, 0, 1, 1, 0, 1, 0, 0, 1, 1, 1, 0, 0, 1, 0, 1, 1, 1, 0, 1, 0, 1, 0, 1, 1, 1, 1, 0, 1, 0, 1, 1, 1, 0, 1, 1, 1, 1, 0, 0, 0, 0, 1, 0, 0, 0, 1, 0, 0, 0, 0, 1, 0, 1, 0, 1, 1, 0, 1, 1, 1, 0, 1, 0, 1, 0, 1, 1, 1, 1, 1, 0, 0, 1, 0, 1, 1, 0, 1, 1, 1, 1, 1, 0, 0, 0, 0, 1, 1, 1, 1, 0, 1, 0, 0, 1, 1, 1, 1, 1, 1, 1, 0, 0, 1, 1, 1, 1, 1, 0, 1, 1, 0, 1, 0, 0, 0, 1, 1, 1, 1, 0, 0, 0, 0, 1, 1, 1]","[0.0, 0.77, 0.94, 0.8, 0.12, 0.67, 0.75, 1.0, 0.87, 0.01, 0.05, 0.22, 0.75, 0.08, 1.0, 0.98, 0.11, 0.65, 0.92, 0.15, 0.93, 0.47, 0.3, 0.99, 0.96, 0.95, 0.06, 0.0, 0.79, 0.34, 0.89, 0.85, 0.94, 0.19, 0.64, 0.0, 0.99, 0.0, 0.95, 0.86, 0.68, 1.0, 0.43, 0.92, 0.0, 0.91, 0.92, 0.95, 0.13, 0.88, 0.6, 0.95, 0.93, 0.0, 0.0, 0.16, 0.42, 0.97, 0.0, 0.04, 0.04, 0.88, 0.19, 0.0, 0.0, 0.0, 0.92, 0.39, 0.96, 0.42, 0.7, 0.92, 0.03, 0.89, 0.95, 0.62, 0.08, 0.97, 0.37, 0.76, 0.46, 0.79, 0.94, 0.93, 0.93, 0.98, 0.05, 0.34, 0.76, 0.0, 0.79, 0.96, 0.36, 0.8, 0.92, 0.83, 0.66, 0.74, 0.19, 0.0, 0.02, 0.3, 1.0, 0.91, 0.9, 0.98, 0.04, 0.86, 0.27, 0.0, 0.93, 0.75, 0.97, 0.77, 0.93, 0.94, 0.8, 0.39, 0.23, 0.91, 0.74, 0.94, 0.68, 0.89, 0.02, 0.9, 0.66, 0.0, 1.0, 0.04, 0.1, 0.3, 0.88, 0.62, 0.91, 0.66, 0.02, 0.05, 0.16, 0.16, 1.0, 0.91, 0.98]"
Random Forest,49,10,"[0, 1, 1, 0, 1, 0, 1, 1, 1, 1, 1, 0, 0, 1, 0, 1, 1, 1, 1, 0, 0, 1, 0, 0, 1, 0, 1, 1, 0, 1, 0, 1, 1, 1, 1, 1, 1, 0, 1, 1, 1, 1, 1, 1, 1, 0, 0, 1, 1, 0, 0, 1, 1, 1, 1, 0, 1, 1, 0, 0, 1, 1, 1, 1, 1, 1, 0, 1, 1, 1, 1, 1, 1, 1, 0, 1, 0, 1, 0, 1, 0, 1, 1, 1, 1, 1, 0, 1, 0, 1, 1, 0, 0, 1, 1, 0, 0, 1, 1, 0, 1, 1, 0, 0, 1, 1, 1, 1, 1, 0, 0, 1, 1, 0, 1, 1, 1, 1, 1, 1, 1, 1, 1, 1, 1, 0, 1, 0, 1, 1, 1, 0, 1, 1, 1, 0, 0, 0, 1, 0, 0, 0, 1]","[1, 1, 1, 1, 1, 1, 1, 1, 1, 1, 1, 0, 0, 1, 0, 1, 1, 1, 1, 0, 0, 0, 0, 0, 1, 0, 0, 1, 1, 1, 0, 1, 1, 1, 1, 1, 1, 1, 1, 1, 1, 1, 1, 1, 1, 0, 1, 1, 1, 0, 1, 1, 1, 1, 1, 0, 0, 1, 0, 0, 1, 1, 1, 1, 1, 1, 0, 1, 1, 1, 1, 1, 1, 0, 0, 1, 1, 1, 0, 1, 0, 1, 1, 1, 1, 1, 0, 1, 0, 1, 1, 0, 0, 1, 1, 0, 1, 1, 1, 1, 1, 1, 1, 0, 1, 1, 1, 1, 1, 1, 0, 1, 0, 0, 1, 1, 1, 1, 1, 1, 1, 1, 1, 1, 1, 0, 0, 1, 1, 1, 1, 0, 1, 1, 1, 0, 1, 1, 1, 0, 1, 0, 1]","[0.66, 0.96, 1.0, 0.86, 0.74, 0.55, 0.88, 0.91, 0.82, 0.59, 0.87, 0.0, 0.1, 0.61, 0.19, 0.55, 0.67, 0.74, 0.75, 0.49, 0.08, 0.45, 0.0, 0.1, 1.0, 0.11, 0.5, 0.9, 0.74, 1.0, 0.0, 0.81, 0.91, 0.76, 0.96, 0.59, 0.62, 0.84, 0.95, 0.59, 0.98, 0.96, 0.94, 1.0, 1.0, 0.09, 0.93, 0.53, 0.88, 0.11, 0.69, 0.86, 0.75, 0.83, 0.54, 0.0, 0.42, 0.96, 0.14, 0.05, 0.67, 0.96, 0.57, 0.96, 0.96, 0.92, 0.0, 0.86, 0.98, 1.0, 0.9, 0.96, 1.0, 0.42, 0.12, 0.93, 0.73, 0.89, 0.24, 0.99, 0.05, 0.87, 0.94, 0.83, 0.98, 0.98, 0.02, 0.99, 0.38, 0.94, 0.75, 0.01, 0.47, 0.83, 0.83, 0.23, 0.99, 0.99, 0.99, 0.68, 0.62, 0.53, 0.63, 0.0, 0.95, 0.74, 0.93, 0.94, 0.7, 0.63, 0.01, 0.98, 0.23, 0.38, 0.88, 0.98, 0.99, 1.0, 0.97, 0.99, 1.0, 0.94, 0.94, 1.0, 0.97, 0.06, 0.41, 0.83, 0.56, 1.0, 0.9, 0.04, 0.98, 0.99, 0.69, 0.04, 0.82, 0.78, 0.66, 0.0, 0.86, 0.01, 0.88]"
Random Forest,50,10,"[1, 1, 0, 0, 1, 1, 1, 1, 1, 1, 0, 1, 1, 1, 1, 0, 0, 1, 1, 1, 0, 1, 1, 1, 1, 1, 1, 1, 1, 0, 1, 1, 1, 0, 0, 1, 0, 1, 0, 1, 1, 1, 1, 0, 1, 1, 0, 0, 0, 0, 1, 1, 1, 1, 1, 1, 1, 0, 1, 1, 0, 1, 0, 0, 1, 1, 1, 1, 1, 1, 1, 1, 0, 1, 1, 0, 1, 0, 1, 1, 0, 1, 1, 1, 1, 1, 1, 0, 0, 1, 0, 0, 1, 0, 1, 1, 1, 1, 1, 1, 1, 1, 0, 1, 1, 1, 1, 1, 1, 1, 0, 0, 0, 1, 0, 1, 0, 1, 1, 1, 1, 1, 1, 0, 1, 1, 1, 0, 0, 1, 0, 1, 1, 1, 1, 1, 1, 1, 0, 1, 1, 0, 1]","[1, 1, 1, 0, 1, 1, 0, 1, 1, 1, 1, 1, 0, 1, 1, 0, 0, 1, 0, 1, 0, 1, 1, 1, 1, 1, 1, 1, 1, 0, 1, 1, 1, 1, 0, 1, 1, 1, 0, 0, 1, 0, 1, 0, 1, 1, 0, 0, 0, 0, 1, 1, 1, 1, 1, 1, 1, 0, 1, 1, 1, 1, 0, 1, 0, 1, 1, 1, 0, 1, 1, 0, 1, 1, 1, 0, 1, 0, 1, 1, 0, 1, 1, 1, 1, 1, 1, 0, 0, 1, 0, 0, 1, 1, 1, 0, 1, 1, 1, 1, 1, 1, 0, 1, 0, 1, 1, 1, 1, 1, 1, 0, 0, 1, 0, 1, 0, 1, 1, 1, 1, 1, 0, 1, 1, 1, 1, 0, 0, 1, 0, 1, 1, 1, 1, 1, 1, 1, 0, 1, 1, 0, 1]","[0.95, 0.96, 0.71, 0.18, 0.97, 0.84, 0.45, 0.87, 1.0, 0.87, 1.0, 0.72, 0.41, 0.7, 0.67, 0.04, 0.48, 0.97, 0.06, 0.81, 0.15, 1.0, 0.74, 1.0, 0.67, 1.0, 0.64, 0.98, 0.97, 0.24, 0.71, 1.0, 0.96, 0.55, 0.06, 0.99, 0.89, 1.0, 0.46, 0.04, 0.99, 0.44, 0.69, 0.44, 0.9, 0.93, 0.0, 0.28, 0.04, 0.2, 0.95, 0.96, 0.84, 0.65, 0.84, 0.86, 0.52, 0.09, 0.57, 0.97, 0.66, 0.84, 0.08, 0.52, 0.37, 0.97, 0.88, 0.72, 0.25, 0.67, 1.0, 0.49, 0.97, 0.99, 0.94, 0.0, 0.93, 0.06, 0.76, 0.9, 0.28, 0.77, 0.85, 0.84, 0.8, 0.95, 0.99, 0.31, 0.14, 0.79, 0.02, 0.07, 0.52, 0.85, 0.73, 0.44, 0.99, 0.79, 0.84, 0.76, 0.55, 0.88, 0.01, 0.72, 0.49, 0.98, 0.64, 0.93, 0.99, 0.68, 0.99, 0.3, 0.5, 0.88, 0.45, 0.84, 0.21, 0.95, 1.0, 1.0, 0.98, 1.0, 0.41, 0.73, 1.0, 0.96, 0.97, 0.22, 0.0, 0.59, 0.0, 0.89, 0.97, 0.98, 0.97, 0.99, 1.0, 0.79, 0.4, 0.98, 0.87, 0.01, 0.78]"
Naive Bayes,1,1,"[1, 0, 0, 1, 0, 0, 1, 1, 1, 0, 0, 1, 1, 1, 0, 1, 1, 1, 1, 0, 1, 1, 1, 0, 1, 1, 1, 0, 0, 1, 1, 1, 1, 1, 1, 0, 1, 1, 1, 1, 0, 1, 1, 0, 1, 0, 1, 0, 0, 1, 0, 1, 1, 0, 0, 0, 0, 1, 1, 0, 0, 1, 1, 0, 0, 1, 1, 1, 1, 0, 1, 1, 1, 1, 0, 1, 1, 1, 1, 1, 1, 1, 0, 1, 1, 0, 1, 0, 1, 1, 1, 0, 1, 1, 1, 0, 1, 1, 0, 1, 1, 1, 1, 1, 0, 1, 1, 0, 1, 1, 1, 1, 1, 1, 0, 1, 1, 0, 1, 1, 1, 0, 1, 0, 1, 1, 1, 0, 1, 1, 0, 0, 1, 0, 1, 0, 1, 0, 1, 1, 1, 0, 1, 1]","[0, 0, 1, 1, 1, 0, 1, 1, 1, 1, 0, 1, 1, 1, 0, 1, 0, 1, 1, 0, 1, 1, 1, 1, 1, 1, 1, 0, 0, 1, 1, 1, 1, 1, 1, 1, 1, 1, 0, 1, 1, 1, 0, 1, 1, 0, 1, 0, 0, 1, 0, 1, 1, 0, 0, 0, 1, 1, 1, 0, 0, 1, 1, 0, 0, 1, 0, 1, 1, 0, 1, 1, 1, 1, 0, 0, 1, 1, 1, 1, 1, 1, 0, 1, 1, 0, 1, 0, 1, 1, 1, 0, 1, 1, 1, 0, 1, 1, 1, 1, 1, 1, 1, 1, 1, 1, 1, 1, 1, 1, 0, 1, 1, 1, 1, 1, 1, 0, 1, 1, 1, 0, 1, 1, 1, 1, 1, 1, 1, 1, 0, 1, 1, 0, 1, 0, 1, 0, 1, 1, 1, 0, 0, 1]","[3.551629029215789e-47, 3.09210718618357e-103, 1.0, 1.0, 1.0, 0.0, 1.0, 1.0, 1.0, 1.0, 1.3255314531080954e-151, 1.0, 1.0, 1.0, 6.0407400622785755e-93, 1.0, 1.2727093237702272e-40, 0.9999999999996554, 1.0, 2.3430364799283335e-210, 0.9995234156459254, 1.0, 0.9999999999999858, 0.935914186840726, 1.0, 1.0, 1.0, 0.017642735704114555, 6.246315254276583e-207, 1.0, 1.0, 0.9999990735241326, 1.0, 1.0, 1.0, 0.9937339959726355, 1.0, 1.0, 2.6130401656465037e-33, 1.0, 0.9999999984205772, 1.0, 2.472167218503963e-09, 0.9999999999528839, 1.0, 7.99478859008651e-31, 1.0, 0.0, 0.0, 1.0, 1.1687487712745978e-40, 1.0, 1.0, 0.0, 4.0252256424304357e-45, 0.0001668368567072322, 0.9999999999226716, 1.0, 1.0, 3.6294665712703e-257, 0.11836111525769176, 1.0, 1.0, 1.0074273318247142e-19, 1.5424556468424794e-28, 1.0, 1.8521948493572904e-27, 1.0, 1.0, 0.0, 1.0, 1.0, 1.0, 1.0, 1.2016009019679295e-232, 0.0, 1.0, 1.0, 1.0, 1.0, 1.0, 1.0, 1.134750193857229e-39, 1.0, 1.0, 1.7788959569377133e-225, 1.0, 0.0, 1.0, 1.0, 1.0, 1.402792465136348e-06, 1.0, 1.0, 1.0, 1.2793248114663259e-287, 1.0, 1.0, 1.0, 1.0, 1.0, 0.9999999999999929, 0.9999999999999858, 1.0, 1.0, 1.0, 1.0, 1.0, 1.0, 1.0, 2.3184683528517237e-25, 1.0, 1.0, 1.0, 1.0, 1.0, 1.0, 1.0059639918155924e-75, 1.0, 1.0, 1.0, 8.679113881178851e-95, 1.0, 0.9999871735157134, 1.0, 1.0, 1.0, 1.0, 1.0, 1.0, 0.0, 0.9999999998013038, 1.0, 0.03428471486754064, 1.0, 2.914829957189103e-51, 1.0, 0.0, 1.0, 0.9999999521412246, 1.0, 4.632270276620662e-44, 0.3028447870211922, 1.0]"
Naive Bayes,2,1,"[0, 1, 0, 1, 0, 0, 1, 1, 1, 1, 0, 0, 1, 1, 1, 1, 1, 1, 1, 1, 1, 1, 1, 0, 1, 1, 0, 1, 1, 1, 0, 0, 0, 0, 1, 1, 0, 0, 1, 1, 1, 1, 1, 0, 0, 0, 1, 0, 1, 0, 1, 1, 1, 1, 0, 0, 0, 0, 1, 0, 1, 0, 1, 0, 1, 0, 0, 1, 1, 1, 1, 0, 1, 1, 1, 1, 1, 1, 1, 0, 0, 0, 1, 1, 1, 1, 1, 1, 1, 1, 1, 0, 1, 0, 0, 0, 1, 1, 0, 1, 1, 0, 0, 1, 1, 1, 1, 0, 1, 1, 1, 0, 0, 0, 0, 0, 0, 1, 1, 1, 0, 0, 1, 0, 1, 0, 0, 1, 0, 1, 0, 1, 1, 1, 1, 0, 1, 0, 0, 0, 1, 1, 1]","[1, 1, 0, 1, 0, 0, 1, 1, 1, 1, 1, 0, 1, 1, 1, 1, 1, 1, 1, 1, 1, 1, 1, 0, 1, 1, 0, 1, 1, 1, 0, 0, 0, 0, 0, 1, 1, 0, 1, 1, 1, 1, 1, 1, 0, 1, 1, 0, 1, 1, 1, 0, 1, 1, 0, 0, 0, 0, 1, 0, 0, 0, 1, 0, 1, 0, 0, 1, 1, 1, 1, 0, 1, 1, 1, 1, 0, 1, 1, 0, 0, 0, 1, 1, 1, 1, 1, 1, 1, 1, 1, 1, 1, 0, 0, 0, 1, 0, 0, 1, 1, 0, 1, 1, 1, 1, 1, 1, 1, 1, 1, 1, 1, 1, 1, 0, 1, 1, 1, 1, 0, 1, 1, 1, 1, 1, 0, 1, 0, 1, 1, 1, 1, 1, 1, 0, 0, 0, 1, 0, 1, 1, 1]","[1.0, 1.0, 1.7222925175673242e-26, 1.0, 2.3903191234530135e-144, 4.9341099709841885e-115, 1.0, 1.0, 1.0, 1.0, 1.0, 3.030902370579857e-159, 1.0, 1.0, 1.0, 1.0, 1.0, 1.0, 1.0, 0.9999915367314595, 1.0, 0.9999999848583913, 1.0, 5.3926384873471286e-148, 0.9999999999995239, 1.0, 4.14841217479756e-33, 1.0, 1.0, 0.9999999994963176, 9.260090133061343e-44, 1.0994213321019354e-67, 7.94938922591709e-151, 0.0, 3.89847218365029e-09, 1.0, 0.99999999999973, 2.2544025397387268e-76, 1.0, 1.0, 1.0, 1.0, 1.0, 0.9999956352629098, 7.852519110377163e-218, 1.0, 1.0, 2.8853807747877174e-103, 1.0, 1.0, 1.0, 8.254223569663947e-14, 1.0, 1.0, 4.378409970016119e-181, 1.0841043274232128e-101, 7.124062130795946e-141, 0.0, 1.0, 0.0, 0.0017732157993172897, 0.013219846083562848, 1.0, 2.7629414841650465e-19, 0.9999999999999929, 1.9254086621493706e-32, 0.0, 1.0, 1.0, 1.0, 0.999999308003472, 9.366773315174519e-76, 1.0, 0.9999999999984155, 1.0, 1.0, 1.2890221428038128e-42, 1.0, 1.0, 1.1832836171226723e-168, 0.0, 9.097675173191699e-42, 1.0, 1.0, 1.0, 1.0, 1.0, 1.0, 1.0, 0.9999987579972224, 1.0, 1.0, 0.9998306583421834, 1.4713638562859846e-192, 2.450532181942426e-178, 0.0, 1.0, 8.57228116628915e-08, 9.406136695119775e-60, 0.9821784720664161, 1.0, 1.501890778764412e-72, 0.9999999999986144, 1.0, 1.0, 0.999999421727882, 1.0, 1.0, 1.0, 1.0, 1.0, 0.9993860969085911, 1.0, 1.0, 0.9999999999967031, 8.817461874594264e-33, 0.9999999999999929, 1.0, 1.0, 1.0, 1.2957638685533448e-247, 0.9999999999850715, 1.0, 0.9180456503718731, 1.0, 1.0, 6.594965839831924e-216, 1.0, 3.993777902342503e-80, 1.0, 0.9999979447995332, 1.0, 1.0, 0.9999999999999964, 1.0, 3.1453332115530957e-53, 1.4732465517005998e-69, 0.028881632599253724, 1.0, 2.2527859745935007e-28, 1.0, 1.0, 1.0]"
Naive Bayes,3,1,"[0, 1, 1, 0, 1, 1, 1, 1, 1, 0, 0, 0, 0, 0, 1, 1, 1, 0, 0, 1, 1, 1, 1, 1, 1, 1, 1, 1, 1, 1, 0, 0, 0, 0, 1, 0, 0, 1, 1, 1, 1, 1, 1, 1, 0, 0, 1, 1, 1, 0, 0, 0, 0, 0, 0, 0, 0, 1, 0, 1, 1, 1, 1, 0, 1, 1, 0, 1, 1, 0, 1, 1, 1, 1, 0, 1, 1, 1, 1, 0, 1, 0, 0, 1, 0, 1, 1, 1, 0, 0, 1, 1, 1, 1, 0, 1, 0, 0, 1, 1, 1, 1, 1, 1, 0, 1, 1, 1, 0, 1, 1, 1, 0, 1, 0, 1, 0, 1, 0, 1, 1, 0, 1, 1, 1, 1, 0, 0, 0, 0, 0, 0, 1, 1, 0, 1, 1, 1, 1, 0, 1, 1, 0]","[1, 1, 0, 1, 1, 1, 1, 1, 1, 0, 1, 0, 0, 0, 1, 1, 1, 0, 0, 1, 1, 1, 1, 1, 1, 1, 1, 1, 1, 1, 1, 0, 1, 0, 1, 1, 1, 1, 0, 0, 1, 1, 1, 1, 1, 1, 1, 1, 1, 0, 1, 0, 0, 0, 0, 0, 0, 1, 0, 1, 1, 1, 1, 1, 1, 1, 1, 1, 1, 0, 1, 1, 1, 1, 0, 1, 1, 1, 1, 1, 1, 0, 0, 1, 1, 1, 1, 1, 1, 0, 1, 0, 1, 1, 1, 1, 0, 0, 1, 1, 0, 1, 1, 1, 1, 1, 1, 1, 1, 1, 1, 1, 0, 1, 1, 1, 1, 1, 1, 1, 1, 0, 1, 1, 1, 1, 1, 0, 0, 1, 0, 0, 1, 0, 0, 1, 1, 1, 1, 1, 1, 1, 0]","[1.0, 1.0, 5.23413122025403e-35, 1.0, 1.0, 0.9999999999999929, 1.0, 1.0, 1.0, 0.010062453297686841, 0.7089732274906305, 7.160643299806461e-79, 9.331147430214835e-74, 7.625718274294546e-76, 0.9442477965256013, 1.0, 1.0, 4.8171601637322657e-259, 1.202799374417925e-23, 0.9999795585866244, 1.0, 1.0, 1.0, 1.0, 1.0, 1.0, 1.0, 0.9999999999999929, 1.0, 1.0, 1.0, 3.463534202941826e-05, 1.0, 9.357445967727706e-167, 1.0, 1.0, 0.8972002366323496, 0.9999999999992291, 3.519084230076658e-15, 2.9817317468983996e-14, 1.0, 1.0, 1.0, 1.0, 1.0, 1.0, 1.0, 1.0, 0.9999999999978542, 1.707238795752736e-75, 0.9999999999976694, 1.5997420526199777e-139, 1.5703554750497912e-147, 4.048540407351101e-148, 6.5970844090362354e-12, 0.0, 1.860492295402338e-235, 1.0, 4.9692982269583245e-40, 0.9999999999993534, 1.0, 1.0, 0.9999999999999964, 1.0, 1.0, 0.9999999999991118, 1.0, 1.0, 1.0, 3.5220009812382126e-121, 1.0, 1.0, 1.0, 1.0, 2.031521283041782e-71, 1.0, 1.0, 1.0, 1.0, 1.0, 1.0, 0.0, 1.0998164757880443e-85, 1.0, 0.9999999919335352, 1.0, 1.0, 1.0, 0.9974453696673653, 2.0982536184855007e-201, 1.0, 0.05512037392331317, 1.0, 1.0, 1.0, 0.9999999999996163, 1.888878301487745e-14, 0.0, 1.0, 1.0, 1.5685980347494802e-100, 1.0, 1.0, 1.0, 1.0, 1.0, 1.0, 1.0, 1.0, 1.0, 1.0, 1.0, 1.518014628638083e-73, 0.9999999998684075, 1.0, 1.0, 0.9999998597472227, 1.0, 0.9999999999999787, 1.0, 1.0, 3.262142497453206e-88, 1.0, 1.0, 1.0, 1.0, 1.0, 1.1757786955903586e-08, 2.3249869205460176e-107, 0.9999999990144062, 7.788163358567867e-16, 0.0, 1.0, 3.366451533231349e-07, 7.255454144597254e-50, 1.0, 1.0, 0.9999999999999858, 1.0, 1.0, 0.9999999999944293, 0.9999775217272169, 1.5464542018247542e-111]"
Naive Bayes,4,1,"[0, 0, 1, 1, 1, 1, 1, 1, 1, 1, 1, 1, 1, 0, 1, 1, 1, 0, 1, 0, 1, 1, 0, 0, 1, 1, 1, 1, 0, 1, 1, 0, 1, 1, 0, 0, 1, 0, 0, 1, 1, 0, 0, 1, 1, 1, 1, 1, 1, 1, 0, 1, 1, 1, 1, 1, 1, 0, 1, 1, 0, 0, 1, 1, 1, 1, 0, 0, 1, 1, 1, 1, 1, 1, 0, 1, 1, 0, 0, 1, 0, 1, 0, 1, 1, 1, 1, 0, 1, 0, 1, 1, 0, 1, 0, 1, 0, 1, 1, 0, 1, 1, 1, 0, 0, 1, 1, 1, 0, 1, 1, 0, 1, 0, 0, 1, 0, 1, 1, 1, 0, 0, 1, 1, 1, 0, 1, 0, 1, 0, 1, 0, 1, 0, 1, 0, 0, 1, 1, 0, 0, 0, 0, 1]","[1, 0, 1, 1, 1, 1, 1, 1, 1, 1, 0, 1, 1, 0, 1, 1, 1, 1, 1, 0, 1, 1, 0, 0, 1, 1, 1, 1, 0, 1, 1, 1, 1, 1, 1, 1, 0, 0, 1, 1, 0, 1, 1, 1, 1, 0, 1, 1, 1, 1, 0, 1, 1, 1, 1, 1, 1, 0, 1, 1, 1, 0, 1, 1, 1, 1, 0, 0, 1, 1, 1, 1, 1, 1, 1, 1, 1, 0, 1, 1, 0, 1, 0, 1, 1, 1, 1, 0, 1, 1, 1, 0, 0, 1, 0, 1, 1, 1, 0, 0, 1, 1, 1, 1, 1, 1, 0, 1, 0, 1, 0, 0, 1, 0, 1, 1, 0, 1, 1, 1, 0, 0, 1, 1, 1, 1, 1, 0, 1, 1, 1, 0, 1, 0, 1, 1, 0, 1, 1, 0, 0, 0, 0, 1]","[0.9999993679817089, 3.6777371728287963e-19, 1.0, 1.0, 1.0, 1.0, 1.0, 0.9999999999999893, 1.0, 0.9999999999999787, 0.0018718702863237398, 1.0, 1.0, 3.894994820754293e-228, 1.0, 1.0, 1.0, 0.9999999999906919, 1.0, 8.187466527212453e-190, 1.0, 0.9999999999266649, 1.6242610110019442e-47, 6.951629825923689e-126, 1.0, 1.0, 1.0, 1.0, 2.454958968552114e-80, 1.0, 1.0, 0.9999999999995808, 1.0, 1.0, 0.9999999999984297, 0.9999999877800648, 8.791239234626974e-49, 5.652567511699934e-41, 1.0, 1.0, 3.108599733901787e-17, 1.0, 0.999999999961176, 1.0, 1.0, 2.5774901414765725e-112, 1.0, 1.0, 1.0, 1.0, 0.0, 1.0, 0.9148255900154679, 1.0, 1.0, 1.0, 1.0, 0.0, 1.0, 0.9999999999793872, 1.0, 5.422077030452354e-57, 1.0, 1.0, 1.0, 1.0, 1.9350208646876382e-17, 1.5669072912809205e-114, 1.0, 1.0, 1.0, 0.9999999999926814, 1.0, 1.0, 1.0, 1.0, 1.0, 4.158677309069724e-118, 0.9999999999999929, 1.0, 1.7533071029919286e-41, 1.0, 6.574055302629618e-98, 0.9999999982484482, 1.0, 1.0, 1.0, 9.315404468597513e-71, 1.0, 1.0, 1.0, 1.1958477193664799e-20, 2.8501869204531135e-171, 1.0, 4.215514035516281e-191, 1.0, 1.0, 1.0, 1.995891236644253e-30, 1.133110431322392e-129, 1.0, 1.0, 1.0, 0.999999999999929, 0.99999999999973, 0.9999999999996874, 1.6337985790408312e-22, 1.0, 0.0, 0.9999999964353492, 3.2439650160429593e-06, 6.250477016245591e-91, 1.0, 4.5192566340402274e-95, 0.9999999452429209, 1.0, 1.6286874960649726e-201, 1.0, 1.0, 1.0, 1.501513782918115e-109, 0.0, 1.0, 1.0, 1.0, 1.0, 1.0, 6.555995554936665e-40, 1.0, 1.0, 1.0, 6.273664723736956e-06, 1.0, 0.0, 1.0, 1.0, 1.2349298288912039e-58, 1.0, 1.0, 7.277686963408696e-109, 5.8143048019111706e-05, 0.0, 9.254751588485619e-255, 1.0]"
Naive Bayes,5,1,"[1, 0, 1, 1, 1, 1, 0, 1, 0, 1, 1, 0, 1, 1, 1, 0, 0, 0, 1, 0, 1, 1, 1, 1, 1, 0, 1, 1, 1, 0, 0, 1, 1, 1, 0, 1, 1, 1, 1, 0, 1, 1, 1, 1, 1, 0, 0, 1, 1, 1, 0, 1, 1, 1, 0, 1, 1, 1, 1, 1, 1, 1, 1, 0, 0, 1, 0, 1, 1, 1, 1, 0, 1, 1, 1, 1, 1, 1, 1, 1, 1, 1, 1, 1, 1, 1, 1, 0, 1, 0, 0, 0, 0, 0, 0, 1, 0, 1, 1, 1, 0, 1, 1, 1, 1, 1, 1, 1, 1, 1, 1, 1, 1, 0, 0, 1, 1, 0, 0, 1, 1, 0, 1, 0, 1, 0, 1, 1, 1, 1, 1, 0, 1, 1, 0, 0, 0, 1, 0, 0, 0, 1, 1]","[1, 1, 1, 1, 1, 1, 0, 1, 1, 0, 1, 0, 1, 1, 1, 0, 1, 0, 1, 0, 1, 1, 1, 1, 1, 0, 1, 1, 1, 0, 1, 1, 1, 1, 0, 1, 1, 1, 1, 1, 1, 1, 1, 1, 1, 0, 1, 1, 1, 1, 1, 1, 1, 1, 0, 1, 1, 1, 1, 1, 1, 0, 1, 1, 0, 1, 0, 1, 1, 1, 1, 1, 0, 1, 1, 1, 1, 1, 1, 1, 1, 1, 1, 1, 1, 1, 1, 0, 1, 0, 0, 0, 0, 0, 0, 1, 0, 1, 1, 1, 0, 1, 1, 1, 1, 1, 1, 1, 1, 1, 1, 1, 1, 0, 0, 1, 1, 1, 0, 1, 1, 0, 1, 1, 1, 0, 1, 1, 1, 1, 1, 1, 1, 1, 1, 0, 1, 1, 1, 1, 0, 1, 1]","[1.0, 1.0, 1.0, 0.9999997795777306, 1.0, 1.0, 8.253578928916352e-49, 1.0, 1.0, 0.00619723110123351, 1.0, 6.691843987019114e-176, 1.0, 1.0, 1.0, 4.233616827258569e-14, 0.9999705586960711, 4.0496845147240296e-41, 1.0, 1.9955591150015338e-130, 1.0, 1.0, 1.0, 1.0, 1.0, 1.1753230819856625e-239, 1.0, 1.0, 1.0, 3.0068490883384403e-18, 1.0, 1.0, 1.0, 1.0, 1.0395722182508717e-59, 1.0, 1.0, 1.0, 1.0, 0.9999989203134378, 1.0, 1.0, 1.0, 1.0, 1.0, 1.6046221420537488e-30, 1.0, 1.0, 1.0, 1.0, 0.9458401847087071, 0.9999759511656675, 1.0, 0.9924440643509732, 3.394186614677994e-104, 1.0, 0.9999983446270507, 1.0, 1.0, 1.0, 1.0, 3.9748820355585554e-94, 1.0, 0.9999999999999964, 5.929082877690835e-64, 0.999999998753303, 2.313040608886119e-28, 1.0, 1.0, 0.9999999999993889, 0.9999999999995204, 0.9994775565167837, 1.699406584035336e-22, 1.0, 1.0, 1.0, 1.0, 1.0, 1.0, 1.0, 1.0, 1.0, 1.0, 1.0, 1.0, 1.0, 1.0, 0.03910615731649657, 1.0, 4.35414210234007e-31, 9.837558693220624e-104, 4.547433688647624e-154, 9.833297049864907e-21, 4.213042076616985e-131, 6.1470141225632574e-55, 1.0, 1.4740307982674896e-09, 1.0, 1.0, 1.0, 2.518863930459011e-18, 1.0, 1.0, 1.0, 1.0, 1.0, 1.0, 0.925936854332098, 1.0, 0.9627762667014443, 1.0, 1.0, 1.0, 2.1780866847568896e-142, 2.1162964594472654e-08, 1.0, 1.0, 0.9115870488547064, 5.172550733664213e-151, 1.0, 1.0, 8.534381224709438e-217, 1.0, 1.0, 1.0, 1.0941562875591601e-226, 0.9999999999999858, 1.0, 1.0, 1.0, 1.0, 1.0, 1.0, 1.0, 1.0, 0.05698140759291518, 1.0, 1.0, 0.9999978689904876, 0.9996896468344041, 6.927497542840995e-156, 1.0, 1.0]"
Naive Bayes,6,2,"[1, 0, 1, 1, 0, 1, 0, 1, 0, 0, 1, 0, 0, 1, 1, 1, 1, 0, 1, 1, 1, 0, 1, 1, 0, 1, 0, 1, 1, 1, 1, 1, 1, 1, 0, 1, 1, 0, 1, 0, 0, 1, 1, 1, 1, 1, 1, 1, 1, 1, 0, 1, 0, 0, 1, 0, 0, 1, 1, 1, 0, 1, 1, 0, 0, 1, 1, 1, 1, 1, 0, 1, 1, 1, 1, 1, 1, 1, 1, 0, 1, 1, 1, 1, 0, 1, 1, 1, 1, 0, 1, 1, 1, 1, 1, 0, 0, 0, 0, 1, 0, 1, 0, 1, 1, 0, 1, 1, 1, 1, 0, 1, 1, 0, 0, 1, 1, 0, 1, 0, 0, 1, 1, 1, 0, 1, 1, 0, 0, 0, 0, 1, 0, 0, 0, 0, 0, 1, 1, 1, 1, 0, 0, 1]","[1, 0, 1, 1, 0, 1, 1, 1, 1, 0, 1, 1, 0, 1, 1, 1, 1, 0, 1, 1, 1, 0, 1, 1, 0, 1, 0, 1, 1, 1, 1, 1, 1, 1, 1, 1, 1, 1, 1, 1, 0, 1, 1, 1, 1, 0, 1, 1, 1, 1, 0, 1, 0, 0, 1, 0, 1, 1, 0, 1, 0, 1, 1, 0, 0, 1, 1, 1, 1, 1, 0, 1, 1, 0, 1, 1, 1, 1, 1, 0, 1, 1, 1, 1, 0, 1, 1, 1, 1, 0, 1, 1, 1, 1, 1, 0, 0, 0, 1, 1, 0, 1, 1, 1, 1, 1, 1, 1, 1, 1, 0, 1, 1, 1, 1, 1, 1, 1, 1, 0, 0, 1, 1, 1, 0, 1, 1, 1, 0, 1, 0, 1, 0, 0, 0, 1, 1, 1, 1, 1, 1, 0, 0, 0]","[1.0, 4.994726974395772e-21, 1.0, 1.0, 2.5651210414653787e-97, 1.0, 1.0, 1.0, 1.0, 0.0, 1.0, 1.0, 2.5393414414725475e-144, 1.0, 1.0, 0.9957459461287718, 1.0, 3.4374723213956084e-88, 1.0, 0.9999999999979998, 1.0, 0.0, 1.0, 1.0, 5.708823866000606e-197, 0.9999999999996305, 1.9278296358192606e-199, 1.0, 1.0, 1.0, 0.9999959168406335, 1.0, 1.0, 1.0, 1.0, 1.0, 1.0, 0.9125475246367054, 1.0, 1.0, 3.735110170039028e-166, 1.0, 1.0, 1.0, 1.0, 0.00022897591356191936, 1.0, 1.0, 1.0, 1.0, 0.0, 1.0, 0.0, 1.9129972009753304e-161, 1.0, 5.329655799678569e-42, 0.9999999995658229, 1.0, 0.23656382837268997, 1.0, 8.670582623322237e-248, 0.999999999699412, 1.0, 1.9380897952328552e-53, 2.188801474126036e-25, 1.0, 1.0, 1.0, 1.0, 1.0, 2.7718969259868283e-163, 1.0, 1.0, 0.0, 1.0, 0.9999999999999964, 1.0, 1.0, 1.0, 5.866273618186432e-295, 1.0, 1.0, 1.0, 1.0, 0.0, 1.0, 1.0, 1.0, 1.0, 0.0, 1.0, 1.0, 1.0, 1.0, 1.0, 0.0, 2.700088863932042e-275, 4.6186307083601105e-275, 1.0, 1.0, 2.121584569407152e-76, 1.0, 1.0, 1.0, 1.0, 1.0, 1.0, 1.0, 1.0, 1.0, 1.8854841760100808e-115, 1.0, 1.0, 1.0, 1.0, 1.0, 1.0, 0.9999999984166621, 1.0, 0.0, 4.438281254387535e-89, 1.0, 1.0, 1.0, 0.0, 1.0, 0.9999999999999929, 1.0, 0.0, 0.9999999982394598, 0.0, 1.0, 0.016963157721199683, 0.03883710217167687, 0.0, 0.9999683282091606, 1.0, 1.0, 1.0, 0.9999999999998046, 0.9999894041489021, 3.947906800437449e-41, 1.1567763433624573e-171, 0.1765227102839929]"
Naive Bayes,7,2,"[1, 1, 1, 0, 1, 1, 1, 1, 1, 0, 1, 1, 1, 1, 1, 1, 0, 1, 1, 1, 1, 0, 1, 1, 1, 0, 0, 1, 1, 0, 0, 1, 0, 0, 1, 1, 0, 0, 1, 0, 1, 1, 1, 1, 1, 0, 0, 0, 1, 0, 1, 1, 1, 0, 0, 1, 1, 1, 1, 0, 1, 1, 1, 0, 1, 1, 0, 1, 1, 1, 1, 1, 0, 1, 1, 1, 1, 1, 1, 0, 1, 1, 1, 0, 0, 1, 0, 1, 0, 1, 1, 0, 1, 1, 1, 1, 1, 1, 1, 1, 1, 1, 1, 1, 1, 1, 0, 1, 0, 0, 0, 0, 1, 1, 0, 0, 1, 1, 0, 1, 0, 0, 1, 0, 0, 1, 1, 0, 0, 0, 1, 1, 1, 0, 0, 0, 0, 0, 0, 1, 1, 1, 0, 1]","[1, 1, 0, 0, 1, 1, 1, 1, 1, 0, 1, 1, 1, 1, 1, 1, 0, 1, 1, 1, 1, 0, 1, 1, 1, 1, 0, 1, 1, 0, 0, 1, 0, 0, 1, 1, 1, 1, 1, 0, 1, 1, 1, 1, 1, 0, 0, 0, 1, 0, 1, 1, 1, 0, 1, 1, 1, 1, 1, 1, 1, 1, 1, 0, 1, 1, 0, 1, 1, 1, 0, 1, 0, 1, 1, 1, 1, 1, 1, 0, 1, 1, 1, 0, 0, 1, 0, 1, 0, 1, 1, 0, 1, 1, 1, 1, 1, 1, 1, 1, 1, 1, 1, 1, 1, 1, 1, 1, 1, 0, 0, 0, 1, 1, 1, 0, 1, 1, 1, 1, 0, 1, 1, 1, 1, 1, 1, 0, 1, 0, 1, 1, 0, 0, 1, 1, 0, 0, 0, 1, 1, 1, 0, 1]","[1.0, 1.0, 2.154361221818104e-35, 4.596819969436665e-109, 1.0, 1.0, 1.0, 1.0, 1.0, 1.8851407908624173e-75, 0.9999999999999041, 1.0, 1.0, 1.0, 1.0, 1.0, 5.0408144059009826e-213, 1.0, 1.0, 0.9999999998222577, 1.0, 3.2766259188043783e-108, 1.0, 0.9999999999999822, 1.0, 0.9820019953104516, 1.9703273199270748e-29, 1.0, 1.0, 9.858244979282938e-40, 4.3472137351268684e-63, 0.9999999999999822, 0.0, 1.1655812129536409e-71, 1.0, 1.0, 0.9999999472925808, 0.9999999402159094, 1.0, 2.3101051738893957e-21, 1.0, 1.0, 1.0, 0.9999999999963833, 1.0, 3.8501672808442505e-30, 9.96810103918367e-140, 2.5157163226541936e-141, 1.0, 0.2218576070054373, 1.0, 1.0, 1.0, 0.0, 0.6914108371137506, 1.0, 1.0, 1.0, 1.0, 0.9999999999999964, 1.0, 1.0, 0.9999999999999609, 7.882563617436554e-16, 1.0, 1.0, 2.0935651368187145e-129, 1.0, 1.0, 1.0, 4.105226663303395e-39, 1.0, 1.3081500991353422e-23, 1.0, 1.0, 1.0, 0.9999999974463449, 1.0, 1.0, 3.7126454725954695e-119, 1.0, 1.0, 1.0, 4.1941331920163986e-05, 3.7897736462871945e-191, 1.0, 3.688107244242229e-173, 1.0, 4.488537330889242e-56, 0.9999999999994245, 1.0, 1.1642914670565979e-11, 1.0, 0.9999999999997584, 1.0, 0.9999999909545991, 1.0, 1.0, 1.0, 1.0, 1.0, 1.0, 1.0, 1.0, 1.0, 1.0, 1.0, 1.0, 0.9999999999999254, 9.3182834852311e-51, 5.345007568383999e-29, 5.11745586154426e-189, 0.9999999999999716, 1.0, 0.9999999999996589, 0.0, 1.0, 1.0, 0.9999721142646418, 1.0, 1.225838352839121e-152, 1.0, 1.0, 1.0, 1.0, 1.0, 1.0, 2.7088727141435443e-14, 0.9999999754749073, 9.559633638979092e-226, 1.0, 1.0, 4.813272209896188e-65, 9.226430884486997e-54, 1.0, 0.8701087433387086, 4.205178373996365e-101, 0.0007416265597901707, 3.2125121375542275e-29, 1.0, 0.9999999984245278, 1.0, 2.186000330323386e-237, 1.0]"
Naive Bayes,8,2,"[1, 0, 0, 1, 0, 1, 1, 1, 1, 1, 1, 0, 0, 1, 1, 0, 1, 1, 0, 1, 1, 1, 1, 1, 1, 1, 1, 1, 0, 1, 0, 0, 1, 1, 0, 0, 1, 0, 1, 0, 0, 1, 1, 1, 1, 0, 1, 1, 1, 0, 1, 0, 1, 1, 0, 1, 0, 1, 1, 0, 1, 0, 0, 1, 0, 0, 0, 0, 1, 0, 0, 1, 0, 0, 1, 1, 1, 0, 0, 1, 1, 1, 1, 1, 1, 1, 1, 1, 1, 0, 1, 1, 0, 1, 1, 0, 1, 1, 0, 1, 1, 0, 1, 0, 1, 1, 1, 0, 1, 1, 1, 1, 0, 1, 1, 0, 1, 1, 0, 0, 1, 1, 0, 1, 1, 0, 1, 0, 0, 1, 1, 0, 0, 1, 1, 1, 1, 1, 0, 1, 1, 0, 1]","[1, 1, 0, 1, 0, 0, 1, 1, 1, 1, 1, 0, 1, 1, 0, 0, 1, 0, 0, 1, 1, 1, 1, 1, 1, 1, 1, 1, 0, 1, 0, 0, 1, 0, 1, 0, 1, 1, 1, 1, 1, 1, 1, 0, 0, 1, 1, 0, 1, 1, 1, 1, 1, 1, 1, 1, 1, 1, 1, 0, 0, 0, 0, 1, 0, 0, 0, 0, 1, 0, 0, 1, 1, 0, 1, 1, 0, 1, 0, 1, 1, 1, 1, 1, 1, 1, 1, 1, 1, 1, 1, 1, 0, 1, 1, 1, 1, 1, 1, 1, 1, 1, 1, 0, 1, 1, 0, 0, 1, 0, 1, 0, 0, 1, 1, 1, 1, 1, 1, 1, 1, 0, 1, 1, 1, 1, 1, 0, 0, 1, 1, 0, 1, 1, 1, 1, 1, 0, 1, 1, 1, 1, 1]","[1.0, 1.0, 4.226494803181669e-55, 1.0, 2.2106937152851704e-160, 4.9131079239382665e-45, 1.0, 1.0, 1.0, 1.0, 1.0, 0.008819422242014057, 1.0, 1.0, 1.2611010080107615e-05, 1.259919508443102e-82, 1.0, 4.5484268105878304e-39, 6.014391563010271e-30, 1.0, 0.9995535573064417, 1.0, 1.0, 1.0, 1.0, 1.0, 1.0, 1.0, 1.0117208852780667e-52, 1.0, 6.364111122548362e-24, 8.176214252588058e-164, 1.0, 8.593938268216843e-09, 1.0, 9.337072824374318e-08, 1.0, 0.9999993917509971, 1.0, 1.0, 1.0, 0.9999999999954952, 1.0, 8.770882520504439e-32, 3.1141785289452096e-26, 1.0, 1.0, 7.469040035514628e-29, 1.0, 0.9999999991150901, 1.0, 0.9999179240784525, 1.0, 1.0, 0.9999999990100363, 1.0, 1.0, 1.0, 1.0, 0.0, 8.05779555698949e-16, 3.306584473193705e-84, 2.444169824458551e-154, 1.0, 2.35867892889595e-109, 1.0231616022949787e-148, 0.0, 0.0, 1.0, 0.0017303061807515776, 1.604227605126708e-21, 1.0, 1.0, 0.0, 1.0, 0.9999999999821654, 5.15178479151561e-26, 1.0, 2.853244081890487e-82, 0.9999999999912177, 1.0, 1.0, 1.0, 0.9999999999969873, 1.0, 1.0, 1.0, 1.0, 1.0, 1.0, 1.0, 1.0, 0.0, 1.0, 1.0, 1.0, 1.0, 1.0, 1.0, 0.9999983162138228, 1.0, 1.0, 1.0, 9.569722574271731e-203, 1.0, 0.9999078300972122, 3.583558469438421e-35, 1.0409846918985316e-210, 1.0, 0.18962238505882167, 1.0, 1.2091632573590302e-110, 8.537881517593037e-78, 0.9999999999882263, 1.0, 1.0, 1.0, 1.0, 1.0, 1.0, 1.0, 3.412461640500496e-26, 0.9909923893998434, 1.0, 1.0, 0.9999999999997868, 1.0, 0.04751569923356386, 1.5033241946470369e-97, 1.0, 1.0, 3.867251971354109e-119, 0.9999999911094406, 1.0, 1.0, 0.9999999999998082, 1.0, 1.195391389663721e-15, 1.0, 1.0, 1.0, 1.0, 1.0]"
Naive Bayes,9,2,"[0, 0, 0, 1, 1, 1, 0, 1, 1, 1, 1, 1, 0, 1, 1, 1, 0, 1, 1, 1, 1, 1, 1, 1, 1, 1, 1, 0, 1, 1, 1, 1, 1, 1, 0, 0, 0, 0, 0, 1, 1, 1, 0, 1, 1, 0, 1, 1, 1, 1, 1, 1, 0, 1, 1, 1, 0, 0, 0, 1, 1, 1, 1, 1, 0, 0, 0, 1, 1, 1, 0, 0, 0, 0, 0, 1, 1, 1, 1, 0, 1, 1, 1, 0, 1, 0, 0, 1, 1, 1, 0, 1, 0, 0, 0, 1, 0, 1, 0, 1, 1, 1, 1, 1, 1, 1, 1, 1, 0, 1, 0, 1, 1, 0, 1, 1, 0, 1, 1, 1, 0, 1, 1, 0, 0, 0, 1, 1, 1, 0, 1, 1, 1, 1, 1, 0, 0, 1, 1, 1, 0, 1, 1]","[1, 1, 1, 1, 1, 1, 0, 1, 1, 1, 1, 1, 0, 1, 1, 1, 0, 1, 1, 1, 1, 1, 1, 1, 1, 1, 1, 0, 1, 1, 1, 1, 1, 1, 1, 0, 1, 1, 0, 0, 1, 0, 0, 0, 1, 1, 1, 1, 1, 1, 1, 1, 1, 1, 1, 1, 0, 0, 0, 1, 1, 1, 1, 1, 0, 1, 0, 1, 1, 1, 0, 0, 0, 1, 0, 1, 1, 1, 1, 0, 1, 1, 1, 1, 1, 1, 0, 1, 0, 1, 0, 1, 1, 1, 0, 0, 0, 1, 0, 1, 1, 1, 1, 1, 1, 1, 1, 1, 0, 1, 1, 1, 1, 1, 1, 1, 1, 1, 1, 1, 0, 1, 1, 0, 0, 0, 1, 1, 1, 0, 1, 1, 1, 1, 1, 0, 0, 1, 1, 1, 0, 1, 1]","[0.9999990364630685, 1.0, 1.0, 0.9999999999999858, 1.0, 1.0, 0.04266117751229586, 1.0, 1.0, 1.0, 1.0, 1.0, 3.229591395673778e-259, 1.0, 0.99999998975224, 0.999997982478081, 4.506063502210781e-143, 1.0, 1.0, 0.9999999999974918, 1.0, 1.0, 1.0, 1.0, 0.9999999999941451, 1.0, 1.0, 2.1794383664414394e-77, 1.0, 1.0, 1.0, 1.0, 1.0, 1.0, 0.9999999999999893, 5.08887402645079e-63, 0.9999999999969873, 0.9895325772536353, 2.3548520830960937e-164, 3.954244290292738e-45, 1.0, 2.794054535868004e-14, 9.148569786902063e-218, 5.72036012458844e-109, 1.0, 1.0, 1.0, 1.0, 1.0, 1.0, 1.0, 1.0, 0.9999999999962199, 1.0, 0.8728393033115232, 1.0, 0.0, 2.2215213841030303e-30, 5.767858597502739e-55, 1.0, 1.0, 1.0, 0.9999999935841899, 1.0, 5.009791964280919e-27, 0.9983234908193359, 1.975626969749367e-120, 1.0, 1.0, 1.0, 4.6760771129131785e-70, 1.1518472214963836e-113, 3.6025690516283764e-39, 1.0, 1.574819668451667e-39, 1.0, 1.0, 1.0, 1.0, 9.894063834630172e-68, 1.0, 1.0, 1.0, 0.9999993097592432, 1.0, 1.0, 1.3265296490446826e-126, 1.0, 0.13863378856458652, 1.0, 1.0132770352198806e-157, 1.0, 1.0, 0.9999999999993321, 8.216803519829794e-12, 2.029347780267569e-17, 0.0, 1.0, 0.0, 1.0, 1.0, 1.0, 1.0, 1.0, 1.0, 0.9999999883241061, 1.0, 0.9999999999894271, 4.296763876930672e-88, 1.0, 0.9999999404578848, 0.9999999998983711, 1.0, 1.0, 1.0, 1.0, 1.0, 1.0, 1.0, 1.0, 2.3429785830059983e-09, 1.0, 1.0, 1.1028527757170512e-79, 5.5980183135176643e-39, 8.027136422741727e-08, 1.0, 1.0, 1.0, 0.0, 1.0, 1.0, 1.0, 1.0, 1.0, 2.3349352555670286e-37, 7.717587056385245e-51, 0.9999999999999858, 1.0, 1.0, 4.52905e-319, 1.0, 1.0]"
Naive Bayes,10,2,"[0, 1, 1, 0, 1, 0, 0, 1, 1, 0, 1, 0, 1, 0, 0, 0, 1, 1, 0, 0, 1, 1, 0, 1, 1, 1, 0, 1, 1, 1, 0, 1, 0, 1, 1, 1, 0, 1, 1, 1, 0, 1, 1, 0, 0, 0, 0, 1, 0, 1, 0, 1, 1, 1, 1, 1, 0, 1, 1, 1, 1, 0, 0, 1, 1, 0, 1, 0, 1, 1, 1, 1, 1, 1, 1, 1, 1, 1, 1, 0, 0, 1, 1, 1, 1, 1, 0, 1, 1, 0, 1, 0, 0, 0, 1, 1, 0, 1, 1, 1, 1, 0, 1, 1, 0, 1, 0, 1, 0, 1, 1, 1, 1, 0, 1, 0, 1, 0, 1, 1, 1, 0, 1, 1, 0, 1, 1, 0, 0, 1, 0, 1, 1, 1, 1, 0, 1, 0, 1, 1, 0, 0, 1]","[1, 1, 1, 1, 1, 0, 0, 1, 1, 0, 0, 0, 1, 0, 1, 0, 1, 1, 1, 0, 1, 1, 0, 1, 1, 1, 0, 1, 1, 1, 1, 1, 1, 1, 1, 1, 0, 1, 1, 1, 1, 1, 1, 0, 1, 0, 1, 1, 0, 1, 0, 1, 1, 1, 1, 1, 0, 1, 1, 0, 1, 0, 0, 1, 1, 0, 1, 1, 1, 1, 0, 1, 1, 1, 1, 1, 1, 1, 1, 0, 0, 1, 1, 1, 1, 1, 1, 1, 1, 0, 0, 0, 0, 0, 1, 1, 0, 0, 1, 1, 1, 1, 1, 1, 0, 1, 0, 1, 1, 1, 1, 1, 1, 0, 1, 0, 1, 1, 1, 1, 1, 1, 1, 1, 0, 1, 1, 1, 0, 1, 0, 1, 1, 1, 1, 1, 1, 1, 1, 1, 1, 0, 1]","[1.0, 0.9999999097799558, 1.0, 1.0, 1.0, 2.525832883783958e-159, 1.262126959341741e-51, 0.9999999999999929, 1.0, 6.345501027194171e-73, 3.544157376181272e-06, 3.802987195221787e-184, 1.0, 4.977532289567548e-15, 0.9999808605569576, 1.1980542030579958e-43, 1.0, 1.0, 0.9999999999971507, 5.5355143147276615e-136, 1.0, 1.0, 5.2372126715490294e-191, 1.0, 1.0, 1.0, 0.2294186186442898, 1.0, 1.0, 1.0, 1.0, 1.0, 0.9999999999997264, 1.0, 1.0, 1.0, 4.418283022113302e-40, 1.0, 1.0, 1.0, 1.0, 1.0, 1.0, 2.3333730446334265e-32, 1.0, 0.0, 0.9585134157486366, 0.9966830929478022, 3.338451687308713e-184, 0.9884910883984924, 1.8199173021233872e-10, 1.0, 1.0, 0.9999987889762153, 1.0, 1.0, 4.818153440167271e-237, 1.0, 1.0, 6.090077745869773e-99, 1.0, 2.0891888290742557e-09, 8.902220696237832e-183, 1.0, 1.0, 3.771839723920712e-67, 0.9999999996016555, 1.0, 1.0, 0.9999999999993321, 1.2457989828443282e-23, 1.0, 1.0, 1.0, 1.0, 0.9999999999979821, 1.0, 1.0, 1.0, 3.576563160908925e-97, 8.540838711804313e-85, 1.0, 1.0, 1.0, 1.0, 1.0, 0.9999999991009076, 1.0, 1.0, 0.04206151764457966, 6.81096313544658e-19, 3.103230599597725e-172, 6.82190252629033e-33, 5.423991620622939e-109, 1.0, 1.0, 1.2158590705432236e-21, 3.43601117482661e-05, 1.0, 0.9999999999999041, 1.0, 0.9999999999999893, 1.0, 1.0, 1.5256125655919281e-27, 1.0, 1.522620611525926e-95, 1.0, 1.0, 0.9460943029681612, 0.9712878186426983, 1.0, 1.0, 1.6425509243368055e-149, 1.0, 4.2296113783232607e-106, 1.0, 0.9226643172091553, 1.0, 1.0, 1.0, 1.0, 1.0, 1.0, 1.6173364802733342e-226, 1.0, 1.0, 1.0, 3.296447886546239e-05, 1.0, 2.6423402843441096e-49, 1.0, 1.0, 1.0, 1.0, 1.0, 1.0, 0.9999990025828751, 1.0, 1.0, 1.0, 3.322763845895687e-163, 1.0]"
Naive Bayes,11,3,"[1, 0, 1, 1, 0, 0, 1, 1, 1, 1, 1, 0, 1, 1, 0, 1, 0, 0, 1, 1, 1, 1, 1, 1, 1, 0, 1, 0, 0, 1, 1, 0, 0, 1, 1, 1, 1, 1, 0, 0, 0, 1, 1, 1, 0, 1, 1, 1, 1, 1, 0, 1, 0, 1, 0, 0, 1, 0, 0, 1, 0, 1, 1, 1, 1, 0, 1, 1, 1, 1, 1, 1, 1, 1, 1, 1, 0, 1, 1, 0, 1, 0, 1, 0, 1, 1, 1, 0, 0, 0, 1, 0, 0, 0, 1, 0, 0, 1, 1, 0, 0, 1, 1, 1, 0, 1, 1, 1, 1, 0, 0, 0, 1, 1, 1, 0, 1, 0, 0, 0, 1, 0, 1, 0, 0, 0, 0, 0, 1, 0, 0, 0, 0, 0, 0, 1, 1, 1, 0, 1, 0, 0, 1, 1]","[1, 1, 1, 1, 0, 1, 1, 1, 1, 1, 1, 0, 1, 1, 0, 1, 0, 0, 1, 1, 1, 1, 1, 1, 1, 0, 1, 0, 0, 1, 1, 0, 0, 1, 1, 1, 0, 1, 1, 1, 0, 0, 1, 0, 1, 1, 1, 1, 1, 1, 0, 1, 0, 1, 0, 1, 1, 0, 0, 1, 0, 1, 1, 0, 1, 0, 1, 1, 1, 1, 1, 0, 1, 1, 1, 1, 0, 1, 1, 0, 1, 0, 1, 1, 1, 1, 1, 0, 0, 0, 1, 0, 0, 1, 1, 0, 0, 1, 1, 1, 1, 1, 1, 1, 1, 1, 1, 1, 1, 0, 1, 0, 1, 1, 1, 0, 1, 1, 0, 0, 1, 1, 1, 1, 1, 1, 0, 0, 1, 0, 1, 0, 1, 0, 0, 1, 1, 1, 0, 1, 0, 0, 0, 1]","[1.0, 1.0, 1.0, 1.0, 1.8106377688504424e-99, 1.0, 1.0, 1.0, 1.0, 1.0, 1.0, 2.9342682458075465e-147, 1.0, 1.0, 0.0, 1.0, 3.595379747013435e-235, 6.68104695340208e-206, 1.0, 1.0, 0.9999999999999787, 1.0, 1.0, 1.0, 1.0, 0.01806003141410919, 1.0, 2.747241489302281e-201, 1.2616160047262593e-54, 1.0, 1.0, 1.354218582350107e-272, 0.0, 1.0, 1.0, 1.0, 3.2853673628007565e-26, 1.0, 1.0, 1.0, 2.775683883009486e-169, 1.3378774582681267e-21, 1.0, 6.903869952522595e-07, 0.9999999998752003, 1.0, 1.0, 1.0, 1.0, 1.0, 1.6002220086079575e-255, 1.0, 2.87631282315471e-165, 1.0, 0.00011825090558473821, 0.999999999809198, 1.0, 0.0, 4.584396794648194e-252, 1.0, 0.0, 1.0, 1.0, 1.0161755696315854e-26, 1.0, 0.0, 1.0, 1.0, 1.0, 1.0, 1.0, 0.0, 1.0, 1.0, 1.0, 1.0, 1.2025787405352478e-38, 1.0, 1.0, 1.6197218373487162e-220, 1.0, 0.0, 1.0, 0.9999999999434692, 1.0, 1.0, 1.0, 2.5243938253028933e-06, 0.0, 0.0, 1.0, 0.0, 4.747101082540908e-281, 1.0, 1.0, 1.3576298506904103e-78, 3.2582791052333148e-21, 1.0, 0.9999999999999751, 0.999999999999929, 1.0, 1.0, 1.0, 1.0, 1.0, 1.0, 1.0, 1.0, 1.0, 2.7785796384372726e-73, 0.9999999989257944, 0.0, 1.0, 1.0, 1.0, 2.0007614256179276e-91, 1.0, 1.0, 0.0, 3.291708276377971e-261, 1.0, 1.0, 1.0, 1.0, 1.0, 0.9999999992121147, 0.0, 0.026908747672552434, 1.0, 0.051580755746624116, 1.0, 0.0, 0.999973849747537, 2.401295478821816e-08, 3.5411077428872055e-50, 0.9999999999999325, 1.0, 1.0, 0.0, 0.9999914252638502, 2.975095986691413e-42, 2.6519271370680443e-175, 0.2307758238809913, 1.0]"
Naive Bayes,12,3,"[1, 0, 0, 1, 1, 1, 0, 0, 1, 0, 1, 0, 1, 1, 1, 1, 1, 1, 1, 1, 1, 1, 1, 1, 0, 1, 1, 1, 0, 1, 1, 1, 1, 1, 0, 0, 1, 1, 0, 0, 0, 1, 0, 1, 1, 0, 1, 1, 1, 1, 1, 0, 1, 0, 1, 0, 0, 1, 0, 1, 0, 0, 0, 0, 0, 1, 1, 1, 1, 1, 1, 1, 1, 1, 1, 1, 1, 1, 1, 1, 1, 1, 0, 1, 0, 1, 1, 1, 1, 1, 0, 1, 1, 1, 1, 0, 1, 1, 0, 1, 1, 0, 0, 0, 0, 1, 1, 0, 1, 1, 1, 1, 1, 1, 1, 1, 1, 1, 1, 0, 0, 0, 0, 1, 0, 0, 1, 1, 1, 1, 0, 1, 0, 0, 0, 0, 1, 1, 0, 0, 1, 1, 1, 1]","[1, 0, 0, 1, 1, 1, 1, 1, 1, 1, 1, 1, 1, 1, 0, 1, 1, 1, 1, 1, 1, 1, 1, 1, 1, 1, 1, 1, 0, 1, 1, 1, 1, 1, 1, 1, 1, 1, 1, 1, 1, 1, 1, 1, 1, 1, 1, 1, 1, 0, 1, 0, 1, 0, 1, 0, 0, 1, 0, 1, 1, 0, 0, 0, 0, 1, 1, 1, 1, 1, 1, 1, 1, 1, 1, 1, 1, 1, 1, 1, 1, 1, 0, 1, 0, 1, 1, 1, 1, 1, 0, 1, 1, 1, 1, 1, 1, 1, 0, 1, 1, 0, 0, 1, 1, 1, 1, 1, 1, 1, 1, 1, 1, 1, 1, 1, 1, 1, 1, 1, 1, 1, 1, 1, 0, 1, 1, 1, 1, 1, 0, 1, 1, 0, 1, 0, 1, 0, 0, 1, 1, 1, 1, 1]","[1.0, 3.7488958801002184e-26, 2.000213308903565e-17, 1.0, 1.0, 0.9999999999999964, 1.0, 1.0, 1.0, 0.9904994155747083, 1.0, 1.0, 1.0, 1.0, 4.6942912225728835e-31, 0.9999973347406259, 1.0, 0.9999999980394563, 0.9999999999804743, 1.0, 1.0, 1.0, 1.0, 0.9999999999999964, 0.9856337616227278, 1.0, 1.0, 1.0, 1.397810921307483e-116, 1.0, 1.0, 1.0, 1.0, 1.0, 0.9983199123983216, 0.9999999941873909, 1.0, 1.0, 1.0, 1.0, 0.9953117266456117, 0.9999999999997762, 0.9999999834707652, 1.0, 1.0, 1.0, 1.0, 1.0, 1.0, 7.593211161718104e-11, 0.9999999999995026, 9.804877864459109e-30, 1.0, 6.871506040331473e-96, 0.9961338780495336, 1.1616167360633681e-134, 1.199743812259996e-139, 1.0, 0.0, 1.0, 0.7491781521580128, 3.266555619309211e-16, 6.024912182500818e-29, 1.0457527169211191e-37, 3.1178592000449896e-19, 1.0, 1.0, 0.9999999999997371, 1.0, 1.0, 1.0, 1.0, 1.0, 1.0, 1.0, 1.0, 1.0, 1.0, 1.0, 1.0, 1.0, 1.0, 2.218654626322601e-161, 1.0, 4.561497493858265e-38, 1.0, 1.0, 1.0, 1.0, 1.0, 1.5759011117208594e-65, 1.0, 1.0, 1.0, 1.0, 1.0, 1.0, 1.0, 1.4556588535909911e-173, 1.0, 1.0, 8.951250894851538e-128, 6.507081457482437e-56, 1.0, 0.9999999999999147, 0.999804817251324, 1.0, 1.0, 1.0, 0.9999999999999858, 1.0, 1.0, 0.9999999974672491, 1.0, 1.0, 1.0, 1.0, 1.0, 1.0, 1.0, 1.0, 1.0, 0.9999999999999858, 1.0, 0.0, 0.9992928563622704, 1.0, 1.0, 1.0, 1.0, 7.423420032373203e-75, 1.0, 0.9999999856731422, 2.7593392370439626e-225, 1.0, 1.5011582994410403e-35, 1.0, 9.353606499471652e-65, 1.2891111507255588e-53, 0.8657731624074403, 1.0, 1.0, 1.0, 1.0]"
Naive Bayes,13,3,"[0, 1, 1, 1, 1, 1, 1, 0, 0, 1, 0, 0, 1, 1, 0, 1, 0, 0, 1, 0, 1, 1, 1, 1, 1, 0, 1, 1, 0, 1, 0, 1, 1, 1, 0, 0, 0, 0, 1, 1, 1, 1, 1, 0, 0, 1, 1, 1, 1, 0, 0, 1, 1, 1, 0, 0, 0, 1, 0, 1, 1, 1, 1, 1, 1, 1, 1, 1, 1, 0, 0, 1, 1, 0, 1, 1, 0, 1, 1, 0, 1, 0, 1, 0, 1, 1, 1, 0, 0, 0, 1, 0, 0, 1, 1, 1, 0, 1, 1, 1, 0, 1, 1, 1, 1, 1, 1, 1, 1, 1, 1, 0, 1, 1, 0, 1, 1, 0, 1, 1, 1, 1, 1, 0, 0, 0, 1, 0, 0, 0, 1, 1, 1, 1, 1, 1, 1, 1, 1, 1, 1, 0, 0]","[0, 1, 1, 1, 1, 1, 1, 0, 0, 1, 1, 0, 1, 0, 0, 1, 0, 0, 1, 0, 1, 1, 1, 1, 1, 0, 1, 1, 0, 1, 0, 1, 1, 0, 1, 0, 1, 0, 1, 0, 1, 1, 0, 1, 0, 1, 1, 1, 0, 1, 1, 1, 1, 1, 0, 0, 0, 1, 1, 1, 1, 1, 1, 1, 1, 1, 1, 1, 1, 1, 0, 1, 1, 0, 1, 1, 0, 1, 1, 1, 1, 0, 1, 0, 1, 1, 1, 1, 0, 0, 0, 0, 0, 1, 0, 1, 0, 1, 1, 0, 0, 1, 1, 1, 1, 1, 1, 1, 1, 1, 1, 1, 1, 1, 1, 1, 1, 1, 1, 1, 1, 1, 1, 0, 1, 1, 1, 0, 0, 0, 1, 1, 1, 1, 1, 1, 1, 1, 1, 1, 1, 1, 1]","[5.115321212888545e-121, 1.0, 1.0, 1.0, 1.0, 1.0, 1.0, 1.0964812744746549e-170, 1.0016096753789682e-55, 0.9999999999999893, 1.0, 4.985797782625201e-79, 0.9999999999999822, 0.0009654932131019358, 4.394795106887241e-193, 1.0, 1.7606303831334991e-66, 5.98012939925813e-47, 1.0, 1.0401670441726591e-22, 1.0, 0.999999999878014, 1.0, 1.0, 0.9999999999561595, 1.8942616695161155e-49, 0.9999999999929514, 1.0, 1.5936641003724558e-70, 1.0, 1.5885139972891357e-83, 1.0, 0.9999863927677266, 2.5563970239399192e-08, 1.0, 0.00010648976194016784, 1.0, 1.7961366241123746e-80, 1.0, 1.2787680762503596e-50, 1.0, 1.0, 3.8624175494846335e-13, 0.9999999127579253, 1.0582291040985961e-232, 1.0, 1.0, 1.0, 2.8758550772829656e-115, 1.0, 1.0, 1.0, 1.0, 1.0, 1.811631751283519e-24, 0.0, 6.564832719326611e-79, 1.0, 0.9999999750658052, 1.0, 1.0, 1.0, 1.0, 1.0, 1.0, 1.0, 1.0, 1.0, 0.9999999999983018, 1.0, 3.0085669142495306e-18, 1.0, 1.0, 7.293433713719213e-144, 1.0, 1.0, 4.561639806105741e-75, 1.0, 1.0, 1.0, 1.0, 1.6068702299980757e-42, 1.0, 9.329297356953902e-91, 1.0, 1.0, 1.0, 1.0, 0.00680761092487058, 0.3509984516708548, 7.376852085709944e-32, 4.3471725759998207e-135, 1.079156343647966e-206, 1.0, 1.0778975717729356e-06, 1.0, 2.4365630267739582e-15, 0.9999999999997833, 1.0, 1.8161105641473665e-105, 2.0061280233868615e-76, 1.0, 1.0, 1.0, 1.0, 1.0, 1.0, 1.0, 1.0, 1.0, 1.0, 1.0, 1.0, 1.0, 1.0, 1.0, 1.0, 0.9999999999999858, 1.0, 1.0, 1.0, 1.0, 1.0, 1.5615622302059958e-112, 0.9999999995890008, 1.0, 1.0, 8.438685212771386e-229, 2.2052424090175906e-16, 2.597203936813271e-06, 0.9999999999999929, 1.0, 1.0, 1.0, 1.0, 1.0, 1.0, 1.0, 1.0, 1.0, 1.0, 1.0, 1.0]"
Naive Bayes,14,3,"[0, 1, 1, 0, 1, 0, 1, 1, 1, 0, 1, 1, 1, 0, 1, 1, 0, 0, 1, 1, 1, 0, 1, 0, 1, 0, 0, 0, 1, 1, 1, 1, 0, 0, 0, 0, 1, 0, 1, 1, 0, 1, 1, 1, 1, 1, 1, 1, 0, 1, 1, 0, 0, 0, 1, 1, 0, 1, 0, 1, 0, 1, 1, 0, 1, 1, 0, 1, 1, 1, 1, 1, 1, 1, 0, 0, 1, 1, 1, 1, 1, 1, 1, 1, 1, 0, 1, 1, 0, 1, 1, 1, 1, 0, 1, 0, 1, 1, 1, 1, 0, 1, 1, 1, 1, 0, 0, 1, 0, 1, 0, 1, 0, 1, 1, 0, 1, 1, 1, 1, 0, 1, 0, 1, 0, 1, 0, 0, 1, 1, 0, 0, 1, 1, 1, 1, 0, 1, 1, 1, 0, 1, 0]","[1, 1, 1, 0, 0, 1, 1, 1, 1, 0, 1, 0, 1, 0, 1, 1, 1, 0, 1, 1, 1, 1, 1, 0, 1, 0, 0, 0, 1, 1, 1, 1, 1, 1, 0, 1, 1, 0, 1, 0, 1, 1, 1, 1, 1, 1, 1, 1, 0, 1, 1, 0, 0, 0, 1, 1, 0, 1, 0, 1, 0, 1, 1, 0, 1, 1, 0, 1, 1, 1, 1, 1, 0, 1, 0, 1, 1, 1, 1, 1, 1, 1, 1, 1, 1, 0, 1, 1, 1, 1, 1, 1, 1, 0, 0, 0, 1, 1, 1, 1, 1, 1, 1, 1, 1, 0, 1, 1, 1, 1, 1, 1, 1, 1, 1, 0, 1, 1, 1, 1, 0, 1, 0, 1, 1, 1, 1, 0, 1, 1, 0, 0, 1, 1, 1, 1, 0, 1, 1, 1, 1, 1, 0]","[1.0, 1.0, 1.0, 1.5066928357083642e-141, 1.3890359469725092e-34, 1.0, 0.9999991020383926, 1.0, 1.0, 9.145280945715677e-77, 1.0, 1.789677775806746e-07, 1.0, 4.2606661664364634e-73, 1.0, 0.9780725848243602, 0.9998671797665752, 8.464743252950452e-217, 1.0, 1.0, 1.0, 0.9999999999378559, 1.0, 2.1441618355730406e-143, 1.0, 3.6207113595402947e-184, 1.0741979794894978e-30, 7.786936584019789e-242, 1.0, 1.0, 1.0, 1.0, 0.9999999999972076, 0.9999999999999645, 3.8689069093880155e-62, 0.9999999999890505, 1.0, 1.0780591835522336e-39, 1.0, 9.486017926959189e-14, 0.9999999998209645, 1.0, 1.0, 1.0, 1.0, 1.0, 1.0, 1.0, 0.0, 1.0, 0.8317308784121519, 2.2704343047938296e-176, 5.325000934880353e-221, 0.0, 1.0, 0.9999922194120641, 0.0, 1.0, 2.912977422229207e-227, 1.0, 4.4067951565943116e-10, 1.0, 0.9999999999998579, 3.664659433245778e-109, 1.0, 0.9999999999982236, 7.500222569525311e-117, 1.0, 1.0, 1.0, 0.9999999999996625, 1.0, 3.452206898123445e-39, 1.0, 1.1303218575881528e-110, 0.9999999999999716, 1.0, 1.0, 1.0, 0.9999999932611772, 1.0, 1.0, 1.0, 1.0, 1.0, 9.638099550727442e-167, 1.0, 1.0, 1.0, 0.9999959381440178, 1.0, 1.0, 1.0, 1.598433217874638e-155, 6.741564206804276e-22, 0.0, 1.0, 1.0, 1.0, 1.0, 1.0, 1.0, 1.0, 1.0, 0.9999999785629827, 3.923725118485241e-88, 1.0, 1.0, 1.0, 0.8129113554070841, 0.9999998375935054, 0.9999999997598294, 0.9999531345521692, 1.0, 1.0, 3.072593865851002e-30, 1.0, 1.0, 1.0, 1.0, 1.386302369891231e-09, 1.0, 1.0976879599684443e-102, 1.0, 0.6470407562211994, 1.0, 0.9994545294001446, 2.5919985505738085e-217, 1.0, 1.0, 6.416552258174824e-39, 1.3042808037018242e-07, 1.0, 1.0, 1.0, 1.0, 1.3270789444316009e-48, 1.0, 1.0, 1.0, 1.0, 0.9999999999996589, 1.333342612e-314]"
Naive Bayes,15,3,"[0, 0, 1, 1, 1, 0, 0, 1, 1, 1, 1, 1, 1, 1, 1, 1, 0, 1, 1, 1, 1, 1, 1, 1, 1, 0, 1, 0, 1, 1, 1, 1, 1, 1, 1, 0, 1, 1, 1, 1, 0, 1, 0, 0, 1, 1, 0, 0, 1, 0, 1, 0, 1, 0, 1, 1, 1, 1, 0, 1, 1, 1, 1, 0, 0, 0, 0, 1, 0, 0, 1, 0, 1, 1, 0, 1, 1, 1, 1, 1, 0, 0, 1, 0, 0, 1, 1, 1, 1, 1, 1, 1, 1, 1, 1, 1, 0, 0, 1, 0, 1, 1, 1, 0, 1, 0, 1, 1, 0, 1, 1, 1, 0, 1, 1, 1, 0, 0, 0, 1, 1, 0, 1, 1, 1, 0, 1, 0, 1, 1, 1, 0, 0, 1, 1, 0, 1, 0, 1, 0, 1, 1, 1]","[1, 1, 0, 1, 1, 0, 0, 1, 1, 1, 1, 1, 1, 1, 1, 1, 0, 1, 1, 1, 1, 1, 1, 1, 1, 0, 1, 1, 1, 1, 1, 1, 1, 1, 1, 0, 1, 1, 1, 1, 1, 1, 0, 1, 1, 1, 0, 0, 1, 0, 1, 0, 1, 0, 1, 1, 1, 0, 0, 1, 1, 1, 0, 1, 0, 1, 1, 1, 0, 0, 1, 0, 1, 1, 1, 0, 1, 1, 1, 1, 1, 0, 1, 0, 0, 1, 1, 1, 1, 1, 1, 1, 1, 1, 0, 1, 0, 0, 0, 0, 1, 1, 1, 0, 1, 0, 0, 1, 0, 1, 1, 0, 0, 0, 1, 1, 0, 0, 1, 1, 1, 0, 1, 1, 1, 1, 1, 0, 0, 1, 1, 1, 0, 1, 1, 1, 1, 0, 1, 0, 1, 1, 1]","[0.9999771876384764, 1.0, 3.497633781943864e-30, 1.0, 1.0, 0.0, 0.0011597512453005406, 1.0, 1.0, 1.0, 1.0, 1.0, 1.0, 1.0, 1.0, 1.0, 7.215583432554639e-19, 1.0, 0.9999389281821159, 1.0, 1.0, 1.0, 1.0, 1.0, 1.0, 1.3432983813679368e-21, 1.0, 1.0, 1.0, 1.0, 1.0, 1.0, 1.0, 1.0, 1.0, 8.820638263665291e-170, 1.0, 1.0, 1.0, 1.0, 0.9999390001039704, 1.0, 9.65158527718817e-35, 1.0, 1.0, 1.0, 0.0, 0.09605463156529573, 0.8760708877261593, 7.949792779519652e-143, 1.0, 4.432864738571365e-13, 1.0, 6.868333519232997e-36, 1.0, 1.0, 1.0, 0.0026050888358183527, 0.007447872479267087, 1.0, 1.0, 0.9999999995697166, 3.9557064033861366e-101, 1.0, 7.588099984282106e-58, 1.0, 0.9999999999999716, 0.9999998308755594, 9.615561938999519e-77, 3.537306464086323e-70, 0.9999999527644559, 6.608283666549429e-51, 1.0, 0.9999999999797282, 0.845696574977056, 1.0784492986791399e-25, 1.0, 1.0, 0.9999999999823501, 1.0, 1.0, 0.0, 1.0, 9.18654370800483e-100, 0.0, 1.0, 1.0, 1.0, 1.0, 1.0, 1.0, 1.0, 1.0, 0.9999991862469997, 9.364335678029454e-21, 1.0, 6.974673568187227e-36, 1.859971944978341e-111, 0.002194720855023915, 9.095863275428513e-25, 1.0, 0.9999999999944009, 1.0, 0.0, 0.9999999999999964, 2.8927302972971826e-33, 9.6656835891113e-09, 1.0, 5.080289847079699e-97, 1.0, 1.0, 0.11246526454115492, 5.388960556862453e-75, 4.839163446636831e-23, 1.0, 1.0, 1.3048135891589973e-148, 2.1479576789673804e-255, 0.9999999999974811, 1.0, 1.0, 1.494140951479737e-90, 1.0, 1.0, 1.0, 1.0, 1.0, 0.0, 1.637932840758066e-08, 1.0, 1.0, 1.0, 1.1539473715241883e-53, 1.0, 1.0, 0.9998646172781679, 1.0, 6.613937631129645e-109, 1.0, 1.5642611811539087e-163, 1.0, 0.9999994936453195, 1.0]"
Naive Bayes,16,4,"[0, 0, 1, 1, 1, 1, 1, 0, 1, 0, 0, 1, 0, 1, 1, 1, 1, 1, 1, 1, 0, 1, 1, 1, 1, 0, 1, 1, 0, 0, 0, 1, 1, 1, 1, 0, 0, 1, 0, 1, 1, 1, 1, 0, 1, 1, 0, 0, 1, 1, 1, 0, 1, 1, 0, 0, 0, 0, 1, 0, 0, 1, 1, 0, 0, 1, 1, 0, 0, 1, 1, 0, 1, 1, 1, 1, 1, 1, 1, 1, 1, 1, 0, 0, 0, 1, 1, 0, 1, 1, 1, 0, 1, 1, 0, 1, 0, 1, 0, 1, 1, 1, 1, 0, 1, 1, 1, 1, 0, 1, 1, 1, 0, 1, 1, 0, 1, 1, 1, 0, 1, 0, 0, 0, 0, 1, 0, 0, 0, 1, 1, 0, 0, 0, 0, 0, 1, 1, 1, 1, 0, 0, 1, 1]","[0, 0, 0, 0, 1, 1, 1, 0, 1, 1, 1, 1, 0, 1, 1, 1, 1, 0, 1, 1, 0, 1, 1, 1, 1, 0, 1, 1, 0, 0, 0, 1, 1, 1, 1, 1, 0, 1, 0, 1, 1, 1, 1, 1, 1, 1, 1, 0, 1, 1, 1, 1, 1, 1, 0, 0, 0, 0, 1, 0, 1, 1, 1, 0, 0, 1, 1, 0, 0, 0, 1, 0, 1, 1, 1, 1, 1, 0, 1, 1, 1, 1, 0, 0, 0, 1, 1, 0, 1, 1, 1, 0, 1, 1, 0, 1, 0, 1, 0, 1, 1, 1, 1, 1, 1, 1, 1, 1, 1, 1, 1, 1, 1, 1, 1, 0, 1, 1, 1, 0, 1, 1, 0, 0, 1, 1, 1, 0, 0, 1, 1, 0, 0, 1, 0, 0, 1, 1, 1, 1, 0, 0, 0, 1]","[2.351402653453861e-41, 2.0702040729776787e-26, 1.902222762277082e-55, 2.4523181457071025e-35, 1.0, 1.0, 1.0, 0.0, 1.0, 1.0, 1.0, 1.0, 1.9864916832528001e-100, 1.0, 1.0, 1.0, 1.0, 1.3172087527304396e-45, 1.0, 0.9999999996023732, 1.700618802141956e-251, 1.0, 0.7388064514437997, 0.9999999999999964, 0.9999999999995879, 0.015138042477758235, 1.0, 1.0, 3.100156250917402e-217, 2.6330476105564725e-62, 2.4574701140388018e-291, 1.0, 1.0, 0.9994912994201623, 1.0, 1.0, 4.731612213227124e-07, 1.0, 0.19665757221134028, 1.0, 1.0, 1.0, 1.0, 0.8481627849576734, 0.9999999999994067, 1.0, 1.0, 1.5431478030070037e-182, 1.0, 1.0, 1.0, 0.9999999854547, 1.0, 1.0, 0.0, 0.0, 0.0, 8.330403286405038e-180, 1.0, 1.7562633340841047e-07, 0.9999999837590964, 1.0, 1.0, 2.316327583738062e-268, 9.47140978358316e-05, 1.0, 1.0, 6.7101931886997654e-21, 6.749648589853553e-31, 1.2352656261775013e-32, 1.0, 0.0, 1.0, 0.9999990827621389, 1.0, 1.0, 1.0, 0.0, 0.9999999999999574, 1.0, 1.0, 1.0, 2e-323, 1.1164558669836477e-43, 0.0, 1.0, 1.0, 0.0, 0.9999999880897904, 1.0, 1.0, 0.0, 1.0, 1.0, 1.3547163904709252e-08, 1.0, 1.430712753923678e-243, 1.0, 0.0, 1.0, 0.9999999999998046, 0.9927379865679542, 1.0, 1.0, 1.0, 1.0, 1.0, 1.0, 1.0, 1.0, 1.0, 1.0, 1.0, 1.0, 1.0, 2.9592154218639545e-82, 0.9999999999999964, 1.0, 1.0, 0.0, 1.0, 1.0, 0.0, 3.8282029257046507e-146, 1.0, 1.0, 1.0, 0.0, 0.0, 1.0, 1.0, 2.059611487844611e-05, 5.973771513103817e-05, 1.0, 0.0, 4.1044550970179324e-188, 1.0, 0.9999999999969944, 1.0, 0.9975978238986599, 3.2624737560391233e-49, 1.0902814338907772e-190, 0.00040192764398589516, 1.0]"
Naive Bayes,17,4,"[0, 0, 1, 0, 0, 1, 1, 0, 0, 1, 1, 1, 1, 1, 0, 1, 0, 1, 1, 1, 1, 0, 0, 1, 0, 1, 1, 0, 1, 1, 0, 1, 0, 0, 1, 1, 0, 1, 1, 1, 1, 1, 0, 1, 1, 1, 1, 1, 0, 1, 0, 0, 0, 0, 1, 0, 1, 0, 1, 1, 1, 1, 1, 1, 1, 1, 1, 0, 1, 1, 1, 1, 1, 1, 1, 1, 1, 1, 1, 0, 1, 0, 1, 0, 1, 1, 0, 1, 0, 0, 0, 1, 0, 0, 1, 1, 1, 1, 1, 1, 0, 1, 1, 1, 1, 1, 0, 1, 0, 0, 1, 1, 1, 0, 0, 1, 1, 1, 1, 0, 1, 1, 1, 1, 0, 0, 1, 0, 1, 1, 1, 1, 0, 1, 1, 0, 1, 0, 0, 0, 1, 1, 1, 1]","[1, 0, 1, 1, 1, 1, 1, 0, 0, 1, 1, 1, 1, 1, 0, 1, 0, 1, 1, 1, 1, 1, 0, 1, 0, 1, 1, 0, 1, 1, 0, 1, 0, 1, 1, 0, 1, 1, 0, 1, 1, 1, 0, 1, 1, 1, 1, 1, 0, 1, 0, 0, 0, 0, 1, 0, 1, 0, 1, 1, 1, 1, 1, 1, 1, 1, 1, 0, 1, 1, 1, 1, 1, 1, 1, 1, 1, 1, 1, 0, 1, 0, 1, 1, 1, 1, 0, 1, 0, 1, 0, 1, 0, 0, 1, 1, 1, 1, 1, 1, 1, 1, 1, 1, 1, 1, 1, 1, 1, 0, 1, 1, 1, 1, 0, 1, 1, 1, 1, 1, 1, 1, 1, 1, 0, 1, 1, 0, 1, 1, 1, 1, 0, 1, 0, 0, 1, 1, 0, 0, 1, 1, 1, 1]","[1.0, 2.312928348535614e-103, 1.0, 1.0, 1.0, 1.0, 1.0, 1.3818708311997574e-165, 1.8637085738214446e-237, 1.0, 0.9999999845027291, 0.9999999999473346, 1.0, 1.0, 2.832604009120679e-103, 1.0, 3.5054838876614942e-28, 1.0, 1.0, 1.0, 1.0, 0.5350511494672516, 4.183066733192745e-41, 0.9999999999870752, 2.0868732141961914e-111, 1.0, 1.0, 5.548858515752385e-60, 0.9999999999999822, 1.0, 0.0, 1.0, 7.763883894637129e-151, 0.9999999915498989, 1.0, 3.1883200972860105e-13, 0.9999999289807303, 1.0, 0.00030190688049251435, 1.0, 1.0, 1.0, 2.8737482473000564e-20, 1.0, 1.0, 1.0, 1.0, 1.0, 2.863188018597689e-125, 1.0, 2.344135160811122e-129, 3.1141581500546016e-134, 1.2024747637904995e-134, 2.6177343203248776e-29, 1.0, 0.0, 0.5159121548785219, 0.0, 1.0, 1.0, 1.0, 1.0, 1.0, 1.0, 1.0, 1.0, 1.0, 2.918088496087208e-101, 1.0, 1.0, 1.0, 1.0, 1.0, 1.0, 1.0, 1.0, 1.0, 1.0, 1.0, 2.8436049612727628e-77, 1.0, 1.0049881983663622e-113, 1.0, 0.9999999983228278, 1.0, 1.0, 9.607869753832975e-05, 1.0, 3.2073708970865345e-169, 1.0, 3.560385101460746e-52, 1.0, 1.3285946557571002e-13, 0.0, 0.9999999999998934, 1.0, 1.0, 1.0, 0.9999999966648616, 1.0, 1.0, 1.0, 1.0, 1.0, 1.0, 1.0, 1.0, 1.0, 0.9999999999999396, 1.0653795413336716e-26, 1.0, 1.0, 1.0, 0.999999999999833, 0.0, 1.0, 1.0, 1.0, 1.0, 0.9999538694669363, 1.0, 1.0, 1.0, 1.0, 4.608660137399816e-13, 0.999999958972503, 1.0, 8.46955614182114e-44, 1.0, 1.0, 1.0, 1.0, 2.2117604985332114e-33, 1.0, 3.763314693606045e-61, 6.728588236446757e-51, 1.0, 0.9998411514351928, 0.0014706695354924088, 2.1535614157881923e-35, 1.0, 1.0, 0.9999999981342711, 1.0]"
Naive Bayes,18,4,"[0, 0, 1, 1, 0, 1, 0, 1, 1, 1, 1, 1, 1, 0, 1, 1, 1, 1, 0, 0, 1, 0, 1, 0, 1, 0, 1, 1, 1, 1, 1, 1, 1, 0, 0, 1, 0, 1, 1, 0, 0, 0, 1, 1, 1, 1, 1, 1, 0, 0, 0, 1, 0, 0, 1, 1, 0, 1, 1, 0, 0, 1, 1, 0, 1, 1, 1, 1, 0, 1, 1, 1, 1, 1, 1, 1, 1, 1, 0, 1, 0, 1, 1, 0, 1, 1, 1, 1, 0, 0, 1, 1, 1, 1, 1, 0, 1, 0, 0, 0, 0, 1, 1, 1, 0, 1, 1, 1, 1, 1, 1, 1, 1, 1, 0, 0, 1, 0, 1, 0, 0, 1, 1, 0, 1, 1, 0, 1, 0, 0, 0, 1, 0, 1, 1, 0, 1, 1, 0, 0, 0, 1, 1]","[1, 1, 1, 1, 0, 1, 0, 1, 1, 1, 1, 1, 1, 0, 1, 0, 1, 1, 0, 0, 1, 0, 1, 0, 1, 0, 1, 1, 1, 1, 1, 1, 1, 0, 1, 1, 1, 1, 1, 0, 1, 1, 1, 1, 1, 1, 1, 1, 0, 0, 1, 1, 0, 0, 1, 1, 0, 1, 1, 0, 0, 1, 1, 0, 1, 1, 1, 1, 1, 1, 1, 1, 1, 1, 0, 1, 1, 1, 0, 1, 0, 1, 1, 0, 1, 1, 1, 1, 1, 0, 1, 1, 0, 1, 1, 0, 1, 0, 0, 1, 1, 1, 0, 1, 1, 1, 1, 1, 1, 1, 1, 1, 1, 0, 1, 1, 1, 1, 1, 0, 1, 1, 1, 0, 1, 1, 1, 1, 1, 0, 0, 1, 0, 1, 0, 1, 1, 1, 0, 1, 0, 1, 1]","[0.9999957572334901, 1.0, 1.0, 1.0, 3.786866905782462e-147, 1.0, 9.083669420527593e-72, 1.0, 0.9999987798641979, 1.0, 1.0, 1.0, 1.0, 3.1236991011837304e-73, 0.9999999999998863, 3.3179195671702407e-07, 1.0, 1.0, 1.3501622559847116e-224, 1.2380704094048566e-22, 0.9999576490901341, 4.294320106372318e-149, 1.0, 2.5307782400372813e-191, 1.0, 1.917250790921552e-252, 1.0, 1.0, 1.0, 0.9999999998946336, 1.0, 1.0, 1.0, 5.2955256478162393e-76, 0.9999999999868194, 1.0, 1.0, 1.0, 1.0, 2.9271460690344195e-221, 1.0, 0.9999999998062279, 1.0, 1.0, 1.0, 1.0, 1.0, 1.0, 0.0, 2.5397033255762516e-74, 0.9999999156044375, 0.9999999999999964, 6.10244500721389e-101, 0.0, 1.0, 1.0, 0.0, 1.0, 1.0, 2.6554415472117866e-235, 0.18941892068313027, 1.0, 1.0, 1.1074366242794544e-40, 1.0, 0.9999999999957012, 1.0, 1.0, 1.0, 1.0, 0.9999999999969802, 0.999999999999865, 1.0, 0.9999999999982094, 5.593683198670678e-25, 1.0, 1.0, 1.0, 3.302468381210343e-72, 1.0, 2.4184104586332054e-41, 1.0, 1.0, 1.1344116017191389e-69, 1.0, 1.0, 1.0, 1.0, 1.0, 9.030117893444295e-204, 1.0, 0.9999931232898667, 3.8338004224921834e-30, 1.0, 1.0, 1.2753052368584745e-162, 1.0, 2.711802402500953e-136, 1.666171798388974e-58, 1.0, 0.9999999999982023, 1.0, 5.459491148218623e-100, 0.9999999999949196, 0.9999999999999574, 1.0, 1.0, 1.0, 1.0, 1.0, 1.0, 1.0, 1.0, 4.872534786970377e-22, 1.0, 1.0, 1.0, 0.9999999999998899, 1.0, 6.705888129846354e-67, 0.9786290220525042, 1.0, 1.0, 5.705143571564461e-159, 1.0, 0.9999999999999964, 1.0, 0.9999999999998437, 1.0, 3.99211011300456e-08, 1.06870892859399e-109, 1.0, 4.292125189773614e-236, 1.0, 4.9919838159405434e-08, 1.0, 1.0, 1.0, 0.3283130707873466, 1.0, 0.0, 1.0, 1.0]"
Naive Bayes,19,4,"[1, 1, 1, 1, 1, 1, 0, 0, 0, 1, 1, 0, 1, 1, 0, 1, 1, 1, 0, 1, 0, 1, 1, 1, 1, 1, 0, 1, 1, 1, 1, 1, 0, 0, 1, 1, 1, 1, 1, 1, 1, 1, 0, 1, 0, 1, 1, 1, 1, 1, 0, 1, 1, 1, 0, 1, 0, 0, 0, 1, 1, 0, 1, 1, 0, 1, 1, 1, 1, 1, 1, 1, 1, 1, 1, 0, 0, 1, 0, 1, 1, 1, 1, 1, 1, 0, 1, 0, 1, 1, 0, 0, 1, 1, 1, 0, 1, 1, 1, 0, 1, 0, 1, 1, 0, 1, 1, 1, 1, 1, 1, 0, 1, 0, 0, 0, 1, 0, 0, 0, 1, 0, 1, 1, 0, 0, 0, 1, 1, 0, 0, 0, 1, 0, 0, 0, 1, 0, 1, 1, 1, 0, 0]","[1, 1, 1, 1, 1, 1, 1, 0, 0, 1, 1, 0, 0, 1, 0, 1, 1, 1, 1, 1, 1, 1, 1, 1, 1, 1, 0, 1, 1, 1, 0, 1, 1, 1, 0, 1, 0, 0, 1, 0, 1, 1, 1, 0, 1, 1, 1, 0, 1, 1, 0, 1, 1, 1, 0, 1, 1, 0, 0, 1, 1, 0, 1, 1, 0, 1, 1, 1, 1, 1, 1, 1, 0, 1, 1, 0, 0, 1, 0, 1, 1, 1, 1, 1, 1, 1, 0, 0, 1, 1, 1, 0, 1, 0, 1, 0, 1, 1, 0, 0, 1, 0, 1, 1, 1, 1, 1, 1, 1, 1, 0, 0, 1, 1, 1, 0, 1, 1, 1, 0, 1, 1, 1, 1, 0, 0, 1, 1, 1, 0, 1, 1, 1, 1, 0, 0, 1, 1, 1, 1, 1, 0, 0]","[1.0, 1.0, 0.9999999999999964, 1.0, 1.0, 1.0, 1.0, 7.621658746284323e-57, 0.007015631629972185, 1.0, 1.0, 1.0126171679876019e-103, 0.0009972426721919561, 1.0, 7.393523824287866e-82, 0.9781297934804134, 1.0, 1.0, 0.9999357133322399, 1.0, 0.9999999999928733, 1.0, 1.0, 1.0, 1.0, 1.0, 5.576080382511638e-85, 1.0, 1.0, 1.0, 3.124374490458575e-08, 1.0, 1.0, 1.0, 1.6623208948625827e-50, 1.0, 1.4578322957248543e-20, 1.421978352623826e-15, 1.0, 4.035291308281815e-20, 1.0, 1.0, 1.0, 9.865513532820972e-117, 1.0, 1.0, 1.0, 8.117084800088427e-13, 1.0, 0.8314204884750999, 5.0167552014721996e-198, 1.0, 1.0, 1.0, 0.0, 1.0, 1.0, 1.3866649383527877e-33, 7.928303421893811e-80, 1.0, 1.0, 9.048389062220112e-19, 1.0, 1.0, 5.306839621846727e-146, 1.0, 1.0, 1.0, 1.0, 1.0, 0.9999999999014904, 1.0, 9.248125524337378e-44, 1.0, 1.0, 3.644260597392797e-123, 1.4216436090431807e-43, 1.0, 6.889818339688294e-104, 1.0, 1.0, 1.0, 1.0, 1.0, 1.0, 1.0, 1.589439868211575e-21, 5.516562579640702e-199, 1.0, 1.0, 1.0, 8.143438118680856e-208, 1.0, 0.0932524489695896, 1.0, 6.982500181249278e-170, 1.0, 1.0, 4.715914214838111e-26, 0.0, 1.0, 6.505291212225039e-77, 1.0, 1.0, 1.0, 1.0, 1.0, 1.0, 0.9999999964119866, 1.0, 2.0608328570743926e-09, 1.9415492720867487e-96, 1.0, 1.0, 1.0, 1.623116770454162e-79, 0.9999999999664695, 0.9999795262845984, 0.9999999707899438, 1.3946268127170483e-210, 1.0, 1.0, 1.0, 1.0, 6.156531826154457e-159, 7.465913270520185e-11, 0.6198310404771556, 1.0, 1.0, 1.5520984757773727e-42, 1.0, 0.9999999997573639, 1.0, 0.9999999959564221, 1.7899475696067798e-06, 0.0, 1.0, 1.0, 1.0, 0.9999999999999716, 1.0, 1.7011835180408868e-172, 8.467629674381008e-263]"
Naive Bayes,20,4,"[1, 0, 1, 0, 1, 1, 1, 0, 0, 1, 0, 1, 1, 1, 1, 1, 1, 1, 0, 0, 1, 1, 1, 1, 1, 1, 1, 1, 1, 1, 0, 1, 0, 1, 0, 1, 1, 0, 1, 0, 0, 0, 1, 1, 0, 1, 1, 0, 1, 0, 0, 1, 1, 0, 1, 1, 0, 1, 0, 1, 1, 1, 1, 1, 1, 0, 0, 0, 0, 1, 0, 0, 1, 1, 0, 0, 1, 1, 1, 0, 0, 0, 1, 1, 1, 1, 1, 1, 1, 1, 1, 1, 1, 1, 1, 0, 0, 1, 0, 0, 0, 1, 0, 1, 1, 1, 0, 1, 1, 1, 1, 0, 1, 0, 1, 1, 1, 1, 1, 1, 0, 1, 1, 0, 1, 1, 0, 1, 1, 1, 1, 1, 1, 1, 1, 1, 0, 0, 0, 1, 1, 0, 1]","[1, 1, 1, 1, 1, 1, 1, 0, 1, 1, 0, 1, 1, 1, 1, 1, 1, 1, 0, 0, 1, 1, 1, 1, 1, 1, 1, 1, 1, 1, 0, 1, 1, 1, 1, 1, 1, 0, 1, 0, 1, 1, 1, 1, 1, 1, 1, 1, 1, 0, 1, 1, 1, 1, 1, 1, 0, 1, 0, 1, 1, 1, 1, 0, 1, 0, 0, 1, 0, 1, 0, 1, 1, 1, 1, 0, 1, 1, 1, 1, 1, 1, 1, 1, 1, 1, 1, 1, 1, 1, 1, 1, 1, 1, 1, 0, 0, 1, 0, 0, 0, 0, 0, 1, 1, 1, 0, 1, 1, 1, 1, 0, 1, 1, 1, 1, 1, 1, 1, 1, 0, 1, 1, 0, 1, 1, 0, 1, 1, 1, 1, 1, 1, 1, 1, 1, 1, 0, 1, 1, 1, 1, 1]","[1.0, 1.0, 1.0, 1.0, 1.0, 1.0, 1.0, 5.271042193910206e-152, 0.9913836855542312, 0.9999999999999929, 5.180700327432271e-74, 1.0, 1.0, 1.0, 1.0, 1.0, 1.0, 1.0, 6.840345784928525e-14, 2.0106075337146068e-41, 1.0, 1.0, 1.0, 1.0, 1.0, 1.0, 1.0, 1.0, 1.0, 1.0, 4.594412844711229e-18, 1.0, 1.0, 1.0, 0.9999999999997229, 1.0, 1.0, 1.5297975793863938e-59, 1.0, 1.5306570121266727e-37, 1.0, 0.9999999838032637, 1.0, 1.0, 0.9999994256928005, 1.0, 1.0, 1.0, 1.0, 2.724838615953878e-30, 1.0, 1.0, 1.0, 0.9706466102834991, 0.999998583298728, 0.9999999999995026, 5.556878933982364e-29, 0.9973783640945676, 7.030953642833693e-10, 1.0, 0.9999992822808341, 1.0, 0.9999999999971649, 1.2463271445709285e-94, 1.0, 6.599433530441271e-16, 2.2223880592323885e-52, 1.0, 5.731233989639189e-64, 0.999999999499444, 1.932568439182485e-25, 1.0, 1.0, 0.9999999999997726, 0.9998212708986677, 4.720403166068648e-115, 1.0, 1.0, 1.0, 1.0, 1.0, 1.0, 1.0, 1.0, 1.0, 1.0, 1.0, 1.0, 1.0, 1.0, 1.0, 1.0, 1.0, 0.9999999925802285, 1.0, 0.0540910147577882, 3.5194342243224467e-162, 1.0, 3.4806856947370053e-31, 2.3811682072885905e-104, 6.261037016547941e-20, 0.00013644051299347196, 3.357468797856696e-07, 0.9999999999998685, 1.0, 1.0, 2.3736048454672838e-15, 1.0, 1.0, 1.0, 1.0, 1.640838945327728e-89, 0.991788311926465, 0.9999999726520915, 0.9796831411061503, 1.0, 1.0, 1.0, 1.0, 1.0, 6.62854690148682e-101, 1.0, 1.0, 1.6811094408227673e-82, 1.0, 1.0, 3.3580884840256464e-217, 1.0, 1.0, 1.0, 1.0, 1.0, 1.0, 1.0, 1.0, 1.0, 1.0, 5.810414530629991e-48, 0.9999991463783167, 1.0, 1.0, 1.0, 1.0]"
Naive Bayes,21,5,"[1, 1, 0, 1, 1, 0, 0, 1, 1, 0, 0, 0, 1, 1, 1, 1, 0, 1, 0, 1, 0, 0, 1, 1, 0, 0, 0, 1, 0, 1, 1, 1, 0, 1, 1, 1, 0, 1, 1, 1, 1, 0, 1, 0, 1, 1, 1, 0, 1, 0, 1, 0, 0, 0, 0, 1, 0, 0, 1, 1, 0, 0, 0, 0, 0, 1, 1, 1, 0, 1, 1, 1, 1, 0, 1, 0, 1, 1, 1, 1, 1, 1, 1, 0, 1, 1, 1, 0, 1, 0, 0, 1, 1, 0, 0, 0, 1, 1, 1, 1, 0, 0, 1, 0, 1, 1, 1, 1, 1, 0, 1, 1, 1, 1, 1, 1, 1, 0, 0, 1, 1, 1, 1, 0, 0, 0, 1, 0, 0, 0, 1, 0, 0, 1, 0, 0, 1, 0, 0, 0, 1, 1, 1, 0]","[1, 1, 0, 1, 1, 0, 1, 1, 1, 1, 1, 0, 1, 1, 1, 1, 0, 1, 0, 1, 0, 0, 1, 1, 1, 0, 0, 1, 0, 1, 1, 1, 0, 1, 1, 1, 1, 1, 1, 1, 1, 1, 1, 1, 1, 1, 1, 0, 1, 0, 1, 0, 0, 0, 0, 1, 0, 1, 1, 1, 0, 0, 0, 0, 0, 1, 1, 1, 0, 1, 1, 1, 1, 0, 1, 0, 1, 1, 1, 1, 1, 1, 1, 0, 1, 1, 1, 0, 1, 0, 1, 1, 1, 0, 0, 0, 1, 1, 1, 1, 0, 0, 1, 0, 1, 1, 1, 1, 1, 1, 1, 1, 1, 1, 1, 1, 1, 1, 0, 1, 1, 1, 1, 0, 1, 1, 1, 1, 1, 0, 1, 0, 1, 1, 0, 0, 1, 0, 1, 1, 1, 1, 1, 0]","[1.0, 1.0, 5.908431488396324e-16, 1.0, 1.0, 8.883245000293151e-64, 1.0, 1.0, 1.0, 1.0, 1.0, 3.8850267589205854e-85, 1.0, 1.0, 0.9940266826500683, 1.0, 5.475170562354398e-55, 1.0, 9.078043385784384e-236, 0.9999999997922018, 1.0769864555873689e-119, 6.7115927389612645e-102, 1.0, 1.0, 0.977509462302649, 8.135578195322038e-28, 4.878137416926732e-214, 1.0, 1.4846850323962174e-111, 1.0, 1.0, 1.0, 2.2632317489685188e-135, 1.0, 1.0, 1.0, 0.9788381659673823, 0.9999999999970299, 1.0, 1.0, 1.0, 0.9999999994949107, 1.0, 1.0, 1.0, 1.0, 1.0, 0.0, 1.0, 3.324701903698366e-27, 1.0, 4.722571020569015e-89, 6.716791687312483e-132, 1.729965183051134e-132, 3.09859405204665e-199, 1.0, 6.345872519327924e-29, 0.5899038863424442, 1.0, 1.0, 0.0, 1.3707834953097401e-121, 7.382035211182976e-27, 1.8092608524085265e-34, 3.281681764503524e-08, 1.0, 0.9999999999951186, 1.0, 5.675347317351217e-164, 1.0, 1.0, 0.9999999999997584, 1.0, 4.795681210022175e-99, 1.0, 2.3672674072550245e-121, 1.0, 1.0, 1.0, 0.9999999999993427, 1.0, 1.0, 1.0, 0.0, 0.9999999965658191, 1.0, 1.0, 2.5933881563885324e-112, 1.0, 0.0, 0.9999999934805004, 1.0, 1.0, 5.840436220505913e-05, 7.731569936797008e-174, 2.1053576931029813e-180, 1.0, 1.0, 1.0, 1.0, 9.919515807979767e-143, 3.808007536589648e-51, 1.0, 3.1010162274930714e-12, 1.0, 0.9999999999935909, 0.9999999999996589, 1.0, 1.0, 1.0, 1.0, 0.9999999840261468, 1.0, 1.0, 1.0, 1.0, 1.0, 0.9999999264964741, 6.803959061179967e-176, 0.9999999999998792, 1.0, 1.0, 1.0, 5.95529620826162e-58, 0.9998601658467116, 1.0, 1.0, 1.0, 1.0, 1.495425960840055e-70, 1.0, 7.318573848353998e-193, 0.9999998672058242, 1.0, 8.753182359555348e-50, 0.10153593830000869, 1.0, 9.054622779892343e-273, 0.9995305906510377, 1.0, 1.0, 1.0, 0.9999912436721732, 2.1903648086393856e-30]"
Naive Bayes,22,5,"[0, 1, 0, 1, 0, 1, 1, 1, 1, 0, 0, 0, 1, 1, 1, 1, 1, 0, 1, 1, 1, 1, 1, 1, 1, 1, 1, 0, 0, 0, 0, 0, 1, 0, 0, 0, 0, 0, 0, 1, 0, 1, 0, 0, 0, 1, 0, 0, 1, 1, 1, 0, 1, 0, 1, 1, 0, 1, 0, 0, 1, 1, 1, 1, 1, 1, 1, 0, 1, 1, 1, 1, 1, 0, 1, 1, 1, 1, 1, 0, 0, 1, 0, 0, 1, 1, 1, 1, 1, 0, 0, 0, 0, 0, 0, 1, 1, 0, 1, 1, 1, 1, 0, 1, 1, 1, 1, 1, 1, 1, 1, 0, 0, 1, 1, 0, 0, 1, 1, 0, 0, 1, 1, 1, 1, 1, 1, 0, 1, 1, 1, 0, 1, 1, 1, 1, 0, 0, 1, 1, 1, 1, 0, 1]","[1, 1, 0, 0, 0, 0, 1, 1, 1, 1, 0, 0, 1, 1, 1, 1, 0, 0, 1, 1, 1, 1, 1, 1, 1, 1, 1, 0, 0, 0, 0, 0, 1, 0, 1, 0, 1, 1, 1, 1, 1, 0, 1, 1, 0, 1, 0, 0, 0, 1, 1, 0, 1, 0, 1, 0, 0, 1, 0, 0, 1, 1, 1, 1, 1, 1, 1, 0, 1, 1, 1, 1, 1, 0, 1, 1, 0, 1, 1, 0, 0, 1, 1, 1, 1, 1, 1, 1, 1, 0, 0, 1, 1, 0, 0, 1, 1, 1, 1, 1, 1, 0, 0, 1, 1, 1, 0, 1, 1, 1, 1, 1, 1, 1, 1, 0, 1, 1, 1, 0, 0, 1, 1, 1, 1, 1, 1, 0, 1, 1, 1, 0, 1, 0, 1, 1, 0, 0, 1, 1, 1, 1, 0, 0]","[1.0, 1.0, 4.185883570992723e-155, 1.2561631530478683e-39, 2.4752620409140912e-123, 2.220032130170663e-37, 1.0, 1.0, 1.0, 1.0, 0.0, 0.27475359653864245, 1.0, 1.0, 1.0, 1.0, 7.508338265094256e-37, 1.7618380729628754e-26, 1.0, 0.9999984435437772, 1.0, 1.0, 1.0, 1.0, 0.9999999999837428, 1.0, 1.0, 0.0013911636663750302, 6.303203513874505e-51, 2.7471949971106394e-130, 2.3671184382490966e-46, 4.2116461206477575e-72, 1.0, 2.1656370120280902e-06, 1.0, 6.339357821601688e-82, 0.8621728471493657, 0.9999998176175378, 1.0, 1.0, 0.9999994740406739, 9.946876649234706e-21, 0.999997457734706, 1.0, 3.034243295774013e-110, 1.0, 2.6814086357938984e-26, 0.0, 2.7085120487663947e-14, 0.9999999999899671, 1.0, 0.0, 1.0, 2.443909611635799e-245, 1.0, 0.0029357045489817914, 0.02135398158083393, 1.0, 0.0, 3.6670341558233522e-25, 1.0, 1.0, 1.0, 1.0, 1.0, 1.0, 1.0, 4.8733029126567705e-20, 1.0, 1.0, 1.0, 1.0, 1.0, 1.605099036488113e-77, 1.0, 1.0, 2.0296858103309837e-44, 1.0, 1.0, 3.9809060763170725e-29, 0.0, 1.0, 0.9999999999999432, 1.0, 1.0, 1.0, 0.9999997121917291, 1.0, 1.0, 4.982791920025432e-181, 1.3580866344880768e-14, 1.0, 1.0, 7.81247665140802e-191, 6.731971174826075e-142, 0.9999999999961062, 1.0, 1.0, 1.0, 1.0, 1.0, 8.626835735744771e-107, 5.153253218187801e-76, 1.0, 1.0, 1.0, 8.980848548551364e-08, 1.0, 1.0, 1.0, 1.0, 1.0, 0.9999999999996518, 1.0, 1.0, 0.0, 0.7783992412400692, 1.0, 1.0, 8.697190273578048e-227, 1.330802297350268e-167, 1.0, 1.0, 0.9999999999997478, 1.0, 1.0, 1.0, 2.0207319338451456e-17, 1.0, 1.0, 1.0, 0.002183201441319249, 1.0, 4.067777649328665e-11, 1.0, 1.0, 0.055835265911827026, 1.3185709373584267e-06, 1.0, 0.99999999997722, 1.0, 1.0, 3.3797864129053306e-252, 0.01862789715391077]"
Naive Bayes,23,5,"[1, 0, 1, 0, 1, 1, 1, 1, 0, 1, 0, 1, 0, 1, 1, 1, 1, 1, 1, 1, 1, 0, 0, 1, 1, 1, 1, 1, 1, 1, 0, 1, 1, 1, 1, 1, 0, 1, 1, 1, 0, 0, 1, 0, 1, 1, 1, 1, 0, 1, 0, 0, 1, 0, 1, 0, 1, 0, 1, 0, 1, 0, 1, 1, 1, 1, 1, 1, 1, 1, 0, 1, 0, 1, 1, 1, 1, 1, 0, 1, 1, 0, 1, 0, 1, 0, 1, 0, 1, 1, 1, 0, 1, 1, 1, 0, 0, 1, 0, 0, 0, 1, 0, 1, 1, 0, 0, 1, 0, 1, 1, 1, 1, 1, 0, 0, 0, 0, 0, 1, 1, 1, 0, 1, 1, 1, 0, 0, 0, 0, 0, 0, 1, 0, 0, 1, 0, 1, 0, 1, 1, 1, 1]","[1, 0, 1, 1, 1, 1, 1, 1, 0, 1, 1, 1, 0, 1, 1, 1, 1, 1, 1, 1, 1, 0, 0, 1, 1, 1, 1, 1, 1, 1, 0, 0, 1, 1, 1, 1, 1, 1, 1, 0, 0, 1, 1, 1, 1, 1, 0, 1, 1, 1, 0, 0, 1, 0, 1, 0, 1, 0, 1, 0, 1, 0, 1, 1, 1, 1, 1, 1, 1, 1, 1, 1, 1, 1, 1, 1, 1, 1, 0, 1, 1, 0, 1, 0, 1, 0, 1, 1, 1, 1, 0, 0, 1, 1, 0, 1, 0, 1, 0, 0, 1, 1, 1, 1, 1, 1, 0, 1, 1, 1, 1, 1, 1, 1, 1, 0, 0, 1, 1, 1, 1, 1, 0, 1, 1, 1, 0, 1, 1, 0, 0, 0, 1, 0, 1, 1, 0, 1, 1, 1, 1, 1, 1]","[1.0, 2.0114452828076129e-29, 1.0, 1.0, 1.0, 1.0, 1.0, 1.0, 7.055155420724762e-73, 1.0, 1.0, 1.0, 7.584863294535673e-71, 1.0, 1.0, 1.0, 0.9999911097716115, 1.0, 1.0, 1.0, 0.9999989969853033, 1.0076666129888098e-134, 9.394066214835922e-176, 1.0, 1.0, 1.0, 1.0, 1.0, 0.9999999999621352, 1.0, 0.0, 9.723724527978366e-06, 1.0, 1.0, 1.0, 1.0, 0.9999999999964615, 1.0, 1.0, 1.6391139695095317e-13, 8.145325351267594e-205, 1.0, 1.0, 0.9999999998359499, 1.0, 1.0, 0.00042557408598901513, 1.0, 1.0, 1.0, 2.0510419397267168e-30, 0.0, 1.0, 1.6260506163689454e-129, 0.9033612628537685, 2.5171868928907877e-132, 1.0, 0.0, 1.0, 0.0, 1.0, 0.45288877720174087, 1.0, 1.0, 1.0, 0.9999999999999929, 1.0, 1.0, 0.9999999999984581, 1.0, 0.9999999999999929, 1.0, 0.9959160663342719, 1.0, 1.0, 1.0, 1.0, 1.0, 1.0823164225416907e-157, 1.0, 1.0, 9.74780470728004e-38, 1.0, 8.044781617154532e-80, 1.0, 1.8522214596345125e-63, 1.0, 1.0, 1.0, 0.9999983496156707, 1.666262425303773e-27, 3.014349162247991e-119, 1.0, 1.0, 0.211335633053763, 1.0, 1.902500551585827e-55, 0.9981107260978883, 0.0, 0.0, 0.9999999999999574, 1.0, 1.0, 1.0, 1.0, 1.0, 1.865491718386298e-83, 1.0, 1.0, 1.0, 1.0, 1.0, 1.0, 1.0, 0.9999641405968099, 1.0737095461003676e-49, 2.1590719030807823e-28, 0.9999999999999503, 0.9999999999996483, 1.0, 1.0, 1.0, 6.247564051409189e-82, 1.0, 1.0, 1.0, 1.783046655802079e-99, 0.9999999991014832, 1.0, 1.3296677814731432e-05, 1.486951913075205e-222, 0.0, 1.0, 6.9320723724277866e-46, 1.0, 1.0, 2.664427371351946e-35, 1.0, 1.0, 1.0, 1.0, 1.0, 1.0]"
Naive Bayes,24,5,"[0, 1, 1, 1, 1, 0, 0, 1, 0, 1, 1, 1, 0, 1, 0, 1, 1, 0, 1, 1, 1, 1, 1, 1, 1, 1, 0, 1, 1, 1, 1, 1, 0, 1, 0, 1, 0, 1, 1, 1, 0, 1, 1, 1, 1, 1, 1, 1, 1, 1, 1, 1, 1, 0, 1, 1, 0, 1, 1, 1, 0, 0, 1, 1, 0, 1, 1, 0, 1, 1, 1, 1, 1, 0, 0, 1, 1, 1, 1, 1, 1, 1, 1, 1, 1, 1, 0, 1, 0, 0, 1, 0, 1, 0, 0, 1, 0, 1, 1, 1, 1, 1, 0, 1, 1, 1, 1, 1, 1, 0, 0, 1, 1, 1, 1, 1, 1, 1, 0, 0, 1, 1, 1, 0, 0, 1, 1, 1, 0, 0, 1, 1, 1, 0, 1, 1, 0, 1, 0, 0, 0, 1, 0]","[1, 1, 1, 1, 1, 0, 0, 1, 0, 1, 1, 0, 0, 1, 0, 1, 1, 1, 1, 1, 1, 1, 1, 1, 1, 1, 0, 1, 1, 1, 1, 1, 1, 1, 1, 1, 0, 0, 1, 1, 1, 0, 1, 1, 1, 1, 1, 1, 1, 1, 1, 1, 1, 1, 1, 1, 0, 1, 1, 1, 0, 1, 0, 1, 0, 1, 1, 0, 0, 1, 1, 1, 1, 0, 0, 1, 1, 1, 1, 1, 1, 1, 1, 1, 1, 1, 0, 1, 0, 0, 1, 0, 1, 1, 1, 1, 0, 0, 1, 1, 1, 1, 0, 1, 1, 1, 1, 1, 1, 0, 1, 0, 1, 0, 1, 0, 1, 1, 1, 1, 1, 1, 1, 0, 0, 1, 1, 1, 0, 1, 1, 1, 1, 1, 0, 1, 1, 1, 1, 0, 0, 1, 0]","[1.0, 1.0, 1.0, 0.9999999999999929, 1.0, 1.80900236127e-313, 1.0139280439820065e-06, 1.0, 1.7366195859629593e-129, 1.0, 1.0, 1.2073910956103198e-05, 0.0, 1.0, 0.0, 1.0, 1.0, 0.9999999999999076, 1.0, 1.0, 1.0, 1.0, 1.0, 0.9999999942950737, 1.0, 1.0, 4.489739240223508e-125, 1.0, 1.0, 1.0, 1.0, 1.0, 1.0, 1.0, 1.0, 1.0, 1.25393927e-315, 3.155320738451059e-73, 1.0, 1.0, 1.0, 4.3420963884410366e-14, 1.0, 1.0, 1.0, 1.0, 1.0, 1.0, 1.0, 1.0, 1.0, 1.0, 1.0, 0.9999999966242683, 1.0, 1.0, 1.7693293012211923e-192, 1.0, 1.0, 1.0, 4.276177598626222e-26, 1.0, 1.3689242639070109e-33, 0.9999999763308555, 6.376136054111289e-121, 0.9999999999753335, 0.9999999999999929, 8.662014344241658e-227, 0.0, 1.0, 1.0, 1.0, 1.0, 3.467379144632268e-211, 1.0502523899081475e-53, 1.0, 1.0, 1.0, 1.0, 1.0, 1.0, 1.0, 1.0, 1.0, 1.0, 1.0, 1.0815306132976737e-50, 1.0, 3.749703168831489e-234, 0.0, 1.0, 8.68951742003729e-31, 1.0, 1.0, 1.0, 1.0, 2.3894215030936013e-18, 1.172321022061715e-21, 1.0, 1.0, 1.0, 1.0, 2.9817450860739073e-25, 1.0, 1.0, 1.0, 1.0, 0.999999616972192, 1.0, 1.2551863796776e-159, 1.0, 7.843080851878367e-11, 1.0, 0.07581271533115662, 0.9999999999916156, 4.7887652774644135e-30, 1.0, 1.0, 1.0, 1.0, 1.0, 1.0, 1.0, 1.99e-321, 0.0, 1.0, 1.0, 1.0, 1.8564349290398448e-10, 1.0, 1.0, 1.0, 1.0, 1.0, 3.877028962157901e-107, 0.9999999999999787, 1.0, 1.0, 1.0, 3.4594111458862136e-34, 0.0, 0.9999999999982236, 1.9745965462734709e-202]"
Naive Bayes,25,5,"[0, 0, 1, 1, 1, 1, 1, 0, 1, 1, 1, 1, 1, 1, 1, 0, 0, 0, 1, 1, 1, 1, 1, 1, 1, 1, 1, 0, 0, 1, 1, 1, 1, 0, 1, 0, 0, 1, 1, 1, 1, 1, 1, 0, 1, 0, 1, 1, 0, 1, 0, 1, 0, 0, 1, 0, 1, 1, 1, 0, 1, 1, 1, 1, 1, 0, 0, 0, 0, 0, 1, 1, 1, 1, 1, 1, 1, 1, 1, 0, 1, 1, 1, 0, 1, 1, 1, 1, 1, 1, 1, 0, 1, 1, 1, 1, 1, 1, 0, 0, 1, 1, 1, 1, 1, 1, 0, 0, 0, 1, 1, 0, 1, 1, 0, 1, 0, 1, 0, 1, 1, 1, 0, 1, 0, 1, 0, 0, 0, 1, 1, 1, 1, 1, 1, 0, 0, 1, 0, 1, 0, 1, 1]","[1, 1, 1, 1, 1, 1, 1, 0, 1, 0, 1, 1, 1, 1, 1, 0, 1, 0, 1, 1, 1, 1, 1, 1, 1, 1, 1, 0, 1, 1, 1, 1, 1, 1, 1, 0, 0, 1, 1, 0, 1, 1, 1, 1, 1, 1, 0, 1, 1, 1, 1, 1, 0, 0, 1, 0, 1, 1, 1, 1, 1, 1, 1, 0, 1, 0, 1, 1, 0, 0, 1, 1, 1, 0, 1, 1, 1, 1, 1, 1, 1, 1, 1, 0, 1, 1, 1, 1, 1, 1, 1, 0, 0, 1, 1, 1, 1, 1, 0, 0, 0, 1, 1, 1, 1, 1, 1, 0, 1, 1, 1, 1, 1, 1, 0, 1, 0, 1, 1, 1, 1, 1, 0, 1, 0, 1, 1, 1, 0, 1, 1, 1, 1, 1, 1, 0, 1, 1, 0, 1, 0, 1, 1]","[0.9999996000810558, 1.0, 1.0, 0.9999998459216192, 1.0, 1.0, 1.0, 7.812136686481025e-54, 0.9999999999999964, 6.604290867723318e-08, 1.0, 1.0, 1.0, 1.0, 1.0, 4.939475489913315e-16, 0.9999657774160065, 9.710494584207847e-46, 1.0, 0.9999999999110116, 1.0, 1.0, 1.0, 1.0, 1.0, 1.0, 1.0, 4.517098541476704e-20, 1.0, 1.0, 1.0, 1.0, 0.999993351461381, 0.9999999999997371, 1.0, 1.0396583931243365e-65, 2.394495307132331e-41, 1.0, 1.0, 5.130697784438956e-16, 1.0, 1.0, 1.0, 0.9999990956702444, 1.0, 1.0, 2.4846960928221545e-114, 1.0, 1.0, 1.0, 0.9250132807879851, 0.9634981846245284, 2.4009165311624775e-77, 1.791695009731622e-194, 0.9842024571199883, 3.503030356166813e-11, 1.0, 0.9999984805231497, 1.0, 0.999999995229345, 1.0, 1.0, 0.9999999999910187, 1.5514926824849868e-103, 1.0, 1.2786654673060177e-57, 1.0, 1.0, 3.6478032674447256e-70, 4.721464726029942e-42, 1.0, 1.0, 0.9999999999995026, 3.2689318257757462e-24, 1.0, 1.0, 1.0, 0.9999999999999858, 1.0, 1.0, 1.0, 1.0, 1.0, 1.5846297156975519e-99, 1.0, 1.0, 1.0, 1.0, 1.0, 1.0, 1.0, 0.012383381983186876, 5.201562030808957e-20, 1.0, 1.0, 1.0, 1.0, 1.0, 0.0, 3.6668345804748446e-167, 9.815009514916175e-06, 1.0, 0.9999999999999147, 1.0, 1.0, 1.0, 0.9999999699157773, 7.685041102786633e-77, 1.0, 1.0, 1.0, 1.0, 1.0, 1.0, 8.856629629681158e-10, 1.0, 1.0825863894414674e-110, 1.0, 0.8442584212915756, 1.0, 1.0, 1.0, 1.2743817655522333e-236, 1.0, 9.146925081641846e-41, 1.0, 1.0, 0.9999999972144522, 0.0, 1.0, 1.0, 1.0, 1.0, 1.0, 1.0, 1.1259160570150234e-52, 0.9999985236392162, 1.0, 1.4337479110631105e-110, 1.0, 3.8005532994580707e-168, 1.0, 1.0]"
Naive Bayes,26,6,"[1, 0, 0, 0, 1, 1, 1, 1, 0, 1, 0, 1, 1, 0, 1, 0, 1, 1, 1, 0, 0, 1, 1, 1, 1, 0, 1, 1, 1, 1, 1, 0, 1, 1, 0, 1, 1, 1, 0, 1, 1, 0, 1, 1, 1, 1, 0, 1, 0, 1, 1, 1, 0, 1, 1, 0, 0, 1, 0, 0, 1, 0, 0, 1, 0, 0, 0, 1, 1, 0, 1, 1, 1, 1, 1, 0, 1, 1, 0, 1, 0, 0, 1, 1, 0, 1, 1, 1, 0, 1, 1, 0, 0, 0, 0, 0, 1, 0, 1, 0, 1, 1, 1, 1, 1, 1, 1, 1, 1, 1, 0, 1, 0, 0, 0, 1, 1, 1, 0, 1, 0, 1, 0, 0, 0, 0, 1, 0, 1, 1, 1, 1, 0, 0, 1, 0, 0, 0, 0, 0, 1, 1, 0, 0]","[1, 0, 0, 1, 1, 1, 1, 1, 1, 1, 0, 1, 1, 0, 1, 0, 1, 1, 1, 0, 0, 1, 1, 1, 1, 0, 1, 1, 1, 1, 1, 0, 1, 1, 0, 1, 1, 1, 0, 0, 1, 0, 1, 1, 1, 0, 1, 1, 1, 1, 1, 1, 0, 1, 0, 0, 0, 1, 0, 0, 1, 0, 0, 1, 0, 0, 0, 1, 1, 0, 0, 1, 1, 1, 1, 0, 1, 1, 0, 1, 0, 0, 1, 1, 1, 1, 1, 1, 0, 1, 1, 0, 0, 0, 0, 1, 1, 0, 1, 1, 1, 1, 1, 1, 1, 1, 1, 1, 1, 1, 1, 1, 0, 0, 0, 1, 1, 1, 1, 1, 0, 1, 1, 1, 0, 1, 1, 0, 1, 1, 1, 0, 0, 1, 0, 0, 0, 1, 0, 1, 1, 1, 0, 0]","[1.0, 1.146379824515084e-179, 2.3930720741311077e-104, 1.0, 1.0, 1.0, 1.0, 1.0, 1.0, 1.0, 7.761261739176913e-155, 1.0, 1.0, 2.541477014252428e-94, 1.0, 0.0, 0.999867678878314, 1.0, 1.0, 9.104674064171669e-246, 3.5634675967227385e-216, 0.9853816442627094, 1.0, 0.999999999999936, 1.0, 0.0, 1.0, 1.0, 1.0, 1.0, 1.0, 7.055011105052455e-61, 1.0, 0.9999948648807091, 0.0, 1.0, 1.0, 1.0, 0.0013596689882711794, 3.0348338583931206e-29, 1.0, 8.188535456480866e-178, 1.0, 1.0, 1.0, 1.0038234721265702e-08, 1.0, 1.0, 1.0, 1.0, 1.0, 1.0, 0.0, 1.0, 0.029455010406579153, 4.5632440251905005e-268, 0.0, 1.0, 3.493618492304851e-45, 2.919289915312212e-05, 1.0, 0.0, 3.0082678815079776e-264, 1.0, 3.960575499355044e-42, 2.0345344578987623e-57, 1.2470327056507753e-27, 1.0, 1.0, 2.6762179202433893e-237, 0.0, 1.0, 0.9999999999999964, 1.0, 1.0, 4.480892235073226e-47, 1.0, 1.0, 0.0, 1.0, 1.0246902001670493e-100, 3.165727389240384e-230, 1.0, 1.0, 0.9999999998942286, 1.0, 1.0, 1.0, 0.0, 1.0, 1.0, 0.0, 3.438326331129e-294, 2.1827969154436156e-291, 6.301277442364626e-92, 0.9999999999999893, 1.0, 6.198368903105697e-82, 0.9999999999999432, 1.0, 1.0, 0.9999999993068371, 1.0, 1.0, 1.0, 1.0, 1.0, 1.0, 1.0, 1.0, 1.0, 1.0, 0.0, 0.0, 0.0, 1.0, 1.0, 1.0, 0.9999844729220043, 1.0, 0.0, 1.0, 1.0, 1.0, 1.0992605596522593e-140, 1.0, 1.0, 0.0, 1.0, 1.0, 1.0, 2.3806931156713007e-11, 9.516170954969195e-52, 1.0, 1.1216762815897193e-95, 3.8020072900093e-82, 0.017769396912811528, 1.0, 0.0, 0.9999589123785899, 1.0, 0.9999875517166531, 5.124178577164578e-44, 8.408726036235028e-184]"
Naive Bayes,27,6,"[0, 1, 0, 0, 0, 1, 0, 1, 1, 0, 1, 1, 0, 0, 1, 1, 1, 1, 1, 1, 1, 0, 1, 1, 1, 1, 1, 1, 1, 0, 1, 1, 1, 1, 0, 0, 0, 0, 1, 1, 0, 0, 1, 1, 1, 0, 1, 1, 0, 1, 1, 0, 0, 0, 1, 1, 1, 0, 1, 1, 0, 0, 1, 1, 0, 1, 1, 1, 1, 0, 0, 1, 1, 1, 1, 1, 1, 1, 1, 0, 0, 1, 1, 1, 1, 1, 1, 0, 1, 1, 0, 0, 0, 1, 1, 0, 0, 1, 1, 0, 0, 0, 1, 1, 0, 1, 1, 1, 0, 1, 0, 1, 0, 1, 0, 0, 0, 0, 1, 1, 1, 1, 0, 1, 1, 1, 0, 0, 1, 0, 0, 0, 1, 1, 1, 1, 1, 0, 0, 1, 1, 1, 1]","[1, 1, 1, 0, 1, 1, 0, 0, 1, 1, 1, 1, 0, 0, 1, 1, 1, 1, 1, 1, 1, 0, 1, 1, 1, 1, 1, 1, 1, 0, 1, 1, 1, 1, 1, 0, 1, 0, 1, 1, 1, 1, 1, 1, 1, 1, 1, 1, 1, 1, 0, 0, 1, 0, 1, 1, 0, 0, 1, 1, 1, 0, 1, 1, 1, 1, 1, 1, 1, 0, 0, 1, 1, 1, 1, 1, 1, 1, 1, 0, 0, 1, 1, 1, 1, 1, 1, 0, 1, 1, 1, 0, 0, 1, 1, 0, 1, 1, 1, 1, 0, 1, 1, 1, 1, 1, 1, 1, 1, 1, 1, 1, 1, 1, 1, 0, 0, 1, 1, 1, 1, 1, 1, 1, 1, 1, 1, 1, 1, 1, 0, 1, 1, 1, 1, 1, 1, 1, 0, 1, 1, 1, 1]","[1.0, 1.0, 0.9999992593667997, 8.481027822315406e-25, 1.0, 1.0, 7.31764075199574e-136, 1.9976632785344305e-12, 1.0, 1.0, 1.0, 1.0, 0.14311685595677912, 1.0080192587790285e-73, 0.9999999999999929, 1.0, 0.988884869405446, 1.0, 1.0, 1.0, 1.0, 4.88852156548054e-22, 1.0, 0.9999999995816324, 1.0, 1.0, 1.0, 1.0, 1.0, 1.70357083804582e-63, 1.0, 1.0, 1.0, 1.0, 1.0, 8.353711609190691e-73, 0.9942795269805179, 2.8533190118779717e-156, 1.0, 1.0, 0.9999999870252837, 0.999999999977625, 1.0, 1.0, 1.0, 0.9999999999735181, 1.0, 1.0, 1.0, 1.0, 3.2742312494225945e-11, 2.22744406511173e-130, 0.9999999935581911, 0.0, 1.0, 1.0, 0.08817769639465248, 0.323457876859886, 1.0, 0.9999999999993747, 0.5526741617647776, 6.56708851643996e-17, 0.9999999999998863, 1.0, 1.0, 1.0, 1.0, 0.999999999270095, 1.0, 5.0852027068737e-64, 2.7696181355423544e-27, 1.0, 0.9999999999999964, 1.0, 1.0, 1.0, 1.0, 1.0, 1.0, 1.51411650039955e-158, 1.4178131657393877e-25, 1.0, 1.0, 1.0, 1.0, 1.0, 1.0, 0.0, 1.0, 0.9999999867346788, 1.0, 2.9576740722157135e-06, 7.787788075743544e-189, 1.0, 1.0, 2.774147250157154e-175, 1.0, 0.999999999999801, 1.0, 1.0, 1.1038802752901786e-67, 1.0, 0.9999999999999929, 1.0, 1.0, 1.0, 1.0, 1.0, 1.0, 1.0, 1.0, 1.0, 1.0, 1.0, 0.9999999999999929, 2.3787700877922275e-50, 1.2059631107167795e-28, 0.9999999511278913, 1.0, 1.0, 1.0, 1.0, 1.0, 1.0, 1.0, 1.0, 1.0, 1.0, 1.0, 0.9999999974671425, 0.15031477797833423, 1.0, 1.0, 1.0, 1.0, 1.0, 1.0, 1.0, 5.419309849895927e-27, 1.0, 0.99999999999865, 1.0, 1.0]"
Naive Bayes,28,6,"[1, 0, 1, 1, 1, 1, 1, 0, 0, 1, 0, 1, 1, 1, 1, 0, 1, 1, 1, 1, 0, 1, 0, 0, 1, 1, 0, 0, 1, 0, 0, 1, 1, 0, 0, 1, 0, 1, 0, 1, 1, 0, 1, 0, 1, 1, 1, 1, 1, 1, 0, 1, 0, 1, 1, 1, 1, 1, 0, 1, 1, 1, 0, 0, 0, 1, 1, 0, 1, 1, 1, 0, 1, 0, 1, 1, 1, 1, 1, 1, 1, 1, 1, 1, 0, 1, 1, 1, 1, 1, 1, 1, 0, 1, 1, 0, 1, 1, 0, 0, 1, 1, 1, 1, 1, 1, 0, 1, 1, 0, 0, 0, 1, 1, 1, 1, 0, 0, 0, 0, 1, 1, 0, 0, 1, 1, 0, 0, 0, 1, 0, 1, 1, 0, 1, 0, 0, 1, 1, 0, 1, 0, 1]","[1, 0, 1, 0, 1, 1, 1, 0, 1, 1, 1, 1, 1, 1, 1, 0, 1, 1, 1, 1, 0, 1, 1, 0, 1, 1, 0, 0, 1, 0, 1, 0, 1, 0, 0, 1, 1, 1, 1, 0, 1, 1, 1, 1, 0, 0, 1, 1, 1, 1, 0, 1, 0, 1, 1, 1, 1, 1, 0, 1, 1, 1, 1, 0, 0, 0, 1, 1, 1, 1, 1, 1, 1, 0, 1, 1, 1, 1, 1, 1, 1, 0, 1, 1, 0, 1, 1, 1, 1, 1, 1, 1, 1, 1, 0, 0, 1, 1, 1, 0, 1, 1, 1, 1, 1, 1, 0, 1, 1, 1, 1, 1, 1, 1, 1, 1, 1, 1, 0, 1, 1, 1, 0, 0, 1, 1, 0, 0, 1, 1, 0, 1, 1, 1, 1, 1, 0, 1, 1, 0, 1, 0, 1]","[1.0, 3.268628868705341e-19, 1.0, 6.2183822275046415e-40, 1.0, 1.0, 1.0, 0.0, 0.9946093627009979, 1.0, 1.0, 1.0, 1.0, 1.0, 1.0, 2.0097119304242223e-226, 0.999999999985377, 0.9999999999397886, 1.0, 1.0, 1.831277579039717e-154, 1.0, 0.9820300162824681, 1.4351026573425027e-31, 1.0, 1.0, 0.26841442293681955, 1.9235203695068057e-124, 1.0, 1.4572726588488424e-82, 0.9999999999998153, 3.0859910771262744e-08, 1.0, 0.00031944313095980787, 1.5515579532600071e-65, 1.0, 0.9999999999984652, 1.0, 0.9999999920372247, 8.453244209537544e-51, 1.0, 1.0, 0.9999999999998046, 0.9999999765235688, 6.186749644631672e-13, 8.349096527656507e-12, 1.0, 1.0, 1.0, 1.0, 3.0389604318709617e-23, 1.0, 2.287110503321013e-74, 1.0, 1.0, 1.0, 0.9532269504863033, 1.0, 1.2783255370771557e-111, 1.0, 1.0, 1.0, 1.0, 3.690721324805519e-57, 0.0, 3.688559240032372e-24, 1.0, 1.0, 1.0, 1.0, 1.0, 1.0, 1.0, 3.382222409209364e-124, 1.0, 1.0, 1.0, 1.0, 1.0, 0.9999999999997016, 1.0, 1.7748825452410567e-43, 1.0, 1.0, 2.0066973704078325e-118, 0.9999999987426378, 1.0, 1.0, 1.0, 1.0, 1.0, 1.0, 1.0, 1.0, 2.7807989819245636e-31, 1.465584408587515e-197, 1.0, 1.0, 1.0, 7.662710732313846e-17, 1.0, 1.0, 1.0, 1.0, 1.0, 1.0, 7.391764150160308e-99, 0.9250205046464257, 1.0, 1.0, 1.0, 1.0, 1.0, 1.0, 1.0, 1.0, 0.9999999999999929, 0.9999999999999218, 2.4348313980746788e-67, 0.9994502469140844, 1.0, 1.0, 1.1000021377412335e-88, 3.257411844619462e-164, 0.9999999999999822, 1.0, 4.139470887646827e-110, 2.0254672236287206e-15, 0.9999999888874812, 1.0, 0.0, 1.0, 1.0, 0.9999995114597041, 1.0, 1.0, 0.0004977930396150447, 1.0, 1.0, 0.0, 0.9999999994074642, 5.252251784507298e-252, 1.0]"
Naive Bayes,29,6,"[1, 1, 0, 1, 1, 1, 1, 1, 0, 0, 1, 0, 1, 1, 1, 1, 0, 1, 0, 1, 1, 1, 1, 1, 1, 0, 1, 1, 1, 1, 0, 1, 1, 1, 0, 0, 1, 0, 1, 1, 1, 1, 0, 1, 0, 0, 0, 1, 0, 1, 1, 1, 0, 1, 1, 0, 1, 1, 1, 1, 1, 1, 1, 0, 0, 1, 0, 0, 1, 1, 0, 1, 1, 1, 1, 1, 1, 0, 0, 0, 1, 1, 1, 1, 1, 1, 1, 0, 1, 1, 0, 0, 1, 0, 1, 1, 1, 0, 1, 1, 1, 1, 0, 0, 0, 1, 1, 1, 1, 1, 1, 1, 1, 0, 1, 1, 0, 1, 1, 1, 0, 1, 1, 0, 1, 1, 1, 1, 0, 1, 0, 0, 1, 0, 0, 1, 1, 1, 1, 1, 0, 1, 1]","[1, 1, 1, 1, 1, 1, 1, 1, 1, 0, 1, 0, 1, 1, 0, 1, 1, 1, 0, 1, 1, 1, 1, 1, 1, 0, 1, 1, 1, 1, 0, 1, 1, 0, 0, 1, 1, 1, 0, 1, 1, 1, 1, 1, 0, 0, 0, 1, 0, 1, 1, 1, 0, 1, 1, 0, 1, 0, 1, 1, 1, 1, 1, 0, 0, 1, 0, 0, 1, 1, 1, 1, 1, 1, 1, 1, 1, 1, 1, 0, 1, 1, 1, 1, 1, 1, 1, 0, 1, 1, 0, 0, 1, 0, 1, 0, 1, 0, 0, 1, 1, 1, 0, 0, 0, 1, 1, 1, 0, 1, 1, 1, 0, 0, 1, 0, 1, 1, 1, 1, 1, 1, 1, 0, 1, 1, 1, 1, 0, 1, 0, 1, 1, 0, 0, 1, 1, 1, 1, 1, 0, 1, 1]","[1.0, 1.0, 1.0, 0.9999976165606466, 0.9999999999999005, 1.0, 1.0, 1.0, 1.0, 2.7742873277292884e-77, 1.0, 1.229419316516435e-79, 1.0, 1.0, 6.494562366577192e-35, 1.0, 0.9999999999227995, 1.0, 9.936606539949738e-199, 0.9999999999999218, 1.0, 1.0, 1.0, 1.0, 0.9999999987497148, 9.405233947288484e-132, 1.0, 0.999999999999929, 1.0, 1.0, 1.3560908138066003e-159, 1.0, 1.0, 1.0399461544908838e-16, 5.045891077679444e-231, 1.0, 1.0, 1.0, 1.6586659444626376e-114, 1.0, 1.0, 1.0, 1.0, 1.0, 0.0, 0.0, 0.35917341749096254, 1.0, 2.1328253740251208e-33, 0.9999999999999964, 1.0, 0.6255559758235827, 0.0, 1.0, 1.0, 0.0, 1.0, 1.9339339845113882e-104, 1.0, 1.0, 1.0, 1.0, 1.0, 1.5496361076852862e-191, 4.1897206198918223e-78, 1.0, 4.694033381080203e-19, 1.467504494903879e-117, 1.0, 0.9999999999793587, 0.9698270700771934, 1.0, 1.0, 1.0, 1.0, 1.0, 1.0, 0.9999999999999716, 1.0, 1.2361301908442247e-89, 1.0, 1.0, 1.0, 1.0, 1.0, 1.0, 1.0, 7.451616461320553e-179, 1.0, 1.0, 1.1691731542195328e-35, 4.817915256159733e-115, 0.9999867515977403, 4.3719204522771954e-135, 1.0, 0.01816385629682866, 1.0, 8.853646742062286e-168, 6.942632684008266e-07, 1.0, 1.0, 0.9836697804676775, 1.37809791970391e-16, 0.0, 0.0, 1.0, 0.9999998852067543, 1.0, 4.851488978020272e-09, 1.0, 1.0, 1.0, 0.4608792177683764, 1.5880564629239156e-77, 0.9999999994442774, 8.933305486736398e-23, 0.9998726621607034, 1.0, 1.0, 1.0, 1.0, 1.0, 1.0, 2.477847845769234e-11, 1.0, 1.0, 1.0, 1.0, 2.494878470559326e-236, 1.0, 2.652036065410318e-42, 0.9999999967700433, 1.0, 1.523313204448132e-227, 1.6023148138626778e-249, 0.999999999999936, 1.0, 1.0, 1.0, 1.0, 6.335958285402136e-112, 1.0, 1.0]"
Naive Bayes,30,6,"[0, 1, 1, 1, 0, 0, 1, 1, 1, 1, 0, 1, 1, 1, 0, 0, 0, 1, 1, 1, 1, 1, 1, 1, 1, 0, 0, 0, 1, 1, 1, 1, 1, 0, 0, 1, 1, 1, 0, 0, 1, 1, 0, 1, 1, 1, 0, 1, 1, 0, 0, 0, 0, 0, 0, 1, 1, 1, 1, 0, 1, 1, 0, 1, 1, 1, 1, 1, 1, 1, 1, 1, 0, 1, 1, 1, 0, 1, 0, 1, 1, 0, 1, 1, 0, 1, 1, 1, 1, 0, 1, 1, 0, 1, 0, 1, 0, 1, 1, 1, 1, 1, 1, 1, 1, 1, 1, 1, 1, 0, 1, 1, 0, 1, 0, 1, 1, 1, 1, 1, 0, 1, 0, 1, 0, 1, 0, 1, 1, 1, 0, 1, 0, 1, 1, 1, 1, 0, 0, 1, 1, 0, 0, 1]","[1, 1, 1, 1, 0, 0, 1, 0, 0, 1, 0, 1, 1, 1, 0, 1, 0, 1, 1, 1, 1, 1, 1, 1, 1, 0, 0, 1, 1, 1, 1, 1, 1, 1, 1, 1, 1, 1, 0, 1, 1, 1, 1, 1, 1, 1, 0, 1, 1, 1, 0, 0, 0, 0, 0, 1, 1, 1, 1, 0, 1, 1, 0, 1, 1, 1, 1, 1, 1, 1, 0, 1, 0, 1, 1, 1, 1, 1, 0, 1, 1, 0, 1, 1, 0, 1, 1, 1, 1, 0, 0, 1, 1, 1, 1, 1, 0, 1, 0, 1, 1, 1, 1, 0, 1, 1, 1, 1, 1, 0, 1, 1, 0, 1, 1, 1, 1, 1, 1, 1, 0, 1, 0, 1, 0, 1, 0, 1, 1, 1, 0, 1, 0, 1, 1, 1, 1, 1, 0, 1, 1, 0, 0, 0]","[1.0, 1.0, 1.0, 1.0, 4.608528513099108e-153, 7.352657144750539e-51, 0.999999999999929, 5.546369396396637e-05, 0.001785169638700181, 1.0, 4.012444980043041e-176, 1.0, 1.0, 1.0, 4.662049752679032e-16, 0.9996973275547533, 3.0072771358049387e-43, 1.0, 1.0, 1.0, 1.0, 1.0, 1.0, 0.9999999999199716, 1.0, 3.9305588690450173e-41, 1.4683651221886867e-19, 1.0, 1.0, 1.0, 1.0, 1.0, 1.0, 1.0, 0.9999999999999574, 1.0, 1.0, 1.0, 9.90864429343546e-40, 1.0, 1.0, 1.0, 0.9999928994118285, 1.0, 1.0, 1.0, 3.535235103091886e-32, 1.0, 0.9999999999949765, 0.9999999999006377, 4.688750472528408e-177, 5.859081022879211e-97, 1.7224399361355727e-135, 4.160346878074376e-142, 2.0766580724614362e-11, 1.0, 0.9999884425340438, 1.0, 1.0, 5.667345316776766e-227, 1.0, 1.0, 2.0655739074443256e-09, 1.0, 1.0, 0.9999999999976339, 0.9999999930642716, 1.0, 1.0, 0.9999999999978684, 1.7517847855917903e-23, 1.0, 3.4760144212333877e-69, 1.0, 1.0, 1.0, 1.0, 1.0, 0.0, 1.0, 1.0, 2.558802991495955e-39, 1.0, 1.0, 9.881309041134937e-94, 1.0, 1.0, 1.0, 1.0, 0.004133567865094043, 1.3635745707570371e-18, 1.0, 0.9855417129718357, 1.0, 1.0, 1.0, 5.893293474471766e-22, 0.9999999999983409, 7.956476457963199e-20, 1.0, 1.0, 1.0, 1.0, 9.696679415530331e-97, 1.0, 1.0, 1.0, 1.0, 1.0, 3.306534634527641e-25, 1.0, 1.0, 2.781634110758364e-87, 1.0, 0.9999997188172398, 1.0, 1.0, 1.0, 0.9999999999999254, 1.0, 4.207371023965151e-142, 1.0, 7.506158675505517e-103, 1.0, 0.4389169257065491, 0.9999999999999964, 3.4312484898314914e-08, 1.0, 1.0, 1.0, 2.539913267256771e-06, 1.0, 2.4457039328462675e-48, 1.0, 1.0, 1.0, 1.0, 1.0, 6.268984972388447e-50, 1.0, 1.0, 0.28022670613689293, 3.877103166712971e-156, 0.14108137882712457]"
Naive Bayes,31,7,"[1, 1, 1, 0, 1, 1, 1, 1, 1, 0, 1, 1, 1, 1, 1, 1, 1, 0, 1, 0, 1, 1, 1, 0, 1, 1, 1, 0, 1, 1, 1, 1, 1, 0, 1, 1, 1, 1, 0, 1, 1, 0, 1, 1, 1, 1, 0, 1, 1, 0, 0, 0, 0, 1, 1, 0, 0, 0, 0, 1, 0, 1, 1, 1, 0, 1, 1, 1, 1, 1, 1, 1, 1, 1, 0, 1, 1, 1, 1, 1, 1, 1, 1, 1, 1, 0, 0, 1, 1, 0, 0, 0, 1, 0, 1, 0, 1, 1, 1, 1, 0, 1, 1, 0, 1, 0, 1, 0, 0, 1, 1, 0, 0, 1, 1, 1, 1, 0, 0, 0, 1, 0, 0, 0, 0, 1, 0, 0, 1, 1, 0, 1, 0, 0, 1, 1, 0, 1, 1, 0, 1, 0, 1]","[1, 1, 1, 0, 1, 1, 1, 1, 1, 1, 1, 1, 1, 1, 1, 1, 1, 1, 1, 0, 1, 1, 1, 0, 1, 1, 1, 0, 1, 1, 1, 1, 1, 1, 1, 1, 1, 1, 0, 0, 1, 1, 1, 1, 1, 1, 0, 1, 1, 0, 0, 1, 1, 1, 1, 0, 0, 0, 0, 0, 0, 1, 1, 1, 0, 1, 1, 1, 1, 1, 1, 1, 1, 1, 0, 1, 1, 1, 1, 1, 1, 1, 1, 1, 1, 0, 0, 1, 1, 0, 0, 1, 1, 0, 1, 0, 1, 1, 1, 1, 1, 1, 1, 1, 1, 1, 1, 1, 1, 1, 1, 0, 0, 1, 1, 1, 1, 0, 0, 1, 1, 1, 0, 1, 1, 1, 0, 0, 1, 1, 0, 1, 1, 0, 1, 1, 0, 1, 1, 0, 1, 0, 1]","[1.0, 1.0, 1.0, 1.2804300304740965e-103, 1.0, 1.0, 1.0, 1.0, 1.0, 0.9755886296546359, 1.0, 1.0, 1.0, 1.0, 1.0, 1.0, 1.0, 0.9796151566092239, 1.0, 1.0699887129713515e-217, 1.0, 1.0, 1.0, 9.823337708723006e-38, 1.0, 0.9999999999999787, 1.0, 1.8475998737928202e-137, 1.0, 1.0, 0.9999919920211838, 1.0, 1.0, 0.999999999997037, 1.0, 1.0, 1.0, 1.0, 0.24289848752164495, 5.315939158291191e-14, 1.0, 1.0, 1.0, 1.0, 1.0, 1.0, 0.0, 1.0, 1.0, 7.39955007381414e-91, 6.978896946723391e-30, 0.6785945409366377, 0.999999988385703, 1.0, 1.0, 1.0733199407526618e-27, 0.0, 9.317319601316004e-09, 2.1365793395006812e-19, 4.4824866821712175e-19, 1.6820204422257326e-166, 1.0, 1.0, 0.9999999935072523, 1.4139877312555896e-123, 1.0, 1.0, 1.0, 1.0, 1.0, 1.0, 1.0, 1.0, 1.0, 8.730379209339809e-154, 1.0, 1.0, 1.0, 1.0, 1.0, 1.0, 1.0, 1.0, 1.0, 1.0, 4.095973948453801e-05, 3.569516793443015e-174, 1.0, 1.0, 3.067833456703963e-169, 5.233585448887378e-146, 0.9999999999994884, 0.999999999999261, 1.1344583879702167e-52, 1.0, 0.0, 1.0, 1.0, 0.9999999999981952, 0.9999999999999076, 1.0, 1.0, 1.0, 1.0, 1.0, 0.9999855831712873, 1.0, 1.0, 0.9999999575572369, 0.9999999999999609, 1.0, 1.4943235564153565e-231, 1.4564954756764419e-59, 1.0, 1.0, 1.0, 1.0, 4.2266610787879965e-201, 1.5775898877128314e-143, 1.0, 0.9999999999998899, 1.0, 4.0946918305436783e-72, 1.0, 1.0, 1.0, 1.0149822039423093e-195, 0.0, 1.0, 1.0, 0.3277278652252595, 1.0, 1.0, 6.347081486074028e-34, 1.0, 1.0, 2.5163120974668835e-274, 1.0, 0.9999999994393249, 3.3128336482023435e-222, 0.9999950578693609, 1.5951140676181056e-31, 1.0]"
Naive Bayes,32,7,"[0, 1, 0, 1, 1, 0, 0, 1, 0, 1, 0, 1, 1, 0, 1, 1, 1, 1, 0, 1, 0, 1, 1, 1, 1, 1, 1, 0, 0, 1, 0, 1, 1, 1, 0, 0, 0, 0, 0, 1, 0, 1, 1, 1, 1, 1, 0, 0, 1, 1, 1, 0, 0, 0, 1, 0, 0, 0, 1, 1, 0, 0, 0, 0, 1, 1, 1, 1, 1, 1, 1, 1, 0, 1, 1, 1, 0, 1, 1, 0, 1, 0, 0, 1, 0, 0, 1, 0, 0, 1, 1, 0, 0, 0, 1, 1, 0, 1, 0, 0, 1, 1, 1, 0, 0, 1, 0, 0, 1, 1, 1, 0, 1, 1, 1, 1, 1, 0, 1, 0, 0, 1, 1, 1, 1, 0, 1, 0, 1, 0, 0, 1, 0, 0, 0, 0, 1, 0, 0, 1, 1, 1, 1]","[1, 1, 0, 1, 1, 1, 1, 1, 1, 1, 0, 0, 1, 0, 1, 1, 1, 1, 0, 1, 0, 1, 1, 1, 1, 1, 1, 0, 0, 1, 0, 1, 1, 0, 1, 1, 0, 1, 1, 1, 1, 1, 1, 1, 1, 1, 1, 1, 1, 0, 1, 0, 0, 0, 1, 0, 0, 0, 1, 1, 0, 0, 0, 0, 1, 1, 1, 1, 1, 1, 1, 1, 0, 1, 1, 1, 0, 1, 1, 0, 1, 0, 0, 1, 0, 0, 1, 0, 1, 1, 1, 1, 0, 0, 1, 1, 0, 1, 0, 0, 1, 1, 1, 0, 1, 1, 0, 1, 1, 1, 1, 0, 1, 1, 1, 1, 1, 1, 1, 1, 1, 1, 1, 1, 1, 0, 1, 0, 1, 1, 1, 1, 0, 1, 0, 1, 1, 0, 0, 1, 1, 1, 1]","[1.0, 1.0, 9.046347959562217e-135, 1.0, 1.0, 1.0, 1.0, 1.0, 0.9999999999999964, 0.9999999999971081, 1.877880141354395e-90, 0.00015516863760219377, 1.0, 2.1094605944951784e-209, 0.9995829022889553, 0.99999921873961, 0.9999999969374542, 1.0, 3.436026909523554e-126, 1.0, 1.9104191791385944e-107, 1.0, 1.0, 1.0, 1.0, 1.0, 1.0, 1.629097561224483e-117, 2.413963917496875e-44, 0.9999999994260307, 2.7808938024059973e-115, 1.0, 1.0, 1.0787589923139803e-07, 1.0, 0.9999999999997087, 3.382644176839168e-72, 0.8225840917886104, 1.0, 1.0, 0.9999944306466637, 1.0, 1.0, 1.0, 1.0, 1.0, 0.9999999924897267, 1.0, 1.0, 1.2941847212634557e-12, 0.9999999998948113, 4.291002620237673e-71, 8.205735824433461e-31, 5.2387251181812044e-130, 0.9999999999999538, 2.337522421186079e-133, 5.847232832584159e-139, 0.0, 1.0, 1.0, 2.3396565208718017e-220, 0.0, 8.793216731806639e-18, 1.8926803985913705e-38, 1.0, 1.0, 0.9999999999627107, 1.0, 1.0, 1.0, 1.0, 0.9999999999983871, 3.3728742161207542e-105, 1.0, 1.0, 1.0, 2.32377913477842e-67, 1.0, 1.0, 0.0, 1.0, 6.7733863471511794e-108, 1.8610234827286608e-38, 1.0, 1.768709556701029e-90, 0.0, 0.9999999085410038, 2.024107828194062e-118, 0.999999903786706, 0.9999989342808954, 1.0, 1.0, 3.568188372386348e-07, 3.3746243209313815e-188, 1.0, 1.0, 0.0, 1.0, 4.923805467106125e-128, 1.5150317448632851e-10, 0.9999999999842117, 0.9848223357561722, 1.0, 3.4181483339594224e-12, 1.0, 1.0, 0.0, 0.9999999999988205, 1.0, 0.9999996644734276, 1.0, 1.3523740494864826e-88, 1.0, 1.0, 1.0, 1.0, 1.0, 1.0, 1.0, 0.9999999999972289, 0.9999999999999929, 1.0, 1.0, 1.0, 1.0, 2.7004020637600033e-10, 1.0, 0.0, 1.0, 0.9967266202620714, 1.0, 1.0, 2.614559844570452e-100, 1.0, 6.028032583201679e-16, 0.9999995561356617, 1.0, 0.001147472760217426, 1.0197360007422133e-26, 1.0, 1.0, 1.0, 1.0]"
Naive Bayes,33,7,"[1, 0, 0, 0, 0, 1, 1, 1, 1, 1, 0, 1, 1, 0, 1, 0, 0, 1, 0, 1, 1, 1, 1, 1, 1, 1, 1, 1, 1, 1, 1, 0, 1, 1, 0, 0, 0, 1, 1, 1, 1, 0, 1, 0, 1, 0, 1, 1, 1, 0, 1, 1, 1, 0, 0, 1, 1, 1, 0, 1, 1, 1, 0, 0, 1, 1, 0, 1, 0, 1, 1, 1, 1, 1, 0, 1, 0, 1, 0, 1, 0, 1, 1, 1, 0, 1, 0, 1, 0, 1, 0, 1, 0, 1, 1, 1, 1, 1, 1, 1, 1, 1, 1, 1, 1, 1, 1, 1, 1, 1, 0, 1, 1, 1, 0, 0, 0, 1, 1, 0, 0, 0, 1, 1, 1, 0, 0, 0, 1, 1, 1, 1, 1, 0, 1, 1, 1, 0, 1, 0, 1, 0, 1, 0]","[1, 1, 0, 1, 0, 1, 0, 1, 1, 1, 1, 1, 1, 0, 1, 1, 0, 1, 0, 1, 1, 1, 0, 1, 1, 1, 1, 1, 1, 1, 1, 0, 1, 1, 0, 1, 1, 0, 1, 1, 1, 1, 1, 0, 0, 1, 0, 0, 1, 1, 1, 1, 1, 0, 0, 1, 1, 1, 0, 1, 1, 1, 0, 0, 1, 1, 0, 1, 0, 1, 1, 1, 1, 1, 1, 1, 0, 1, 1, 1, 0, 1, 1, 1, 0, 1, 0, 1, 1, 1, 0, 0, 0, 1, 1, 1, 1, 1, 0, 1, 1, 1, 1, 1, 1, 1, 1, 1, 0, 1, 0, 1, 1, 1, 1, 1, 1, 1, 1, 0, 0, 1, 1, 1, 1, 0, 0, 0, 1, 1, 1, 1, 1, 1, 1, 0, 1, 0, 1, 0, 1, 0, 1, 0]","[1.0, 1.0, 3.9359020523338016e-40, 1.0, 1.3531823991512919e-21, 1.0, 3.3016377167616603e-32, 1.0, 1.0, 1.0, 1.0, 1.0, 1.0, 2.2095912202049407e-89, 1.0, 1.0, 3.696777733117041e-82, 1.0, 1.2486284417179343e-84, 1.0, 1.0, 1.0, 1.9212618161031464e-37, 0.9999999996919868, 1.0, 1.0, 1.0, 0.9999999999999893, 1.0, 1.0, 1.0, 8.625442666798954e-90, 1.0, 1.0, 1.2984194170189092e-05, 1.0, 0.9999999814608176, 1.2960556826656089e-52, 1.0, 0.9999999999996305, 1.0, 1.0, 1.0, 6.123081456931772e-115, 1.4627142861713353e-18, 0.9999999999429505, 2.091890186323186e-06, 4.884993221698212e-119, 1.0, 1.0, 1.0, 1.0, 1.0, 4.3092395801381644e-26, 0.0, 1.0, 1.0, 1.0, 3.654110820708638e-122, 1.0, 1.0, 1.0, 0.1566199131547206, 4.157290131851586e-150, 1.0, 1.0, 1.5503485192749507e-74, 1.0, 8.740686313800294e-20, 1.0, 1.0, 1.0, 1.0, 1.0, 1.0, 1.0, 1.3847849771420749e-28, 1.0, 0.9999999999999929, 1.0, 1.505239140678215e-44, 1.0, 1.0, 1.0, 5.155656138621428e-95, 1.0, 0.0, 1.0, 1.0, 1.0, 3.992274377481927e-120, 4.407798373684697e-34, 1.6356733878263904e-217, 1.0, 1.0, 1.0, 1.0, 1.0, 6.249433125601868e-111, 1.0, 1.0, 1.0, 1.0, 1.0, 1.0, 1.0, 1.0, 1.0, 7.632597059488414e-25, 1.0, 7.001611017127024e-221, 1.0, 1.0, 1.0, 0.9999999999999787, 0.9999999999999076, 0.9713298868240073, 1.0, 1.0, 4.315160879601736e-249, 1.0786545934218143e-44, 0.9999999994002167, 1.0, 1.0, 1.0, 1.1145788258453387e-261, 0.0, 1.3301470755630098e-56, 1.0, 1.0, 1.0, 1.0, 1.0, 1.0, 1.0, 2.432727693979601e-76, 0.9999999999999005, 0.32255543576381046, 1.0, 7.282277578906148e-119, 1.0, 1.0422300995113522e-05, 1.0, 3.3209256414464805e-125]"
Naive Bayes,34,7,"[0, 1, 1, 0, 1, 1, 0, 1, 0, 1, 1, 1, 1, 1, 0, 0, 0, 0, 1, 1, 1, 1, 1, 1, 0, 0, 1, 1, 0, 1, 1, 0, 1, 1, 1, 1, 0, 1, 1, 1, 1, 1, 1, 0, 1, 1, 0, 0, 0, 0, 1, 0, 0, 1, 1, 0, 0, 1, 1, 1, 1, 1, 1, 0, 1, 1, 1, 0, 1, 1, 1, 1, 1, 0, 0, 1, 1, 1, 1, 1, 1, 1, 1, 1, 1, 1, 0, 1, 1, 1, 0, 1, 1, 1, 0, 1, 1, 0, 1, 1, 0, 1, 1, 1, 1, 1, 1, 1, 0, 0, 0, 0, 1, 0, 1, 1, 1, 0, 1, 1, 0, 1, 1, 1, 1, 1, 0, 1, 1, 1, 0, 1, 0, 1, 1, 1, 1, 1, 0, 0, 1, 0, 0, 1]","[1, 1, 0, 0, 1, 1, 0, 1, 0, 1, 1, 1, 1, 1, 0, 1, 0, 0, 1, 1, 1, 1, 1, 1, 0, 0, 1, 1, 0, 1, 1, 0, 1, 1, 1, 1, 0, 1, 0, 0, 1, 1, 1, 1, 1, 1, 1, 0, 0, 0, 1, 0, 0, 1, 1, 1, 1, 1, 1, 1, 1, 1, 1, 1, 1, 1, 1, 0, 1, 1, 1, 1, 1, 1, 0, 1, 1, 1, 1, 1, 1, 1, 1, 1, 1, 1, 0, 1, 1, 1, 0, 1, 1, 1, 0, 1, 1, 0, 0, 1, 1, 1, 0, 1, 1, 1, 1, 1, 0, 1, 1, 1, 1, 0, 1, 1, 1, 1, 1, 1, 0, 1, 1, 1, 1, 1, 0, 1, 1, 1, 0, 1, 0, 1, 1, 0, 1, 1, 0, 1, 1, 1, 0, 1]","[0.9999994400156216, 1.0, 6.00159437782083e-32, 4.132738020825833e-67, 0.9999999999999858, 1.0, 0.0, 1.0, 0.1990260520957369, 1.0, 1.0, 0.9898502186794984, 1.0, 1.0, 2.3244280118140948e-57, 0.9999669241175233, 2.386534099619504e-41, 9.984123478992304e-22, 1.0, 1.0, 1.0, 0.999999695868791, 1.0, 1.0, 1.4085786176734114e-132, 2.1203979117161614e-172, 1.0, 1.0, 0.2429869095323977, 1.0, 1.0, 7.387764594408667e-62, 1.0, 1.0, 1.0, 1.0, 2.138025298104475e-153, 1.0, 3.169913087072402e-17, 2.2874060121739134e-13, 1.0, 1.0, 1.0, 0.9514269613334855, 1.0, 1.0, 0.9999996365401479, 3.0273279273716325e-137, 1.3947300734031666e-205, 5.011640735190494e-10, 1.0, 0.0, 0.0, 1.0, 1.0, 0.73791176979597, 1.0, 1.0, 1.0, 1.0, 0.9999999999999964, 1.0, 1.0, 1.0, 1.0, 0.9999999999993676, 0.9999999986296046, 2.6241880624595225e-37, 1.0, 1.0, 1.0, 0.9999999999992042, 0.9999999999995666, 0.9918399846150856, 1.2831237250455526e-112, 1.0, 1.0, 1.0, 1.0, 1.0, 1.0, 1.0, 1.0, 1.0, 1.0, 1.0, 2.00617544191148e-62, 1.0, 1.0, 1.0, 1.5787759264128726e-154, 1.0, 1.0, 0.9999994187191048, 7.484912612430697e-117, 1.0, 1.0, 6.709235347756313e-20, 6.943566668227235e-05, 1.0, 1.0, 1.0, 2.7376702378770434e-22, 1.0, 1.0, 1.0, 1.0, 1.0, 2.549331623810105e-82, 1.0, 1.0, 0.9999999525332808, 0.9384930126880382, 6.23507721062856e-68, 0.9999999999321787, 1.0, 1.0, 1.0, 1.0, 1.0, 2.9740135395217155e-99, 1.0, 1.0, 1.0, 1.0, 1.0, 1.0430044102302931e-81, 1.0, 1.0, 1.0, 3.5604324730421456e-07, 1.0, 3.936259177070545e-05, 0.9999999999999787, 1.0, 6.187164158866331e-09, 1.0, 1.0, 1.594341187410392e-52, 1.0, 1.0, 0.9992989011837157, 1.2029914168411754e-296, 1.0]"
Naive Bayes,35,7,"[0, 1, 1, 0, 0, 1, 1, 1, 0, 1, 1, 1, 0, 0, 1, 1, 1, 1, 0, 1, 1, 0, 1, 1, 1, 0, 0, 1, 1, 0, 1, 0, 1, 0, 1, 0, 1, 0, 0, 0, 1, 0, 1, 1, 0, 1, 1, 1, 1, 0, 1, 0, 1, 1, 0, 1, 1, 1, 0, 1, 1, 1, 1, 1, 1, 1, 1, 1, 0, 1, 0, 0, 0, 1, 1, 1, 1, 1, 1, 1, 1, 1, 0, 1, 1, 1, 1, 1, 1, 1, 1, 1, 1, 0, 1, 0, 0, 1, 1, 0, 0, 1, 0, 1, 0, 1, 1, 0, 0, 1, 1, 1, 1, 1, 1, 1, 0, 1, 1, 0, 0, 1, 0, 1, 1, 0, 1, 1, 1, 0, 1, 1, 1, 0, 0, 1, 0, 0, 0, 1, 0, 1, 1]","[1, 1, 1, 0, 0, 1, 1, 0, 0, 1, 1, 1, 0, 0, 1, 1, 1, 1, 1, 1, 1, 0, 1, 1, 1, 0, 1, 1, 1, 1, 1, 0, 1, 0, 1, 0, 1, 1, 1, 0, 1, 1, 1, 1, 1, 1, 1, 1, 1, 0, 1, 1, 1, 1, 0, 1, 1, 0, 0, 0, 1, 1, 1, 1, 0, 1, 0, 1, 0, 1, 1, 0, 1, 1, 0, 1, 0, 1, 1, 1, 0, 1, 1, 1, 1, 1, 1, 1, 1, 1, 1, 1, 1, 0, 0, 0, 1, 0, 1, 0, 0, 1, 1, 1, 0, 1, 1, 0, 1, 1, 1, 1, 0, 1, 0, 1, 1, 1, 1, 0, 0, 1, 0, 1, 1, 0, 1, 1, 1, 1, 1, 1, 1, 1, 0, 1, 1, 1, 1, 1, 0, 1, 0]","[1.0, 0.9999999971305442, 1.0, 0.0, 1.3671382326760149e-84, 1.0, 1.0, 4.211793842041857e-09, 0.0, 1.0, 1.0, 1.0, 8.320096718669509e-22, 0.0, 1.0, 1.0, 1.0, 1.0, 0.9999999999999858, 1.0, 1.0, 2.5316907793930156e-53, 1.0, 0.9999998361250838, 1.0, 5.742599343408759e-35, 1.0, 1.0, 1.0, 1.0, 1.0, 0.0, 1.0, 3.992762851263323e-103, 1.0, 1.490231751017251e-67, 1.0, 1.0, 0.9999998239227579, 0.0, 1.0, 0.9999804003735745, 1.0, 1.0, 1.0, 1.0, 1.0, 1.0, 1.0, 1.0657348702640769e-51, 1.0, 1.0, 1.0, 1.0, 0.0, 0.9929675300702265, 1.0, 0.3954687749417424, 0.0, 3.33955409228444e-05, 1.0, 0.9999920646394439, 1.0, 1.0, 0.024627635987573615, 0.9999999980610141, 1.3020649710807186e-222, 1.0, 1.176405038807353e-104, 1.0, 1.0, 3.132369913960339e-132, 1.0, 1.0, 8.951866735686602e-41, 1.0, 0.0, 1.0, 1.0, 1.0, 1.4045664526498064e-67, 1.0, 1.0, 1.0, 1.0, 1.0, 1.0, 1.0, 1.0, 1.0, 1.0, 1.0, 1.0, 8.637771737991786e-09, 2.2164719055191868e-39, 4.948881950945893e-54, 1.0, 0.0025855250467431016, 1.0, 0.0, 1.0209728428747944e-108, 1.0, 1.0, 1.0, 1.3178722057076335e-152, 1.0, 1.0, 3.891139356429986e-34, 1.0, 1.0, 0.9999902049718046, 1.0, 4.883983194418157e-06, 1.0, 1.1687315177929218e-16, 1.0, 1.0, 1.0, 1.0, 9.154941027378803e-96, 2.7223841895514316e-55, 1.0, 0.0, 1.0, 1.0, 0.40257056858736334, 1.0, 1.0, 1.0, 0.9999999998606057, 1.0, 1.0, 1.0, 1.0, 8.594698292501033e-87, 1.0, 0.9999994319299482, 1.0, 1.0, 0.9999999999999787, 0.0, 1.0, 0.004539571615813095]"
Naive Bayes,36,8,"[1, 1, 1, 1, 1, 0, 0, 1, 0, 1, 1, 1, 1, 1, 1, 1, 0, 1, 1, 0, 1, 1, 1, 1, 1, 1, 0, 1, 0, 0, 1, 1, 0, 0, 1, 1, 1, 0, 1, 1, 0, 1, 1, 1, 1, 1, 0, 1, 1, 1, 0, 1, 0, 0, 1, 0, 1, 1, 0, 0, 1, 0, 0, 0, 0, 0, 1, 1, 1, 1, 1, 1, 1, 1, 1, 1, 1, 0, 0, 0, 0, 1, 1, 1, 0, 1, 1, 1, 0, 0, 1, 0, 1, 1, 1, 0, 0, 1, 1, 1, 0, 1, 1, 1, 0, 0, 1, 1, 1, 1, 0, 0, 1, 1, 0, 0, 1, 1, 1, 0, 0, 1, 1, 1, 0, 0, 0, 1, 1, 0, 0, 0, 1, 0, 1, 0, 0, 0, 1, 1, 1, 0, 0, 0]","[1, 1, 1, 1, 0, 0, 0, 1, 1, 1, 1, 1, 1, 1, 1, 1, 0, 1, 1, 0, 1, 1, 1, 1, 1, 1, 1, 1, 0, 0, 1, 1, 0, 1, 1, 1, 1, 1, 1, 0, 1, 1, 0, 1, 1, 0, 1, 1, 1, 1, 0, 1, 0, 0, 1, 0, 1, 1, 0, 0, 1, 0, 0, 0, 0, 0, 0, 1, 1, 1, 1, 1, 1, 1, 1, 1, 1, 0, 0, 0, 0, 1, 1, 1, 0, 1, 1, 1, 0, 0, 1, 1, 1, 1, 1, 0, 0, 1, 1, 1, 0, 1, 1, 1, 1, 1, 1, 1, 1, 1, 1, 1, 1, 1, 1, 0, 1, 1, 1, 0, 0, 1, 1, 1, 0, 1, 1, 1, 1, 0, 1, 0, 1, 0, 1, 0, 0, 0, 1, 1, 1, 0, 0, 0]","[1.0, 1.0, 1.0, 1.0, 7.757976240222527e-34, 3.813195984790172e-108, 8.689188220020187e-69, 1.0, 1.0, 1.0, 1.0, 1.0, 1.0, 1.0, 1.0, 1.0, 1.9066455096553324e-58, 1.0, 1.0, 9.705673695283112e-243, 0.999999999799428, 0.9999999991433199, 1.0, 1.0, 1.0, 1.0, 0.9470239077391547, 1.0, 2.5477721610924347e-30, 8.300081104968295e-226, 1.0, 1.0, 6.1460623715209524e-142, 1.0, 1.0, 1.0, 1.0, 0.9999999590635733, 1.0, 5.381107473843799e-23, 0.9999998688704835, 1.0, 9.146668181011495e-21, 1.0, 1.0, 3.576932117827758e-09, 0.9999999995799627, 1.0, 1.0, 1.0, 3.4225972761567075e-22, 1.0, 2.060113181137834e-94, 3.6492117671593276e-101, 1.0, 0.16776652125929037, 1.0, 1.0, 1.7320145190037669e-127, 0.4397923012361899, 1.0, 2.2384276298696635e-29, 3.095530661478342e-37, 0.0, 1.4632302067208366e-10, 2.8545635460896983e-21, 9.006494172540723e-21, 1.0, 0.9999999999999893, 1.0, 1.0, 1.0, 1.0, 1.0, 1.0, 1.0, 1.0, 1.197033368085536e-158, 8.50636368159605e-25, 0.0, 3.8205726717502517e-38, 1.0, 1.0, 1.0, 0.0, 0.9999999925882577, 1.0, 1.0, 1.9009477206110411e-118, 0.0, 1.0, 0.9999999920472007, 1.0, 1.0, 1.0, 6.175270906489334e-06, 1.3326146648260334e-178, 0.9999966715204891, 1.0, 1.0, 2.895894161893934e-151, 1.0, 1.0, 1.0, 0.9999999999999076, 1.0, 1.0, 1.0, 1.0, 1.0, 1.0, 1.0, 1.0, 1.0, 0.9999998847518436, 1.1194233302372061e-184, 1.0, 1.0, 1.0, 3.984842187163899e-238, 2.306547882097885e-62, 1.0, 1.0, 1.0, 4.511458664642326e-206, 1.0, 1.0, 1.0, 1.0, 2.483241611739667e-14, 0.9999997177286247, 0.1112560806349565, 1.0, 9.91994439710756e-36, 1.0, 7.381178537419997e-54, 0.030131764298466944, 1.957358199279834e-281, 1.0, 1.0, 0.9999999999895337, 2.0056709979058155e-228, 1.7922739483542517e-33, 1.3101362370191665e-104]"
Naive Bayes,37,8,"[1, 0, 1, 0, 0, 1, 0, 1, 1, 1, 1, 1, 1, 1, 1, 1, 1, 0, 1, 1, 1, 1, 1, 1, 1, 1, 1, 1, 0, 0, 1, 1, 1, 0, 1, 1, 1, 0, 1, 0, 0, 1, 0, 1, 1, 0, 1, 1, 1, 1, 1, 0, 0, 1, 0, 0, 0, 1, 1, 0, 0, 0, 1, 1, 1, 1, 1, 1, 1, 1, 1, 1, 1, 1, 1, 0, 1, 1, 1, 1, 1, 1, 1, 1, 1, 1, 1, 1, 1, 0, 1, 1, 1, 1, 1, 1, 0, 1, 0, 1, 0, 0, 0, 0, 1, 0, 1, 1, 1, 1, 1, 1, 1, 1, 1, 1, 1, 1, 1, 1, 0, 0, 1, 1, 0, 0, 1, 0, 0, 1, 0, 0, 1, 0, 1, 1, 0, 0, 1, 1, 1, 1, 1, 1]","[1, 1, 1, 0, 0, 1, 1, 1, 1, 0, 1, 1, 1, 1, 1, 0, 1, 0, 1, 1, 1, 1, 1, 1, 1, 1, 1, 1, 0, 0, 1, 0, 1, 0, 1, 1, 1, 1, 1, 1, 0, 1, 1, 1, 1, 0, 1, 0, 1, 1, 1, 0, 0, 1, 0, 0, 0, 1, 1, 0, 0, 0, 1, 1, 1, 1, 1, 1, 1, 1, 1, 1, 1, 1, 1, 0, 1, 1, 1, 1, 1, 1, 1, 0, 1, 1, 1, 1, 1, 1, 1, 1, 1, 1, 1, 1, 0, 1, 0, 1, 0, 0, 1, 0, 1, 1, 1, 1, 1, 1, 1, 1, 1, 1, 1, 1, 1, 1, 1, 1, 1, 1, 1, 1, 0, 1, 1, 1, 1, 1, 1, 0, 1, 1, 1, 1, 1, 0, 1, 1, 1, 1, 0, 1]","[1.0, 1.0, 1.0, 2.8787605524671757e-133, 0.0, 1.0, 0.90021153439641, 0.9999999999996305, 1.0, 0.15380907879116684, 1.0, 0.9659019783814399, 1.0, 1.0, 1.0, 7.91261473882881e-31, 1.0, 4.05748081196546e-104, 0.9999975875614633, 0.999999999999929, 1.0, 1.0, 1.0, 1.0, 1.0, 1.0, 1.0, 1.0, 3.50644354596568e-39, 1.0798642013620219e-61, 1.0, 4.044620615240488e-06, 1.0, 1.0252483873371757e-153, 1.0, 1.0, 1.0, 0.9998834165954699, 1.0, 0.9999991877828437, 2.651492478415174e-95, 1.0, 1.0, 1.0, 1.0, 0.0, 1.0, 2.1902331355936317e-11, 0.9999999999888161, 1.0, 1.0, 2.025006756732788e-29, 8.463911850215258e-129, 0.9999999999999929, 1.29739534554754e-129, 9.197665424544509e-135, 3.970748406286236e-31, 1.0, 1.0, 7.58876259549503e-216, 0.0, 1.5253227906311964e-16, 1.0, 1.0, 1.0, 1.0, 1.0, 1.0, 1.0, 1.0, 1.0, 1.0, 1.0, 0.9999999999998224, 1.0, 2.0469913594008914e-103, 1.0, 1.0, 1.0, 1.0, 1.0, 1.0, 1.0, 1.7638963298459825e-37, 1.0, 1.0, 1.0, 1.0, 1.0, 0.9999999999999964, 1.0, 1.0, 1.0, 1.0, 1.0, 0.9999998805280583, 1.3427944669496976e-156, 1.0, 2.714300518449296e-167, 1.0, 0.0, 4.591475280039111e-124, 1.0, 1.7816996220431257e-08, 0.9974845708595548, 1.0, 1.0, 1.0, 1.0, 0.99999999999973, 1.0, 1.0, 1.0, 0.9999999665145586, 1.0, 1.0, 1.0, 1.0, 1.0, 1.0, 1.0, 0.9999999999997335, 0.9999999999998472, 1.0, 5.786977390284262e-09, 0.5499564077845346, 1.0, 0.9995762911169753, 1.0, 1.0, 1.0, 0.0, 1.0, 1.0, 1.0, 1.0, 0.9978566366529644, 3.027589040831028e-24, 1.0, 1.0, 0.999999999960437, 1.0, 0.2947363318177783, 1.0]"
Naive Bayes,38,8,"[0, 1, 1, 1, 1, 1, 0, 1, 1, 0, 1, 1, 0, 1, 1, 1, 0, 1, 1, 1, 0, 1, 1, 0, 0, 1, 0, 1, 1, 0, 0, 1, 0, 0, 0, 1, 1, 0, 1, 0, 1, 1, 1, 1, 1, 0, 1, 1, 0, 1, 0, 1, 0, 1, 1, 0, 1, 1, 1, 1, 1, 0, 0, 1, 1, 0, 1, 1, 1, 1, 1, 1, 1, 0, 0, 1, 1, 0, 1, 1, 1, 1, 0, 0, 0, 1, 0, 1, 1, 0, 1, 1, 1, 1, 0, 1, 0, 1, 1, 1, 0, 1, 1, 1, 1, 0, 1, 1, 0, 1, 1, 0, 1, 0, 0, 1, 0, 1, 0, 0, 1, 0, 1, 0, 1, 1, 1, 0, 0, 1, 0, 0, 1, 1, 1, 1, 0, 0, 0, 0, 1, 1, 1]","[1, 0, 1, 1, 1, 1, 1, 1, 1, 0, 0, 1, 0, 1, 1, 1, 0, 1, 1, 1, 0, 1, 1, 0, 0, 1, 0, 1, 1, 1, 0, 1, 0, 1, 1, 1, 1, 1, 0, 0, 1, 1, 1, 1, 1, 1, 1, 1, 0, 0, 0, 1, 0, 1, 0, 0, 1, 1, 1, 1, 1, 0, 1, 1, 1, 0, 0, 0, 1, 1, 1, 1, 1, 0, 1, 1, 1, 0, 1, 1, 1, 0, 0, 1, 0, 1, 1, 1, 0, 0, 0, 1, 1, 0, 0, 1, 0, 1, 1, 0, 0, 1, 1, 1, 1, 1, 1, 1, 0, 1, 1, 1, 1, 0, 1, 1, 1, 1, 1, 0, 1, 1, 1, 0, 1, 1, 1, 0, 0, 1, 0, 0, 1, 0, 1, 1, 1, 1, 1, 1, 1, 1, 1]","[0.9999995845189399, 5.14011798859483e-40, 1.0, 1.0, 1.0, 1.0, 1.0, 1.0, 1.0, 9.726037401753798e-183, 1.3093666471738755e-06, 1.0, 2.3084550701790842e-33, 1.0, 1.0, 0.9999809026410308, 1.2912608345410022e-297, 1.0, 1.0, 0.9999999999999929, 1.3604228480437571e-05, 1.0, 1.0, 1.165735988658742e-73, 1.086951937757355e-254, 1.0, 2.9078348651069346e-131, 1.0, 0.9999207304734091, 0.9999999999999964, 0.0, 1.0, 5.770332080623027e-07, 1.0, 1.0, 1.0, 1.0, 1.0, 1.0204797401968427e-24, 0.0, 1.0, 1.0, 1.0, 1.0, 1.0, 1.0, 1.0, 1.0, 0.0, 0.13664978703067088, 0.0, 1.0, 0.0, 1.0, 0.001916991999503057, 0.0006227636009992424, 1.0, 0.9999999999999929, 1.0, 1.0, 0.9999999144744046, 4.608606802363053e-128, 1.0, 0.9999999999846594, 1.0, 5.836406285924351e-283, 1.1112932127349864e-39, 0.0, 1.0, 1.0, 0.9999999999308073, 1.0, 1.0, 6.960089792734207e-229, 1.0, 1.0, 1.0, 2.963595098268394e-121, 1.0, 1.0, 1.0, 3.8117293780422265e-40, 8.355752850253562e-11, 1.0, 2.436421448494858e-55, 1.0, 1.0, 1.0, 1.9219502763804006e-49, 2.754295092628029e-287, 0.00022722196875266183, 1.0, 1.0, 2.3138551084113803e-11, 1.575484238277443e-109, 0.9999999999999893, 2.5362139800790636e-99, 1.0, 1.0, 2.0930040643994198e-203, 2.83885751085192e-149, 0.9999999999999751, 1.0, 1.0, 1.0, 1.0, 1.0, 1.0, 6.55188899541266e-147, 1.0, 1.0, 1.0, 1.0, 2.643182138176065e-53, 1.0, 1.0, 1.0, 1.0, 0.9999999999999893, 0.0, 1.0, 0.9836199497551082, 1.0, 7.67415693332058e-170, 1.0, 1.0, 0.9999999999999964, 1.1439294999409419e-12, 4.2345293994823197e-207, 1.0, 0.0, 1.4460496981295654e-12, 1.0, 3.0717021769918093e-10, 1.0, 1.0, 1.0, 1.0, 1.0, 1.0, 0.9990332058380735, 1.0, 1.0]"
Naive Bayes,39,8,"[0, 1, 1, 1, 1, 1, 1, 1, 0, 0, 0, 0, 1, 0, 1, 1, 0, 1, 1, 1, 1, 1, 0, 1, 0, 1, 1, 1, 1, 0, 1, 1, 1, 1, 0, 0, 1, 1, 0, 1, 0, 1, 1, 1, 1, 1, 1, 0, 1, 1, 0, 1, 1, 0, 1, 0, 0, 0, 1, 1, 0, 0, 0, 0, 0, 1, 0, 0, 1, 0, 1, 1, 1, 0, 1, 0, 1, 1, 1, 1, 1, 0, 1, 1, 1, 0, 1, 1, 1, 1, 0, 0, 1, 0, 0, 0, 1, 1, 1, 1, 1, 1, 0, 1, 0, 1, 0, 1, 0, 1, 1, 1, 1, 1, 1, 1, 1, 0, 1, 1, 0, 0, 0, 0, 0, 1, 0, 0, 1, 0, 1, 0, 1, 1, 1, 1, 1, 0, 0, 0, 0, 1, 1]","[1, 1, 1, 1, 1, 1, 1, 1, 0, 0, 1, 0, 1, 0, 1, 1, 0, 1, 1, 1, 1, 1, 0, 1, 0, 1, 1, 1, 1, 0, 1, 1, 1, 1, 1, 1, 0, 1, 1, 0, 1, 1, 1, 0, 1, 1, 1, 0, 1, 1, 0, 1, 1, 0, 1, 0, 0, 0, 1, 1, 1, 0, 0, 1, 0, 1, 0, 0, 1, 1, 1, 1, 1, 0, 1, 0, 1, 1, 1, 1, 1, 1, 1, 1, 1, 0, 1, 1, 1, 1, 1, 1, 0, 0, 0, 0, 1, 1, 1, 1, 1, 1, 1, 1, 1, 1, 1, 1, 1, 1, 1, 1, 1, 1, 1, 1, 1, 0, 1, 1, 0, 0, 1, 1, 1, 1, 1, 0, 1, 0, 1, 0, 1, 1, 1, 1, 1, 1, 0, 1, 0, 1, 1]","[1.0, 1.0, 0.9999994354675964, 0.9999999999999858, 1.0, 1.0, 1.0, 1.0, 3.301887453301033e-160, 3.079728156229555e-52, 1.0, 8.754215251432748e-74, 1.0, 4.768917153431719e-76, 1.0, 1.0, 2.462141268743822e-44, 1.0, 1.0, 0.999987883143536, 1.0, 1.0, 4.767321076303207e-146, 1.0, 1.438242250119361e-191, 1.0, 0.9999999999660432, 0.999999999980929, 0.9999999999999858, 1.0946712650861842e-19, 1.0, 1.0, 1.0, 1.0, 0.9999999999968168, 0.9915826325639597, 4.403181582291939e-45, 1.0, 1.0, 1.443150758807344e-16, 0.9999999999064855, 1.0, 1.0, 5.1937257765253254e-110, 1.0, 1.0, 1.0, 1.4526374920947086e-32, 1.0, 0.9811331337674842, 8.374990062394784e-75, 1.0, 1.0, 4.805819024174733e-187, 1.0, 2.360633343063383e-149, 1.010452152497994e-226, 0.0, 0.9999999999878568, 1.0, 1.0, 7.303312823999534e-56, 3.8920869179873296e-184, 1.0, 7.107687995449458e-68, 0.9999999999990621, 1.8388492875409128e-37, 2.3412886686115507e-17, 1.0, 0.9922256475815459, 1.0, 1.0, 1.0, 5.974229555416533e-40, 1.0, 1.623169336423701e-85, 1.0, 1.0, 1.0, 1.0, 1.0, 1.0, 1.0, 1.0, 1.0, 4.3347546762478016e-204, 1.0, 1.0, 1.0, 1.0, 1.0, 0.9999999999993889, 6.85215873202566e-22, 1.1374601552517828e-15, 0.0, 0.0, 1.0, 1.0, 1.0, 1.0, 1.0, 0.9999999910768977, 1.0, 1.0, 1.0, 0.9012907940317333, 0.9999999262191493, 0.999999999895401, 0.9999708939128314, 1.0, 1.0, 1.0, 1.0, 1.0, 1.0, 1.0, 1.0, 8.347082942886318e-159, 1.0, 1.0, 1.9711281685689254e-79, 9.166207659728964e-40, 1.0, 1.0, 0.9999999994800888, 1.0, 0.9999999927939527, 1.8114285522249375e-240, 1.0, 0.0, 1.0, 3.243525013293309e-49, 1.0, 1.0, 1.0, 0.9999999999999503, 1.0, 0.5279859752111725, 4.6648180988038726e-107, 1.0, 0.0, 1.0, 1.0]"
Naive Bayes,40,8,"[0, 0, 0, 1, 0, 1, 0, 0, 1, 0, 0, 1, 0, 1, 1, 1, 0, 0, 0, 1, 0, 1, 1, 1, 1, 1, 0, 1, 0, 1, 1, 1, 1, 1, 1, 0, 0, 1, 0, 1, 1, 0, 0, 1, 1, 0, 0, 1, 1, 1, 0, 1, 1, 0, 0, 0, 1, 0, 1, 1, 1, 1, 1, 1, 0, 1, 1, 1, 0, 1, 1, 1, 1, 1, 1, 1, 0, 1, 1, 1, 0, 1, 0, 1, 1, 0, 1, 1, 1, 1, 1, 1, 0, 1, 0, 0, 1, 0, 0, 1, 1, 1, 1, 0, 0, 1, 1, 1, 1, 0, 0, 1, 1, 1, 1, 1, 0, 1, 0, 1, 0, 1, 1, 1, 1, 1, 0, 1, 1, 1, 1, 1, 1, 1, 1, 0, 1, 1, 1, 0, 1, 0, 0]","[0, 1, 0, 1, 1, 1, 1, 0, 1, 0, 1, 1, 0, 1, 1, 1, 0, 1, 0, 1, 1, 1, 1, 1, 1, 1, 0, 1, 1, 1, 1, 1, 1, 1, 1, 0, 0, 1, 0, 1, 1, 1, 1, 1, 1, 1, 1, 1, 1, 1, 1, 1, 1, 0, 1, 1, 1, 0, 1, 1, 1, 1, 1, 1, 1, 1, 0, 1, 1, 1, 1, 1, 1, 1, 1, 1, 0, 1, 1, 1, 0, 1, 1, 1, 1, 0, 1, 1, 1, 1, 1, 1, 0, 1, 0, 0, 1, 0, 0, 1, 1, 1, 1, 0, 1, 1, 1, 0, 1, 0, 0, 1, 1, 1, 0, 1, 0, 1, 0, 1, 0, 1, 1, 1, 1, 1, 0, 1, 1, 1, 1, 1, 1, 1, 1, 0, 0, 1, 1, 1, 1, 0, 0]","[7.706423477538257e-25, 1.0, 7.432922081340896e-18, 1.0, 1.0, 1.0, 1.0, 0.10028182625170778, 0.9999999999999929, 1.3093685110251385e-77, 1.0, 1.0, 1.665323804743004e-181, 1.0, 1.0, 1.0, 1.4957301344416125e-14, 0.9999848780566339, 5.2613492939087785e-222, 1.0, 0.9999999999981668, 1.0, 1.0, 1.0, 1.0, 1.0, 7.905950627286912e-124, 1.0, 1.0, 1.0, 1.0, 1.0, 1.0, 1.0, 1.0, 1.5708621695225193e-62, 8.089395739330834e-75, 1.0, 1.8379691779852814e-39, 1.0, 0.999999999999833, 1.0, 1.0, 1.0, 1.0, 0.9999994961722994, 1.0, 1.0, 1.0, 1.0, 1.0, 1.0, 1.0, 0.0, 0.9632210710638613, 0.9962044137510843, 0.9943855218837111, 3.7363560874897385e-10, 1.0, 1.0, 0.9999990960449132, 1.0, 1.0, 1.0, 0.9999999963781931, 1.0, 7.265558713728867e-98, 1.0, 1.0, 1.0, 1.0, 0.9999999996189999, 1.0, 1.0, 1.0, 0.9999999999998685, 9.252302367319353e-120, 1.0, 1.0, 1.0, 4.074884039727544e-70, 1.0, 1.0, 1.0, 1.0, 1.230812808200358e-95, 1.0, 1.0, 1.0, 1.0, 1.0, 1.0, 0.0475721576093156, 1.0, 3.579164433697551e-107, 1.2530968659625246e-193, 1.0, 2.9591997333257483e-158, 5.6399133557650586e-21, 1.0, 0.9999999999999076, 1.0, 1.0, 1.677944360851805e-19, 1.0, 1.0, 1.0, 0.060312000386847114, 1.0, 8.442088608802475e-89, 1.2241972885830132e-93, 1.0, 1.0, 0.9814059402265874, 2.77654802861784e-20, 1.0, 1.2307425873933655e-52, 1.0, 5.307057888896864e-147, 1.0, 6.355630973454845e-105, 1.0, 1.0, 1.0, 1.0, 1.0, 4.098715192334606e-223, 1.0, 1.0, 1.0, 1.0, 1.0, 1.0, 1.0, 1.0, 2.766696406346419e-50, 4.5784900691115396e-67, 1.0, 1.0, 0.9999992298623378, 1.0, 0.00025703013457467925, 1.3345596788531733e-160]"
Naive Bayes,41,9,"[1, 1, 1, 0, 1, 0, 0, 1, 1, 1, 0, 0, 1, 1, 1, 1, 1, 0, 1, 0, 1, 1, 0, 1, 1, 1, 1, 1, 1, 1, 0, 1, 1, 1, 1, 1, 1, 0, 0, 1, 1, 0, 1, 0, 0, 1, 1, 1, 1, 0, 0, 1, 1, 1, 0, 0, 0, 1, 0, 1, 0, 0, 1, 1, 1, 0, 1, 1, 0, 0, 0, 1, 1, 1, 1, 1, 1, 1, 0, 0, 1, 1, 1, 1, 1, 1, 1, 0, 0, 1, 0, 1, 1, 1, 1, 1, 0, 1, 1, 0, 1, 1, 0, 0, 0, 1, 1, 1, 0, 1, 1, 1, 0, 1, 1, 1, 1, 0, 0, 1, 0, 1, 0, 0, 0, 1, 1, 1, 1, 0, 0, 0, 1, 1, 1, 0, 1, 0, 1, 1, 0, 1, 0, 0]","[1, 1, 1, 0, 0, 0, 1, 1, 1, 1, 1, 0, 1, 1, 1, 1, 1, 0, 1, 0, 1, 1, 0, 1, 1, 1, 1, 1, 1, 1, 0, 1, 1, 1, 1, 1, 1, 1, 1, 1, 0, 1, 1, 0, 1, 1, 1, 1, 1, 1, 1, 1, 1, 1, 0, 0, 0, 1, 0, 1, 0, 1, 1, 1, 1, 0, 1, 1, 0, 0, 0, 1, 1, 1, 1, 1, 1, 1, 1, 0, 0, 1, 1, 1, 1, 1, 0, 0, 0, 1, 1, 1, 1, 1, 1, 1, 1, 1, 1, 0, 1, 1, 0, 0, 1, 1, 1, 1, 0, 1, 1, 1, 1, 1, 1, 1, 1, 0, 0, 1, 0, 1, 1, 0, 0, 1, 1, 1, 1, 0, 1, 0, 1, 0, 1, 0, 1, 0, 1, 1, 0, 1, 0, 0]","[1.0, 1.0, 1.0, 7.279887770097949e-182, 6.983537237343961e-40, 1.194778865650696e-106, 1.0, 1.0, 1.0, 1.0, 1.0, 0.0, 1.0, 1.0, 0.9999999999999964, 1.0, 1.0, 0.0, 1.0, 3.919012499252966e-96, 1.0, 1.0, 2.0196287011330226e-246, 1.0, 0.9999999999999076, 1.0, 1.0, 1.0, 1.0, 1.0, 2.2963334875240068e-212, 0.9999999999992895, 1.0, 0.9999854239186721, 1.0, 1.0, 1.0, 0.9999999958834778, 0.9424480251206248, 1.0, 9.188942136511913e-26, 0.999999747772545, 1.0, 0.0, 1.0, 1.0, 1.0, 1.0, 1.0, 0.9999999992128963, 1.0, 1.0, 1.0, 1.0, 0.0, 8.927091855631356e-133, 1.2120215902416034e-42, 1.0, 6.885966752058121e-175, 1.0, 6.4816450637686185e-06, 0.9999999991036503, 1.0, 1.0, 1.0, 1.7756637364297947e-263, 1.0, 1.0, 1.669150665822799e-43, 3.281864107994605e-20, 5.0260241018227274e-29, 1.0, 0.999999999999936, 1.0, 1.0, 1.0, 1.0, 1.0, 1.0, 2.0433945615727914e-238, 0.0, 1.0, 1.0, 1.0, 0.9999999999999964, 1.0, 9.134838157894703e-57, 1.4017566e-317, 3.6562901093388115e-49, 1.0, 1.0, 1.0, 1.0, 1.0, 1.0, 1.0, 0.9999999997797957, 1.0, 1.0, 0.0, 1.0, 1.0, 0.0, 3.6805068643836852e-295, 0.9999999999999787, 1.0, 0.9991912344754597, 1.0, 3.427341349375363e-21, 1.0, 1.0, 0.9999999999999183, 1.0, 1.0, 1.0, 1.0, 1.0, 2.509552711641058e-78, 0.0, 1.0, 0.0, 1.0, 0.9999384789363394, 0.0, 1.704793925927726e-277, 1.0, 1.0, 0.9999999999999929, 1.0, 0.0, 0.9999999961999606, 0.0, 1.0, 1.246935591264812e-97, 1.0, 0.0, 1.0, 6.3094345328905056e-52, 1.0, 0.9999999999997726, 0.0, 0.9999435392208178, 8.687448787520446e-46, 1.3738123111941069e-185]"
Naive Bayes,42,9,"[1, 1, 0, 0, 1, 0, 1, 1, 0, 1, 1, 1, 1, 1, 1, 1, 1, 1, 1, 0, 0, 1, 1, 0, 1, 0, 0, 0, 0, 1, 1, 1, 1, 1, 0, 1, 1, 1, 0, 1, 0, 0, 0, 1, 0, 1, 0, 0, 0, 1, 0, 1, 1, 1, 1, 1, 0, 1, 1, 0, 1, 1, 1, 1, 1, 1, 1, 1, 1, 0, 1, 0, 1, 1, 1, 1, 1, 1, 1, 1, 1, 1, 1, 1, 0, 1, 0, 1, 0, 1, 1, 1, 1, 1, 1, 0, 1, 1, 1, 1, 1, 0, 1, 1, 1, 0, 0, 0, 0, 1, 1, 1, 0, 0, 1, 1, 1, 1, 1, 1, 0, 0, 0, 1, 1, 0, 0, 1, 0, 0, 1, 0, 1, 1, 0, 0, 0, 0, 0, 1, 0, 1, 1]","[1, 1, 1, 0, 1, 0, 1, 1, 0, 1, 1, 1, 1, 1, 1, 1, 1, 1, 1, 1, 0, 1, 1, 0, 1, 0, 0, 0, 0, 1, 1, 1, 1, 0, 1, 1, 1, 1, 0, 1, 0, 0, 0, 1, 0, 0, 1, 0, 1, 1, 0, 1, 1, 1, 1, 1, 0, 1, 1, 0, 1, 1, 1, 1, 1, 1, 1, 1, 1, 0, 1, 0, 1, 1, 1, 1, 1, 1, 1, 1, 1, 1, 1, 1, 1, 1, 0, 1, 0, 1, 1, 1, 1, 1, 1, 1, 1, 1, 1, 1, 1, 0, 1, 1, 1, 1, 1, 1, 0, 1, 1, 1, 1, 0, 1, 1, 1, 1, 1, 1, 1, 1, 0, 1, 1, 0, 1, 1, 0, 1, 1, 0, 1, 1, 0, 1, 1, 0, 1, 1, 0, 1, 1]","[1.0, 1.0, 1.0, 0.10577603178786081, 1.0, 1.5553659385879113e-65, 1.0, 1.0, 2.875320346606686e-85, 1.0, 1.0, 1.0, 0.9999999583436443, 0.9999999997768043, 0.9999999993268318, 1.0, 1.0, 1.0, 1.0, 0.967752650556122, 2.3315650457650145e-28, 1.0, 1.0, 0.19417291807131187, 1.0, 1.3591187957862553e-40, 3.6258605324411876e-37, 6.936649592948345e-135, 0.0, 1.0, 1.0, 1.0, 0.999999999997673, 1.4059563165125315e-14, 0.9999996889248792, 1.0, 1.0, 1.0, 1.4571959222783888e-20, 1.0, 9.782768637779383e-132, 5.35233650411399e-132, 0.0, 1.0, 0.0, 0.2091103400496166, 0.5730356510011363, 2.494736645127886e-15, 1.0, 1.0, 9.411856999869458e-35, 1.0, 1.0, 1.0, 1.0, 1.0, 2.7543108967883774e-99, 1.0, 1.0, 6.348194456004038e-108, 1.0, 1.0, 1.0, 1.0, 1.0, 1.0, 1.0, 1.0, 1.0, 2.145406060296612e-23, 1.0, 0.0, 1.0, 1.0, 1.0, 0.9999999936149493, 1.0, 1.0, 1.0, 1.0, 1.0, 1.0, 1.0, 1.0, 1.0, 1.0, 1.37372556782911e-166, 1.0, 4.217018069631773e-121, 1.0, 1.0, 1.0, 1.0, 1.0, 1.0, 1.0, 0.9999999849900619, 1.0, 1.0, 1.0, 1.0, 2.458240840930618e-65, 1.0, 1.0, 1.0, 1.0, 1.0, 0.9999999999997584, 1.0700569996702154e-26, 1.0, 0.9999999999999005, 1.0, 0.9999999999991367, 1.3109214723224019e-58, 1.0, 1.0, 1.0, 1.0, 1.0, 1.0, 1.0, 1.0, 8.160975341473531e-07, 1.0, 1.0, 1.915273239044522e-13, 0.9999998293045355, 1.0, 0.0, 1.0, 1.0, 2.225368198072401e-33, 1.0, 0.9999999999998153, 0.06300353775879507, 1.0, 0.9992878964625803, 6.454787365406685e-95, 1.0, 1.0, 4.7927347630247675e-143, 1.0, 0.999999997625892]"
Naive Bayes,43,9,"[0, 0, 0, 1, 1, 1, 1, 1, 1, 1, 1, 0, 0, 0, 1, 1, 1, 1, 0, 0, 1, 1, 0, 1, 0, 1, 0, 1, 1, 0, 1, 1, 1, 1, 0, 1, 0, 0, 0, 0, 0, 1, 1, 1, 0, 0, 1, 0, 0, 1, 1, 1, 0, 1, 1, 0, 1, 0, 1, 1, 1, 1, 0, 0, 0, 0, 0, 1, 0, 1, 0, 1, 1, 1, 0, 0, 1, 1, 1, 1, 1, 1, 1, 1, 1, 0, 1, 1, 1, 0, 0, 0, 1, 1, 0, 1, 0, 0, 0, 1, 0, 1, 1, 0, 1, 1, 1, 1, 1, 1, 0, 1, 1, 1, 1, 1, 0, 0, 1, 0, 1, 1, 1, 0, 1, 1, 0, 1, 0, 1, 0, 1, 0, 1, 1, 1, 1, 1, 1, 0, 1, 1, 1, 1]","[1, 1, 0, 1, 1, 0, 1, 1, 1, 1, 1, 0, 1, 0, 1, 1, 1, 1, 0, 0, 1, 1, 0, 1, 0, 1, 0, 1, 1, 0, 1, 1, 1, 0, 1, 1, 0, 1, 1, 1, 0, 1, 1, 1, 1, 1, 1, 0, 1, 1, 1, 1, 1, 1, 1, 1, 1, 0, 1, 0, 1, 1, 1, 0, 0, 0, 0, 1, 0, 1, 0, 1, 1, 1, 1, 1, 1, 1, 1, 1, 1, 1, 1, 1, 1, 0, 1, 1, 1, 1, 0, 0, 1, 0, 0, 1, 1, 0, 0, 1, 0, 1, 0, 0, 1, 1, 1, 1, 1, 1, 1, 1, 1, 1, 1, 1, 1, 1, 1, 1, 1, 1, 1, 1, 1, 1, 0, 1, 1, 1, 0, 1, 0, 1, 1, 1, 1, 1, 1, 0, 1, 1, 0, 1]","[1.0, 1.0, 4.170345533100081e-20, 1.0, 1.0, 4.322649015407411e-37, 1.0, 0.9999989731495106, 1.0, 1.0, 1.0, 2.5625500721669198e-163, 0.8001318860898264, 2.453711213841344e-81, 1.0, 0.9470721671459374, 1.0, 1.0, 9.548608217468062e-265, 8.030691066521325e-229, 0.9999450124482572, 1.0, 1.3700621746551854e-116, 0.9999971049014519, 1.52152074470977e-150, 0.9999999999999893, 5.253073276134472e-251, 1.0, 1.0, 7.724554913133946e-69, 0.9999999999999858, 1.0, 1.0, 1.1300610167892439e-07, 1.0, 1.0, 1.6530214209297757e-05, 0.9999999999999964, 1.0, 0.9554841737931251, 6.465457896598399e-171, 1.0, 1.0, 1.0, 1.0, 1.0, 1.0, 3.5733174989804484e-106, 0.9999999998708091, 1.0, 1.0, 1.0, 1.0, 1.0, 1.0, 1.0, 1.0, 0.0, 1.0, 2.8254978962562534e-13, 1.0, 1.0, 0.9999999992644746, 7.672144848420124e-144, 1.0422937049338056e-144, 5.966746677261739e-35, 0.0, 1.0, 3.270666795812855e-240, 0.9999999999872173, 0.0, 1.0, 1.0, 0.9999999999999964, 1.0, 1.0, 0.9999999999978613, 1.0, 1.0, 1.0, 1.0, 1.0, 1.0, 1.0, 1.0, 0.0, 1.0, 0.9999999258665212, 1.0, 0.9556764075140154, 3.302785247017797e-07, 2.447125665132053e-206, 1.0, 2.33347793673548e-31, 9.984335016852518e-200, 1.0, 1.0, 4.338183578841031e-61, 3.804732424419658e-13, 0.9999999999990656, 1.7840831109946351e-60, 1.0, 5.493765597553132e-102, 4.150211398552766e-74, 1.0, 1.0, 1.0, 1.0, 0.9999999526969259, 1.0, 1.0, 1.0, 1.0, 1.0, 1.0, 1.0, 1.0, 1.0, 1.0, 1.0, 1.0, 1.0, 1.0, 0.999999999999968, 1.0, 1.0, 7.549899209382233e-90, 1.0, 1.0, 1.0, 2.263243316150016e-241, 0.9999999999999929, 0.008540660398518203, 1.0, 1.0, 1.0, 1.0, 1.0, 1.0, 1.1214593496064868e-58, 1.0, 1.0, 0.07721108271083578, 1.0]"
Naive Bayes,44,9,"[0, 0, 1, 0, 1, 1, 0, 1, 1, 1, 1, 1, 1, 1, 0, 1, 1, 0, 1, 1, 1, 1, 1, 1, 1, 0, 1, 0, 0, 1, 1, 0, 1, 1, 0, 1, 1, 1, 0, 1, 1, 0, 1, 1, 1, 1, 1, 0, 1, 1, 1, 0, 0, 1, 1, 1, 0, 1, 0, 1, 1, 0, 1, 0, 1, 1, 1, 1, 1, 1, 0, 1, 1, 0, 0, 1, 0, 1, 0, 1, 0, 0, 0, 1, 1, 0, 0, 1, 1, 0, 1, 1, 1, 1, 0, 0, 1, 1, 0, 1, 0, 1, 1, 1, 1, 1, 0, 0, 0, 1, 0, 1, 1, 0, 1, 1, 1, 1, 0, 0, 0, 1, 1, 1, 1, 0, 0, 0, 0, 1, 1, 0, 1, 1, 0, 1, 1, 0, 0, 0, 0, 1, 1]","[0, 0, 1, 1, 1, 1, 1, 1, 0, 1, 1, 1, 1, 1, 0, 1, 1, 1, 1, 1, 1, 1, 1, 1, 1, 0, 1, 1, 0, 1, 1, 1, 1, 1, 1, 0, 1, 0, 1, 0, 1, 1, 0, 0, 1, 1, 1, 0, 1, 1, 1, 0, 0, 1, 0, 1, 0, 1, 0, 1, 1, 0, 1, 0, 1, 1, 0, 1, 1, 1, 1, 1, 1, 0, 1, 1, 0, 1, 0, 1, 0, 0, 0, 1, 1, 1, 0, 1, 1, 1, 1, 0, 1, 1, 0, 1, 0, 1, 0, 1, 0, 1, 1, 1, 1, 1, 1, 0, 1, 1, 1, 1, 0, 1, 1, 1, 1, 1, 0, 0, 1, 1, 1, 1, 1, 0, 1, 0, 1, 1, 1, 0, 1, 1, 0, 1, 1, 1, 1, 0, 0, 1, 1]","[8.219539152523728e-38, 1.147124916460873e-161, 1.0, 1.0, 0.9999999999999929, 1.0, 1.0, 1.0, 0.0003085002419425624, 1.0, 1.0, 1.0, 1.0, 1.0, 2.045194896207083e-25, 1.0, 1.0, 0.9999999999846736, 1.0, 1.0, 1.0, 1.0, 1.0, 1.0, 0.9999999998342517, 3.831073747660196e-136, 1.0, 1.0, 3.542394657326323e-88, 1.0, 1.0, 0.9999999999995026, 1.0, 1.0, 0.9999999999970797, 1.2453149443610032e-51, 1.0, 3.2109383066316495e-16, 1.0, 2.4845807877539183e-19, 1.0, 0.9999961049744043, 3.096304204390524e-07, 6.115134044246785e-121, 1.0, 1.0, 1.0, 0.0, 0.9999999999990692, 1.0, 1.0, 9.066414608222884e-112, 0.0, 1.0, 2.29442228671109e-110, 1.0, 0.06437042682843087, 1.0, 6.599597212504624e-202, 1.0, 0.9999999892088242, 1.6034110290527463e-82, 1.0, 8.971483509604518e-20, 1.0, 1.0, 3.819543769718887e-27, 1.0, 0.9999999999989058, 1.0, 1.0, 1.0, 1.0, 1.950682339929893e-127, 1.0, 1.0, 1.431515627886907e-44, 1.0, 0.0, 1.0, 6.922285557724085e-95, 3.865145805170264e-77, 1.7293110101742156e-140, 1.0, 1.0, 1.0, 4.230038116951837e-189, 1.0, 1.0, 1.0, 0.9999960819652091, 0.03450251080734255, 1.0, 1.0, 2.9192544795861876e-177, 1.0, 1.1578548983364458e-25, 1.0, 0.0, 1.0, 0.0, 0.9999999999999076, 1.0, 1.0, 1.0, 0.999999987317601, 1.0, 2.5593723607379994e-100, 1.0, 1.0, 0.9999999009546321, 1.0, 4.707944544927542e-24, 0.9999549019007998, 1.0, 1.0, 1.0, 1.0, 2.2827760388749504e-118, 0.0, 0.9702002585122856, 1.0, 1.0, 1.0, 1.0, 2.015485117105592e-44, 1.0, 7.384323220568141e-120, 0.9999999994945057, 1.0, 1.0, 4.0603924063558324e-07, 1.0, 1.0, 2.377049030899883e-55, 1.0, 1.0, 1.0, 1.0, 3.624936103609262e-06, 0.0, 1.0, 1.0]"
Naive Bayes,45,9,"[1, 0, 0, 1, 1, 1, 1, 0, 1, 0, 1, 0, 1, 1, 1, 0, 0, 0, 1, 1, 1, 1, 1, 1, 0, 1, 1, 1, 0, 1, 1, 1, 1, 1, 0, 0, 1, 1, 0, 1, 1, 1, 1, 1, 1, 1, 0, 0, 1, 0, 1, 1, 1, 0, 1, 0, 0, 1, 1, 1, 1, 1, 1, 1, 1, 0, 1, 1, 0, 1, 0, 1, 1, 0, 1, 1, 1, 1, 1, 0, 1, 0, 1, 1, 1, 1, 1, 1, 1, 1, 1, 0, 1, 0, 1, 0, 0, 1, 0, 1, 1, 1, 1, 0, 0, 1, 0, 1, 1, 1, 1, 0, 1, 1, 1, 1, 1, 1, 1, 0, 0, 0, 1, 0, 1, 0, 0, 0, 1, 0, 1, 1, 1, 1, 1, 0, 0, 1, 1, 0, 0, 1, 1]","[1, 1, 1, 1, 1, 1, 1, 0, 1, 1, 0, 0, 1, 1, 1, 0, 1, 0, 0, 1, 1, 1, 1, 1, 0, 1, 1, 1, 0, 1, 1, 1, 1, 1, 0, 0, 1, 1, 0, 1, 1, 1, 1, 1, 1, 1, 0, 1, 1, 1, 1, 1, 1, 0, 1, 0, 0, 1, 1, 1, 1, 1, 1, 1, 1, 0, 0, 1, 0, 1, 0, 1, 1, 1, 1, 1, 1, 1, 1, 0, 1, 0, 1, 1, 1, 1, 1, 1, 1, 1, 1, 0, 0, 0, 1, 0, 0, 1, 0, 0, 1, 1, 1, 1, 1, 1, 0, 1, 1, 1, 1, 0, 1, 1, 1, 1, 1, 1, 1, 1, 0, 0, 1, 1, 1, 0, 1, 0, 1, 1, 1, 0, 1, 1, 1, 1, 0, 1, 1, 1, 1, 1, 1]","[1.0, 0.9999995033812777, 1.0, 1.0, 1.0, 1.0, 1.0, 7.356970147747498e-50, 0.9999999999999858, 1.0, 9.434008354190035e-06, 7.416862544712835e-72, 1.0, 1.0, 1.0, 1.58298515119579e-14, 0.9999735712911487, 5.579632734432839e-42, 2.9082164370965293e-31, 1.0, 1.0, 1.0, 1.0, 1.0, 2.728006578094526e-179, 1.0, 1.0, 1.0, 1.8536371376977336e-18, 1.0, 1.0, 1.0, 1.0, 1.0, 6.61267704296891e-61, 1.9629911553671832e-72, 1.0, 1.0, 1.742729182560092e-38, 1.0, 1.0, 1.0, 1.0, 1.0, 1.0, 1.0, 3.4843524952552814e-31, 1.0, 1.0, 0.9435035424262518, 0.9986349870927376, 1.0, 0.9557818520755195, 4.069896679785857e-175, 0.9934113519577867, 6.975108797136277e-216, 4.022901802913359e-10, 1.0, 1.0, 1.0, 0.9999981659130961, 1.0, 1.0, 1.0, 1.0, 8.417926673958892e-53, 1.752619517510279e-20, 1.0, 8.025881913248535e-64, 0.9999999988348875, 5.776812452029067e-35, 0.9999999999992255, 0.999999999999627, 0.9991029461561046, 1.0, 1.0, 1.0, 1.0, 1.0, 7.302433322234819e-68, 1.0, 1.2418134909148151e-92, 1.0, 1.0, 1.0, 1.0, 1.0, 1.0, 1.0, 1.0, 1.0, 0.050338309265436025, 5.097223988417744e-18, 7.669112277087247e-32, 1.0, 1.66079633299624e-103, 1.4412865039309095e-121, 1.0, 1.2403790434739944e-20, 4.9435244860971875e-05, 1.0, 1.0, 0.9999999999997087, 1.0, 0.9999999999999822, 1.0, 1.014210304447415e-23, 1.0, 1.0, 1.0, 1.0, 8.428565095332943e-91, 1.0, 0.9857950819457638, 0.9646350143493011, 0.9999999999384457, 1.0, 1.0, 1.0, 0.9999999791662832, 4.3377099425253494e-141, 1.152644019790444e-08, 1.0, 0.9050666327738282, 1.0, 3.479612873897756e-214, 1.0, 6.615183838906768e-75, 1.0, 1.0, 1.0, 1.2556488232297683e-06, 1.0, 1.0, 1.0, 1.0, 7.855922190509215e-49, 1.0, 1.0, 0.9999985032598931, 0.8308456811164358, 1.0, 1.0]"
Naive Bayes,46,10,"[0, 0, 1, 0, 0, 1, 1, 0, 1, 1, 0, 0, 1, 0, 0, 1, 1, 1, 0, 1, 1, 1, 1, 1, 1, 0, 1, 0, 1, 0, 1, 1, 1, 1, 1, 1, 0, 1, 1, 0, 0, 0, 1, 1, 0, 1, 0, 1, 1, 0, 0, 0, 1, 0, 1, 0, 0, 1, 1, 0, 0, 0, 1, 1, 1, 1, 0, 1, 0, 1, 1, 1, 0, 1, 1, 1, 1, 1, 1, 1, 0, 1, 1, 1, 1, 1, 1, 1, 0, 0, 1, 0, 0, 0, 1, 1, 1, 1, 0, 0, 1, 1, 1, 1, 1, 1, 1, 1, 0, 1, 1, 0, 0, 0, 1, 1, 1, 1, 1, 0, 0, 0, 0, 1, 0, 0, 1, 1, 1, 0, 0, 0, 0, 1, 1, 0, 0, 1, 0, 1, 0, 1, 0, 1]","[0, 1, 1, 0, 1, 1, 1, 0, 1, 1, 0, 1, 1, 0, 0, 1, 1, 1, 0, 1, 1, 1, 1, 1, 1, 0, 1, 0, 1, 0, 1, 1, 1, 0, 1, 1, 1, 1, 1, 0, 1, 0, 1, 0, 1, 1, 1, 1, 1, 0, 0, 1, 1, 1, 1, 0, 1, 1, 1, 0, 0, 0, 1, 1, 1, 1, 0, 1, 0, 1, 1, 1, 0, 1, 1, 1, 1, 1, 1, 1, 0, 1, 1, 1, 1, 1, 1, 1, 0, 0, 1, 0, 0, 1, 1, 1, 1, 1, 0, 1, 1, 1, 1, 1, 1, 0, 1, 1, 1, 1, 1, 0, 0, 0, 1, 1, 1, 1, 1, 1, 0, 0, 1, 1, 1, 0, 1, 1, 1, 0, 1, 0, 0, 1, 1, 1, 0, 1, 1, 1, 0, 1, 0, 1]","[6.623555478174698e-30, 1.0, 1.0, 1.2596275325921386e-66, 1.0, 1.0, 1.0, 0.0, 1.0, 1.0, 3.53177435492743e-71, 1.0, 0.9999999999998792, 1.6268176016489745e-88, 1.8252369752340035e-69, 0.9935821352535376, 1.0, 1.0, 8.922320536869324e-57, 1.0, 1.0, 1.0, 1.0, 0.9999985444808749, 1.0, 4.2098155716466835e-219, 1.0, 0.2505695400310567, 1.0, 2.8407371054777538e-115, 0.9999999999761044, 1.0, 1.0, 9.886770423116259e-06, 1.0, 1.0, 1.0, 1.0, 1.0, 0.011017074194159317, 0.9999998325499815, 6.212308701516036e-96, 1.0, 5.211846730851953e-05, 0.9999999996776197, 1.0, 1.0, 1.0, 1.0, 2.333472187123335e-136, 3.101393517427333e-98, 0.5889093278771832, 1.0, 0.9999999863125667, 1.0, 1.5850581956747278e-125, 0.6458699595550134, 1.0, 1.0, 0.0, 2.1870912196266566e-08, 2.0648168032075414e-19, 1.0, 1.0, 1.0, 1.0, 3.8491088153264313e-169, 1.0, 4.696560922014951e-125, 1.0, 1.0, 1.0, 6.034056683403031e-65, 1.0, 1.0, 0.9999999999997726, 1.0, 1.0, 1.0, 1.0, 8.229962526391354e-156, 1.0, 1.0, 1.0, 1.0, 1.0, 1.0, 1.0, 8.939224898696357e-177, 1.3938691889992617e-184, 1.0, 0.0, 1.0788429909435352e-147, 0.9999999999994387, 0.9999999999991473, 1.0, 1.0, 1.0, 1.0812320090909135e-65, 1.0, 1.0, 0.9999999907068045, 1.0, 1.0, 1.0, 2.3550298104787784e-06, 1.0, 1.0, 1.0, 1.0, 1.0, 1.700992822564257e-48, 1.634260454549266e-27, 5.464823553261951e-181, 1.0, 1.0, 1.0, 1.0, 1.0, 1.0, 8.597089387967132e-204, 3.305726841631518e-145, 1.0, 0.9999999999998721, 1.0, 5.111715793661766e-07, 1.0, 1.0, 1.0, 7.105433327919012e-198, 0.9999999912590027, 0.0, 0.24989720541484378, 1.0, 1.0, 1.0, 1.0185626513666386e-278, 1.0, 1.0, 1.0, 1.3314128107161e-224, 0.9999933854723706, 4.688843118062585e-102, 0.6673268943680503]"
Naive Bayes,47,10,"[0, 1, 1, 0, 1, 1, 1, 1, 1, 1, 1, 1, 1, 0, 1, 1, 1, 1, 1, 1, 1, 1, 1, 0, 0, 1, 1, 1, 0, 1, 1, 0, 0, 0, 0, 0, 0, 1, 1, 1, 0, 0, 1, 1, 1, 1, 1, 1, 0, 1, 1, 1, 1, 0, 1, 1, 1, 1, 0, 0, 1, 0, 1, 1, 1, 1, 0, 0, 1, 1, 1, 1, 1, 1, 0, 1, 1, 0, 1, 1, 1, 0, 1, 1, 1, 1, 1, 1, 1, 0, 0, 0, 1, 0, 0, 0, 0, 1, 0, 1, 0, 1, 1, 0, 1, 1, 1, 1, 0, 0, 1, 1, 1, 1, 1, 0, 1, 0, 1, 0, 0, 0, 1, 1, 1, 1, 0, 0, 0, 0, 0, 1, 0, 1, 1, 0, 0, 0, 0, 1, 1, 1, 1, 0]","[1, 1, 1, 0, 1, 1, 1, 1, 1, 1, 1, 1, 1, 0, 1, 1, 1, 1, 1, 1, 1, 1, 1, 0, 0, 1, 1, 1, 0, 1, 1, 1, 0, 1, 0, 1, 1, 1, 1, 1, 1, 1, 1, 1, 1, 1, 1, 1, 0, 1, 1, 1, 1, 0, 1, 1, 1, 1, 0, 0, 1, 0, 1, 1, 0, 1, 0, 1, 1, 0, 1, 1, 1, 1, 0, 1, 1, 1, 1, 1, 1, 0, 1, 1, 1, 1, 1, 1, 1, 1, 0, 0, 1, 0, 1, 0, 1, 1, 0, 1, 1, 1, 1, 1, 1, 1, 1, 1, 1, 1, 1, 1, 1, 1, 1, 1, 1, 1, 1, 0, 0, 1, 1, 1, 1, 1, 0, 1, 0, 1, 1, 1, 1, 1, 1, 0, 0, 0, 0, 1, 1, 1, 1, 0]","[1.0, 1.0, 1.0, 5.527448917776631e-109, 1.0, 1.0, 1.0, 1.0, 1.0, 1.0, 1.0, 1.0, 1.0, 8.618419981415096e-216, 0.9999999804081272, 0.9999999999785203, 1.0, 0.999999999924718, 1.0, 1.0, 1.0, 1.0, 1.0, 7.756591530486935e-44, 1.3294242381795925e-117, 1.0, 0.9999999999999964, 1.0, 6.889494859319633e-75, 1.0, 1.0, 0.9999999999997833, 0.0, 1.0, 1.430745492021314e-60, 0.9999999999987921, 0.9983167740411629, 1.0, 1.0, 1.0, 1.0, 0.9999999999809361, 1.0, 1.0, 1.0, 1.0, 1.0, 1.0, 5.540091116677561e-31, 1.0, 1.0, 0.9999999999990798, 1.0, 3.214964518929231e-71, 1.0, 0.9747010878358034, 1.0, 1.0, 4.46175143713314e-31, 0.0, 1.0, 0.0, 1.0, 0.9999999999936904, 1.9122103860328104e-95, 1.0, 3.065759030343849e-16, 1.0, 1.0, 1.4103860672393828e-20, 1.0, 0.9999999968405291, 1.0, 1.0, 3.9686217913234194e-107, 1.0, 1.0, 0.9996966519328947, 1.0, 1.0, 1.0, 1.8793599924616428e-24, 1.0, 0.9999999990655937, 1.0, 1.0, 1.0, 1.0, 1.0, 1.0, 3.518057060254659e-05, 1.7421638735168468e-187, 1.0, 2.2636325110237345e-130, 1.0, 3.73326654721014e-55, 1.0, 1.0, 0.0, 0.9999999999995879, 0.9999999999999893, 0.9999999999999574, 1.0, 1.0, 1.0, 1.0, 1.0, 1.0, 1.0, 1.0, 1.0, 1.0, 1.0, 1.0, 1.0, 1.0, 1.0, 0.9999999999999858, 0.9999999999999929, 2.00306267348442e-62, 0.0, 0.9999817499539503, 1.0, 1.0, 1.0, 1.0, 1.7447591632618792e-76, 1.0, 7.45451731186315e-102, 1.0, 0.9999999892210313, 0.9999999999999929, 1.0, 1.0, 1.0, 5.329295173825523e-54, 0.1153577065729269, 0.0004253892475285442, 6.021905539076129e-29, 1.0, 0.9999999999987708, 0.9999999999848797, 1.0, 5.1383804851801284e-33]"
Naive Bayes,48,10,"[0, 1, 0, 1, 1, 1, 1, 1, 1, 0, 0, 0, 0, 0, 1, 1, 0, 1, 1, 0, 1, 1, 1, 1, 1, 1, 0, 0, 1, 1, 1, 0, 1, 0, 1, 0, 1, 0, 1, 0, 1, 1, 1, 1, 0, 1, 1, 0, 1, 1, 0, 1, 1, 0, 0, 1, 1, 1, 0, 0, 0, 1, 0, 0, 0, 0, 1, 0, 1, 1, 0, 1, 0, 1, 1, 0, 0, 1, 1, 1, 1, 1, 1, 1, 1, 1, 0, 0, 0, 0, 0, 1, 1, 1, 1, 1, 1, 1, 1, 0, 0, 1, 1, 1, 1, 1, 0, 1, 1, 1, 1, 1, 1, 1, 0, 1, 1, 0, 0, 0, 0, 1, 0, 1, 0, 0, 0, 0, 1, 0, 0, 0, 1, 1, 1, 1, 0, 1, 0, 0, 1, 1, 1]","[0, 0, 1, 1, 1, 1, 1, 1, 1, 0, 0, 1, 1, 0, 1, 1, 0, 1, 1, 0, 1, 1, 1, 1, 1, 1, 0, 0, 1, 1, 1, 1, 1, 0, 1, 0, 1, 0, 1, 1, 1, 1, 0, 1, 0, 1, 1, 1, 0, 1, 1, 1, 1, 0, 0, 0, 0, 1, 0, 0, 0, 0, 0, 0, 0, 0, 1, 0, 1, 1, 1, 1, 0, 1, 1, 1, 0, 1, 0, 1, 1, 1, 1, 1, 1, 1, 0, 0, 1, 0, 1, 1, 1, 0, 1, 1, 1, 1, 0, 0, 0, 0, 1, 1, 1, 1, 0, 1, 1, 0, 1, 1, 1, 1, 1, 1, 1, 1, 0, 1, 1, 1, 1, 1, 0, 0, 1, 0, 1, 0, 0, 0, 1, 0, 1, 1, 0, 0, 0, 1, 1, 1, 1]","[0.0, 1.5695630940332923e-76, 1.0, 1.0, 0.9999999694578112, 0.9999999999986997, 1.0, 1.0, 1.0, 0.0, 1.3492949339504574e-102, 0.916437979812013, 1.0, 6.113485291922583e-177, 1.0, 1.0, 0.0, 1.0, 1.0, 0.0, 1.0, 1.0, 0.9999999999999964, 1.0, 1.0, 1.0, 4.705693792589654e-84, 1.1166828120161393e-150, 1.0, 0.9993889373224419, 1.0, 1.0, 1.0, 1.9778240276257133e-08, 1.0, 2.0209326508729788e-180, 1.0, 0.0, 1.0, 1.0, 0.9999999999999787, 1.0, 3.736767052348705e-24, 1.0, 0.0, 1.0, 1.0, 1.0, 4.21339178e-315, 1.0, 1.0, 1.0, 1.0, 0.0, 0.0, 5.796032112123507e-32, 0.004077899336621138, 1.0, 0.0, 0.0, 2.4810937650740184e-248, 4.5159200274688356e-08, 0.0, 0.0, 0.0, 0.0, 1.0, 1.7187948588974202e-05, 1.0, 0.9999999999999964, 1.0, 1.0, 4.527424101224641e-157, 0.9999999999648423, 1.0, 1.0, 3.5092263418601438e-37, 1.0, 0.0, 1.0, 0.9999889490271257, 1.0, 1.0, 1.0, 1.0, 1.0, 6.135414947821786e-291, 1.1044344245215313e-65, 1.0, 0.0, 1.0, 1.0, 0.9999999958966583, 2.6887751397350155e-51, 1.0, 1.0, 0.9999665870442642, 1.0, 1.0619806495504096e-59, 0.0, 0.0, 7.212024759171346e-06, 1.0, 1.0, 1.0, 1.0, 3.6403905518748614e-135, 1.0, 0.9996970769187761, 2.0247045554716703e-258, 1.0, 1.0, 1.0, 1.0, 1.0, 1.0, 1.0, 0.9999996248140797, 9.551452734569386e-186, 1.0, 1.0, 1.0, 1.0, 1.0, 0.0, 1.2015929329834666e-27, 0.9999999999999787, 8.26580987583004e-273, 1.0, 0.0, 2.593012544864777e-92, 3.609250441783251e-36, 1.0, 4.1520479700687006e-13, 1.0, 1.0, 5.015221137493773e-106, 7.025377106826871e-138, 2.0628670679337238e-05, 0.9995984182633965, 1.0, 1.0, 1.0]"
Naive Bayes,49,10,"[0, 1, 1, 0, 1, 0, 1, 1, 1, 1, 1, 0, 0, 1, 0, 1, 1, 1, 1, 0, 0, 1, 0, 0, 1, 0, 1, 1, 0, 1, 0, 1, 1, 1, 1, 1, 1, 0, 1, 1, 1, 1, 1, 1, 1, 0, 0, 1, 1, 0, 0, 1, 1, 1, 1, 0, 1, 1, 0, 0, 1, 1, 1, 1, 1, 1, 0, 1, 1, 1, 1, 1, 1, 1, 0, 1, 0, 1, 0, 1, 0, 1, 1, 1, 1, 1, 0, 1, 0, 1, 1, 0, 0, 1, 1, 0, 0, 1, 1, 0, 1, 1, 0, 0, 1, 1, 1, 1, 1, 0, 0, 1, 1, 0, 1, 1, 1, 1, 1, 1, 1, 1, 1, 1, 1, 0, 1, 0, 1, 1, 1, 0, 1, 1, 1, 0, 0, 0, 1, 0, 0, 0, 1]","[1, 1, 1, 1, 1, 0, 1, 1, 1, 0, 1, 0, 0, 1, 0, 1, 1, 1, 1, 1, 0, 1, 0, 1, 1, 0, 1, 1, 1, 1, 0, 1, 1, 1, 1, 0, 0, 1, 1, 1, 1, 1, 1, 1, 1, 0, 1, 1, 1, 0, 1, 1, 1, 1, 1, 0, 0, 1, 0, 0, 1, 1, 1, 1, 1, 1, 0, 1, 1, 1, 1, 1, 1, 1, 0, 1, 1, 1, 0, 1, 0, 1, 1, 1, 1, 1, 0, 1, 1, 1, 1, 0, 1, 1, 1, 0, 1, 1, 1, 0, 1, 0, 0, 0, 1, 1, 1, 1, 1, 0, 0, 1, 0, 1, 1, 1, 1, 1, 1, 1, 1, 1, 1, 1, 1, 0, 1, 1, 1, 1, 1, 0, 1, 1, 1, 0, 1, 1, 1, 0, 1, 0, 1]","[0.9999921804247746, 1.0, 1.0, 1.0, 1.0, 0.00836702311673666, 0.9999999999998508, 1.0, 1.0, 0.0009108347961928463, 1.0, 2.1216558889683346e-171, 9.488673900047902e-43, 1.0, 4.094618841121192e-22, 0.9999422104502981, 1.0, 1.0, 1.0, 0.9999999999063789, 9.347105743278216e-127, 1.0, 2.153687038180106e-176, 0.74901440473811, 1.0, 5.646438028997997e-31, 1.0, 0.9999999999627462, 1.0, 1.0, 1.5556349464669542e-142, 1.0, 1.0, 1.0, 1.0, 6.086438170131908e-44, 5.851228839333806e-07, 1.0, 1.0, 1.0, 1.0, 1.0, 1.0, 1.0, 1.0, 7.300736617402103e-23, 1.0, 1.0, 1.0, 1.2447333758965544e-30, 0.9999999999910187, 1.0, 1.0, 1.0, 0.9999756335500456, 0.0, 0.022752790977759462, 1.0, 3.9514484335511834e-30, 2.4660068573025628e-53, 0.9999999999999751, 1.0, 0.9999999847288451, 1.0, 1.0, 1.0, 1.6083998306525378e-114, 1.0, 1.0, 1.0, 1.0, 1.0, 1.0, 1.0, 0.0, 1.0, 1.0, 1.0, 1.0901476042609464e-38, 1.0, 0.0, 1.0, 1.0, 1.0, 1.0, 1.0, 5.843830776866814e-119, 1.0, 0.9999999722621457, 1.0, 1.0, 9.781329205662818e-160, 0.9986784136847745, 1.0, 1.0, 4.937586995661268e-103, 1.0, 1.0, 1.0, 1.0849421551089048e-11, 0.9999999999969305, 9.475940440170361e-18, 7.474820954792027e-12, 0.0, 1.0, 1.0, 1.0, 1.0, 1.0, 5.667921173965075e-21, 2.408874548117233e-85, 1.0, 7.594681118901783e-21, 0.9998202681732253, 1.0, 1.0, 1.0, 1.0, 1.0, 1.0, 1.0, 1.0, 1.0, 1.0, 1.0, 4.0409400330970494e-83, 0.9999999999999929, 0.9999999965279116, 1.0, 1.0, 1.0, 1.4803112702517242e-47, 1.0, 1.0, 1.0, 1.46872068218214e-36, 1.0, 1.0, 0.9999999999998792, 1.2189427453946524e-100, 1.0, 2.3742931160507857e-301, 1.0]"
Naive Bayes,50,10,"[1, 1, 0, 0, 1, 1, 1, 1, 1, 1, 0, 1, 1, 1, 1, 0, 0, 1, 1, 1, 0, 1, 1, 1, 1, 1, 1, 1, 1, 0, 1, 1, 1, 0, 0, 1, 0, 1, 0, 1, 1, 1, 1, 0, 1, 1, 0, 0, 0, 0, 1, 1, 1, 1, 1, 1, 1, 0, 1, 1, 0, 1, 0, 0, 1, 1, 1, 1, 1, 1, 1, 1, 0, 1, 1, 0, 1, 0, 1, 1, 0, 1, 1, 1, 1, 1, 1, 0, 0, 1, 0, 0, 1, 0, 1, 1, 1, 1, 1, 1, 1, 1, 0, 1, 1, 1, 1, 1, 1, 1, 0, 0, 0, 1, 0, 1, 0, 1, 1, 1, 1, 1, 1, 0, 1, 1, 1, 0, 0, 1, 0, 1, 1, 1, 1, 1, 1, 1, 0, 1, 1, 0, 1]","[1, 1, 1, 0, 1, 1, 0, 1, 1, 1, 1, 1, 0, 1, 1, 0, 1, 1, 0, 1, 0, 1, 1, 1, 1, 1, 1, 1, 1, 0, 1, 1, 1, 1, 0, 1, 1, 1, 1, 0, 1, 0, 1, 1, 1, 1, 0, 1, 0, 0, 1, 1, 1, 1, 1, 1, 1, 0, 1, 1, 1, 1, 0, 0, 1, 1, 1, 1, 0, 1, 1, 0, 1, 1, 1, 0, 1, 0, 1, 1, 0, 1, 1, 1, 1, 1, 1, 0, 0, 1, 0, 0, 0, 1, 1, 1, 1, 1, 1, 1, 1, 1, 0, 1, 1, 1, 1, 1, 1, 1, 1, 1, 0, 1, 1, 1, 1, 1, 1, 1, 1, 1, 1, 1, 1, 1, 1, 0, 0, 1, 0, 1, 1, 1, 1, 1, 1, 1, 1, 1, 1, 0, 1]","[1.0, 1.0, 1.0, 7.053084564736086e-18, 1.0, 1.0, 1.515417314107727e-30, 1.0, 1.0, 1.0, 1.0, 1.0, 3.7767913013337116e-08, 1.0, 1.0, 7.337909804172586e-16, 0.9999659280491555, 1.0, 7.807831327088427e-32, 1.0, 4.841189539815373e-107, 1.0, 1.0, 1.0, 1.0, 1.0, 1.0, 1.0, 1.0, 8.540927813181773e-19, 1.0, 1.0, 1.0, 0.9999999902185479, 1.86239752928638e-39, 1.0, 1.0, 1.0, 0.999999985138679, 8.511386476783057e-14, 1.0, 4.046946909869705e-17, 1.0, 0.9999992389315279, 1.0, 1.0, 0.0, 0.9044959803516849, 7.723781032246052e-141, 9.950025923186013e-11, 1.0, 1.0, 1.0, 1.0, 1.0, 1.0, 1.0, 4.723142589318359e-38, 1.0, 1.0, 1.0, 1.0, 1.8749105570762275e-64, 3.5549580908850645e-42, 0.9999999999999503, 1.0, 0.999999999999801, 0.9999999999996376, 4.868279716503092e-23, 1.0, 1.0, 4.730109674603896e-38, 1.0, 1.0, 1.0, 2.3801868627003358e-94, 1.0, 2.1933668515257207e-81, 1.0, 1.0, 1.0139562018631737e-65, 1.0, 1.0, 1.0, 1.0, 1.0, 1.0, 0.03067021747139561, 2.812023003373638e-32, 1.0, 2.548561819394392e-153, 6.07471539642699e-22, 5.7152756318024096e-05, 1.0, 1.0, 1.0, 1.0, 1.0, 1.0, 1.0, 0.9999999968635223, 1.0, 1.393543259092994e-92, 0.9759263138515188, 0.9414372043444611, 1.0, 0.9999999999281926, 1.0, 1.0, 1.0, 1.0, 0.9999999186409985, 1.072897335250799e-140, 1.0, 0.841877030488226, 1.0, 0.9814271319617998, 1.0, 1.0, 1.0, 1.0, 1.0, 1.0, 1.0, 1.0, 1.0, 1.0, 2.4144421534695612e-05, 2.4807155711360803e-225, 1.0, 0.0, 1.0, 1.0, 1.0, 1.0, 1.0, 1.0, 1.0, 0.9999967189049284, 1.0, 1.0, 2.192539062519907e-156, 1.0]"
KNN,1,1,"[1, 0, 0, 1, 0, 0, 1, 1, 1, 0, 0, 1, 1, 1, 0, 1, 1, 1, 1, 0, 1, 1, 1, 0, 1, 1, 1, 0, 0, 1, 1, 1, 1, 1, 1, 0, 1, 1, 1, 1, 0, 1, 1, 0, 1, 0, 1, 0, 0, 1, 0, 1, 1, 0, 0, 0, 0, 1, 1, 0, 0, 1, 1, 0, 0, 1, 1, 1, 1, 0, 1, 1, 1, 1, 0, 1, 1, 1, 1, 1, 1, 1, 0, 1, 1, 0, 1, 0, 1, 1, 1, 0, 1, 1, 1, 0, 1, 1, 0, 1, 1, 1, 1, 1, 0, 1, 1, 0, 1, 1, 1, 1, 1, 1, 0, 1, 1, 0, 1, 1, 1, 0, 1, 0, 1, 1, 1, 0, 1, 1, 0, 0, 1, 0, 1, 0, 1, 0, 1, 1, 1, 0, 1, 1]","[0, 0, 1, 1, 1, 0, 1, 1, 1, 0, 0, 1, 1, 1, 0, 1, 0, 1, 1, 0, 1, 1, 0, 0, 1, 1, 1, 0, 0, 1, 1, 0, 1, 1, 1, 0, 1, 1, 1, 1, 0, 1, 1, 1, 1, 0, 1, 0, 0, 1, 0, 1, 1, 0, 0, 1, 1, 1, 1, 0, 0, 1, 1, 0, 0, 1, 0, 1, 1, 0, 1, 1, 1, 1, 0, 0, 1, 1, 1, 1, 1, 1, 0, 1, 1, 0, 1, 0, 1, 1, 1, 0, 1, 1, 1, 0, 1, 1, 1, 1, 1, 1, 1, 1, 1, 1, 1, 1, 1, 1, 0, 1, 1, 1, 1, 1, 1, 0, 1, 1, 1, 0, 1, 0, 1, 1, 1, 1, 1, 1, 0, 0, 1, 0, 1, 0, 1, 0, 1, 1, 1, 0, 0, 1]","[0.4, 0.2, 0.8, 1.0, 1.0, 0.0, 0.8, 0.8, 1.0, 0.2, 0.2, 1.0, 1.0, 1.0, 0.0, 1.0, 0.0, 0.8, 1.0, 0.4, 0.6, 1.0, 0.2, 0.0, 1.0, 0.8, 1.0, 0.2, 0.2, 1.0, 1.0, 0.0, 0.8, 1.0, 0.8, 0.2, 1.0, 1.0, 0.6, 0.8, 0.4, 0.8, 0.8, 0.6, 0.8, 0.0, 1.0, 0.0, 0.0, 1.0, 0.2, 0.6, 1.0, 0.0, 0.0, 0.6, 0.8, 1.0, 1.0, 0.0, 0.2, 1.0, 1.0, 0.2, 0.2, 1.0, 0.4, 0.8, 1.0, 0.0, 1.0, 1.0, 1.0, 0.8, 0.0, 0.0, 1.0, 1.0, 1.0, 1.0, 1.0, 1.0, 0.2, 1.0, 1.0, 0.2, 1.0, 0.0, 1.0, 0.8, 1.0, 0.0, 1.0, 1.0, 1.0, 0.0, 1.0, 1.0, 0.8, 1.0, 0.8, 0.6, 1.0, 0.6, 1.0, 0.8, 0.8, 1.0, 0.8, 1.0, 0.2, 1.0, 1.0, 1.0, 0.8, 0.8, 1.0, 0.0, 0.6, 1.0, 0.8, 0.0, 1.0, 0.2, 1.0, 1.0, 1.0, 1.0, 1.0, 1.0, 0.0, 0.4, 1.0, 0.2, 0.6, 0.0, 1.0, 0.0, 1.0, 0.8, 1.0, 0.0, 0.0, 1.0]"
KNN,2,1,"[0, 1, 0, 1, 0, 0, 1, 1, 1, 1, 0, 0, 1, 1, 1, 1, 1, 1, 1, 1, 1, 1, 1, 0, 1, 1, 0, 1, 1, 1, 0, 0, 0, 0, 1, 1, 0, 0, 1, 1, 1, 1, 1, 0, 0, 0, 1, 0, 1, 0, 1, 1, 1, 1, 0, 0, 0, 0, 1, 0, 1, 0, 1, 0, 1, 0, 0, 1, 1, 1, 1, 0, 1, 1, 1, 1, 1, 1, 1, 0, 0, 0, 1, 1, 1, 1, 1, 1, 1, 1, 1, 0, 1, 0, 0, 0, 1, 1, 0, 1, 1, 0, 0, 1, 1, 1, 1, 0, 1, 1, 1, 0, 0, 0, 0, 0, 0, 1, 1, 1, 0, 0, 1, 0, 1, 0, 0, 1, 0, 1, 0, 1, 1, 1, 1, 0, 1, 0, 0, 0, 1, 1, 1]","[1, 1, 1, 1, 0, 0, 1, 1, 1, 0, 1, 0, 1, 1, 1, 1, 0, 1, 1, 1, 1, 1, 1, 0, 1, 1, 0, 1, 1, 0, 0, 0, 0, 0, 1, 1, 0, 0, 1, 1, 1, 1, 1, 0, 0, 1, 1, 0, 1, 1, 1, 0, 1, 1, 0, 0, 0, 0, 1, 0, 0, 0, 1, 0, 0, 0, 0, 1, 1, 1, 0, 0, 1, 1, 1, 1, 0, 1, 1, 0, 0, 0, 1, 1, 1, 1, 1, 1, 1, 0, 1, 1, 0, 0, 0, 0, 1, 0, 0, 0, 0, 0, 1, 1, 1, 1, 1, 1, 1, 1, 1, 0, 1, 1, 0, 0, 1, 1, 1, 1, 0, 0, 1, 0, 1, 1, 0, 1, 0, 1, 0, 1, 1, 1, 1, 0, 0, 0, 1, 1, 1, 1, 1]","[0.8, 1.0, 0.6, 1.0, 0.0, 0.0, 0.8, 1.0, 1.0, 0.4, 1.0, 0.0, 0.8, 0.6, 1.0, 1.0, 0.4, 0.8, 0.8, 0.8, 1.0, 0.8, 0.8, 0.0, 0.6, 1.0, 0.2, 1.0, 0.8, 0.4, 0.2, 0.0, 0.0, 0.0, 0.8, 1.0, 0.4, 0.2, 1.0, 1.0, 1.0, 1.0, 0.8, 0.2, 0.0, 1.0, 0.8, 0.0, 1.0, 0.6, 1.0, 0.0, 1.0, 0.6, 0.0, 0.2, 0.2, 0.0, 1.0, 0.0, 0.4, 0.0, 1.0, 0.4, 0.4, 0.2, 0.0, 1.0, 1.0, 1.0, 0.4, 0.0, 0.8, 0.8, 1.0, 1.0, 0.2, 1.0, 1.0, 0.0, 0.2, 0.0, 1.0, 1.0, 1.0, 1.0, 1.0, 0.8, 0.8, 0.2, 1.0, 0.6, 0.2, 0.0, 0.0, 0.0, 0.8, 0.4, 0.0, 0.4, 0.4, 0.2, 0.6, 1.0, 0.8, 0.6, 1.0, 1.0, 0.8, 0.6, 1.0, 0.2, 0.6, 1.0, 0.4, 0.4, 0.8, 1.0, 1.0, 0.8, 0.0, 0.2, 0.6, 0.2, 1.0, 1.0, 0.0, 1.0, 0.2, 1.0, 0.2, 0.6, 1.0, 0.6, 1.0, 0.0, 0.0, 0.2, 1.0, 0.6, 1.0, 0.8, 0.8]"
KNN,3,1,"[0, 1, 1, 0, 1, 1, 1, 1, 1, 0, 0, 0, 0, 0, 1, 1, 1, 0, 0, 1, 1, 1, 1, 1, 1, 1, 1, 1, 1, 1, 0, 0, 0, 0, 1, 0, 0, 1, 1, 1, 1, 1, 1, 1, 0, 0, 1, 1, 1, 0, 0, 0, 0, 0, 0, 0, 0, 1, 0, 1, 1, 1, 1, 0, 1, 1, 0, 1, 1, 0, 1, 1, 1, 1, 0, 1, 1, 1, 1, 0, 1, 0, 0, 1, 0, 1, 1, 1, 0, 0, 1, 1, 1, 1, 0, 1, 0, 0, 1, 1, 1, 1, 1, 1, 0, 1, 1, 1, 0, 1, 1, 1, 0, 1, 0, 1, 0, 1, 0, 1, 1, 0, 1, 1, 1, 1, 0, 0, 0, 0, 0, 0, 1, 1, 0, 1, 1, 1, 1, 0, 1, 1, 0]","[1, 1, 1, 1, 1, 1, 1, 1, 1, 0, 0, 0, 0, 0, 1, 1, 1, 0, 0, 0, 1, 1, 1, 1, 1, 0, 1, 1, 1, 1, 1, 0, 1, 0, 1, 1, 1, 1, 0, 1, 1, 1, 1, 1, 1, 1, 1, 1, 1, 0, 1, 0, 0, 0, 0, 0, 0, 1, 0, 0, 1, 1, 1, 1, 1, 1, 1, 1, 1, 0, 1, 1, 1, 1, 0, 1, 1, 1, 1, 1, 1, 0, 0, 1, 0, 1, 1, 1, 1, 0, 1, 0, 1, 1, 1, 1, 1, 0, 1, 1, 0, 1, 1, 1, 1, 1, 1, 1, 1, 1, 1, 1, 0, 1, 1, 1, 0, 1, 1, 1, 1, 0, 1, 1, 1, 1, 1, 0, 0, 0, 0, 0, 1, 1, 0, 1, 1, 0, 1, 1, 1, 1, 0]","[0.6, 1.0, 0.8, 1.0, 0.8, 1.0, 1.0, 0.6, 1.0, 0.4, 0.2, 0.2, 0.2, 0.2, 0.6, 1.0, 1.0, 0.0, 0.0, 0.4, 1.0, 1.0, 0.8, 1.0, 1.0, 0.4, 1.0, 1.0, 1.0, 0.6, 0.8, 0.4, 0.8, 0.0, 0.8, 0.8, 0.8, 0.8, 0.0, 1.0, 1.0, 1.0, 1.0, 0.8, 1.0, 0.6, 1.0, 1.0, 0.6, 0.0, 0.8, 0.0, 0.0, 0.0, 0.2, 0.0, 0.0, 0.8, 0.2, 0.4, 1.0, 1.0, 0.8, 0.8, 1.0, 1.0, 0.6, 1.0, 1.0, 0.2, 0.8, 1.0, 1.0, 1.0, 0.0, 0.6, 1.0, 0.8, 0.8, 1.0, 0.8, 0.0, 0.0, 1.0, 0.4, 1.0, 1.0, 1.0, 0.8, 0.0, 1.0, 0.0, 1.0, 0.8, 1.0, 0.6, 0.8, 0.0, 0.8, 0.8, 0.0, 1.0, 0.8, 1.0, 0.6, 1.0, 1.0, 0.8, 1.0, 1.0, 1.0, 0.8, 0.2, 1.0, 0.8, 1.0, 0.2, 1.0, 0.6, 0.8, 1.0, 0.0, 1.0, 1.0, 1.0, 0.8, 1.0, 0.0, 0.0, 0.4, 0.4, 0.0, 1.0, 1.0, 0.2, 1.0, 1.0, 0.4, 1.0, 0.6, 1.0, 0.6, 0.0]"
KNN,4,1,"[0, 0, 1, 1, 1, 1, 1, 1, 1, 1, 1, 1, 1, 0, 1, 1, 1, 0, 1, 0, 1, 1, 0, 0, 1, 1, 1, 1, 0, 1, 1, 0, 1, 1, 0, 0, 1, 0, 0, 1, 1, 0, 0, 1, 1, 1, 1, 1, 1, 1, 0, 1, 1, 1, 1, 1, 1, 0, 1, 1, 0, 0, 1, 1, 1, 1, 0, 0, 1, 1, 1, 1, 1, 1, 0, 1, 1, 0, 0, 1, 0, 1, 0, 1, 1, 1, 1, 0, 1, 0, 1, 1, 0, 1, 0, 1, 0, 1, 1, 0, 1, 1, 1, 0, 0, 1, 1, 1, 0, 1, 1, 0, 1, 0, 0, 1, 0, 1, 1, 1, 0, 0, 1, 1, 1, 0, 1, 0, 1, 0, 1, 0, 1, 0, 1, 0, 0, 1, 1, 0, 0, 0, 0, 1]","[0, 1, 1, 1, 1, 1, 1, 1, 1, 1, 0, 1, 1, 0, 1, 1, 1, 1, 1, 0, 1, 1, 0, 0, 1, 1, 1, 1, 0, 1, 1, 1, 1, 1, 0, 1, 1, 0, 1, 1, 1, 1, 1, 1, 1, 0, 1, 1, 1, 1, 0, 1, 0, 1, 1, 1, 1, 0, 1, 1, 1, 0, 1, 1, 1, 1, 0, 0, 1, 1, 1, 1, 1, 1, 1, 1, 1, 0, 1, 1, 0, 1, 0, 1, 1, 1, 1, 0, 1, 1, 1, 1, 0, 1, 0, 1, 1, 0, 0, 0, 1, 1, 1, 1, 1, 1, 1, 1, 0, 0, 1, 0, 1, 0, 0, 1, 0, 1, 1, 1, 0, 0, 1, 1, 1, 1, 1, 0, 1, 1, 1, 0, 1, 0, 1, 0, 0, 1, 1, 0, 0, 0, 0, 1]","[0.4, 0.6, 0.8, 1.0, 1.0, 1.0, 0.8, 1.0, 1.0, 0.6, 0.4, 1.0, 1.0, 0.0, 1.0, 0.8, 1.0, 0.8, 1.0, 0.0, 1.0, 1.0, 0.2, 0.0, 0.8, 1.0, 0.8, 0.6, 0.2, 0.8, 1.0, 0.6, 1.0, 1.0, 0.4, 0.6, 0.6, 0.0, 0.6, 0.8, 0.8, 1.0, 0.8, 1.0, 1.0, 0.2, 0.6, 1.0, 1.0, 0.8, 0.0, 1.0, 0.0, 1.0, 1.0, 0.8, 0.8, 0.0, 1.0, 1.0, 1.0, 0.0, 1.0, 1.0, 1.0, 1.0, 0.4, 0.0, 1.0, 1.0, 1.0, 0.8, 0.6, 0.8, 1.0, 1.0, 1.0, 0.2, 0.6, 0.8, 0.0, 1.0, 0.0, 0.6, 1.0, 0.8, 0.8, 0.2, 1.0, 0.6, 0.8, 0.6, 0.0, 1.0, 0.0, 0.8, 1.0, 0.4, 0.0, 0.0, 1.0, 1.0, 1.0, 0.8, 0.6, 1.0, 0.8, 0.8, 0.0, 0.4, 0.8, 0.0, 1.0, 0.0, 0.4, 0.8, 0.0, 1.0, 1.0, 1.0, 0.0, 0.0, 0.8, 1.0, 0.8, 1.0, 0.8, 0.0, 1.0, 0.6, 1.0, 0.2, 0.8, 0.0, 0.8, 0.4, 0.2, 1.0, 1.0, 0.2, 0.0, 0.0, 0.0, 1.0]"
KNN,5,1,"[1, 0, 1, 1, 1, 1, 0, 1, 0, 1, 1, 0, 1, 1, 1, 0, 0, 0, 1, 0, 1, 1, 1, 1, 1, 0, 1, 1, 1, 0, 0, 1, 1, 1, 0, 1, 1, 1, 1, 0, 1, 1, 1, 1, 1, 0, 0, 1, 1, 1, 0, 1, 1, 1, 0, 1, 1, 1, 1, 1, 1, 1, 1, 0, 0, 1, 0, 1, 1, 1, 1, 0, 1, 1, 1, 1, 1, 1, 1, 1, 1, 1, 1, 1, 1, 1, 1, 0, 1, 0, 0, 0, 0, 0, 0, 1, 0, 1, 1, 1, 0, 1, 1, 1, 1, 1, 1, 1, 1, 1, 1, 1, 1, 0, 0, 1, 1, 0, 0, 1, 1, 0, 1, 0, 1, 0, 1, 1, 1, 1, 1, 0, 1, 1, 0, 0, 0, 1, 0, 0, 0, 1, 1]","[1, 1, 1, 0, 1, 1, 0, 1, 1, 1, 1, 0, 1, 1, 1, 0, 0, 0, 1, 0, 0, 1, 1, 1, 1, 0, 1, 1, 1, 0, 1, 1, 1, 1, 0, 1, 1, 1, 1, 0, 1, 1, 1, 1, 1, 0, 1, 1, 0, 1, 0, 1, 1, 1, 0, 1, 1, 1, 1, 1, 1, 0, 1, 0, 0, 1, 0, 0, 1, 1, 1, 0, 0, 1, 1, 1, 1, 1, 1, 1, 1, 1, 1, 1, 1, 1, 1, 0, 1, 0, 0, 0, 0, 0, 0, 1, 1, 1, 1, 1, 1, 1, 1, 1, 1, 1, 1, 1, 1, 0, 1, 1, 1, 0, 1, 1, 1, 1, 0, 0, 1, 0, 1, 1, 1, 0, 0, 1, 1, 1, 1, 1, 1, 1, 1, 0, 1, 1, 1, 0, 0, 1, 1]","[1.0, 0.8, 0.8, 0.2, 0.8, 1.0, 0.0, 1.0, 1.0, 0.8, 0.8, 0.0, 1.0, 1.0, 0.8, 0.2, 0.2, 0.0, 0.8, 0.0, 0.4, 1.0, 1.0, 1.0, 0.8, 0.0, 1.0, 0.8, 1.0, 0.4, 0.8, 1.0, 0.8, 0.6, 0.0, 0.6, 1.0, 1.0, 1.0, 0.2, 1.0, 1.0, 0.8, 1.0, 1.0, 0.2, 1.0, 1.0, 0.4, 1.0, 0.2, 0.6, 1.0, 0.8, 0.0, 0.8, 0.8, 0.8, 0.8, 0.8, 1.0, 0.0, 1.0, 0.4, 0.0, 0.6, 0.2, 0.4, 1.0, 1.0, 1.0, 0.0, 0.2, 1.0, 0.8, 1.0, 1.0, 1.0, 0.8, 0.8, 1.0, 1.0, 1.0, 0.8, 0.8, 0.8, 1.0, 0.2, 1.0, 0.2, 0.2, 0.0, 0.2, 0.0, 0.0, 0.8, 0.8, 0.6, 1.0, 0.8, 0.6, 1.0, 1.0, 1.0, 1.0, 1.0, 1.0, 0.8, 0.8, 0.2, 1.0, 1.0, 1.0, 0.0, 0.8, 1.0, 1.0, 0.6, 0.0, 0.2, 1.0, 0.0, 1.0, 0.6, 1.0, 0.0, 0.4, 1.0, 1.0, 1.0, 1.0, 1.0, 1.0, 1.0, 0.8, 0.2, 0.6, 1.0, 0.6, 0.2, 0.0, 1.0, 1.0]"
KNN,6,2,"[1, 0, 1, 1, 0, 1, 0, 1, 0, 0, 1, 0, 0, 1, 1, 1, 1, 0, 1, 1, 1, 0, 1, 1, 0, 1, 0, 1, 1, 1, 1, 1, 1, 1, 0, 1, 1, 0, 1, 0, 0, 1, 1, 1, 1, 1, 1, 1, 1, 1, 0, 1, 0, 0, 1, 0, 0, 1, 1, 1, 0, 1, 1, 0, 0, 1, 1, 1, 1, 1, 0, 1, 1, 1, 1, 1, 1, 1, 1, 0, 1, 1, 1, 1, 0, 1, 1, 1, 1, 0, 1, 1, 1, 1, 1, 0, 0, 0, 0, 1, 0, 1, 0, 1, 1, 0, 1, 1, 1, 1, 0, 1, 1, 0, 0, 1, 1, 0, 1, 0, 0, 1, 1, 1, 0, 1, 1, 0, 0, 0, 0, 1, 0, 0, 0, 0, 0, 1, 1, 1, 1, 0, 0, 1]","[1, 0, 1, 1, 0, 1, 1, 1, 1, 0, 1, 0, 0, 1, 1, 1, 1, 0, 1, 1, 1, 0, 1, 1, 0, 0, 0, 1, 1, 1, 0, 1, 1, 1, 1, 1, 1, 1, 1, 1, 0, 1, 1, 1, 1, 1, 1, 1, 1, 1, 0, 1, 0, 0, 1, 0, 1, 1, 0, 1, 0, 1, 1, 0, 0, 1, 1, 1, 1, 1, 0, 1, 1, 0, 1, 1, 1, 1, 1, 0, 1, 1, 1, 1, 0, 1, 1, 1, 1, 0, 1, 1, 1, 0, 1, 0, 0, 0, 1, 1, 0, 1, 1, 1, 1, 1, 1, 1, 1, 1, 0, 1, 1, 1, 1, 1, 1, 0, 1, 0, 0, 1, 1, 1, 0, 1, 1, 1, 0, 0, 0, 1, 0, 0, 0, 0, 1, 1, 1, 1, 1, 0, 0, 0]","[0.8, 0.4, 1.0, 1.0, 0.2, 0.8, 0.8, 1.0, 1.0, 0.0, 1.0, 0.2, 0.2, 0.8, 1.0, 0.6, 1.0, 0.0, 1.0, 0.8, 0.8, 0.0, 0.8, 1.0, 0.2, 0.4, 0.0, 1.0, 1.0, 1.0, 0.0, 0.8, 0.8, 1.0, 1.0, 0.8, 1.0, 0.8, 0.8, 1.0, 0.2, 0.6, 0.8, 1.0, 1.0, 0.8, 1.0, 0.8, 1.0, 0.6, 0.0, 1.0, 0.0, 0.0, 1.0, 0.0, 0.8, 1.0, 0.4, 1.0, 0.0, 1.0, 1.0, 0.2, 0.2, 1.0, 0.8, 1.0, 1.0, 1.0, 0.0, 1.0, 0.8, 0.0, 1.0, 1.0, 1.0, 1.0, 1.0, 0.0, 1.0, 0.8, 1.0, 1.0, 0.0, 1.0, 1.0, 1.0, 1.0, 0.0, 1.0, 0.6, 1.0, 0.4, 1.0, 0.0, 0.0, 0.2, 1.0, 1.0, 0.0, 0.8, 1.0, 1.0, 1.0, 1.0, 0.6, 0.8, 0.6, 1.0, 0.2, 1.0, 1.0, 0.8, 0.8, 0.8, 1.0, 0.2, 1.0, 0.0, 0.0, 0.6, 1.0, 1.0, 0.0, 1.0, 0.8, 0.8, 0.0, 0.4, 0.0, 1.0, 0.2, 0.2, 0.0, 0.4, 1.0, 1.0, 0.8, 1.0, 0.8, 0.2, 0.2, 0.0]"
KNN,7,2,"[1, 1, 1, 0, 1, 1, 1, 1, 1, 0, 1, 1, 1, 1, 1, 1, 0, 1, 1, 1, 1, 0, 1, 1, 1, 0, 0, 1, 1, 0, 0, 1, 0, 0, 1, 1, 0, 0, 1, 0, 1, 1, 1, 1, 1, 0, 0, 0, 1, 0, 1, 1, 1, 0, 0, 1, 1, 1, 1, 0, 1, 1, 1, 0, 1, 1, 0, 1, 1, 1, 1, 1, 0, 1, 1, 1, 1, 1, 1, 0, 1, 1, 1, 0, 0, 1, 0, 1, 0, 1, 1, 0, 1, 1, 1, 1, 1, 1, 1, 1, 1, 1, 1, 1, 1, 1, 0, 1, 0, 0, 0, 0, 1, 1, 0, 0, 1, 1, 0, 1, 0, 0, 1, 0, 0, 1, 1, 0, 0, 0, 1, 1, 1, 0, 0, 0, 0, 0, 0, 1, 1, 1, 0, 1]","[1, 1, 1, 0, 1, 1, 1, 1, 1, 0, 1, 1, 1, 1, 1, 1, 0, 1, 1, 1, 1, 0, 1, 1, 1, 0, 0, 1, 1, 0, 0, 1, 0, 0, 1, 1, 0, 0, 1, 0, 1, 0, 1, 1, 1, 0, 0, 0, 1, 1, 1, 1, 1, 0, 0, 1, 1, 1, 1, 1, 1, 1, 1, 0, 1, 1, 0, 1, 1, 1, 0, 1, 0, 1, 1, 1, 1, 1, 1, 0, 1, 1, 1, 0, 0, 1, 0, 1, 0, 1, 1, 1, 1, 1, 1, 1, 1, 1, 1, 1, 1, 1, 0, 1, 1, 1, 1, 1, 0, 0, 0, 0, 1, 1, 0, 0, 1, 1, 0, 1, 0, 1, 1, 1, 1, 1, 1, 0, 0, 0, 1, 1, 0, 0, 1, 0, 0, 0, 1, 1, 1, 1, 0, 1]","[1.0, 1.0, 0.8, 0.0, 0.6, 1.0, 0.6, 1.0, 1.0, 0.0, 0.6, 1.0, 1.0, 1.0, 0.8, 1.0, 0.0, 0.8, 1.0, 0.8, 1.0, 0.4, 1.0, 0.8, 1.0, 0.2, 0.2, 1.0, 0.8, 0.2, 0.0, 0.6, 0.0, 0.2, 1.0, 0.8, 0.4, 0.4, 1.0, 0.2, 1.0, 0.2, 0.8, 0.6, 1.0, 0.2, 0.0, 0.0, 1.0, 0.6, 0.8, 1.0, 1.0, 0.0, 0.2, 1.0, 1.0, 1.0, 1.0, 0.6, 1.0, 1.0, 0.6, 0.4, 0.8, 1.0, 0.0, 1.0, 0.6, 0.6, 0.2, 1.0, 0.2, 1.0, 1.0, 0.8, 0.8, 1.0, 1.0, 0.2, 0.6, 1.0, 1.0, 0.0, 0.0, 0.8, 0.0, 0.6, 0.2, 1.0, 1.0, 1.0, 0.8, 1.0, 1.0, 0.6, 1.0, 1.0, 0.8, 0.8, 1.0, 1.0, 0.4, 1.0, 0.8, 1.0, 0.6, 0.8, 0.4, 0.2, 0.4, 0.0, 0.6, 1.0, 0.4, 0.0, 0.8, 1.0, 0.2, 1.0, 0.0, 1.0, 0.8, 1.0, 0.6, 1.0, 1.0, 0.4, 0.0, 0.0, 0.6, 1.0, 0.0, 0.0, 0.8, 0.2, 0.2, 0.0, 0.6, 1.0, 0.6, 1.0, 0.0, 0.8]"
KNN,8,2,"[1, 0, 0, 1, 0, 1, 1, 1, 1, 1, 1, 0, 0, 1, 1, 0, 1, 1, 0, 1, 1, 1, 1, 1, 1, 1, 1, 1, 0, 1, 0, 0, 1, 1, 0, 0, 1, 0, 1, 0, 0, 1, 1, 1, 1, 0, 1, 1, 1, 0, 1, 0, 1, 1, 0, 1, 0, 1, 1, 0, 1, 0, 0, 1, 0, 0, 0, 0, 1, 0, 0, 1, 0, 0, 1, 1, 1, 0, 0, 1, 1, 1, 1, 1, 1, 1, 1, 1, 1, 0, 1, 1, 0, 1, 1, 0, 1, 1, 0, 1, 1, 0, 1, 0, 1, 1, 1, 0, 1, 1, 1, 1, 0, 1, 1, 0, 1, 1, 0, 0, 1, 1, 0, 1, 1, 0, 1, 0, 0, 1, 1, 0, 0, 1, 1, 1, 1, 1, 0, 1, 1, 0, 1]","[1, 1, 0, 1, 0, 0, 1, 1, 1, 1, 1, 0, 1, 0, 1, 0, 1, 0, 0, 1, 1, 1, 1, 1, 1, 0, 1, 1, 0, 1, 0, 0, 1, 1, 1, 0, 1, 1, 1, 1, 1, 1, 1, 1, 1, 1, 1, 1, 1, 1, 1, 0, 1, 1, 1, 1, 1, 1, 1, 0, 0, 0, 0, 1, 0, 0, 0, 0, 1, 0, 0, 1, 1, 0, 1, 0, 0, 1, 0, 1, 1, 1, 1, 1, 1, 1, 1, 0, 1, 1, 1, 1, 0, 1, 1, 1, 1, 1, 1, 0, 1, 1, 1, 0, 1, 1, 0, 0, 1, 0, 1, 0, 0, 0, 0, 0, 1, 1, 1, 1, 1, 0, 0, 1, 1, 0, 1, 0, 0, 1, 1, 0, 0, 1, 1, 0, 1, 1, 1, 1, 1, 1, 1]","[1.0, 0.8, 0.4, 1.0, 0.0, 0.4, 1.0, 1.0, 1.0, 0.6, 1.0, 0.2, 0.6, 0.4, 0.6, 0.2, 1.0, 0.0, 0.2, 1.0, 0.6, 1.0, 1.0, 0.8, 1.0, 0.4, 1.0, 1.0, 0.2, 1.0, 0.2, 0.0, 0.8, 0.8, 0.6, 0.2, 1.0, 0.6, 1.0, 0.8, 1.0, 1.0, 1.0, 0.6, 0.8, 1.0, 1.0, 0.6, 1.0, 0.8, 0.8, 0.2, 1.0, 1.0, 0.6, 0.8, 0.8, 1.0, 1.0, 0.0, 0.0, 0.0, 0.0, 0.6, 0.2, 0.0, 0.0, 0.0, 1.0, 0.0, 0.2, 0.6, 1.0, 0.0, 1.0, 0.4, 0.2, 0.6, 0.2, 1.0, 1.0, 1.0, 0.6, 1.0, 0.8, 1.0, 1.0, 0.4, 1.0, 1.0, 1.0, 1.0, 0.0, 0.8, 1.0, 0.8, 0.8, 1.0, 0.8, 0.4, 1.0, 0.8, 1.0, 0.0, 1.0, 0.6, 0.0, 0.0, 1.0, 0.4, 1.0, 0.0, 0.2, 0.4, 0.4, 0.4, 1.0, 0.8, 1.0, 1.0, 0.8, 0.2, 0.2, 1.0, 1.0, 0.4, 0.8, 0.2, 0.0, 1.0, 0.8, 0.0, 0.4, 1.0, 1.0, 0.4, 0.6, 0.6, 1.0, 0.8, 0.8, 0.6, 1.0]"
KNN,9,2,"[0, 0, 0, 1, 1, 1, 0, 1, 1, 1, 1, 1, 0, 1, 1, 1, 0, 1, 1, 1, 1, 1, 1, 1, 1, 1, 1, 0, 1, 1, 1, 1, 1, 1, 0, 0, 0, 0, 0, 1, 1, 1, 0, 1, 1, 0, 1, 1, 1, 1, 1, 1, 0, 1, 1, 1, 0, 0, 0, 1, 1, 1, 1, 1, 0, 0, 0, 1, 1, 1, 0, 0, 0, 0, 0, 1, 1, 1, 1, 0, 1, 1, 1, 0, 1, 0, 0, 1, 1, 1, 0, 1, 0, 0, 0, 1, 0, 1, 0, 1, 1, 1, 1, 1, 1, 1, 1, 1, 0, 1, 0, 1, 1, 0, 1, 1, 0, 1, 1, 1, 0, 1, 1, 0, 0, 0, 1, 1, 1, 0, 1, 1, 1, 1, 1, 0, 0, 1, 1, 1, 0, 1, 1]","[0, 1, 1, 1, 1, 1, 1, 1, 1, 1, 1, 1, 0, 1, 1, 0, 0, 1, 1, 0, 1, 1, 1, 1, 1, 1, 1, 0, 1, 1, 1, 1, 1, 1, 1, 0, 1, 0, 0, 1, 1, 0, 0, 0, 1, 1, 1, 1, 1, 1, 1, 1, 1, 1, 0, 1, 0, 0, 0, 1, 1, 1, 0, 1, 1, 0, 0, 1, 1, 1, 0, 0, 0, 0, 0, 1, 1, 1, 1, 0, 1, 1, 1, 1, 1, 1, 0, 1, 0, 1, 0, 1, 1, 1, 1, 1, 0, 1, 0, 1, 1, 1, 1, 1, 1, 0, 1, 1, 0, 0, 0, 1, 1, 1, 1, 1, 1, 1, 1, 1, 1, 1, 1, 0, 0, 0, 1, 1, 1, 0, 1, 1, 1, 1, 1, 0, 0, 1, 1, 1, 0, 1, 1]","[0.4, 0.8, 1.0, 1.0, 1.0, 1.0, 0.6, 1.0, 0.8, 0.8, 1.0, 1.0, 0.0, 1.0, 1.0, 0.2, 0.0, 1.0, 1.0, 0.4, 1.0, 1.0, 1.0, 1.0, 1.0, 1.0, 0.6, 0.2, 0.6, 1.0, 1.0, 0.8, 1.0, 1.0, 0.6, 0.0, 0.6, 0.0, 0.0, 0.8, 0.8, 0.0, 0.0, 0.2, 0.8, 0.6, 1.0, 1.0, 1.0, 1.0, 1.0, 1.0, 0.8, 0.8, 0.0, 1.0, 0.0, 0.2, 0.0, 1.0, 0.8, 1.0, 0.4, 1.0, 0.8, 0.0, 0.2, 1.0, 0.8, 1.0, 0.0, 0.2, 0.0, 0.4, 0.0, 1.0, 0.8, 0.8, 1.0, 0.2, 0.8, 1.0, 1.0, 1.0, 1.0, 1.0, 0.0, 1.0, 0.0, 0.6, 0.0, 1.0, 1.0, 0.6, 1.0, 0.8, 0.0, 0.8, 0.0, 0.8, 0.8, 0.8, 0.6, 1.0, 1.0, 0.4, 1.0, 1.0, 0.0, 0.4, 0.2, 1.0, 1.0, 1.0, 1.0, 1.0, 0.8, 1.0, 1.0, 1.0, 1.0, 1.0, 1.0, 0.2, 0.2, 0.0, 1.0, 0.8, 1.0, 0.0, 1.0, 1.0, 1.0, 1.0, 1.0, 0.2, 0.0, 0.6, 1.0, 1.0, 0.0, 1.0, 1.0]"
KNN,10,2,"[0, 1, 1, 0, 1, 0, 0, 1, 1, 0, 1, 0, 1, 0, 0, 0, 1, 1, 0, 0, 1, 1, 0, 1, 1, 1, 0, 1, 1, 1, 0, 1, 0, 1, 1, 1, 0, 1, 1, 1, 0, 1, 1, 0, 0, 0, 0, 1, 0, 1, 0, 1, 1, 1, 1, 1, 0, 1, 1, 1, 1, 0, 0, 1, 1, 0, 1, 0, 1, 1, 1, 1, 1, 1, 1, 1, 1, 1, 1, 0, 0, 1, 1, 1, 1, 1, 0, 1, 1, 0, 1, 0, 0, 0, 1, 1, 0, 1, 1, 1, 1, 0, 1, 1, 0, 1, 0, 1, 0, 1, 1, 1, 1, 0, 1, 0, 1, 0, 1, 1, 1, 0, 1, 1, 0, 1, 1, 0, 0, 1, 0, 1, 1, 1, 1, 0, 1, 0, 1, 1, 0, 0, 1]","[1, 0, 1, 1, 1, 0, 0, 1, 1, 0, 1, 0, 1, 0, 0, 0, 0, 1, 1, 0, 1, 1, 0, 1, 1, 1, 0, 0, 1, 1, 1, 1, 1, 1, 1, 1, 0, 1, 1, 1, 1, 1, 1, 0, 1, 0, 0, 1, 0, 1, 0, 1, 1, 1, 1, 1, 0, 1, 1, 0, 1, 0, 0, 1, 1, 0, 1, 1, 1, 1, 0, 1, 1, 1, 1, 1, 1, 1, 1, 0, 0, 1, 1, 1, 1, 1, 0, 1, 1, 0, 1, 0, 0, 0, 1, 1, 0, 1, 1, 1, 1, 1, 1, 1, 0, 1, 0, 1, 1, 1, 0, 1, 1, 0, 1, 0, 1, 0, 1, 1, 1, 1, 0, 1, 0, 1, 1, 1, 0, 1, 0, 1, 1, 1, 1, 1, 1, 1, 1, 1, 1, 0, 1]","[0.6, 0.2, 1.0, 1.0, 1.0, 0.0, 0.0, 1.0, 1.0, 0.0, 0.8, 0.0, 0.8, 0.2, 0.2, 0.0, 0.4, 0.8, 0.8, 0.0, 1.0, 1.0, 0.0, 0.8, 1.0, 0.6, 0.4, 0.4, 1.0, 0.8, 0.8, 1.0, 0.8, 1.0, 0.8, 0.8, 0.0, 1.0, 1.0, 1.0, 0.6, 1.0, 1.0, 0.2, 1.0, 0.0, 0.2, 0.6, 0.0, 0.6, 0.2, 0.8, 0.8, 0.6, 1.0, 0.8, 0.0, 1.0, 1.0, 0.0, 1.0, 0.2, 0.0, 0.8, 1.0, 0.0, 0.6, 0.8, 1.0, 1.0, 0.2, 0.8, 0.8, 1.0, 1.0, 0.6, 1.0, 1.0, 0.8, 0.0, 0.0, 1.0, 1.0, 0.8, 1.0, 1.0, 0.2, 1.0, 0.8, 0.2, 0.6, 0.0, 0.2, 0.2, 1.0, 1.0, 0.2, 0.6, 0.8, 0.8, 1.0, 0.6, 1.0, 1.0, 0.4, 1.0, 0.0, 0.8, 1.0, 0.8, 0.2, 1.0, 1.0, 0.0, 1.0, 0.0, 1.0, 0.4, 1.0, 1.0, 1.0, 1.0, 0.4, 1.0, 0.0, 1.0, 0.8, 0.6, 0.2, 1.0, 0.2, 1.0, 1.0, 1.0, 1.0, 0.8, 1.0, 0.6, 1.0, 1.0, 0.6, 0.0, 1.0]"
KNN,11,3,"[1, 0, 1, 1, 0, 0, 1, 1, 1, 1, 1, 0, 1, 1, 0, 1, 0, 0, 1, 1, 1, 1, 1, 1, 1, 0, 1, 0, 0, 1, 1, 0, 0, 1, 1, 1, 1, 1, 0, 0, 0, 1, 1, 1, 0, 1, 1, 1, 1, 1, 0, 1, 0, 1, 0, 0, 1, 0, 0, 1, 0, 1, 1, 1, 1, 0, 1, 1, 1, 1, 1, 1, 1, 1, 1, 1, 0, 1, 1, 0, 1, 0, 1, 0, 1, 1, 1, 0, 0, 0, 1, 0, 0, 0, 1, 0, 0, 1, 1, 0, 0, 1, 1, 1, 0, 1, 1, 1, 1, 0, 0, 0, 1, 1, 1, 0, 1, 0, 0, 0, 1, 0, 1, 0, 0, 0, 0, 0, 1, 0, 0, 0, 0, 0, 0, 1, 1, 1, 0, 1, 0, 0, 1, 1]","[1, 1, 1, 1, 0, 1, 1, 1, 1, 1, 1, 0, 1, 1, 0, 1, 0, 0, 1, 1, 0, 1, 1, 1, 1, 0, 0, 0, 0, 1, 1, 0, 0, 1, 1, 1, 1, 1, 1, 1, 0, 1, 1, 1, 1, 1, 1, 1, 1, 1, 0, 1, 0, 1, 1, 1, 1, 0, 0, 1, 0, 1, 1, 0, 1, 0, 1, 1, 1, 1, 1, 0, 1, 1, 1, 1, 0, 1, 1, 0, 1, 0, 1, 0, 1, 1, 1, 0, 0, 0, 0, 0, 0, 1, 1, 0, 1, 1, 1, 1, 1, 1, 1, 1, 1, 1, 1, 1, 1, 0, 0, 0, 1, 1, 1, 0, 1, 1, 0, 0, 1, 1, 1, 1, 1, 0, 0, 0, 1, 0, 1, 0, 0, 0, 0, 1, 1, 1, 0, 1, 0, 0, 0, 1]","[1.0, 0.8, 1.0, 1.0, 0.2, 0.8, 0.6, 1.0, 1.0, 1.0, 1.0, 0.2, 1.0, 1.0, 0.0, 1.0, 0.0, 0.4, 1.0, 1.0, 0.2, 0.8, 1.0, 1.0, 1.0, 0.4, 0.4, 0.2, 0.2, 1.0, 0.8, 0.0, 0.0, 1.0, 1.0, 0.8, 0.8, 0.8, 1.0, 1.0, 0.0, 0.8, 0.8, 0.8, 0.8, 1.0, 1.0, 0.8, 1.0, 1.0, 0.0, 1.0, 0.0, 1.0, 0.6, 0.8, 1.0, 0.0, 0.0, 1.0, 0.0, 1.0, 0.8, 0.4, 1.0, 0.0, 1.0, 1.0, 1.0, 0.8, 0.8, 0.0, 1.0, 1.0, 1.0, 1.0, 0.2, 0.8, 1.0, 0.2, 0.6, 0.0, 1.0, 0.4, 0.8, 1.0, 1.0, 0.0, 0.0, 0.0, 0.2, 0.0, 0.0, 1.0, 1.0, 0.0, 0.8, 1.0, 0.8, 0.6, 1.0, 1.0, 0.8, 0.8, 1.0, 1.0, 1.0, 1.0, 0.8, 0.2, 0.2, 0.0, 0.6, 1.0, 0.8, 0.0, 0.6, 1.0, 0.0, 0.0, 1.0, 1.0, 1.0, 0.8, 1.0, 0.4, 0.0, 0.2, 0.6, 0.2, 0.8, 0.0, 0.4, 0.0, 0.4, 1.0, 1.0, 1.0, 0.0, 0.6, 0.2, 0.2, 0.0, 0.8]"
KNN,12,3,"[1, 0, 0, 1, 1, 1, 0, 0, 1, 0, 1, 0, 1, 1, 1, 1, 1, 1, 1, 1, 1, 1, 1, 1, 0, 1, 1, 1, 0, 1, 1, 1, 1, 1, 0, 0, 1, 1, 0, 0, 0, 1, 0, 1, 1, 0, 1, 1, 1, 1, 1, 0, 1, 0, 1, 0, 0, 1, 0, 1, 0, 0, 0, 0, 0, 1, 1, 1, 1, 1, 1, 1, 1, 1, 1, 1, 1, 1, 1, 1, 1, 1, 0, 1, 0, 1, 1, 1, 1, 1, 0, 1, 1, 1, 1, 0, 1, 1, 0, 1, 1, 0, 0, 0, 0, 1, 1, 0, 1, 1, 1, 1, 1, 1, 1, 1, 1, 1, 1, 0, 0, 0, 0, 1, 0, 0, 1, 1, 1, 1, 0, 1, 0, 0, 0, 0, 1, 1, 0, 0, 1, 1, 1, 1]","[1, 1, 0, 1, 1, 1, 1, 1, 1, 0, 1, 0, 1, 1, 0, 0, 1, 1, 1, 1, 1, 1, 1, 1, 0, 1, 1, 1, 0, 1, 1, 1, 1, 1, 0, 0, 1, 1, 1, 1, 1, 1, 0, 1, 1, 1, 0, 1, 1, 0, 1, 0, 1, 0, 1, 0, 0, 1, 0, 1, 0, 0, 0, 0, 0, 1, 1, 0, 1, 1, 1, 1, 1, 1, 1, 1, 1, 1, 1, 1, 1, 1, 0, 1, 0, 1, 1, 1, 1, 1, 0, 1, 1, 1, 1, 1, 1, 1, 0, 1, 1, 0, 0, 1, 0, 0, 1, 1, 1, 1, 1, 1, 1, 1, 1, 1, 1, 1, 1, 1, 1, 1, 1, 1, 0, 0, 1, 1, 1, 1, 0, 1, 0, 0, 1, 0, 1, 0, 0, 0, 1, 1, 1, 1]","[1.0, 0.6, 0.4, 1.0, 0.8, 1.0, 1.0, 1.0, 0.8, 0.2, 1.0, 0.4, 0.8, 1.0, 0.0, 0.4, 1.0, 0.8, 0.8, 0.8, 1.0, 1.0, 1.0, 0.8, 0.2, 1.0, 1.0, 1.0, 0.0, 0.8, 1.0, 0.6, 1.0, 1.0, 0.2, 0.2, 0.8, 1.0, 0.8, 0.6, 1.0, 1.0, 0.2, 1.0, 1.0, 0.8, 0.4, 1.0, 1.0, 0.0, 0.6, 0.2, 0.6, 0.0, 0.8, 0.0, 0.0, 1.0, 0.0, 1.0, 0.2, 0.4, 0.0, 0.4, 0.2, 1.0, 1.0, 0.2, 1.0, 1.0, 0.8, 1.0, 1.0, 0.8, 0.8, 0.8, 1.0, 0.6, 1.0, 1.0, 0.8, 1.0, 0.0, 1.0, 0.0, 1.0, 1.0, 0.8, 0.8, 1.0, 0.2, 1.0, 1.0, 0.6, 1.0, 0.6, 0.8, 1.0, 0.0, 1.0, 0.8, 0.2, 0.2, 0.8, 0.4, 0.4, 1.0, 0.8, 1.0, 1.0, 1.0, 0.6, 0.6, 1.0, 1.0, 1.0, 1.0, 1.0, 0.8, 1.0, 1.0, 0.8, 0.6, 1.0, 0.0, 0.2, 1.0, 1.0, 1.0, 1.0, 0.2, 1.0, 0.2, 0.0, 1.0, 0.0, 1.0, 0.0, 0.0, 0.4, 1.0, 0.8, 1.0, 1.0]"
KNN,13,3,"[0, 1, 1, 1, 1, 1, 1, 0, 0, 1, 0, 0, 1, 1, 0, 1, 0, 0, 1, 0, 1, 1, 1, 1, 1, 0, 1, 1, 0, 1, 0, 1, 1, 1, 0, 0, 0, 0, 1, 1, 1, 1, 1, 0, 0, 1, 1, 1, 1, 0, 0, 1, 1, 1, 0, 0, 0, 1, 0, 1, 1, 1, 1, 1, 1, 1, 1, 1, 1, 0, 0, 1, 1, 0, 1, 1, 0, 1, 1, 0, 1, 0, 1, 0, 1, 1, 1, 0, 0, 0, 1, 0, 0, 1, 1, 1, 0, 1, 1, 1, 0, 1, 1, 1, 1, 1, 1, 1, 1, 1, 1, 0, 1, 1, 0, 1, 1, 0, 1, 1, 1, 1, 1, 0, 0, 0, 1, 0, 0, 0, 1, 1, 1, 1, 1, 1, 1, 1, 1, 1, 1, 0, 0]","[0, 1, 1, 1, 1, 0, 1, 0, 0, 1, 1, 0, 1, 1, 0, 1, 0, 0, 1, 0, 1, 1, 1, 1, 1, 0, 1, 1, 0, 1, 0, 1, 0, 1, 1, 0, 1, 0, 1, 1, 1, 1, 1, 0, 0, 1, 1, 1, 0, 1, 1, 1, 1, 1, 0, 0, 0, 1, 1, 1, 1, 1, 1, 1, 1, 1, 1, 1, 1, 1, 0, 1, 1, 0, 1, 1, 0, 1, 1, 1, 1, 0, 1, 0, 1, 1, 1, 1, 0, 1, 0, 0, 0, 1, 0, 1, 1, 1, 1, 0, 0, 1, 1, 1, 1, 1, 1, 1, 1, 1, 0, 0, 1, 1, 1, 1, 1, 1, 1, 1, 1, 0, 1, 0, 1, 1, 1, 0, 0, 0, 0, 1, 1, 1, 1, 1, 1, 1, 1, 1, 1, 1, 1]","[0.0, 1.0, 0.8, 1.0, 1.0, 0.4, 1.0, 0.0, 0.0, 1.0, 0.6, 0.2, 0.8, 0.6, 0.0, 1.0, 0.0, 0.0, 0.6, 0.2, 1.0, 0.8, 1.0, 1.0, 1.0, 0.2, 0.8, 1.0, 0.0, 0.8, 0.2, 1.0, 0.0, 0.8, 0.6, 0.4, 0.6, 0.0, 1.0, 0.8, 1.0, 0.8, 1.0, 0.2, 0.0, 1.0, 1.0, 1.0, 0.2, 0.8, 0.8, 0.8, 1.0, 1.0, 0.2, 0.0, 0.0, 1.0, 0.8, 0.8, 1.0, 1.0, 0.6, 1.0, 0.8, 1.0, 0.8, 1.0, 1.0, 0.6, 0.4, 1.0, 1.0, 0.0, 1.0, 1.0, 0.0, 1.0, 0.8, 1.0, 0.8, 0.0, 1.0, 0.0, 1.0, 0.8, 0.8, 0.8, 0.2, 0.8, 0.2, 0.0, 0.0, 1.0, 0.4, 1.0, 0.8, 1.0, 0.6, 0.0, 0.2, 1.0, 0.8, 1.0, 0.6, 0.8, 1.0, 1.0, 0.6, 0.8, 0.4, 0.4, 0.8, 1.0, 0.8, 1.0, 1.0, 0.6, 0.8, 1.0, 1.0, 0.4, 1.0, 0.0, 0.6, 0.8, 1.0, 0.0, 0.2, 0.2, 0.4, 1.0, 0.6, 0.6, 1.0, 0.8, 1.0, 1.0, 0.6, 1.0, 1.0, 1.0, 0.6]"
KNN,14,3,"[0, 1, 1, 0, 1, 0, 1, 1, 1, 0, 1, 1, 1, 0, 1, 1, 0, 0, 1, 1, 1, 0, 1, 0, 1, 0, 0, 0, 1, 1, 1, 1, 0, 0, 0, 0, 1, 0, 1, 1, 0, 1, 1, 1, 1, 1, 1, 1, 0, 1, 1, 0, 0, 0, 1, 1, 0, 1, 0, 1, 0, 1, 1, 0, 1, 1, 0, 1, 1, 1, 1, 1, 1, 1, 0, 0, 1, 1, 1, 1, 1, 1, 1, 1, 1, 0, 1, 1, 0, 1, 1, 1, 1, 0, 1, 0, 1, 1, 1, 1, 0, 1, 1, 1, 1, 0, 0, 1, 0, 1, 0, 1, 0, 1, 1, 0, 1, 1, 1, 1, 0, 1, 0, 1, 0, 1, 0, 0, 1, 1, 0, 0, 1, 1, 1, 1, 0, 1, 1, 1, 0, 1, 0]","[1, 1, 1, 0, 1, 1, 0, 1, 1, 0, 1, 1, 1, 0, 1, 0, 0, 0, 1, 1, 1, 1, 1, 0, 1, 0, 0, 0, 1, 1, 1, 1, 1, 0, 0, 0, 1, 0, 1, 0, 1, 1, 1, 1, 1, 1, 1, 1, 0, 1, 0, 0, 0, 0, 1, 0, 0, 1, 0, 1, 0, 1, 1, 0, 1, 1, 0, 1, 1, 1, 1, 1, 0, 1, 0, 0, 1, 1, 1, 1, 1, 1, 1, 1, 1, 0, 1, 1, 1, 0, 1, 1, 1, 0, 1, 0, 1, 1, 1, 1, 1, 1, 1, 1, 1, 0, 1, 1, 1, 1, 0, 1, 0, 1, 1, 0, 1, 1, 1, 1, 1, 1, 0, 1, 0, 1, 0, 0, 1, 1, 0, 0, 1, 1, 1, 1, 0, 1, 1, 1, 1, 1, 0]","[1.0, 1.0, 0.8, 0.0, 0.8, 1.0, 0.2, 0.6, 1.0, 0.2, 1.0, 0.8, 0.8, 0.2, 0.8, 0.4, 0.2, 0.0, 0.8, 1.0, 1.0, 0.6, 0.6, 0.0, 0.8, 0.0, 0.2, 0.0, 0.8, 1.0, 1.0, 0.8, 0.6, 0.4, 0.0, 0.4, 1.0, 0.0, 0.8, 0.0, 0.6, 1.0, 1.0, 1.0, 1.0, 1.0, 1.0, 1.0, 0.0, 1.0, 0.0, 0.0, 0.0, 0.0, 1.0, 0.4, 0.0, 1.0, 0.0, 1.0, 0.2, 1.0, 0.8, 0.0, 0.8, 1.0, 0.2, 1.0, 0.6, 0.8, 1.0, 0.8, 0.2, 1.0, 0.2, 0.4, 0.8, 1.0, 1.0, 0.8, 1.0, 1.0, 1.0, 1.0, 1.0, 0.0, 1.0, 1.0, 1.0, 0.2, 1.0, 0.6, 1.0, 0.0, 0.8, 0.0, 0.8, 0.8, 0.8, 1.0, 0.6, 1.0, 1.0, 1.0, 0.6, 0.0, 1.0, 0.6, 1.0, 0.8, 0.2, 1.0, 0.2, 1.0, 1.0, 0.4, 0.8, 1.0, 1.0, 0.8, 1.0, 1.0, 0.0, 1.0, 0.4, 0.8, 0.2, 0.0, 1.0, 0.8, 0.2, 0.0, 1.0, 0.8, 1.0, 1.0, 0.2, 1.0, 0.8, 1.0, 0.6, 0.6, 0.0]"
KNN,15,3,"[0, 0, 1, 1, 1, 0, 0, 1, 1, 1, 1, 1, 1, 1, 1, 1, 0, 1, 1, 1, 1, 1, 1, 1, 1, 0, 1, 0, 1, 1, 1, 1, 1, 1, 1, 0, 1, 1, 1, 1, 0, 1, 0, 0, 1, 1, 0, 0, 1, 0, 1, 0, 1, 0, 1, 1, 1, 1, 0, 1, 1, 1, 1, 0, 0, 0, 0, 1, 0, 0, 1, 0, 1, 1, 0, 1, 1, 1, 1, 1, 0, 0, 1, 0, 0, 1, 1, 1, 1, 1, 1, 1, 1, 1, 1, 1, 0, 0, 1, 0, 1, 1, 1, 0, 1, 0, 1, 1, 0, 1, 1, 1, 0, 1, 1, 1, 0, 0, 0, 1, 1, 0, 1, 1, 1, 0, 1, 0, 1, 1, 1, 0, 0, 1, 1, 0, 1, 0, 1, 0, 1, 1, 1]","[1, 1, 0, 1, 1, 0, 1, 1, 1, 1, 1, 1, 1, 1, 1, 1, 0, 1, 0, 1, 1, 1, 1, 1, 1, 0, 1, 1, 1, 1, 1, 1, 1, 1, 1, 0, 1, 1, 1, 1, 0, 1, 0, 1, 0, 1, 0, 0, 1, 0, 1, 0, 1, 0, 1, 1, 1, 0, 0, 1, 1, 1, 0, 1, 0, 1, 1, 0, 0, 0, 0, 0, 1, 1, 0, 0, 1, 1, 1, 1, 1, 0, 1, 0, 0, 1, 1, 1, 1, 1, 1, 1, 1, 0, 1, 1, 0, 0, 0, 0, 1, 1, 1, 0, 1, 0, 1, 1, 0, 1, 1, 0, 0, 0, 1, 1, 0, 0, 0, 1, 1, 0, 1, 1, 1, 1, 1, 0, 1, 1, 1, 1, 0, 1, 1, 0, 1, 0, 1, 0, 1, 1, 1]","[0.6, 1.0, 0.4, 1.0, 1.0, 0.0, 0.8, 0.8, 1.0, 1.0, 1.0, 1.0, 1.0, 1.0, 1.0, 1.0, 0.2, 1.0, 0.4, 1.0, 1.0, 1.0, 1.0, 0.6, 1.0, 0.2, 0.6, 0.8, 0.6, 1.0, 0.6, 1.0, 1.0, 0.8, 0.6, 0.0, 1.0, 1.0, 0.6, 1.0, 0.2, 1.0, 0.2, 1.0, 0.2, 1.0, 0.0, 0.4, 0.6, 0.0, 1.0, 0.2, 1.0, 0.0, 0.8, 0.8, 1.0, 0.4, 0.0, 0.8, 1.0, 1.0, 0.0, 1.0, 0.0, 0.8, 0.6, 0.4, 0.2, 0.0, 0.4, 0.2, 1.0, 1.0, 0.0, 0.0, 1.0, 1.0, 0.6, 1.0, 1.0, 0.2, 1.0, 0.0, 0.0, 1.0, 1.0, 0.8, 0.8, 1.0, 0.8, 0.8, 0.8, 0.2, 0.6, 1.0, 0.2, 0.2, 0.2, 0.2, 0.8, 0.8, 0.6, 0.0, 1.0, 0.4, 0.6, 1.0, 0.0, 1.0, 0.6, 0.2, 0.0, 0.2, 1.0, 1.0, 0.2, 0.0, 0.4, 1.0, 1.0, 0.2, 1.0, 1.0, 0.8, 0.6, 1.0, 0.0, 0.8, 1.0, 1.0, 0.6, 0.0, 1.0, 1.0, 0.4, 1.0, 0.2, 1.0, 0.0, 1.0, 0.6, 1.0]"
KNN,16,4,"[0, 0, 1, 1, 1, 1, 1, 0, 1, 0, 0, 1, 0, 1, 1, 1, 1, 1, 1, 1, 0, 1, 1, 1, 1, 0, 1, 1, 0, 0, 0, 1, 1, 1, 1, 0, 0, 1, 0, 1, 1, 1, 1, 0, 1, 1, 0, 0, 1, 1, 1, 0, 1, 1, 0, 0, 0, 0, 1, 0, 0, 1, 1, 0, 0, 1, 1, 0, 0, 1, 1, 0, 1, 1, 1, 1, 1, 1, 1, 1, 1, 1, 0, 0, 0, 1, 1, 0, 1, 1, 1, 0, 1, 1, 0, 1, 0, 1, 0, 1, 1, 1, 1, 0, 1, 1, 1, 1, 0, 1, 1, 1, 0, 1, 1, 0, 1, 1, 1, 0, 1, 0, 0, 0, 0, 1, 0, 0, 0, 1, 1, 0, 0, 0, 0, 0, 1, 1, 1, 1, 0, 0, 1, 1]","[0, 0, 1, 1, 1, 1, 1, 0, 1, 1, 0, 1, 0, 1, 1, 0, 1, 0, 1, 1, 0, 1, 0, 1, 0, 0, 1, 0, 0, 0, 0, 1, 1, 0, 1, 1, 0, 1, 0, 1, 1, 1, 1, 1, 1, 1, 1, 0, 1, 1, 1, 1, 1, 0, 0, 0, 0, 0, 1, 1, 1, 1, 1, 0, 0, 1, 0, 0, 0, 0, 1, 0, 1, 0, 1, 1, 1, 0, 1, 1, 1, 1, 0, 0, 0, 1, 1, 0, 0, 1, 1, 0, 1, 1, 1, 0, 0, 1, 0, 1, 1, 0, 1, 1, 1, 1, 1, 1, 1, 1, 1, 1, 1, 1, 1, 0, 1, 1, 1, 0, 1, 1, 0, 0, 1, 1, 1, 0, 0, 1, 1, 0, 0, 1, 0, 0, 1, 1, 1, 1, 0, 0, 0, 1]","[0.4, 0.4, 0.8, 0.6, 0.8, 0.6, 1.0, 0.0, 0.8, 0.8, 0.2, 1.0, 0.0, 1.0, 1.0, 0.4, 1.0, 0.0, 0.8, 0.8, 0.0, 1.0, 0.2, 0.8, 0.2, 0.0, 0.8, 0.2, 0.2, 0.0, 0.0, 1.0, 1.0, 0.0, 0.6, 0.6, 0.4, 1.0, 0.2, 1.0, 1.0, 0.8, 0.8, 1.0, 0.8, 0.8, 1.0, 0.2, 0.8, 1.0, 1.0, 0.6, 1.0, 0.4, 0.0, 0.0, 0.0, 0.0, 1.0, 0.6, 0.6, 1.0, 1.0, 0.0, 0.2, 1.0, 0.4, 0.2, 0.2, 0.4, 0.8, 0.0, 1.0, 0.4, 1.0, 0.8, 1.0, 0.0, 0.8, 1.0, 1.0, 1.0, 0.0, 0.2, 0.0, 1.0, 1.0, 0.0, 0.4, 1.0, 0.8, 0.0, 1.0, 0.6, 0.6, 0.2, 0.0, 1.0, 0.0, 1.0, 1.0, 0.0, 0.6, 0.8, 1.0, 0.8, 0.8, 0.8, 1.0, 1.0, 1.0, 1.0, 0.8, 0.8, 0.8, 0.0, 0.6, 0.8, 1.0, 0.0, 1.0, 1.0, 0.0, 0.2, 1.0, 1.0, 0.8, 0.0, 0.0, 1.0, 1.0, 0.2, 0.2, 0.8, 0.0, 0.2, 1.0, 1.0, 1.0, 0.8, 0.0, 0.2, 0.0, 0.8]"
KNN,17,4,"[0, 0, 1, 0, 0, 1, 1, 0, 0, 1, 1, 1, 1, 1, 0, 1, 0, 1, 1, 1, 1, 0, 0, 1, 0, 1, 1, 0, 1, 1, 0, 1, 0, 0, 1, 1, 0, 1, 1, 1, 1, 1, 0, 1, 1, 1, 1, 1, 0, 1, 0, 0, 0, 0, 1, 0, 1, 0, 1, 1, 1, 1, 1, 1, 1, 1, 1, 0, 1, 1, 1, 1, 1, 1, 1, 1, 1, 1, 1, 0, 1, 0, 1, 0, 1, 1, 0, 1, 0, 0, 0, 1, 0, 0, 1, 1, 1, 1, 1, 1, 0, 1, 1, 1, 1, 1, 0, 1, 0, 0, 1, 1, 1, 0, 0, 1, 1, 1, 1, 0, 1, 1, 1, 1, 0, 0, 1, 0, 1, 1, 1, 1, 0, 1, 1, 0, 1, 0, 0, 0, 1, 1, 1, 1]","[1, 0, 1, 1, 1, 1, 1, 0, 0, 1, 1, 1, 1, 1, 0, 1, 0, 1, 1, 1, 1, 0, 0, 1, 0, 1, 1, 0, 1, 1, 0, 1, 0, 0, 1, 1, 0, 1, 1, 1, 1, 1, 0, 1, 1, 1, 1, 1, 0, 1, 0, 0, 0, 0, 1, 0, 0, 0, 1, 1, 1, 1, 1, 1, 1, 1, 1, 0, 1, 1, 1, 1, 1, 1, 1, 1, 1, 1, 1, 0, 1, 0, 1, 0, 1, 1, 0, 1, 0, 1, 0, 1, 1, 0, 1, 1, 0, 1, 1, 1, 1, 1, 0, 1, 1, 1, 0, 1, 0, 0, 1, 1, 1, 0, 0, 1, 1, 1, 1, 0, 1, 1, 1, 1, 0, 0, 1, 0, 1, 1, 1, 1, 0, 1, 0, 0, 1, 0, 0, 1, 1, 1, 1, 1]","[0.8, 0.0, 1.0, 0.8, 1.0, 0.8, 1.0, 0.0, 0.0, 0.8, 1.0, 0.8, 0.8, 1.0, 0.4, 1.0, 0.2, 0.8, 1.0, 1.0, 0.8, 0.4, 0.2, 0.6, 0.0, 0.8, 1.0, 0.0, 0.8, 1.0, 0.0, 1.0, 0.0, 0.4, 1.0, 0.8, 0.4, 0.8, 0.8, 0.6, 1.0, 1.0, 0.2, 1.0, 1.0, 1.0, 1.0, 0.8, 0.0, 1.0, 0.0, 0.0, 0.0, 0.2, 1.0, 0.0, 0.4, 0.0, 1.0, 1.0, 1.0, 1.0, 1.0, 0.8, 1.0, 0.8, 1.0, 0.0, 1.0, 1.0, 1.0, 0.8, 1.0, 1.0, 1.0, 0.8, 1.0, 0.8, 1.0, 0.0, 1.0, 0.2, 1.0, 0.4, 1.0, 1.0, 0.0, 1.0, 0.0, 1.0, 0.0, 1.0, 1.0, 0.0, 1.0, 1.0, 0.4, 0.8, 0.8, 1.0, 1.0, 1.0, 0.4, 1.0, 1.0, 0.8, 0.4, 0.8, 0.4, 0.4, 1.0, 1.0, 1.0, 0.4, 0.0, 0.6, 0.8, 1.0, 1.0, 0.4, 1.0, 1.0, 0.8, 1.0, 0.4, 0.2, 0.8, 0.2, 0.8, 1.0, 1.0, 0.6, 0.2, 1.0, 0.0, 0.0, 1.0, 0.4, 0.0, 0.6, 1.0, 1.0, 0.6, 1.0]"
KNN,18,4,"[0, 0, 1, 1, 0, 1, 0, 1, 1, 1, 1, 1, 1, 0, 1, 1, 1, 1, 0, 0, 1, 0, 1, 0, 1, 0, 1, 1, 1, 1, 1, 1, 1, 0, 0, 1, 0, 1, 1, 0, 0, 0, 1, 1, 1, 1, 1, 1, 0, 0, 0, 1, 0, 0, 1, 1, 0, 1, 1, 0, 0, 1, 1, 0, 1, 1, 1, 1, 0, 1, 1, 1, 1, 1, 1, 1, 1, 1, 0, 1, 0, 1, 1, 0, 1, 1, 1, 1, 0, 0, 1, 1, 1, 1, 1, 0, 1, 0, 0, 0, 0, 1, 1, 1, 0, 1, 1, 1, 1, 1, 1, 1, 1, 1, 0, 0, 1, 0, 1, 0, 0, 1, 1, 0, 1, 1, 0, 1, 0, 0, 0, 1, 0, 1, 1, 0, 1, 1, 0, 0, 0, 1, 1]","[0, 1, 1, 1, 0, 1, 0, 1, 0, 1, 1, 1, 1, 0, 1, 1, 1, 1, 0, 0, 0, 0, 1, 0, 1, 0, 1, 1, 1, 1, 1, 1, 1, 0, 0, 1, 1, 1, 1, 0, 1, 1, 1, 1, 1, 1, 1, 1, 0, 0, 1, 1, 0, 0, 1, 1, 0, 1, 1, 0, 0, 1, 1, 0, 1, 0, 1, 1, 1, 1, 1, 1, 1, 1, 0, 1, 1, 1, 0, 1, 0, 1, 1, 0, 1, 1, 1, 1, 1, 0, 1, 0, 0, 1, 1, 0, 1, 0, 0, 1, 0, 1, 0, 1, 0, 1, 1, 1, 1, 1, 1, 1, 1, 0, 1, 1, 1, 1, 1, 0, 0, 1, 1, 0, 1, 0, 1, 1, 1, 0, 0, 1, 0, 1, 1, 1, 1, 1, 0, 0, 0, 1, 1]","[0.4, 0.8, 1.0, 1.0, 0.0, 1.0, 0.2, 0.8, 0.0, 1.0, 1.0, 1.0, 1.0, 0.2, 0.6, 0.8, 1.0, 1.0, 0.0, 0.2, 0.2, 0.0, 1.0, 0.0, 0.8, 0.0, 1.0, 1.0, 1.0, 1.0, 0.8, 1.0, 1.0, 0.0, 0.4, 1.0, 0.8, 1.0, 0.8, 0.0, 1.0, 0.8, 1.0, 0.8, 1.0, 0.8, 1.0, 1.0, 0.0, 0.0, 0.8, 0.6, 0.2, 0.0, 0.8, 1.0, 0.0, 1.0, 1.0, 0.0, 0.0, 1.0, 0.8, 0.2, 1.0, 0.4, 1.0, 0.8, 0.8, 1.0, 0.8, 0.8, 1.0, 1.0, 0.0, 0.8, 1.0, 0.8, 0.0, 1.0, 0.0, 0.8, 1.0, 0.2, 1.0, 0.8, 1.0, 1.0, 0.6, 0.0, 1.0, 0.4, 0.2, 1.0, 0.8, 0.0, 0.8, 0.2, 0.2, 1.0, 0.4, 1.0, 0.0, 0.6, 0.4, 0.8, 0.8, 1.0, 0.6, 0.8, 0.6, 1.0, 1.0, 0.0, 1.0, 0.8, 1.0, 0.6, 1.0, 0.0, 0.2, 1.0, 1.0, 0.0, 1.0, 0.2, 1.0, 0.8, 1.0, 0.2, 0.0, 0.8, 0.0, 0.6, 0.8, 1.0, 0.8, 1.0, 0.2, 0.4, 0.0, 1.0, 1.0]"
KNN,19,4,"[1, 1, 1, 1, 1, 1, 0, 0, 0, 1, 1, 0, 1, 1, 0, 1, 1, 1, 0, 1, 0, 1, 1, 1, 1, 1, 0, 1, 1, 1, 1, 1, 0, 0, 1, 1, 1, 1, 1, 1, 1, 1, 0, 1, 0, 1, 1, 1, 1, 1, 0, 1, 1, 1, 0, 1, 0, 0, 0, 1, 1, 0, 1, 1, 0, 1, 1, 1, 1, 1, 1, 1, 1, 1, 1, 0, 0, 1, 0, 1, 1, 1, 1, 1, 1, 0, 1, 0, 1, 1, 0, 0, 1, 1, 1, 0, 1, 1, 1, 0, 1, 0, 1, 1, 0, 1, 1, 1, 1, 1, 1, 0, 1, 0, 0, 0, 1, 0, 0, 0, 1, 0, 1, 1, 0, 0, 0, 1, 1, 0, 0, 0, 1, 0, 0, 0, 1, 0, 1, 1, 1, 0, 0]","[1, 1, 1, 1, 1, 0, 1, 0, 1, 1, 1, 0, 1, 1, 0, 0, 1, 1, 0, 1, 1, 1, 1, 1, 1, 1, 0, 1, 1, 1, 1, 1, 1, 1, 0, 1, 1, 0, 1, 1, 1, 1, 1, 0, 0, 1, 0, 0, 1, 0, 0, 1, 1, 1, 0, 1, 1, 0, 0, 1, 1, 0, 1, 1, 0, 1, 1, 1, 1, 1, 0, 1, 0, 1, 1, 0, 0, 1, 0, 1, 1, 1, 1, 1, 1, 1, 0, 0, 1, 1, 1, 0, 1, 0, 1, 0, 1, 1, 1, 0, 1, 0, 1, 1, 1, 1, 1, 1, 0, 1, 1, 0, 1, 1, 1, 0, 1, 0, 0, 0, 1, 1, 1, 1, 0, 1, 0, 1, 1, 0, 1, 1, 1, 0, 0, 0, 1, 1, 1, 1, 1, 0, 0]","[1.0, 1.0, 1.0, 1.0, 1.0, 0.4, 0.8, 0.0, 0.8, 1.0, 1.0, 0.2, 0.6, 0.8, 0.2, 0.4, 1.0, 1.0, 0.2, 1.0, 0.8, 1.0, 0.8, 1.0, 1.0, 1.0, 0.2, 0.6, 1.0, 0.8, 1.0, 1.0, 0.6, 0.8, 0.4, 1.0, 0.8, 0.0, 1.0, 0.8, 0.6, 1.0, 0.8, 0.2, 0.4, 1.0, 0.4, 0.2, 1.0, 0.0, 0.0, 1.0, 1.0, 0.8, 0.0, 0.8, 1.0, 0.2, 0.2, 1.0, 1.0, 0.2, 0.8, 1.0, 0.0, 1.0, 1.0, 1.0, 1.0, 0.8, 0.4, 1.0, 0.2, 1.0, 1.0, 0.2, 0.0, 1.0, 0.0, 0.8, 1.0, 1.0, 1.0, 1.0, 1.0, 0.8, 0.4, 0.0, 1.0, 1.0, 1.0, 0.0, 1.0, 0.0, 1.0, 0.0, 1.0, 0.8, 0.6, 0.0, 0.8, 0.2, 1.0, 0.8, 0.6, 1.0, 1.0, 0.8, 0.4, 1.0, 0.6, 0.0, 1.0, 1.0, 1.0, 0.2, 1.0, 0.4, 0.2, 0.0, 1.0, 0.8, 1.0, 1.0, 0.2, 0.8, 0.4, 1.0, 0.6, 0.0, 0.6, 0.6, 1.0, 0.4, 0.2, 0.0, 1.0, 0.6, 1.0, 0.6, 1.0, 0.0, 0.0]"
KNN,20,4,"[1, 0, 1, 0, 1, 1, 1, 0, 0, 1, 0, 1, 1, 1, 1, 1, 1, 1, 0, 0, 1, 1, 1, 1, 1, 1, 1, 1, 1, 1, 0, 1, 0, 1, 0, 1, 1, 0, 1, 0, 0, 0, 1, 1, 0, 1, 1, 0, 1, 0, 0, 1, 1, 0, 1, 1, 0, 1, 0, 1, 1, 1, 1, 1, 1, 0, 0, 0, 0, 1, 0, 0, 1, 1, 0, 0, 1, 1, 1, 0, 0, 0, 1, 1, 1, 1, 1, 1, 1, 1, 1, 1, 1, 1, 1, 0, 0, 1, 0, 0, 0, 1, 0, 1, 1, 1, 0, 1, 1, 1, 1, 0, 1, 0, 1, 1, 1, 1, 1, 1, 0, 1, 1, 0, 1, 1, 0, 1, 1, 1, 1, 1, 1, 1, 1, 1, 0, 0, 0, 1, 1, 0, 1]","[1, 1, 1, 1, 1, 1, 1, 0, 0, 1, 0, 1, 1, 1, 1, 1, 1, 1, 0, 0, 1, 1, 1, 1, 0, 1, 1, 1, 1, 1, 1, 1, 1, 1, 1, 1, 1, 0, 1, 0, 1, 0, 1, 1, 0, 1, 1, 1, 1, 0, 1, 1, 1, 0, 1, 0, 0, 1, 0, 1, 1, 1, 1, 0, 1, 0, 0, 1, 0, 0, 0, 1, 1, 1, 0, 0, 1, 1, 1, 1, 0, 1, 1, 1, 1, 1, 1, 1, 1, 1, 1, 1, 1, 0, 1, 0, 0, 1, 0, 0, 0, 1, 1, 1, 1, 1, 1, 1, 1, 1, 1, 0, 1, 0, 0, 1, 1, 1, 1, 1, 0, 1, 1, 0, 1, 1, 0, 1, 1, 1, 1, 1, 1, 1, 1, 1, 1, 0, 0, 1, 1, 1, 1]","[1.0, 0.8, 0.8, 1.0, 1.0, 1.0, 1.0, 0.0, 0.2, 1.0, 0.2, 0.8, 0.6, 0.8, 1.0, 1.0, 1.0, 0.8, 0.2, 0.0, 1.0, 0.8, 0.8, 1.0, 0.4, 1.0, 1.0, 1.0, 0.8, 1.0, 0.6, 0.6, 0.8, 1.0, 0.8, 1.0, 0.8, 0.0, 0.6, 0.0, 0.6, 0.4, 1.0, 1.0, 0.4, 1.0, 1.0, 0.8, 1.0, 0.4, 1.0, 1.0, 1.0, 0.2, 0.8, 0.4, 0.4, 0.6, 0.2, 0.8, 0.8, 0.8, 1.0, 0.0, 1.0, 0.4, 0.0, 0.6, 0.0, 0.4, 0.2, 0.8, 1.0, 1.0, 0.0, 0.0, 0.6, 1.0, 0.6, 1.0, 0.4, 0.8, 1.0, 1.0, 0.8, 1.0, 1.0, 0.8, 1.0, 1.0, 0.8, 0.8, 1.0, 0.2, 0.8, 0.2, 0.0, 1.0, 0.2, 0.2, 0.2, 0.6, 1.0, 0.8, 0.6, 1.0, 0.6, 1.0, 0.8, 1.0, 1.0, 0.0, 0.8, 0.4, 0.2, 1.0, 1.0, 1.0, 1.0, 1.0, 0.0, 1.0, 1.0, 0.2, 1.0, 1.0, 0.0, 1.0, 0.8, 1.0, 0.6, 1.0, 1.0, 1.0, 1.0, 1.0, 0.6, 0.0, 0.4, 1.0, 1.0, 1.0, 1.0]"
KNN,21,5,"[1, 1, 0, 1, 1, 0, 0, 1, 1, 0, 0, 0, 1, 1, 1, 1, 0, 1, 0, 1, 0, 0, 1, 1, 0, 0, 0, 1, 0, 1, 1, 1, 0, 1, 1, 1, 0, 1, 1, 1, 1, 0, 1, 0, 1, 1, 1, 0, 1, 0, 1, 0, 0, 0, 0, 1, 0, 0, 1, 1, 0, 0, 0, 0, 0, 1, 1, 1, 0, 1, 1, 1, 1, 0, 1, 0, 1, 1, 1, 1, 1, 1, 1, 0, 1, 1, 1, 0, 1, 0, 0, 1, 1, 0, 0, 0, 1, 1, 1, 1, 0, 0, 1, 0, 1, 1, 1, 1, 1, 0, 1, 1, 1, 1, 1, 1, 1, 0, 0, 1, 1, 1, 1, 0, 0, 0, 1, 0, 0, 0, 1, 0, 0, 1, 0, 0, 1, 0, 0, 0, 1, 1, 1, 0]","[1, 1, 0, 1, 1, 0, 1, 1, 1, 1, 0, 0, 1, 1, 1, 1, 0, 1, 0, 1, 0, 0, 1, 1, 0, 0, 0, 1, 0, 1, 1, 1, 0, 1, 1, 1, 1, 1, 1, 1, 1, 1, 1, 1, 1, 1, 1, 0, 1, 0, 1, 0, 0, 0, 0, 1, 0, 1, 1, 1, 0, 0, 0, 0, 0, 1, 0, 1, 0, 1, 1, 1, 1, 0, 1, 0, 1, 1, 1, 1, 1, 1, 1, 0, 1, 1, 1, 0, 1, 0, 0, 1, 1, 0, 0, 0, 0, 1, 1, 1, 0, 0, 1, 1, 1, 1, 1, 1, 1, 1, 1, 1, 1, 1, 1, 1, 1, 0, 0, 1, 1, 1, 1, 0, 0, 1, 1, 1, 1, 0, 1, 0, 0, 1, 0, 0, 1, 0, 0, 1, 1, 1, 1, 0]","[1.0, 0.8, 0.4, 1.0, 1.0, 0.2, 0.8, 0.6, 1.0, 0.8, 0.4, 0.2, 0.8, 1.0, 0.6, 1.0, 0.0, 1.0, 0.0, 0.6, 0.0, 0.4, 0.8, 1.0, 0.2, 0.2, 0.0, 1.0, 0.2, 0.8, 1.0, 0.6, 0.0, 1.0, 1.0, 1.0, 1.0, 1.0, 1.0, 1.0, 1.0, 0.8, 0.6, 0.6, 0.8, 1.0, 1.0, 0.0, 1.0, 0.4, 1.0, 0.2, 0.0, 0.0, 0.0, 1.0, 0.0, 0.6, 1.0, 1.0, 0.0, 0.2, 0.2, 0.4, 0.4, 1.0, 0.4, 0.8, 0.0, 1.0, 1.0, 0.8, 1.0, 0.0, 1.0, 0.0, 1.0, 1.0, 0.8, 1.0, 0.8, 1.0, 1.0, 0.0, 0.6, 1.0, 1.0, 0.2, 1.0, 0.0, 0.4, 1.0, 0.6, 0.0, 0.0, 0.0, 0.2, 1.0, 0.6, 0.8, 0.0, 0.0, 0.6, 1.0, 1.0, 0.6, 1.0, 1.0, 0.8, 1.0, 0.8, 0.6, 0.8, 0.8, 1.0, 0.8, 0.6, 0.4, 0.0, 0.6, 1.0, 1.0, 0.6, 0.0, 0.2, 1.0, 1.0, 1.0, 0.8, 0.2, 1.0, 0.0, 0.2, 0.6, 0.2, 0.2, 1.0, 0.0, 0.4, 1.0, 1.0, 1.0, 0.8, 0.2]"
KNN,22,5,"[0, 1, 0, 1, 0, 1, 1, 1, 1, 0, 0, 0, 1, 1, 1, 1, 1, 0, 1, 1, 1, 1, 1, 1, 1, 1, 1, 0, 0, 0, 0, 0, 1, 0, 0, 0, 0, 0, 0, 1, 0, 1, 0, 0, 0, 1, 0, 0, 1, 1, 1, 0, 1, 0, 1, 1, 0, 1, 0, 0, 1, 1, 1, 1, 1, 1, 1, 0, 1, 1, 1, 1, 1, 0, 1, 1, 1, 1, 1, 0, 0, 1, 0, 0, 1, 1, 1, 1, 1, 0, 0, 0, 0, 0, 0, 1, 1, 0, 1, 1, 1, 1, 0, 1, 1, 1, 1, 1, 1, 1, 1, 0, 0, 1, 1, 0, 0, 1, 1, 0, 0, 1, 1, 1, 1, 1, 1, 0, 1, 1, 1, 0, 1, 1, 1, 1, 0, 0, 1, 1, 1, 1, 0, 1]","[1, 1, 0, 1, 0, 0, 1, 1, 1, 1, 0, 0, 1, 1, 1, 1, 0, 0, 1, 1, 1, 1, 1, 1, 0, 1, 1, 0, 0, 0, 0, 0, 1, 0, 1, 0, 0, 1, 1, 1, 0, 1, 0, 1, 0, 1, 0, 0, 0, 1, 1, 0, 1, 0, 1, 0, 0, 0, 0, 0, 1, 1, 1, 1, 1, 1, 1, 0, 1, 1, 1, 1, 1, 0, 1, 1, 0, 1, 1, 0, 0, 1, 1, 1, 1, 1, 0, 1, 1, 0, 1, 1, 1, 0, 0, 1, 1, 1, 1, 1, 1, 0, 0, 1, 1, 1, 1, 1, 1, 1, 1, 1, 0, 1, 1, 0, 0, 1, 1, 0, 0, 1, 1, 1, 1, 1, 1, 0, 1, 1, 1, 0, 1, 1, 1, 1, 0, 0, 1, 1, 1, 1, 0, 0]","[0.6, 1.0, 0.0, 0.8, 0.0, 0.4, 1.0, 0.6, 1.0, 1.0, 0.0, 0.2, 1.0, 1.0, 1.0, 0.8, 0.0, 0.2, 0.8, 1.0, 1.0, 1.0, 1.0, 1.0, 0.2, 0.8, 1.0, 0.2, 0.0, 0.0, 0.0, 0.0, 1.0, 0.2, 1.0, 0.0, 0.2, 0.6, 1.0, 1.0, 0.2, 0.8, 0.2, 1.0, 0.0, 0.6, 0.0, 0.0, 0.0, 0.6, 0.8, 0.0, 1.0, 0.0, 1.0, 0.4, 0.2, 0.4, 0.0, 0.2, 1.0, 1.0, 1.0, 1.0, 1.0, 1.0, 1.0, 0.2, 1.0, 0.8, 1.0, 1.0, 0.8, 0.0, 1.0, 1.0, 0.2, 1.0, 1.0, 0.2, 0.0, 1.0, 0.6, 0.8, 1.0, 1.0, 0.4, 1.0, 0.8, 0.0, 0.6, 0.8, 1.0, 0.0, 0.2, 1.0, 1.0, 1.0, 1.0, 1.0, 0.8, 0.0, 0.2, 1.0, 0.6, 0.8, 0.6, 1.0, 1.0, 1.0, 1.0, 0.6, 0.4, 1.0, 1.0, 0.0, 0.2, 1.0, 1.0, 0.0, 0.0, 1.0, 1.0, 0.6, 1.0, 1.0, 1.0, 0.4, 1.0, 1.0, 1.0, 0.2, 0.8, 0.8, 1.0, 0.6, 0.2, 0.0, 0.8, 1.0, 1.0, 1.0, 0.0, 0.2]"
KNN,23,5,"[1, 0, 1, 0, 1, 1, 1, 1, 0, 1, 0, 1, 0, 1, 1, 1, 1, 1, 1, 1, 1, 0, 0, 1, 1, 1, 1, 1, 1, 1, 0, 1, 1, 1, 1, 1, 0, 1, 1, 1, 0, 0, 1, 0, 1, 1, 1, 1, 0, 1, 0, 0, 1, 0, 1, 0, 1, 0, 1, 0, 1, 0, 1, 1, 1, 1, 1, 1, 1, 1, 0, 1, 0, 1, 1, 1, 1, 1, 0, 1, 1, 0, 1, 0, 1, 0, 1, 0, 1, 1, 1, 0, 1, 1, 1, 0, 0, 1, 0, 0, 0, 1, 0, 1, 1, 0, 0, 1, 0, 1, 1, 1, 1, 1, 0, 0, 0, 0, 0, 1, 1, 1, 0, 1, 1, 1, 0, 0, 0, 0, 0, 0, 1, 0, 0, 1, 0, 1, 0, 1, 1, 1, 1]","[1, 1, 1, 1, 1, 1, 1, 1, 0, 1, 1, 0, 0, 1, 1, 0, 0, 1, 1, 1, 0, 0, 0, 1, 1, 1, 1, 1, 0, 1, 0, 1, 1, 1, 1, 1, 1, 1, 1, 0, 0, 1, 1, 1, 1, 1, 1, 1, 1, 1, 0, 0, 1, 0, 0, 0, 1, 0, 1, 0, 1, 0, 1, 1, 1, 1, 1, 1, 1, 1, 1, 1, 0, 1, 1, 1, 1, 1, 0, 1, 1, 0, 1, 0, 1, 0, 1, 1, 1, 0, 0, 0, 1, 1, 0, 1, 0, 0, 0, 0, 0, 0, 0, 1, 1, 1, 0, 1, 1, 1, 1, 1, 0, 1, 0, 0, 0, 1, 1, 1, 1, 1, 0, 1, 1, 1, 0, 0, 1, 0, 0, 0, 1, 0, 1, 1, 0, 1, 1, 1, 1, 1, 1]","[1.0, 0.6, 1.0, 1.0, 1.0, 0.8, 0.8, 1.0, 0.2, 1.0, 0.6, 0.2, 0.2, 1.0, 1.0, 0.4, 0.4, 0.6, 1.0, 0.8, 0.4, 0.0, 0.0, 0.8, 1.0, 1.0, 0.8, 1.0, 0.4, 0.8, 0.0, 0.8, 1.0, 0.8, 0.8, 1.0, 0.6, 1.0, 1.0, 0.0, 0.0, 1.0, 1.0, 0.8, 1.0, 1.0, 0.8, 1.0, 0.8, 1.0, 0.4, 0.0, 1.0, 0.0, 0.2, 0.0, 1.0, 0.0, 0.8, 0.0, 1.0, 0.0, 0.8, 1.0, 1.0, 0.8, 0.8, 1.0, 1.0, 1.0, 0.8, 0.8, 0.0, 1.0, 0.6, 0.6, 0.8, 1.0, 0.0, 0.8, 1.0, 0.0, 0.8, 0.0, 1.0, 0.2, 0.8, 0.8, 0.8, 0.4, 0.2, 0.0, 1.0, 1.0, 0.0, 1.0, 0.2, 0.2, 0.0, 0.0, 0.4, 0.4, 0.4, 0.8, 1.0, 1.0, 0.0, 1.0, 1.0, 0.6, 0.8, 0.8, 0.4, 1.0, 0.4, 0.2, 0.4, 0.8, 0.6, 1.0, 1.0, 1.0, 0.2, 1.0, 1.0, 0.8, 0.0, 0.2, 0.6, 0.2, 0.0, 0.0, 1.0, 0.2, 1.0, 1.0, 0.2, 1.0, 0.6, 1.0, 1.0, 1.0, 0.8]"
KNN,24,5,"[0, 1, 1, 1, 1, 0, 0, 1, 0, 1, 1, 1, 0, 1, 0, 1, 1, 0, 1, 1, 1, 1, 1, 1, 1, 1, 0, 1, 1, 1, 1, 1, 0, 1, 0, 1, 0, 1, 1, 1, 0, 1, 1, 1, 1, 1, 1, 1, 1, 1, 1, 1, 1, 0, 1, 1, 0, 1, 1, 1, 0, 0, 1, 1, 0, 1, 1, 0, 1, 1, 1, 1, 1, 0, 0, 1, 1, 1, 1, 1, 1, 1, 1, 1, 1, 1, 0, 1, 0, 0, 1, 0, 1, 0, 0, 1, 0, 1, 1, 1, 1, 1, 0, 1, 1, 1, 1, 1, 1, 0, 0, 1, 1, 1, 1, 1, 1, 1, 0, 0, 1, 1, 1, 0, 0, 1, 1, 1, 0, 0, 1, 1, 1, 0, 1, 1, 0, 1, 0, 0, 0, 1, 0]","[1, 1, 1, 1, 1, 0, 1, 1, 0, 1, 0, 1, 0, 1, 0, 1, 1, 1, 1, 1, 1, 1, 0, 1, 1, 1, 0, 1, 1, 1, 1, 1, 1, 1, 0, 1, 0, 1, 1, 1, 1, 1, 1, 1, 1, 1, 1, 1, 1, 1, 1, 1, 1, 1, 1, 1, 0, 1, 1, 1, 0, 1, 0, 0, 0, 1, 1, 0, 0, 1, 1, 1, 1, 0, 0, 1, 1, 1, 1, 1, 1, 1, 1, 1, 1, 1, 0, 1, 0, 0, 1, 0, 1, 1, 1, 1, 1, 1, 1, 1, 1, 1, 1, 1, 1, 1, 1, 0, 1, 0, 1, 1, 1, 0, 1, 0, 1, 1, 1, 1, 1, 1, 1, 0, 0, 1, 1, 1, 0, 1, 1, 1, 0, 1, 0, 1, 0, 1, 1, 1, 0, 1, 0]","[1.0, 1.0, 1.0, 1.0, 0.8, 0.0, 0.8, 1.0, 0.2, 0.8, 0.4, 0.6, 0.0, 1.0, 0.0, 1.0, 0.8, 0.6, 1.0, 0.8, 1.0, 0.8, 0.4, 1.0, 1.0, 0.8, 0.0, 0.8, 0.8, 0.8, 1.0, 0.6, 0.8, 1.0, 0.4, 0.8, 0.0, 0.6, 1.0, 0.8, 0.8, 0.8, 0.8, 1.0, 0.8, 1.0, 1.0, 1.0, 1.0, 1.0, 1.0, 1.0, 1.0, 0.6, 1.0, 0.6, 0.0, 1.0, 1.0, 1.0, 0.2, 1.0, 0.4, 0.4, 0.0, 0.6, 1.0, 0.2, 0.0, 0.8, 1.0, 1.0, 1.0, 0.2, 0.0, 0.8, 1.0, 0.8, 1.0, 0.8, 1.0, 1.0, 0.8, 1.0, 1.0, 1.0, 0.2, 1.0, 0.2, 0.0, 1.0, 0.2, 1.0, 0.8, 0.6, 1.0, 1.0, 0.8, 0.8, 0.8, 1.0, 1.0, 0.8, 1.0, 1.0, 1.0, 1.0, 0.4, 1.0, 0.0, 1.0, 0.8, 0.6, 0.2, 1.0, 0.2, 1.0, 1.0, 0.8, 0.8, 0.8, 1.0, 1.0, 0.0, 0.0, 1.0, 1.0, 1.0, 0.2, 0.8, 0.8, 1.0, 0.4, 0.8, 0.0, 0.6, 0.4, 1.0, 0.6, 0.6, 0.0, 0.6, 0.0]"
KNN,25,5,"[0, 0, 1, 1, 1, 1, 1, 0, 1, 1, 1, 1, 1, 1, 1, 0, 0, 0, 1, 1, 1, 1, 1, 1, 1, 1, 1, 0, 0, 1, 1, 1, 1, 0, 1, 0, 0, 1, 1, 1, 1, 1, 1, 0, 1, 0, 1, 1, 0, 1, 0, 1, 0, 0, 1, 0, 1, 1, 1, 0, 1, 1, 1, 1, 1, 0, 0, 0, 0, 0, 1, 1, 1, 1, 1, 1, 1, 1, 1, 0, 1, 1, 1, 0, 1, 1, 1, 1, 1, 1, 1, 0, 1, 1, 1, 1, 1, 1, 0, 0, 1, 1, 1, 1, 1, 1, 0, 0, 0, 1, 1, 0, 1, 1, 0, 1, 0, 1, 0, 1, 1, 1, 0, 1, 0, 1, 0, 0, 0, 1, 1, 1, 1, 1, 1, 0, 0, 1, 0, 1, 0, 1, 1]","[0, 1, 1, 0, 1, 1, 1, 0, 1, 1, 1, 1, 1, 1, 1, 0, 0, 0, 1, 1, 1, 0, 1, 1, 1, 1, 1, 0, 1, 1, 1, 1, 0, 1, 1, 0, 0, 1, 1, 1, 1, 1, 1, 0, 1, 1, 0, 1, 1, 0, 0, 1, 0, 0, 1, 0, 1, 1, 1, 0, 1, 1, 1, 0, 1, 0, 1, 1, 0, 0, 1, 1, 1, 0, 1, 1, 1, 1, 1, 1, 1, 1, 1, 0, 1, 1, 1, 1, 1, 1, 1, 0, 1, 1, 1, 1, 1, 1, 0, 0, 1, 1, 1, 1, 1, 1, 0, 0, 1, 1, 1, 1, 1, 1, 1, 1, 0, 1, 0, 1, 1, 0, 0, 1, 0, 1, 1, 0, 0, 1, 1, 1, 1, 1, 1, 0, 1, 1, 0, 1, 0, 1, 1]","[0.4, 1.0, 1.0, 0.0, 1.0, 1.0, 1.0, 0.0, 1.0, 0.8, 0.8, 1.0, 1.0, 0.8, 1.0, 0.2, 0.2, 0.0, 1.0, 0.8, 0.8, 0.4, 1.0, 0.8, 1.0, 0.8, 1.0, 0.4, 0.8, 1.0, 1.0, 1.0, 0.2, 0.8, 1.0, 0.0, 0.0, 1.0, 0.8, 0.8, 1.0, 1.0, 1.0, 0.2, 1.0, 0.6, 0.0, 1.0, 1.0, 0.2, 0.2, 0.6, 0.2, 0.0, 0.8, 0.2, 0.8, 0.8, 0.8, 0.4, 1.0, 1.0, 1.0, 0.0, 1.0, 0.0, 0.8, 0.6, 0.0, 0.2, 1.0, 1.0, 1.0, 0.2, 0.6, 1.0, 1.0, 0.8, 1.0, 1.0, 0.8, 0.8, 0.8, 0.0, 1.0, 0.8, 1.0, 1.0, 0.8, 1.0, 0.8, 0.2, 0.6, 1.0, 1.0, 1.0, 1.0, 1.0, 0.0, 0.0, 0.8, 0.8, 0.8, 0.8, 1.0, 1.0, 0.2, 0.0, 1.0, 1.0, 1.0, 0.8, 1.0, 0.8, 0.8, 1.0, 0.0, 1.0, 0.4, 0.6, 1.0, 0.4, 0.0, 1.0, 0.0, 0.8, 1.0, 0.4, 0.0, 1.0, 0.8, 1.0, 1.0, 1.0, 1.0, 0.0, 0.6, 1.0, 0.2, 1.0, 0.0, 1.0, 1.0]"
KNN,26,6,"[1, 0, 0, 0, 1, 1, 1, 1, 0, 1, 0, 1, 1, 0, 1, 0, 1, 1, 1, 0, 0, 1, 1, 1, 1, 0, 1, 1, 1, 1, 1, 0, 1, 1, 0, 1, 1, 1, 0, 1, 1, 0, 1, 1, 1, 1, 0, 1, 0, 1, 1, 1, 0, 1, 1, 0, 0, 1, 0, 0, 1, 0, 0, 1, 0, 0, 0, 1, 1, 0, 1, 1, 1, 1, 1, 0, 1, 1, 0, 1, 0, 0, 1, 1, 0, 1, 1, 1, 0, 1, 1, 0, 0, 0, 0, 0, 1, 0, 1, 0, 1, 1, 1, 1, 1, 1, 1, 1, 1, 1, 0, 1, 0, 0, 0, 1, 1, 1, 0, 1, 0, 1, 0, 0, 0, 0, 1, 0, 1, 1, 1, 1, 0, 0, 1, 0, 0, 0, 0, 0, 1, 1, 0, 0]","[1, 0, 0, 1, 1, 1, 1, 1, 1, 1, 0, 1, 1, 0, 1, 0, 0, 1, 1, 0, 0, 0, 1, 0, 1, 0, 1, 1, 1, 1, 0, 0, 1, 0, 0, 1, 1, 1, 1, 1, 1, 0, 1, 1, 1, 1, 1, 1, 1, 1, 1, 1, 0, 1, 1, 0, 0, 1, 0, 1, 1, 0, 0, 1, 0, 0, 0, 1, 1, 0, 0, 1, 1, 1, 1, 0, 1, 1, 0, 1, 0, 0, 1, 1, 0, 1, 1, 1, 0, 0, 1, 0, 0, 0, 0, 0, 1, 0, 1, 1, 1, 1, 1, 1, 1, 0, 1, 1, 1, 1, 1, 1, 0, 0, 0, 1, 1, 1, 0, 1, 0, 1, 1, 1, 0, 1, 1, 0, 1, 1, 1, 1, 0, 0, 0, 0, 0, 1, 0, 0, 1, 1, 0, 0]","[1.0, 0.0, 0.0, 0.8, 0.6, 1.0, 1.0, 1.0, 1.0, 1.0, 0.2, 1.0, 1.0, 0.0, 1.0, 0.0, 0.2, 0.8, 1.0, 0.0, 0.4, 0.4, 1.0, 0.2, 1.0, 0.0, 0.8, 0.8, 1.0, 1.0, 0.4, 0.4, 0.6, 0.0, 0.0, 0.8, 1.0, 1.0, 0.6, 0.6, 0.8, 0.0, 0.8, 1.0, 1.0, 0.8, 0.8, 1.0, 0.6, 0.8, 0.8, 1.0, 0.0, 1.0, 0.6, 0.0, 0.0, 1.0, 0.2, 0.6, 1.0, 0.0, 0.0, 1.0, 0.2, 0.4, 0.2, 1.0, 1.0, 0.0, 0.0, 1.0, 1.0, 1.0, 1.0, 0.2, 0.8, 1.0, 0.0, 1.0, 0.2, 0.2, 1.0, 1.0, 0.4, 1.0, 1.0, 0.6, 0.0, 0.4, 0.6, 0.0, 0.0, 0.2, 0.2, 0.4, 1.0, 0.0, 0.6, 1.0, 0.8, 0.6, 0.8, 1.0, 0.6, 0.4, 1.0, 1.0, 1.0, 1.0, 0.6, 1.0, 0.0, 0.0, 0.0, 0.6, 1.0, 1.0, 0.2, 1.0, 0.0, 1.0, 1.0, 0.8, 0.2, 0.6, 1.0, 0.0, 1.0, 1.0, 0.6, 0.8, 0.2, 0.2, 0.0, 0.0, 0.2, 0.8, 0.0, 0.4, 1.0, 0.6, 0.2, 0.2]"
KNN,27,6,"[0, 1, 0, 0, 0, 1, 0, 1, 1, 0, 1, 1, 0, 0, 1, 1, 1, 1, 1, 1, 1, 0, 1, 1, 1, 1, 1, 1, 1, 0, 1, 1, 1, 1, 0, 0, 0, 0, 1, 1, 0, 0, 1, 1, 1, 0, 1, 1, 0, 1, 1, 0, 0, 0, 1, 1, 1, 0, 1, 1, 0, 0, 1, 1, 0, 1, 1, 1, 1, 0, 0, 1, 1, 1, 1, 1, 1, 1, 1, 0, 0, 1, 1, 1, 1, 1, 1, 0, 1, 1, 0, 0, 0, 1, 1, 0, 0, 1, 1, 0, 0, 0, 1, 1, 0, 1, 1, 1, 0, 1, 0, 1, 0, 1, 0, 0, 0, 0, 1, 1, 1, 1, 0, 1, 1, 1, 0, 0, 1, 0, 0, 0, 1, 1, 1, 1, 1, 0, 0, 1, 1, 1, 1]","[1, 1, 1, 1, 1, 1, 0, 1, 1, 1, 1, 1, 1, 0, 0, 1, 0, 1, 1, 0, 1, 0, 1, 1, 1, 1, 1, 1, 1, 0, 1, 1, 1, 1, 1, 0, 0, 0, 1, 1, 0, 1, 1, 1, 1, 1, 1, 1, 1, 1, 0, 0, 1, 0, 1, 1, 0, 0, 1, 1, 0, 0, 0, 1, 1, 1, 1, 0, 1, 0, 0, 1, 1, 1, 1, 1, 1, 1, 1, 0, 0, 1, 1, 1, 1, 1, 1, 0, 1, 0, 1, 0, 0, 1, 1, 0, 1, 1, 1, 1, 0, 1, 1, 1, 1, 1, 1, 1, 1, 1, 1, 1, 1, 1, 0, 0, 0, 0, 1, 1, 1, 1, 1, 1, 1, 1, 1, 1, 1, 0, 0, 1, 1, 1, 1, 1, 1, 1, 1, 1, 1, 1, 1]","[1.0, 1.0, 0.6, 0.6, 0.8, 1.0, 0.0, 0.8, 1.0, 0.8, 1.0, 1.0, 0.8, 0.2, 0.4, 1.0, 0.4, 1.0, 1.0, 0.4, 1.0, 0.2, 0.8, 1.0, 0.8, 1.0, 1.0, 1.0, 0.8, 0.0, 1.0, 0.8, 1.0, 1.0, 1.0, 0.2, 0.2, 0.0, 1.0, 0.8, 0.0, 0.8, 1.0, 0.6, 1.0, 0.8, 0.8, 0.8, 1.0, 1.0, 0.0, 0.0, 0.6, 0.0, 1.0, 1.0, 0.4, 0.2, 1.0, 1.0, 0.2, 0.4, 0.4, 1.0, 0.6, 1.0, 1.0, 0.4, 1.0, 0.0, 0.2, 1.0, 0.8, 1.0, 0.8, 0.8, 0.8, 0.6, 1.0, 0.0, 0.2, 0.8, 1.0, 1.0, 1.0, 1.0, 0.6, 0.0, 0.8, 0.4, 0.6, 0.0, 0.0, 1.0, 1.0, 0.0, 1.0, 1.0, 1.0, 1.0, 0.2, 0.6, 1.0, 1.0, 0.6, 1.0, 1.0, 1.0, 1.0, 1.0, 1.0, 0.6, 1.0, 1.0, 0.4, 0.2, 0.4, 0.2, 1.0, 1.0, 1.0, 1.0, 1.0, 1.0, 1.0, 1.0, 1.0, 0.8, 1.0, 0.4, 0.2, 1.0, 0.6, 0.6, 1.0, 1.0, 0.6, 1.0, 0.8, 1.0, 1.0, 1.0, 0.8]"
KNN,28,6,"[1, 0, 1, 1, 1, 1, 1, 0, 0, 1, 0, 1, 1, 1, 1, 0, 1, 1, 1, 1, 0, 1, 0, 0, 1, 1, 0, 0, 1, 0, 0, 1, 1, 0, 0, 1, 0, 1, 0, 1, 1, 0, 1, 0, 1, 1, 1, 1, 1, 1, 0, 1, 0, 1, 1, 1, 1, 1, 0, 1, 1, 1, 0, 0, 0, 1, 1, 0, 1, 1, 1, 0, 1, 0, 1, 1, 1, 1, 1, 1, 1, 1, 1, 1, 0, 1, 1, 1, 1, 1, 1, 1, 0, 1, 1, 0, 1, 1, 0, 0, 1, 1, 1, 1, 1, 1, 0, 1, 1, 0, 0, 0, 1, 1, 1, 1, 0, 0, 0, 0, 1, 1, 0, 0, 1, 1, 0, 0, 0, 1, 0, 1, 1, 0, 1, 0, 0, 1, 1, 0, 1, 0, 1]","[1, 0, 1, 0, 1, 1, 1, 0, 0, 1, 0, 1, 1, 1, 1, 0, 1, 1, 1, 1, 0, 1, 0, 0, 1, 1, 0, 0, 1, 0, 1, 1, 1, 0, 0, 1, 1, 1, 1, 0, 1, 1, 1, 0, 0, 1, 1, 1, 1, 1, 0, 1, 0, 1, 1, 1, 0, 1, 0, 1, 1, 0, 1, 0, 0, 0, 1, 1, 1, 1, 1, 1, 1, 0, 1, 1, 1, 1, 1, 1, 1, 0, 1, 1, 0, 1, 1, 1, 1, 1, 1, 1, 1, 1, 0, 0, 1, 1, 1, 1, 1, 1, 1, 1, 1, 1, 0, 1, 1, 1, 1, 1, 1, 1, 1, 1, 1, 1, 0, 0, 1, 1, 0, 0, 1, 1, 0, 0, 0, 1, 0, 1, 1, 1, 1, 1, 0, 1, 1, 0, 1, 0, 1]","[1.0, 0.4, 1.0, 0.4, 1.0, 0.6, 0.6, 0.0, 0.2, 1.0, 0.4, 0.6, 1.0, 1.0, 1.0, 0.0, 0.8, 0.8, 1.0, 1.0, 0.0, 1.0, 0.2, 0.2, 1.0, 0.8, 0.4, 0.0, 1.0, 0.2, 0.8, 0.8, 1.0, 0.2, 0.0, 1.0, 0.8, 1.0, 0.6, 0.2, 1.0, 1.0, 1.0, 0.2, 0.0, 1.0, 1.0, 1.0, 1.0, 1.0, 0.2, 1.0, 0.2, 1.0, 1.0, 1.0, 0.2, 1.0, 0.0, 0.8, 1.0, 0.4, 1.0, 0.0, 0.0, 0.2, 1.0, 0.8, 1.0, 0.8, 1.0, 0.8, 1.0, 0.0, 0.8, 1.0, 1.0, 1.0, 0.8, 0.8, 0.8, 0.0, 0.8, 1.0, 0.2, 0.6, 0.8, 1.0, 1.0, 1.0, 1.0, 1.0, 0.8, 1.0, 0.2, 0.0, 1.0, 0.8, 0.8, 0.8, 0.8, 0.8, 0.8, 1.0, 0.6, 1.0, 0.0, 0.8, 1.0, 0.8, 1.0, 0.6, 1.0, 1.0, 1.0, 1.0, 0.8, 0.6, 0.0, 0.2, 0.8, 0.8, 0.2, 0.0, 0.8, 0.8, 0.0, 0.4, 0.0, 0.6, 0.0, 1.0, 1.0, 0.6, 1.0, 0.6, 0.0, 1.0, 1.0, 0.0, 0.8, 0.0, 1.0]"
KNN,29,6,"[1, 1, 0, 1, 1, 1, 1, 1, 0, 0, 1, 0, 1, 1, 1, 1, 0, 1, 0, 1, 1, 1, 1, 1, 1, 0, 1, 1, 1, 1, 0, 1, 1, 1, 0, 0, 1, 0, 1, 1, 1, 1, 0, 1, 0, 0, 0, 1, 0, 1, 1, 1, 0, 1, 1, 0, 1, 1, 1, 1, 1, 1, 1, 0, 0, 1, 0, 0, 1, 1, 0, 1, 1, 1, 1, 1, 1, 0, 0, 0, 1, 1, 1, 1, 1, 1, 1, 0, 1, 1, 0, 0, 1, 0, 1, 1, 1, 0, 1, 1, 1, 1, 0, 0, 0, 1, 1, 1, 1, 1, 1, 1, 1, 0, 1, 1, 0, 1, 1, 1, 0, 1, 1, 0, 1, 1, 1, 1, 0, 1, 0, 0, 1, 0, 0, 1, 1, 1, 1, 1, 0, 1, 1]","[1, 1, 1, 0, 1, 1, 1, 1, 1, 0, 1, 0, 1, 1, 0, 1, 1, 1, 0, 1, 1, 1, 1, 1, 1, 0, 1, 1, 1, 1, 0, 1, 1, 1, 0, 1, 1, 1, 0, 1, 1, 1, 1, 1, 0, 0, 0, 1, 0, 1, 1, 1, 0, 1, 1, 0, 1, 0, 1, 1, 1, 1, 1, 0, 0, 1, 0, 0, 1, 1, 0, 1, 1, 1, 1, 1, 1, 0, 1, 0, 1, 1, 1, 1, 1, 1, 1, 0, 1, 1, 0, 0, 0, 0, 1, 0, 1, 0, 1, 1, 1, 0, 1, 0, 0, 1, 0, 1, 1, 1, 0, 1, 0, 0, 1, 0, 0, 1, 1, 1, 1, 1, 1, 1, 1, 1, 1, 1, 0, 1, 0, 0, 1, 0, 0, 1, 1, 1, 1, 1, 0, 1, 1]","[1.0, 1.0, 1.0, 0.2, 1.0, 1.0, 0.8, 1.0, 0.6, 0.0, 1.0, 0.0, 1.0, 1.0, 0.0, 0.8, 0.6, 1.0, 0.0, 0.8, 0.8, 1.0, 1.0, 1.0, 1.0, 0.2, 1.0, 0.8, 0.6, 1.0, 0.0, 0.8, 1.0, 1.0, 0.0, 1.0, 0.8, 1.0, 0.0, 1.0, 1.0, 1.0, 1.0, 1.0, 0.0, 0.0, 0.2, 1.0, 0.2, 0.8, 1.0, 0.8, 0.0, 1.0, 0.8, 0.0, 1.0, 0.0, 1.0, 1.0, 1.0, 0.8, 1.0, 0.0, 0.2, 1.0, 0.2, 0.0, 0.6, 1.0, 0.0, 1.0, 1.0, 0.8, 0.6, 1.0, 1.0, 0.4, 0.8, 0.0, 0.8, 0.8, 1.0, 0.8, 0.8, 0.8, 1.0, 0.0, 1.0, 1.0, 0.0, 0.2, 0.4, 0.0, 1.0, 0.0, 1.0, 0.0, 0.6, 1.0, 0.8, 0.0, 1.0, 0.0, 0.0, 1.0, 0.4, 1.0, 0.6, 1.0, 0.4, 0.8, 0.4, 0.0, 1.0, 0.2, 0.2, 1.0, 1.0, 0.8, 0.8, 1.0, 0.8, 0.8, 1.0, 1.0, 1.0, 1.0, 0.0, 1.0, 0.0, 0.4, 0.8, 0.0, 0.0, 0.6, 1.0, 0.8, 1.0, 1.0, 0.2, 1.0, 1.0]"
KNN,30,6,"[0, 1, 1, 1, 0, 0, 1, 1, 1, 1, 0, 1, 1, 1, 0, 0, 0, 1, 1, 1, 1, 1, 1, 1, 1, 0, 0, 0, 1, 1, 1, 1, 1, 0, 0, 1, 1, 1, 0, 0, 1, 1, 0, 1, 1, 1, 0, 1, 1, 0, 0, 0, 0, 0, 0, 1, 1, 1, 1, 0, 1, 1, 0, 1, 1, 1, 1, 1, 1, 1, 1, 1, 0, 1, 1, 1, 0, 1, 0, 1, 1, 0, 1, 1, 0, 1, 1, 1, 1, 0, 1, 1, 0, 1, 0, 1, 0, 1, 1, 1, 1, 1, 1, 1, 1, 1, 1, 1, 1, 0, 1, 1, 0, 1, 0, 1, 1, 1, 1, 1, 0, 1, 0, 1, 0, 1, 0, 1, 1, 1, 0, 1, 0, 1, 1, 1, 1, 0, 0, 1, 1, 0, 0, 1]","[1, 1, 1, 1, 0, 0, 1, 1, 1, 1, 0, 1, 1, 1, 0, 0, 0, 1, 1, 1, 1, 1, 1, 0, 1, 0, 0, 1, 1, 1, 1, 1, 1, 1, 0, 1, 1, 1, 0, 1, 1, 1, 0, 1, 1, 1, 0, 0, 0, 1, 0, 0, 0, 0, 0, 1, 1, 1, 1, 0, 1, 1, 0, 1, 1, 1, 1, 1, 1, 1, 0, 1, 0, 1, 1, 1, 1, 1, 0, 1, 1, 0, 1, 1, 0, 1, 1, 1, 1, 0, 1, 1, 1, 1, 1, 1, 0, 1, 1, 0, 1, 1, 1, 0, 1, 1, 0, 1, 0, 0, 1, 1, 0, 1, 0, 1, 1, 1, 1, 1, 0, 1, 0, 1, 0, 0, 0, 1, 1, 1, 0, 1, 0, 1, 1, 1, 1, 1, 0, 1, 1, 0, 0, 0]","[0.8, 1.0, 0.8, 1.0, 0.0, 0.0, 1.0, 0.8, 0.6, 0.8, 0.0, 1.0, 0.8, 1.0, 0.2, 0.2, 0.0, 1.0, 0.8, 0.6, 1.0, 1.0, 0.8, 0.4, 1.0, 0.2, 0.4, 0.8, 0.6, 1.0, 1.0, 0.6, 1.0, 0.6, 0.4, 0.8, 0.6, 1.0, 0.0, 0.6, 0.8, 1.0, 0.2, 1.0, 1.0, 1.0, 0.2, 0.2, 0.4, 0.8, 0.0, 0.0, 0.2, 0.0, 0.2, 0.8, 0.8, 0.8, 0.8, 0.0, 0.8, 1.0, 0.4, 1.0, 1.0, 1.0, 0.6, 1.0, 1.0, 1.0, 0.2, 1.0, 0.0, 1.0, 1.0, 1.0, 1.0, 1.0, 0.2, 0.8, 1.0, 0.0, 0.8, 1.0, 0.0, 1.0, 1.0, 0.8, 0.8, 0.0, 0.6, 1.0, 0.8, 0.6, 1.0, 1.0, 0.4, 0.8, 0.8, 0.4, 1.0, 1.0, 0.6, 0.0, 0.8, 1.0, 0.4, 1.0, 0.4, 0.4, 0.8, 1.0, 0.0, 1.0, 0.4, 1.0, 0.8, 1.0, 0.6, 1.0, 0.2, 1.0, 0.0, 1.0, 0.2, 0.2, 0.2, 1.0, 1.0, 1.0, 0.2, 1.0, 0.2, 1.0, 1.0, 1.0, 1.0, 0.6, 0.0, 1.0, 1.0, 0.2, 0.0, 0.2]"
KNN,31,7,"[1, 1, 1, 0, 1, 1, 1, 1, 1, 0, 1, 1, 1, 1, 1, 1, 1, 0, 1, 0, 1, 1, 1, 0, 1, 1, 1, 0, 1, 1, 1, 1, 1, 0, 1, 1, 1, 1, 0, 1, 1, 0, 1, 1, 1, 1, 0, 1, 1, 0, 0, 0, 0, 1, 1, 0, 0, 0, 0, 1, 0, 1, 1, 1, 0, 1, 1, 1, 1, 1, 1, 1, 1, 1, 0, 1, 1, 1, 1, 1, 1, 1, 1, 1, 1, 0, 0, 1, 1, 0, 0, 0, 1, 0, 1, 0, 1, 1, 1, 1, 0, 1, 1, 0, 1, 0, 1, 0, 0, 1, 1, 0, 0, 1, 1, 1, 1, 0, 0, 0, 1, 0, 0, 0, 0, 1, 0, 0, 1, 1, 0, 1, 0, 0, 1, 1, 0, 1, 1, 0, 1, 0, 1]","[1, 1, 1, 0, 1, 1, 1, 1, 1, 0, 1, 1, 1, 1, 1, 0, 1, 0, 1, 0, 1, 1, 0, 0, 1, 1, 1, 0, 1, 1, 0, 1, 1, 1, 1, 1, 1, 1, 1, 1, 1, 1, 1, 1, 1, 1, 0, 1, 1, 0, 0, 1, 1, 1, 1, 0, 0, 0, 0, 0, 0, 1, 1, 0, 0, 1, 1, 1, 1, 1, 1, 1, 1, 1, 0, 1, 1, 1, 1, 1, 1, 1, 1, 1, 1, 1, 0, 1, 1, 0, 0, 0, 1, 0, 0, 0, 1, 1, 1, 1, 1, 1, 1, 1, 0, 0, 1, 1, 0, 1, 1, 0, 0, 1, 1, 1, 1, 0, 0, 1, 1, 1, 0, 1, 1, 1, 0, 0, 1, 1, 0, 1, 1, 0, 1, 1, 0, 1, 1, 0, 1, 0, 1]","[1.0, 0.8, 1.0, 0.0, 0.8, 0.8, 1.0, 1.0, 0.8, 0.2, 1.0, 1.0, 1.0, 1.0, 1.0, 0.4, 0.8, 0.2, 0.8, 0.0, 1.0, 1.0, 0.4, 0.2, 1.0, 0.8, 0.8, 0.0, 1.0, 0.8, 0.0, 0.6, 1.0, 0.6, 1.0, 1.0, 0.8, 0.8, 1.0, 0.8, 0.8, 1.0, 0.8, 1.0, 1.0, 1.0, 0.0, 1.0, 1.0, 0.0, 0.2, 0.6, 0.6, 0.8, 1.0, 0.2, 0.0, 0.2, 0.2, 0.4, 0.0, 1.0, 1.0, 0.4, 0.0, 0.8, 0.8, 0.8, 1.0, 1.0, 1.0, 1.0, 1.0, 1.0, 0.0, 0.8, 1.0, 1.0, 1.0, 0.8, 1.0, 1.0, 1.0, 0.8, 1.0, 0.6, 0.0, 1.0, 1.0, 0.0, 0.0, 0.4, 1.0, 0.0, 0.4, 0.0, 0.6, 0.8, 0.8, 1.0, 1.0, 1.0, 1.0, 1.0, 0.4, 0.4, 1.0, 0.8, 0.2, 0.6, 1.0, 0.0, 0.0, 1.0, 1.0, 1.0, 1.0, 0.0, 0.0, 1.0, 0.8, 0.8, 0.2, 1.0, 0.8, 1.0, 0.0, 0.0, 1.0, 1.0, 0.2, 0.8, 1.0, 0.2, 1.0, 1.0, 0.0, 1.0, 0.8, 0.0, 0.6, 0.2, 1.0]"
KNN,32,7,"[0, 1, 0, 1, 1, 0, 0, 1, 0, 1, 0, 1, 1, 0, 1, 1, 1, 1, 0, 1, 0, 1, 1, 1, 1, 1, 1, 0, 0, 1, 0, 1, 1, 1, 0, 0, 0, 0, 0, 1, 0, 1, 1, 1, 1, 1, 0, 0, 1, 1, 1, 0, 0, 0, 1, 0, 0, 0, 1, 1, 0, 0, 0, 0, 1, 1, 1, 1, 1, 1, 1, 1, 0, 1, 1, 1, 0, 1, 1, 0, 1, 0, 0, 1, 0, 0, 1, 0, 0, 1, 1, 0, 0, 0, 1, 1, 0, 1, 0, 0, 1, 1, 1, 0, 0, 1, 0, 0, 1, 1, 1, 0, 1, 1, 1, 1, 1, 0, 1, 0, 0, 1, 1, 1, 1, 0, 1, 0, 1, 0, 0, 1, 0, 0, 0, 0, 1, 0, 0, 1, 1, 1, 1]","[1, 1, 0, 1, 1, 1, 1, 1, 0, 1, 0, 1, 1, 0, 0, 1, 1, 1, 0, 1, 0, 1, 1, 1, 1, 1, 1, 0, 0, 0, 0, 1, 1, 1, 1, 0, 0, 0, 1, 1, 0, 1, 1, 1, 1, 1, 1, 0, 1, 0, 0, 0, 0, 0, 1, 0, 0, 0, 1, 1, 0, 0, 0, 0, 1, 1, 0, 1, 1, 1, 1, 1, 0, 1, 1, 1, 0, 1, 1, 0, 1, 0, 0, 1, 0, 0, 1, 0, 0, 0, 1, 1, 0, 0, 1, 0, 0, 1, 0, 1, 1, 0, 1, 1, 1, 1, 0, 1, 1, 0, 1, 0, 1, 0, 1, 1, 1, 1, 1, 1, 1, 1, 1, 1, 1, 1, 1, 0, 1, 0, 1, 1, 0, 1, 0, 0, 1, 0, 1, 1, 1, 1, 1]","[0.6, 1.0, 0.0, 1.0, 0.8, 0.8, 1.0, 1.0, 0.4, 0.6, 0.2, 0.6, 1.0, 0.0, 0.2, 0.8, 0.6, 1.0, 0.0, 1.0, 0.4, 1.0, 1.0, 0.8, 0.8, 1.0, 0.8, 0.2, 0.4, 0.4, 0.0, 0.6, 1.0, 1.0, 0.6, 0.4, 0.0, 0.0, 1.0, 0.8, 0.2, 1.0, 0.6, 1.0, 1.0, 1.0, 0.8, 0.4, 1.0, 0.0, 0.4, 0.2, 0.4, 0.0, 0.6, 0.2, 0.0, 0.0, 1.0, 1.0, 0.0, 0.0, 0.4, 0.4, 1.0, 1.0, 0.4, 1.0, 0.8, 1.0, 0.8, 0.8, 0.0, 1.0, 1.0, 0.8, 0.0, 0.8, 1.0, 0.0, 0.8, 0.2, 0.0, 0.8, 0.0, 0.0, 0.6, 0.2, 0.2, 0.4, 1.0, 0.6, 0.2, 0.0, 1.0, 0.4, 0.0, 0.8, 0.2, 1.0, 0.8, 0.2, 1.0, 1.0, 0.8, 0.8, 0.0, 0.8, 1.0, 0.4, 0.8, 0.0, 0.6, 0.4, 1.0, 1.0, 1.0, 0.8, 0.8, 0.6, 0.6, 1.0, 1.0, 1.0, 0.8, 0.8, 1.0, 0.0, 1.0, 0.0, 1.0, 1.0, 0.0, 0.8, 0.2, 0.4, 1.0, 0.2, 0.6, 0.8, 1.0, 1.0, 0.8]"
KNN,33,7,"[1, 0, 0, 0, 0, 1, 1, 1, 1, 1, 0, 1, 1, 0, 1, 0, 0, 1, 0, 1, 1, 1, 1, 1, 1, 1, 1, 1, 1, 1, 1, 0, 1, 1, 0, 0, 0, 1, 1, 1, 1, 0, 1, 0, 1, 0, 1, 1, 1, 0, 1, 1, 1, 0, 0, 1, 1, 1, 0, 1, 1, 1, 0, 0, 1, 1, 0, 1, 0, 1, 1, 1, 1, 1, 0, 1, 0, 1, 0, 1, 0, 1, 1, 1, 0, 1, 0, 1, 0, 1, 0, 1, 0, 1, 1, 1, 1, 1, 1, 1, 1, 1, 1, 1, 1, 1, 1, 1, 1, 1, 0, 1, 1, 1, 0, 0, 0, 1, 1, 0, 0, 0, 1, 1, 1, 0, 0, 0, 1, 1, 1, 1, 1, 0, 1, 1, 1, 0, 1, 0, 1, 0, 1, 0]","[1, 1, 0, 1, 0, 1, 1, 1, 1, 1, 1, 1, 1, 0, 1, 1, 0, 1, 0, 1, 1, 1, 0, 1, 0, 1, 1, 1, 1, 1, 1, 0, 1, 1, 0, 1, 1, 1, 1, 1, 1, 1, 1, 0, 1, 1, 1, 0, 1, 1, 1, 1, 0, 0, 0, 1, 1, 1, 0, 1, 1, 1, 0, 0, 1, 1, 0, 1, 0, 1, 0, 1, 1, 1, 1, 1, 0, 1, 1, 1, 0, 1, 1, 1, 0, 1, 0, 1, 1, 1, 0, 0, 0, 1, 1, 1, 1, 1, 0, 1, 1, 0, 1, 1, 1, 1, 1, 1, 0, 1, 0, 1, 1, 1, 1, 0, 0, 0, 1, 0, 0, 1, 1, 1, 1, 0, 0, 0, 1, 1, 1, 1, 1, 1, 1, 0, 1, 0, 1, 0, 1, 0, 1, 0]","[1.0, 0.8, 0.4, 0.8, 0.2, 1.0, 0.6, 1.0, 1.0, 1.0, 0.8, 1.0, 0.8, 0.0, 1.0, 0.6, 0.2, 0.8, 0.2, 0.8, 1.0, 1.0, 0.0, 0.8, 0.4, 1.0, 1.0, 0.8, 0.8, 1.0, 0.8, 0.0, 0.8, 0.8, 0.4, 0.8, 0.6, 0.8, 1.0, 1.0, 0.8, 1.0, 0.8, 0.0, 1.0, 0.8, 0.8, 0.2, 0.8, 0.8, 0.6, 1.0, 0.4, 0.0, 0.0, 1.0, 1.0, 1.0, 0.0, 0.8, 1.0, 1.0, 0.0, 0.0, 1.0, 0.6, 0.0, 1.0, 0.2, 1.0, 0.4, 1.0, 1.0, 1.0, 1.0, 0.8, 0.2, 1.0, 0.6, 0.8, 0.0, 1.0, 1.0, 1.0, 0.0, 0.8, 0.0, 0.8, 0.8, 1.0, 0.0, 0.0, 0.0, 1.0, 0.6, 1.0, 0.8, 1.0, 0.0, 1.0, 1.0, 0.4, 0.6, 0.8, 1.0, 1.0, 0.6, 1.0, 0.4, 1.0, 0.0, 1.0, 1.0, 1.0, 0.8, 0.4, 0.2, 0.2, 1.0, 0.0, 0.0, 0.6, 0.6, 1.0, 1.0, 0.0, 0.0, 0.0, 0.8, 1.0, 1.0, 0.8, 1.0, 0.6, 1.0, 0.0, 0.6, 0.2, 1.0, 0.0, 1.0, 0.2, 1.0, 0.2]"
KNN,34,7,"[0, 1, 1, 0, 1, 1, 0, 1, 0, 1, 1, 1, 1, 1, 0, 0, 0, 0, 1, 1, 1, 1, 1, 1, 0, 0, 1, 1, 0, 1, 1, 0, 1, 1, 1, 1, 0, 1, 1, 1, 1, 1, 1, 0, 1, 1, 0, 0, 0, 0, 1, 0, 0, 1, 1, 0, 0, 1, 1, 1, 1, 1, 1, 0, 1, 1, 1, 0, 1, 1, 1, 1, 1, 0, 0, 1, 1, 1, 1, 1, 1, 1, 1, 1, 1, 1, 0, 1, 1, 1, 0, 1, 1, 1, 0, 1, 1, 0, 1, 1, 0, 1, 1, 1, 1, 1, 1, 1, 0, 0, 0, 0, 1, 0, 1, 1, 1, 0, 1, 1, 0, 1, 1, 1, 1, 1, 0, 1, 1, 1, 0, 1, 0, 1, 1, 1, 1, 1, 0, 0, 1, 0, 0, 1]","[0, 1, 1, 0, 1, 1, 0, 1, 0, 1, 1, 0, 1, 1, 0, 0, 0, 0, 1, 1, 1, 0, 1, 1, 0, 0, 1, 1, 1, 1, 1, 0, 1, 1, 1, 1, 0, 1, 1, 0, 1, 1, 1, 0, 1, 1, 1, 0, 0, 0, 1, 0, 0, 1, 1, 0, 1, 1, 1, 1, 1, 1, 1, 1, 1, 1, 1, 0, 1, 1, 1, 1, 1, 0, 0, 1, 1, 1, 1, 1, 1, 1, 1, 1, 1, 1, 0, 1, 1, 1, 0, 1, 1, 0, 0, 1, 1, 0, 1, 1, 1, 1, 1, 1, 1, 1, 1, 1, 0, 1, 1, 0, 0, 0, 1, 1, 1, 1, 1, 1, 0, 1, 1, 1, 1, 1, 0, 1, 1, 1, 0, 1, 0, 0, 1, 1, 1, 1, 0, 1, 1, 0, 0, 1]","[0.4, 1.0, 1.0, 0.2, 1.0, 0.6, 0.0, 1.0, 0.4, 1.0, 1.0, 0.4, 1.0, 1.0, 0.0, 0.2, 0.0, 0.0, 1.0, 0.8, 1.0, 0.2, 1.0, 1.0, 0.0, 0.0, 1.0, 1.0, 0.6, 1.0, 1.0, 0.0, 0.6, 1.0, 1.0, 1.0, 0.0, 0.8, 0.8, 0.0, 1.0, 1.0, 1.0, 0.4, 0.8, 1.0, 0.6, 0.0, 0.0, 0.2, 1.0, 0.0, 0.0, 1.0, 1.0, 0.2, 1.0, 0.8, 1.0, 1.0, 0.8, 1.0, 0.8, 0.6, 1.0, 1.0, 0.6, 0.4, 1.0, 1.0, 1.0, 1.0, 1.0, 0.0, 0.0, 0.6, 0.6, 0.6, 1.0, 0.6, 0.8, 1.0, 0.8, 0.8, 1.0, 1.0, 0.2, 0.8, 1.0, 1.0, 0.0, 1.0, 1.0, 0.4, 0.0, 1.0, 1.0, 0.0, 0.8, 1.0, 1.0, 1.0, 0.6, 0.8, 1.0, 1.0, 1.0, 1.0, 0.0, 1.0, 1.0, 0.2, 0.2, 0.2, 1.0, 1.0, 1.0, 0.6, 1.0, 1.0, 0.0, 0.6, 0.8, 1.0, 0.8, 1.0, 0.2, 1.0, 0.8, 0.8, 0.0, 1.0, 0.4, 0.4, 0.6, 0.6, 1.0, 1.0, 0.2, 0.8, 1.0, 0.4, 0.0, 1.0]"
KNN,35,7,"[0, 1, 1, 0, 0, 1, 1, 1, 0, 1, 1, 1, 0, 0, 1, 1, 1, 1, 0, 1, 1, 0, 1, 1, 1, 0, 0, 1, 1, 0, 1, 0, 1, 0, 1, 0, 1, 0, 0, 0, 1, 0, 1, 1, 0, 1, 1, 1, 1, 0, 1, 0, 1, 1, 0, 1, 1, 1, 0, 1, 1, 1, 1, 1, 1, 1, 1, 1, 0, 1, 0, 0, 0, 1, 1, 1, 1, 1, 1, 1, 1, 1, 0, 1, 1, 1, 1, 1, 1, 1, 1, 1, 1, 0, 1, 0, 0, 1, 1, 0, 0, 1, 0, 1, 0, 1, 1, 0, 0, 1, 1, 1, 1, 1, 1, 1, 0, 1, 1, 0, 0, 1, 0, 1, 1, 0, 1, 1, 1, 0, 1, 1, 1, 0, 0, 1, 0, 0, 0, 1, 0, 1, 1]","[1, 0, 1, 0, 0, 1, 1, 1, 0, 1, 1, 1, 0, 0, 1, 1, 1, 1, 1, 1, 0, 0, 1, 1, 1, 0, 1, 1, 1, 1, 1, 0, 1, 0, 1, 0, 1, 1, 0, 0, 1, 0, 1, 1, 1, 1, 1, 1, 1, 0, 1, 1, 0, 1, 0, 1, 1, 0, 0, 1, 1, 1, 1, 1, 0, 1, 0, 1, 0, 1, 1, 0, 1, 1, 0, 1, 0, 1, 1, 1, 0, 1, 1, 1, 1, 1, 1, 1, 1, 1, 1, 1, 1, 0, 0, 0, 1, 0, 1, 0, 0, 1, 1, 1, 0, 1, 1, 0, 1, 1, 0, 1, 1, 1, 1, 1, 1, 1, 1, 0, 0, 1, 0, 1, 1, 0, 1, 1, 1, 0, 1, 1, 1, 1, 0, 1, 0, 1, 1, 1, 0, 1, 0]","[1.0, 0.0, 1.0, 0.0, 0.0, 1.0, 0.8, 0.8, 0.0, 1.0, 0.8, 1.0, 0.2, 0.0, 0.8, 1.0, 0.8, 0.8, 0.6, 0.8, 0.4, 0.2, 0.6, 1.0, 1.0, 0.4, 0.8, 1.0, 0.8, 0.8, 1.0, 0.0, 1.0, 0.0, 0.8, 0.0, 1.0, 0.6, 0.4, 0.0, 1.0, 0.4, 1.0, 1.0, 0.8, 1.0, 1.0, 1.0, 1.0, 0.4, 1.0, 1.0, 0.4, 1.0, 0.0, 0.6, 0.8, 0.0, 0.0, 0.8, 0.8, 0.6, 0.8, 0.8, 0.2, 1.0, 0.0, 1.0, 0.0, 1.0, 0.6, 0.2, 1.0, 1.0, 0.2, 0.8, 0.0, 1.0, 1.0, 1.0, 0.2, 1.0, 1.0, 1.0, 1.0, 0.8, 1.0, 1.0, 1.0, 0.8, 0.8, 1.0, 1.0, 0.0, 0.4, 0.2, 1.0, 0.0, 1.0, 0.0, 0.0, 0.8, 0.8, 0.6, 0.0, 1.0, 0.8, 0.4, 0.6, 1.0, 0.4, 1.0, 0.8, 1.0, 0.6, 1.0, 0.6, 1.0, 0.6, 0.2, 0.2, 1.0, 0.2, 1.0, 1.0, 0.0, 1.0, 1.0, 1.0, 0.0, 1.0, 1.0, 0.6, 0.8, 0.0, 1.0, 0.4, 1.0, 0.6, 1.0, 0.0, 1.0, 0.0]"
KNN,36,8,"[1, 1, 1, 1, 1, 0, 0, 1, 0, 1, 1, 1, 1, 1, 1, 1, 0, 1, 1, 0, 1, 1, 1, 1, 1, 1, 0, 1, 0, 0, 1, 1, 0, 0, 1, 1, 1, 0, 1, 1, 0, 1, 1, 1, 1, 1, 0, 1, 1, 1, 0, 1, 0, 0, 1, 0, 1, 1, 0, 0, 1, 0, 0, 0, 0, 0, 1, 1, 1, 1, 1, 1, 1, 1, 1, 1, 1, 0, 0, 0, 0, 1, 1, 1, 0, 1, 1, 1, 0, 0, 1, 0, 1, 1, 1, 0, 0, 1, 1, 1, 0, 1, 1, 1, 0, 0, 1, 1, 1, 1, 0, 0, 1, 1, 0, 0, 1, 1, 1, 0, 0, 1, 1, 1, 0, 0, 0, 1, 1, 0, 0, 0, 1, 0, 1, 0, 0, 0, 1, 1, 1, 0, 0, 0]","[1, 1, 1, 1, 1, 0, 0, 1, 1, 1, 1, 1, 1, 1, 1, 1, 0, 1, 0, 0, 1, 1, 1, 1, 1, 1, 0, 1, 0, 0, 1, 1, 0, 1, 1, 1, 1, 0, 1, 1, 0, 1, 1, 1, 1, 1, 1, 1, 1, 1, 0, 1, 0, 0, 1, 1, 1, 1, 0, 0, 1, 0, 0, 0, 0, 0, 0, 1, 1, 1, 1, 1, 1, 1, 1, 1, 1, 0, 0, 0, 0, 1, 1, 1, 0, 1, 1, 1, 0, 0, 1, 0, 1, 1, 1, 0, 0, 0, 1, 1, 0, 0, 1, 1, 1, 1, 1, 1, 1, 1, 1, 1, 1, 1, 0, 0, 1, 1, 1, 0, 0, 1, 1, 1, 0, 1, 1, 1, 1, 0, 0, 0, 1, 0, 1, 0, 0, 0, 1, 1, 1, 0, 0, 0]","[1.0, 0.6, 1.0, 1.0, 0.8, 0.0, 0.2, 0.8, 0.8, 0.6, 1.0, 1.0, 1.0, 1.0, 0.8, 1.0, 0.0, 1.0, 0.4, 0.0, 0.6, 0.8, 0.8, 1.0, 0.8, 1.0, 0.2, 0.8, 0.2, 0.0, 0.8, 1.0, 0.0, 0.6, 1.0, 0.8, 1.0, 0.4, 1.0, 0.6, 0.2, 0.8, 0.8, 1.0, 1.0, 0.8, 0.8, 1.0, 0.8, 0.6, 0.2, 1.0, 0.2, 0.0, 1.0, 0.6, 0.8, 1.0, 0.0, 0.2, 1.0, 0.2, 0.2, 0.0, 0.2, 0.2, 0.4, 0.8, 0.8, 1.0, 0.8, 0.8, 1.0, 1.0, 1.0, 1.0, 1.0, 0.0, 0.2, 0.2, 0.0, 1.0, 0.8, 0.8, 0.0, 0.6, 1.0, 1.0, 0.2, 0.0, 1.0, 0.4, 1.0, 0.8, 1.0, 0.0, 0.0, 0.4, 1.0, 1.0, 0.0, 0.4, 1.0, 0.8, 0.6, 1.0, 0.8, 1.0, 0.6, 1.0, 0.8, 1.0, 1.0, 0.8, 0.2, 0.0, 1.0, 1.0, 1.0, 0.0, 0.0, 1.0, 1.0, 1.0, 0.0, 1.0, 0.8, 1.0, 0.8, 0.4, 0.2, 0.2, 0.6, 0.2, 1.0, 0.2, 0.2, 0.0, 1.0, 1.0, 1.0, 0.0, 0.2, 0.2]"
KNN,37,8,"[1, 0, 1, 0, 0, 1, 0, 1, 1, 1, 1, 1, 1, 1, 1, 1, 1, 0, 1, 1, 1, 1, 1, 1, 1, 1, 1, 1, 0, 0, 1, 1, 1, 0, 1, 1, 1, 0, 1, 0, 0, 1, 0, 1, 1, 0, 1, 1, 1, 1, 1, 0, 0, 1, 0, 0, 0, 1, 1, 0, 0, 0, 1, 1, 1, 1, 1, 1, 1, 1, 1, 1, 1, 1, 1, 0, 1, 1, 1, 1, 1, 1, 1, 1, 1, 1, 1, 1, 1, 0, 1, 1, 1, 1, 1, 1, 0, 1, 0, 1, 0, 0, 0, 0, 1, 0, 1, 1, 1, 1, 1, 1, 1, 1, 1, 1, 1, 1, 1, 1, 0, 0, 1, 1, 0, 0, 1, 0, 0, 1, 0, 0, 1, 0, 1, 1, 0, 0, 1, 1, 1, 1, 1, 1]","[1, 1, 1, 0, 0, 1, 0, 0, 1, 1, 1, 0, 1, 1, 1, 0, 1, 0, 0, 1, 1, 1, 1, 1, 1, 1, 1, 1, 0, 0, 1, 1, 1, 0, 1, 1, 1, 1, 1, 0, 0, 1, 0, 1, 1, 0, 1, 0, 0, 1, 1, 0, 0, 1, 0, 0, 0, 1, 1, 0, 0, 0, 1, 1, 1, 1, 1, 1, 1, 1, 1, 1, 1, 1, 1, 0, 1, 1, 1, 1, 1, 1, 1, 0, 1, 1, 1, 1, 1, 1, 1, 1, 1, 1, 1, 0, 0, 1, 0, 1, 0, 0, 1, 1, 0, 1, 1, 1, 1, 1, 1, 1, 1, 1, 1, 1, 1, 1, 1, 1, 1, 0, 1, 1, 1, 0, 1, 0, 1, 1, 1, 0, 1, 1, 1, 1, 0, 1, 1, 1, 1, 1, 0, 1]","[1.0, 0.8, 1.0, 0.0, 0.0, 1.0, 0.2, 0.4, 0.8, 0.8, 1.0, 0.4, 1.0, 1.0, 1.0, 0.0, 1.0, 0.4, 0.4, 0.8, 1.0, 0.8, 1.0, 1.0, 1.0, 0.8, 0.8, 1.0, 0.0, 0.0, 0.6, 1.0, 1.0, 0.0, 1.0, 1.0, 0.8, 0.8, 0.8, 0.4, 0.0, 0.6, 0.4, 1.0, 1.0, 0.0, 0.8, 0.0, 0.4, 1.0, 1.0, 0.0, 0.0, 0.6, 0.0, 0.0, 0.0, 1.0, 1.0, 0.0, 0.0, 0.4, 0.6, 0.8, 1.0, 0.8, 1.0, 1.0, 1.0, 1.0, 1.0, 0.6, 1.0, 0.8, 1.0, 0.0, 0.8, 0.8, 0.8, 1.0, 0.6, 1.0, 1.0, 0.2, 1.0, 0.8, 1.0, 1.0, 0.8, 0.8, 0.8, 1.0, 0.6, 0.8, 1.0, 0.4, 0.0, 1.0, 0.0, 0.6, 0.0, 0.2, 1.0, 1.0, 0.4, 0.8, 1.0, 0.8, 0.8, 1.0, 1.0, 1.0, 0.8, 0.6, 1.0, 1.0, 1.0, 1.0, 1.0, 1.0, 0.8, 0.4, 0.6, 1.0, 1.0, 0.2, 1.0, 0.2, 1.0, 1.0, 0.8, 0.0, 1.0, 1.0, 1.0, 1.0, 0.2, 0.6, 0.8, 1.0, 0.6, 1.0, 0.0, 1.0]"
KNN,38,8,"[0, 1, 1, 1, 1, 1, 0, 1, 1, 0, 1, 1, 0, 1, 1, 1, 0, 1, 1, 1, 0, 1, 1, 0, 0, 1, 0, 1, 1, 0, 0, 1, 0, 0, 0, 1, 1, 0, 1, 0, 1, 1, 1, 1, 1, 0, 1, 1, 0, 1, 0, 1, 0, 1, 1, 0, 1, 1, 1, 1, 1, 0, 0, 1, 1, 0, 1, 1, 1, 1, 1, 1, 1, 0, 0, 1, 1, 0, 1, 1, 1, 1, 0, 0, 0, 1, 0, 1, 1, 0, 1, 1, 1, 1, 0, 1, 0, 1, 1, 1, 0, 1, 1, 1, 1, 0, 1, 1, 0, 1, 1, 0, 1, 0, 0, 1, 0, 1, 0, 0, 1, 0, 1, 0, 1, 1, 1, 0, 0, 1, 0, 0, 1, 1, 1, 1, 0, 0, 0, 0, 1, 1, 1]","[0, 0, 1, 1, 0, 1, 1, 1, 0, 0, 0, 1, 0, 1, 1, 1, 0, 1, 1, 0, 0, 0, 1, 0, 0, 1, 0, 1, 0, 1, 0, 1, 0, 1, 1, 1, 1, 1, 0, 0, 1, 1, 1, 1, 1, 1, 1, 1, 0, 0, 0, 1, 0, 1, 0, 0, 1, 0, 1, 1, 0, 0, 1, 1, 1, 0, 0, 0, 1, 1, 0, 1, 1, 0, 1, 1, 1, 0, 1, 1, 1, 1, 1, 1, 0, 1, 1, 1, 0, 0, 0, 1, 1, 0, 0, 1, 0, 1, 1, 0, 0, 1, 1, 1, 1, 1, 1, 1, 0, 1, 1, 1, 1, 0, 1, 1, 1, 1, 0, 0, 1, 0, 1, 0, 1, 1, 1, 0, 0, 1, 0, 0, 1, 1, 1, 1, 0, 1, 1, 1, 1, 1, 1]","[0.2, 0.4, 1.0, 1.0, 0.4, 1.0, 1.0, 1.0, 0.4, 0.2, 0.4, 1.0, 0.0, 1.0, 0.8, 0.8, 0.0, 1.0, 1.0, 0.2, 0.2, 0.4, 1.0, 0.2, 0.0, 1.0, 0.2, 1.0, 0.0, 0.8, 0.0, 0.6, 0.2, 0.6, 0.8, 1.0, 1.0, 1.0, 0.0, 0.0, 1.0, 1.0, 1.0, 1.0, 1.0, 0.8, 1.0, 1.0, 0.0, 0.2, 0.0, 1.0, 0.0, 1.0, 0.0, 0.0, 1.0, 0.4, 1.0, 1.0, 0.4, 0.2, 1.0, 1.0, 1.0, 0.0, 0.2, 0.0, 1.0, 0.6, 0.4, 1.0, 0.8, 0.2, 0.6, 0.8, 0.8, 0.2, 1.0, 0.8, 1.0, 0.6, 0.6, 0.8, 0.2, 0.8, 1.0, 0.6, 0.2, 0.0, 0.2, 1.0, 0.6, 0.2, 0.2, 1.0, 0.0, 0.8, 0.8, 0.0, 0.2, 0.8, 0.8, 1.0, 1.0, 1.0, 0.6, 0.8, 0.2, 1.0, 1.0, 0.8, 1.0, 0.2, 0.8, 1.0, 0.6, 1.0, 0.2, 0.0, 0.8, 0.2, 1.0, 0.0, 1.0, 1.0, 0.8, 0.0, 0.0, 0.6, 0.0, 0.2, 0.6, 0.8, 1.0, 0.6, 0.4, 0.8, 0.8, 1.0, 0.6, 1.0, 0.8]"
KNN,39,8,"[0, 1, 1, 1, 1, 1, 1, 1, 0, 0, 0, 0, 1, 0, 1, 1, 0, 1, 1, 1, 1, 1, 0, 1, 0, 1, 1, 1, 1, 0, 1, 1, 1, 1, 0, 0, 1, 1, 0, 1, 0, 1, 1, 1, 1, 1, 1, 0, 1, 1, 0, 1, 1, 0, 1, 0, 0, 0, 1, 1, 0, 0, 0, 0, 0, 1, 0, 0, 1, 0, 1, 1, 1, 0, 1, 0, 1, 1, 1, 1, 1, 0, 1, 1, 1, 0, 1, 1, 1, 1, 0, 0, 1, 0, 0, 0, 1, 1, 1, 1, 1, 1, 0, 1, 0, 1, 0, 1, 0, 1, 1, 1, 1, 1, 1, 1, 1, 0, 1, 1, 0, 0, 0, 0, 0, 1, 0, 0, 1, 0, 1, 0, 1, 1, 1, 1, 1, 0, 0, 0, 0, 1, 1]","[1, 1, 0, 1, 1, 1, 1, 1, 0, 0, 1, 0, 1, 0, 1, 1, 0, 1, 1, 0, 1, 1, 0, 1, 0, 1, 1, 0, 1, 1, 1, 1, 1, 1, 1, 0, 1, 1, 1, 1, 1, 1, 1, 0, 1, 1, 1, 0, 0, 1, 0, 1, 1, 0, 1, 0, 0, 0, 1, 1, 1, 0, 0, 1, 0, 1, 0, 0, 0, 0, 1, 1, 1, 0, 1, 0, 1, 1, 1, 1, 1, 1, 1, 1, 1, 0, 1, 1, 1, 1, 1, 0, 1, 1, 0, 0, 1, 1, 1, 1, 1, 1, 1, 1, 1, 1, 0, 1, 0, 1, 1, 1, 1, 1, 1, 1, 1, 0, 1, 1, 0, 0, 1, 1, 0, 1, 0, 0, 1, 0, 1, 0, 1, 1, 1, 0, 1, 0, 0, 1, 0, 1, 1]","[0.8, 1.0, 0.0, 1.0, 1.0, 1.0, 1.0, 1.0, 0.0, 0.0, 0.6, 0.2, 0.8, 0.2, 1.0, 1.0, 0.0, 1.0, 1.0, 0.4, 1.0, 0.8, 0.0, 1.0, 0.0, 0.6, 1.0, 0.4, 0.8, 0.6, 0.8, 0.6, 1.0, 0.8, 0.6, 0.0, 0.8, 1.0, 0.8, 0.8, 0.8, 1.0, 1.0, 0.2, 0.8, 1.0, 1.0, 0.2, 0.2, 0.6, 0.2, 1.0, 0.8, 0.0, 1.0, 0.0, 0.0, 0.0, 1.0, 1.0, 1.0, 0.0, 0.0, 0.6, 0.0, 1.0, 0.4, 0.4, 0.4, 0.0, 0.8, 0.6, 1.0, 0.0, 1.0, 0.0, 1.0, 0.8, 1.0, 1.0, 0.8, 0.8, 1.0, 0.8, 1.0, 0.0, 1.0, 1.0, 1.0, 0.8, 0.8, 0.4, 0.8, 0.8, 0.0, 0.0, 1.0, 0.8, 0.6, 1.0, 1.0, 0.6, 1.0, 1.0, 1.0, 0.8, 0.4, 1.0, 0.2, 1.0, 1.0, 1.0, 1.0, 1.0, 0.8, 0.8, 1.0, 0.0, 1.0, 0.8, 0.2, 0.0, 1.0, 0.6, 0.4, 1.0, 0.4, 0.0, 0.8, 0.0, 1.0, 0.2, 1.0, 1.0, 1.0, 0.4, 1.0, 0.4, 0.2, 1.0, 0.0, 0.8, 1.0]"
KNN,40,8,"[0, 0, 0, 1, 0, 1, 0, 0, 1, 0, 0, 1, 0, 1, 1, 1, 0, 0, 0, 1, 0, 1, 1, 1, 1, 1, 0, 1, 0, 1, 1, 1, 1, 1, 1, 0, 0, 1, 0, 1, 1, 0, 0, 1, 1, 0, 0, 1, 1, 1, 0, 1, 1, 0, 0, 0, 1, 0, 1, 1, 1, 1, 1, 1, 0, 1, 1, 1, 0, 1, 1, 1, 1, 1, 1, 1, 0, 1, 1, 1, 0, 1, 0, 1, 1, 0, 1, 1, 1, 1, 1, 1, 0, 1, 0, 0, 1, 0, 0, 1, 1, 1, 1, 0, 0, 1, 1, 1, 1, 0, 0, 1, 1, 1, 1, 1, 0, 1, 0, 1, 0, 1, 1, 1, 1, 1, 0, 1, 1, 1, 1, 1, 1, 1, 1, 0, 1, 1, 1, 0, 1, 0, 0]","[1, 1, 0, 1, 1, 1, 1, 1, 1, 0, 0, 1, 0, 1, 1, 1, 0, 0, 0, 1, 1, 1, 1, 1, 1, 1, 0, 1, 1, 1, 1, 1, 1, 1, 1, 0, 0, 1, 0, 1, 1, 1, 1, 1, 1, 0, 1, 1, 1, 1, 1, 1, 1, 0, 0, 1, 1, 0, 1, 1, 1, 1, 1, 1, 1, 1, 0, 1, 0, 1, 1, 0, 1, 1, 1, 1, 0, 1, 1, 1, 0, 1, 1, 1, 1, 0, 1, 1, 1, 1, 1, 1, 0, 1, 0, 0, 1, 0, 0, 1, 1, 1, 1, 1, 1, 1, 1, 1, 1, 0, 0, 1, 1, 0, 0, 1, 0, 1, 0, 1, 0, 1, 1, 1, 0, 1, 0, 1, 1, 1, 1, 1, 1, 1, 1, 0, 0, 1, 1, 0, 1, 0, 0]","[0.6, 0.8, 0.4, 1.0, 1.0, 0.8, 0.8, 0.8, 1.0, 0.0, 0.2, 0.8, 0.0, 1.0, 0.8, 1.0, 0.2, 0.2, 0.0, 0.8, 0.8, 0.6, 1.0, 1.0, 0.8, 1.0, 0.2, 1.0, 0.8, 1.0, 0.8, 1.0, 1.0, 1.0, 1.0, 0.0, 0.0, 0.6, 0.0, 1.0, 1.0, 1.0, 1.0, 1.0, 1.0, 0.2, 0.6, 1.0, 1.0, 1.0, 1.0, 1.0, 1.0, 0.0, 0.2, 0.6, 0.8, 0.2, 0.8, 1.0, 0.8, 0.8, 0.8, 0.6, 0.6, 1.0, 0.0, 0.8, 0.4, 1.0, 1.0, 0.4, 1.0, 1.0, 1.0, 1.0, 0.0, 0.8, 0.6, 1.0, 0.0, 1.0, 1.0, 0.8, 0.8, 0.0, 1.0, 0.8, 0.8, 1.0, 1.0, 1.0, 0.2, 1.0, 0.2, 0.0, 1.0, 0.0, 0.2, 1.0, 0.8, 1.0, 0.8, 0.6, 0.6, 0.8, 1.0, 0.8, 1.0, 0.0, 0.0, 0.8, 0.6, 0.4, 0.2, 1.0, 0.2, 1.0, 0.0, 1.0, 0.0, 1.0, 0.8, 1.0, 0.4, 1.0, 0.0, 0.8, 0.8, 1.0, 0.6, 1.0, 1.0, 1.0, 1.0, 0.0, 0.0, 1.0, 1.0, 0.4, 1.0, 0.0, 0.0]"
KNN,41,9,"[1, 1, 1, 0, 1, 0, 0, 1, 1, 1, 0, 0, 1, 1, 1, 1, 1, 0, 1, 0, 1, 1, 0, 1, 1, 1, 1, 1, 1, 1, 0, 1, 1, 1, 1, 1, 1, 0, 0, 1, 1, 0, 1, 0, 0, 1, 1, 1, 1, 0, 0, 1, 1, 1, 0, 0, 0, 1, 0, 1, 0, 0, 1, 1, 1, 0, 1, 1, 0, 0, 0, 1, 1, 1, 1, 1, 1, 1, 0, 0, 1, 1, 1, 1, 1, 1, 1, 0, 0, 1, 0, 1, 1, 1, 1, 1, 0, 1, 1, 0, 1, 1, 0, 0, 0, 1, 1, 1, 0, 1, 1, 1, 0, 1, 1, 1, 1, 0, 0, 1, 0, 1, 0, 0, 0, 1, 1, 1, 1, 0, 0, 0, 1, 1, 1, 0, 1, 0, 1, 1, 0, 1, 0, 0]","[1, 1, 1, 0, 1, 0, 1, 1, 1, 1, 1, 0, 1, 1, 0, 1, 1, 0, 1, 0, 1, 1, 0, 1, 0, 1, 1, 1, 1, 0, 0, 0, 1, 0, 1, 1, 1, 1, 1, 1, 1, 0, 1, 0, 1, 1, 1, 1, 1, 1, 1, 1, 1, 1, 0, 0, 0, 1, 0, 1, 1, 1, 1, 1, 1, 0, 1, 0, 0, 0, 0, 1, 0, 1, 1, 1, 1, 1, 1, 0, 0, 1, 1, 1, 1, 1, 0, 0, 0, 1, 1, 1, 1, 1, 1, 1, 0, 1, 1, 0, 0, 1, 0, 0, 0, 1, 0, 0, 1, 1, 1, 1, 1, 1, 1, 1, 1, 0, 0, 1, 0, 1, 0, 0, 0, 1, 1, 1, 1, 0, 0, 0, 1, 0, 1, 0, 1, 0, 1, 1, 0, 1, 0, 0]","[1.0, 1.0, 1.0, 0.2, 0.6, 0.0, 0.8, 1.0, 1.0, 1.0, 1.0, 0.0, 0.8, 0.6, 0.4, 0.8, 1.0, 0.0, 1.0, 0.0, 1.0, 0.8, 0.0, 0.8, 0.0, 1.0, 0.8, 1.0, 1.0, 0.4, 0.2, 0.4, 1.0, 0.0, 0.6, 0.8, 0.8, 0.6, 1.0, 0.6, 0.8, 0.2, 0.8, 0.0, 1.0, 0.8, 0.8, 1.0, 1.0, 0.6, 0.6, 0.8, 1.0, 1.0, 0.0, 0.2, 0.2, 1.0, 0.0, 1.0, 0.6, 0.6, 1.0, 1.0, 1.0, 0.0, 1.0, 0.4, 0.2, 0.2, 0.2, 1.0, 0.4, 0.8, 1.0, 1.0, 1.0, 1.0, 0.8, 0.0, 0.0, 1.0, 0.6, 1.0, 1.0, 1.0, 0.2, 0.0, 0.0, 0.8, 0.8, 0.8, 1.0, 1.0, 1.0, 1.0, 0.2, 0.6, 1.0, 0.0, 0.4, 1.0, 0.0, 0.0, 0.2, 1.0, 0.0, 0.4, 1.0, 1.0, 0.8, 0.8, 1.0, 1.0, 0.8, 0.8, 0.6, 0.2, 0.0, 0.6, 0.0, 1.0, 0.0, 0.0, 0.0, 1.0, 1.0, 0.8, 1.0, 0.0, 0.4, 0.0, 1.0, 0.0, 1.0, 0.0, 1.0, 0.4, 1.0, 1.0, 0.0, 0.6, 0.2, 0.0]"
KNN,42,9,"[1, 1, 0, 0, 1, 0, 1, 1, 0, 1, 1, 1, 1, 1, 1, 1, 1, 1, 1, 0, 0, 1, 1, 0, 1, 0, 0, 0, 0, 1, 1, 1, 1, 1, 0, 1, 1, 1, 0, 1, 0, 0, 0, 1, 0, 1, 0, 0, 0, 1, 0, 1, 1, 1, 1, 1, 0, 1, 1, 0, 1, 1, 1, 1, 1, 1, 1, 1, 1, 0, 1, 0, 1, 1, 1, 1, 1, 1, 1, 1, 1, 1, 1, 1, 0, 1, 0, 1, 0, 1, 1, 1, 1, 1, 1, 0, 1, 1, 1, 1, 1, 0, 1, 1, 1, 0, 0, 0, 0, 1, 1, 1, 0, 0, 1, 1, 1, 1, 1, 1, 0, 0, 0, 1, 1, 0, 0, 1, 0, 0, 1, 0, 1, 1, 0, 0, 0, 0, 0, 1, 0, 1, 1]","[1, 1, 1, 1, 1, 0, 1, 1, 0, 1, 1, 1, 1, 1, 1, 1, 1, 1, 1, 0, 0, 1, 1, 0, 1, 0, 0, 0, 0, 1, 1, 1, 1, 1, 0, 1, 1, 1, 0, 1, 0, 0, 0, 1, 0, 0, 0, 0, 1, 1, 0, 1, 1, 1, 1, 1, 0, 1, 1, 0, 1, 1, 1, 1, 1, 1, 1, 1, 1, 0, 1, 0, 1, 1, 1, 1, 1, 1, 1, 1, 1, 1, 1, 1, 1, 1, 0, 1, 0, 1, 1, 1, 1, 0, 1, 1, 1, 1, 1, 1, 1, 0, 1, 1, 1, 1, 1, 0, 0, 1, 1, 1, 0, 0, 1, 1, 1, 1, 1, 1, 1, 1, 0, 1, 1, 0, 0, 1, 0, 1, 1, 0, 1, 1, 0, 1, 0, 0, 1, 1, 0, 1, 1]","[0.8, 1.0, 0.8, 0.8, 1.0, 0.2, 1.0, 0.8, 0.2, 0.8, 1.0, 0.8, 1.0, 0.8, 0.8, 1.0, 1.0, 1.0, 1.0, 0.2, 0.2, 1.0, 0.8, 0.4, 1.0, 0.4, 0.2, 0.0, 0.0, 1.0, 1.0, 1.0, 1.0, 1.0, 0.4, 1.0, 0.8, 1.0, 0.2, 1.0, 0.0, 0.0, 0.0, 0.8, 0.0, 0.4, 0.0, 0.4, 1.0, 0.8, 0.4, 1.0, 1.0, 1.0, 0.8, 1.0, 0.0, 0.8, 1.0, 0.2, 1.0, 1.0, 1.0, 0.6, 1.0, 1.0, 1.0, 0.8, 1.0, 0.2, 1.0, 0.2, 1.0, 1.0, 1.0, 0.6, 0.8, 1.0, 0.6, 1.0, 0.8, 1.0, 1.0, 1.0, 0.8, 1.0, 0.0, 0.8, 0.2, 0.6, 0.8, 1.0, 1.0, 0.4, 1.0, 0.6, 0.6, 0.8, 1.0, 1.0, 1.0, 0.2, 1.0, 0.8, 1.0, 0.6, 0.8, 0.4, 0.4, 1.0, 0.6, 1.0, 0.4, 0.0, 1.0, 1.0, 0.8, 1.0, 1.0, 0.8, 1.0, 1.0, 0.2, 1.0, 1.0, 0.4, 0.2, 0.6, 0.0, 1.0, 0.6, 0.2, 1.0, 0.6, 0.2, 0.8, 0.4, 0.2, 1.0, 0.8, 0.0, 1.0, 0.6]"
KNN,43,9,"[0, 0, 0, 1, 1, 1, 1, 1, 1, 1, 1, 0, 0, 0, 1, 1, 1, 1, 0, 0, 1, 1, 0, 1, 0, 1, 0, 1, 1, 0, 1, 1, 1, 1, 0, 1, 0, 0, 0, 0, 0, 1, 1, 1, 0, 0, 1, 0, 0, 1, 1, 1, 0, 1, 1, 0, 1, 0, 1, 1, 1, 1, 0, 0, 0, 0, 0, 1, 0, 1, 0, 1, 1, 1, 0, 0, 1, 1, 1, 1, 1, 1, 1, 1, 1, 0, 1, 1, 1, 0, 0, 0, 1, 1, 0, 1, 0, 0, 0, 1, 0, 1, 1, 0, 1, 1, 1, 1, 1, 1, 0, 1, 1, 1, 1, 1, 0, 0, 1, 0, 1, 1, 1, 0, 1, 1, 0, 1, 0, 1, 0, 1, 0, 1, 1, 1, 1, 1, 1, 0, 1, 1, 1, 1]","[1, 1, 0, 1, 1, 1, 1, 0, 1, 1, 1, 0, 0, 0, 1, 0, 1, 1, 0, 0, 0, 1, 0, 0, 0, 1, 0, 1, 1, 0, 1, 1, 1, 1, 1, 1, 0, 0, 1, 0, 0, 1, 1, 1, 1, 1, 1, 0, 1, 1, 1, 1, 1, 1, 1, 1, 1, 0, 1, 0, 1, 1, 1, 0, 0, 0, 0, 1, 0, 1, 0, 1, 1, 1, 1, 0, 1, 1, 1, 1, 1, 1, 1, 1, 1, 0, 1, 0, 1, 1, 0, 0, 1, 0, 0, 1, 1, 0, 1, 1, 0, 1, 0, 0, 1, 1, 1, 1, 1, 1, 1, 1, 1, 1, 1, 1, 1, 1, 1, 1, 1, 1, 1, 1, 0, 1, 0, 1, 1, 1, 0, 1, 0, 1, 1, 1, 1, 1, 1, 0, 1, 1, 0, 1]","[1.0, 0.6, 0.4, 1.0, 1.0, 0.8, 0.8, 0.0, 0.6, 0.6, 1.0, 0.0, 0.0, 0.2, 1.0, 0.4, 1.0, 1.0, 0.0, 0.0, 0.2, 0.8, 0.4, 0.4, 0.0, 0.8, 0.0, 1.0, 0.8, 0.0, 0.8, 0.6, 0.8, 0.8, 0.8, 1.0, 0.2, 0.4, 0.8, 0.0, 0.0, 0.8, 1.0, 0.8, 0.6, 0.8, 1.0, 0.0, 0.8, 0.6, 1.0, 1.0, 0.8, 1.0, 0.8, 1.0, 1.0, 0.0, 0.8, 0.0, 1.0, 1.0, 0.8, 0.0, 0.2, 0.0, 0.0, 1.0, 0.0, 1.0, 0.0, 1.0, 1.0, 0.8, 0.6, 0.4, 1.0, 1.0, 1.0, 0.8, 0.8, 1.0, 0.8, 0.8, 1.0, 0.0, 0.8, 0.4, 1.0, 0.8, 0.2, 0.0, 0.8, 0.0, 0.0, 1.0, 1.0, 0.2, 0.8, 1.0, 0.0, 0.8, 0.0, 0.2, 1.0, 0.8, 0.8, 0.8, 0.8, 1.0, 1.0, 1.0, 0.8, 0.6, 1.0, 1.0, 1.0, 1.0, 1.0, 0.8, 1.0, 1.0, 1.0, 0.6, 0.4, 1.0, 0.0, 1.0, 1.0, 1.0, 0.0, 0.6, 0.2, 1.0, 1.0, 1.0, 0.6, 1.0, 1.0, 0.2, 1.0, 1.0, 0.0, 1.0]"
KNN,44,9,"[0, 0, 1, 0, 1, 1, 0, 1, 1, 1, 1, 1, 1, 1, 0, 1, 1, 0, 1, 1, 1, 1, 1, 1, 1, 0, 1, 0, 0, 1, 1, 0, 1, 1, 0, 1, 1, 1, 0, 1, 1, 0, 1, 1, 1, 1, 1, 0, 1, 1, 1, 0, 0, 1, 1, 1, 0, 1, 0, 1, 1, 0, 1, 0, 1, 1, 1, 1, 1, 1, 0, 1, 1, 0, 0, 1, 0, 1, 0, 1, 0, 0, 0, 1, 1, 0, 0, 1, 1, 0, 1, 1, 1, 1, 0, 0, 1, 1, 0, 1, 0, 1, 1, 1, 1, 1, 0, 0, 0, 1, 0, 1, 1, 0, 1, 1, 1, 1, 0, 0, 0, 1, 1, 1, 1, 0, 0, 0, 0, 1, 1, 0, 1, 1, 0, 1, 1, 0, 0, 0, 0, 1, 1]","[0, 0, 1, 1, 1, 1, 1, 1, 1, 1, 1, 1, 1, 1, 0, 1, 1, 1, 0, 1, 1, 1, 1, 1, 1, 0, 1, 1, 0, 1, 1, 1, 1, 1, 0, 1, 1, 0, 1, 1, 1, 0, 1, 0, 1, 1, 0, 0, 1, 1, 1, 0, 0, 1, 0, 1, 0, 1, 0, 1, 0, 0, 1, 0, 1, 1, 0, 1, 1, 1, 1, 1, 1, 0, 0, 1, 0, 1, 0, 1, 0, 0, 0, 1, 1, 1, 0, 1, 1, 1, 0, 0, 1, 1, 0, 1, 1, 1, 0, 1, 0, 1, 1, 1, 1, 0, 1, 0, 1, 1, 0, 0, 0, 0, 1, 1, 1, 1, 0, 0, 0, 1, 1, 1, 1, 0, 1, 0, 0, 1, 1, 0, 1, 1, 0, 1, 1, 1, 1, 0, 0, 1, 1]","[0.4, 0.0, 1.0, 1.0, 1.0, 1.0, 0.6, 0.8, 0.6, 1.0, 1.0, 1.0, 1.0, 0.8, 0.0, 1.0, 1.0, 0.8, 0.4, 1.0, 1.0, 1.0, 0.8, 0.6, 1.0, 0.0, 1.0, 0.8, 0.2, 0.6, 0.6, 0.6, 0.8, 1.0, 0.4, 0.8, 1.0, 0.0, 1.0, 0.8, 1.0, 0.2, 0.8, 0.0, 1.0, 1.0, 0.2, 0.0, 0.6, 1.0, 1.0, 0.0, 0.0, 1.0, 0.0, 1.0, 0.2, 1.0, 0.0, 1.0, 0.4, 0.2, 1.0, 0.2, 0.6, 1.0, 0.0, 1.0, 0.8, 0.6, 1.0, 1.0, 1.0, 0.0, 0.4, 1.0, 0.0, 0.8, 0.0, 1.0, 0.0, 0.2, 0.2, 0.8, 0.8, 0.8, 0.0, 1.0, 1.0, 1.0, 0.4, 0.0, 0.8, 1.0, 0.0, 0.8, 0.8, 1.0, 0.0, 0.8, 0.0, 0.8, 0.6, 1.0, 1.0, 0.4, 1.0, 0.0, 1.0, 1.0, 0.4, 0.4, 0.2, 0.4, 1.0, 1.0, 1.0, 1.0, 0.0, 0.0, 0.2, 1.0, 1.0, 1.0, 1.0, 0.0, 0.6, 0.0, 0.4, 1.0, 0.6, 0.2, 1.0, 0.8, 0.2, 0.8, 1.0, 0.6, 0.6, 0.0, 0.0, 1.0, 0.8]"
KNN,45,9,"[1, 0, 0, 1, 1, 1, 1, 0, 1, 0, 1, 0, 1, 1, 1, 0, 0, 0, 1, 1, 1, 1, 1, 1, 0, 1, 1, 1, 0, 1, 1, 1, 1, 1, 0, 0, 1, 1, 0, 1, 1, 1, 1, 1, 1, 1, 0, 0, 1, 0, 1, 1, 1, 0, 1, 0, 0, 1, 1, 1, 1, 1, 1, 1, 1, 0, 1, 1, 0, 1, 0, 1, 1, 0, 1, 1, 1, 1, 1, 0, 1, 0, 1, 1, 1, 1, 1, 1, 1, 1, 1, 0, 1, 0, 1, 0, 0, 1, 0, 1, 1, 1, 1, 0, 0, 1, 0, 1, 1, 1, 1, 0, 1, 1, 1, 1, 1, 1, 1, 0, 0, 0, 1, 0, 1, 0, 0, 0, 1, 0, 1, 1, 1, 1, 1, 0, 0, 1, 1, 0, 0, 1, 1]","[1, 0, 1, 1, 1, 1, 0, 0, 1, 0, 1, 0, 1, 1, 1, 0, 0, 0, 0, 1, 1, 1, 1, 1, 0, 1, 1, 1, 0, 1, 1, 1, 1, 1, 0, 0, 1, 1, 0, 1, 1, 1, 1, 1, 1, 1, 0, 1, 1, 0, 0, 1, 0, 0, 1, 0, 0, 1, 1, 1, 1, 1, 1, 1, 1, 0, 0, 1, 0, 1, 0, 1, 1, 0, 1, 1, 1, 1, 1, 0, 1, 0, 1, 1, 1, 1, 1, 1, 1, 1, 1, 0, 0, 0, 1, 0, 0, 1, 0, 1, 1, 1, 1, 1, 1, 1, 0, 1, 1, 1, 1, 0, 1, 1, 0, 1, 1, 1, 1, 0, 0, 1, 1, 0, 0, 0, 1, 0, 1, 1, 1, 1, 1, 1, 1, 1, 0, 1, 1, 0, 0, 1, 1]","[1.0, 0.4, 0.8, 0.8, 1.0, 1.0, 0.4, 0.0, 1.0, 0.4, 0.8, 0.2, 0.8, 1.0, 0.8, 0.2, 0.2, 0.0, 0.0, 1.0, 0.8, 0.8, 1.0, 1.0, 0.0, 1.0, 1.0, 1.0, 0.4, 1.0, 1.0, 0.8, 1.0, 1.0, 0.0, 0.2, 1.0, 0.6, 0.0, 1.0, 1.0, 1.0, 1.0, 0.8, 1.0, 1.0, 0.2, 1.0, 1.0, 0.2, 0.4, 0.6, 0.0, 0.0, 0.8, 0.0, 0.2, 1.0, 0.8, 0.8, 0.6, 0.8, 0.8, 0.8, 0.8, 0.0, 0.4, 0.8, 0.0, 0.6, 0.2, 1.0, 1.0, 0.0, 1.0, 0.8, 0.6, 1.0, 1.0, 0.0, 1.0, 0.0, 1.0, 0.8, 0.8, 1.0, 1.0, 1.0, 0.8, 1.0, 0.8, 0.2, 0.4, 0.0, 1.0, 0.2, 0.0, 1.0, 0.2, 0.8, 1.0, 1.0, 0.8, 0.8, 0.6, 0.8, 0.4, 1.0, 1.0, 1.0, 1.0, 0.0, 0.6, 0.8, 0.2, 1.0, 1.0, 1.0, 1.0, 0.2, 0.0, 0.6, 1.0, 0.4, 0.4, 0.0, 1.0, 0.2, 0.8, 0.8, 1.0, 0.8, 1.0, 1.0, 1.0, 0.6, 0.0, 1.0, 1.0, 0.4, 0.4, 1.0, 1.0]"
KNN,46,10,"[0, 0, 1, 0, 0, 1, 1, 0, 1, 1, 0, 0, 1, 0, 0, 1, 1, 1, 0, 1, 1, 1, 1, 1, 1, 0, 1, 0, 1, 0, 1, 1, 1, 1, 1, 1, 0, 1, 1, 0, 0, 0, 1, 1, 0, 1, 0, 1, 1, 0, 0, 0, 1, 0, 1, 0, 0, 1, 1, 0, 0, 0, 1, 1, 1, 1, 0, 1, 0, 1, 1, 1, 0, 1, 1, 1, 1, 1, 1, 1, 0, 1, 1, 1, 1, 1, 1, 1, 0, 0, 1, 0, 0, 0, 1, 1, 1, 1, 0, 0, 1, 1, 1, 1, 1, 1, 1, 1, 0, 1, 1, 0, 0, 0, 1, 1, 1, 1, 1, 0, 0, 0, 0, 1, 0, 0, 1, 1, 1, 0, 0, 0, 0, 1, 1, 0, 0, 1, 0, 1, 0, 1, 0, 1]","[1, 1, 1, 0, 1, 1, 1, 0, 1, 1, 0, 0, 0, 0, 0, 1, 1, 1, 0, 1, 1, 1, 1, 0, 1, 0, 1, 0, 0, 0, 1, 1, 1, 1, 1, 1, 1, 1, 1, 1, 0, 0, 1, 1, 1, 1, 1, 1, 1, 0, 0, 1, 1, 1, 1, 0, 0, 1, 1, 0, 0, 0, 1, 1, 1, 1, 0, 1, 0, 1, 1, 1, 0, 1, 1, 1, 1, 1, 1, 1, 0, 1, 1, 1, 1, 1, 1, 1, 0, 0, 1, 0, 0, 0, 1, 1, 1, 1, 0, 1, 1, 1, 1, 1, 1, 1, 1, 1, 1, 1, 1, 0, 0, 0, 1, 1, 1, 1, 1, 1, 0, 0, 1, 1, 1, 0, 1, 1, 1, 0, 0, 0, 0, 1, 1, 1, 0, 1, 1, 1, 0, 1, 0, 0]","[0.6, 0.6, 1.0, 0.2, 0.8, 1.0, 1.0, 0.0, 1.0, 1.0, 0.2, 0.4, 0.4, 0.2, 0.2, 0.6, 1.0, 1.0, 0.0, 1.0, 0.8, 0.8, 1.0, 0.4, 0.8, 0.0, 0.8, 0.2, 0.4, 0.2, 0.6, 0.8, 1.0, 0.8, 0.8, 1.0, 0.8, 1.0, 0.8, 0.8, 0.4, 0.2, 1.0, 0.8, 0.6, 0.8, 0.6, 1.0, 1.0, 0.0, 0.0, 0.6, 0.8, 0.8, 1.0, 0.0, 0.2, 1.0, 1.0, 0.0, 0.2, 0.2, 1.0, 1.0, 1.0, 1.0, 0.0, 1.0, 0.0, 0.8, 1.0, 1.0, 0.0, 1.0, 0.8, 1.0, 1.0, 1.0, 0.8, 1.0, 0.0, 0.8, 0.8, 1.0, 1.0, 1.0, 0.6, 1.0, 0.0, 0.0, 1.0, 0.0, 0.0, 0.4, 1.0, 1.0, 1.0, 0.8, 0.2, 0.8, 0.8, 0.6, 1.0, 0.8, 0.8, 0.6, 1.0, 1.0, 0.8, 1.0, 0.6, 0.2, 0.4, 0.0, 1.0, 1.0, 0.8, 1.0, 1.0, 1.0, 0.0, 0.0, 1.0, 0.8, 1.0, 0.2, 1.0, 0.8, 1.0, 0.0, 0.4, 0.0, 0.2, 0.6, 1.0, 0.8, 0.0, 1.0, 1.0, 1.0, 0.0, 0.8, 0.2, 0.0]"
KNN,47,10,"[0, 1, 1, 0, 1, 1, 1, 1, 1, 1, 1, 1, 1, 0, 1, 1, 1, 1, 1, 1, 1, 1, 1, 0, 0, 1, 1, 1, 0, 1, 1, 0, 0, 0, 0, 0, 0, 1, 1, 1, 0, 0, 1, 1, 1, 1, 1, 1, 0, 1, 1, 1, 1, 0, 1, 1, 1, 1, 0, 0, 1, 0, 1, 1, 1, 1, 0, 0, 1, 1, 1, 1, 1, 1, 0, 1, 1, 0, 1, 1, 1, 0, 1, 1, 1, 1, 1, 1, 1, 0, 0, 0, 1, 0, 0, 0, 0, 1, 0, 1, 0, 1, 1, 0, 1, 1, 1, 1, 0, 0, 1, 1, 1, 1, 1, 0, 1, 0, 1, 0, 0, 0, 1, 1, 1, 1, 0, 0, 0, 0, 0, 1, 0, 1, 1, 0, 0, 0, 0, 1, 1, 1, 1, 0]","[1, 1, 1, 0, 1, 1, 1, 1, 1, 1, 1, 1, 1, 0, 1, 1, 1, 1, 1, 1, 1, 1, 1, 0, 0, 1, 1, 1, 0, 1, 1, 1, 0, 0, 0, 1, 0, 1, 1, 1, 1, 1, 1, 1, 1, 1, 1, 1, 0, 1, 1, 0, 1, 0, 1, 0, 1, 1, 0, 0, 1, 0, 1, 1, 0, 1, 0, 1, 1, 0, 1, 0, 1, 1, 0, 1, 1, 0, 1, 1, 1, 0, 1, 1, 1, 1, 1, 1, 1, 1, 0, 0, 1, 0, 1, 0, 1, 1, 0, 1, 1, 1, 1, 1, 1, 1, 1, 1, 1, 1, 1, 1, 0, 1, 0, 1, 1, 0, 1, 0, 0, 0, 1, 1, 1, 1, 0, 1, 0, 1, 0, 0, 1, 1, 1, 0, 0, 0, 1, 1, 1, 1, 1, 0]","[0.8, 1.0, 1.0, 0.0, 1.0, 0.6, 1.0, 0.6, 1.0, 1.0, 1.0, 1.0, 1.0, 0.0, 1.0, 0.6, 1.0, 0.6, 1.0, 0.8, 1.0, 1.0, 1.0, 0.2, 0.0, 1.0, 0.8, 0.6, 0.2, 1.0, 1.0, 0.6, 0.0, 0.4, 0.0, 0.6, 0.0, 1.0, 1.0, 1.0, 1.0, 0.8, 1.0, 1.0, 1.0, 1.0, 0.8, 0.6, 0.4, 1.0, 0.8, 0.4, 1.0, 0.2, 0.6, 0.2, 1.0, 1.0, 0.0, 0.0, 1.0, 0.0, 1.0, 1.0, 0.0, 1.0, 0.4, 1.0, 1.0, 0.4, 1.0, 0.4, 0.8, 1.0, 0.0, 0.8, 0.6, 0.2, 0.8, 0.6, 0.8, 0.2, 1.0, 0.6, 1.0, 0.8, 1.0, 0.6, 1.0, 0.6, 0.0, 0.0, 1.0, 0.0, 0.8, 0.0, 0.8, 0.8, 0.0, 0.8, 0.6, 0.8, 1.0, 1.0, 1.0, 1.0, 0.6, 1.0, 1.0, 1.0, 0.6, 1.0, 0.2, 0.8, 0.4, 0.8, 0.8, 0.4, 0.8, 0.0, 0.0, 0.0, 1.0, 1.0, 1.0, 1.0, 0.0, 1.0, 0.0, 0.8, 0.0, 0.4, 1.0, 1.0, 1.0, 0.2, 0.0, 0.0, 0.6, 1.0, 1.0, 0.8, 1.0, 0.2]"
KNN,48,10,"[0, 1, 0, 1, 1, 1, 1, 1, 1, 0, 0, 0, 0, 0, 1, 1, 0, 1, 1, 0, 1, 1, 1, 1, 1, 1, 0, 0, 1, 1, 1, 0, 1, 0, 1, 0, 1, 0, 1, 0, 1, 1, 1, 1, 0, 1, 1, 0, 1, 1, 0, 1, 1, 0, 0, 1, 1, 1, 0, 0, 0, 1, 0, 0, 0, 0, 1, 0, 1, 1, 0, 1, 0, 1, 1, 0, 0, 1, 1, 1, 1, 1, 1, 1, 1, 1, 0, 0, 0, 0, 0, 1, 1, 1, 1, 1, 1, 1, 1, 0, 0, 1, 1, 1, 1, 1, 0, 1, 1, 1, 1, 1, 1, 1, 0, 1, 1, 0, 0, 0, 0, 1, 0, 1, 0, 0, 0, 0, 1, 0, 0, 0, 1, 1, 1, 1, 0, 1, 0, 0, 1, 1, 1]","[0, 1, 1, 1, 0, 1, 1, 1, 1, 0, 0, 0, 1, 0, 1, 1, 0, 1, 1, 0, 1, 1, 0, 1, 1, 1, 0, 0, 1, 0, 1, 1, 1, 0, 1, 0, 1, 0, 1, 1, 1, 1, 1, 1, 0, 1, 1, 1, 0, 1, 1, 1, 1, 0, 0, 0, 1, 1, 0, 0, 0, 1, 0, 0, 0, 0, 1, 0, 1, 0, 1, 1, 0, 1, 1, 1, 0, 1, 0, 1, 1, 1, 1, 1, 1, 1, 0, 0, 1, 0, 1, 1, 0, 1, 1, 1, 0, 0, 0, 0, 0, 0, 1, 1, 1, 1, 0, 1, 0, 0, 1, 0, 1, 1, 1, 1, 1, 0, 0, 1, 1, 1, 0, 1, 0, 1, 0, 0, 1, 0, 0, 0, 1, 1, 1, 1, 0, 0, 0, 0, 1, 1, 1]","[0.0, 0.6, 1.0, 0.8, 0.2, 0.8, 0.6, 1.0, 0.6, 0.0, 0.0, 0.0, 0.6, 0.2, 1.0, 1.0, 0.0, 0.8, 0.8, 0.0, 1.0, 0.8, 0.2, 1.0, 1.0, 1.0, 0.2, 0.0, 0.8, 0.0, 0.6, 0.8, 1.0, 0.2, 0.8, 0.0, 1.0, 0.0, 1.0, 0.8, 1.0, 1.0, 0.8, 0.8, 0.0, 1.0, 1.0, 0.8, 0.2, 0.8, 0.8, 1.0, 1.0, 0.0, 0.0, 0.0, 0.6, 1.0, 0.0, 0.0, 0.2, 1.0, 0.2, 0.0, 0.0, 0.0, 1.0, 0.0, 1.0, 0.4, 0.6, 1.0, 0.0, 1.0, 1.0, 1.0, 0.2, 1.0, 0.0, 0.8, 0.6, 1.0, 1.0, 0.8, 1.0, 0.8, 0.2, 0.0, 0.8, 0.0, 1.0, 1.0, 0.4, 0.6, 1.0, 0.8, 0.4, 0.2, 0.2, 0.0, 0.0, 0.2, 1.0, 0.8, 0.8, 1.0, 0.2, 1.0, 0.0, 0.0, 0.8, 0.4, 1.0, 0.8, 1.0, 1.0, 0.8, 0.2, 0.2, 1.0, 0.8, 1.0, 0.4, 0.8, 0.0, 0.8, 0.4, 0.0, 1.0, 0.0, 0.0, 0.4, 0.6, 0.8, 0.8, 0.8, 0.0, 0.0, 0.2, 0.2, 1.0, 1.0, 1.0]"
KNN,49,10,"[0, 1, 1, 0, 1, 0, 1, 1, 1, 1, 1, 0, 0, 1, 0, 1, 1, 1, 1, 0, 0, 1, 0, 0, 1, 0, 1, 1, 0, 1, 0, 1, 1, 1, 1, 1, 1, 0, 1, 1, 1, 1, 1, 1, 1, 0, 0, 1, 1, 0, 0, 1, 1, 1, 1, 0, 1, 1, 0, 0, 1, 1, 1, 1, 1, 1, 0, 1, 1, 1, 1, 1, 1, 1, 0, 1, 0, 1, 0, 1, 0, 1, 1, 1, 1, 1, 0, 1, 0, 1, 1, 0, 0, 1, 1, 0, 0, 1, 1, 0, 1, 1, 0, 0, 1, 1, 1, 1, 1, 0, 0, 1, 1, 0, 1, 1, 1, 1, 1, 1, 1, 1, 1, 1, 1, 0, 1, 0, 1, 1, 1, 0, 1, 1, 1, 0, 0, 0, 1, 0, 0, 0, 1]","[1, 1, 1, 1, 1, 1, 1, 1, 1, 1, 1, 0, 0, 1, 0, 0, 1, 1, 1, 1, 0, 0, 0, 0, 1, 0, 1, 1, 1, 1, 0, 1, 1, 1, 1, 1, 1, 1, 1, 1, 1, 1, 1, 1, 1, 0, 1, 0, 1, 0, 1, 1, 1, 1, 1, 0, 0, 1, 0, 0, 1, 1, 1, 1, 1, 1, 0, 1, 1, 1, 1, 1, 1, 0, 0, 1, 0, 1, 0, 1, 0, 1, 1, 1, 1, 1, 0, 1, 0, 1, 1, 0, 1, 1, 1, 0, 1, 1, 1, 1, 1, 1, 1, 0, 1, 1, 1, 1, 1, 1, 0, 1, 0, 0, 1, 1, 1, 1, 1, 1, 1, 1, 1, 1, 1, 0, 0, 0, 1, 1, 1, 0, 1, 1, 1, 0, 1, 1, 1, 0, 1, 0, 1]","[0.6, 1.0, 1.0, 1.0, 1.0, 0.6, 1.0, 1.0, 1.0, 0.6, 0.8, 0.0, 0.0, 0.6, 0.2, 0.4, 0.6, 0.8, 0.8, 0.8, 0.0, 0.4, 0.0, 0.2, 0.8, 0.2, 0.6, 1.0, 0.8, 1.0, 0.0, 0.8, 0.8, 0.6, 1.0, 0.8, 0.8, 1.0, 1.0, 0.6, 1.0, 1.0, 1.0, 1.0, 1.0, 0.2, 1.0, 0.2, 1.0, 0.2, 0.8, 0.8, 1.0, 1.0, 0.6, 0.0, 0.2, 1.0, 0.2, 0.0, 0.8, 1.0, 0.6, 1.0, 1.0, 1.0, 0.0, 1.0, 0.8, 1.0, 0.8, 1.0, 1.0, 0.4, 0.2, 1.0, 0.4, 0.8, 0.0, 1.0, 0.0, 1.0, 1.0, 0.8, 1.0, 1.0, 0.2, 1.0, 0.4, 1.0, 0.8, 0.0, 0.8, 1.0, 1.0, 0.2, 1.0, 1.0, 1.0, 0.8, 0.6, 1.0, 1.0, 0.0, 0.8, 1.0, 1.0, 1.0, 0.8, 0.6, 0.0, 1.0, 0.2, 0.4, 0.8, 1.0, 1.0, 1.0, 1.0, 1.0, 1.0, 1.0, 1.0, 1.0, 1.0, 0.2, 0.2, 0.4, 0.6, 1.0, 0.6, 0.2, 1.0, 1.0, 1.0, 0.2, 0.6, 0.8, 0.6, 0.2, 0.8, 0.0, 1.0]"
KNN,50,10,"[1, 1, 0, 0, 1, 1, 1, 1, 1, 1, 0, 1, 1, 1, 1, 0, 0, 1, 1, 1, 0, 1, 1, 1, 1, 1, 1, 1, 1, 0, 1, 1, 1, 0, 0, 1, 0, 1, 0, 1, 1, 1, 1, 0, 1, 1, 0, 0, 0, 0, 1, 1, 1, 1, 1, 1, 1, 0, 1, 1, 0, 1, 0, 0, 1, 1, 1, 1, 1, 1, 1, 1, 0, 1, 1, 0, 1, 0, 1, 1, 0, 1, 1, 1, 1, 1, 1, 0, 0, 1, 0, 0, 1, 0, 1, 1, 1, 1, 1, 1, 1, 1, 0, 1, 1, 1, 1, 1, 1, 1, 0, 0, 0, 1, 0, 1, 0, 1, 1, 1, 1, 1, 1, 0, 1, 1, 1, 0, 0, 1, 0, 1, 1, 1, 1, 1, 1, 1, 0, 1, 1, 0, 1]","[1, 1, 1, 0, 1, 1, 0, 1, 1, 1, 1, 1, 1, 1, 1, 0, 0, 1, 0, 1, 0, 1, 1, 1, 1, 1, 1, 1, 1, 0, 1, 1, 1, 1, 0, 1, 1, 1, 0, 0, 1, 1, 1, 0, 1, 1, 0, 0, 0, 0, 1, 1, 1, 1, 1, 1, 0, 0, 1, 1, 1, 1, 0, 0, 1, 1, 1, 1, 0, 1, 1, 0, 1, 1, 1, 0, 1, 0, 1, 1, 0, 1, 1, 1, 1, 1, 1, 0, 0, 1, 0, 0, 1, 1, 1, 0, 1, 1, 1, 1, 1, 1, 0, 1, 0, 1, 1, 1, 1, 1, 1, 0, 0, 1, 0, 1, 0, 1, 1, 1, 1, 1, 1, 1, 1, 1, 1, 0, 0, 1, 0, 1, 1, 1, 1, 1, 1, 1, 0, 1, 1, 0, 1]","[1.0, 1.0, 0.8, 0.2, 1.0, 1.0, 0.4, 0.8, 1.0, 1.0, 1.0, 1.0, 0.8, 0.8, 0.8, 0.0, 0.4, 1.0, 0.0, 1.0, 0.4, 1.0, 1.0, 1.0, 1.0, 1.0, 0.8, 1.0, 1.0, 0.4, 1.0, 1.0, 0.8, 0.6, 0.0, 1.0, 0.8, 1.0, 0.2, 0.0, 1.0, 0.8, 1.0, 0.4, 1.0, 1.0, 0.0, 0.2, 0.0, 0.2, 1.0, 1.0, 0.8, 0.6, 1.0, 0.8, 0.4, 0.0, 0.8, 0.8, 0.6, 1.0, 0.0, 0.2, 0.8, 1.0, 1.0, 1.0, 0.2, 0.8, 1.0, 0.2, 1.0, 1.0, 1.0, 0.0, 1.0, 0.0, 1.0, 1.0, 0.0, 0.8, 0.8, 0.8, 1.0, 1.0, 1.0, 0.2, 0.0, 1.0, 0.0, 0.0, 0.8, 1.0, 0.8, 0.4, 1.0, 0.6, 1.0, 1.0, 0.6, 1.0, 0.0, 0.8, 0.2, 1.0, 1.0, 1.0, 1.0, 1.0, 0.8, 0.2, 0.2, 0.8, 0.4, 0.6, 0.2, 1.0, 1.0, 1.0, 1.0, 1.0, 0.6, 1.0, 1.0, 1.0, 1.0, 0.2, 0.0, 0.8, 0.0, 1.0, 1.0, 1.0, 1.0, 1.0, 1.0, 1.0, 0.4, 1.0, 1.0, 0.0, 0.8]"
Gradient Boosting,1,1,"[1, 0, 0, 1, 0, 0, 1, 1, 1, 0, 0, 1, 1, 1, 0, 1, 1, 1, 1, 0, 1, 1, 1, 0, 1, 1, 1, 0, 0, 1, 1, 1, 1, 1, 1, 0, 1, 1, 1, 1, 0, 1, 1, 0, 1, 0, 1, 0, 0, 1, 0, 1, 1, 0, 0, 0, 0, 1, 1, 0, 0, 1, 1, 0, 0, 1, 1, 1, 1, 0, 1, 1, 1, 1, 0, 1, 1, 1, 1, 1, 1, 1, 0, 1, 1, 0, 1, 0, 1, 1, 1, 0, 1, 1, 1, 0, 1, 1, 0, 1, 1, 1, 1, 1, 0, 1, 1, 0, 1, 1, 1, 1, 1, 1, 0, 1, 1, 0, 1, 1, 1, 0, 1, 0, 1, 1, 1, 0, 1, 1, 0, 0, 1, 0, 1, 0, 1, 0, 1, 1, 1, 0, 1, 1]","[0, 0, 1, 1, 1, 0, 1, 1, 1, 1, 0, 1, 1, 1, 0, 1, 0, 1, 1, 0, 1, 1, 0, 0, 1, 1, 1, 0, 0, 1, 1, 0, 1, 1, 1, 1, 1, 1, 1, 1, 0, 1, 0, 1, 1, 0, 1, 0, 0, 1, 0, 0, 1, 0, 0, 1, 0, 0, 1, 0, 0, 1, 1, 0, 0, 1, 1, 1, 1, 0, 1, 1, 1, 1, 0, 0, 1, 1, 0, 1, 1, 1, 0, 1, 1, 0, 1, 0, 1, 1, 1, 0, 1, 1, 1, 0, 1, 1, 1, 1, 1, 1, 1, 1, 1, 1, 1, 1, 1, 1, 0, 1, 1, 1, 1, 1, 1, 0, 1, 1, 0, 0, 1, 0, 1, 1, 1, 0, 1, 0, 0, 1, 1, 0, 1, 0, 1, 0, 1, 0, 1, 0, 0, 1]","[0.2638836837599286, 0.11095093252421732, 0.9260004020429926, 0.9747844339257954, 0.9890964653428228, 0.021628029795708846, 0.9799145904501817, 0.9047694869270793, 0.937012128228313, 0.577170668596464, 0.11088805732178723, 0.9744830490891381, 0.9721778608148817, 0.9793414930630815, 0.041993412301394195, 0.9442376820924554, 0.0900851093508105, 0.7138587228263703, 0.8728262149537093, 0.22838776439202693, 0.5123553572594877, 0.9012061683116163, 0.193474509223377, 0.13291070681123307, 0.9700180737445424, 0.8767224575763455, 0.9855908040499212, 0.17231634424328857, 0.01933935683076124, 0.9833069468836861, 0.981113165036003, 0.2737856147565442, 0.9547979173206865, 0.8325695682060544, 0.5224568849635256, 0.6483566445601965, 0.9728209689215718, 0.8253444093257843, 0.5317658159493597, 0.9931742602105897, 0.15803495939134904, 0.973389400986826, 0.3734558666236065, 0.6428843764035472, 0.8666580646682565, 0.05358271073140648, 0.9925767865226424, 0.016491187275797778, 0.016491187275797778, 0.9852239670476116, 0.07848023371743422, 0.37974482197934717, 0.6986819205275798, 0.01933935683076124, 0.05606344515088011, 0.9275134617563853, 0.4718756130955406, 0.3611386431069331, 0.9481785821705095, 0.016491187275797778, 0.48960095719442187, 0.968930734030367, 0.9200197288313469, 0.2590912691174116, 0.0523520572501906, 0.9292214892628082, 0.6576635627316781, 0.8807329946929595, 0.9880168211443209, 0.016491187275797778, 0.9651032000303855, 0.9887298918582423, 0.9795655588133555, 0.8219742768518941, 0.016491187275797778, 0.3128046530125402, 0.983141127377735, 0.9889227308757579, 0.47810341691292585, 0.7875231784097447, 0.9921388085889185, 0.9785990508072244, 0.039877573346675986, 0.9575945793922599, 0.9541658855658569, 0.016491187275797778, 0.9797616503626954, 0.01933935683076124, 0.9843637844992018, 0.9333235344433184, 0.9826402060650566, 0.0870245165159887, 0.9897040125155674, 0.983052359542126, 0.9819980189670926, 0.016491187275797778, 0.9548547520932807, 0.990267678906331, 0.851421506184396, 0.9833500958720706, 0.7896584398402686, 0.5671298953257508, 0.9838340147074245, 0.7119655817309268, 0.9735680184350463, 0.9784400720504631, 0.9032787002719801, 0.9225888666661254, 0.688052471083214, 0.9853494904216179, 0.18455076361840342, 0.9637102451646481, 0.8498296760228683, 0.9845603335838926, 0.9652482792446785, 0.9924686320876843, 0.8678637787435497, 0.01984684277998493, 0.596060796941604, 0.9583305018909384, 0.48706797831364546, 0.016491187275797778, 0.9782535991267994, 0.15592750567171548, 0.9874602415803899, 0.9263839609982955, 0.9168657215063484, 0.42179320214758154, 0.881840448180155, 0.32916987773843676, 0.016491187275797778, 0.526178053872007, 0.9891364008601257, 0.22821876959472973, 0.8427456710189152, 0.10989653204994743, 0.9877605181316885, 0.014808246075827395, 0.9879627307239134, 0.27857644543869636, 0.978649026390112, 0.04511477813178325, 0.09685665280836929, 0.9733029035361]"
Gradient Boosting,2,1,"[0, 1, 0, 1, 0, 0, 1, 1, 1, 1, 0, 0, 1, 1, 1, 1, 1, 1, 1, 1, 1, 1, 1, 0, 1, 1, 0, 1, 1, 1, 0, 0, 0, 0, 1, 1, 0, 0, 1, 1, 1, 1, 1, 0, 0, 0, 1, 0, 1, 0, 1, 1, 1, 1, 0, 0, 0, 0, 1, 0, 1, 0, 1, 0, 1, 0, 0, 1, 1, 1, 1, 0, 1, 1, 1, 1, 1, 1, 1, 0, 0, 0, 1, 1, 1, 1, 1, 1, 1, 1, 1, 0, 1, 0, 0, 0, 1, 1, 0, 1, 1, 0, 0, 1, 1, 1, 1, 0, 1, 1, 1, 0, 0, 0, 0, 0, 0, 1, 1, 1, 0, 0, 1, 0, 1, 0, 0, 1, 0, 1, 0, 1, 1, 1, 1, 0, 1, 0, 0, 0, 1, 1, 1]","[1, 1, 1, 1, 0, 0, 1, 1, 1, 1, 1, 0, 1, 1, 1, 1, 1, 1, 1, 1, 1, 0, 1, 0, 1, 1, 0, 1, 1, 1, 0, 0, 0, 0, 1, 1, 0, 0, 1, 1, 1, 1, 1, 0, 0, 1, 1, 0, 1, 1, 1, 0, 1, 1, 0, 0, 0, 0, 1, 0, 0, 0, 1, 0, 0, 0, 0, 1, 1, 1, 0, 0, 1, 0, 1, 1, 0, 1, 1, 0, 0, 0, 1, 1, 1, 1, 1, 1, 1, 0, 1, 1, 0, 0, 0, 0, 1, 0, 0, 0, 1, 0, 1, 1, 1, 1, 1, 1, 1, 1, 1, 0, 1, 1, 0, 0, 1, 1, 1, 1, 0, 0, 1, 0, 1, 1, 0, 1, 0, 1, 0, 1, 1, 0, 1, 0, 0, 0, 1, 1, 1, 1, 1]","[0.5873321335453804, 0.9728214899778749, 0.9503047358893935, 0.9762240567702656, 0.08429946676032533, 0.01680527020711203, 0.9466651097693392, 0.9872003619901352, 0.9729604113970637, 0.9622926526758062, 0.986834013381098, 0.03266786501167903, 0.9856277391447769, 0.9482174527383371, 0.9647445902400213, 0.9755486111389783, 0.7306429440393507, 0.638589952291085, 0.8992006655760699, 0.9320786705581121, 0.976773553434729, 0.3401427907690992, 0.8951398151647149, 0.01643886325700414, 0.6341812579027474, 0.9082492207373296, 0.05180667001455218, 0.9582256945578322, 0.9474888801410046, 0.7249910800127972, 0.03239151533437899, 0.027751328935381292, 0.01680527020711203, 0.02759931868162697, 0.9179627110969083, 0.9803486301268031, 0.38754955999355656, 0.027751328935381292, 0.9779156939503783, 0.9819359995763234, 0.9754329357605986, 0.9837464582236332, 0.9771323726030854, 0.10222097657254883, 0.01680527020711203, 0.8008803809425284, 0.9816630164376375, 0.01680527020711203, 0.9864094372887752, 0.9512883763754729, 0.9826132748992135, 0.12316283882282289, 0.9922597727023904, 0.9685675239294319, 0.04842741817646009, 0.0315048502501306, 0.06808988953812595, 0.02759931868162697, 0.9479994425011021, 0.01680527020711203, 0.4245307536411247, 0.1903194503609535, 0.9603708763138418, 0.07485245456302574, 0.47286376710517564, 0.09582550609959123, 0.01680527020711203, 0.9749987604800846, 0.978546576939581, 0.9848661002517429, 0.24172004101046932, 0.017357956543188263, 0.9028319753845373, 0.19399874090368635, 0.974454307030791, 0.986770269671947, 0.3606018866900718, 0.9352909981910023, 0.9761047541249903, 0.0315048502501306, 0.023551569647149554, 0.03678720832590386, 0.8875452258215017, 0.9696993320283535, 0.9754370143364003, 0.9929261472483868, 0.9736876769163768, 0.9643560880827458, 0.9321941478582404, 0.27070173243540685, 0.9717313072775056, 0.9568791627041101, 0.4326354476327345, 0.01680527020711203, 0.08173269657299331, 0.01680527020711203, 0.9829253538778389, 0.2736339385614417, 0.01680527020711203, 0.22180228926018178, 0.5010297962169793, 0.07846182963152278, 0.8532427957996098, 0.885833500009571, 0.9476747283370184, 0.8366833926008644, 0.968821351591093, 0.8458003400783328, 0.8937782856331792, 0.9277205548470804, 0.9696480881868339, 0.3869207852540999, 0.9450153111693367, 0.9589573494654265, 0.24057640819576023, 0.07367067633920449, 0.9210006242480627, 0.9860933015788815, 0.9891720469786502, 0.9455582754250618, 0.02724202458169419, 0.18149896565008414, 0.9465099369282974, 0.09111580520948971, 0.9816303821564051, 0.8878615041252788, 0.07714710524143971, 0.9811856396166428, 0.11476208206772351, 0.952730127418713, 0.25945968679733117, 0.9676140536655872, 0.9733727539580763, 0.39107229292607204, 0.9881852392438594, 0.05367759765551839, 0.05180667001455218, 0.17224436098624024, 0.9037635080445501, 0.9378114766126001, 0.9775255389217592, 0.9788271780035417, 0.9574433513447781]"
Gradient Boosting,3,1,"[0, 1, 1, 0, 1, 1, 1, 1, 1, 0, 0, 0, 0, 0, 1, 1, 1, 0, 0, 1, 1, 1, 1, 1, 1, 1, 1, 1, 1, 1, 0, 0, 0, 0, 1, 0, 0, 1, 1, 1, 1, 1, 1, 1, 0, 0, 1, 1, 1, 0, 0, 0, 0, 0, 0, 0, 0, 1, 0, 1, 1, 1, 1, 0, 1, 1, 0, 1, 1, 0, 1, 1, 1, 1, 0, 1, 1, 1, 1, 0, 1, 0, 0, 1, 0, 1, 1, 1, 0, 0, 1, 1, 1, 1, 0, 1, 0, 0, 1, 1, 1, 1, 1, 1, 0, 1, 1, 1, 0, 1, 1, 1, 0, 1, 0, 1, 0, 1, 0, 1, 1, 0, 1, 1, 1, 1, 0, 0, 0, 0, 0, 0, 1, 1, 0, 1, 1, 1, 1, 0, 1, 1, 0]","[1, 1, 1, 1, 1, 1, 1, 1, 1, 1, 0, 0, 0, 0, 0, 1, 1, 0, 0, 1, 1, 1, 1, 1, 1, 0, 1, 0, 1, 1, 1, 0, 1, 0, 1, 1, 0, 0, 0, 1, 1, 1, 1, 1, 1, 1, 1, 1, 1, 0, 1, 0, 0, 0, 0, 0, 0, 1, 0, 0, 0, 1, 1, 1, 1, 1, 1, 1, 1, 0, 1, 1, 1, 1, 0, 0, 1, 1, 1, 1, 1, 0, 0, 1, 1, 1, 1, 1, 0, 0, 1, 0, 1, 1, 1, 1, 0, 0, 1, 1, 0, 1, 1, 1, 1, 1, 1, 1, 1, 1, 1, 1, 0, 1, 1, 1, 1, 1, 1, 1, 1, 0, 1, 1, 1, 1, 1, 0, 0, 1, 0, 0, 1, 1, 0, 1, 1, 1, 1, 1, 1, 1, 0]","[0.9099832326164287, 0.9827466371147375, 0.7824965020190208, 0.9856141891545858, 0.9857314881375773, 0.9711088751471249, 0.9887411528061203, 0.9383889064168183, 0.9807454487172047, 0.5724794426864073, 0.06871218983984663, 0.02136335346927555, 0.03253318449229439, 0.042948032925597505, 0.32705626621797235, 0.957282590479531, 0.9921365809763841, 0.21249377582495063, 0.01830509471519168, 0.7919526388625565, 0.954745068345083, 0.9890309882745417, 0.9325628937534226, 0.9892177075243095, 0.9838950253650064, 0.1869739109662757, 0.9348672382221291, 0.16921345909123897, 0.9820869840161908, 0.8578355440054788, 0.9786399404847538, 0.27791753608854175, 0.7253396989733025, 0.01121586503712626, 0.7833835076375684, 0.9337516312568116, 0.46249046505468844, 0.33234731892157676, 0.011015098333167944, 0.8818353328558935, 0.9579735961688627, 0.9154417304517339, 0.9745213667779696, 0.9899834198762829, 0.9288615094468771, 0.8356996512007636, 0.9796459346278034, 0.969583808367256, 0.5111203225138787, 0.017724332970055004, 0.7963427438897928, 0.01121586503712626, 0.01121586503712626, 0.01121586503712626, 0.2942398470783939, 0.01121586503712626, 0.013910670499229847, 0.9459986500342024, 0.11517933027578171, 0.4682401823415063, 0.44018997840520185, 0.9857309578477954, 0.6727507578282286, 0.624572365186586, 0.9928627967396082, 0.9440560864546887, 0.5786700134663488, 0.9815869391810412, 0.9852074585721297, 0.026620313222435493, 0.7369742853299412, 0.9367211403642729, 0.9929690130404493, 0.9339666303011472, 0.016005045737092303, 0.3228686127901918, 0.9857687928245121, 0.9583124270193731, 0.9327430382107891, 0.6290244045448522, 0.9606595093380558, 0.013788791695760411, 0.014340227083891743, 0.9515905214695882, 0.7472141798771148, 0.9873347348637193, 0.9780602470710682, 0.9795492483095126, 0.33694648954151846, 0.01121586503712626, 0.9371897875993346, 0.06439812486821317, 0.984193976727802, 0.9679152161118454, 0.9561842230321532, 0.6719172721631076, 0.4917179408505059, 0.026620313222435493, 0.8287970288281968, 0.9698374143871775, 0.012427188230185461, 0.9876865878668004, 0.9620399748918244, 0.9721000681119486, 0.5505139607056903, 0.9948592598787667, 0.9801941288566526, 0.8886543403752123, 0.9789146688396907, 0.9687530366191559, 0.9466197389596072, 0.9139349990311488, 0.11322160235577357, 0.7622255966414185, 0.9825061973574043, 0.9892908073981883, 0.776826043354957, 0.9081482295992425, 0.7956341815412852, 0.9908969671402532, 0.9466467203107505, 0.012427188230185461, 0.9827662714054765, 0.9880669435345371, 0.9838200577499633, 0.9817521298472212, 0.9662503574127002, 0.03552372964375199, 0.01121586503712626, 0.827058076369539, 0.2086798516372662, 0.01121586503712626, 0.8896722847423743, 0.5030781542850717, 0.044323570891996636, 0.8943379909360438, 0.9561633644904098, 0.7152546712872365, 0.9623152719220607, 0.921460780776362, 0.5359868716126768, 0.8187890966102815, 0.01121586503712626]"
Gradient Boosting,4,1,"[0, 0, 1, 1, 1, 1, 1, 1, 1, 1, 1, 1, 1, 0, 1, 1, 1, 0, 1, 0, 1, 1, 0, 0, 1, 1, 1, 1, 0, 1, 1, 0, 1, 1, 0, 0, 1, 0, 0, 1, 1, 0, 0, 1, 1, 1, 1, 1, 1, 1, 0, 1, 1, 1, 1, 1, 1, 0, 1, 1, 0, 0, 1, 1, 1, 1, 0, 0, 1, 1, 1, 1, 1, 1, 0, 1, 1, 0, 0, 1, 0, 1, 0, 1, 1, 1, 1, 0, 1, 0, 1, 1, 0, 1, 0, 1, 0, 1, 1, 0, 1, 1, 1, 0, 0, 1, 1, 1, 0, 1, 1, 0, 1, 0, 0, 1, 0, 1, 1, 1, 0, 0, 1, 1, 1, 0, 1, 0, 1, 0, 1, 0, 1, 0, 1, 0, 0, 1, 1, 0, 0, 0, 0, 1]","[1, 0, 1, 1, 1, 1, 0, 1, 1, 1, 1, 1, 1, 0, 1, 1, 1, 0, 1, 0, 1, 1, 0, 0, 1, 1, 1, 1, 0, 1, 1, 1, 1, 1, 0, 0, 1, 0, 1, 1, 1, 1, 0, 1, 1, 0, 1, 1, 1, 1, 0, 1, 0, 1, 1, 1, 1, 0, 1, 1, 1, 0, 1, 1, 1, 1, 0, 0, 1, 1, 1, 0, 1, 1, 1, 1, 1, 0, 0, 1, 0, 1, 0, 0, 1, 1, 1, 0, 1, 1, 1, 1, 0, 1, 0, 1, 1, 1, 0, 0, 1, 1, 1, 1, 1, 1, 0, 1, 0, 1, 0, 0, 1, 0, 0, 1, 0, 1, 1, 1, 0, 0, 1, 1, 1, 1, 1, 0, 1, 0, 1, 0, 1, 0, 1, 1, 0, 1, 1, 0, 0, 0, 0, 1]","[0.826259117152634, 0.08928189740129938, 0.9899455858868285, 0.9764909555821946, 0.9866623537120515, 0.9371456732142461, 0.4848127973382001, 0.9038952087761704, 0.8573459954254105, 0.5078457111469652, 0.7163944684238465, 0.9858058939599077, 0.9748066122565341, 0.02144657029265482, 0.9042168738519392, 0.8945687762679672, 0.9894400775638679, 0.1287917380963052, 0.5745196434343379, 0.01683916202975982, 0.9797313124591204, 0.9834240713210158, 0.27498170968892655, 0.01683916202975982, 0.7955408935389124, 0.9892857239601064, 0.9003811976518898, 0.9273890784312908, 0.02305910291940711, 0.9489555907776362, 0.7361120468999639, 0.653666831176369, 0.9906603061861522, 0.9853183216289074, 0.3710548201099664, 0.46402701409193964, 0.730521088724034, 0.10527270451355841, 0.9686513773445719, 0.9739230852065723, 0.6785140439472946, 0.9303269976614296, 0.4775964952744929, 0.8021553389386269, 0.5743723952772617, 0.027850088102303112, 0.5140569157162391, 0.9481820744408208, 0.9893109276425905, 0.9548198765362493, 0.01683916202975982, 0.8584944356154937, 0.4932237097043511, 0.855997816598722, 0.9462717380836397, 0.9749450387570635, 0.9892984222770591, 0.01683916202975982, 0.9763539181636373, 0.7640510385823779, 0.9421021142565477, 0.0522597319184404, 0.9830088016299083, 0.9921143892604284, 0.9554794253373073, 0.9824327459295027, 0.15997650786443227, 0.05193614560820817, 0.9574864370009041, 0.9763437296421787, 0.9764991366952319, 0.39469864003374433, 0.871163256469725, 0.8067011211565908, 0.9728831124845931, 0.9860439460241655, 0.9518295161641136, 0.15268852535945218, 0.33287439340864805, 0.9023160327849811, 0.030008417491034133, 0.971951707546592, 0.01683916202975982, 0.331209862918819, 0.9800431105566483, 0.6061219218492366, 0.9756314712177184, 0.3148139616644869, 0.9764928941207167, 0.9279486618444791, 0.6907427872376332, 0.5371881972808792, 0.015612774191727085, 0.8318167629742375, 0.02405192100937451, 0.9447985386031859, 0.9864909938793257, 0.5582899064420968, 0.21036934427099657, 0.015591845043581791, 0.9777823503998074, 0.9830485177966439, 0.9872576167431363, 0.9433586647648133, 0.7391972926172118, 0.901672720680058, 0.07787340901990228, 0.9506220623041753, 0.01683916202975982, 0.6774643683835856, 0.3084297962598996, 0.024099798235450554, 0.992165182172782, 0.024099798235450554, 0.29885268295602846, 0.8450797444705732, 0.01608524551703359, 0.9852920640311281, 0.9881875943358087, 0.9892984222770591, 0.10011968021532752, 0.01683916202975982, 0.9339717720042247, 0.9791564726892197, 0.9825644022560619, 0.8098954347444265, 0.811794199481244, 0.09326050863687355, 0.9767311607220629, 0.1133665064742509, 0.7960902963021526, 0.07555267530370385, 0.9681934965122381, 0.01683916202975982, 0.9775411294223717, 0.5477467808309603, 0.05159331097083698, 0.9821298834015206, 0.9795277958299962, 0.01683916202975982, 0.27660186039051615, 0.01683916202975982, 0.08948204943320825, 0.918264021097864]"
Gradient Boosting,5,1,"[1, 0, 1, 1, 1, 1, 0, 1, 0, 1, 1, 0, 1, 1, 1, 0, 0, 0, 1, 0, 1, 1, 1, 1, 1, 0, 1, 1, 1, 0, 0, 1, 1, 1, 0, 1, 1, 1, 1, 0, 1, 1, 1, 1, 1, 0, 0, 1, 1, 1, 0, 1, 1, 1, 0, 1, 1, 1, 1, 1, 1, 1, 1, 0, 0, 1, 0, 1, 1, 1, 1, 0, 1, 1, 1, 1, 1, 1, 1, 1, 1, 1, 1, 1, 1, 1, 1, 0, 1, 0, 0, 0, 0, 0, 0, 1, 0, 1, 1, 1, 0, 1, 1, 1, 1, 1, 1, 1, 1, 1, 1, 1, 1, 0, 0, 1, 1, 0, 0, 1, 1, 0, 1, 0, 1, 0, 1, 1, 1, 1, 1, 0, 1, 1, 0, 0, 0, 1, 0, 0, 0, 1, 1]","[1, 1, 1, 0, 1, 1, 0, 1, 1, 1, 1, 0, 1, 1, 1, 0, 0, 0, 0, 0, 1, 1, 1, 1, 1, 0, 1, 1, 1, 0, 1, 1, 1, 1, 0, 1, 1, 1, 1, 1, 1, 1, 1, 1, 1, 1, 1, 1, 1, 1, 0, 0, 1, 1, 0, 1, 1, 1, 1, 1, 1, 0, 1, 1, 0, 0, 0, 1, 1, 1, 1, 0, 0, 1, 1, 1, 1, 1, 1, 1, 1, 1, 1, 1, 1, 0, 1, 0, 1, 0, 0, 0, 0, 0, 0, 1, 1, 1, 1, 1, 1, 1, 1, 1, 1, 1, 1, 1, 1, 0, 1, 1, 1, 0, 1, 1, 1, 0, 0, 0, 1, 0, 1, 1, 1, 0, 1, 1, 1, 1, 1, 1, 1, 1, 1, 0, 1, 1, 0, 0, 0, 1, 1]","[0.9708879885334917, 0.7743672476792934, 0.9639767523734292, 0.07392431251742194, 0.9193721089219276, 0.9838861129581987, 0.04192625872045074, 0.9881893723920275, 0.8604333706222036, 0.6713894452915163, 0.8574318197771742, 0.016793552866760444, 0.9662430654644119, 0.9083170227555076, 0.9427133797643061, 0.07258920356027262, 0.44681658658721085, 0.15886352953727825, 0.43465774661337786, 0.019308100053006805, 0.8304650668635312, 0.9218973361273147, 0.9783668259799502, 0.9564517136274546, 0.9699810716789273, 0.016793552866760444, 0.9878073813667473, 0.8253586291774866, 0.9825201331193788, 0.1725244213638367, 0.8276511409159522, 0.9746556729166704, 0.9378702256952454, 0.9198853089115351, 0.04240497416761301, 0.9437922462320306, 0.9031820030731156, 0.8695887317795455, 0.9144817702525814, 0.6429815185903593, 0.9752722977871305, 0.9600709707759776, 0.8127636002431745, 0.8988520863633265, 0.9772176954459569, 0.6207437758767131, 0.9651862641453003, 0.9752530500550579, 0.5081482549381455, 0.8898374079851015, 0.14674506469488904, 0.11431321659362109, 0.9778126207852028, 0.8541994548265113, 0.016793552866760444, 0.888634996366061, 0.7400246307101457, 0.9644995744085253, 0.868907393154085, 0.9316699704774344, 0.9717269656817136, 0.060354103275858356, 0.97642405514576, 0.8197437855089179, 0.04544141691544597, 0.4818673486155202, 0.12419628292618275, 0.7145892753789344, 0.9703662907586896, 0.9431015835124816, 0.9253029132130483, 0.37671831104455483, 0.21406557309379032, 0.9760484668279954, 0.9038530623686686, 0.9758392646318133, 0.9817693231500495, 0.9837265003589154, 0.9559820207216541, 0.9517948815821865, 0.9647747506906789, 0.8271746355674071, 0.9772176954459569, 0.990840058582731, 0.7819840300784038, 0.4585821207479611, 0.9635025069066101, 0.17717058894636117, 0.94193862812428, 0.06720997296565502, 0.04958638886596519, 0.016793552866760444, 0.18431110853315957, 0.016793552866760444, 0.04831117898972216, 0.962350199272439, 0.5455978609720015, 0.9064239123509773, 0.6698878258573249, 0.932817318022428, 0.5529225910800792, 0.949193001576295, 0.9739705761285151, 0.9897607424139301, 0.9246736522704294, 0.9815748542184155, 0.9265972892140413, 0.5898188911000218, 0.9072539811648792, 0.4718019430653735, 0.9582445604761135, 0.8815353385309171, 0.869746003123617, 0.08758181154796844, 0.6574981265456684, 0.9739807729372082, 0.9901379069736431, 0.19796322947784561, 0.02266687266364404, 0.29030442170034315, 0.9698273356318374, 0.019204112916595045, 0.9287184789745545, 0.537088149273888, 0.923351281532135, 0.016793552866760444, 0.6399141465398076, 0.9266823543818142, 0.9805507538974629, 0.971255145914811, 0.9854851529735441, 0.9458064782146719, 0.9817331800821747, 0.9865895873241979, 0.8430048525297673, 0.1277977848984563, 0.7420752941640819, 0.888884296105964, 0.25895349448681776, 0.17154937782284596, 0.016793552866760444, 0.966648140878463, 0.9764668383890849]"
Gradient Boosting,6,2,"[1, 0, 1, 1, 0, 1, 0, 1, 0, 0, 1, 0, 0, 1, 1, 1, 1, 0, 1, 1, 1, 0, 1, 1, 0, 1, 0, 1, 1, 1, 1, 1, 1, 1, 0, 1, 1, 0, 1, 0, 0, 1, 1, 1, 1, 1, 1, 1, 1, 1, 0, 1, 0, 0, 1, 0, 0, 1, 1, 1, 0, 1, 1, 0, 0, 1, 1, 1, 1, 1, 0, 1, 1, 1, 1, 1, 1, 1, 1, 0, 1, 1, 1, 1, 0, 1, 1, 1, 1, 0, 1, 1, 1, 1, 1, 0, 0, 0, 0, 1, 0, 1, 0, 1, 1, 0, 1, 1, 1, 1, 0, 1, 1, 0, 0, 1, 1, 0, 1, 0, 0, 1, 1, 1, 0, 1, 1, 0, 0, 0, 0, 1, 0, 0, 0, 0, 0, 1, 1, 1, 1, 0, 0, 1]","[1, 0, 1, 1, 0, 1, 1, 1, 1, 0, 1, 1, 0, 1, 1, 0, 1, 0, 1, 1, 1, 0, 1, 1, 0, 1, 0, 1, 1, 1, 0, 1, 1, 1, 1, 0, 1, 1, 1, 1, 0, 1, 1, 1, 1, 1, 1, 1, 1, 1, 0, 1, 0, 0, 1, 0, 1, 1, 1, 1, 0, 1, 1, 0, 0, 1, 1, 1, 1, 1, 0, 1, 1, 0, 1, 0, 1, 1, 1, 0, 1, 1, 1, 1, 0, 1, 1, 1, 1, 0, 1, 1, 1, 1, 1, 0, 0, 0, 1, 1, 0, 1, 1, 1, 1, 1, 1, 1, 1, 1, 0, 1, 1, 1, 1, 1, 1, 0, 1, 0, 0, 0, 1, 1, 0, 1, 1, 1, 0, 1, 0, 1, 0, 0, 0, 0, 1, 1, 1, 0, 1, 0, 0, 0]","[0.9691908494818204, 0.06261866945647844, 0.9738528353670093, 0.9781477643289251, 0.10001174765196, 0.9188621965049442, 0.9699594193289083, 0.9813319070141873, 0.9889504040336722, 0.01982439759436168, 0.9595287847752407, 0.5008329059402137, 0.059452368072711585, 0.9800152199074045, 0.9783740738366757, 0.2244021988033451, 0.970874906596703, 0.22407141722280605, 0.8892045058198135, 0.5148925116693825, 0.9302981257995703, 0.01982439759436168, 0.9221966172909832, 0.9826943863328123, 0.01697596015854048, 0.824144277170225, 0.01697596015854048, 0.9831918548056076, 0.9900423475156751, 0.9765854062282253, 0.2440484611575944, 0.9566483625288331, 0.9637022510846875, 0.8926324605301758, 0.8502526196323302, 0.4190985798398888, 0.9631236679201959, 0.638899465253621, 0.9912518444711129, 0.8142287102879401, 0.01982439759436168, 0.82963352447345, 0.9705549428902245, 0.9332315810582686, 0.9813319070141873, 0.5070117311440985, 0.9358674605323586, 0.7375985295301595, 0.989860636432688, 0.8734685499522471, 0.01697596015854048, 0.8632649677003524, 0.023200000949502628, 0.01982439759436168, 0.9636175696576451, 0.0556933750183834, 0.5660761843301321, 0.9687538369442624, 0.5563969603912767, 0.9823301878486305, 0.01982439759436168, 0.87877134519332, 0.9777086643944801, 0.14659406506870346, 0.061413738726803335, 0.966447344939091, 0.6229679347892426, 0.9900079487263432, 0.9937331511557512, 0.9818487674605275, 0.01697596015854048, 0.9764588586535946, 0.9480158285277752, 0.479051647931032, 0.9873479554630382, 0.45619505751232353, 0.9752568738924041, 0.9499909666803942, 0.9792280097241199, 0.026673584999339337, 0.9626994938056995, 0.9295345963476073, 0.976223485873007, 0.9771670870444898, 0.018391938903591063, 0.9875360938718925, 0.9845709265409899, 0.9691666203790503, 0.9826135262220107, 0.018391938903591063, 0.9446084706756223, 0.9008396714291191, 0.9628181828695693, 0.6588665480029735, 0.9165147009476811, 0.02085390303764272, 0.01697596015854048, 0.019777272353754014, 0.9241913910151784, 0.9516462173970577, 0.01982439759436168, 0.8161813383118105, 0.9437439230672896, 0.8770577541640165, 0.8904350259229702, 0.963698372254682, 0.9262797978168767, 0.9768294473669309, 0.7123572252316345, 0.9708608540497415, 0.13795188213968881, 0.9867069644711638, 0.9771193996459264, 0.9283154505172861, 0.964337469558107, 0.9506457160346439, 0.7658964206308945, 0.47587450754855287, 0.7399188412948281, 0.023200000949502628, 0.01982439759436168, 0.49777702774703453, 0.987656301213559, 0.9783276171501725, 0.06432658389744816, 0.9769002339004208, 0.8636556108170442, 0.8621067987180027, 0.01697596015854048, 0.6580333467999679, 0.01697596015854048, 0.9157346783422912, 0.288995797391389, 0.35653033471987683, 0.01567076759924069, 0.1564444274840028, 0.8374634902319741, 0.9509737660656166, 0.8825501339810584, 0.18518118831790867, 0.6632406808979394, 0.056041142502215174, 0.01982439759436168, 0.11948760236280061]"
Gradient Boosting,7,2,"[1, 1, 1, 0, 1, 1, 1, 1, 1, 0, 1, 1, 1, 1, 1, 1, 0, 1, 1, 1, 1, 0, 1, 1, 1, 0, 0, 1, 1, 0, 0, 1, 0, 0, 1, 1, 0, 0, 1, 0, 1, 1, 1, 1, 1, 0, 0, 0, 1, 0, 1, 1, 1, 0, 0, 1, 1, 1, 1, 0, 1, 1, 1, 0, 1, 1, 0, 1, 1, 1, 1, 1, 0, 1, 1, 1, 1, 1, 1, 0, 1, 1, 1, 0, 0, 1, 0, 1, 0, 1, 1, 0, 1, 1, 1, 1, 1, 1, 1, 1, 1, 1, 1, 1, 1, 1, 0, 1, 0, 0, 0, 0, 1, 1, 0, 0, 1, 1, 0, 1, 0, 0, 1, 0, 0, 1, 1, 0, 0, 0, 1, 1, 1, 0, 0, 0, 0, 0, 0, 1, 1, 1, 0, 1]","[1, 1, 1, 0, 1, 1, 1, 1, 1, 0, 0, 1, 1, 1, 1, 1, 0, 1, 1, 1, 1, 0, 1, 0, 1, 0, 0, 1, 1, 0, 0, 0, 0, 0, 1, 1, 0, 0, 1, 0, 1, 1, 1, 1, 1, 0, 0, 0, 1, 1, 1, 1, 1, 0, 0, 1, 1, 1, 1, 1, 1, 1, 0, 0, 1, 1, 0, 1, 1, 1, 0, 1, 0, 1, 1, 1, 1, 1, 1, 0, 1, 1, 1, 0, 0, 1, 0, 1, 0, 1, 1, 1, 1, 1, 1, 1, 1, 1, 1, 1, 1, 1, 1, 1, 1, 1, 1, 1, 0, 0, 0, 0, 1, 1, 0, 0, 1, 1, 0, 1, 0, 1, 1, 1, 0, 1, 1, 0, 0, 0, 1, 1, 0, 0, 1, 0, 0, 0, 1, 1, 0, 1, 0, 1]","[0.9755000488431707, 0.9842885203715879, 0.9211826338287118, 0.019342729023324682, 0.9484750403673634, 0.9869820695028689, 0.9317898319942448, 0.9796978357019173, 0.9105606355135134, 0.08041430089535483, 0.49839540307544367, 0.9770902024144149, 0.9821267232545988, 0.9666716732404851, 0.966614752802944, 0.9774760046232422, 0.03588673788538549, 0.9724074070701575, 0.8882193614888326, 0.5131845588662283, 0.8470952821658057, 0.1532396323058613, 0.9829561760780691, 0.49942386690113744, 0.9007362656987712, 0.3114220387039384, 0.0495830227313196, 0.7542912064950719, 0.9710328851537566, 0.03599801852841888, 0.03599801852841888, 0.25696319454918853, 0.022294224621775043, 0.03599801852841888, 0.9808743108222737, 0.9760941883167368, 0.20071325998378517, 0.4184701003852624, 0.9716544346730877, 0.06494101119510538, 0.986867933696269, 0.5008714195241044, 0.9665069313008284, 0.7627990008172837, 0.7654777435278861, 0.0589933475900301, 0.02676806938664637, 0.019342729023324682, 0.8946516363538242, 0.8154064003202532, 0.9854908670850492, 0.6335836302028687, 0.9755840739407368, 0.019342729023324682, 0.47746911739509545, 0.8663502168459346, 0.9628086796099025, 0.9805619706210417, 0.9817811987558068, 0.605098723642429, 0.9874112607319082, 0.9787744534571855, 0.20603499939132167, 0.12309612396109106, 0.8248960833462734, 0.9686148559787653, 0.019342729023324682, 0.9814194250905307, 0.9712535818886936, 0.5949340618468215, 0.3322707115484211, 0.984183209402494, 0.06879507913401797, 0.9739809291955985, 0.9266664393795352, 0.8572114556117909, 0.7346042978046573, 0.9291249865574809, 0.9831835613187789, 0.019342729023324682, 0.9438208559788847, 0.9801998645344151, 0.9821241651998827, 0.13089375757716495, 0.019342729023324682, 0.919984244603425, 0.1359602485913645, 0.8788766325699836, 0.05863766294845982, 0.8257712682569099, 0.9746904909294293, 0.9148131952447776, 0.9088046530439442, 0.9455310336651405, 0.9385252827540038, 0.8542302536050635, 0.9588091724531526, 0.9645396223049938, 0.9698186363577725, 0.8434466120585958, 0.9909847755005241, 0.9623724492500434, 0.890196489990164, 0.9733917648710585, 0.9551761508003702, 0.9915449279693869, 0.7305274002178838, 0.9295284339815852, 0.4996616600771208, 0.07483946385762057, 0.06696455891350586, 0.019342729023324682, 0.5868949724205781, 0.9767297176304512, 0.3936283331195762, 0.022294224621775043, 0.9522200689398189, 0.9753679572068419, 0.3600366218502711, 0.976811503541387, 0.03175297290729652, 0.8361174685596553, 0.6014990435927123, 0.9584960557824636, 0.4270260160753518, 0.9184333691869523, 0.6396401476918424, 0.11316199876947555, 0.2581187695141149, 0.019342729023324682, 0.9398669659974582, 0.9839500534459082, 0.042296600005230736, 0.0495830227313196, 0.6189007532682053, 0.45276225500697465, 0.019342729023324682, 0.2438743628378905, 0.6859315401206988, 0.9827085702271103, 0.42474673805014507, 0.9800226718813896, 0.033202582757160135, 0.9521312328696631]"
Gradient Boosting,8,2,"[1, 0, 0, 1, 0, 1, 1, 1, 1, 1, 1, 0, 0, 1, 1, 0, 1, 1, 0, 1, 1, 1, 1, 1, 1, 1, 1, 1, 0, 1, 0, 0, 1, 1, 0, 0, 1, 0, 1, 0, 0, 1, 1, 1, 1, 0, 1, 1, 1, 0, 1, 0, 1, 1, 0, 1, 0, 1, 1, 0, 1, 0, 0, 1, 0, 0, 0, 0, 1, 0, 0, 1, 0, 0, 1, 1, 1, 0, 0, 1, 1, 1, 1, 1, 1, 1, 1, 1, 1, 0, 1, 1, 0, 1, 1, 0, 1, 1, 0, 1, 1, 0, 1, 0, 1, 1, 1, 0, 1, 1, 1, 1, 0, 1, 1, 0, 1, 1, 0, 0, 1, 1, 0, 1, 1, 0, 1, 0, 0, 1, 1, 0, 0, 1, 1, 1, 1, 1, 0, 1, 1, 0, 1]","[1, 1, 1, 1, 0, 0, 1, 1, 1, 1, 1, 0, 1, 1, 0, 0, 1, 0, 0, 1, 1, 1, 1, 1, 1, 1, 1, 1, 0, 1, 0, 0, 1, 1, 1, 0, 1, 0, 1, 1, 1, 1, 1, 0, 1, 1, 1, 0, 1, 1, 1, 0, 1, 1, 1, 1, 1, 1, 1, 0, 0, 0, 0, 1, 0, 0, 0, 0, 1, 0, 0, 1, 1, 0, 1, 1, 0, 1, 0, 1, 1, 1, 0, 1, 1, 1, 1, 1, 1, 1, 1, 1, 0, 1, 1, 1, 1, 1, 1, 0, 1, 1, 1, 0, 1, 1, 0, 0, 1, 0, 1, 0, 0, 1, 1, 1, 1, 1, 1, 0, 1, 0, 0, 1, 1, 0, 1, 0, 0, 1, 1, 0, 1, 1, 1, 0, 1, 1, 1, 1, 0, 1, 1]","[0.9892004824493569, 0.842925552976103, 0.6282174148159633, 0.9812913496271908, 0.012350851865037501, 0.26196494935545805, 0.9860090031011932, 0.9612437470734836, 0.922922051820601, 0.9260864370528684, 0.8489821307277055, 0.08183086831839965, 0.888983323452932, 0.9482965732624291, 0.47964680875947624, 0.027289695993236968, 0.9886607459612985, 0.04644549326709688, 0.026069857511620467, 0.8672809213998325, 0.8198432173330036, 0.9177792497425625, 0.9899508574276044, 0.9516381155917786, 0.9466093853995959, 0.7283124228399872, 0.984458227589338, 0.98450895323378, 0.3841354006793469, 0.9912235667574348, 0.11818072759255525, 0.012350851865037501, 0.9176011339111967, 0.8173814716006789, 0.982641843444346, 0.11066261525620043, 0.9806696717423384, 0.29745418477768154, 0.9559563838221621, 0.9592475214842288, 0.9289478300662283, 0.7973391093538941, 0.9892256163342817, 0.12378171988920106, 0.6829416780940771, 0.95521468453274, 0.978815523029911, 0.345027620318473, 0.871463312053546, 0.5249197392307463, 0.7706590853530791, 0.48962384324743535, 0.9668430219957835, 0.9841060832280302, 0.7520596507530038, 0.6074412005335385, 0.810723348310178, 0.98752072185301, 0.9854457584202004, 0.012350851865037501, 0.179162613777405, 0.01875104631710563, 0.01701216821070443, 0.7203155723663202, 0.01951662724063907, 0.029500784075908563, 0.012350851865037501, 0.012350851865037501, 0.9667740503354731, 0.4137456160017272, 0.05143247335207251, 0.7018306348416615, 0.9668525127980425, 0.012350851865037501, 0.9822660372273277, 0.7464122721498341, 0.22353135168719795, 0.7398315851977175, 0.0181296097085231, 0.9574241069938815, 0.9869941481747841, 0.9709424676691859, 0.36409259546995576, 0.9555124121821194, 0.9203847330804774, 0.9896689082804794, 0.9815231127034129, 0.8816831408021577, 0.9733957887123207, 0.9873943796294711, 0.9792303928038752, 0.9668687430435832, 0.013618899962829273, 0.9701033842788455, 0.9495261520137991, 0.6028743423110088, 0.7589448097400043, 0.9811149432032338, 0.9637387483894868, 0.33889697357581483, 0.9726458863024049, 0.8701673795123006, 0.836524978926424, 0.027111283980409826, 0.9601389374058146, 0.8466114326410108, 0.05053332257660648, 0.012350851865037501, 0.9711818581096588, 0.15850595355744426, 0.9897204284103079, 0.01380086875455444, 0.04965891292873868, 0.5905999068115714, 0.9223413548813938, 0.5119009870803285, 0.9897786213077965, 0.9169329938517103, 0.9591413324459737, 0.45456196686167394, 0.8210813639596237, 0.08790271559831285, 0.3575175110534722, 0.9798461672214579, 0.9858926617344129, 0.45553322562526083, 0.9043672843972389, 0.07331359744070448, 0.01380086875455444, 0.9869547787960068, 0.9876327680846604, 0.012350851865037501, 0.9230533849400174, 0.9488131035488062, 0.9714415213748812, 0.3056275148895602, 0.9637629717161038, 0.7450405685404993, 0.9151734552351244, 0.9012690437525834, 0.4560284824222582, 0.7665308567359194, 0.9806742650850764]"
Gradient Boosting,9,2,"[0, 0, 0, 1, 1, 1, 0, 1, 1, 1, 1, 1, 0, 1, 1, 1, 0, 1, 1, 1, 1, 1, 1, 1, 1, 1, 1, 0, 1, 1, 1, 1, 1, 1, 0, 0, 0, 0, 0, 1, 1, 1, 0, 1, 1, 0, 1, 1, 1, 1, 1, 1, 0, 1, 1, 1, 0, 0, 0, 1, 1, 1, 1, 1, 0, 0, 0, 1, 1, 1, 0, 0, 0, 0, 0, 1, 1, 1, 1, 0, 1, 1, 1, 0, 1, 0, 0, 1, 1, 1, 0, 1, 0, 0, 0, 1, 0, 1, 0, 1, 1, 1, 1, 1, 1, 1, 1, 1, 0, 1, 0, 1, 1, 0, 1, 1, 0, 1, 1, 1, 0, 1, 1, 0, 0, 0, 1, 1, 1, 0, 1, 1, 1, 1, 1, 0, 0, 1, 1, 1, 0, 1, 1]","[1, 1, 1, 1, 1, 1, 1, 1, 1, 1, 1, 1, 0, 1, 1, 1, 0, 1, 1, 0, 1, 1, 1, 1, 1, 1, 1, 0, 1, 1, 1, 1, 1, 1, 1, 0, 1, 0, 0, 1, 1, 0, 0, 0, 1, 1, 1, 1, 1, 1, 1, 1, 1, 1, 1, 1, 0, 0, 0, 1, 1, 1, 0, 1, 1, 0, 0, 1, 1, 1, 0, 0, 0, 1, 0, 1, 1, 1, 1, 0, 1, 1, 1, 1, 1, 1, 0, 1, 0, 1, 0, 1, 1, 1, 0, 0, 0, 1, 0, 1, 1, 1, 1, 1, 1, 1, 1, 1, 0, 1, 0, 1, 1, 1, 1, 1, 1, 1, 1, 1, 1, 1, 1, 0, 0, 0, 1, 1, 1, 0, 1, 1, 1, 1, 1, 0, 0, 1, 1, 1, 0, 1, 1]","[0.8676280215056138, 0.653043599097343, 0.9657005344873975, 0.8741261125498984, 0.9845088411401484, 0.7250381869772484, 0.8134611162823081, 0.9526439539974147, 0.9884756722494438, 0.914997600280993, 0.9865005910592912, 0.9616943015400362, 0.016668665401416073, 0.798713311485008, 0.9319954661895944, 0.7249643007949205, 0.031725098358133676, 0.9597566909523434, 0.8390272098071152, 0.16413140451525826, 0.9850675780634561, 0.9757749178003938, 0.9564148174741834, 0.9501901129925344, 0.9708267041554464, 0.9875404017749194, 0.934348695793261, 0.016668665401416073, 0.6697133828563528, 0.8717897182205869, 0.9888374476700087, 0.8852245980229567, 0.9813794513299341, 0.9793808669886358, 0.8554295099670705, 0.024761474886515557, 0.5669445038909624, 0.345670664727127, 0.016668665401416073, 0.9759221872227136, 0.959660621977495, 0.01924471665969412, 0.016668665401416073, 0.02165089960246515, 0.979718532748241, 0.9016421621019182, 0.9413027914732557, 0.875857496787752, 0.9638276801099039, 0.9660341227916281, 0.9792266943262883, 0.9909803393011941, 0.7718554859835547, 0.9649031953385957, 0.5299962970159813, 0.8769202660934475, 0.016668665401416073, 0.034608425514708434, 0.02165089960246515, 0.8884640589052824, 0.8330395687200423, 0.9320810291734861, 0.47868816055707525, 0.9537848237733969, 0.9083572314173479, 0.22071150135708206, 0.016668665401416073, 0.9580668078998863, 0.9705873132436145, 0.9696695777524771, 0.022152677981457702, 0.13905172530168505, 0.027664044278117125, 0.5154105328765095, 0.019881287539998897, 0.9549658103989732, 0.9769460938238398, 0.8072821774080857, 0.9736670543331556, 0.21642224267768714, 0.9151458606354526, 0.9897876745442262, 0.9767055391707797, 0.9317471522910122, 0.839478478823559, 0.9873994122518289, 0.016668665401416073, 0.9748550305739927, 0.1792986654963075, 0.9471680713255263, 0.016668665401416073, 0.9829728704670455, 0.971445232743037, 0.8188030867395064, 0.49200959938904676, 0.07391117176969936, 0.016668665401416073, 0.9485522020013083, 0.016668665401416073, 0.9037200848786551, 0.9734194456886824, 0.6609610559360114, 0.9472721563908885, 0.9832408991025255, 0.9718321085047659, 0.5293826432957982, 0.9635694169026388, 0.5851635012295668, 0.022152677981457702, 0.8549191784105628, 0.3016175443064672, 0.8214346522064122, 0.9695541957964122, 0.9199992915913331, 0.9757749178003938, 0.982614893330295, 0.8663306643080133, 0.9883648705691631, 0.9156663658816888, 0.9853046247162027, 0.806377924085233, 0.9786065983536897, 0.9774875042073546, 0.29307390925425636, 0.030901373267561767, 0.053390437050229146, 0.958200403464981, 0.768154055834025, 0.9875001207662925, 0.016668665401416073, 0.9679089376229523, 0.9842048827127163, 0.9863144595701293, 0.9860273910847568, 0.8508112614816822, 0.028726188666631763, 0.08102690929506075, 0.8872956247294752, 0.9672062205076785, 0.8524687511706117, 0.016668665401416073, 0.9756768655496846, 0.9389960440973281]"
Gradient Boosting,10,2,"[0, 1, 1, 0, 1, 0, 0, 1, 1, 0, 1, 0, 1, 0, 0, 0, 1, 1, 0, 0, 1, 1, 0, 1, 1, 1, 0, 1, 1, 1, 0, 1, 0, 1, 1, 1, 0, 1, 1, 1, 0, 1, 1, 0, 0, 0, 0, 1, 0, 1, 0, 1, 1, 1, 1, 1, 0, 1, 1, 1, 1, 0, 0, 1, 1, 0, 1, 0, 1, 1, 1, 1, 1, 1, 1, 1, 1, 1, 1, 0, 0, 1, 1, 1, 1, 1, 0, 1, 1, 0, 1, 0, 0, 0, 1, 1, 0, 1, 1, 1, 1, 0, 1, 1, 0, 1, 0, 1, 0, 1, 1, 1, 1, 0, 1, 0, 1, 0, 1, 1, 1, 0, 1, 1, 0, 1, 1, 0, 0, 1, 0, 1, 1, 1, 1, 0, 1, 0, 1, 1, 0, 0, 1]","[1, 0, 1, 1, 1, 0, 0, 1, 1, 0, 1, 0, 1, 0, 0, 0, 1, 0, 0, 0, 1, 1, 0, 1, 1, 1, 0, 1, 1, 1, 1, 1, 1, 1, 1, 1, 0, 1, 1, 1, 1, 1, 1, 1, 1, 0, 0, 0, 0, 1, 0, 1, 1, 1, 1, 1, 0, 1, 1, 0, 1, 1, 0, 1, 1, 0, 0, 1, 1, 1, 0, 1, 1, 1, 1, 1, 1, 1, 1, 0, 0, 1, 1, 1, 1, 1, 0, 1, 1, 0, 0, 0, 0, 0, 1, 1, 0, 1, 1, 1, 1, 1, 1, 1, 1, 1, 0, 1, 1, 1, 0, 1, 1, 0, 1, 0, 1, 0, 1, 1, 1, 1, 1, 1, 0, 1, 1, 0, 0, 1, 0, 1, 1, 1, 1, 1, 1, 0, 1, 1, 1, 0, 1]","[0.8774424914638004, 0.07661829629967958, 0.9665739003876335, 0.9495073336443144, 0.9799372873206667, 0.03196301847442266, 0.05332844599339829, 0.9363719730981486, 0.985163053162021, 0.06412980949377717, 0.519856792576705, 0.015443231446511845, 0.9453700686340736, 0.040808407701273926, 0.4974782022645439, 0.13188466219213257, 0.5891106797090745, 0.35073295659958725, 0.4039834130030256, 0.01761892623852212, 0.934670731638157, 0.9826731329534326, 0.015443231446511845, 0.9766724021713199, 0.9702713877550732, 0.6613785453055773, 0.3332527746873357, 0.6090788388637657, 0.8969293280100795, 0.8131229363487261, 0.9265616027949188, 0.9781324681514639, 0.6243592389315551, 0.9798406912275625, 0.9493121398653437, 0.7211463153063494, 0.10086358865212455, 0.9617915034262003, 0.745491300884595, 0.9615725530018996, 0.9485964263061003, 0.8975660338308642, 0.9782336942158107, 0.7137749744665645, 0.9151130375180896, 0.015443231446511845, 0.11712771507855455, 0.24120084878882797, 0.07653184470030863, 0.7014787825034436, 0.14912024790035888, 0.9389411310241684, 0.9801066680833788, 0.6266618528945224, 0.9560600364795757, 0.8770924613815813, 0.015443231446511845, 0.9611042556295099, 0.9673512562840297, 0.07103622709761845, 0.9738594474534249, 0.7762343652665601, 0.015443231446511845, 0.9784213239390992, 0.9634148709549598, 0.046153354480592615, 0.2252183050915681, 0.7527305427374233, 0.9340175558378976, 0.9346571118321313, 0.07057160928474603, 0.9759602528427602, 0.8357080597733015, 0.9660482418816873, 0.9886659798316056, 0.5181383974336495, 0.9843731177228168, 0.9273895205284322, 0.9771835298950707, 0.015443231446511845, 0.035721122297031796, 0.9748825283818973, 0.9858824799727305, 0.9869247938872433, 0.9775580959024298, 0.74182471141992, 0.20900270034825777, 0.9783750888801385, 0.8535439038425774, 0.44637553184772183, 0.3977406701725761, 0.017290043511305152, 0.05998564288566126, 0.0493003546860775, 0.9820507584811479, 0.9802122525293553, 0.19282420457743552, 0.5915386398525415, 0.9627231253020637, 0.8816304814792012, 0.9357459053384439, 0.6949572748420255, 0.9777538062814424, 0.9734766910291132, 0.593442943785261, 0.9631063073566959, 0.022598233356995824, 0.9242232091651695, 0.9493451422561555, 0.9030674114098923, 0.45025805393155466, 0.8687371792612597, 0.9548512482256266, 0.10549849231089464, 0.9519217581292355, 0.015443231446511845, 0.9870341542411621, 0.41203656833967395, 0.9486582697095043, 0.8932301198978768, 0.9828295953378067, 0.8916041697615805, 0.5147833010205618, 0.989888121366772, 0.028029411588749095, 0.988656454834743, 0.9726920168631796, 0.37408756330335347, 0.07624071023044024, 0.9360920129916641, 0.017480245565979706, 0.9826324352295104, 0.9769881873538269, 0.9786783106872898, 0.9783865557926742, 0.8003598734349324, 0.982120976096755, 0.14171450018856602, 0.9186588899238735, 0.9335359533854425, 0.8641111878902725, 0.015443231446511845, 0.9498243239129288]"
Gradient Boosting,11,3,"[1, 0, 1, 1, 0, 0, 1, 1, 1, 1, 1, 0, 1, 1, 0, 1, 0, 0, 1, 1, 1, 1, 1, 1, 1, 0, 1, 0, 0, 1, 1, 0, 0, 1, 1, 1, 1, 1, 0, 0, 0, 1, 1, 1, 0, 1, 1, 1, 1, 1, 0, 1, 0, 1, 0, 0, 1, 0, 0, 1, 0, 1, 1, 1, 1, 0, 1, 1, 1, 1, 1, 1, 1, 1, 1, 1, 0, 1, 1, 0, 1, 0, 1, 0, 1, 1, 1, 0, 0, 0, 1, 0, 0, 0, 1, 0, 0, 1, 1, 0, 0, 1, 1, 1, 0, 1, 1, 1, 1, 0, 0, 0, 1, 1, 1, 0, 1, 0, 0, 0, 1, 0, 1, 0, 0, 0, 0, 0, 1, 0, 0, 0, 0, 0, 0, 1, 1, 1, 0, 1, 0, 0, 1, 1]","[1, 1, 1, 1, 0, 1, 1, 1, 1, 1, 1, 0, 1, 1, 0, 1, 0, 0, 1, 1, 0, 1, 1, 1, 1, 0, 0, 0, 0, 1, 0, 0, 0, 1, 1, 1, 0, 1, 1, 1, 0, 1, 1, 1, 1, 1, 1, 1, 1, 1, 0, 1, 0, 1, 1, 0, 1, 0, 0, 1, 0, 1, 1, 1, 1, 0, 1, 1, 1, 1, 1, 0, 1, 1, 1, 1, 0, 1, 1, 0, 1, 0, 1, 1, 1, 1, 1, 0, 0, 0, 1, 0, 0, 1, 1, 0, 1, 1, 1, 1, 1, 1, 1, 1, 1, 1, 1, 1, 1, 0, 0, 0, 1, 1, 1, 0, 1, 1, 0, 0, 1, 1, 1, 1, 1, 1, 0, 0, 1, 0, 1, 0, 0, 0, 1, 1, 1, 1, 0, 1, 0, 0, 0, 1]","[0.9793773210706872, 0.9122461824964058, 0.9832119523645311, 0.9860265763160059, 0.0680500008824386, 0.9837407079099229, 0.9596422967840688, 0.9837231004902484, 0.9855204285884334, 0.9814914897458203, 0.9885756267258927, 0.12274859107535559, 0.9754250483811853, 0.9698009428613334, 0.02143652079154063, 0.5673833130826816, 0.031214160230925343, 0.18834667048521922, 0.984616568252343, 0.9313465936443465, 0.2018038453589847, 0.9457114968232648, 0.940131029598572, 0.9825435025256993, 0.8245103608789985, 0.327253731724598, 0.4280553912788112, 0.015408956321022894, 0.032546804544512656, 0.9870952376611111, 0.2267215002375462, 0.015408956321022894, 0.030073307851721014, 0.8150131059480952, 0.9634532876002089, 0.9704963948048313, 0.49693279526274947, 0.9888642922445989, 0.9649065261113858, 0.8997672837488334, 0.016023246803386237, 0.728642390826054, 0.9581960808846086, 0.6905978073185087, 0.9498914202711598, 0.9758087104767289, 0.9448954591267396, 0.962952979358534, 0.9889224059214338, 0.8463515207352363, 0.015408956321022894, 0.8998538736633113, 0.016023246803386237, 0.9298674109999199, 0.9387054023308005, 0.23263324306106029, 0.9657288619828298, 0.015408956321022894, 0.016023246803386237, 0.9816099286087792, 0.016023246803386237, 0.9836030838394263, 0.8798451118262122, 0.7030277411688935, 0.9818231174553362, 0.01404566869291466, 0.9923315511412806, 0.92219628249264, 0.9812723732222322, 0.97698251360621, 0.9828159200423413, 0.23452747756530248, 0.9921049853015836, 0.9839560937219693, 0.968055666544165, 0.9828669099153448, 0.05002897199939919, 0.9800353222665481, 0.9720816013054331, 0.016023246803386237, 0.9281276511320816, 0.027413964111095496, 0.9853309286507121, 0.6893482031104824, 0.966623645399769, 0.9769650409797643, 0.9841773078835513, 0.10694828925645322, 0.035202402371570636, 0.01600040882485039, 0.8047277571244746, 0.02744878019793878, 0.015408956321022894, 0.9757520697448485, 0.9667798293022227, 0.01689916351810966, 0.57615973474192, 0.8944533569834447, 0.6974302238489439, 0.8403591103952286, 0.9614088987552626, 0.9883279454844768, 0.9839959796732944, 0.9415074633428567, 0.9579056695727131, 0.9839844886689213, 0.9767632330365883, 0.9916042525953312, 0.8146226942815294, 0.02652390910343173, 0.4015016711840495, 0.015408956321022894, 0.8378633088659432, 0.9345521894762853, 0.9607715518715254, 0.01689916351810966, 0.9603987758171981, 0.8812657370134224, 0.03933726980730754, 0.06318083094695989, 0.9840463143904062, 0.8531768914035305, 0.8760062265498434, 0.5929666914725145, 0.9559099736244557, 0.5910382808210219, 0.030073307851721014, 0.17694467514392245, 0.8504276476402289, 0.20578797684269334, 0.7861935001068548, 0.01404566869291466, 0.2512548832799756, 0.1880920742811079, 0.6589959214570248, 0.5430685794172281, 0.9848351020405091, 0.989819767562186, 0.020729506929656267, 0.6434852265240896, 0.06487203770096044, 0.016023246803386237, 0.07108570655880779, 0.9771921127707723]"
Gradient Boosting,12,3,"[1, 0, 0, 1, 1, 1, 0, 0, 1, 0, 1, 0, 1, 1, 1, 1, 1, 1, 1, 1, 1, 1, 1, 1, 0, 1, 1, 1, 0, 1, 1, 1, 1, 1, 0, 0, 1, 1, 0, 0, 0, 1, 0, 1, 1, 0, 1, 1, 1, 1, 1, 0, 1, 0, 1, 0, 0, 1, 0, 1, 0, 0, 0, 0, 0, 1, 1, 1, 1, 1, 1, 1, 1, 1, 1, 1, 1, 1, 1, 1, 1, 1, 0, 1, 0, 1, 1, 1, 1, 1, 0, 1, 1, 1, 1, 0, 1, 1, 0, 1, 1, 0, 0, 0, 0, 1, 1, 0, 1, 1, 1, 1, 1, 1, 1, 1, 1, 1, 1, 0, 0, 0, 0, 1, 0, 0, 1, 1, 1, 1, 0, 1, 0, 0, 0, 0, 1, 1, 0, 0, 1, 1, 1, 1]","[1, 1, 0, 1, 1, 1, 1, 1, 1, 0, 1, 0, 1, 1, 0, 1, 1, 1, 1, 1, 1, 1, 1, 1, 0, 1, 1, 1, 0, 1, 1, 1, 1, 1, 1, 1, 1, 1, 1, 1, 1, 1, 1, 1, 1, 1, 1, 1, 1, 0, 1, 0, 1, 0, 1, 0, 0, 1, 0, 1, 1, 0, 0, 0, 0, 1, 1, 1, 0, 1, 1, 1, 1, 1, 1, 1, 1, 0, 1, 1, 1, 1, 0, 1, 0, 1, 1, 1, 1, 1, 0, 1, 1, 1, 1, 1, 1, 1, 0, 1, 1, 0, 0, 1, 0, 0, 1, 1, 1, 1, 1, 1, 1, 1, 1, 1, 1, 1, 1, 1, 1, 1, 0, 1, 0, 0, 1, 1, 1, 1, 0, 1, 0, 0, 1, 0, 1, 0, 0, 0, 1, 1, 1, 1]","[0.9849614937888334, 0.6636957019462598, 0.055869359883471775, 0.9806970670205023, 0.9470714312261844, 0.930169931873212, 0.974763183454505, 0.9839619811971616, 0.9318858970978822, 0.26162087358883135, 0.9595062418307513, 0.40408232854687925, 0.9878339738108491, 0.8841569867445657, 0.03632838252079032, 0.7111651341754832, 0.9030296991601052, 0.9199795948813901, 0.569365412827281, 0.9811176831872532, 0.9760033224593186, 0.8743722558908252, 0.7632309481177243, 0.5828089731437809, 0.21081310640098497, 0.9812287542661805, 0.8757898653914693, 0.9841297290062909, 0.015466301670308881, 0.9105790171214715, 0.9813362258750945, 0.8920035281064668, 0.9876750811203311, 0.9621815798516581, 0.650168249427631, 0.7009506286311797, 0.8272747480044349, 0.9901675461466928, 0.9109038261330477, 0.9582565367773992, 0.8349839154019061, 0.6517361058682202, 0.5591978602748383, 0.9383750649619413, 0.9617399643816238, 0.9583505389598245, 0.6421020569987198, 0.9755103952892318, 0.9790938336612424, 0.16940679031974085, 0.7294962253872862, 0.04255934970738555, 0.6294033840472579, 0.018702901213703684, 0.8065205619255792, 0.05295174626321265, 0.034958291249039736, 0.9877136347804457, 0.015466301670308881, 0.9528097784918679, 0.6644654169281462, 0.027541830437467774, 0.08664157231843896, 0.041993891473490544, 0.15864767821205375, 0.9836649092278061, 0.9916726603731117, 0.6744373924355166, 0.34212177436105784, 0.9846909416295209, 0.9793603033408866, 0.9888119665142674, 0.986616101806389, 0.8576460119802495, 0.9534935116651488, 0.9768738893400204, 0.980194954931174, 0.3794224217341748, 0.9905101192073446, 0.9430049981437286, 0.873111142466369, 0.9804200541858297, 0.02737309545019221, 0.9907172086124898, 0.035526516456672444, 0.9094804293595352, 0.9733620588283741, 0.951513385860616, 0.9775084591375144, 0.9911799741735013, 0.2230217565700618, 0.9857756512014475, 0.9893378355850031, 0.7160458064761734, 0.969360417658626, 0.7069354935045696, 0.9280860826975919, 0.9534935116651488, 0.06369605062048561, 0.9912890099971333, 0.9461219854891955, 0.023416786593987056, 0.059745950766176226, 0.8472389630253401, 0.4460096790923559, 0.20546732502361859, 0.9902062395018214, 0.9580274540742226, 0.960757376591231, 0.9699228823931638, 0.9849455206225243, 0.7984278752911534, 0.702532594118806, 0.990633233456295, 0.8877134047034768, 0.9896694469993484, 0.8921864824405445, 0.9874822685697093, 0.9441395764190784, 0.9789765499494864, 0.9534491124288019, 0.9655180070289748, 0.3650116280447258, 0.9783758645942205, 0.015466301670308881, 0.17441668017166487, 0.9618444588692383, 0.9844046298464294, 0.9870533861871583, 0.9707579868069861, 0.3961265465327076, 0.8613349236624225, 0.3985707904631712, 0.022093776462121552, 0.8522703167488312, 0.04971193329522163, 0.9905851037117397, 0.029554531527896985, 0.029554531527896985, 0.16311983949040854, 0.9793840696468533, 0.9684977798440193, 0.9025446273220548, 0.9831388397092625]"
Gradient Boosting,13,3,"[0, 1, 1, 1, 1, 1, 1, 0, 0, 1, 0, 0, 1, 1, 0, 1, 0, 0, 1, 0, 1, 1, 1, 1, 1, 0, 1, 1, 0, 1, 0, 1, 1, 1, 0, 0, 0, 0, 1, 1, 1, 1, 1, 0, 0, 1, 1, 1, 1, 0, 0, 1, 1, 1, 0, 0, 0, 1, 0, 1, 1, 1, 1, 1, 1, 1, 1, 1, 1, 0, 0, 1, 1, 0, 1, 1, 0, 1, 1, 0, 1, 0, 1, 0, 1, 1, 1, 0, 0, 0, 1, 0, 0, 1, 1, 1, 0, 1, 1, 1, 0, 1, 1, 1, 1, 1, 1, 1, 1, 1, 1, 0, 1, 1, 0, 1, 1, 0, 1, 1, 1, 1, 1, 0, 0, 0, 1, 0, 0, 0, 1, 1, 1, 1, 1, 1, 1, 1, 1, 1, 1, 0, 0]","[0, 1, 1, 1, 1, 1, 1, 0, 0, 1, 1, 0, 1, 1, 0, 1, 0, 0, 1, 0, 1, 1, 1, 1, 1, 0, 1, 1, 0, 1, 0, 1, 0, 1, 1, 1, 1, 0, 1, 1, 1, 1, 0, 0, 0, 1, 1, 1, 0, 1, 1, 1, 1, 1, 0, 0, 0, 1, 1, 1, 1, 1, 1, 1, 1, 1, 1, 1, 1, 0, 0, 1, 1, 0, 1, 1, 0, 1, 1, 1, 1, 0, 1, 0, 1, 1, 1, 1, 0, 1, 0, 0, 0, 1, 1, 1, 1, 1, 1, 0, 0, 1, 1, 1, 1, 1, 1, 1, 1, 1, 1, 1, 1, 1, 1, 1, 1, 1, 1, 1, 1, 0, 1, 0, 1, 1, 1, 0, 0, 0, 1, 1, 1, 1, 1, 1, 1, 0, 1, 1, 1, 1, 1]","[0.01789924877442652, 0.9826684597604222, 0.9595201970691252, 0.9893237714334331, 0.9849812823413218, 0.9116707980055603, 0.9707540486952709, 0.019904024216211316, 0.05740932308873204, 0.8587792526899425, 0.8359766260707986, 0.047251114253693646, 0.8605319215299202, 0.5378969546041517, 0.014517061105179698, 0.9785101302518987, 0.057716513510581, 0.018547247349553597, 0.7841444702675541, 0.03230579739731397, 0.941242169527825, 0.8275010821298429, 0.9281110592962886, 0.9887515487681539, 0.9462018049659067, 0.17218229117926448, 0.7706582318532594, 0.9799265328013318, 0.018394755816548657, 0.9060987399385343, 0.022698562958883783, 0.9877089855201172, 0.38490148253739576, 0.6456515277752666, 0.9834515119723075, 0.7880691357113773, 0.7669945565091206, 0.018394755816548657, 0.9729307841651599, 0.9496805199678241, 0.9600201854670003, 0.9913715062076666, 0.4074404859732719, 0.19883480249939375, 0.014517061105179698, 0.9720607134828385, 0.9736354784212485, 0.9553122225471915, 0.03681863746979132, 0.8814638602326783, 0.9318034769011061, 0.8083256545116514, 0.9942469928886187, 0.9868327238564326, 0.043776588663451375, 0.014517061105179698, 0.03230525272822518, 0.9817657438459128, 0.5615848650259143, 0.9454267388657994, 0.9586402499177379, 0.9504605310929142, 0.7332956991871807, 0.6225392624111181, 0.864384195892754, 0.6735422108481425, 0.9614980414469372, 0.8815082222043317, 0.9257917562645709, 0.4382753963158282, 0.13787228112030228, 0.9667074185297506, 0.9847618106541548, 0.014517061105179698, 0.77170579914855, 0.9933510156534782, 0.017878305280063313, 0.9425768954001814, 0.9562476997640847, 0.627595476560928, 0.8620664949737206, 0.03681863746979132, 0.9130743073141807, 0.023053991685779762, 0.9868327238564326, 0.9923026097708583, 0.9634007704297002, 0.9480728618971019, 0.20428713835906712, 0.5248781009743898, 0.08397934287383978, 0.014500016601415724, 0.014517061105179698, 0.9821553128260286, 0.6144153034422469, 0.9931330346823781, 0.5704406079665818, 0.8136616704326864, 0.7613150800758449, 0.018394755816548657, 0.09046278972172425, 0.9734259071702605, 0.8937596781248901, 0.8902461754918698, 0.9347704330492749, 0.9433612321363686, 0.9235790634308774, 0.990519050916993, 0.7463485976934761, 0.7992125963329805, 0.9508047896645819, 0.8377429435825812, 0.9832557253813955, 0.9593820422928808, 0.9121206280284192, 0.752029741330912, 0.978393573205221, 0.7218292418341513, 0.9102613644410543, 0.9672794554107929, 0.98020633980424, 0.4998410070918755, 0.9745702096863672, 0.014517061105179698, 0.7203029186417579, 0.5748413663523726, 0.9647881667705582, 0.014517061105179698, 0.09719348792299246, 0.08411679659997004, 0.7374099541758777, 0.9868722420444739, 0.9696087865425224, 0.8477171456072119, 0.8531056708856882, 0.9664311750584239, 0.987922443110682, 0.494955753092282, 0.6681422350268238, 0.9817890597922732, 0.9914325913270551, 0.9334566105764883, 0.8757364702637941]"
Gradient Boosting,14,3,"[0, 1, 1, 0, 1, 0, 1, 1, 1, 0, 1, 1, 1, 0, 1, 1, 0, 0, 1, 1, 1, 0, 1, 0, 1, 0, 0, 0, 1, 1, 1, 1, 0, 0, 0, 0, 1, 0, 1, 1, 0, 1, 1, 1, 1, 1, 1, 1, 0, 1, 1, 0, 0, 0, 1, 1, 0, 1, 0, 1, 0, 1, 1, 0, 1, 1, 0, 1, 1, 1, 1, 1, 1, 1, 0, 0, 1, 1, 1, 1, 1, 1, 1, 1, 1, 0, 1, 1, 0, 1, 1, 1, 1, 0, 1, 0, 1, 1, 1, 1, 0, 1, 1, 1, 1, 0, 0, 1, 0, 1, 0, 1, 0, 1, 1, 0, 1, 1, 1, 1, 0, 1, 0, 1, 0, 1, 0, 0, 1, 1, 0, 0, 1, 1, 1, 1, 0, 1, 1, 1, 0, 1, 0]","[1, 1, 1, 0, 1, 1, 0, 1, 1, 0, 1, 0, 1, 0, 1, 0, 1, 0, 1, 1, 1, 0, 1, 0, 1, 0, 0, 0, 1, 1, 1, 1, 1, 1, 0, 0, 1, 0, 1, 0, 0, 1, 1, 1, 1, 1, 1, 1, 0, 1, 0, 0, 0, 0, 1, 0, 0, 1, 0, 1, 1, 1, 0, 0, 1, 1, 0, 1, 1, 1, 1, 1, 0, 1, 0, 1, 1, 1, 1, 1, 1, 1, 1, 1, 1, 0, 1, 1, 1, 0, 1, 1, 1, 0, 0, 0, 1, 1, 1, 0, 1, 1, 1, 1, 0, 0, 1, 1, 1, 1, 0, 1, 0, 1, 1, 0, 1, 1, 1, 1, 1, 1, 0, 1, 0, 1, 0, 0, 1, 0, 0, 0, 1, 1, 1, 1, 0, 1, 1, 1, 1, 1, 0]","[0.760428466957744, 0.968265500427069, 0.9903666199848863, 0.021117625489993474, 0.823919397795948, 0.9633161204188573, 0.08539469990269662, 0.896382350667528, 0.60224245479083, 0.030217114768461638, 0.892735752093014, 0.41480644597520394, 0.8674430376039028, 0.06971698345434295, 0.9683536536789387, 0.14379087951511793, 0.510985714550145, 0.021183461406602815, 0.9436311304729883, 0.9463535196756075, 0.5295854819580378, 0.25271003162202943, 0.846302731267996, 0.02909160041459603, 0.9380782148271317, 0.017518789220207748, 0.03281411170052383, 0.01611281902003175, 0.9585468762002496, 0.9556656567133678, 0.9805485081649211, 0.9312728061024058, 0.7229620781756123, 0.5613048369345289, 0.02866475964332518, 0.25485336428081057, 0.9714063135363139, 0.11052252672076629, 0.9749907333455353, 0.02986342517280101, 0.1603573238514044, 0.9733742280844507, 0.9858758497606989, 0.9845007947855259, 0.9872112234362456, 0.8616242629081128, 0.9823579835202852, 0.9824911387929045, 0.017518789220207748, 0.9824278227667105, 0.35406030633955665, 0.06958374290049547, 0.021117625489993474, 0.019839827907799652, 0.9733242215992275, 0.4831802416342543, 0.017518789220207748, 0.8498015748905815, 0.019839827907799652, 0.8928691592836824, 0.838943277713783, 0.9878208133573525, 0.29724033966983837, 0.0387615628204618, 0.9138896425939045, 0.8801547523266667, 0.017518789220207748, 0.9719045582238058, 0.9174781304005726, 0.9418215524688066, 0.7143304414963025, 0.834011484091418, 0.39332166603220026, 0.987050976382335, 0.23834528642397018, 0.6297442771739111, 0.8975608056564535, 0.9334387154335014, 0.9832491218897722, 0.6279373268128428, 0.9759071250364946, 0.9541691581007561, 0.974639289581393, 0.9872804334722742, 0.9545808779017474, 0.016691957731789036, 0.8057951673223249, 0.9694355168993414, 0.9854745526882531, 0.29711688280001713, 0.9677132812241492, 0.9273204707444965, 0.9793511850993797, 0.017518789220207748, 0.23133985147734937, 0.017518789220207748, 0.8678845919592529, 0.9431517295644471, 0.9503606357773167, 0.48280678004051486, 0.6587715548920996, 0.9792609891794557, 0.8829675825215973, 0.8962005265477898, 0.25548921516348144, 0.018764111757445065, 0.8176065450821406, 0.904166285630053, 0.9632450425471354, 0.6179668935424089, 0.30645339514812797, 0.8638955052800168, 0.2102260402953563, 0.8016225279787043, 0.9714898741322683, 0.053775694046925594, 0.9863496248018068, 0.9877181898635076, 0.987272743126235, 0.5215234623952961, 0.8236166020202116, 0.9773371594866178, 0.3014756098658998, 0.9894873948358167, 0.30426992792174445, 0.9800228623345637, 0.23687323652121264, 0.024832883376720082, 0.8555625964566378, 0.39011075051261174, 0.08535924577292245, 0.062442304620355285, 0.9809819091075636, 0.5842391898523671, 0.8289633113588525, 0.6615427226827676, 0.020493329244348848, 0.987137845386554, 0.9605153472607921, 0.9812767425864588, 0.8062150599118433, 0.5751660506990824, 0.03253005859031494]"
Gradient Boosting,15,3,"[0, 0, 1, 1, 1, 0, 0, 1, 1, 1, 1, 1, 1, 1, 1, 1, 0, 1, 1, 1, 1, 1, 1, 1, 1, 0, 1, 0, 1, 1, 1, 1, 1, 1, 1, 0, 1, 1, 1, 1, 0, 1, 0, 0, 1, 1, 0, 0, 1, 0, 1, 0, 1, 0, 1, 1, 1, 1, 0, 1, 1, 1, 1, 0, 0, 0, 0, 1, 0, 0, 1, 0, 1, 1, 0, 1, 1, 1, 1, 1, 0, 0, 1, 0, 0, 1, 1, 1, 1, 1, 1, 1, 1, 1, 1, 1, 0, 0, 1, 0, 1, 1, 1, 0, 1, 0, 1, 1, 0, 1, 1, 1, 0, 1, 1, 1, 0, 0, 0, 1, 1, 0, 1, 1, 1, 0, 1, 0, 1, 1, 1, 0, 0, 1, 1, 0, 1, 0, 1, 0, 1, 1, 1]","[1, 1, 1, 1, 1, 0, 0, 1, 1, 1, 1, 1, 1, 1, 1, 1, 0, 1, 0, 1, 1, 1, 1, 1, 1, 0, 1, 1, 1, 1, 1, 1, 1, 1, 1, 0, 1, 1, 1, 1, 1, 1, 0, 1, 1, 1, 0, 0, 0, 0, 1, 0, 1, 0, 1, 1, 1, 1, 0, 1, 1, 1, 0, 1, 0, 1, 1, 1, 0, 0, 0, 0, 1, 1, 0, 0, 1, 1, 0, 1, 1, 0, 1, 0, 0, 1, 1, 1, 1, 1, 1, 1, 1, 0, 0, 1, 0, 0, 0, 0, 1, 1, 1, 0, 1, 0, 0, 1, 0, 1, 1, 0, 0, 0, 1, 1, 0, 0, 1, 1, 1, 0, 1, 1, 1, 1, 1, 0, 1, 1, 1, 1, 0, 1, 1, 0, 1, 0, 1, 0, 1, 1, 1]","[0.7446168241507896, 0.6580510848377324, 0.5792191397399228, 0.9804390700931084, 0.9557901651016698, 0.016848468043914107, 0.36257304606537405, 0.952700089101574, 0.9538873955940345, 0.9836433338050048, 0.9727084034480874, 0.9713249683660419, 0.9553030038675976, 0.9839205177299581, 0.9496696887858377, 0.9597745837995149, 0.04207972524460997, 0.9194386855826513, 0.4359479441784515, 0.9842055295379161, 0.9649634515732272, 0.9862101818417569, 0.9787916406919102, 0.5832871258070611, 0.9857475393008894, 0.09226355293544179, 0.83772508676794, 0.9606110775347684, 0.8031975537707347, 0.8661875393792721, 0.9289168775052952, 0.9859726039163377, 0.979408558821324, 0.5912559070798042, 0.91356070408726, 0.01948880065342322, 0.9232851833235687, 0.9472051722477546, 0.8803562895333459, 0.7076103203225036, 0.7168373029707747, 0.9790950344565034, 0.44340577089714206, 0.9714591162329744, 0.5717601853189466, 0.9401973663866177, 0.016848468043914107, 0.12512726069180033, 0.18871593836900175, 0.01623713673182999, 0.769710727283473, 0.22284283057940005, 0.8741759394659974, 0.11344660400426015, 0.9587518025950527, 0.8538436458114239, 0.7632314592427257, 0.6764370033704408, 0.08870828112523649, 0.8554826650272247, 0.969604610735032, 0.7185557374958742, 0.07140364947515061, 0.7727195994649069, 0.04662855809044696, 0.7514778515692137, 0.5873801642417085, 0.6101860193243048, 0.020775855914537587, 0.04662855809044696, 0.24524401156806241, 0.0778754596036645, 0.9755332668231498, 0.9336659484006641, 0.20132226913789017, 0.13738985422111644, 0.9531350722361741, 0.9677158053443758, 0.24059892136714459, 0.986754084592535, 0.9803288570582224, 0.048165883332031714, 0.9440901690701307, 0.016848468043914107, 0.03632084023638512, 0.9873471899229088, 0.7873827994618722, 0.8254794489519302, 0.7752572300999184, 0.9771857643112243, 0.8749070524990195, 0.6263839823439916, 0.9757566565377805, 0.29055128712699957, 0.24599792495938824, 0.7084766995400744, 0.058982843455721384, 0.03907410314504721, 0.3198398992817685, 0.13478340124883262, 0.946273651073802, 0.66848488327771, 0.8517603333102827, 0.016848468043914107, 0.9589867577954343, 0.3486353079525463, 0.47618337143781986, 0.9785200513927038, 0.016848468043914107, 0.9716887669988359, 0.8908162288956969, 0.17252792441255393, 0.060807407945808994, 0.250148056574871, 0.9664131353793142, 0.720181893270433, 0.07109897033335193, 0.022177113854822565, 0.7092184893517186, 0.9488828940741337, 0.9036739315982005, 0.03907410314504721, 0.9859628070211492, 0.9812087660925549, 0.9716195504252993, 0.6317961716365605, 0.9724546796278967, 0.024977530877919908, 0.7983153748865033, 0.9781268651540739, 0.982392334857222, 0.8070294449924729, 0.0721280979470875, 0.9808927206925571, 0.9131008344411041, 0.09515068747530926, 0.9830395666796509, 0.016848468043914107, 0.9176739564063889, 0.016848468043914107, 0.9536713206328856, 0.6820990291475993, 0.9736035423882164]"
Gradient Boosting,16,4,"[0, 0, 1, 1, 1, 1, 1, 0, 1, 0, 0, 1, 0, 1, 1, 1, 1, 1, 1, 1, 0, 1, 1, 1, 1, 0, 1, 1, 0, 0, 0, 1, 1, 1, 1, 0, 0, 1, 0, 1, 1, 1, 1, 0, 1, 1, 0, 0, 1, 1, 1, 0, 1, 1, 0, 0, 0, 0, 1, 0, 0, 1, 1, 0, 0, 1, 1, 0, 0, 1, 1, 0, 1, 1, 1, 1, 1, 1, 1, 1, 1, 1, 0, 0, 0, 1, 1, 0, 1, 1, 1, 0, 1, 1, 0, 1, 0, 1, 0, 1, 1, 1, 1, 0, 1, 1, 1, 1, 0, 1, 1, 1, 0, 1, 1, 0, 1, 1, 1, 0, 1, 0, 0, 0, 0, 1, 0, 0, 0, 1, 1, 0, 0, 0, 0, 0, 1, 1, 1, 1, 0, 0, 1, 1]","[0, 0, 1, 0, 1, 1, 1, 0, 1, 1, 0, 1, 0, 1, 1, 0, 1, 0, 1, 0, 0, 1, 0, 0, 0, 0, 1, 1, 0, 0, 0, 1, 1, 0, 1, 1, 0, 1, 0, 1, 1, 1, 1, 1, 0, 1, 1, 0, 1, 1, 1, 1, 1, 1, 0, 0, 0, 0, 1, 1, 0, 1, 1, 0, 0, 1, 1, 1, 0, 1, 0, 0, 1, 0, 1, 1, 1, 0, 1, 1, 1, 1, 0, 0, 0, 1, 1, 0, 1, 1, 1, 0, 1, 1, 0, 1, 0, 1, 0, 1, 1, 0, 1, 1, 1, 1, 1, 1, 1, 1, 1, 1, 1, 1, 1, 0, 1, 1, 1, 0, 1, 1, 0, 0, 1, 1, 0, 0, 0, 1, 1, 0, 0, 1, 0, 0, 1, 0, 1, 1, 0, 0, 0, 1]","[0.2893830875146377, 0.09181980381442834, 0.9616749871238949, 0.31830264286615695, 0.956000156425746, 0.8980056747176023, 0.9692718315765968, 0.015397402432044509, 0.9125883572570197, 0.8807107919635826, 0.4437092533791609, 0.9633411101488192, 0.05384570537774478, 0.9671037189357915, 0.9920173454773181, 0.29364993309716614, 0.8354289960603417, 0.05027243230856904, 0.9193373455011292, 0.2976477919643066, 0.027383303281625148, 0.9169857240486843, 0.38560413811214017, 0.4542361293297929, 0.2504089435379445, 0.20480133670444242, 0.8864922820758051, 0.6664331596490592, 0.01541000194705179, 0.032035316304501155, 0.01541000194705179, 0.9886126576641289, 0.9781271605944881, 0.2707718737192218, 0.8514215837810167, 0.9688187212448326, 0.4206022423520434, 0.9389583644029597, 0.30950017555959564, 0.9736725903401741, 0.9666830567543926, 0.9035732865181838, 0.9520637518568024, 0.8517656329814044, 0.47431280617846905, 0.9860634453452485, 0.7875314309168121, 0.01541000194705179, 0.9426653261516028, 0.9482528426460425, 0.9779293183140916, 0.5649043129940666, 0.7802639175125713, 0.8480524160554752, 0.01541000194705179, 0.01541000194705179, 0.027383303281625148, 0.01541000194705179, 0.9759121378540898, 0.9414512177905273, 0.32084464299409726, 0.8522988110959949, 0.9741867164654402, 0.015397402432044509, 0.4446603121462991, 0.9641163097294244, 0.6189319550229244, 0.7904212426286545, 0.04036035199098493, 0.8373037981231214, 0.2587110529510255, 0.01541000194705179, 0.9931448524929479, 0.30425637566282493, 0.9654126791017044, 0.7163368417721783, 0.9512071278139356, 0.33296726205944616, 0.5775892803210398, 0.7566694987441751, 0.9937193922814928, 0.9774795592805028, 0.020894313715628842, 0.030681727323391295, 0.017426129928763565, 0.8448774906882515, 0.9788928180918353, 0.027383303281625148, 0.9299571540138329, 0.985270952020196, 0.9696762557290651, 0.034272178947160586, 0.9786955660529966, 0.961456805831364, 0.2751186229174353, 0.8170639849305311, 0.012890859233057177, 0.9534024709506274, 0.01823742834975903, 0.9753919300282683, 0.9192037695735678, 0.23515068999422198, 0.855064479192944, 0.9440988980182072, 0.959328569125034, 0.9086757112675914, 0.7719112894964009, 0.972019302676641, 0.9799152957203676, 0.8256465309063338, 0.9643613441262014, 0.9920765323945856, 0.9614426278542589, 0.9916420145235225, 0.8169117374302248, 0.03691749998830957, 0.6851006027655505, 0.9261018549894232, 0.9443707852954012, 0.034272178947160586, 0.9877618064918302, 0.8585418248684326, 0.029418951241527713, 0.4528231337075414, 0.9246004475711063, 0.8367439475493875, 0.2523056228594541, 0.01541000194705179, 0.019346644470352736, 0.8606376702850818, 0.9913979379629253, 0.14453041187587956, 0.20803549593045453, 0.5343448868011244, 0.013926457870479383, 0.01541000194705179, 0.8939162018343044, 0.47896501314718126, 0.9836990561293589, 0.8905757620308847, 0.04216279930649929, 0.01541000194705179, 0.12030355460266796, 0.9191952687507631]"
Gradient Boosting,17,4,"[0, 0, 1, 0, 0, 1, 1, 0, 0, 1, 1, 1, 1, 1, 0, 1, 0, 1, 1, 1, 1, 0, 0, 1, 0, 1, 1, 0, 1, 1, 0, 1, 0, 0, 1, 1, 0, 1, 1, 1, 1, 1, 0, 1, 1, 1, 1, 1, 0, 1, 0, 0, 0, 0, 1, 0, 1, 0, 1, 1, 1, 1, 1, 1, 1, 1, 1, 0, 1, 1, 1, 1, 1, 1, 1, 1, 1, 1, 1, 0, 1, 0, 1, 0, 1, 1, 0, 1, 0, 0, 0, 1, 0, 0, 1, 1, 1, 1, 1, 1, 0, 1, 1, 1, 1, 1, 0, 1, 0, 0, 1, 1, 1, 0, 0, 1, 1, 1, 1, 0, 1, 1, 1, 1, 0, 0, 1, 0, 1, 1, 1, 1, 0, 1, 1, 0, 1, 0, 0, 0, 1, 1, 1, 1]","[1, 0, 1, 1, 1, 1, 1, 0, 0, 1, 1, 1, 1, 1, 0, 1, 0, 1, 1, 1, 1, 0, 0, 1, 0, 1, 1, 0, 0, 1, 0, 1, 0, 1, 1, 1, 0, 1, 1, 1, 1, 1, 0, 1, 1, 1, 1, 1, 0, 1, 0, 0, 0, 0, 0, 0, 1, 0, 1, 1, 1, 1, 1, 1, 1, 1, 1, 0, 1, 1, 1, 0, 1, 1, 1, 1, 1, 1, 1, 0, 1, 0, 1, 0, 1, 1, 0, 1, 0, 1, 0, 1, 1, 0, 1, 1, 1, 1, 1, 1, 1, 1, 1, 1, 1, 1, 1, 1, 0, 0, 1, 1, 1, 1, 0, 1, 1, 1, 1, 0, 1, 1, 1, 1, 0, 0, 1, 0, 1, 1, 1, 1, 0, 1, 0, 0, 1, 0, 0, 1, 1, 1, 1, 1]","[0.5988655094830494, 0.017075250420238938, 0.9902902193189637, 0.9388236357514933, 0.9843783716434789, 0.9812539961542551, 0.9673699243464382, 0.017075250420238938, 0.03240711860027718, 0.940422683478726, 0.9414975491920848, 0.5901190452146514, 0.9878805140172042, 0.8910530805435117, 0.22139632190234623, 0.9640822272842223, 0.03689350666868271, 0.9092531802787215, 0.9212038916728187, 0.9736458684783782, 0.7743387406367106, 0.39371544256601904, 0.05189669147875498, 0.6071010922073754, 0.017075250420238938, 0.8213533324751626, 0.9861079999284764, 0.030756396190844658, 0.3393755385650022, 0.9880970821720139, 0.017075250420238938, 0.9767212955839748, 0.017075250420238938, 0.6032805113838171, 0.7552086779278032, 0.8985125291128782, 0.34425611832293795, 0.8622141484811142, 0.7762409472281273, 0.5903217772880387, 0.9926890883203896, 0.9790965648349521, 0.04883491007018083, 0.9923840770449245, 0.9777481792868945, 0.9762833502369547, 0.7119995083813271, 0.9819978344194437, 0.01215179678026623, 0.8732426463832299, 0.10748344317449857, 0.019755835292501186, 0.017075250420238938, 0.1194457676995831, 0.3225337994300601, 0.017075250420238938, 0.6521666312448897, 0.017075250420238938, 0.9772369750925614, 0.8547024109541661, 0.9853967993759247, 0.9616236961743508, 0.9870662045121144, 0.9584520714703683, 0.8750880558315777, 0.7790858627780446, 0.9905693666334667, 0.017075250420238938, 0.9596207342509441, 0.9853136643246786, 0.9772567381283047, 0.31443657210815706, 0.9830059270905336, 0.8443259181187026, 0.9482157288732016, 0.9449768817495833, 0.9866958352183766, 0.9336714796048721, 0.7634986003275677, 0.030756396190844658, 0.985831416536595, 0.017075250420238938, 0.9852029498757329, 0.4792254780680487, 0.9797956908591505, 0.9595966645843662, 0.12121716255496777, 0.9651670042971991, 0.217263063264229, 0.9780771046694288, 0.01703993806089248, 0.9882144892429062, 0.8243125893475443, 0.017075250420238938, 0.9711079627096543, 0.951823249186708, 0.8067004116803426, 0.9523219688111118, 0.7939324632353859, 0.9892921785721965, 0.9177888906159446, 0.9717742960996038, 0.870928766406924, 0.9707633424091281, 0.9646708508873435, 0.9893854918219122, 0.6698775967663473, 0.7809565549686328, 0.33951855704269696, 0.08477674776002925, 0.9622391152047384, 0.9622302353452703, 0.980507127246009, 0.6500987049160843, 0.017075250420238938, 0.9082427878302604, 0.9687523183860532, 0.9862218258578217, 0.9807541274682884, 0.40756770980442597, 0.984103152069063, 0.963334080764424, 0.9855334253348488, 0.9642927537338277, 0.08245811165073243, 0.3927992102305805, 0.9326261595160735, 0.01692566776039593, 0.9829559905013089, 0.988030156480648, 0.9059931841120793, 0.8395779155640809, 0.045591505390344705, 0.9813291302644963, 0.04522408241883179, 0.04122513483919114, 0.980571077911798, 0.28414301567155603, 0.22221772071573515, 0.8501393134921877, 0.9510353311528412, 0.9827780276802849, 0.5167399431340558, 0.9866043119540278]"
Gradient Boosting,18,4,"[0, 0, 1, 1, 0, 1, 0, 1, 1, 1, 1, 1, 1, 0, 1, 1, 1, 1, 0, 0, 1, 0, 1, 0, 1, 0, 1, 1, 1, 1, 1, 1, 1, 0, 0, 1, 0, 1, 1, 0, 0, 0, 1, 1, 1, 1, 1, 1, 0, 0, 0, 1, 0, 0, 1, 1, 0, 1, 1, 0, 0, 1, 1, 0, 1, 1, 1, 1, 0, 1, 1, 1, 1, 1, 1, 1, 1, 1, 0, 1, 0, 1, 1, 0, 1, 1, 1, 1, 0, 0, 1, 1, 1, 1, 1, 0, 1, 0, 0, 0, 0, 1, 1, 1, 0, 1, 1, 1, 1, 1, 1, 1, 1, 1, 0, 0, 1, 0, 1, 0, 0, 1, 1, 0, 1, 1, 0, 1, 0, 0, 0, 1, 0, 1, 1, 0, 1, 1, 0, 0, 0, 1, 1]","[1, 1, 1, 1, 0, 1, 0, 1, 0, 1, 1, 1, 1, 0, 1, 0, 1, 1, 0, 0, 1, 0, 1, 0, 1, 0, 1, 1, 1, 1, 1, 1, 1, 0, 0, 1, 1, 1, 1, 0, 1, 1, 1, 1, 1, 1, 1, 1, 0, 0, 1, 1, 0, 0, 1, 1, 0, 1, 1, 0, 0, 1, 1, 0, 1, 1, 1, 1, 1, 1, 1, 0, 1, 1, 0, 1, 1, 1, 0, 1, 0, 1, 1, 0, 1, 1, 1, 1, 1, 0, 1, 0, 0, 1, 1, 0, 1, 0, 0, 1, 1, 1, 0, 1, 1, 1, 1, 1, 1, 1, 1, 1, 1, 0, 1, 1, 1, 1, 1, 0, 0, 1, 1, 0, 1, 0, 1, 1, 1, 0, 0, 0, 0, 1, 1, 1, 1, 1, 0, 1, 0, 1, 1]","[0.8434533903974043, 0.900767998294548, 0.9803666084487964, 0.9735962875885231, 0.015744456488145753, 0.9834906315505573, 0.06144889937356388, 0.9715539410285893, 0.13382165472462032, 0.9650663836876097, 0.9880660266896629, 0.5066900139866879, 0.912912033111391, 0.05210032847211041, 0.5710017751419691, 0.2902442472002255, 0.949040910088662, 0.9910497286894494, 0.015486988391564349, 0.04312312667654109, 0.5537097153797742, 0.06877218339889009, 0.9627495375964615, 0.021641598288652364, 0.9531792302722896, 0.015744456488145753, 0.9866056989756276, 0.9757919023519296, 0.9499226064817764, 0.9156808645303102, 0.8468842685876774, 0.9382620912690338, 0.9150558000723885, 0.024231652084829563, 0.45203702334348245, 0.9881000915601535, 0.9356999936641893, 0.9854531135086643, 0.9671758387497776, 0.015744456488145753, 0.8698550964290025, 0.6234405918113504, 0.9732968149117508, 0.9581959417188606, 0.9867370081319919, 0.9002758458754732, 0.9673034199796745, 0.9791255786715286, 0.015744456488145753, 0.02699717138424483, 0.5604831579938665, 0.822239894120568, 0.02752372100134352, 0.01747807571111975, 0.9561646420825463, 0.9837025396548649, 0.015744456488145753, 0.9700338150412418, 0.9123129167596224, 0.02247705454508274, 0.3126216286803606, 0.9816703704399885, 0.9002692970922194, 0.03896819701211163, 0.9785315220596599, 0.716280468155572, 0.9850234112356726, 0.8544163689495954, 0.6980569913703707, 0.9495803405460654, 0.8533192272299848, 0.15121538679837265, 0.9762493822137407, 0.8788497481897007, 0.03230781783899008, 0.9795536419218565, 0.9578382135538517, 0.891576916212522, 0.014462890737803477, 0.9810542003363865, 0.022289317407411618, 0.8756013133704895, 0.9797456244584454, 0.31996361857173267, 0.9812895309288271, 0.9744794282333228, 0.9709241276757364, 0.9818367541272756, 0.7733294440463727, 0.01894425736702022, 0.9666387617509496, 0.33260056547875344, 0.046106087916293496, 0.9674997239769461, 0.9354756315506093, 0.015744456488145753, 0.9474710746985572, 0.10523295802908773, 0.10133879400742565, 0.9102177671839284, 0.6075926373411444, 0.8385704691910947, 0.015744456488145753, 0.7807306310783225, 0.7516699431736802, 0.9571309210268799, 0.8759877474600691, 0.9260161801717862, 0.7908977884382016, 0.8578521146836822, 0.5452231025465522, 0.9250792223207662, 0.913968865649204, 0.15343208917405313, 0.9375504682391583, 0.9693469019639592, 0.963285417986012, 0.8558976980076342, 0.9771992269493859, 0.015744456488145753, 0.11997385614794334, 0.9714891348795163, 0.9859630197198818, 0.0413610874130131, 0.9784560309703082, 0.47239316473120785, 0.897621921878377, 0.8417017277045595, 0.8112676949120267, 0.08597743545569154, 0.015744456488145753, 0.44761300312115687, 0.04302931218623022, 0.9782618142861067, 0.583816119014553, 0.8201579283899282, 0.7670095246697511, 0.9229052332029487, 0.0534982725843816, 0.8587969900240581, 0.01747807571111975, 0.7992561081466217, 0.9859005697185957]"
Gradient Boosting,19,4,"[1, 1, 1, 1, 1, 1, 0, 0, 0, 1, 1, 0, 1, 1, 0, 1, 1, 1, 0, 1, 0, 1, 1, 1, 1, 1, 0, 1, 1, 1, 1, 1, 0, 0, 1, 1, 1, 1, 1, 1, 1, 1, 0, 1, 0, 1, 1, 1, 1, 1, 0, 1, 1, 1, 0, 1, 0, 0, 0, 1, 1, 0, 1, 1, 0, 1, 1, 1, 1, 1, 1, 1, 1, 1, 1, 0, 0, 1, 0, 1, 1, 1, 1, 1, 1, 0, 1, 0, 1, 1, 0, 0, 1, 1, 1, 0, 1, 1, 1, 0, 1, 0, 1, 1, 0, 1, 1, 1, 1, 1, 1, 0, 1, 0, 0, 0, 1, 0, 0, 0, 1, 0, 1, 1, 0, 0, 0, 1, 1, 0, 0, 0, 1, 0, 0, 0, 1, 0, 1, 1, 1, 0, 0]","[1, 1, 1, 1, 1, 1, 1, 0, 0, 1, 1, 0, 1, 1, 0, 0, 1, 1, 1, 1, 0, 1, 1, 1, 1, 1, 0, 1, 0, 1, 1, 1, 1, 1, 1, 1, 1, 0, 1, 1, 1, 1, 1, 0, 1, 1, 0, 0, 1, 0, 0, 1, 1, 1, 0, 0, 1, 0, 0, 1, 1, 0, 1, 1, 0, 1, 1, 1, 1, 1, 0, 1, 0, 1, 1, 0, 0, 1, 0, 1, 1, 1, 1, 1, 1, 1, 1, 0, 1, 1, 1, 0, 1, 0, 1, 0, 1, 1, 0, 0, 1, 0, 1, 1, 1, 1, 1, 1, 1, 1, 0, 0, 1, 1, 1, 0, 1, 0, 0, 0, 1, 1, 1, 1, 0, 1, 0, 1, 1, 0, 1, 1, 1, 1, 0, 0, 1, 1, 1, 1, 1, 0, 0]","[0.9667871141957214, 0.9827465823620622, 0.8363817079268563, 0.9834572881235729, 0.9871527482074312, 0.925257555062162, 0.9610968944177923, 0.2695680353243234, 0.45802026684550495, 0.9929368233063515, 0.9660149993617887, 0.025365132499966834, 0.6626970922591132, 0.9635347042373501, 0.1428179186235817, 0.15456905842037394, 0.981158694026846, 0.9773775661245561, 0.5630748077831018, 0.9609116419920554, 0.4880929248455161, 0.8819860005820127, 0.97938717659054, 0.9882868948511411, 0.9809256207228366, 0.9729895925529803, 0.018579159515027407, 0.8922412269580031, 0.460956818462345, 0.8950780405724006, 0.8544783500883592, 0.9887805346006288, 0.768316130328576, 0.6094312198791548, 0.899759829164446, 0.9715729355502556, 0.5144891746977602, 0.02319895460890916, 0.9783050635077554, 0.7438319716058726, 0.8635093034615747, 0.9692773013965075, 0.9543213198298673, 0.02319895460890916, 0.5504856540078169, 0.9293417436605456, 0.4123113003746042, 0.10340216136614812, 0.9936643124617357, 0.4838949219262726, 0.02319895460890916, 0.8643377982968693, 0.8893176174997809, 0.9589488445386273, 0.017037723263828474, 0.4410433135208264, 0.8930221313968443, 0.022891485132190515, 0.018598083821790443, 0.9730372768540628, 0.9899156896181289, 0.03845521504883745, 0.7227355037629624, 0.9464180576752945, 0.017037723263828474, 0.9782437613834102, 0.9832964204404578, 0.9853506446286212, 0.7931505829292962, 0.946054100932371, 0.12548710865195073, 0.981017636075626, 0.28142184793697245, 0.9803705781599457, 0.9801900809120758, 0.07880092335109717, 0.02319895460890916, 0.9853360961523174, 0.017037723263828474, 0.9828581411074441, 0.9720412262834288, 0.8058532433985752, 0.9766108483411579, 0.9890518006467592, 0.9723873587194231, 0.9593492419142049, 0.5148187763906374, 0.021674983616418907, 0.9425189092888769, 0.9259814299774921, 0.9863641080341969, 0.024887741411638742, 0.97461001509669, 0.2205594419976945, 0.9802869214192235, 0.017037723263828474, 0.9872234844383528, 0.9655501953122125, 0.10440982210902064, 0.01863958068402875, 0.9714954700213339, 0.03856395329326047, 0.9554002736386894, 0.9584890490978614, 0.5476024817108862, 0.9854854317176561, 0.9844580130365914, 0.8234092991741233, 0.7589422677860992, 0.980272166273867, 0.10527917617454388, 0.017218191200764305, 0.9899904808516521, 0.8518634336465729, 0.9487873274605607, 0.04891171457320749, 0.6119959749066571, 0.21479457950100975, 0.36464422553286996, 0.01863958068402875, 0.9857030902435064, 0.9309293460458362, 0.9834735299866886, 0.9897548017973079, 0.06301895429999603, 0.7773469691917704, 0.2580518983111728, 0.9789780937789635, 0.7277557648279775, 0.02898774564470188, 0.7785227454852713, 0.8095067680958127, 0.7377132749715973, 0.5383294166895729, 0.08774204669861059, 0.01894458303899029, 0.9700674806773472, 0.7772191841303454, 0.9881674077562036, 0.9525680563631972, 0.9805162740320461, 0.017037723263828474, 0.17876325215604666]"
Gradient Boosting,20,4,"[1, 0, 1, 0, 1, 1, 1, 0, 0, 1, 0, 1, 1, 1, 1, 1, 1, 1, 0, 0, 1, 1, 1, 1, 1, 1, 1, 1, 1, 1, 0, 1, 0, 1, 0, 1, 1, 0, 1, 0, 0, 0, 1, 1, 0, 1, 1, 0, 1, 0, 0, 1, 1, 0, 1, 1, 0, 1, 0, 1, 1, 1, 1, 1, 1, 0, 0, 0, 0, 1, 0, 0, 1, 1, 0, 0, 1, 1, 1, 0, 0, 0, 1, 1, 1, 1, 1, 1, 1, 1, 1, 1, 1, 1, 1, 0, 0, 1, 0, 0, 0, 1, 0, 1, 1, 1, 0, 1, 1, 1, 1, 0, 1, 0, 1, 1, 1, 1, 1, 1, 0, 1, 1, 0, 1, 1, 0, 1, 1, 1, 1, 1, 1, 1, 1, 1, 0, 0, 0, 1, 1, 0, 1]","[1, 1, 1, 1, 1, 1, 1, 0, 0, 1, 0, 1, 1, 1, 1, 1, 1, 1, 0, 0, 1, 1, 1, 1, 1, 1, 1, 1, 1, 1, 0, 1, 1, 1, 0, 1, 1, 0, 1, 0, 1, 0, 1, 1, 1, 1, 1, 1, 1, 1, 1, 1, 1, 0, 0, 1, 0, 1, 0, 1, 1, 1, 1, 0, 1, 0, 0, 1, 0, 0, 0, 1, 1, 1, 0, 0, 1, 1, 1, 1, 1, 1, 1, 1, 1, 1, 0, 1, 1, 1, 1, 0, 1, 0, 1, 0, 0, 1, 0, 0, 0, 1, 1, 1, 1, 1, 1, 1, 1, 1, 1, 0, 1, 1, 0, 1, 1, 1, 1, 1, 0, 1, 1, 0, 1, 1, 0, 1, 1, 1, 1, 1, 1, 1, 1, 1, 1, 0, 0, 1, 1, 1, 1]","[0.9825609262376723, 0.6626827128219871, 0.9756922121261937, 0.9780499122288526, 0.879065245735327, 0.9727603713388102, 0.9657504574763219, 0.32096376602582055, 0.3489497543180293, 0.9630664593015255, 0.04082215917233928, 0.9872978104614858, 0.887259075281693, 0.9282547066592793, 0.9804019272959177, 0.9746084826455886, 0.8543240054050021, 0.9756205993379825, 0.12079169653509314, 0.09512974137758141, 0.9129745903047084, 0.9835547739617487, 0.9084886090854939, 0.9892576394179273, 0.668396173386455, 0.9473302101521689, 0.9828557267881989, 0.8688116532822326, 0.8118583308764545, 0.9784645385467213, 0.12130871807633734, 0.9119150530924942, 0.9435956979837155, 0.978082438155862, 0.4444875184791181, 0.9559838789890199, 0.9808227182977068, 0.16381597770137415, 0.9490585137894049, 0.1477768898305307, 0.8741338969922827, 0.4829080872514214, 0.9524721451522594, 0.7443831505497864, 0.6539707418131506, 0.9821240151171144, 0.9801827331093985, 0.8933352957049779, 0.9809960361914165, 0.6102609908591493, 0.9807013207038012, 0.9592435966700664, 0.8894939663056263, 0.2102095017319123, 0.28040019408799327, 0.5100149414667221, 0.10238824492157701, 0.5236888190804568, 0.16121420090872055, 0.9873807841213705, 0.704247721166239, 0.9574442240077201, 0.8953412951695439, 0.21702552129942843, 0.9763931387322063, 0.07020052653995233, 0.03900333279517084, 0.7171315683628722, 0.04639464974309564, 0.06698957683857619, 0.3842079258796785, 0.6545909087513879, 0.9812213828151424, 0.9117249465645454, 0.3602109715569137, 0.1449472847416374, 0.9200651438819328, 0.9899962256407082, 0.5240455245152601, 0.965047795463868, 0.6162516651930002, 0.6112719219769397, 0.9522926066745939, 0.957531368403774, 0.9606576366231026, 0.9275234032489769, 0.3378812255643307, 0.9212109896732172, 0.9176697625884906, 0.9769466495630551, 0.9729805728174795, 0.38973861321459735, 0.9725406035626912, 0.4632760870452508, 0.8647860982481154, 0.2725343621063056, 0.019794271139629543, 0.8007377679789416, 0.056494083261064795, 0.03923131737790588, 0.3463845045075573, 0.8461248175129088, 0.7712264248145863, 0.6717395021574516, 0.8892410675631454, 0.9641286164613162, 0.7834453027560194, 0.9825394160721805, 0.9830658999910428, 0.9223272785805936, 0.9811508528935876, 0.02214874311246804, 0.8863153559455378, 0.5181412030268858, 0.3827575999800599, 0.9504468991575317, 0.6314735523194787, 0.9772203021309709, 0.9211466498435684, 0.9802203762205751, 0.16381597770137415, 0.9881963666595126, 0.9768667029880462, 0.16381597770137415, 0.9859959647388813, 0.9602923161495416, 0.02011231795454632, 0.9850317860362122, 0.9771334453847333, 0.9490747244060448, 0.5030441905627924, 0.9563899850075114, 0.9847125957094189, 0.9905186326052229, 0.9807714057544868, 0.8872080911812752, 0.6364396834830474, 0.08418827498537979, 0.3331408117396464, 0.9826086970434564, 0.9715834957004257, 0.8515045469913223, 0.9676551490552217]"
Gradient Boosting,21,5,"[1, 1, 0, 1, 1, 0, 0, 1, 1, 0, 0, 0, 1, 1, 1, 1, 0, 1, 0, 1, 0, 0, 1, 1, 0, 0, 0, 1, 0, 1, 1, 1, 0, 1, 1, 1, 0, 1, 1, 1, 1, 0, 1, 0, 1, 1, 1, 0, 1, 0, 1, 0, 0, 0, 0, 1, 0, 0, 1, 1, 0, 0, 0, 0, 0, 1, 1, 1, 0, 1, 1, 1, 1, 0, 1, 0, 1, 1, 1, 1, 1, 1, 1, 0, 1, 1, 1, 0, 1, 0, 0, 1, 1, 0, 0, 0, 1, 1, 1, 1, 0, 0, 1, 0, 1, 1, 1, 1, 1, 0, 1, 1, 1, 1, 1, 1, 1, 0, 0, 1, 1, 1, 1, 0, 0, 0, 1, 0, 0, 0, 1, 0, 0, 1, 0, 0, 1, 0, 0, 0, 1, 1, 1, 0]","[1, 1, 0, 1, 1, 0, 1, 1, 1, 1, 0, 0, 1, 1, 1, 1, 0, 1, 0, 0, 0, 0, 1, 1, 0, 0, 0, 1, 0, 1, 1, 1, 0, 1, 1, 1, 1, 1, 1, 1, 1, 1, 1, 1, 1, 1, 1, 0, 1, 0, 1, 0, 0, 0, 0, 1, 0, 1, 1, 1, 0, 0, 0, 0, 1, 1, 1, 1, 0, 1, 1, 0, 1, 0, 1, 0, 1, 1, 0, 1, 1, 1, 1, 0, 1, 1, 1, 0, 1, 0, 1, 1, 1, 0, 0, 0, 1, 1, 1, 1, 0, 0, 1, 1, 1, 0, 1, 1, 1, 1, 1, 1, 1, 1, 1, 1, 1, 1, 0, 1, 1, 1, 1, 0, 0, 1, 1, 1, 1, 0, 0, 0, 0, 1, 0, 0, 1, 0, 0, 1, 1, 1, 1, 0]","[0.9721906111514941, 0.9778330759023932, 0.08794612389562552, 0.9779551235100352, 0.9814157665541808, 0.16408382766070814, 0.9546462713508728, 0.9431924674813235, 0.9745248427568537, 0.9463420599705274, 0.36264711669694943, 0.1079877594027727, 0.9376482628215079, 0.957845021945999, 0.5678424933335161, 0.9707325608737171, 0.22032755251282926, 0.9888467471163384, 0.053349134999508024, 0.35769027272344933, 0.02641930901208009, 0.2559715987882946, 0.9478515394603199, 0.5417072187927683, 0.20840161864581289, 0.10103082314225928, 0.017958021485917023, 0.986090379233483, 0.020309177894221465, 0.8394133368243685, 0.9838084995671996, 0.9494652012106375, 0.017958021485917023, 0.9567596561590553, 0.958164199909728, 0.7394617993418411, 0.9222483906241683, 0.5036781280231306, 0.7530645856295849, 0.9704409635587102, 0.9713690068174201, 0.8849968114929584, 0.6194245344950652, 0.9046624499651974, 0.6726735053080052, 0.9793776852336795, 0.9900169564659531, 0.017958021485917023, 0.9799769994184718, 0.11075787841304528, 0.7383835861051046, 0.026863044580241795, 0.024881435480664422, 0.017958021485917023, 0.03232177298285524, 0.9652320122353014, 0.08797463678093767, 0.8112503075297756, 0.7285170126688555, 0.8987832791562774, 0.017958021485917023, 0.017958021485917023, 0.05881325728973411, 0.11448348842392754, 0.622419079013525, 0.8221952081196042, 0.7990748420778065, 0.9399584608385433, 0.017958021485917023, 0.9921205938403391, 0.9893853589737993, 0.45890559028764377, 0.9767516972119675, 0.017958021485917023, 0.9277862895082954, 0.017958021485917023, 0.9922625183725341, 0.9906111439944352, 0.3815179491005952, 0.545697602598, 0.966568572836733, 0.965287735155902, 0.9817194333526014, 0.02641930901208009, 0.7514115414085935, 0.9765297373328633, 0.9879889218282123, 0.017958021485917023, 0.9128515082621425, 0.02641930901208009, 0.7474075719288255, 0.9730440630222655, 0.9314087968873698, 0.09161774387484516, 0.02985032016612951, 0.017958021485917023, 0.7652472193407789, 0.9889118379312843, 0.9782124823257753, 0.9537101460831408, 0.017958021485917023, 0.017901742790480277, 0.7129886887954721, 0.768708869270977, 0.9173967838052193, 0.4889451019275792, 0.9764503406475599, 0.9518094889949384, 0.833997150242934, 0.9605979649135326, 0.9307637495598554, 0.7031774225406595, 0.9413663774140268, 0.8217105253329428, 0.8483718543094645, 0.8980907129911849, 0.9529466663135061, 0.539066025245565, 0.01666018171114141, 0.6768728295169746, 0.9728617843778788, 0.9396024081739712, 0.9003227901879942, 0.017958021485917023, 0.23198040433045203, 0.8490017588374758, 0.9790984401083146, 0.6829579701938155, 0.5325678871527858, 0.09586153397094842, 0.35435683202489265, 0.017958021485917023, 0.43825896252181035, 0.8068723820797928, 0.15218831124106172, 0.4751796106503013, 0.9852321663979888, 0.01666018171114141, 0.2182641318521811, 0.9371610517357769, 0.9582086502025422, 0.9856758417371323, 0.8187810460188655, 0.06971708941393144]"
Gradient Boosting,22,5,"[0, 1, 0, 1, 0, 1, 1, 1, 1, 0, 0, 0, 1, 1, 1, 1, 1, 0, 1, 1, 1, 1, 1, 1, 1, 1, 1, 0, 0, 0, 0, 0, 1, 0, 0, 0, 0, 0, 0, 1, 0, 1, 0, 0, 0, 1, 0, 0, 1, 1, 1, 0, 1, 0, 1, 1, 0, 1, 0, 0, 1, 1, 1, 1, 1, 1, 1, 0, 1, 1, 1, 1, 1, 0, 1, 1, 1, 1, 1, 0, 0, 1, 0, 0, 1, 1, 1, 1, 1, 0, 0, 0, 0, 0, 0, 1, 1, 0, 1, 1, 1, 1, 0, 1, 1, 1, 1, 1, 1, 1, 1, 0, 0, 1, 1, 0, 0, 1, 1, 0, 0, 1, 1, 1, 1, 1, 1, 0, 1, 1, 1, 0, 1, 1, 1, 1, 0, 0, 1, 1, 1, 1, 0, 1]","[1, 1, 0, 1, 0, 0, 1, 1, 1, 1, 0, 0, 1, 1, 1, 1, 0, 0, 1, 1, 1, 1, 1, 1, 0, 1, 1, 0, 0, 0, 0, 0, 1, 1, 1, 0, 0, 0, 1, 1, 1, 1, 0, 1, 0, 1, 0, 0, 0, 1, 1, 0, 1, 0, 1, 0, 0, 1, 0, 0, 1, 1, 1, 1, 1, 1, 1, 0, 1, 1, 1, 1, 1, 0, 1, 1, 0, 1, 1, 0, 0, 1, 1, 1, 1, 1, 0, 1, 1, 0, 0, 1, 1, 0, 0, 0, 1, 1, 1, 1, 1, 0, 0, 1, 1, 1, 0, 1, 1, 1, 1, 1, 0, 1, 1, 0, 0, 1, 1, 0, 0, 1, 1, 1, 1, 1, 1, 0, 1, 1, 1, 0, 1, 1, 1, 1, 0, 0, 1, 0, 1, 1, 0, 0]","[0.8779065722602786, 0.985072479175846, 0.014829001102605998, 0.8267222335859402, 0.015916058179501598, 0.016434644348549767, 0.9715081760898117, 0.8616879742318214, 0.981488589715068, 0.9867634477517216, 0.15327250779271626, 0.08096751259992181, 0.9899120221687742, 0.986215427455882, 0.989382148998596, 0.8731274546199481, 0.034891798788732616, 0.04675373054373176, 0.8451005630269119, 0.9724915930070696, 0.8867388642453048, 0.9893224199003268, 0.9480660937021824, 0.9526446921352824, 0.12190953251436254, 0.8347694965344842, 0.9843484314201907, 0.15056606345524595, 0.284418052294713, 0.014829001102605998, 0.026708019139026706, 0.016467925090223594, 0.9176011274621112, 0.5995983583303078, 0.7401361658966825, 0.016467925090223594, 0.4910600796590122, 0.3890606692999456, 0.899643434354541, 0.9738943919542803, 0.5600681646778056, 0.8239187739796194, 0.26249172305278684, 0.8876451369066422, 0.014829001102605998, 0.8898409964901, 0.026969174507902153, 0.014829001102605998, 0.16166730845522706, 0.7698979060761292, 0.5770906548405913, 0.014829001102605998, 0.9644173689315566, 0.016514426387554577, 0.9284535825918059, 0.26773365736413146, 0.4828707438828569, 0.5136387740356703, 0.014829001102605998, 0.1195476993260701, 0.9759882595158377, 0.9656937955967058, 0.9837117406014646, 0.9866959859533104, 0.9804104252830278, 0.9330890207167791, 0.9831367389155894, 0.07989519378241405, 0.968304043085877, 0.8417444920722637, 0.9659917184850665, 0.9881901361277683, 0.9704441350095964, 0.01563193974311391, 0.9811783620727902, 0.9862337091309112, 0.33692966511261324, 0.9880423124634838, 0.976063428860608, 0.022297135199095874, 0.020043342344268814, 0.9603923041811547, 0.7446389981263138, 0.5923916374126392, 0.8897384251458567, 0.9467967516138742, 0.31978784114564146, 0.988325972132389, 0.6642813275185554, 0.01622248797800434, 0.17211872761474237, 0.9139454202447191, 0.9832601882925837, 0.05392989485029716, 0.1811401777697777, 0.48593934972792113, 0.9838574096425152, 0.9559755313509747, 0.9756201546083935, 0.9673608753456767, 0.8096514322112363, 0.016467925090223594, 0.09390114444782269, 0.9030982425573174, 0.8026430907451094, 0.9534525247777792, 0.14508413320325345, 0.9855734640881136, 0.9774229336219483, 0.9712286718791914, 0.9906602218949545, 0.7452667855166277, 0.40969502109521433, 0.984165767427963, 0.9835231335863401, 0.014829001102605998, 0.12171838060842335, 0.9867131318843311, 0.9825684541678811, 0.0943865319684364, 0.027269534095614462, 0.9829202672019233, 0.9754652316965704, 0.7421894876272019, 0.6617971537042562, 0.7902944190401078, 0.9555294731633888, 0.17173621607197864, 0.847071863317119, 0.9852792356241088, 0.9822515880917347, 0.26592431087572094, 0.9363003507847228, 0.8597414159708751, 0.9868157269929327, 0.5572425460729908, 0.18953039831446772, 0.1491417044692302, 0.9577125268400523, 0.3109834980351227, 0.9841308155086991, 0.9887517474337781, 0.0375568471172144, 0.16360858877048395]"
Gradient Boosting,23,5,"[1, 0, 1, 0, 1, 1, 1, 1, 0, 1, 0, 1, 0, 1, 1, 1, 1, 1, 1, 1, 1, 0, 0, 1, 1, 1, 1, 1, 1, 1, 0, 1, 1, 1, 1, 1, 0, 1, 1, 1, 0, 0, 1, 0, 1, 1, 1, 1, 0, 1, 0, 0, 1, 0, 1, 0, 1, 0, 1, 0, 1, 0, 1, 1, 1, 1, 1, 1, 1, 1, 0, 1, 0, 1, 1, 1, 1, 1, 0, 1, 1, 0, 1, 0, 1, 0, 1, 0, 1, 1, 1, 0, 1, 1, 1, 0, 0, 1, 0, 0, 0, 1, 0, 1, 1, 0, 0, 1, 0, 1, 1, 1, 1, 1, 0, 0, 0, 0, 0, 1, 1, 1, 0, 1, 1, 1, 0, 0, 0, 0, 0, 0, 1, 0, 0, 1, 0, 1, 0, 1, 1, 1, 1]","[1, 1, 1, 1, 1, 1, 1, 1, 0, 1, 1, 1, 0, 1, 1, 1, 1, 1, 1, 1, 0, 0, 0, 1, 1, 1, 1, 1, 1, 1, 0, 1, 1, 1, 1, 1, 1, 1, 1, 0, 0, 1, 1, 1, 1, 1, 1, 1, 1, 1, 0, 0, 1, 0, 1, 0, 1, 0, 1, 0, 1, 1, 1, 1, 1, 1, 1, 1, 1, 1, 1, 1, 0, 1, 1, 1, 1, 1, 0, 1, 1, 0, 1, 0, 1, 0, 1, 1, 1, 1, 0, 0, 1, 1, 0, 1, 0, 0, 0, 0, 1, 1, 1, 1, 1, 1, 0, 1, 0, 1, 1, 1, 1, 1, 0, 0, 0, 1, 0, 1, 1, 1, 0, 1, 1, 1, 0, 1, 0, 0, 0, 0, 1, 0, 1, 1, 0, 1, 1, 1, 1, 1, 1]","[0.9779581289398416, 0.6828395774221283, 0.9777408647767867, 0.9681204097908941, 0.9786459297230604, 0.9524781969396555, 0.9864366127118035, 0.5428864505623823, 0.15301132651093632, 0.993252476971522, 0.9089993430788968, 0.9350485548309831, 0.06936011205032198, 0.9815924166701728, 0.9784935036541356, 0.6605068377199886, 0.69354318082858, 0.9369089383121149, 0.8916999665445721, 0.9121826963141668, 0.2919485056475087, 0.024096761741649465, 0.017876841648145108, 0.9686016096913024, 0.9891454270331445, 0.9647470158735183, 0.9421219297162002, 0.9424495021697242, 0.6608289033587397, 0.8149360298120327, 0.04994199676163478, 0.6277661856516847, 0.982744941394428, 0.9616942464016501, 0.6893261359806883, 0.9784424625905679, 0.5571987118423141, 0.9647040127015108, 0.9880605841752069, 0.02649664390688154, 0.017876841648145108, 0.8434228262269325, 0.9844213303053452, 0.6040966417340677, 0.9360277799933234, 0.975159490250167, 0.5701517865182264, 0.9858281949869016, 0.6062440483960765, 0.9352992412069884, 0.4222448352241899, 0.017876841648145108, 0.9856927405524272, 0.02088100138733318, 0.6220483486995086, 0.052635456023633294, 0.9943168555973465, 0.017876841648145108, 0.685060512180847, 0.017876841648145108, 0.9738571785914043, 0.5799038140792415, 0.872112048116288, 0.9819104680137637, 0.9822690700604125, 0.8954607780612421, 0.9670894817881449, 0.9294679086592679, 0.910150305823697, 0.9872967965475272, 0.7192758012879803, 0.739882300335334, 0.08914637118030119, 0.9627402885270541, 0.7801010640357984, 0.9695301755484494, 0.8092567845963187, 0.8685114855308481, 0.02127920390451165, 0.9739884502172673, 0.9229576954218947, 0.1299566270754764, 0.9620361353254425, 0.03325568358882239, 0.9859766397769589, 0.07864781748040098, 0.9871750737171074, 0.9709842507309375, 0.9068452682105957, 0.6125478326672946, 0.4067730479964326, 0.017876841648145108, 0.9735993480869812, 0.9824875241855617, 0.3783577209858585, 0.9783655197351006, 0.041327238893301504, 0.25022300210658244, 0.023285215240196357, 0.017876841648145108, 0.6522664563725467, 0.8843287027711406, 0.7841144468812045, 0.9582867823269395, 0.9662023649473812, 0.9116234821458886, 0.017876841648145108, 0.9901750761334156, 0.38228680223674405, 0.8278788151969239, 0.8420725824736203, 0.8803410030693134, 0.925518766680896, 0.9852447721851223, 0.37029669371530155, 0.3633307691682442, 0.06865685267559699, 0.7507469817935059, 0.35344747360254747, 0.9772260329357877, 0.9371300846807404, 0.9843998535163764, 0.04265734139892577, 0.9863412297439437, 0.96110416360973, 0.6454196300721483, 0.017876841648145108, 0.7209741571763989, 0.21818355780085189, 0.05911397078279822, 0.017876841648145108, 0.028686355184190635, 0.9190514102204864, 0.01816993930673103, 0.9456121496281482, 0.6414783273545569, 0.044937342487943906, 0.9876133515453064, 0.8475489418541768, 0.9851637408609192, 0.9718188487296701, 0.9094032679918318, 0.9338556464850215]"
Gradient Boosting,24,5,"[0, 1, 1, 1, 1, 0, 0, 1, 0, 1, 1, 1, 0, 1, 0, 1, 1, 0, 1, 1, 1, 1, 1, 1, 1, 1, 0, 1, 1, 1, 1, 1, 0, 1, 0, 1, 0, 1, 1, 1, 0, 1, 1, 1, 1, 1, 1, 1, 1, 1, 1, 1, 1, 0, 1, 1, 0, 1, 1, 1, 0, 0, 1, 1, 0, 1, 1, 0, 1, 1, 1, 1, 1, 0, 0, 1, 1, 1, 1, 1, 1, 1, 1, 1, 1, 1, 0, 1, 0, 0, 1, 0, 1, 0, 0, 1, 0, 1, 1, 1, 1, 1, 0, 1, 1, 1, 1, 1, 1, 0, 0, 1, 1, 1, 1, 1, 1, 1, 0, 0, 1, 1, 1, 0, 0, 1, 1, 1, 0, 0, 1, 1, 1, 0, 1, 1, 0, 1, 0, 0, 0, 1, 0]","[1, 1, 1, 1, 1, 0, 1, 1, 0, 1, 1, 1, 0, 1, 0, 1, 1, 1, 1, 1, 1, 1, 1, 1, 1, 0, 0, 1, 1, 1, 1, 1, 1, 1, 1, 1, 0, 1, 1, 1, 1, 1, 1, 1, 1, 1, 1, 1, 1, 1, 1, 1, 1, 1, 1, 1, 0, 1, 1, 1, 0, 1, 1, 0, 0, 0, 1, 0, 0, 1, 1, 1, 1, 0, 0, 1, 1, 1, 1, 1, 1, 1, 1, 1, 1, 1, 0, 1, 0, 0, 1, 0, 1, 1, 1, 1, 0, 0, 1, 1, 1, 1, 1, 1, 1, 1, 1, 0, 1, 0, 1, 1, 1, 0, 1, 0, 1, 1, 1, 1, 1, 1, 1, 0, 0, 1, 1, 1, 0, 1, 1, 1, 1, 1, 0, 0, 1, 1, 1, 1, 0, 1, 0]","[0.92221963257182, 0.9875408664880071, 0.9758364413984509, 0.7129821209498063, 0.9165366543531651, 0.15646031676045177, 0.6454712523313061, 0.926942318188395, 0.04211143802547836, 0.9335186946444286, 0.6147257662504758, 0.5565033402000377, 0.016506100884935326, 0.9885175241288046, 0.14971588686026355, 0.9427655012985358, 0.9670527694488926, 0.7974972994993741, 0.9567493998386971, 0.9072006288280149, 0.9842568084848252, 0.633030232094989, 0.5939579924451682, 0.9529342428820808, 0.9913648981819627, 0.4908251130616251, 0.016506100884935326, 0.7913025311793949, 0.9143287920024622, 0.9041044210748146, 0.9916110051032225, 0.811849409347115, 0.9799339321162261, 0.9523796235265347, 0.8895455100389987, 0.9191437040401501, 0.02649180613699881, 0.6892611581347227, 0.9827500983556161, 0.9649249237582902, 0.9212449168339117, 0.9487696828541674, 0.9027252254747633, 0.9511596788304895, 0.7160462525117741, 0.8895666262807265, 0.9645361017689338, 0.9895271444064878, 0.988734590744157, 0.982695586091811, 0.9558903670909413, 0.8743381934135667, 0.9876826169966532, 0.5084617178951346, 0.9748847851524424, 0.7308447586869914, 0.016506100884935326, 0.969444138666726, 0.9561698510983306, 0.8394456366413345, 0.05337539870728778, 0.7841522595418832, 0.6819367945322558, 0.25650031916220917, 0.0165108320101136, 0.31307131479158173, 0.9042289617690755, 0.03834173674624453, 0.0525954466889855, 0.9656640803201487, 0.9666247620148929, 0.9795503125103383, 0.9758913478406365, 0.025146031522890702, 0.03010849682488044, 0.9021096630696906, 0.9589143211818578, 0.9227359500473203, 0.9825122067852352, 0.5853898778713614, 0.9197569019786707, 0.9681875233551049, 0.9811595492774545, 0.9842496536558307, 0.9784796687685311, 0.9709305759350189, 0.054874212997416974, 0.8649150946087191, 0.10541179195075599, 0.02649180613699881, 0.9819039802162078, 0.0769420617258263, 0.9883678073213136, 0.8563817568513276, 0.879323025826854, 0.9653352044459133, 0.23566761994995708, 0.2921370393510625, 0.8759559740224291, 0.9430547396487508, 0.5429282319305971, 0.9680758820325682, 0.6613602548812114, 0.9868928430406192, 0.9908132736678783, 0.9871197286975628, 0.9233966073324561, 0.2612481355346355, 0.9685694528784232, 0.016363757950075032, 0.945991205636863, 0.7047376409060283, 0.7115038419710527, 0.32122924463956715, 0.727548716554868, 0.11101765687151653, 0.9520613140665214, 0.9657966289282128, 0.9693195322910441, 0.9661345166703414, 0.9646425892718854, 0.9694305488225591, 0.9801989157536282, 0.09018499895119068, 0.03304488766427982, 0.9855131805479095, 0.9804390120420617, 0.970194162311163, 0.05766251710020715, 0.7589199770864239, 0.9376161484912784, 0.9670929216369408, 0.7157163036490024, 0.6513825132313099, 0.04566851153285601, 0.36106232088676365, 0.8224661900486417, 0.9813818255465884, 0.6934585549898042, 0.9650642507264916, 0.016506100884935326, 0.727223997765109, 0.016506100884935326]"
Gradient Boosting,25,5,"[0, 0, 1, 1, 1, 1, 1, 0, 1, 1, 1, 1, 1, 1, 1, 0, 0, 0, 1, 1, 1, 1, 1, 1, 1, 1, 1, 0, 0, 1, 1, 1, 1, 0, 1, 0, 0, 1, 1, 1, 1, 1, 1, 0, 1, 0, 1, 1, 0, 1, 0, 1, 0, 0, 1, 0, 1, 1, 1, 0, 1, 1, 1, 1, 1, 0, 0, 0, 0, 0, 1, 1, 1, 1, 1, 1, 1, 1, 1, 0, 1, 1, 1, 0, 1, 1, 1, 1, 1, 1, 1, 0, 1, 1, 1, 1, 1, 1, 0, 0, 1, 1, 1, 1, 1, 1, 0, 0, 0, 1, 1, 0, 1, 1, 0, 1, 0, 1, 0, 1, 1, 1, 0, 1, 0, 1, 0, 0, 0, 1, 1, 1, 1, 1, 1, 0, 0, 1, 0, 1, 0, 1, 1]","[1, 1, 1, 0, 1, 1, 1, 0, 1, 0, 1, 1, 1, 1, 1, 0, 0, 0, 1, 1, 1, 1, 1, 1, 1, 1, 1, 0, 1, 1, 1, 1, 0, 1, 1, 0, 1, 1, 1, 1, 1, 1, 1, 1, 1, 1, 0, 1, 1, 0, 0, 0, 0, 0, 1, 0, 1, 1, 1, 1, 1, 1, 1, 0, 1, 0, 1, 1, 0, 0, 1, 1, 1, 0, 1, 1, 1, 0, 1, 1, 1, 1, 1, 0, 1, 1, 1, 1, 1, 1, 1, 0, 0, 1, 1, 1, 1, 1, 0, 0, 1, 1, 1, 1, 1, 1, 0, 0, 1, 1, 1, 1, 1, 1, 0, 1, 0, 1, 0, 1, 1, 0, 0, 1, 1, 1, 1, 1, 0, 1, 1, 1, 1, 1, 1, 0, 0, 1, 0, 1, 0, 1, 1]","[0.814450208787615, 0.5011572775227131, 0.9858050689119912, 0.3653133469891681, 0.9872673564165672, 0.9846804512490659, 0.9228903925074458, 0.03555064234778016, 0.930357412243168, 0.4492785982937125, 0.970023812928321, 0.9810026992296976, 0.9501620218649861, 0.9078979899437608, 0.9721482863486011, 0.07555986954869297, 0.3094574983203682, 0.028752935030885243, 0.9484757662856556, 0.5998436624410918, 0.7525082451658621, 0.8955891085663464, 0.9849865293782473, 0.9588854691573331, 0.9862150935447235, 0.6756692356116695, 0.9921539245469234, 0.10728020107294171, 0.9344412321848515, 0.9749713033481671, 0.5250492128392029, 0.9717325667280932, 0.2182872227603012, 0.5737246635739738, 0.9307688737328637, 0.028752935030885243, 0.8248094688611571, 0.9060101748298409, 0.9852188748442374, 0.7895664257657756, 0.9299953766255638, 0.9722711872590271, 0.6708507031882828, 0.5092568350623997, 0.973331537266082, 0.9397846856832939, 0.030283473927938565, 0.9659429507420937, 0.9843631038816011, 0.2810326915692195, 0.14437332233837394, 0.3622743466741166, 0.04957005833467285, 0.028752935030885243, 0.7473263493665196, 0.24722200643792178, 0.9830837533326753, 0.8371445815035676, 0.9746714794840319, 0.5407944284897717, 0.9438492588722476, 0.9700785688033323, 0.8193238604702958, 0.03584841285871393, 0.9711577605273951, 0.043844670978976874, 0.7837508112186738, 0.5567418982763395, 0.043844670978976874, 0.4965281374985801, 0.9386251459792497, 0.9602299898145076, 0.980661621405318, 0.10033367025793999, 0.5811977741713491, 0.9591269280091232, 0.9913008537921941, 0.32441946087259754, 0.9821451799152631, 0.9522281483826764, 0.9859219753829326, 0.9276230166716968, 0.9563145509077222, 0.014951575917008854, 0.9899741362587607, 0.8563563943314677, 0.9768717400875848, 0.9450166345273495, 0.9246780656337072, 0.6873629850466156, 0.8541604012168162, 0.20494836466516456, 0.26949159632669245, 0.9395262986728963, 0.9889411354708886, 0.855473142422447, 0.9656873046939233, 0.9564081218883042, 0.014951575917008854, 0.019251231677256272, 0.7778430640382864, 0.9630267829193564, 0.6878404142236126, 0.9654697474200291, 0.9803613583917337, 0.8819005655757753, 0.28017915506616214, 0.03353580771819878, 0.8799493611443204, 0.9774269438903485, 0.9838208691899359, 0.9367959666382092, 0.9862656315830214, 0.8545397527199636, 0.47567956311194365, 0.9653348773571852, 0.32309214312832735, 0.9899741362587607, 0.21726415187524925, 0.8645888866888333, 0.8926313818279555, 0.4217725549401881, 0.01870683485100792, 0.9901592532018204, 0.6628639813768723, 0.9724395284093225, 0.9817678852723808, 0.7777298365327097, 0.014951575917008854, 0.9867302094638731, 0.9461935734990583, 0.9813418873516345, 0.9876243886122626, 0.9770221806016168, 0.9723633146147448, 0.04829982570361022, 0.3278132212691466, 0.9830735680058551, 0.014951575917008854, 0.967845634954239, 0.014951575917008854, 0.9515836228209439, 0.9761088150777782]"
Gradient Boosting,26,6,"[1, 0, 0, 0, 1, 1, 1, 1, 0, 1, 0, 1, 1, 0, 1, 0, 1, 1, 1, 0, 0, 1, 1, 1, 1, 0, 1, 1, 1, 1, 1, 0, 1, 1, 0, 1, 1, 1, 0, 1, 1, 0, 1, 1, 1, 1, 0, 1, 0, 1, 1, 1, 0, 1, 1, 0, 0, 1, 0, 0, 1, 0, 0, 1, 0, 0, 0, 1, 1, 0, 1, 1, 1, 1, 1, 0, 1, 1, 0, 1, 0, 0, 1, 1, 0, 1, 1, 1, 0, 1, 1, 0, 0, 0, 0, 0, 1, 0, 1, 0, 1, 1, 1, 1, 1, 1, 1, 1, 1, 1, 0, 1, 0, 0, 0, 1, 1, 1, 0, 1, 0, 1, 0, 0, 0, 0, 1, 0, 1, 1, 1, 1, 0, 0, 1, 0, 0, 0, 0, 0, 1, 1, 0, 0]","[1, 0, 0, 1, 1, 1, 1, 1, 1, 1, 0, 1, 1, 0, 1, 0, 1, 1, 1, 0, 0, 1, 1, 0, 1, 0, 1, 1, 1, 1, 1, 0, 1, 0, 0, 1, 1, 1, 1, 0, 1, 0, 1, 1, 1, 0, 1, 1, 1, 1, 1, 1, 0, 1, 0, 0, 0, 1, 0, 1, 1, 0, 0, 1, 0, 0, 0, 1, 1, 0, 0, 1, 1, 1, 1, 0, 1, 1, 0, 1, 0, 0, 1, 1, 0, 1, 1, 1, 0, 1, 1, 0, 0, 0, 0, 0, 1, 0, 1, 1, 1, 1, 1, 1, 1, 1, 1, 1, 1, 1, 1, 1, 0, 0, 0, 1, 1, 1, 0, 1, 0, 1, 1, 0, 0, 0, 1, 0, 1, 1, 1, 1, 0, 1, 0, 0, 0, 1, 0, 0, 1, 1, 0, 0]","[0.9868261071036855, 0.021440686546675948, 0.039762395113349246, 0.974922707167687, 0.9405589393540027, 0.9803947359727049, 0.9831515761502397, 0.9830178218676429, 0.9863946840780706, 0.9809255891213239, 0.052869139556334925, 0.9451753599225544, 0.9735966514357433, 0.06300626539833433, 0.947603708937978, 0.02693577210531183, 0.5046651921341999, 0.9441386047775875, 0.9460069691700154, 0.023454097703817112, 0.15204680814752686, 0.6083463423858418, 0.9873301640611278, 0.1512741218104451, 0.9831816902964773, 0.021440686546675948, 0.8455348704096516, 0.9467739963528018, 0.9763004443744541, 0.9839303643135252, 0.6675830790810415, 0.06361758311538672, 0.9010364313303699, 0.28092362556771233, 0.022744679001746933, 0.9124352967620427, 0.9241006716700623, 0.9628904029609702, 0.8905593350891068, 0.4471246490039614, 0.9859805225530656, 0.021440686546675948, 0.9764640857456856, 0.980672888288853, 0.9747098625639105, 0.07931477394182498, 0.7847876789192244, 0.9781159031677353, 0.8053106171627694, 0.8549009742924607, 0.9000016635693701, 0.9943142111006211, 0.021440686546675948, 0.9868987969869302, 0.08080972290539525, 0.021440686546675948, 0.02155577455200534, 0.9648147885120935, 0.07624887402823417, 0.7852039005187027, 0.9425904502492248, 0.021440686546675948, 0.021440686546675948, 0.9455723892711917, 0.12059706343697978, 0.052668823939492265, 0.10924746167311712, 0.913309430363062, 0.9811171987366637, 0.021440686546675948, 0.20316092667119937, 0.9731388795942584, 0.6702562921121635, 0.9781990739139933, 0.9908888230724082, 0.048703577353820054, 0.9603660087728756, 0.9762619125654277, 0.024745055862791354, 0.9873301640611278, 0.09376894809868458, 0.01970203669456237, 0.9649692679355448, 0.987011712432713, 0.2943262558227746, 0.985141284296693, 0.988459594175154, 0.846601111625357, 0.008080837934720224, 0.6033119593555561, 0.9497103236870107, 0.021440686546675948, 0.021440686546675948, 0.021440686546675948, 0.052869139556334925, 0.39533076889136326, 0.963160550037039, 0.021440686546675948, 0.66566180948792, 0.9713534259849889, 0.9652329356982199, 0.7312762011780006, 0.8676976856956079, 0.9075408618593293, 0.7011705489071958, 0.7348661683968203, 0.9836510382881475, 0.9445813217162315, 0.9571425945085854, 0.9928248443026616, 0.88260861261244, 0.9414776959038135, 0.021440686546675948, 0.02155577455200534, 0.023454097703817112, 0.9380399163752876, 0.959525210896105, 0.9825227120914797, 0.20647941626124805, 0.9743763468515032, 0.03592893205476401, 0.9820513724290207, 0.9219513968970108, 0.307976132802097, 0.11202997527912646, 0.49593577487622476, 0.5005497463804139, 0.01970203669456237, 0.7462331441173934, 0.9901357569291458, 0.9325524726841864, 0.888495477249386, 0.07015843056639316, 0.6627587008900081, 0.05027825539566991, 0.05027825539566991, 0.1516302810945486, 0.7376446732332739, 0.021440686546675948, 0.1733305551814189, 0.9904391377203399, 0.8521448810293631, 0.05027825539566991, 0.021440686546675948]"
Gradient Boosting,27,6,"[0, 1, 0, 0, 0, 1, 0, 1, 1, 0, 1, 1, 0, 0, 1, 1, 1, 1, 1, 1, 1, 0, 1, 1, 1, 1, 1, 1, 1, 0, 1, 1, 1, 1, 0, 0, 0, 0, 1, 1, 0, 0, 1, 1, 1, 0, 1, 1, 0, 1, 1, 0, 0, 0, 1, 1, 1, 0, 1, 1, 0, 0, 1, 1, 0, 1, 1, 1, 1, 0, 0, 1, 1, 1, 1, 1, 1, 1, 1, 0, 0, 1, 1, 1, 1, 1, 1, 0, 1, 1, 0, 0, 0, 1, 1, 0, 0, 1, 1, 0, 0, 0, 1, 1, 0, 1, 1, 1, 0, 1, 0, 1, 0, 1, 0, 0, 0, 0, 1, 1, 1, 1, 0, 1, 1, 1, 0, 0, 1, 0, 0, 0, 1, 1, 1, 1, 1, 0, 0, 1, 1, 1, 1]","[1, 1, 1, 1, 1, 1, 0, 1, 1, 1, 1, 0, 1, 0, 1, 1, 1, 1, 1, 1, 1, 0, 1, 1, 1, 1, 1, 1, 1, 0, 1, 1, 1, 1, 1, 0, 1, 0, 1, 1, 0, 0, 1, 1, 1, 1, 1, 1, 1, 1, 0, 0, 0, 0, 1, 1, 1, 1, 1, 1, 1, 0, 1, 1, 1, 1, 1, 1, 1, 0, 0, 1, 0, 1, 1, 1, 1, 1, 1, 0, 0, 1, 1, 1, 1, 1, 1, 0, 1, 1, 1, 0, 0, 1, 1, 0, 1, 1, 1, 1, 0, 1, 1, 1, 0, 1, 1, 1, 1, 1, 1, 1, 1, 1, 0, 0, 0, 0, 1, 1, 1, 1, 1, 1, 1, 1, 1, 0, 1, 1, 0, 1, 1, 0, 1, 1, 1, 1, 1, 1, 1, 1, 1]","[0.7871841357686327, 0.9849579540924193, 0.8829406506101938, 0.9298335432248145, 0.8274287984958301, 0.9731174501796662, 0.02463870533191177, 0.9166742443374807, 0.9712528890408935, 0.9769020957704107, 0.9336293211885188, 0.4975814129276175, 0.6644542397162749, 0.07418833182663513, 0.610046325793118, 0.9913259959415884, 0.6587727007251944, 0.990824231944074, 0.9713122366671365, 0.8722429837403415, 0.7479281489944495, 0.0354841774800581, 0.9730982852498341, 0.9536399776777059, 0.9936406400425868, 0.9616618976590998, 0.8395768651356266, 0.9752415891503067, 0.9281387272200605, 0.028267775591336423, 0.9893441219356577, 0.9434234418277648, 0.9797479324240134, 0.8270018075874128, 0.8985198807900749, 0.028267775591336423, 0.6750927887213541, 0.01883131202070584, 0.9829710387036094, 0.9891983979383548, 0.3408640025358193, 0.4635769246637295, 0.8772774660525168, 0.8956293036641835, 0.949477003384578, 0.9053300772591784, 0.9226513859278795, 0.7286450780083481, 0.9694284437136876, 0.9833721020086306, 0.17721260157813556, 0.014841143777142627, 0.2848246280067224, 0.012128690897437625, 0.9810587430245303, 0.9654293606670048, 0.6490068230725026, 0.5055432602754738, 0.966120676411684, 0.9371311584974792, 0.6129083142482876, 0.1445116262828856, 0.8195460931053037, 0.9886677751008809, 0.7325017639109243, 0.9913259959415884, 0.955249728442965, 0.7155991878237186, 0.9756996187707122, 0.09811388120984248, 0.40361569414427073, 0.9819690675467757, 0.42487557427715994, 0.8790703874920557, 0.9795473131316614, 0.9778218423431733, 0.9796032784828936, 0.7354203035826962, 0.9778218423431733, 0.01830365548073004, 0.02624881048164076, 0.978135110626648, 0.9430316120033987, 0.9633658985884324, 0.9702867887034048, 0.990824231944074, 0.9654601030910938, 0.01883131202070584, 0.9678888490535451, 0.5591767375490014, 0.6092137257900125, 0.10707453325655338, 0.014859513656561891, 0.9820842246245268, 0.9862151621958335, 0.12162168664085464, 0.9814444660047118, 0.8613080136159368, 0.9870088120478115, 0.8981841561551378, 0.08234242312708837, 0.6787642930625839, 0.9453027195496423, 0.992106457510538, 0.23666384977907634, 0.9930974285761437, 0.9938947099432702, 0.8430446349112463, 0.9591418372763615, 0.9937919602176138, 0.7903697999739442, 0.9517134126853811, 0.9701623281708884, 0.9700640750201962, 0.3029920886317704, 0.04368559908222018, 0.03903726226845581, 0.38680813372410977, 0.8022052543379298, 0.9737361537082896, 0.9880295276282425, 0.9722096201129727, 0.9131743080800773, 0.9754682942986465, 0.9855022034647002, 0.6332344598377941, 0.9907626601058076, 0.4163588529606496, 0.8280166028535764, 0.7234832019640446, 0.45557125407272453, 0.8715153611556424, 0.9041788034552081, 0.4805096940389479, 0.9261709043467096, 0.980271960164782, 0.6484990915365569, 0.9521510391618995, 0.9418681645512625, 0.9787580885569143, 0.6863008054282685, 0.9905558244253063, 0.9640445962658878]"
Gradient Boosting,28,6,"[1, 0, 1, 1, 1, 1, 1, 0, 0, 1, 0, 1, 1, 1, 1, 0, 1, 1, 1, 1, 0, 1, 0, 0, 1, 1, 0, 0, 1, 0, 0, 1, 1, 0, 0, 1, 0, 1, 0, 1, 1, 0, 1, 0, 1, 1, 1, 1, 1, 1, 0, 1, 0, 1, 1, 1, 1, 1, 0, 1, 1, 1, 0, 0, 0, 1, 1, 0, 1, 1, 1, 0, 1, 0, 1, 1, 1, 1, 1, 1, 1, 1, 1, 1, 0, 1, 1, 1, 1, 1, 1, 1, 0, 1, 1, 0, 1, 1, 0, 0, 1, 1, 1, 1, 1, 1, 0, 1, 1, 0, 0, 0, 1, 1, 1, 1, 0, 0, 0, 0, 1, 1, 0, 0, 1, 1, 0, 0, 0, 1, 0, 1, 1, 0, 1, 0, 0, 1, 1, 0, 1, 0, 1]","[1, 0, 1, 0, 1, 1, 1, 0, 0, 1, 1, 1, 1, 1, 1, 0, 1, 1, 1, 1, 0, 1, 0, 0, 1, 1, 0, 0, 1, 0, 1, 1, 1, 1, 0, 1, 1, 1, 0, 1, 1, 1, 1, 1, 0, 1, 1, 1, 1, 1, 0, 1, 0, 1, 1, 1, 1, 1, 0, 1, 1, 1, 1, 0, 0, 1, 1, 1, 1, 1, 1, 1, 1, 0, 1, 1, 1, 1, 1, 0, 1, 0, 1, 1, 0, 1, 1, 1, 1, 1, 1, 1, 1, 1, 0, 0, 1, 1, 1, 1, 1, 1, 1, 1, 1, 1, 0, 1, 1, 1, 1, 1, 1, 1, 1, 1, 1, 0, 0, 0, 1, 1, 0, 0, 1, 1, 0, 0, 0, 1, 0, 1, 1, 0, 1, 1, 0, 1, 1, 0, 1, 0, 1]","[0.9785024321349937, 0.07365272023730313, 0.9703004619391998, 0.3106873972811919, 0.9862767406211119, 0.9413534691592244, 0.8750628835923293, 0.017027791149374128, 0.1777391292640059, 0.9515178392102313, 0.535736617107595, 0.8669656532927605, 0.9716654723479853, 0.9796782934380437, 0.9836992467550201, 0.017027791149374128, 0.6495996605435274, 0.7459893004143476, 0.9763690501615448, 0.8033386877456165, 0.021024728297860056, 0.9134189688010121, 0.1970219280137533, 0.04496614369745287, 0.9781521669668238, 0.9329111430339174, 0.3586452386679651, 0.017027791149374128, 0.9862571529575809, 0.022230434462035698, 0.7339751046792651, 0.860801845247956, 0.9836217442385793, 0.6817448520009615, 0.04484462977452839, 0.9772456190635225, 0.6676548609894537, 0.9650752155857372, 0.47845991182959624, 0.7602619778795602, 0.9728827521509653, 0.961009256579831, 0.5954610105987608, 0.6000529241776186, 0.028739138169269072, 0.9461058764960948, 0.9505666140550393, 0.9787094306414412, 0.9873043802401662, 0.9762141891777945, 0.05846948712655918, 0.9744910431044751, 0.04342752940611191, 0.6333710307455452, 0.9905342129404431, 0.9756276260553596, 0.5219916984680818, 0.7739152217109662, 0.017027791149374128, 0.9770441196764933, 0.9759074370679912, 0.7672956715717933, 0.819239405364985, 0.03281371872429759, 0.017027791149374128, 0.637699286119226, 0.5638617615475341, 0.7437463176488248, 0.988647393756885, 0.8228808846946535, 0.9666919579951193, 0.6380634975406164, 0.9809718672309642, 0.02183929476342409, 0.9572674595173739, 0.9413945556903549, 0.9862789047035666, 0.9816999824062875, 0.9776932572496105, 0.3129900710496204, 0.8392433466817844, 0.30423262601627904, 0.9273925251983681, 0.9833446953132937, 0.09344388339817578, 0.6939766684632421, 0.9659910316334587, 0.9403242878527003, 0.8348577453521288, 0.9866364384771239, 0.9584645264335098, 0.9728145010865417, 0.775173898280067, 0.9759762356449907, 0.32931913138856905, 0.017027791149374128, 0.9706345766605857, 0.9215953717027178, 0.8467247578177917, 0.5002195140529905, 0.9634852882620422, 0.9362834019252674, 0.9231267382997487, 0.7599279793056269, 0.9163872155018828, 0.9835108626329654, 0.017027791149374128, 0.8416282034382059, 0.9405890656303952, 0.9413045442122141, 0.8484651484938621, 0.9527645019138872, 0.9536544881152597, 0.9837747033002788, 0.984563688607044, 0.9560819847854918, 0.8816660398901109, 0.36970270517236153, 0.017027791149374128, 0.2032903309683687, 0.9624531134998574, 0.9821250942837005, 0.04484462977452839, 0.021724885474910412, 0.8596632499868778, 0.975837410256747, 0.017027791149374128, 0.09028228068963158, 0.4259009378992758, 0.9459449765880705, 0.017027791149374128, 0.9759563860268049, 0.9811208149002103, 0.20428933827638515, 0.9677572137790931, 0.8944204231996347, 0.06499319898673625, 0.9515377693912666, 0.987963150807614, 0.017027791149374128, 0.7311538348803818, 0.19801478861238533, 0.9766923999666218]"
Gradient Boosting,29,6,"[1, 1, 0, 1, 1, 1, 1, 1, 0, 0, 1, 0, 1, 1, 1, 1, 0, 1, 0, 1, 1, 1, 1, 1, 1, 0, 1, 1, 1, 1, 0, 1, 1, 1, 0, 0, 1, 0, 1, 1, 1, 1, 0, 1, 0, 0, 0, 1, 0, 1, 1, 1, 0, 1, 1, 0, 1, 1, 1, 1, 1, 1, 1, 0, 0, 1, 0, 0, 1, 1, 0, 1, 1, 1, 1, 1, 1, 0, 0, 0, 1, 1, 1, 1, 1, 1, 1, 0, 1, 1, 0, 0, 1, 0, 1, 1, 1, 0, 1, 1, 1, 1, 0, 0, 0, 1, 1, 1, 1, 1, 1, 1, 1, 0, 1, 1, 0, 1, 1, 1, 0, 1, 1, 0, 1, 1, 1, 1, 0, 1, 0, 0, 1, 0, 0, 1, 1, 1, 1, 1, 0, 1, 1]","[1, 1, 1, 0, 1, 1, 1, 1, 1, 0, 1, 0, 1, 1, 0, 1, 0, 1, 0, 0, 1, 1, 1, 1, 1, 0, 1, 0, 1, 1, 0, 1, 1, 1, 0, 1, 1, 1, 0, 1, 1, 1, 1, 1, 0, 0, 0, 1, 0, 1, 1, 1, 0, 1, 1, 0, 1, 0, 1, 1, 1, 1, 1, 0, 0, 1, 0, 0, 1, 1, 1, 1, 1, 1, 1, 1, 1, 1, 0, 0, 1, 1, 1, 1, 1, 1, 1, 0, 1, 1, 0, 0, 1, 0, 1, 0, 1, 0, 1, 1, 1, 0, 1, 0, 0, 1, 0, 1, 0, 1, 1, 1, 1, 0, 1, 0, 0, 1, 1, 1, 1, 1, 1, 1, 1, 1, 1, 1, 0, 1, 0, 1, 1, 0, 0, 1, 1, 1, 0, 1, 0, 1, 1]","[0.9845210550045123, 0.984527770858022, 0.9776575111543856, 0.2415065577229086, 0.8055388838256854, 0.9905804952855403, 0.941010044937456, 0.991385855949096, 0.9392332738937054, 0.0246828756530968, 0.920041503351878, 0.019641499917788574, 0.9536767912650466, 0.9544382011120792, 0.03425338633806755, 0.945486198481148, 0.28881720916650244, 0.9840915946270401, 0.016197211846626227, 0.2893807641021024, 0.9639279888176973, 0.9848363973772114, 0.9835652749875482, 0.973441055594637, 0.9711980349587618, 0.016197211846626227, 0.9598460924890233, 0.10580102775477189, 0.7445518773155779, 0.9780608637377833, 0.016197211846626227, 0.949427934091078, 0.9406141041561557, 0.7020716597276975, 0.016197211846626227, 0.9543439591441906, 0.9731183748244557, 0.758797131412198, 0.0246828756530968, 0.9374412775091608, 0.9835607276421584, 0.983407700660829, 0.9840335190850242, 0.860804700321585, 0.016197211846626227, 0.016197211846626227, 0.07239674026844806, 0.9862523584619519, 0.05938796876869988, 0.8164423073330086, 0.9336431690592796, 0.8243420802051963, 0.017395542945249993, 0.9670559508906819, 0.925085999288309, 0.016197211846626227, 0.8029211070956513, 0.03435142491173977, 0.8810290706612086, 0.9613097621176903, 0.9427855474026536, 0.8967991447931205, 0.9785108727691618, 0.016197211846626227, 0.015700773824231493, 0.9801697264192746, 0.03425338633806755, 0.062384333150171827, 0.6000115633728912, 0.9615611103575725, 0.5855150570068827, 0.8749620946248456, 0.9800311641004618, 0.9183981996053002, 0.6512631233018052, 0.9833840746098865, 0.9688109328960297, 0.6975758965144891, 0.492644848027748, 0.0246828756530968, 0.8609898996863774, 0.8724878316367487, 0.9749447115735362, 0.9395532730845071, 0.963184751451117, 0.9446198781939119, 0.9651575666983546, 0.016197211846626227, 0.9630626497187533, 0.8465355006891484, 0.03425338633806755, 0.04748827517920396, 0.6227156013229929, 0.016197211846626227, 0.9557804702552615, 0.31177571270260773, 0.9790821414595131, 0.016197211846626227, 0.6459455883918195, 0.9864356902921506, 0.8037375728416696, 0.0868612161965232, 0.5198904127768911, 0.016197211846626227, 0.016197211846626227, 0.9656161188616893, 0.4907263471803673, 0.9212190980531644, 0.07068684319876367, 0.9880244650493092, 0.7572137566028395, 0.8362181837642626, 0.5011541206566795, 0.051497076983499576, 0.63319791930641, 0.042846483527521254, 0.3439220423038899, 0.9402745767013861, 0.9285995491090154, 0.9785468392884794, 0.8713760324300251, 0.9766136795185376, 0.7963163305942131, 0.9310380822821658, 0.9929318588955901, 0.9483588233240189, 0.9835537293491453, 0.9878842085325421, 0.016197211846626227, 0.9866599761553634, 0.04329974620884145, 0.6369634575247708, 0.8089276277792626, 0.016197211846626227, 0.016197211846626227, 0.5697215617483126, 0.9824159137067837, 0.9711648165350323, 0.4412299906432205, 0.9837712631141406, 0.016197211846626227, 0.9555359139433146, 0.6937120298816354]"
Gradient Boosting,30,6,"[0, 1, 1, 1, 0, 0, 1, 1, 1, 1, 0, 1, 1, 1, 0, 0, 0, 1, 1, 1, 1, 1, 1, 1, 1, 0, 0, 0, 1, 1, 1, 1, 1, 0, 0, 1, 1, 1, 0, 0, 1, 1, 0, 1, 1, 1, 0, 1, 1, 0, 0, 0, 0, 0, 0, 1, 1, 1, 1, 0, 1, 1, 0, 1, 1, 1, 1, 1, 1, 1, 1, 1, 0, 1, 1, 1, 0, 1, 0, 1, 1, 0, 1, 1, 0, 1, 1, 1, 1, 0, 1, 1, 0, 1, 0, 1, 0, 1, 1, 1, 1, 1, 1, 1, 1, 1, 1, 1, 1, 0, 1, 1, 0, 1, 0, 1, 1, 1, 1, 1, 0, 1, 0, 1, 0, 1, 0, 1, 1, 1, 0, 1, 0, 1, 1, 1, 1, 0, 0, 1, 1, 0, 0, 1]","[1, 1, 1, 1, 0, 0, 1, 1, 1, 1, 0, 1, 1, 1, 0, 1, 0, 1, 1, 1, 1, 1, 1, 0, 1, 0, 0, 1, 1, 1, 1, 1, 1, 1, 1, 0, 1, 1, 0, 1, 1, 1, 1, 1, 1, 1, 1, 1, 1, 1, 0, 0, 0, 0, 0, 1, 0, 1, 1, 0, 1, 1, 1, 1, 1, 1, 0, 1, 1, 1, 0, 1, 0, 1, 1, 1, 1, 1, 0, 1, 1, 0, 1, 1, 0, 1, 1, 1, 1, 0, 1, 1, 1, 1, 1, 1, 0, 1, 0, 1, 1, 1, 1, 0, 1, 1, 1, 1, 1, 0, 1, 1, 0, 1, 0, 1, 1, 1, 0, 1, 0, 1, 0, 1, 0, 0, 0, 1, 1, 1, 0, 1, 0, 1, 1, 1, 1, 1, 0, 1, 1, 0, 0, 0]","[0.6464177224008518, 0.981862553878333, 0.9726955292584822, 0.985903736529337, 0.030289547279726582, 0.06711927651530497, 0.9242832240594882, 0.7389194787966573, 0.7141867697077641, 0.9664888968711888, 0.013575889084783107, 0.9849706206834291, 0.9443123879230411, 0.9881280404960557, 0.02174434587873698, 0.5021795998486634, 0.3541846831464127, 0.9058834920342292, 0.7382061596783922, 0.8445429632879289, 0.9090029391995966, 0.9759238219278314, 0.6197947608891577, 0.4114492267059063, 0.9904648047231187, 0.02485155211654276, 0.24256885763508898, 0.9177028849193583, 0.5672410323871921, 0.8925629860271144, 0.9750444981665993, 0.7962841844635669, 0.9917621131883027, 0.9503553769830447, 0.6829937621423645, 0.1239365458546518, 0.9567980802386465, 0.9403665450263141, 0.036159963565409146, 0.9564249439993019, 0.9801967134739258, 0.5868401848098219, 0.5864470666293967, 0.9764076816043188, 0.9685106113024673, 0.9512615034015267, 0.501349318497599, 0.543056548542615, 0.5207953834884855, 0.9121335278277122, 0.016811279413421937, 0.03487131720168976, 0.07359081399647326, 0.013575889084783107, 0.20741720148945653, 0.9866622572304862, 0.4604762132568849, 0.9442357183205863, 0.8341747467158481, 0.015089025105381881, 0.9253148574524508, 0.9820177343377009, 0.8938212358204081, 0.9553183805837422, 0.9812147181934984, 0.9342232467540897, 0.36700217692409204, 0.978655894588484, 0.9799723659927945, 0.875436263422154, 0.22974455145071698, 0.9765230386667519, 0.018077976578264734, 0.9847041991167341, 0.9889487723746602, 0.9413051492290988, 0.9854033172407752, 0.9750318484170062, 0.015110378468482386, 0.9595006373918332, 0.9765339520753811, 0.11669242598999728, 0.9669610599030389, 0.9797744174290028, 0.013575889084783107, 0.982454325499904, 0.9894266599743636, 0.8925294349428788, 0.8614603544052245, 0.28423762294585586, 0.5424659338235275, 0.9735051828896651, 0.7468869095750476, 0.9003049274089775, 0.9823838536190909, 0.9808194840579746, 0.061820245416764855, 0.8291930927979134, 0.14631593480275715, 0.6605039707932895, 0.9834694798526921, 0.8736355383069121, 0.9311551761315383, 0.013575889084783107, 0.9282545241678852, 0.9762704975682425, 0.813488684572045, 0.9680967047313518, 0.6802126456711808, 0.23889361655794547, 0.8531869038427335, 0.9770359860860272, 0.018077976578264734, 0.9560245903605222, 0.31584892155822525, 0.9828906588568662, 0.7318895579702922, 0.9609043974349526, 0.40072675054297235, 0.964049201077491, 0.23830559467522966, 0.9803448046877615, 0.013575889084783107, 0.9839216999629116, 0.20819341304409597, 0.3550207376302381, 0.10051785603048886, 0.9830132099809404, 0.9651087477357395, 0.9469622387059501, 0.11133153412491532, 0.9223909177499153, 0.018077976578264734, 0.9855327968178835, 0.967714637062072, 0.9880847798267027, 0.9565274405283093, 0.6372708900699006, 0.10678842513153336, 0.9734662495779106, 0.9105353331808108, 0.2548229388552201, 0.013575889084783107, 0.2094858725565061]"
Gradient Boosting,31,7,"[1, 1, 1, 0, 1, 1, 1, 1, 1, 0, 1, 1, 1, 1, 1, 1, 1, 0, 1, 0, 1, 1, 1, 0, 1, 1, 1, 0, 1, 1, 1, 1, 1, 0, 1, 1, 1, 1, 0, 1, 1, 0, 1, 1, 1, 1, 0, 1, 1, 0, 0, 0, 0, 1, 1, 0, 0, 0, 0, 1, 0, 1, 1, 1, 0, 1, 1, 1, 1, 1, 1, 1, 1, 1, 0, 1, 1, 1, 1, 1, 1, 1, 1, 1, 1, 0, 0, 1, 1, 0, 0, 0, 1, 0, 1, 0, 1, 1, 1, 1, 0, 1, 1, 0, 1, 0, 1, 0, 0, 1, 1, 0, 0, 1, 1, 1, 1, 0, 0, 0, 1, 0, 0, 0, 0, 1, 0, 0, 1, 1, 0, 1, 0, 0, 1, 1, 0, 1, 1, 0, 1, 0, 1]","[1, 1, 1, 0, 1, 1, 1, 1, 1, 0, 1, 1, 1, 1, 1, 0, 1, 0, 1, 0, 1, 1, 0, 0, 1, 0, 1, 0, 1, 1, 0, 1, 1, 1, 1, 1, 1, 1, 1, 1, 1, 1, 1, 1, 1, 1, 0, 1, 1, 0, 0, 1, 0, 1, 1, 0, 0, 1, 0, 1, 0, 1, 1, 0, 0, 1, 1, 1, 1, 1, 0, 1, 1, 1, 0, 1, 1, 1, 1, 1, 1, 1, 1, 1, 1, 0, 0, 1, 1, 0, 0, 1, 1, 0, 1, 0, 1, 1, 1, 1, 1, 1, 1, 1, 1, 1, 1, 1, 0, 1, 1, 0, 0, 1, 1, 1, 1, 0, 0, 1, 1, 1, 0, 1, 1, 1, 0, 0, 1, 1, 0, 1, 1, 0, 1, 1, 0, 1, 0, 0, 1, 0, 1]","[0.9814693037298755, 0.9713947582218306, 0.9862652120772301, 0.01660101700480029, 0.965328464054954, 0.9689345907397168, 0.9695366995104523, 0.9842336816072486, 0.8731729091916796, 0.12810025024948926, 0.9417653905556295, 0.9423904712930967, 0.9372787956995055, 0.9556730718096176, 0.9842001458874898, 0.35340368692471336, 0.9541264863623141, 0.14957056196959045, 0.9417112177069901, 0.01660101700480029, 0.961030789852835, 0.9702675048187258, 0.4991590867950967, 0.04692764153623631, 0.9744016142877332, 0.4768292229346761, 0.8511941464992838, 0.01660101700480029, 0.9854314271349112, 0.9719768440692593, 0.45808493451672216, 0.8777974972294995, 0.8556301060221503, 0.5145856344585957, 0.9842698920059705, 0.9700447028883781, 0.9627335172192211, 0.9312879835993343, 0.873636188284219, 0.6054534318198586, 0.9734660248787076, 0.8484724980183467, 0.9773567969452062, 0.9227938056797332, 0.9170610351335132, 0.9912815009756399, 0.01660101700480029, 0.8274543967396403, 0.5090035660103124, 0.022236791651418977, 0.0599992959874389, 0.9154683111944852, 0.28219874923414123, 0.9322732677632091, 0.9723108076972434, 0.08597056300244697, 0.01660101700480029, 0.9148012049641817, 0.07458840687558524, 0.7169288117273029, 0.01660101700480029, 0.9909140785312827, 0.9773989877709787, 0.41698012457925454, 0.01660101700480029, 0.9603644163751255, 0.8003196102885053, 0.9426416280531541, 0.9224813344119606, 0.982366137671579, 0.3055828870859161, 0.9899891878452666, 0.9512247910515784, 0.978574328712343, 0.029527739420580998, 0.9683478773351435, 0.9779998790557419, 0.9934412608471797, 0.9774036007512029, 0.9510150048894416, 0.9857063020089747, 0.9834468696061652, 0.949649333808346, 0.9663367550875814, 0.9664666750776756, 0.07314391439421138, 0.024530241156916877, 0.8961504536490463, 0.6568969392102868, 0.0559680815678667, 0.01660101700480029, 0.5685293426415348, 0.9410260548007995, 0.01660101700480029, 0.6722915585812116, 0.01660101700480029, 0.8690834073359059, 0.9687099343920359, 0.6375393000070495, 0.9214289166625637, 0.9572520292558573, 0.991006375600976, 0.9325921727800033, 0.946426948048623, 0.9067511007140227, 0.5509293474030955, 0.9678601391585199, 0.9623193880521027, 0.34449208693326067, 0.555183060757733, 0.9215150833305089, 0.01963874783812031, 0.01660101700480029, 0.9870394038097818, 0.9859787430896846, 0.9064021034269143, 0.9793035140212792, 0.028947015324883682, 0.030624099328344884, 0.8561353236976164, 0.5796206933144303, 0.5091880833159216, 0.20741420112167952, 0.95181100738331, 0.7886781099266709, 0.9013150809394435, 0.01660101700480029, 0.01660101700480029, 0.8245212332336785, 0.9911578008602401, 0.16744541118964473, 0.9441356910498251, 0.94433738529801, 0.14179023304837823, 0.9912645477815132, 0.9915314321061502, 0.01660101700480029, 0.945714636898621, 0.4626143490058115, 0.02906219148996706, 0.8852844503667865, 0.05897366315887678, 0.9876240958183271]"
Gradient Boosting,32,7,"[0, 1, 0, 1, 1, 0, 0, 1, 0, 1, 0, 1, 1, 0, 1, 1, 1, 1, 0, 1, 0, 1, 1, 1, 1, 1, 1, 0, 0, 1, 0, 1, 1, 1, 0, 0, 0, 0, 0, 1, 0, 1, 1, 1, 1, 1, 0, 0, 1, 1, 1, 0, 0, 0, 1, 0, 0, 0, 1, 1, 0, 0, 0, 0, 1, 1, 1, 1, 1, 1, 1, 1, 0, 1, 1, 1, 0, 1, 1, 0, 1, 0, 0, 1, 0, 0, 1, 0, 0, 1, 1, 0, 0, 0, 1, 1, 0, 1, 0, 0, 1, 1, 1, 0, 0, 1, 0, 0, 1, 1, 1, 0, 1, 1, 1, 1, 1, 0, 1, 0, 0, 1, 1, 1, 1, 0, 1, 0, 1, 0, 0, 1, 0, 0, 0, 0, 1, 0, 0, 1, 1, 1, 1]","[1, 1, 0, 1, 1, 1, 1, 1, 1, 1, 0, 1, 1, 0, 1, 1, 1, 1, 0, 1, 0, 1, 1, 1, 1, 1, 1, 0, 0, 1, 0, 1, 1, 1, 1, 1, 0, 0, 1, 1, 0, 1, 1, 1, 1, 1, 1, 1, 1, 0, 1, 0, 0, 0, 1, 0, 0, 0, 1, 1, 0, 0, 0, 0, 1, 1, 0, 1, 1, 1, 1, 0, 0, 1, 1, 1, 0, 1, 1, 0, 1, 0, 0, 1, 0, 0, 1, 0, 0, 0, 1, 1, 0, 0, 1, 1, 0, 1, 0, 1, 1, 0, 1, 1, 1, 1, 0, 1, 1, 1, 1, 0, 1, 1, 1, 1, 1, 1, 1, 1, 1, 1, 1, 1, 1, 1, 1, 0, 1, 0, 1, 1, 0, 0, 0, 1, 1, 0, 1, 1, 1, 1, 1]","[0.9349134001881919, 0.989112219926343, 0.022708488869541577, 0.9893424865742523, 0.935383367175788, 0.9337744625107368, 0.9815789955149342, 0.9869713221583014, 0.7209399220647823, 0.6351777319905952, 0.04731408992241645, 0.8443868974679025, 0.9349880855095163, 0.02106443406500409, 0.6864865299025508, 0.9040946494730355, 0.6157656580314474, 0.9420857486215263, 0.025276049390053974, 0.8729142488603457, 0.23542891841278493, 0.9909832248057301, 0.9668969823628499, 0.8904106216448845, 0.799070291797526, 0.9879146438572958, 0.9468282758614236, 0.019912370220550275, 0.1680409682292667, 0.6175101766497856, 0.017980130699597405, 0.8854589684818936, 0.9785758310596533, 0.9749175019889686, 0.9116292843366051, 0.5487205484639563, 0.04495094241315795, 0.3758325460531662, 0.9666792451925094, 0.9861056756841848, 0.3795773438741029, 0.8895435795049997, 0.9333017514354879, 0.609966392871356, 0.9764982971979307, 0.9829897750101165, 0.6151894854804396, 0.8965780239510117, 0.9873834025253987, 0.12023281340293245, 0.7377838709648267, 0.06337625321505298, 0.08923085021813608, 0.031822964535446426, 0.7025727098772092, 0.10808706044374256, 0.017980130699597405, 0.025276049390053974, 0.8339667916610953, 0.8745489658536424, 0.017980130699597405, 0.017980130699597405, 0.19750861275333875, 0.08568253651765131, 0.9776660487631996, 0.7835371726715442, 0.42578519110060875, 0.9817936760686872, 0.9461583030493564, 0.9929767413952704, 0.9479907080745918, 0.3366490165608384, 0.01702908527541787, 0.9511465946141228, 0.9864389511718838, 0.9725344271149214, 0.01704959576274547, 0.5147237685381596, 0.9034072914782688, 0.026058799267686925, 0.9781833021686549, 0.03623957486860862, 0.024195243769333345, 0.8879417618143471, 0.02002402808547888, 0.022708488869541577, 0.8056421523786157, 0.022170956613204448, 0.4862764356718528, 0.31153792805110486, 0.9873685039651727, 0.7785498358903824, 0.14062147589324492, 0.02002402808547888, 0.9787516122302148, 0.7001873763057637, 0.017980130699597405, 0.9545278353285288, 0.025706375310066854, 0.8417549646522611, 0.5250009939006749, 0.23919654170720797, 0.9827919113894481, 0.8713534579674213, 0.8473446895858308, 0.81995339428498, 0.02002402808547888, 0.7864086529667379, 0.9360328391730223, 0.7398374051377343, 0.9036486695481919, 0.02002402808547888, 0.882166126537555, 0.8015435048589544, 0.94298513337476, 0.9918391980641356, 0.9402102282862865, 0.9138195596222154, 0.9900915707803589, 0.5912329047215529, 0.7793689908678506, 0.9911524037404591, 0.9162411986736677, 0.9643909150803079, 0.8327799007873037, 0.9576888656396066, 0.9840458616067121, 0.022708488869541577, 0.9668792186179519, 0.05362324539815858, 0.9073440507274769, 0.9882401401450537, 0.02002402808547888, 0.28341191101885643, 0.28585413748241223, 0.7051351463382393, 0.9878205687375672, 0.2285843946532203, 0.7181749770130947, 0.9644995042312672, 0.9828510236672366, 0.9864656337812052, 0.9561340052142635]"
Gradient Boosting,33,7,"[1, 0, 0, 0, 0, 1, 1, 1, 1, 1, 0, 1, 1, 0, 1, 0, 0, 1, 0, 1, 1, 1, 1, 1, 1, 1, 1, 1, 1, 1, 1, 0, 1, 1, 0, 0, 0, 1, 1, 1, 1, 0, 1, 0, 1, 0, 1, 1, 1, 0, 1, 1, 1, 0, 0, 1, 1, 1, 0, 1, 1, 1, 0, 0, 1, 1, 0, 1, 0, 1, 1, 1, 1, 1, 0, 1, 0, 1, 0, 1, 0, 1, 1, 1, 0, 1, 0, 1, 0, 1, 0, 1, 0, 1, 1, 1, 1, 1, 1, 1, 1, 1, 1, 1, 1, 1, 1, 1, 1, 1, 0, 1, 1, 1, 0, 0, 0, 1, 1, 0, 0, 0, 1, 1, 1, 0, 0, 0, 1, 1, 1, 1, 1, 0, 1, 1, 1, 0, 1, 0, 1, 0, 1, 0]","[1, 1, 1, 1, 0, 1, 0, 1, 1, 1, 1, 1, 1, 0, 1, 1, 0, 1, 0, 1, 1, 1, 0, 1, 1, 1, 1, 1, 1, 1, 1, 0, 1, 1, 0, 1, 0, 1, 1, 1, 1, 1, 1, 0, 1, 1, 1, 0, 1, 1, 1, 1, 1, 0, 0, 1, 1, 1, 0, 1, 1, 1, 1, 0, 1, 1, 0, 1, 0, 1, 1, 1, 1, 1, 1, 1, 0, 1, 1, 1, 0, 1, 1, 1, 0, 1, 0, 1, 1, 1, 0, 0, 0, 1, 1, 1, 1, 1, 0, 1, 1, 1, 1, 1, 1, 1, 1, 1, 0, 1, 0, 1, 0, 1, 1, 0, 0, 0, 1, 0, 0, 1, 0, 1, 1, 0, 0, 0, 1, 1, 1, 1, 1, 1, 1, 0, 1, 0, 1, 0, 1, 0, 1, 0]","[0.9830098688554402, 0.6610915345713291, 0.5292806776058879, 0.6812253585250516, 0.08294940673875528, 0.964702825152092, 0.16611736623474752, 0.9876073208872215, 0.9870185070586567, 0.9813183390476707, 0.9693347012734741, 0.9587196289854403, 0.8850055542391282, 0.03705885580898991, 0.9930859416364038, 0.7815431276435267, 0.03311475882773732, 0.900039364866988, 0.01156637514780448, 0.8765243495551507, 0.967285376845891, 0.9889462414812549, 0.01581800244194904, 0.5495480071805002, 0.8561853614866591, 0.9644424603447168, 0.8977407068544621, 0.6671625546684251, 0.9620245786587437, 0.9849867295005045, 0.8773285103879782, 0.016163998259718405, 0.7135726395848335, 0.9822868790049414, 0.37409363122265227, 0.8718565505909761, 0.44807745961389733, 0.813184863175022, 0.701527020982397, 0.6235586052464879, 0.9842042018867625, 0.6531682805395868, 0.9780648065492186, 0.01194618164102117, 0.8331005341801037, 0.5969465458846869, 0.618998771738392, 0.04853070949198283, 0.8371198818528811, 0.8535701658789074, 0.9052231238099991, 0.9882728406667576, 0.9169477489249174, 0.026187581165563537, 0.01194618164102117, 0.987040945994552, 0.861918356810972, 0.9466036181012993, 0.01194618164102117, 0.9224999027339152, 0.9861702956833657, 0.9473787225499245, 0.607074594628007, 0.01194618164102117, 0.9782699853002624, 0.641532058564681, 0.01581800244194904, 0.9815599315127893, 0.059766348225443335, 0.9666596185681259, 0.6999555582502908, 0.9303163541513174, 0.985972031647605, 0.9915617918146283, 0.9809986410894076, 0.9697694605361095, 0.018677575521514313, 0.8440773103848437, 0.7414366263671711, 0.9482960035852067, 0.02752019653098339, 0.9847960019115657, 0.9683384146669413, 0.8748219135950426, 0.01194618164102117, 0.9517315048642684, 0.01194618164102117, 0.9223970607314226, 0.8885686596422854, 0.9759589827604684, 0.025085029143144495, 0.08778281820013206, 0.01194618164102117, 0.9876689644224587, 0.9577279998020839, 0.9788833660051778, 0.9675763195862667, 0.9646769201949327, 0.01194618164102117, 0.9673960902857845, 0.9786197144451539, 0.8841123191468162, 0.9750718875650876, 0.9610865797503167, 0.9669718296071379, 0.9509623816070911, 0.7267234073681239, 0.9734518978594737, 0.15484679252316885, 0.990778020053189, 0.016163998259718405, 0.9856081977332547, 0.3755362952338825, 0.985676228194752, 0.9175503247782612, 0.35800626938312496, 0.2162510316135896, 0.419896906939305, 0.9758950800762315, 0.02535462519957126, 0.027763727843298, 0.8792053300251614, 0.44284915110037026, 0.8823298807341743, 0.9597618125322878, 0.015133302903559073, 0.01194618164102117, 0.01194618164102117, 0.9737311314531835, 0.9853219200449778, 0.8197306666297559, 0.8571418853480703, 0.9816463738992792, 0.6056450337667053, 0.9804736091397993, 0.01581800244194904, 0.8109111548542729, 0.08296750733134994, 0.8828255559392943, 0.01194618164102117, 0.9545835673620244, 0.23927702147820298, 0.9323297834594214, 0.01194618164102117]"
Gradient Boosting,34,7,"[0, 1, 1, 0, 1, 1, 0, 1, 0, 1, 1, 1, 1, 1, 0, 0, 0, 0, 1, 1, 1, 1, 1, 1, 0, 0, 1, 1, 0, 1, 1, 0, 1, 1, 1, 1, 0, 1, 1, 1, 1, 1, 1, 0, 1, 1, 0, 0, 0, 0, 1, 0, 0, 1, 1, 0, 0, 1, 1, 1, 1, 1, 1, 0, 1, 1, 1, 0, 1, 1, 1, 1, 1, 0, 0, 1, 1, 1, 1, 1, 1, 1, 1, 1, 1, 1, 0, 1, 1, 1, 0, 1, 1, 1, 0, 1, 1, 0, 1, 1, 0, 1, 1, 1, 1, 1, 1, 1, 0, 0, 0, 0, 1, 0, 1, 1, 1, 0, 1, 1, 0, 1, 1, 1, 1, 1, 0, 1, 1, 1, 0, 1, 0, 1, 1, 1, 1, 1, 0, 0, 1, 0, 0, 1]","[1, 1, 1, 0, 1, 1, 0, 0, 1, 1, 1, 0, 1, 1, 0, 0, 0, 0, 1, 1, 1, 0, 1, 1, 0, 0, 1, 1, 1, 1, 1, 0, 1, 1, 1, 1, 0, 1, 1, 0, 1, 1, 1, 0, 1, 1, 0, 0, 0, 0, 1, 0, 0, 1, 1, 1, 1, 1, 1, 1, 1, 1, 1, 1, 1, 1, 0, 0, 1, 1, 1, 1, 1, 0, 0, 1, 1, 0, 1, 1, 1, 1, 1, 1, 1, 1, 0, 1, 1, 1, 0, 1, 1, 1, 0, 1, 1, 0, 1, 1, 1, 1, 0, 1, 1, 1, 1, 1, 0, 1, 1, 0, 0, 0, 1, 1, 1, 1, 1, 1, 0, 1, 1, 1, 1, 1, 0, 1, 1, 1, 0, 1, 0, 0, 1, 0, 1, 1, 0, 1, 1, 0, 0, 1]","[0.8185634672758816, 0.9738730223259755, 0.7794678581311393, 0.032784462247033026, 0.7778533625346602, 0.8900777442681655, 0.016806312535972, 0.22621380930205584, 0.7833252086879218, 0.9477484590762372, 0.9692111404739954, 0.08107854684294137, 0.977406346149979, 0.9833922089678127, 0.12078866454456388, 0.3952796159070792, 0.02682814080468578, 0.036653749563434875, 0.9417790364074096, 0.9703271733645416, 0.9460665407982444, 0.4625293548919434, 0.9147703413942851, 0.985277260361781, 0.06633363299406739, 0.016242368431782114, 0.9842362438378556, 0.9665569379851298, 0.5432008290044938, 0.9669536207056384, 0.9877327506589955, 0.02682814080468578, 0.7699950163134298, 0.9740831561907469, 0.9799450051036992, 0.9819195624015593, 0.016806312535972, 0.9730751398778372, 0.6416843242587696, 0.020213957005739046, 0.9536141843696685, 0.9796895206300873, 0.9721179831253491, 0.15824063875599065, 0.974169286462944, 0.9847465619009408, 0.3601366306208831, 0.07125310859860576, 0.031455547338244606, 0.13054593426768898, 0.9184399424710362, 0.016806312535972, 0.016806312535972, 0.9690500991723359, 0.9662890000038891, 0.6145289601814159, 0.9205062404199101, 0.9156713403316401, 0.9690143746301049, 0.9490399317573402, 0.7638619796532433, 0.9795810648099805, 0.976874733319468, 0.8150783055962839, 0.9677929936378461, 0.9407565902010294, 0.16744663257145026, 0.21179380350711277, 0.9767883036259188, 0.9430416797714473, 0.9422541067064261, 0.9779533804074272, 0.8478372225176645, 0.07637799163475244, 0.01736535995524558, 0.6458104373155262, 0.577721145436161, 0.01182936520673958, 0.9745533344378653, 0.8345554170438274, 0.9797013583497336, 0.9673463646699445, 0.9622992707882954, 0.9341952447669275, 0.9498417834177065, 0.9792315950364313, 0.05170345316809486, 0.9733015608218266, 0.8100204930752313, 0.9630547086958543, 0.013897683223003155, 0.871827969439415, 0.9455120898325975, 0.5257517460563714, 0.016242368431782114, 0.9797220941242568, 0.9858342170130713, 0.0776913622531041, 0.640630144461004, 0.9849177686829409, 0.9705580980881968, 0.9379536475237584, 0.08063651261902828, 0.9740311793494073, 0.9443773716703765, 0.9718371755221625, 0.9521955155518509, 0.9835846612138665, 0.016806312535972, 0.710808737084743, 0.9536673045318353, 0.25548999445371867, 0.06812631311054504, 0.249429633082264, 0.8120659635554166, 0.6283979718954867, 0.9437852241248968, 0.961452718298762, 0.9714027758027667, 0.9386605071699614, 0.11122593455904059, 0.8487222893925125, 0.958772903909638, 0.9308250323798268, 0.9866792231130401, 0.9708577119007163, 0.11122593455904059, 0.9847465619009408, 0.6713625951211863, 0.978137411197475, 0.10507978778604253, 0.9621601038569644, 0.09317206350614206, 0.27853073666509137, 0.9624019055589769, 0.17653278227644612, 0.9655715403617902, 0.9733639218090953, 0.028997092036889657, 0.6630853486923328, 0.978137411197475, 0.3119784286287329, 0.016806312535972, 0.9470496187780726]"
Gradient Boosting,35,7,"[0, 1, 1, 0, 0, 1, 1, 1, 0, 1, 1, 1, 0, 0, 1, 1, 1, 1, 0, 1, 1, 0, 1, 1, 1, 0, 0, 1, 1, 0, 1, 0, 1, 0, 1, 0, 1, 0, 0, 0, 1, 0, 1, 1, 0, 1, 1, 1, 1, 0, 1, 0, 1, 1, 0, 1, 1, 1, 0, 1, 1, 1, 1, 1, 1, 1, 1, 1, 0, 1, 0, 0, 0, 1, 1, 1, 1, 1, 1, 1, 1, 1, 0, 1, 1, 1, 1, 1, 1, 1, 1, 1, 1, 0, 1, 0, 0, 1, 1, 0, 0, 1, 0, 1, 0, 1, 1, 0, 0, 1, 1, 1, 1, 1, 1, 1, 0, 1, 1, 0, 0, 1, 0, 1, 1, 0, 1, 1, 1, 0, 1, 1, 1, 0, 0, 1, 0, 0, 0, 1, 0, 1, 1]","[1, 0, 1, 0, 0, 1, 1, 1, 0, 1, 1, 1, 0, 0, 1, 1, 1, 1, 0, 1, 0, 0, 1, 1, 1, 0, 1, 1, 1, 1, 1, 0, 1, 0, 1, 0, 1, 1, 0, 0, 1, 1, 1, 1, 1, 1, 1, 1, 1, 0, 1, 1, 0, 1, 0, 1, 1, 1, 0, 0, 1, 1, 1, 1, 0, 1, 0, 1, 0, 1, 1, 0, 1, 1, 0, 1, 0, 1, 1, 1, 0, 1, 1, 1, 1, 1, 1, 1, 1, 1, 1, 1, 1, 0, 0, 0, 1, 1, 1, 0, 0, 1, 1, 1, 0, 1, 1, 1, 1, 1, 1, 1, 1, 1, 1, 1, 1, 1, 1, 0, 0, 1, 0, 1, 1, 0, 1, 1, 1, 1, 1, 1, 0, 1, 0, 1, 0, 1, 1, 1, 0, 1, 0]","[0.9522172684101076, 0.13034828576789473, 0.9886107609096548, 0.029318399754431342, 0.05759114216969581, 0.9378048109163627, 0.9848332068296228, 0.6529834792711302, 0.01561141093356766, 0.9874627661955268, 0.9672560754908863, 0.9862210848860478, 0.03780694718307783, 0.01561141093356766, 0.636081354554998, 0.9343159778313892, 0.9592659522669946, 0.7391610162068445, 0.22094628805433128, 0.9734830374948408, 0.15895613180944834, 0.05367984173963319, 0.7772312478854209, 0.9769710839304095, 0.9732141289677366, 0.06626076425940791, 0.9727285558358436, 0.9431783289264947, 0.8685844061626595, 0.7132073571931496, 0.9882364159821775, 0.02430991232697096, 0.8560584576534698, 0.03349030976064667, 0.9594859912447281, 0.04822182372118354, 0.9114085422163954, 0.920929762588407, 0.2714152952735047, 0.01561141093356766, 0.9587290323370584, 0.7154832548372505, 0.9766107962729308, 0.9815006983575639, 0.9583825850245276, 0.9761456720662175, 0.9798878892962278, 0.948284333210792, 0.982159012055771, 0.3556233721424872, 0.9818966315732162, 0.9256816021309485, 0.14016530521588286, 0.9570843897050463, 0.01561141093356766, 0.7387174554776225, 0.9545670752721049, 0.5671309857772009, 0.035891467703348626, 0.49392728494418925, 0.9875516042197814, 0.6123619941448166, 0.9322696676504466, 0.8082020233741133, 0.4137923795362906, 0.5842264209456812, 0.04400652182774491, 0.9855121155070925, 0.05367984173963319, 0.9820457664289814, 0.7778751332185657, 0.01817154711874618, 0.6934200846239388, 0.9843339434517813, 0.05210845442858312, 0.9752613407531795, 0.26545071834247247, 0.9782075894849447, 0.9862685011071309, 0.8042202399896281, 0.29278117007745835, 0.9825670653468297, 0.7827194951631185, 0.9432181002154328, 0.6404124383212899, 0.9457182964097991, 0.8964129803542945, 0.9833006625331263, 0.9739342162661584, 0.9234467052817333, 0.7771875347636451, 0.9795106046162736, 0.976004794950046, 0.25477712804082675, 0.289225566376632, 0.08541745104233772, 0.9902511969024708, 0.539689609818634, 0.9781425346045639, 0.01561141093356766, 0.051046758842291734, 0.9357235816765372, 0.9185771156880534, 0.8091100950873681, 0.05320217763880203, 0.9675678917726125, 0.8847035409908525, 0.7048633959232212, 0.6640464822732987, 0.9794583012502904, 0.803481601784642, 0.9677192465018075, 0.5527287596567982, 0.9910949636666435, 0.9559493793213328, 0.964579697635886, 0.834053973395886, 0.8632566998835522, 0.8741114866926782, 0.05203620751926252, 0.10817572153560183, 0.9340968135747157, 0.045641386749212, 0.9302516998561684, 0.9880475402978487, 0.32697021710425317, 0.985567885620451, 0.9838762731326157, 0.9827893480538201, 0.6982100010586371, 0.9884767335276228, 0.9862685011071309, 0.3730860972121123, 0.8556425209132681, 0.07093448752013906, 0.8843617165819199, 0.13123641441811998, 0.965656885064102, 0.9476837467997117, 0.5920852912076816, 0.01561141093356766, 0.9888234940799999, 0.05924316708861788]"
Gradient Boosting,36,8,"[1, 1, 1, 1, 1, 0, 0, 1, 0, 1, 1, 1, 1, 1, 1, 1, 0, 1, 1, 0, 1, 1, 1, 1, 1, 1, 0, 1, 0, 0, 1, 1, 0, 0, 1, 1, 1, 0, 1, 1, 0, 1, 1, 1, 1, 1, 0, 1, 1, 1, 0, 1, 0, 0, 1, 0, 1, 1, 0, 0, 1, 0, 0, 0, 0, 0, 1, 1, 1, 1, 1, 1, 1, 1, 1, 1, 1, 0, 0, 0, 0, 1, 1, 1, 0, 1, 1, 1, 0, 0, 1, 0, 1, 1, 1, 0, 0, 1, 1, 1, 0, 1, 1, 1, 0, 0, 1, 1, 1, 1, 0, 0, 1, 1, 0, 0, 1, 1, 1, 0, 0, 1, 1, 1, 0, 0, 0, 1, 1, 0, 0, 0, 1, 0, 1, 0, 0, 0, 1, 1, 1, 0, 0, 0]","[1, 1, 1, 1, 1, 0, 0, 1, 1, 1, 1, 1, 1, 1, 1, 1, 0, 1, 1, 0, 1, 0, 1, 1, 1, 1, 0, 1, 0, 0, 1, 1, 0, 1, 1, 1, 1, 1, 1, 0, 0, 1, 0, 1, 1, 1, 1, 1, 1, 1, 0, 1, 0, 0, 1, 1, 1, 1, 0, 1, 1, 0, 0, 0, 1, 0, 1, 1, 0, 1, 1, 1, 1, 1, 1, 1, 1, 0, 0, 0, 0, 1, 1, 1, 0, 1, 1, 1, 0, 0, 1, 1, 1, 1, 1, 0, 0, 0, 1, 1, 0, 1, 1, 1, 1, 1, 1, 1, 1, 1, 1, 1, 1, 1, 1, 0, 1, 1, 1, 0, 0, 1, 1, 1, 0, 1, 1, 1, 1, 0, 0, 0, 1, 0, 1, 0, 0, 0, 1, 1, 0, 0, 0, 0]","[0.9767098138737477, 0.9762937540021855, 0.9844808962413855, 0.9571735674581321, 0.8976957751603803, 0.017155575015139198, 0.1972807302799476, 0.8121357716328867, 0.726426214187591, 0.9545962694336336, 0.9833608916345743, 0.9757506384928379, 0.9738252439094679, 0.9414390091758423, 0.940117750278915, 0.9782894186036917, 0.20722325287408233, 0.9474297199693249, 0.5948959740235366, 0.05017317739290883, 0.5773144279511891, 0.4245560617647628, 0.9540940604175857, 0.9024560596940162, 0.9496217170731464, 0.5711095119235422, 0.24593233167812617, 0.9542746774460809, 0.09794567535408072, 0.017155575015139198, 0.7226827820300076, 0.9555893811144605, 0.017155575015139198, 0.8476392613450487, 0.9300199695213452, 0.6523538367044399, 0.9752422452321928, 0.5474523866902556, 0.9826639185061953, 0.23195163627365925, 0.2750848722561101, 0.9880957153114364, 0.35779113402709767, 0.9706555680382293, 0.9713206154710927, 0.6313369112090867, 0.9148118804121216, 0.8100205843627766, 0.8509279895437886, 0.9070591648886388, 0.1427339014047177, 0.8308537043846476, 0.03801507769342734, 0.017155575015139198, 0.9451108307191406, 0.9121303991872785, 0.9641214046116683, 0.9628326411581336, 0.017155575015139198, 0.5264135687584365, 0.9699697041637845, 0.10496106289144769, 0.1093146497904062, 0.017155575015139198, 0.9379207316053222, 0.08527264638753548, 0.7215988245483302, 0.7159755176424486, 0.4600418242800658, 0.9442689340803232, 0.9612058764980634, 0.8786534501239871, 0.9795013512534543, 0.7404052045557339, 0.9461497929026624, 0.9751459561486896, 0.9699651015110248, 0.02914573572313289, 0.12417009386758399, 0.014553402097613057, 0.027925577122791184, 0.9389086672663856, 0.9545073108659302, 0.9690355605704482, 0.025488423716352585, 0.9195493182082141, 0.9750397502495503, 0.9887802183568618, 0.01706658846131233, 0.025488423716352585, 0.9807289959961767, 0.7817398342619215, 0.9797941052191034, 0.921427668589017, 0.9772703326276347, 0.081276457401595, 0.007113876776001979, 0.40811384213972013, 0.8206738882573265, 0.9757506384928379, 0.017155575015139198, 0.6401794395594577, 0.9792484155573534, 0.8819792093638109, 0.8414052568144762, 0.9590217803270513, 0.9127422241909416, 0.9061330118177782, 0.8841662049653136, 0.9920710878470853, 0.9023593322759071, 0.892324110583614, 0.817071389542009, 0.6807728637899905, 0.5632188138909745, 0.016164163122590593, 0.9424333236874782, 0.9544178472575049, 0.9500224386609033, 0.025488423716352585, 0.01706658846131233, 0.9804204670739491, 0.9787180681364003, 0.8329229008682025, 0.13121563014386037, 0.6356256239496754, 0.6787542112130144, 0.8963161457365529, 0.8188331445671954, 0.19523996084785605, 0.35797955013565036, 0.24124180980128876, 0.8412328348422017, 0.17598533346260967, 0.9923468837616775, 0.0861075446349903, 0.3454955976376177, 0.014560734043175672, 0.9676679948332553, 0.9722267053790918, 0.40002794269544073, 0.02278844684556384, 0.07002884887457007, 0.017155575015139198]"
Gradient Boosting,37,8,"[1, 0, 1, 0, 0, 1, 0, 1, 1, 1, 1, 1, 1, 1, 1, 1, 1, 0, 1, 1, 1, 1, 1, 1, 1, 1, 1, 1, 0, 0, 1, 1, 1, 0, 1, 1, 1, 0, 1, 0, 0, 1, 0, 1, 1, 0, 1, 1, 1, 1, 1, 0, 0, 1, 0, 0, 0, 1, 1, 0, 0, 0, 1, 1, 1, 1, 1, 1, 1, 1, 1, 1, 1, 1, 1, 0, 1, 1, 1, 1, 1, 1, 1, 1, 1, 1, 1, 1, 1, 0, 1, 1, 1, 1, 1, 1, 0, 1, 0, 1, 0, 0, 0, 0, 1, 0, 1, 1, 1, 1, 1, 1, 1, 1, 1, 1, 1, 1, 1, 1, 0, 0, 1, 1, 0, 0, 1, 0, 0, 1, 0, 0, 1, 0, 1, 1, 0, 0, 1, 1, 1, 1, 1, 1]","[1, 1, 1, 0, 0, 1, 0, 0, 1, 0, 1, 0, 1, 1, 1, 0, 1, 0, 0, 0, 1, 1, 1, 1, 1, 1, 1, 1, 0, 0, 1, 1, 1, 0, 1, 1, 1, 1, 1, 0, 0, 1, 1, 1, 1, 0, 1, 0, 0, 1, 1, 0, 0, 0, 0, 0, 0, 1, 1, 0, 0, 0, 1, 1, 1, 1, 1, 1, 1, 1, 1, 1, 1, 0, 1, 0, 1, 1, 1, 1, 1, 1, 1, 0, 1, 1, 1, 1, 1, 1, 1, 1, 1, 1, 1, 0, 0, 1, 0, 1, 0, 0, 1, 1, 0, 1, 1, 1, 1, 1, 1, 1, 1, 1, 1, 1, 1, 1, 1, 1, 1, 0, 1, 1, 1, 0, 1, 0, 1, 1, 0, 0, 1, 1, 1, 1, 0, 1, 1, 1, 1, 1, 0, 1]","[0.9814202708512347, 0.770130291717286, 0.9855666180145246, 0.024340620309844664, 0.018451786226470045, 0.8469903922680497, 0.11056289248396199, 0.4004249224530667, 0.9907151863841084, 0.38290436200648287, 0.9661309672524115, 0.3564291164336895, 0.9720936984282226, 0.9913642120178682, 0.9652369603973044, 0.056292417956971416, 0.9203945349417799, 0.1232092523010024, 0.3630959841584666, 0.27471102779809564, 0.9777951995141965, 0.867823032147459, 0.9773127547311511, 0.985335754693221, 0.971320376767824, 0.7372305035569399, 0.8324758053113512, 0.9854555864124139, 0.048387283215017375, 0.03317918161423332, 0.8279909464698091, 0.9466527999318417, 0.9036966330209003, 0.02121058222009656, 0.9600021721453137, 0.7847472991673728, 0.9494871289665032, 0.7344308510569304, 0.9708982703685288, 0.3089365271199661, 0.018451786226470045, 0.8689260533092266, 0.9020525869347975, 0.9795877774438112, 0.9873358706076855, 0.018451786226470045, 0.961087297617176, 0.14288969566127588, 0.48465566894531575, 0.980112677374942, 0.6796691507594167, 0.05597803010258757, 0.020592216937804667, 0.49509807770031244, 0.05303838475804276, 0.024340620309844664, 0.03923415088650422, 0.7588426836429895, 0.9324940122497877, 0.018451786226470045, 0.018451786226470045, 0.05313375576478833, 0.6401554551684201, 0.8907288421650537, 0.9497303478383021, 0.807625227960854, 0.966648583846783, 0.970291556582399, 0.9774687872073077, 0.8857174772788864, 0.9834186125066378, 0.8693362422549743, 0.9779402533032604, 0.22152994089240147, 0.9778809242382663, 0.018580358667386516, 0.8244021354594755, 0.9597732332269497, 0.893523831203819, 0.9831831274528721, 0.9711593800462708, 0.987243808874735, 0.9848859063794905, 0.19575634410149986, 0.8938384049341702, 0.9598300040514461, 0.9797215967790543, 0.9687167880659887, 0.8547007464231698, 0.5197864583722016, 0.9028609512112725, 0.9767160412468209, 0.954432578465759, 0.9332518821056822, 0.9166069054914608, 0.3327633361754821, 0.016307627543020176, 0.9915742294489732, 0.07090922154505727, 0.9539674604436829, 0.02121058222009656, 0.01840981129129283, 0.964175515863036, 0.6874117653006941, 0.2745094119037458, 0.8518810194566021, 0.5790651125594668, 0.961957756606733, 0.7114768328863957, 0.9242065759912331, 0.9747696903880647, 0.8878727456713222, 0.9624441012396813, 0.644242408541239, 0.9882986480684884, 0.8645049816481871, 0.9834275266993309, 0.9784153391181533, 0.973221836873891, 0.991492325707464, 0.9477543504715871, 0.4064950899854174, 0.6791812871406397, 0.9702183735551817, 0.8643754150804266, 0.1497018388564136, 0.9771630316957827, 0.07297078155207265, 0.8760109405891844, 0.9899686464088082, 0.4871694044933448, 0.018451786226470045, 0.989089250173438, 0.9079060295973447, 0.9815422098690744, 0.9728757225645124, 0.1513241672542039, 0.7094078117444709, 0.9436428927465167, 0.9875720561939503, 0.7398794774234134, 0.9864740661792876, 0.1568789960354968, 0.9816906188023232]"
Gradient Boosting,38,8,"[0, 1, 1, 1, 1, 1, 0, 1, 1, 0, 1, 1, 0, 1, 1, 1, 0, 1, 1, 1, 0, 1, 1, 0, 0, 1, 0, 1, 1, 0, 0, 1, 0, 0, 0, 1, 1, 0, 1, 0, 1, 1, 1, 1, 1, 0, 1, 1, 0, 1, 0, 1, 0, 1, 1, 0, 1, 1, 1, 1, 1, 0, 0, 1, 1, 0, 1, 1, 1, 1, 1, 1, 1, 0, 0, 1, 1, 0, 1, 1, 1, 1, 0, 0, 0, 1, 0, 1, 1, 0, 1, 1, 1, 1, 0, 1, 0, 1, 1, 1, 0, 1, 1, 1, 1, 0, 1, 1, 0, 1, 1, 0, 1, 0, 0, 1, 0, 1, 0, 0, 1, 0, 1, 0, 1, 1, 1, 0, 0, 1, 0, 0, 1, 1, 1, 1, 0, 0, 0, 0, 1, 1, 1]","[1, 0, 1, 1, 1, 1, 1, 1, 1, 0, 1, 1, 0, 1, 1, 1, 0, 1, 1, 0, 0, 1, 1, 0, 0, 1, 0, 1, 0, 1, 0, 1, 0, 1, 1, 1, 1, 1, 0, 0, 1, 1, 1, 1, 1, 1, 1, 1, 0, 0, 0, 1, 0, 1, 1, 0, 1, 1, 1, 1, 0, 0, 1, 1, 1, 0, 0, 0, 1, 1, 0, 1, 1, 0, 1, 1, 1, 0, 1, 1, 1, 0, 0, 1, 0, 1, 1, 1, 0, 0, 0, 1, 1, 0, 0, 1, 0, 1, 1, 0, 0, 1, 1, 1, 1, 1, 0, 1, 0, 1, 1, 1, 1, 0, 1, 1, 1, 1, 0, 0, 1, 0, 1, 0, 1, 1, 1, 0, 0, 1, 0, 0, 1, 1, 1, 1, 1, 1, 1, 1, 1, 1, 1]","[0.7856452155849862, 0.2755151380451396, 0.9899926451991513, 0.9899278532380891, 0.9800153267660867, 0.9894895011958454, 0.986274968808581, 0.9930701175136557, 0.9045643204466373, 0.019031117352448786, 0.5705440949285402, 0.9786653816098202, 0.018812071471778265, 0.9221204776157386, 0.9789602381182395, 0.9525230763821495, 0.013672064430399904, 0.9927822142372777, 0.9256317556246234, 0.16434505353798798, 0.25155912934942315, 0.5788354801480449, 0.9846172126055465, 0.08118605391685664, 0.013672064430399904, 0.9915744374119647, 0.020371715349933154, 0.9913105571344604, 0.18225163163316757, 0.7765702763397586, 0.013672064430399904, 0.7853844876928061, 0.18149335289405388, 0.8827194364623577, 0.6017098753567427, 0.9873957991404156, 0.9698748889015618, 0.7045933555979588, 0.016984698041152352, 0.013672064430399904, 0.990887547411979, 0.9208340065398924, 0.8981368558379653, 0.9749679916026264, 0.942878579217433, 0.8352250603189323, 0.9882088247457197, 0.9898447823720559, 0.013672064430399904, 0.33971231142801034, 0.013528883721454459, 0.9749986509372638, 0.013672064430399904, 0.9080913082374933, 0.5019217332924094, 0.24261174251413245, 0.9777068191965103, 0.6926297250279465, 0.9669269193266316, 0.9896992114822307, 0.37846045980069765, 0.029767135706892503, 0.7688362677792003, 0.9036794649185459, 0.9372127155432184, 0.013672064430399904, 0.07980676970410779, 0.0622904596225447, 0.9867499580299848, 0.7121926323299133, 0.37943770275820626, 0.8254261010928232, 0.8690902768294677, 0.08578433774074394, 0.707648139385441, 0.9817647887494041, 0.9683661797424222, 0.11554760380928894, 0.9649899292332532, 0.8893759826465306, 0.9903012012014906, 0.32229802176741584, 0.12951889429224303, 0.6739366335209408, 0.018475893498173697, 0.9598397484753768, 0.9901528616287036, 0.7747512977428714, 0.040432993615484004, 0.013672064430399904, 0.08996719879359469, 0.9643384318456243, 0.8749288128515273, 0.28373674288501144, 0.023917857119984322, 0.7707795325053816, 0.013676074771766666, 0.9022498936944716, 0.9000981010548168, 0.013672064430399904, 0.07327633186353776, 0.7816185240671428, 0.9454311732517713, 0.9542865825405255, 0.9722731199438416, 0.8627114992758927, 0.4829558756601555, 0.9263417911278227, 0.0761934633652356, 0.9097524133610604, 0.9809563915651385, 0.5999901134203798, 0.9907250117319104, 0.08909782869284164, 0.8846525193611282, 0.9358858113490396, 0.8855547095614353, 0.9908143567624262, 0.3249564430027214, 0.013672064430399904, 0.9176287374686943, 0.05491954738789463, 0.989103872003032, 0.017748412882867368, 0.9741236705683477, 0.9804271812753252, 0.7839328017317729, 0.028927474055927094, 0.013672064430399904, 0.8372564226295112, 0.013672064430399904, 0.10395270849025315, 0.7673717706225537, 0.6560536628345774, 0.9862111579262961, 0.6862026243694055, 0.8066990071666468, 0.8575969728394945, 0.7897616488421376, 0.8949319713638486, 0.8437258244807408, 0.8453632072539392, 0.9597300852967687]"
Gradient Boosting,39,8,"[0, 1, 1, 1, 1, 1, 1, 1, 0, 0, 0, 0, 1, 0, 1, 1, 0, 1, 1, 1, 1, 1, 0, 1, 0, 1, 1, 1, 1, 0, 1, 1, 1, 1, 0, 0, 1, 1, 0, 1, 0, 1, 1, 1, 1, 1, 1, 0, 1, 1, 0, 1, 1, 0, 1, 0, 0, 0, 1, 1, 0, 0, 0, 0, 0, 1, 0, 0, 1, 0, 1, 1, 1, 0, 1, 0, 1, 1, 1, 1, 1, 0, 1, 1, 1, 0, 1, 1, 1, 1, 0, 0, 1, 0, 0, 0, 1, 1, 1, 1, 1, 1, 0, 1, 0, 1, 0, 1, 0, 1, 1, 1, 1, 1, 1, 1, 1, 0, 1, 1, 0, 0, 0, 0, 0, 1, 0, 0, 1, 0, 1, 0, 1, 1, 1, 1, 1, 0, 0, 0, 0, 1, 1]","[1, 1, 0, 1, 1, 1, 1, 0, 0, 0, 1, 0, 1, 0, 1, 1, 0, 1, 1, 1, 1, 1, 0, 1, 0, 1, 1, 1, 0, 0, 1, 1, 1, 1, 1, 0, 1, 1, 1, 0, 1, 1, 1, 0, 1, 1, 1, 0, 0, 0, 0, 1, 1, 0, 1, 0, 0, 0, 1, 1, 1, 0, 0, 1, 0, 1, 1, 0, 1, 0, 1, 1, 1, 0, 1, 0, 1, 1, 1, 1, 1, 1, 1, 0, 1, 0, 1, 1, 1, 1, 1, 0, 0, 0, 0, 0, 1, 1, 1, 1, 1, 1, 1, 1, 1, 1, 0, 1, 0, 1, 1, 1, 1, 1, 1, 1, 1, 0, 1, 1, 1, 0, 1, 0, 1, 1, 1, 0, 1, 0, 1, 0, 1, 1, 1, 1, 1, 0, 0, 1, 0, 1, 1]","[0.7615194437425173, 0.9570058354252059, 0.13856268989100878, 0.6792097835231959, 0.9824268551153021, 0.8757853069766615, 0.9800122347104405, 0.4179750905758444, 0.01411679279075247, 0.0692861030159581, 0.893790339291769, 0.058983427732036756, 0.9071436357901459, 0.06237888310205132, 0.9906441270927183, 0.9775878200076789, 0.025452848968577628, 0.8848833916096358, 0.9361380193187174, 0.7698552690308094, 0.8776645567841443, 0.9940423549200524, 0.05362928064440126, 0.9775220073211601, 0.01357311227058127, 0.5459354851402012, 0.9670373227467978, 0.813672033761966, 0.36527239619651997, 0.14120392308249086, 0.9325699801722458, 0.9131113086690095, 0.9860073607664048, 0.9455377218339929, 0.6944802595257903, 0.479035089201957, 0.8685676081709987, 0.9683976450051394, 0.932675857909495, 0.19786070410895332, 0.5309109590171527, 0.9251738212848666, 0.9779648265364309, 0.03644654717942377, 0.7190196780989737, 0.9654865481027441, 0.9852726402457948, 0.40719370495455093, 0.07636303868187443, 0.2208923718069849, 0.05106286322344229, 0.9921209766013643, 0.9330446273218541, 0.04349291132145876, 0.8885021109673704, 0.01357311227058127, 0.02582493039202912, 0.01357311227058127, 0.8569676514558651, 0.9793957433828355, 0.8534168626967883, 0.3017461059634568, 0.01357311227058127, 0.7247521074540331, 0.049745773497281896, 0.8954480677010355, 0.8027095403104964, 0.11436312977918658, 0.6743104862701707, 0.28501520597457297, 0.919355465618827, 0.7455420195239122, 0.9529711241252417, 0.03364839404640526, 0.9487916475870172, 0.028547080776908932, 0.9921209766013643, 0.9630201674609088, 0.8999903026992708, 0.5300474900176837, 0.9775663139896736, 0.9086050506259326, 0.9762461185202299, 0.40561971774064814, 0.8550386126695289, 0.01357311227058127, 0.7559911207241738, 0.9888888842882425, 0.9819454877422277, 0.9269694816208489, 0.8995830228720049, 0.3706936963254408, 0.18090037800965428, 0.19664960076264998, 0.01357311227058127, 0.01357311227058127, 0.938099741761715, 0.9820167169206138, 0.8627237224921915, 0.9890381243690375, 0.8996852210726142, 0.6825990878286535, 0.9699593278347838, 0.9885457900429209, 0.7102975032370813, 0.9168074079191617, 0.4117923562184455, 0.7948924597266108, 0.3753636037111912, 0.976545497022578, 0.9797430714624962, 0.9748622323990088, 0.983865750158572, 0.9888888842882425, 0.7762069476640642, 0.9565335738790334, 0.9836304360558878, 0.03223985621448357, 0.9761291944945106, 0.6904760619895212, 0.533678167257947, 0.07856544405005628, 0.9806338138724068, 0.4749507954412421, 0.84535691559545, 0.9657154518635298, 0.6802299183070505, 0.01357311227058127, 0.8245759248983882, 0.017622272905124203, 0.9674653130950938, 0.01357311227058127, 0.9836852606480477, 0.9729738186605881, 0.983923265489847, 0.7150351468622693, 0.9238151582895483, 0.18213328873660342, 0.01357311227058127, 0.8793552672457771, 0.01357311227058127, 0.9838110726072264, 0.983865750158572]"
Gradient Boosting,40,8,"[0, 0, 0, 1, 0, 1, 0, 0, 1, 0, 0, 1, 0, 1, 1, 1, 0, 0, 0, 1, 0, 1, 1, 1, 1, 1, 0, 1, 0, 1, 1, 1, 1, 1, 1, 0, 0, 1, 0, 1, 1, 0, 0, 1, 1, 0, 0, 1, 1, 1, 0, 1, 1, 0, 0, 0, 1, 0, 1, 1, 1, 1, 1, 1, 0, 1, 1, 1, 0, 1, 1, 1, 1, 1, 1, 1, 0, 1, 1, 1, 0, 1, 0, 1, 1, 0, 1, 1, 1, 1, 1, 1, 0, 1, 0, 0, 1, 0, 0, 1, 1, 1, 1, 0, 0, 1, 1, 1, 1, 0, 0, 1, 1, 1, 1, 1, 0, 1, 0, 1, 0, 1, 1, 1, 1, 1, 0, 1, 1, 1, 1, 1, 1, 1, 1, 0, 1, 1, 1, 0, 1, 0, 0]","[1, 1, 0, 1, 1, 1, 1, 0, 1, 0, 0, 1, 0, 1, 1, 1, 0, 1, 0, 0, 0, 1, 1, 1, 1, 1, 0, 1, 1, 1, 1, 1, 1, 1, 1, 0, 0, 1, 0, 1, 1, 1, 1, 1, 1, 1, 1, 1, 1, 1, 1, 1, 1, 0, 0, 0, 1, 0, 1, 1, 1, 1, 1, 1, 0, 1, 0, 1, 1, 1, 1, 0, 1, 1, 1, 1, 0, 1, 1, 1, 0, 1, 1, 1, 1, 0, 1, 1, 1, 1, 1, 1, 1, 1, 0, 0, 1, 0, 0, 1, 1, 1, 1, 0, 1, 1, 1, 0, 1, 0, 0, 1, 1, 1, 0, 1, 0, 1, 0, 1, 0, 1, 1, 1, 0, 1, 0, 1, 1, 1, 1, 1, 1, 1, 1, 0, 0, 1, 1, 1, 1, 0, 0]","[0.8855250495668533, 0.6107052784056146, 0.07930187014217498, 0.9838812111191128, 0.9685020953681237, 0.9281130771630021, 0.9560504526696, 0.4306518685607475, 0.9766714851090792, 0.030406593771575455, 0.2723854155656279, 0.9485718249377979, 0.01648991851916767, 0.9748727740268794, 0.9488532509163186, 0.9882464450102506, 0.06730734582162572, 0.6103818643879657, 0.01648991851916767, 0.4523785581503533, 0.3886082737147439, 0.9042962831075342, 0.9683058549627483, 0.9867703072317681, 0.9485260661320997, 0.9774337739116956, 0.01648991851916767, 0.9869497442040552, 0.9036231786486111, 0.9712978347960254, 0.8717341841437559, 0.8884990636553565, 0.9882464450102506, 0.9819566021804477, 0.9697076730501373, 0.025221416149231294, 0.025221416149231294, 0.8965468833121533, 0.0734272559553968, 0.9286948668884972, 0.6843295146538427, 0.9342496072703694, 0.8026115649440905, 0.954686790367485, 0.7587122084938267, 0.5805780858639018, 0.9503822858670198, 0.9714165586286662, 0.9169575454543932, 0.9799475794001655, 0.9747817030211118, 0.9790289406482039, 0.9183034776254025, 0.01648991851916767, 0.190133770075233, 0.11436895342196947, 0.9506533336433604, 0.10188537481336013, 0.9278191274617968, 0.9885635518771222, 0.7823903489996851, 0.957721090584262, 0.9837360368109391, 0.7677132286371585, 0.4893817899625683, 0.9798504172139498, 0.04616118056717082, 0.9779944229054671, 0.7034337219793536, 0.9864922746887786, 0.9409256251244968, 0.17452282235977834, 0.9752419395939169, 0.977108228705142, 0.9648039217382669, 0.9177416792235066, 0.01648991851916767, 0.9694250009575389, 0.9206348234302915, 0.9800379238389381, 0.030406593771575455, 0.9828680214675629, 0.9815810708753727, 0.9826103672012719, 0.9669183411954342, 0.01648991851916767, 0.6844813418601281, 0.9300795936185392, 0.9415875298623354, 0.9755054607589997, 0.974231132720718, 0.9745534179835058, 0.7548852527195804, 0.9849713770007605, 0.056963224102212495, 0.01648991851916767, 0.9803720990018464, 0.01648991851916767, 0.15138667911037187, 0.9730248347665551, 0.6373574017199813, 0.9774088222146131, 0.8485528012922151, 0.24465493957995096, 0.6582687000374976, 0.9073935387755404, 0.97582295405637, 0.18762821000401989, 0.9849829221457896, 0.01648991851916767, 0.01648991851916767, 0.9263845464851916, 0.8865725826427363, 0.8017581250289877, 0.17026802829741056, 0.7261821258679829, 0.024825465144803934, 0.9604555079670359, 0.2501855214268783, 0.9669849639370505, 0.06758775285088808, 0.9856747787896744, 0.9819063984212544, 0.9798548286293662, 0.37967870172574286, 0.9840063414251461, 0.019834521196007197, 0.9713834073286111, 0.9823298117441128, 0.9066248983956374, 0.9594976516479593, 0.9525503930451267, 0.9837834890633018, 0.930555595712183, 0.9678169320391653, 0.0336788694356015, 0.028066606573647325, 0.9804644608072761, 0.9695390272227676, 0.6913478383940332, 0.9804152900244607, 0.48460093096831836, 0.01648991851916767]"
Gradient Boosting,41,9,"[1, 1, 1, 0, 1, 0, 0, 1, 1, 1, 0, 0, 1, 1, 1, 1, 1, 0, 1, 0, 1, 1, 0, 1, 1, 1, 1, 1, 1, 1, 0, 1, 1, 1, 1, 1, 1, 0, 0, 1, 1, 0, 1, 0, 0, 1, 1, 1, 1, 0, 0, 1, 1, 1, 0, 0, 0, 1, 0, 1, 0, 0, 1, 1, 1, 0, 1, 1, 0, 0, 0, 1, 1, 1, 1, 1, 1, 1, 0, 0, 1, 1, 1, 1, 1, 1, 1, 0, 0, 1, 0, 1, 1, 1, 1, 1, 0, 1, 1, 0, 1, 1, 0, 0, 0, 1, 1, 1, 0, 1, 1, 1, 0, 1, 1, 1, 1, 0, 0, 1, 0, 1, 0, 0, 0, 1, 1, 1, 1, 0, 0, 0, 1, 1, 1, 0, 1, 0, 1, 1, 0, 1, 0, 0]","[1, 1, 1, 0, 0, 0, 1, 1, 1, 1, 1, 0, 1, 1, 1, 1, 1, 0, 1, 0, 1, 1, 0, 1, 0, 1, 1, 1, 1, 0, 0, 1, 1, 0, 1, 1, 0, 1, 0, 1, 0, 0, 1, 0, 1, 1, 1, 1, 1, 1, 1, 1, 1, 1, 0, 0, 0, 1, 0, 1, 1, 1, 1, 1, 1, 0, 1, 1, 0, 1, 0, 1, 1, 1, 1, 1, 0, 1, 1, 0, 0, 1, 1, 1, 1, 1, 0, 0, 0, 1, 1, 1, 1, 1, 1, 1, 0, 1, 1, 0, 0, 1, 0, 0, 1, 1, 0, 1, 1, 1, 1, 1, 1, 1, 1, 1, 1, 0, 0, 1, 0, 1, 0, 0, 0, 1, 1, 1, 1, 0, 1, 0, 1, 0, 1, 0, 1, 1, 1, 1, 0, 1, 0, 0]","[0.9648606695781048, 0.9484540178317704, 0.9779578446518875, 0.042849388437103925, 0.4948367213720564, 0.026952098512637575, 0.8966055573959922, 0.9850060508799406, 0.9866781832712979, 0.9856267408291347, 0.9884531959182621, 0.01868180741467301, 0.9846938886949238, 0.8615924338026969, 0.5791245159817051, 0.9755158997683616, 0.9244938776518725, 0.01868180741467301, 0.9697655798684599, 0.04284192197005569, 0.9818120288943052, 0.8538849582412561, 0.01868180741467301, 0.9431631541223521, 0.255626301385212, 0.9819828334330184, 0.9327867180136807, 0.9740867116727839, 0.9907635502714104, 0.4182268412258493, 0.01868180741467301, 0.5476570327889323, 0.9824344886225659, 0.28020945185965324, 0.8637010963037057, 0.8647461110590862, 0.4817348098440986, 0.5330323619193903, 0.4781545695853971, 0.9742260344328237, 0.3683867234185783, 0.25504294791084064, 0.9900541392796847, 0.01868180741467301, 0.8411733294410052, 0.7903052783246227, 0.9531741263221588, 0.9594437591738934, 0.9850060508799406, 0.772095563903189, 0.6057328722681414, 0.7612368956685398, 0.9869588655548466, 0.989090806929519, 0.01868180741467301, 0.06209286037472215, 0.10064020995709068, 0.8640266567510168, 0.01868180741467301, 0.9522565123265263, 0.9513666526915923, 0.578570031497854, 0.977818515414056, 0.725691002123619, 0.9741935947861861, 0.01868180741467301, 0.969786374154321, 0.7120178750695761, 0.05717425251607129, 0.9310971631677867, 0.09133578597213843, 0.9774223980531845, 0.731030202225778, 0.8723824545979111, 0.9863128115073986, 0.9528592340152578, 0.14829889924088696, 0.9817843047120254, 0.606442448475076, 0.01868180741467301, 0.1700731994864988, 0.990307056413493, 0.9670961676015084, 0.9774302723987454, 0.646585770500017, 0.9492485238770532, 0.15935371169205176, 0.026986549863306595, 0.03080237282779491, 0.8052784335948364, 0.5762398073231427, 0.8879489451798401, 0.990473171027824, 0.942617748147581, 0.9624136028254623, 0.9815007263114685, 0.4386822520271356, 0.8662510525109884, 0.974864934884711, 0.01154898431827277, 0.4824935444863333, 0.9845183089918129, 0.01868180741467301, 0.042849388437103925, 0.6032212739657415, 0.8881193735479737, 0.11655683550324371, 0.7680265914067701, 0.9108709135982923, 0.947042063949119, 0.8155408166446165, 0.7538975038842077, 0.9450228769397119, 0.9713893581017156, 0.9929928218671502, 0.8511330212581918, 0.8018941919361577, 0.05496983041571547, 0.01868180741467301, 0.8154028438290509, 0.03849686038484343, 0.9833406698349396, 0.07586113477070554, 0.04106506417105372, 0.03575726222335722, 0.9809030425917699, 0.9777497227105044, 0.8631385218671145, 0.8672059365527023, 0.01868180741467301, 0.5156480171838597, 0.01868180741467301, 0.8606698761643649, 0.037625702930296635, 0.98914464811087, 0.01868180741467301, 0.9289523665233842, 0.8287160259320923, 0.9553341372093703, 0.5552424608284986, 0.04755265412500893, 0.7452326840982324, 0.06621238731247589, 0.01868180741467301]"
Gradient Boosting,42,9,"[1, 1, 0, 0, 1, 0, 1, 1, 0, 1, 1, 1, 1, 1, 1, 1, 1, 1, 1, 0, 0, 1, 1, 0, 1, 0, 0, 0, 0, 1, 1, 1, 1, 1, 0, 1, 1, 1, 0, 1, 0, 0, 0, 1, 0, 1, 0, 0, 0, 1, 0, 1, 1, 1, 1, 1, 0, 1, 1, 0, 1, 1, 1, 1, 1, 1, 1, 1, 1, 0, 1, 0, 1, 1, 1, 1, 1, 1, 1, 1, 1, 1, 1, 1, 0, 1, 0, 1, 0, 1, 1, 1, 1, 1, 1, 0, 1, 1, 1, 1, 1, 0, 1, 1, 1, 0, 0, 0, 0, 1, 1, 1, 0, 0, 1, 1, 1, 1, 1, 1, 0, 0, 0, 1, 1, 0, 0, 1, 0, 0, 1, 0, 1, 1, 0, 0, 0, 0, 0, 1, 0, 1, 1]","[1, 1, 1, 1, 1, 0, 1, 1, 0, 1, 0, 1, 1, 0, 1, 1, 1, 1, 1, 0, 0, 1, 1, 0, 1, 0, 0, 0, 0, 1, 1, 1, 1, 1, 0, 1, 1, 1, 0, 1, 0, 0, 0, 1, 0, 1, 0, 0, 1, 1, 0, 1, 1, 1, 1, 1, 0, 1, 1, 0, 1, 1, 1, 0, 1, 1, 1, 1, 1, 0, 1, 0, 1, 1, 1, 0, 1, 1, 1, 1, 1, 1, 1, 1, 1, 1, 0, 1, 0, 1, 1, 1, 1, 1, 1, 0, 1, 1, 1, 1, 1, 0, 1, 1, 1, 1, 1, 0, 0, 1, 1, 1, 1, 0, 1, 1, 1, 1, 1, 1, 1, 1, 0, 1, 1, 0, 0, 1, 0, 1, 1, 0, 1, 1, 0, 1, 0, 0, 1, 1, 0, 1, 1]","[0.9704906864350858, 0.9827130591080553, 0.9580036979700661, 0.571152829105801, 0.9336283217455085, 0.08354951621003469, 0.98624860004591, 0.899535209203113, 0.08195137222726691, 0.9670828772642835, 0.06692461955921389, 0.9451133834344183, 0.9657936254829771, 0.46206608503327945, 0.5125776225291915, 0.6660285297868145, 0.9895686531407906, 0.9440384930619894, 0.9614897729208615, 0.15850934052620158, 0.08003285434924219, 0.7763019942752717, 0.912627152865912, 0.3558417392565037, 0.9482194869875211, 0.17974939476567683, 0.04490219449390756, 0.01454688558460197, 0.048080285225741176, 0.9685578069031427, 0.5155408743713692, 0.9798168315987079, 0.6126145588510343, 0.8301264380203259, 0.4438407308164214, 0.979947201075807, 0.9374252627593094, 0.9773955509266269, 0.18355232666551624, 0.981260294534839, 0.01454688558460197, 0.01454688558460197, 0.02564426651403404, 0.9813498369873491, 0.01454688558460197, 0.6992655049356449, 0.22256902604761356, 0.08954372414090288, 0.9521573611928659, 0.863060714708067, 0.06296392370741903, 0.8445984953128123, 0.978481504130605, 0.9869569625848098, 0.8749325662304258, 0.9717583765544968, 0.01454688558460197, 0.8260383954911324, 0.9544970801486067, 0.01875200834410541, 0.8429805513918399, 0.9774942299515251, 0.9856804673435073, 0.3064590750950947, 0.9872220194860933, 0.9845595435082837, 0.9548690157236708, 0.968180586668037, 0.9667348148323035, 0.04063762790615026, 0.989801485087033, 0.0425156696189674, 0.8544238265413406, 0.970266287012722, 0.9702624622374107, 0.4614943649930356, 0.9655171234405737, 0.9776115161785486, 0.9307690950353891, 0.9821699300236406, 0.9654157991936134, 0.9087402635672625, 0.9817994830452041, 0.9509573791132047, 0.8279788406069511, 0.9817071927158344, 0.061146995011326075, 0.947882333938716, 0.01950171756508881, 0.8446634393766582, 0.9300996479014935, 0.7860133428238807, 0.961665804136437, 0.7285247199868187, 0.935016494023036, 0.4617121336202863, 0.7152451609465268, 0.9382146693302348, 0.9429347189454685, 0.8422833854197832, 0.953498622789508, 0.12606410454596403, 0.9649949783797439, 0.9651388918198478, 0.9907966022011311, 0.7959168058265064, 0.9295277636361784, 0.305763709573947, 0.10243450163464547, 0.9407302681755569, 0.8480901756836358, 0.9876073888431741, 0.5215075598173192, 0.01454688558460197, 0.9878837749874521, 0.952670765941399, 0.97947624331351, 0.9798728969161462, 0.9827727790203484, 0.5226407486214536, 0.7718757955588338, 0.9509830025762686, 0.11134636530733585, 0.8562353969870123, 0.9343932823377608, 0.15010682291619035, 0.40710118284156266, 0.9343753339929407, 0.025661087376974576, 0.7849085714546162, 0.624504977229247, 0.20277836547958183, 0.9828336008828049, 0.679577639072201, 0.3222544984208067, 0.5878349940885708, 0.3492322985814119, 0.01454688558460197, 0.9214096477726934, 0.9719528173056549, 0.01454688558460197, 0.9852077198170922, 0.5785365942378476]"
Gradient Boosting,43,9,"[0, 0, 0, 1, 1, 1, 1, 1, 1, 1, 1, 0, 0, 0, 1, 1, 1, 1, 0, 0, 1, 1, 0, 1, 0, 1, 0, 1, 1, 0, 1, 1, 1, 1, 0, 1, 0, 0, 0, 0, 0, 1, 1, 1, 0, 0, 1, 0, 0, 1, 1, 1, 0, 1, 1, 0, 1, 0, 1, 1, 1, 1, 0, 0, 0, 0, 0, 1, 0, 1, 0, 1, 1, 1, 0, 0, 1, 1, 1, 1, 1, 1, 1, 1, 1, 0, 1, 1, 1, 0, 0, 0, 1, 1, 0, 1, 0, 0, 0, 1, 0, 1, 1, 0, 1, 1, 1, 1, 1, 1, 0, 1, 1, 1, 1, 1, 0, 0, 1, 0, 1, 1, 1, 0, 1, 1, 0, 1, 0, 1, 0, 1, 0, 1, 1, 1, 1, 1, 1, 0, 1, 1, 1, 1]","[1, 1, 0, 1, 1, 1, 1, 0, 1, 1, 1, 0, 0, 0, 1, 0, 1, 1, 0, 0, 1, 1, 0, 0, 0, 1, 0, 1, 1, 0, 0, 1, 1, 1, 1, 1, 0, 1, 1, 0, 0, 1, 1, 1, 1, 1, 1, 0, 1, 1, 1, 1, 1, 1, 1, 1, 1, 0, 1, 0, 1, 1, 0, 0, 0, 0, 0, 1, 0, 1, 0, 1, 1, 0, 1, 1, 1, 1, 1, 1, 1, 1, 1, 1, 1, 0, 1, 1, 1, 0, 0, 0, 1, 0, 0, 1, 1, 0, 1, 1, 0, 1, 0, 0, 1, 1, 1, 1, 0, 1, 1, 1, 1, 1, 1, 1, 1, 1, 1, 1, 1, 1, 1, 1, 1, 1, 0, 1, 1, 1, 0, 0, 0, 1, 1, 1, 1, 1, 1, 0, 1, 1, 0, 1]","[0.8329577352212028, 0.9174522410789752, 0.13125247868627657, 0.9744612454233375, 0.9815614293472387, 0.8144441503218779, 0.9812862470044322, 0.1434963371971387, 0.9572361824646177, 0.9435193484981137, 0.6184428759875318, 0.03841068129672571, 0.12257304832621202, 0.023211373385783943, 0.9903652751139189, 0.45917415108679377, 0.982932503169852, 0.9797185922133256, 0.020535910020696664, 0.023211373385783943, 0.6357461332853285, 0.989867894892163, 0.11929267773516977, 0.43960826100492756, 0.09424188405883337, 0.54743019668428, 0.013613828724400099, 0.9877491820329182, 0.908647505500566, 0.02081266769422508, 0.1499581738956515, 0.7974595774482107, 0.9756649727354316, 0.5746001601339122, 0.9755058744740238, 0.9746267673262157, 0.16249225902387923, 0.6051352285811198, 0.7761735544429768, 0.4125542840297658, 0.013613828724400099, 0.9565942069591854, 0.9746195261528946, 0.9672513667397745, 0.8857932922018995, 0.9617828610007291, 0.9715858896177294, 0.013613828724400099, 0.5555163435290946, 0.8680395100432403, 0.9484896486548242, 0.9698437845529121, 0.980743761194668, 0.9839588065775848, 0.8775868003059913, 0.9443554158474321, 0.98554347375212, 0.013613828724400099, 0.9763959222625805, 0.07516363698134469, 0.946340081199594, 0.9885858673279376, 0.4844082570729384, 0.018525181419771188, 0.1419434411427062, 0.038949580828754014, 0.013613828724400099, 0.9642071429676202, 0.013613828724400099, 0.8989461891929583, 0.013613828724400099, 0.8904496307538562, 0.9826630913792064, 0.26803578460322636, 0.8050658862780271, 0.5820425112870004, 0.9815952199117771, 0.9804295908219057, 0.9797742932702536, 0.9561760779075898, 0.9663745406601366, 0.9040531708104633, 0.9831143709429516, 0.9130426600955234, 0.9781790835530114, 0.013613828724400099, 0.9810512891794525, 0.6812240259081331, 0.9819305794621686, 0.29832759457380037, 0.14175205919072328, 0.016988282496359097, 0.9232158230300225, 0.14292331578254994, 0.013613828724400099, 0.9869315313458794, 0.9828224061386165, 0.08958170082967236, 0.521025301119465, 0.9073134188871953, 0.013613828724400099, 0.8877672433403812, 0.02081266769422508, 0.0500810203128586, 0.9510234258996035, 0.9516551250720083, 0.9690134720435516, 0.9604358493904896, 0.3002998106390971, 0.9921401710229426, 0.9730355348771187, 0.9312634309189556, 0.9653009654501109, 0.7948464764498473, 0.940325433117665, 0.9708261548439265, 0.9730796075510052, 0.942374799039213, 0.9526433770358156, 0.8690896629031456, 0.605955237070344, 0.9824170122205274, 0.8239626042083197, 0.7438466673405949, 0.8397200437327399, 0.966880314127659, 0.02081266769422508, 0.9812763793290131, 0.9282091149877965, 0.9655483574813782, 0.013613828724400099, 0.4877219982276722, 0.2384280945954833, 0.9862029355298011, 0.975722839002376, 0.8897173196065067, 0.7777926141086045, 0.9771997623393005, 0.982027085280227, 0.08290411353295439, 0.978877224222254, 0.9902829020367007, 0.060441882538004456, 0.9806461331205167]"
Gradient Boosting,44,9,"[0, 0, 1, 0, 1, 1, 0, 1, 1, 1, 1, 1, 1, 1, 0, 1, 1, 0, 1, 1, 1, 1, 1, 1, 1, 0, 1, 0, 0, 1, 1, 0, 1, 1, 0, 1, 1, 1, 0, 1, 1, 0, 1, 1, 1, 1, 1, 0, 1, 1, 1, 0, 0, 1, 1, 1, 0, 1, 0, 1, 1, 0, 1, 0, 1, 1, 1, 1, 1, 1, 0, 1, 1, 0, 0, 1, 0, 1, 0, 1, 0, 0, 0, 1, 1, 0, 0, 1, 1, 0, 1, 1, 1, 1, 0, 0, 1, 1, 0, 1, 0, 1, 1, 1, 1, 1, 0, 0, 0, 1, 0, 1, 1, 0, 1, 1, 1, 1, 0, 0, 0, 1, 1, 1, 1, 0, 0, 0, 0, 1, 1, 0, 1, 1, 0, 1, 1, 0, 0, 0, 0, 1, 1]","[0, 0, 1, 1, 1, 1, 1, 1, 1, 1, 1, 1, 1, 1, 0, 1, 1, 0, 1, 1, 1, 1, 1, 1, 1, 0, 1, 1, 0, 1, 1, 1, 1, 1, 1, 1, 1, 0, 1, 1, 1, 1, 1, 0, 1, 1, 0, 0, 1, 1, 1, 0, 0, 1, 0, 1, 0, 1, 0, 1, 0, 0, 1, 0, 1, 1, 0, 1, 0, 1, 1, 1, 1, 0, 1, 1, 0, 1, 0, 1, 0, 0, 0, 1, 1, 1, 0, 1, 1, 1, 1, 1, 1, 1, 0, 1, 0, 1, 0, 1, 0, 1, 1, 1, 1, 1, 1, 0, 0, 1, 0, 1, 0, 0, 1, 1, 1, 1, 0, 0, 0, 1, 1, 1, 1, 0, 1, 0, 1, 1, 0, 0, 1, 1, 0, 1, 1, 1, 1, 0, 0, 1, 1]","[0.3664353791396442, 0.06989510383492765, 0.9889399473583735, 0.976342827257305, 0.9200653359313481, 0.9012090960036704, 0.9138324189397146, 0.8811011235781075, 0.6966216249843772, 0.9857367422733475, 0.9855209878223329, 0.9859074497005685, 0.9773336809170297, 0.8267045749884523, 0.1204983302911891, 0.9417698608938129, 0.9339985826608985, 0.19068354302137466, 0.6827965454310839, 0.8255468250553353, 0.986942576292621, 0.9790058853380749, 0.9499896322937372, 0.7934153456769021, 0.9835673644623657, 0.014370708429377727, 0.9643260184477354, 0.9579516342858572, 0.015938814219690726, 0.6261624069892606, 0.9535689042522284, 0.7971660114211904, 0.8782540406800345, 0.9782907904247002, 0.5314765293815716, 0.9248774311710711, 0.9837029488621706, 0.012813535358234658, 0.9107905308483025, 0.8968799703514586, 0.9403710434286239, 0.7086465657036225, 0.5775348674979277, 0.014370708429377727, 0.9594982326961184, 0.97693400577905, 0.16527725252512507, 0.014370708429377727, 0.602533847427461, 0.9863598496820944, 0.9706511147162717, 0.015938814219690726, 0.014370708429377727, 0.8689506026588925, 0.014370708429377727, 0.9794037254871105, 0.4137003902754462, 0.9803502942978971, 0.014370708429377727, 0.989169505375063, 0.4469036595322603, 0.015938814219690726, 0.964176264966549, 0.0462257383193104, 0.6767194712823525, 0.9802466289488618, 0.13139074916066013, 0.9814199872050379, 0.3029814510312177, 0.7105515326723523, 0.96861870112069, 0.9890565809946352, 0.9589681868121276, 0.014370708429377727, 0.6797057103280646, 0.9844476056305186, 0.021825442652742555, 0.9728664865336183, 0.019497927083457493, 0.9828928472251732, 0.015938814219690726, 0.471761109593517, 0.011549294751619366, 0.6957607368491944, 0.9494136806766751, 0.9111470136286419, 0.014888077711423576, 0.8577343110002514, 0.9224206302832838, 0.9884209105332578, 0.5592794272467309, 0.6671645668545254, 0.9577665628952622, 0.9773462459222174, 0.014370708429377727, 0.7917597315749393, 0.23373520426360908, 0.9742972266397387, 0.014370708429377727, 0.9628966613087856, 0.014370708429377727, 0.8247695580051227, 0.8224613519724955, 0.9899023478744179, 0.9868341069846842, 0.6337009066197768, 0.9485464441435291, 0.024352252317633924, 0.4133762988359111, 0.9910999390840926, 0.239238099638218, 0.9743345484629907, 0.03443191761807676, 0.4248380187062968, 0.9909700237959346, 0.9923998348079405, 0.9746812731466127, 0.9712222497221937, 0.015938814219690726, 0.01821690614087595, 0.09203211351680364, 0.9424037957902126, 0.9445861149397895, 0.9876276746673529, 0.968488748696455, 0.012917658003940402, 0.7131924744243334, 0.012813535358234658, 0.7592758381534372, 0.9807408155827086, 0.4721462724133693, 0.050043842536543606, 0.9877758617714937, 0.9761075453359023, 0.03020576325716261, 0.9744604210449086, 0.9774146707015517, 0.8963446574406025, 0.9075081382561728, 0.19268482149923216, 0.014370708429377727, 0.9106200068662422, 0.862390579185256]"
Gradient Boosting,45,9,"[1, 0, 0, 1, 1, 1, 1, 0, 1, 0, 1, 0, 1, 1, 1, 0, 0, 0, 1, 1, 1, 1, 1, 1, 0, 1, 1, 1, 0, 1, 1, 1, 1, 1, 0, 0, 1, 1, 0, 1, 1, 1, 1, 1, 1, 1, 0, 0, 1, 0, 1, 1, 1, 0, 1, 0, 0, 1, 1, 1, 1, 1, 1, 1, 1, 0, 1, 1, 0, 1, 0, 1, 1, 0, 1, 1, 1, 1, 1, 0, 1, 0, 1, 1, 1, 1, 1, 1, 1, 1, 1, 0, 1, 0, 1, 0, 0, 1, 0, 1, 1, 1, 1, 0, 0, 1, 0, 1, 1, 1, 1, 0, 1, 1, 1, 1, 1, 1, 1, 0, 0, 0, 1, 0, 1, 0, 0, 0, 1, 0, 1, 1, 1, 1, 1, 0, 0, 1, 1, 0, 0, 1, 1]","[1, 1, 1, 1, 1, 1, 1, 0, 1, 0, 0, 0, 1, 1, 1, 0, 0, 0, 0, 1, 1, 0, 1, 1, 0, 1, 1, 1, 0, 1, 1, 1, 1, 1, 0, 0, 1, 1, 0, 1, 1, 1, 1, 0, 1, 1, 0, 1, 1, 0, 1, 0, 0, 0, 1, 0, 0, 1, 1, 1, 1, 1, 1, 1, 1, 0, 1, 1, 0, 0, 0, 1, 1, 0, 1, 1, 1, 1, 1, 0, 1, 0, 1, 1, 1, 1, 1, 1, 1, 0, 1, 0, 0, 0, 1, 0, 0, 1, 0, 1, 1, 1, 1, 1, 1, 1, 0, 1, 1, 1, 1, 0, 1, 1, 0, 1, 1, 1, 1, 0, 0, 1, 1, 0, 1, 0, 1, 0, 1, 0, 1, 1, 1, 1, 1, 1, 0, 1, 1, 0, 0, 1, 1]","[0.9766288359525822, 0.7808070822820501, 0.6542862126944515, 0.9633747996119001, 0.9810086237005393, 0.9816339957798251, 0.9176236757426561, 0.05466565105795269, 0.7837714016173954, 0.20974300851996017, 0.1759109289415844, 0.037529733093213294, 0.9247242834930254, 0.8789729697561606, 0.9454818866724983, 0.06872863551220153, 0.28868788630942144, 0.10516428603136378, 0.09437956440667677, 0.7753572655193604, 0.8992063370861991, 0.4848831218112534, 0.9521020674275397, 0.9833385544504829, 0.018723174110257326, 0.9808075891825865, 0.9608566193534039, 0.9872458705707283, 0.11324599903857882, 0.9751090202782012, 0.8446350549953497, 0.9475412949768851, 0.9857341332350055, 0.9861565673054917, 0.08044164935480314, 0.039750158595682684, 0.9748178692907545, 0.9545102167766539, 0.14892804586190686, 0.9019932427831903, 0.8904657992877563, 0.9596920488992117, 0.9575997132096363, 0.4556208913288427, 0.9090973445145577, 0.9838455759629887, 0.19650456998745425, 0.9600996591159204, 0.94218746330215, 0.16164198416782916, 0.5310432729810244, 0.4937825489746479, 0.3885177291887053, 0.04558115059180062, 0.6623517898272478, 0.016948754195050462, 0.13563684790422648, 0.9511392899129899, 0.9159323723525145, 0.9707609696198061, 0.511108836233615, 0.9466404800845717, 0.9275511057081162, 0.9469792981721101, 0.9722200817548285, 0.0590897107180974, 0.6202970410678964, 0.9076995757170423, 0.14088645988798915, 0.27551898705083216, 0.35566072281769795, 0.9407127288839394, 0.709541035450102, 0.305605861845873, 0.8838852931135562, 0.9131861463891976, 0.8370205629307214, 0.9754160795493185, 0.9879677600842875, 0.02588361923494117, 0.9878868456765549, 0.018723174110257326, 0.8939733164067767, 0.7231595529219664, 0.9106973846202667, 0.8933521629156381, 0.983837326051144, 0.9811987118508826, 0.9895488103259493, 0.3453162862532559, 0.6792580468813262, 0.44802426820738744, 0.49633363912298667, 0.06790780722783142, 0.741479901355431, 0.06176339454421491, 0.018723174110257326, 0.9868826913739042, 0.11202166781315218, 0.6921105075858367, 0.9881233374777797, 0.9564416027063869, 0.8040219209551908, 0.8211872290926291, 0.7673033607558648, 0.9214059103992708, 0.3439038048275928, 0.9578601554064605, 0.9877542120161239, 0.8488238129421168, 0.8623743446478737, 0.018723174110257326, 0.8221186616753232, 0.9395269568275697, 0.3034061174716735, 0.5166791366237309, 0.9460296847005071, 0.7176001339491344, 0.9716064863961842, 0.24666916999810926, 0.1859451791966216, 0.5143199953486636, 0.974929214656881, 0.22852304474374677, 0.5979653512010813, 0.026572460508718247, 0.8268073195735778, 0.12644551544049443, 0.9755446142736286, 0.4264978728019986, 0.9550821065629596, 0.7367135329884908, 0.9199284857148831, 0.9796405932918273, 0.9845086262853388, 0.6628056700605408, 0.06422890363043317, 0.9815869449169212, 0.7768029125123563, 0.17159754785715828, 0.3369292003623672, 0.9618235238701042, 0.9286723818809186]"
Gradient Boosting,46,10,"[0, 0, 1, 0, 0, 1, 1, 0, 1, 1, 0, 0, 1, 0, 0, 1, 1, 1, 0, 1, 1, 1, 1, 1, 1, 0, 1, 0, 1, 0, 1, 1, 1, 1, 1, 1, 0, 1, 1, 0, 0, 0, 1, 1, 0, 1, 0, 1, 1, 0, 0, 0, 1, 0, 1, 0, 0, 1, 1, 0, 0, 0, 1, 1, 1, 1, 0, 1, 0, 1, 1, 1, 0, 1, 1, 1, 1, 1, 1, 1, 0, 1, 1, 1, 1, 1, 1, 1, 0, 0, 1, 0, 0, 0, 1, 1, 1, 1, 0, 0, 1, 1, 1, 1, 1, 1, 1, 1, 0, 1, 1, 0, 0, 0, 1, 1, 1, 1, 1, 0, 0, 0, 0, 1, 0, 0, 1, 1, 1, 0, 0, 0, 0, 1, 1, 0, 0, 1, 0, 1, 0, 1, 0, 1]","[1, 1, 1, 0, 1, 1, 1, 0, 1, 1, 0, 0, 1, 0, 0, 0, 1, 1, 0, 1, 1, 1, 1, 1, 1, 0, 1, 0, 0, 0, 1, 1, 1, 1, 1, 1, 1, 1, 1, 0, 0, 0, 1, 1, 1, 1, 1, 1, 1, 0, 0, 1, 1, 0, 1, 0, 1, 1, 1, 0, 1, 0, 1, 1, 1, 1, 0, 1, 0, 1, 1, 1, 0, 1, 0, 1, 0, 1, 1, 1, 0, 1, 1, 1, 1, 1, 1, 1, 0, 0, 1, 0, 0, 0, 1, 1, 1, 1, 0, 1, 1, 1, 1, 1, 1, 0, 1, 1, 1, 1, 1, 0, 0, 0, 1, 1, 1, 1, 1, 1, 0, 0, 1, 1, 1, 0, 1, 1, 1, 0, 1, 0, 0, 1, 1, 1, 0, 1, 1, 1, 0, 1, 0, 0]","[0.5416026796698555, 0.858492492305147, 0.9839004859884433, 0.11963787166693741, 0.7600959784727729, 0.9871352283519039, 0.9865477747382582, 0.014238706282505164, 0.9834605029711506, 0.9575673147542092, 0.05655421695201212, 0.42008201417406754, 0.5257226826376566, 0.052460628695836724, 0.042658427967854295, 0.36661829440001914, 0.8894543753188405, 0.9653699245917222, 0.1402358847272388, 0.7832528671664672, 0.8923440763968243, 0.9790709429421244, 0.8825166453886102, 0.7781795547710116, 0.9559856586992614, 0.014238706282505164, 0.9406508181601293, 0.3208673727762049, 0.3546938826033007, 0.025075086596649084, 0.8022912500825764, 0.8979516713725563, 0.9740810844185586, 0.9087403644587068, 0.9780105250205327, 0.9471238227524822, 0.6171248428669937, 0.9483273758869246, 0.9454125217159596, 0.30180270917738516, 0.39261736629942917, 0.014238706282505164, 0.9790617157161797, 0.7227718672605653, 0.6246075844733145, 0.981526973157319, 0.8429924109808944, 0.9903855701649656, 0.7177785416523113, 0.014238706282505164, 0.014238706282505164, 0.8808708632572755, 0.9891193412227929, 0.42765723163981834, 0.95112117693441, 0.014238706282505164, 0.5708583951955145, 0.9537005807115425, 0.9140562264841785, 0.014238706282505164, 0.8650187573142027, 0.06075716869931978, 0.9004483757641496, 0.9714687204010299, 0.808606550562476, 0.983489306005019, 0.014238706282505164, 0.9851538212108909, 0.014238706282505164, 0.9565730387578975, 0.9824824903879923, 0.9853811514210814, 0.03033124562255884, 0.9832223495216802, 0.48041597176480455, 0.7225193734822981, 0.48921760892699395, 0.9918640023437656, 0.9576760927485576, 0.9878834996802784, 0.02289710457004278, 0.9240553184992792, 0.9186280314640327, 0.9785199756470018, 0.9698434329155722, 0.9734165853632816, 0.9765606151793631, 0.9857745132913126, 0.028540948296458504, 0.014238706282505164, 0.9456776699776688, 0.027614031505576207, 0.014238706282505164, 0.4958494665351909, 0.8662486443831949, 0.9837174117459265, 0.9484728110177065, 0.9844052483266564, 0.11880933281572864, 0.850512872645893, 0.9862220079789111, 0.770972502025681, 0.9600825439581874, 0.9161242916508492, 0.8650826119048977, 0.09177772511057096, 0.9818413594340608, 0.9931145118365199, 0.9126579393905095, 0.8978554539219508, 0.9035081686657952, 0.09696968947554513, 0.05440587030758001, 0.012455273292825968, 0.9817820322569634, 0.6141971974173697, 0.9681139921549855, 0.9711930887621879, 0.9493715973897675, 0.8785502295905917, 0.0672038247113312, 0.027730044634060196, 0.8127418109080827, 0.8838346560404499, 0.9674098567264207, 0.12887163029680287, 0.8921420218912016, 0.9810560022435343, 0.7639030435215532, 0.014238706282505164, 0.6419654020743423, 0.014238706282505164, 0.3369508080944981, 0.7998113319144273, 0.9883026880105815, 0.6574134503605314, 0.013734416862687457, 0.9180767207620407, 0.9727192748572462, 0.9906778532356633, 0.023084292949121475, 0.7816373576415503, 0.014238706282505164, 0.12686244780654385]"
Gradient Boosting,47,10,"[0, 1, 1, 0, 1, 1, 1, 1, 1, 1, 1, 1, 1, 0, 1, 1, 1, 1, 1, 1, 1, 1, 1, 0, 0, 1, 1, 1, 0, 1, 1, 0, 0, 0, 0, 0, 0, 1, 1, 1, 0, 0, 1, 1, 1, 1, 1, 1, 0, 1, 1, 1, 1, 0, 1, 1, 1, 1, 0, 0, 1, 0, 1, 1, 1, 1, 0, 0, 1, 1, 1, 1, 1, 1, 0, 1, 1, 0, 1, 1, 1, 0, 1, 1, 1, 1, 1, 1, 1, 0, 0, 0, 1, 0, 0, 0, 0, 1, 0, 1, 0, 1, 1, 0, 1, 1, 1, 1, 0, 0, 1, 1, 1, 1, 1, 0, 1, 0, 1, 0, 0, 0, 1, 1, 1, 1, 0, 0, 0, 0, 0, 1, 0, 1, 1, 0, 0, 0, 0, 1, 1, 1, 1, 0]","[1, 1, 1, 0, 1, 1, 1, 1, 1, 1, 1, 1, 1, 0, 1, 1, 1, 1, 1, 1, 1, 1, 1, 0, 0, 1, 0, 1, 0, 1, 1, 1, 0, 1, 0, 0, 0, 1, 1, 1, 1, 1, 1, 1, 1, 1, 1, 1, 0, 1, 1, 1, 1, 0, 1, 1, 1, 1, 0, 0, 1, 0, 1, 1, 0, 1, 0, 1, 1, 1, 1, 1, 1, 1, 0, 1, 1, 0, 1, 1, 1, 0, 1, 0, 1, 1, 1, 1, 1, 1, 0, 0, 1, 0, 1, 0, 1, 1, 0, 1, 1, 1, 1, 1, 1, 1, 1, 1, 1, 1, 1, 1, 1, 1, 1, 1, 1, 0, 1, 0, 0, 0, 1, 1, 1, 1, 0, 1, 0, 0, 1, 0, 1, 1, 1, 0, 0, 0, 1, 1, 1, 1, 1, 0]","[0.9146026725470392, 0.977808190279211, 0.9810170245667449, 0.0201695578242061, 0.9788818521056468, 0.8663901455465529, 0.990258552652226, 0.8832553025806552, 0.9617989242994253, 0.9876963517597807, 0.9791441326996561, 0.9812441232540922, 0.975559415800514, 0.021213916401405977, 0.8916455210309603, 0.6379411616286776, 0.8395296041720327, 0.6196449244192215, 0.9538468247751869, 0.9448392233245227, 0.9698669907828377, 0.9460247910723191, 0.9586854278072325, 0.18790638036079402, 0.01593871243802209, 0.976475485041724, 0.10481847280509327, 0.8335917969234413, 0.020149759749235274, 0.9618269977862808, 0.9844860358972652, 0.6960698062117837, 0.02399258709038868, 0.7623474780006272, 0.05252607123620141, 0.4917835167769434, 0.4197609171170276, 0.9808647925945312, 0.918615938108441, 0.9811027326702882, 0.9436154635665831, 0.52204465211777, 0.8937567325024156, 0.9583031774616396, 0.8293293099118173, 0.9001068197422802, 0.9056687404851379, 0.8963005041326408, 0.40014875711317327, 0.9857919167204635, 0.968387633349543, 0.7437006143141242, 0.984867538829475, 0.06356709349180595, 0.7847791306996649, 0.585349675419571, 0.9418853803070034, 0.9850360620695765, 0.06921101333050032, 0.01593871243802209, 0.8267564318865597, 0.01593871243802209, 0.9612594388371364, 0.8035323764113759, 0.07461795560650523, 0.9774686349820052, 0.16153859907654747, 0.9465309304956395, 0.978123672004626, 0.6147982713066668, 0.9863120717885585, 0.5703663019430281, 0.8883251883416893, 0.9668919565517062, 0.0201695578242061, 0.9314630905955513, 0.8389231085068264, 0.2315824597366363, 0.958030441110341, 0.9621755090496201, 0.9400243804146505, 0.03471461427851448, 0.963790271745888, 0.31067269432076994, 0.9793385014823286, 0.8129034124613205, 0.9635126691853282, 0.8910790266914406, 0.9731004799378099, 0.9519131736051595, 0.08029234131970295, 0.01593871243802209, 0.9688951086993588, 0.01593871243802209, 0.7012209113503446, 0.0201695578242061, 0.8918552880334336, 0.9436604830627606, 0.01593871243802209, 0.5925224734059579, 0.7158881052561711, 0.9274800686035731, 0.9669286297886396, 0.9753125255043656, 0.9935498680215765, 0.962346302095482, 0.9230502852983568, 0.9521594844494882, 0.9038893569476972, 0.8048203614162075, 0.8896803168930191, 0.9140416878998984, 0.820278515509199, 0.8131251937256229, 0.8614810758202255, 0.8636023174370271, 0.9799716653882172, 0.4215290522747607, 0.764433088993022, 0.014682320991364661, 0.02399258709038868, 0.3180033208523457, 0.9832142721130909, 0.9752584639392163, 0.9442868790590467, 0.9802479448421046, 0.214835717335809, 0.8802130305006555, 0.01593871243802209, 0.2520485693533333, 0.5205708560679758, 0.45951420559770806, 0.9098489826411548, 0.9896406788181696, 0.9827614934724626, 0.11101730665716374, 0.24773034067363886, 0.26792992250846276, 0.6454317788406577, 0.9325622339042083, 0.6686349348854238, 0.7906448355426527, 0.9850927326604094, 0.07406806442351777]"
Gradient Boosting,48,10,"[0, 1, 0, 1, 1, 1, 1, 1, 1, 0, 0, 0, 0, 0, 1, 1, 0, 1, 1, 0, 1, 1, 1, 1, 1, 1, 0, 0, 1, 1, 1, 0, 1, 0, 1, 0, 1, 0, 1, 0, 1, 1, 1, 1, 0, 1, 1, 0, 1, 1, 0, 1, 1, 0, 0, 1, 1, 1, 0, 0, 0, 1, 0, 0, 0, 0, 1, 0, 1, 1, 0, 1, 0, 1, 1, 0, 0, 1, 1, 1, 1, 1, 1, 1, 1, 1, 0, 0, 0, 0, 0, 1, 1, 1, 1, 1, 1, 1, 1, 0, 0, 1, 1, 1, 1, 1, 0, 1, 1, 1, 1, 1, 1, 1, 0, 1, 1, 0, 0, 0, 0, 1, 0, 1, 0, 0, 0, 0, 1, 0, 0, 0, 1, 1, 1, 1, 0, 1, 0, 0, 1, 1, 1]","[0, 1, 1, 1, 0, 1, 1, 1, 1, 0, 0, 0, 1, 0, 1, 1, 0, 1, 1, 0, 1, 0, 0, 1, 1, 1, 0, 0, 1, 0, 1, 1, 1, 0, 0, 0, 1, 0, 1, 1, 1, 1, 0, 1, 0, 1, 1, 1, 0, 1, 0, 1, 1, 0, 0, 0, 0, 1, 0, 0, 0, 1, 0, 0, 0, 0, 1, 0, 1, 1, 1, 1, 0, 1, 1, 1, 0, 1, 0, 1, 0, 1, 1, 1, 1, 1, 0, 0, 0, 0, 1, 1, 0, 0, 1, 1, 1, 1, 0, 0, 0, 0, 1, 1, 1, 1, 0, 1, 0, 0, 1, 1, 1, 1, 1, 1, 1, 0, 0, 1, 1, 1, 1, 1, 0, 1, 1, 0, 1, 0, 0, 0, 1, 0, 1, 1, 0, 0, 0, 0, 1, 1, 1]","[0.015069072552538474, 0.6695692851990671, 0.9564733733941646, 0.9881511335085947, 0.11084233689160967, 0.8328940119577614, 0.9389475069150557, 0.9903810749625311, 0.8804298766800055, 0.025088013530261542, 0.027730994764385414, 0.13822084755316705, 0.9460233041009601, 0.02999461029904997, 0.9873635325892748, 0.9610457667513351, 0.023063009728723778, 0.7812095134033521, 0.9831839876798033, 0.04413356655724145, 0.985552401304551, 0.2838939144372925, 0.07602484025068185, 0.9834644379773978, 0.9870855143009859, 0.9531480417145822, 0.031011929690561917, 0.015069072552538474, 0.8558639761617632, 0.12239674800482382, 0.9084988131775262, 0.9829605787997053, 0.9667646686022582, 0.2337733599083826, 0.10470996805790674, 0.015069072552538474, 0.9746000873786664, 0.015069072552538474, 0.9870292699334046, 0.9499847567839921, 0.5817280284773059, 0.9895226734455894, 0.09961769396690699, 0.9776918936413467, 0.015069072552538474, 0.9769365755440574, 0.9710255744150685, 0.9327398134089657, 0.016195818667224592, 0.8409719482496912, 0.042393224606447025, 0.9929043149990381, 0.9703302991147337, 0.015069072552538474, 0.015069072552538474, 0.07626026154284586, 0.17198901662567662, 0.9906668586908538, 0.015069072552538474, 0.023063009728723778, 0.025088013530261542, 0.8895639159473596, 0.049842944945092615, 0.015069072552538474, 0.015069072552538474, 0.015069072552538474, 0.8627212163638881, 0.2079479380275254, 0.9898634527833529, 0.523459987190147, 0.7877138813217233, 0.9909961443171891, 0.023304093327695424, 0.9413448063853423, 0.9673099215883769, 0.7370099700101181, 0.08020064379900903, 0.9865201970664519, 0.09629456900068775, 0.7150387055283255, 0.32590175073096594, 0.868071938689535, 0.9559430878460525, 0.9817166459488981, 0.9859307725258948, 0.9683368082370348, 0.08384919948921668, 0.07990475243825693, 0.26693982031927516, 0.015069072552538474, 0.9373994050965572, 0.9818318057584735, 0.4007244304369151, 0.4543337612051982, 0.9879059809670551, 0.9019723386620127, 0.5984154253202335, 0.8170546447280326, 0.15205881477190533, 0.015069072552538474, 0.016195818667224592, 0.15518449413613358, 0.9936432287604053, 0.9748441918932406, 0.9526004174335555, 0.9946483607044758, 0.021521276585749524, 0.9758659878656187, 0.1157745191445606, 0.015069072552538474, 0.8820329429887919, 0.9624632866076194, 0.993289120035258, 0.9838840966450971, 0.9652815685065478, 0.9762641627516379, 0.9412455915895824, 0.2648204628843567, 0.053474916460447, 0.8643452592724442, 0.9034434338192086, 0.9760090321153311, 0.7859712874032889, 0.9450691322823701, 0.015069072552538474, 0.8793902928989159, 0.587153051665282, 0.015069072552538474, 0.9846522744942079, 0.025088013530261542, 0.0258637181225168, 0.10144080281740066, 0.9679086208584528, 0.4532072100228025, 0.96073028517622, 0.6394709476825371, 0.03310051967051334, 0.051937650489308436, 0.15786310305843176, 0.08923287351518845, 0.9906975459447749, 0.9051940244411179, 0.9757164249879943]"
Gradient Boosting,49,10,"[0, 1, 1, 0, 1, 0, 1, 1, 1, 1, 1, 0, 0, 1, 0, 1, 1, 1, 1, 0, 0, 1, 0, 0, 1, 0, 1, 1, 0, 1, 0, 1, 1, 1, 1, 1, 1, 0, 1, 1, 1, 1, 1, 1, 1, 0, 0, 1, 1, 0, 0, 1, 1, 1, 1, 0, 1, 1, 0, 0, 1, 1, 1, 1, 1, 1, 0, 1, 1, 1, 1, 1, 1, 1, 0, 1, 0, 1, 0, 1, 0, 1, 1, 1, 1, 1, 0, 1, 0, 1, 1, 0, 0, 1, 1, 0, 0, 1, 1, 0, 1, 1, 0, 0, 1, 1, 1, 1, 1, 0, 0, 1, 1, 0, 1, 1, 1, 1, 1, 1, 1, 1, 1, 1, 1, 0, 1, 0, 1, 1, 1, 0, 1, 1, 1, 0, 0, 0, 1, 0, 0, 0, 1]","[1, 1, 1, 1, 1, 0, 1, 1, 1, 1, 1, 0, 0, 0, 0, 1, 1, 1, 1, 0, 0, 0, 0, 0, 1, 0, 0, 1, 1, 1, 0, 1, 1, 1, 1, 1, 1, 1, 1, 1, 1, 1, 1, 1, 1, 0, 1, 0, 1, 0, 0, 1, 1, 1, 1, 0, 1, 1, 0, 0, 0, 1, 0, 1, 1, 1, 0, 1, 1, 1, 1, 1, 1, 1, 0, 1, 1, 1, 0, 1, 0, 1, 1, 1, 1, 1, 0, 1, 0, 1, 1, 0, 0, 1, 1, 0, 1, 1, 1, 0, 1, 0, 1, 0, 1, 1, 1, 1, 1, 0, 0, 1, 0, 1, 1, 1, 1, 1, 1, 1, 1, 1, 1, 1, 1, 0, 0, 1, 1, 1, 1, 0, 1, 1, 0, 0, 1, 1, 1, 0, 1, 0, 1]","[0.8610837927267466, 0.9804540329165583, 0.9882433184008074, 0.9306942992930433, 0.6013655461006928, 0.389517060560186, 0.947655069304242, 0.9824717431869469, 0.903954659985417, 0.8839300169166904, 0.9521652885351704, 0.015205702473325174, 0.2494251588186283, 0.38674348340204745, 0.11852345335790823, 0.7584699940985492, 0.9348485292958668, 0.9264310542225147, 0.5107477348405809, 0.2933720353625126, 0.01588846076178052, 0.47404921445494413, 0.01588846076178052, 0.13158112035170533, 0.9805009379732422, 0.05925506923127812, 0.4243209328597563, 0.908475499408123, 0.8532471248824532, 0.9764424849836723, 0.015205702473325174, 0.9318071375941633, 0.9562366016676245, 0.8769507479898774, 0.9235413420967464, 0.6669116781966691, 0.7905558322815024, 0.9145388691359203, 0.8930893845441382, 0.8233866937306564, 0.9109700235090806, 0.9404233895830318, 0.9100077935507139, 0.9866655414497886, 0.9751931473876133, 0.08001756168937468, 0.9599096402042783, 0.4496193102008011, 0.9289981171759117, 0.08042283804470086, 0.4647300225005865, 0.959831832381292, 0.8845187970429554, 0.9490276993623095, 0.6436519019090405, 0.015205702473325174, 0.6219912859516817, 0.9632691698468944, 0.08230241247187803, 0.0895433984962923, 0.47050273103792734, 0.9706577183796313, 0.3037457254014077, 0.9737250953826679, 0.9389853603019762, 0.9595340290942008, 0.015205702473325174, 0.9507272841887973, 0.9714839836684287, 0.9554945000590845, 0.9442617149147504, 0.9740286837458046, 0.9874675430513744, 0.5659001700758332, 0.015205702473325174, 0.9879493098977816, 0.8183334996241434, 0.9657743144398871, 0.13610561819262154, 0.9825756611367502, 0.015205702473325174, 0.9167433864943829, 0.9915016663000115, 0.7987808142094232, 0.9690615318446912, 0.9699631105522974, 0.01588846076178052, 0.9905831265559562, 0.15732542413772133, 0.5704460828393215, 0.8911900745160637, 0.016611507356417, 0.47610974474522555, 0.8759264960559475, 0.8533864830659476, 0.16326488565161518, 0.9853810210346088, 0.9774975472109068, 0.9831384707943817, 0.24403250251366174, 0.6841511538506986, 0.31143446553037807, 0.5433458981984562, 0.015205702473325174, 0.940567545071463, 0.833559776473106, 0.9855258708190152, 0.8764699220644154, 0.9319252519287677, 0.3357222857794921, 0.016860294680641093, 0.9880143761838543, 0.13366319360195797, 0.6373083810441228, 0.9203450735077287, 0.9722241692986549, 0.960934150767663, 0.9860628180980838, 0.9857948944982485, 0.9738318138563087, 0.9855265645821243, 0.9691740462541041, 0.9833033385790753, 0.9891430960800183, 0.9778554190245196, 0.030809523036474173, 0.4355728617882868, 0.8092458043617434, 0.5041830350690737, 0.9867051167565514, 0.9709130819570364, 0.016590905141940886, 0.965108038312583, 0.9768019094376238, 0.4602896335424264, 0.33208891776968535, 0.6881986380891502, 0.690244951113495, 0.5271109960892557, 0.01588846076178052, 0.9054160478382428, 0.015205702473325174, 0.938477199592235]"
Gradient Boosting,50,10,"[1, 1, 0, 0, 1, 1, 1, 1, 1, 1, 0, 1, 1, 1, 1, 0, 0, 1, 1, 1, 0, 1, 1, 1, 1, 1, 1, 1, 1, 0, 1, 1, 1, 0, 0, 1, 0, 1, 0, 1, 1, 1, 1, 0, 1, 1, 0, 0, 0, 0, 1, 1, 1, 1, 1, 1, 1, 0, 1, 1, 0, 1, 0, 0, 1, 1, 1, 1, 1, 1, 1, 1, 0, 1, 1, 0, 1, 0, 1, 1, 0, 1, 1, 1, 1, 1, 1, 0, 0, 1, 0, 0, 1, 0, 1, 1, 1, 1, 1, 1, 1, 1, 0, 1, 1, 1, 1, 1, 1, 1, 0, 0, 0, 1, 0, 1, 0, 1, 1, 1, 1, 1, 1, 0, 1, 1, 1, 0, 0, 1, 0, 1, 1, 1, 1, 1, 1, 1, 0, 1, 1, 0, 1]","[1, 1, 1, 0, 1, 1, 0, 1, 1, 1, 1, 1, 0, 1, 1, 0, 1, 1, 0, 1, 0, 1, 1, 1, 1, 1, 1, 1, 1, 0, 1, 1, 1, 1, 0, 1, 1, 1, 1, 0, 1, 0, 1, 1, 1, 1, 0, 0, 0, 0, 1, 1, 1, 1, 1, 1, 0, 0, 1, 1, 1, 1, 0, 0, 0, 1, 1, 1, 0, 1, 1, 0, 1, 1, 1, 0, 1, 0, 1, 1, 0, 1, 1, 1, 0, 1, 1, 0, 0, 0, 0, 0, 1, 1, 1, 0, 1, 1, 1, 1, 1, 1, 0, 1, 1, 1, 1, 1, 1, 1, 1, 0, 0, 1, 0, 1, 0, 1, 1, 1, 1, 1, 0, 1, 1, 1, 1, 0, 0, 1, 0, 1, 1, 1, 1, 1, 1, 1, 0, 1, 1, 0, 1]","[0.9827244551030038, 0.9846927867768897, 0.7351606328069833, 0.05120749799424283, 0.9776750380794812, 0.9520892626561499, 0.39523694361121864, 0.9743676797169823, 0.9896561145404078, 0.9502984908031735, 0.9832433863951385, 0.9106208070306891, 0.35287783944917295, 0.8972858624004998, 0.8815288168074881, 0.02632995131023169, 0.563605098801875, 0.9579960739486539, 0.030292348395768203, 0.824687057373914, 0.05445093182556147, 0.9882683272654554, 0.9358861248881255, 0.9825790916111565, 0.6595734471862464, 0.9805926787977937, 0.7158097191538151, 0.9593085715638837, 0.9797260421607754, 0.09670928140731311, 0.8464819511923721, 0.9896688023782807, 0.9651643462438433, 0.5233212894514555, 0.016346951923752025, 0.9822621796467026, 0.9671049780994548, 0.9864654890183302, 0.5535358084331085, 0.02632995131023169, 0.9806808881794699, 0.37497289165442044, 0.7370894279967617, 0.7206306816519713, 0.9805432795738617, 0.9825358582345085, 0.016346951923752025, 0.09456278974035758, 0.019526108545244038, 0.10906810330498713, 0.9712336062988804, 0.9712877470719807, 0.9167081249819272, 0.5956343625936992, 0.9386310444244937, 0.9549730986149931, 0.3838355642192491, 0.020526240276490627, 0.7215077481660572, 0.9830172984273765, 0.8563190170636059, 0.9348523899240172, 0.03825149559848064, 0.4719339202210674, 0.19999071302638632, 0.9767477708495209, 0.9754287210162506, 0.846411748838804, 0.11153067857552697, 0.8344945130017193, 0.9866846388647945, 0.17520022795522572, 0.9869937592256346, 0.9746110997490113, 0.9870273872467289, 0.016346951923752025, 0.972725067900563, 0.02781879303112515, 0.8957849779614204, 0.9550184818907425, 0.033521876931155416, 0.9826309973645447, 0.8923599418763991, 0.9377223005393887, 0.23466163753690644, 0.9826313222438804, 0.9857511318356935, 0.38343909667672943, 0.03658937982454057, 0.48258786298947387, 0.016346951923752025, 0.07918615260865704, 0.6280507055022175, 0.9699042154492915, 0.9335668462272386, 0.2845852587361237, 0.9868078297939502, 0.9593046833042992, 0.947130645107954, 0.932676506365054, 0.7071081206778321, 0.9845817335193292, 0.016346951923752025, 0.8139636930142448, 0.6396438335124114, 0.9883700509833171, 0.793376011813108, 0.9581335962267452, 0.9782027273242998, 0.8625652494110431, 0.9850096229885704, 0.4558579273857255, 0.12895473232092197, 0.9132517032340927, 0.3209836326312527, 0.9411646592529233, 0.22104506462674162, 0.9704525654955023, 0.9852339953209813, 0.9867446877703142, 0.9849881291138968, 0.990098004001332, 0.1399184020824188, 0.6180541284838913, 0.9868078297939502, 0.9758560530288309, 0.9837878183373955, 0.06606137640605787, 0.016346951923752025, 0.654925403186802, 0.016346951923752025, 0.9555190958529493, 0.9867446877703142, 0.9764552143374982, 0.9847780158195637, 0.9818736710977374, 0.9861721667559167, 0.5720038515953729, 0.12482006036080086, 0.9798878637470306, 0.9455612538477227, 0.016346951923752025, 0.9750834297164506]"
