Classifier,Fold,Repeat,train_auc,train_f1,val_auc,val_mcc,val_kappa,val_f1_binary,val_f1_macro,val_accuracy,val_sensitivity,val_specificity,val_ppv,val_npv,val_balanced_accuracy,per_class_precision,per_class_recall,per_class_f1,per_class_accuracy
Gradient Boosting,1,1,1.0,0.996742671009772,0.9424242424242424,0.7077806220054985,0.7076461769115443,0.7761194029850746,0.8538131261500715,0.8951048951048951,0.7878787878787878,0.9272727272727272,0.7647058823529411,0.9357798165137615,0.8575757575757575,"[0.9357798165137615, 0.7647058823529411]","[0.9272727272727272, 0.7878787878787878]","[0.9315068493150684, 0.7761194029850746]","[0.9272727272727272, 0.7878787878787878]"
Gradient Boosting,2,1,1.0,0.9966555183946488,0.9479857215706272,0.6990430419189336,0.6980499316855049,0.7792207792207793,0.8489405331510596,0.8811188811188811,0.8108108108108109,0.9056603773584906,0.75,0.9320388349514563,0.8582355940846507,"[0.9320388349514563, 0.75]","[0.9056603773584906, 0.8108108108108109]","[0.9186602870813397, 0.7792207792207793]","[0.9056603773584906, 0.8108108108108109]"
Gradient Boosting,3,1,1.0,0.9965635738831615,0.9207317073170731,0.6266491108074798,0.6216454579816051,0.72,0.8102369668246445,0.8531468531468531,0.6585365853658537,0.9313725490196079,0.7941176470588235,0.8715596330275229,0.7949545671927307,"[0.8715596330275229, 0.7941176470588235]","[0.9313725490196079, 0.6585365853658537]","[0.9004739336492891, 0.72]","[0.9313725490196079, 0.6585365853658537]"
Gradient Boosting,4,1,0.999983993597439,0.9896907216494846,0.9720873786407768,0.8230944426264972,0.8209814722083124,0.868421052631579,0.9104010025062657,0.9300699300699301,0.825,0.970873786407767,0.9166666666666666,0.9345794392523364,0.8979368932038835,"[0.9345794392523364, 0.9166666666666666]","[0.970873786407767, 0.825]","[0.9523809523809523, 0.868421052631579]","[0.970873786407767, 0.825]"
Gradient Boosting,5,1,0.9999999999999999,0.9933333333333333,0.9225077881619937,0.6765876550507826,0.6754772393538914,0.7536231884057971,0.8376410872904562,0.8811188811188811,0.7222222222222222,0.9345794392523364,0.7878787878787878,0.9090909090909091,0.8284008307372793,"[0.9090909090909091, 0.7878787878787878]","[0.9345794392523364, 0.7222222222222222]","[0.9216589861751152, 0.7536231884057971]","[0.9345794392523364, 0.7222222222222222]"
Gradient Boosting,6,2,1.0,0.989247311827957,0.9511429852084268,0.7220355443620581,0.7195754989041412,0.8045977011494253,0.8595852827355166,0.8811188811188811,0.7608695652173914,0.9381443298969072,0.8536585365853658,0.8921568627450981,0.8495069475571493,"[0.8921568627450981, 0.8536585365853658]","[0.9381443298969072, 0.7608695652173914]","[0.914572864321608, 0.8045977011494253]","[0.9381443298969072, 0.7608695652173914]"
Gradient Boosting,7,2,1.0,0.9966555183946488,0.9377868434472207,0.7290461377253861,0.7289270820169341,0.8,0.8644549763033176,0.8951048951048951,0.8108108108108109,0.9245283018867925,0.7894736842105263,0.9333333333333333,0.8676695563488017,"[0.9333333333333333, 0.7894736842105263]","[0.9245283018867925, 0.8108108108108109]","[0.9289099526066351, 0.8]","[0.9245283018867925, 0.8108108108108109]"
Gradient Boosting,8,2,1.0,0.9966101694915255,0.9317061143984221,0.6538472221874339,0.651085141903172,0.7397260273972602,0.825262074731494,0.8671328671328671,0.6923076923076923,0.9326923076923077,0.7941176470588235,0.8899082568807339,0.8125,"[0.8899082568807339, 0.7941176470588235]","[0.9326923076923077, 0.6923076923076923]","[0.9107981220657277, 0.7397260273972602]","[0.9326923076923077, 0.6923076923076923]"
Gradient Boosting,9,2,1.0,0.9935483870967742,0.9380760368663595,0.7268003050812637,0.7245459548706659,0.7878787878787878,0.8621212121212121,0.9020979020979021,0.8387096774193549,0.9196428571428571,0.7428571428571429,0.9537037037037037,0.879176267281106,"[0.9537037037037037, 0.7428571428571429]","[0.9196428571428571, 0.8387096774193549]","[0.9363636363636364, 0.7878787878787878]","[0.9196428571428571, 0.8387096774193549]"
Gradient Boosting,10,2,1.0,0.9967213114754099,0.9400971397733405,0.6913113869400972,0.6913113869400971,0.7647058823529411,0.8456556934700485,0.8881118881118881,0.7647058823529411,0.926605504587156,0.7647058823529411,0.926605504587156,0.8456556934700485,"[0.926605504587156, 0.7647058823529411]","[0.926605504587156, 0.7647058823529411]","[0.926605504587156, 0.7647058823529411]","[0.926605504587156, 0.7647058823529411]"
Gradient Boosting,11,3,0.9999378611818803,0.996742671009772,0.9509641873278237,0.7080881928749334,0.7037037037037037,0.7777777777777778,0.8515057113187954,0.8881118881118881,0.8484848484848485,0.9,0.717948717948718,0.9519230769230769,0.8742424242424243,"[0.9519230769230769, 0.717948717948718]","[0.9, 0.8484848484848485]","[0.9252336448598131, 0.7777777777777778]","[0.9, 0.8484848484848485]"
Gradient Boosting,12,3,1.0,0.9966329966329966,0.9576441102756893,0.7785614427507846,0.7735550277117973,0.8285714285714286,0.8865079365079365,0.916083916083916,0.7631578947368421,0.9714285714285714,0.90625,0.918918918918919,0.8672932330827068,"[0.918918918918919, 0.90625]","[0.9714285714285714, 0.7631578947368421]","[0.9444444444444444, 0.8285714285714286]","[0.9714285714285714, 0.7631578947368421]"
Gradient Boosting,13,3,1.0,0.9966996699669967,0.9436507936507937,0.644158644618486,0.6440455915105463,0.7323943661971831,0.8220111365869637,0.8671328671328671,0.7428571428571429,0.9074074074074074,0.7222222222222222,0.9158878504672897,0.8251322751322752,"[0.9158878504672897, 0.7222222222222222]","[0.9074074074074074, 0.7428571428571429]","[0.9116279069767442, 0.7323943661971831]","[0.9074074074074074, 0.7428571428571429]"
Gradient Boosting,14,3,1.0,0.9966555183946488,0.9515553289138196,0.6551228110337419,0.6470104223806912,0.7272727272727273,0.8227272727272728,0.8741258741258742,0.6486486486486487,0.9528301886792453,0.8275862068965517,0.8859649122807017,0.8007394186639469,"[0.8859649122807017, 0.8275862068965517]","[0.9528301886792453, 0.6486486486486487]","[0.9181818181818182, 0.7272727272727273]","[0.9528301886792453, 0.6486486486486487]"
Gradient Boosting,15,3,1.0,1.0,0.9028925619834711,0.6647220830397396,0.6632124352331606,0.7619047619047619,0.8314474304573314,0.8601398601398601,0.7272727272727273,0.9191919191919192,0.8,0.883495145631068,0.8232323232323233,"[0.883495145631068, 0.8]","[0.9191919191919192, 0.7272727272727273]","[0.900990099009901, 0.7619047619047619]","[0.9191919191919192, 0.7272727272727273]"
Gradient Boosting,16,4,1.0,1.0,0.9330232558139533,0.6970728817500202,0.6966768795663445,0.7857142857142857,0.8483026874115983,0.8741258741258742,0.7674418604651163,0.92,0.8048780487804879,0.9019607843137255,0.8437209302325581,"[0.9019607843137255, 0.8048780487804879]","[0.92, 0.7674418604651163]","[0.9108910891089109, 0.7857142857142857]","[0.92, 0.7674418604651163]"
Gradient Boosting,17,4,1.0,0.9933774834437086,0.9529100529100529,0.7778522855705868,0.7773163768492084,0.8333333333333334,0.8886292834890965,0.916083916083916,0.8571428571428571,0.9351851851851852,0.8108108108108109,0.9528301886792453,0.8961640211640212,"[0.9528301886792453, 0.8108108108108109]","[0.9351851851851852, 0.8571428571428571]","[0.9439252336448598, 0.8333333333333334]","[0.9351851851851852, 0.8571428571428571]"
Gradient Boosting,18,4,1.0,0.9901639344262295,0.9542699724517907,0.7188487125829616,0.7182662538699691,0.78125,0.8590934684684685,0.9020979020979021,0.7575757575757576,0.9454545454545454,0.8064516129032258,0.9285714285714286,0.8515151515151516,"[0.9285714285714286, 0.8064516129032258]","[0.9454545454545454, 0.7575757575757576]","[0.9369369369369369, 0.78125]","[0.9454545454545454, 0.7575757575757576]"
Gradient Boosting,19,4,1.0,0.986013986013986,0.9593352192362093,0.7400447251287909,0.7302904564315353,0.8,0.8644549763033176,0.8951048951048951,0.7142857142857143,0.9702970297029703,0.9090909090909091,0.8909090909090909,0.8422913719943423,"[0.8909090909090909, 0.9090909090909091]","[0.9702970297029703, 0.7142857142857143]","[0.9289099526066351, 0.8]","[0.9702970297029703, 0.7142857142857143]"
Gradient Boosting,20,4,1.0,1.0,0.9525094441446303,0.6754270696072443,0.6753038600240416,0.7536231884057971,0.8376410872904562,0.8811188811188811,0.7647058823529411,0.9174311926605505,0.7428571428571429,0.9259259259259259,0.8410685375067458,"[0.9259259259259259, 0.7428571428571429]","[0.9174311926605505, 0.7647058823529411]","[0.9216589861751152, 0.7536231884057971]","[0.9174311926605505, 0.7647058823529411]"
Gradient Boosting,21,5,1.0,1.0,0.9491330953595106,0.6990430419189336,0.6980499316855049,0.7792207792207793,0.8489405331510596,0.8811188811188811,0.8108108108108109,0.9056603773584906,0.75,0.9320388349514563,0.8582355940846507,"[0.9320388349514563, 0.75]","[0.9056603773584906, 0.8108108108108109]","[0.9186602870813397, 0.7792207792207793]","[0.9056603773584906, 0.8108108108108109]"
Gradient Boosting,22,5,1.0,0.9897610921501706,0.9235700197238659,0.6474987709525735,0.632688927943761,0.7164179104477612,0.8148299597900905,0.8671328671328671,0.6153846153846154,0.9615384615384616,0.8571428571428571,0.8695652173913043,0.7884615384615385,"[0.8695652173913043, 0.8571428571428571]","[0.9615384615384616, 0.6153846153846154]","[0.91324200913242, 0.7164179104477612]","[0.9615384615384616, 0.6153846153846154]"
Gradient Boosting,23,5,0.9998874525692971,0.9861111111111112,0.9780009564801531,0.8290291726446676,0.8290291726446676,0.8780487804878049,0.9145145863223338,0.9300699300699301,0.8780487804878049,0.9509803921568627,0.8780487804878049,0.9509803921568627,0.9145145863223338,"[0.9509803921568627, 0.8780487804878049]","[0.9509803921568627, 0.8780487804878049]","[0.9509803921568627, 0.8780487804878049]","[0.9509803921568627, 0.8780487804878049]"
Gradient Boosting,24,5,1.0,0.9966996699669967,0.9386243386243386,0.6654202423208161,0.6621264767199444,0.7384615384615385,0.8307692307692308,0.8811188811188811,0.6857142857142857,0.9444444444444444,0.8,0.9026548672566371,0.8150793650793651,"[0.9026548672566371, 0.8]","[0.9444444444444444, 0.6857142857142857]","[0.9230769230769231, 0.7384615384615385]","[0.9444444444444444, 0.6857142857142857]"
Gradient Boosting,25,5,1.0,0.9900332225913622,0.9404761904761906,0.7136335850161984,0.7135034059035661,0.782608695652174,0.8567421358445202,0.8951048951048951,0.7714285714285715,0.9351851851851852,0.7941176470588235,0.926605504587156,0.8533068783068783,"[0.926605504587156, 0.7941176470588235]","[0.9351851851851852, 0.7714285714285715]","[0.9308755760368663, 0.782608695652174]","[0.9351851851851852, 0.7714285714285715]"
Gradient Boosting,26,6,1.0,0.9966101694915255,0.9310897435897436,0.717948717948718,0.717948717948718,0.7948717948717948,0.858974358974359,0.8881118881118881,0.7948717948717948,0.9230769230769231,0.7948717948717948,0.9230769230769231,0.858974358974359,"[0.9230769230769231, 0.7948717948717948]","[0.9230769230769231, 0.7948717948717948]","[0.9230769230769231, 0.7948717948717948]","[0.9230769230769231, 0.7948717948717948]"
Gradient Boosting,27,6,1.0,1.0,0.9474926253687315,0.7123806898767373,0.7117765620501008,0.7741935483870968,0.8558467741935484,0.9020979020979021,0.8,0.9292035398230089,0.75,0.9459459459459459,0.8646017699115045,"[0.9459459459459459, 0.75]","[0.9292035398230089, 0.8]","[0.9375, 0.7741935483870968]","[0.9292035398230089, 0.8]"
Gradient Boosting,28,6,1.0,0.9931972789115646,0.9571005917159763,0.7496670460445812,0.749185667752443,0.8157894736842105,0.8745614035087719,0.9020979020979021,0.7948717948717948,0.9423076923076923,0.8378378378378378,0.9245283018867925,0.8685897435897436,"[0.9245283018867925, 0.8378378378378378]","[0.9423076923076923, 0.7948717948717948]","[0.9333333333333333, 0.8157894736842105]","[0.9423076923076923, 0.7948717948717948]"
Gradient Boosting,29,6,1.0,0.9931972789115646,0.934171597633136,0.702810182128546,0.7027027027027026,0.7848101265822784,0.851342261358772,0.8811188811188811,0.7948717948717948,0.9134615384615384,0.775,0.9223300970873787,0.8541666666666666,"[0.9223300970873787, 0.775]","[0.9134615384615384, 0.7948717948717948]","[0.9178743961352657, 0.7848101265822784]","[0.9134615384615384, 0.7948717948717948]"
Gradient Boosting,30,6,1.0,0.9931506849315068,0.9293689320388349,0.6598519006143246,0.6571608832807572,0.7466666666666667,0.8283096366508689,0.8671328671328671,0.7,0.9320388349514563,0.8,0.8888888888888888,0.8160194174757281,"[0.8888888888888888, 0.8]","[0.9320388349514563, 0.7]","[0.909952606635071, 0.7466666666666667]","[0.9320388349514563, 0.7]"
Gradient Boosting,31,7,0.9999999999999999,0.9965635738831615,0.9409373505499761,0.7264466762314682,0.7264466762314682,0.8048780487804879,0.8632233381157342,0.8881118881118881,0.8048780487804879,0.9215686274509803,0.8048780487804879,0.9215686274509803,0.8632233381157342,"[0.9215686274509803, 0.8048780487804879]","[0.9215686274509803, 0.8048780487804879]","[0.9215686274509803, 0.8048780487804879]","[0.9215686274509803, 0.8048780487804879]"
Gradient Boosting,32,7,1.0,1.0,0.943859649122807,0.7038164074512305,0.7028480625840361,0.7848101265822784,0.851342261358772,0.8811188811188811,0.8157894736842105,0.9047619047619048,0.7560975609756098,0.9313725490196079,0.8602756892230576,"[0.9313725490196079, 0.7560975609756098]","[0.9047619047619048, 0.8157894736842105]","[0.9178743961352657, 0.7848101265822784]","[0.9047619047619048, 0.8157894736842105]"
Gradient Boosting,33,7,1.0,0.9895470383275261,0.9448373408769449,0.7269369759259185,0.7265120726751135,0.8048780487804879,0.8632233381157342,0.8881118881118881,0.7857142857142857,0.9306930693069307,0.825,0.912621359223301,0.8582036775106082,"[0.912621359223301, 0.825]","[0.9306930693069307, 0.7857142857142857]","[0.9215686274509803, 0.8048780487804879]","[0.9306930693069307, 0.7857142857142857]"
Gradient Boosting,34,7,1.0,1.0,0.9422330097087379,0.6746878945329471,0.6672699069286453,0.75,0.8329439252336448,0.8741258741258742,0.675,0.9514563106796117,0.84375,0.8828828828828829,0.8132281553398059,"[0.8828828828828829, 0.84375]","[0.9514563106796117, 0.675]","[0.9158878504672897, 0.75]","[0.9514563106796117, 0.675]"
Gradient Boosting,35,7,1.0,0.9968847352024922,0.9357330703484551,0.68120787458161,0.6804979253112033,0.7407407407407407,0.8401979565772669,0.9020979020979021,0.7692307692307693,0.9316239316239316,0.7142857142857143,0.9478260869565217,0.8504273504273505,"[0.9478260869565217, 0.7142857142857143]","[0.9316239316239316, 0.7692307692307693]","[0.9396551724137931, 0.7407407407407407]","[0.9316239316239316, 0.7692307692307693]"
Gradient Boosting,36,8,1.0,0.9965635738831615,0.9715447154471545,0.779459467388484,0.7793471810089021,0.8433734939759037,0.8896670425544543,0.9090909090909091,0.8536585365853658,0.9313725490196079,0.8333333333333334,0.9405940594059405,0.8925155428024869,"[0.9405940594059405, 0.8333333333333334]","[0.9313725490196079, 0.8536585365853658]","[0.9359605911330049, 0.8433734939759037]","[0.9313725490196079, 0.8536585365853658]"
Gradient Boosting,37,8,1.0,0.9932885906040269,0.931030086690464,0.6920477342856424,0.6883022523613466,0.775,0.8438106796116505,0.8741258741258742,0.8378378378378378,0.8867924528301887,0.7209302325581395,0.94,0.8623151453340132,"[0.94, 0.7209302325581395]","[0.8867924528301887, 0.8378378378378378]","[0.912621359223301, 0.775]","[0.8867924528301887, 0.8378378378378378]"
Gradient Boosting,38,8,1.0,1.0,0.9283068783068783,0.6739761324857831,0.6721854304635762,0.7567567567567568,0.8359255481896992,0.8741258741258742,0.8,0.8981481481481481,0.717948717948718,0.9326923076923077,0.8490740740740741,"[0.9326923076923077, 0.717948717948718]","[0.8981481481481481, 0.8]","[0.9150943396226415, 0.7567567567567568]","[0.8981481481481481, 0.8]"
Gradient Boosting,39,8,1.0,0.9966555183946488,0.9321774604793474,0.7172294239754972,0.7139618615815442,0.782608695652174,0.8567421358445202,0.8951048951048951,0.7297297297297297,0.9528301886792453,0.84375,0.9099099099099099,0.8412799592044875,"[0.9099099099099099, 0.84375]","[0.9528301886792453, 0.7297297297297297]","[0.9308755760368663, 0.782608695652174]","[0.9528301886792453, 0.7297297297297297]"
Gradient Boosting,40,8,1.0,0.9966555183946488,0.9688934217236105,0.7354720795283813,0.7305518169582772,0.7941176470588235,0.8649487317862925,0.9020979020979021,0.7297297297297297,0.9622641509433962,0.8709677419354839,0.9107142857142857,0.845996940336563,"[0.9107142857142857, 0.8709677419354839]","[0.9622641509433962, 0.7297297297297297]","[0.9357798165137615, 0.7941176470588235]","[0.9622641509433962, 0.7297297297297297]"
Gradient Boosting,41,9,0.9999999999999999,0.9965635738831615,0.9391439502630321,0.7307946077616079,0.7303794485034174,0.8095238095238095,0.8651579443658652,0.8881118881118881,0.8292682926829268,0.9117647058823529,0.7906976744186046,0.93,0.8705164992826399,"[0.93, 0.7906976744186046]","[0.9117647058823529, 0.8292682926829268]","[0.9207920792079208, 0.8095238095238095]","[0.9117647058823529, 0.8292682926829268]"
Gradient Boosting,42,9,1.0,0.9966555183946488,0.9551249362570118,0.7701911949398642,0.7690970065830331,0.8311688311688312,0.8844839371155161,0.9090909090909091,0.8648648648648649,0.9245283018867925,0.8,0.9514563106796117,0.8946965833758287,"[0.9514563106796117, 0.8]","[0.9245283018867925, 0.8648648648648649]","[0.937799043062201, 0.8311688311688312]","[0.9245283018867925, 0.8648648648648649]"
Gradient Boosting,43,9,0.9999844652954701,0.9901639344262295,0.9461432506887052,0.7015172852478415,0.7013782542113323,0.7692307692307693,0.8506787330316743,0.8951048951048951,0.7575757575757576,0.9363636363636364,0.78125,0.9279279279279279,0.8469696969696969,"[0.9279279279279279, 0.78125]","[0.9363636363636364, 0.7575757575757576]","[0.9321266968325792, 0.7692307692307693]","[0.9363636363636364, 0.7575757575757576]"
Gradient Boosting,44,9,1.0,0.9965870307167235,0.9401699029126214,0.7120688976008321,0.704239917269907,0.7777777777777778,0.8515057113187954,0.8881118881118881,0.7,0.9611650485436893,0.875,0.8918918918918919,0.8305825242718446,"[0.8918918918918919, 0.875]","[0.9611650485436893, 0.7]","[0.9252336448598131, 0.7777777777777778]","[0.9611650485436893, 0.7]"
Gradient Boosting,45,9,1.0,0.9966777408637874,0.9545690550363448,0.7323680459033339,0.730188679245283,0.7941176470588235,0.8649487317862925,0.9020979020979021,0.75,0.9532710280373832,0.84375,0.918918918918919,0.8516355140186915,"[0.918918918918919, 0.84375]","[0.9532710280373832, 0.75]","[0.9357798165137615, 0.7941176470588235]","[0.9532710280373832, 0.75]"
Gradient Boosting,46,10,1.0,1.0,0.9655328798185941,0.7978517287530895,0.7953769950467804,0.8631578947368421,0.8975475337558556,0.9090909090909091,0.9111111111111111,0.9081632653061225,0.82,0.956989247311828,0.9096371882086167,"[0.956989247311828, 0.82]","[0.9081632653061225, 0.9111111111111111]","[0.9319371727748691, 0.8631578947368421]","[0.9081632653061225, 0.9111111111111111]"
Gradient Boosting,47,10,1.0,0.9967637540453075,0.8904842342342343,0.5319251626972612,0.531814946619217,0.6349206349206349,0.76589081073386,0.8391608391608392,0.625,0.9009009009009009,0.6451612903225806,0.8928571428571429,0.7629504504504505,"[0.8928571428571429, 0.6451612903225806]","[0.9009009009009009, 0.625]","[0.8968609865470852, 0.6349206349206349]","[0.9009009009009009, 0.625]"
Gradient Boosting,48,10,0.9999839217956139,0.993103448275862,0.975609756097561,0.7355709519969446,0.72552783109405,0.7945205479452054,0.8620490063669689,0.8951048951048951,0.7073170731707317,0.9705882352941176,0.90625,0.8918918918918919,0.8389526542324246,"[0.8918918918918919, 0.90625]","[0.9705882352941176, 0.7073170731707317]","[0.9295774647887324, 0.7945205479452054]","[0.9705882352941176, 0.7073170731707317]"
Gradient Boosting,49,10,1.0,0.9932885906040269,0.9450535441101479,0.6967202345127003,0.6920592193808883,0.7647058823529411,0.8456556934700485,0.8881118881118881,0.7027027027027027,0.9528301886792453,0.8387096774193549,0.9017857142857143,0.827766445690974,"[0.9017857142857143, 0.8387096774193549]","[0.9528301886792453, 0.7027027027027027]","[0.926605504587156, 0.7647058823529411]","[0.9528301886792453, 0.7027027027027027]"
Gradient Boosting,50,10,1.0,1.0,0.9577702702702703,0.7323680459033339,0.730188679245283,0.7941176470588235,0.8649487317862925,0.9020979020979021,0.84375,0.918918918918919,0.75,0.9532710280373832,0.8813344594594594,"[0.9532710280373832, 0.75]","[0.918918918918919, 0.84375]","[0.9357798165137615, 0.7941176470588235]","[0.918918918918919, 0.84375]"
KNN,1,1,0.9738007208102901,0.8514851485148515,0.9097796143250689,0.7776625845304405,0.7762128325508607,0.8253968253968254,0.8880347355683678,0.9230769230769231,0.7878787878787878,0.9636363636363636,0.8666666666666667,0.9380530973451328,0.8757575757575757,"[0.9380530973451328, 0.8666666666666667]","[0.9636363636363636, 0.7878787878787878]","[0.9506726457399103, 0.8253968253968254]","[0.9636363636363636, 0.7878787878787878]"
KNN,2,1,0.9718009478672985,0.8268551236749117,0.945945945945946,0.7701911949398642,0.7690970065830331,0.8311688311688312,0.8844839371155161,0.9090909090909091,0.8648648648648649,0.9245283018867925,0.8,0.9514563106796117,0.8946965833758287,"[0.9514563106796117, 0.8]","[0.9245283018867925, 0.8648648648648649]","[0.937799043062201, 0.8311688311688312]","[0.9245283018867925, 0.8648648648648649]"
KNN,3,1,0.9804408643642678,0.8541666666666666,0.8748206599713055,0.6140871028549809,0.6125615763546798,0.717948717948718,0.8060897435897436,0.8461538461538461,0.6829268292682927,0.9117647058823529,0.7567567567567568,0.8773584905660378,0.7973457675753228,"[0.8773584905660378, 0.7567567567567568]","[0.9117647058823529, 0.6829268292682927]","[0.8942307692307693, 0.717948717948718]","[0.9117647058823529, 0.6829268292682927]"
KNN,4,1,0.96890756302521,0.8197879858657244,0.9645631067961166,0.8077546889622202,0.807631160572337,0.8607594936708861,0.9038096985262642,0.9230769230769231,0.85,0.9514563106796117,0.8717948717948718,0.9423076923076923,0.9007281553398059,"[0.9423076923076923, 0.8717948717948718]","[0.9514563106796117, 0.85]","[0.9468599033816425, 0.8607594936708861]","[0.9514563106796117, 0.85]"
KNN,5,1,0.9744458951408661,0.8482758620689655,0.9201713395638629,0.6723966348580523,0.6692066947884066,0.746268656716418,0.8343215429700811,0.8811188811188811,0.6944444444444444,0.9439252336448598,0.8064516129032258,0.9017857142857143,0.8191848390446521,"[0.9017857142857143, 0.8064516129032258]","[0.9439252336448598, 0.6944444444444444]","[0.9223744292237442, 0.746268656716418]","[0.9439252336448598, 0.6944444444444444]"
KNN,6,2,0.9743051784568297,0.8387096774193549,0.9446436575526669,0.7895688314546591,0.7803898405197873,0.8433734939759037,0.8896670425544543,0.9090909090909091,0.7608695652173914,0.979381443298969,0.9459459459459459,0.8962264150943396,0.8701255042581801,"[0.8962264150943396, 0.9459459459459459]","[0.979381443298969, 0.7608695652173914]","[0.9359605911330049, 0.8433734939759037]","[0.979381443298969, 0.7608695652173914]"
KNN,7,2,0.9770379146919431,0.8373702422145328,0.8972463029066802,0.6990430419189336,0.6980499316855049,0.7792207792207793,0.8489405331510596,0.8811188811188811,0.8108108108108109,0.9056603773584906,0.75,0.9320388349514563,0.8582355940846507,"[0.9320388349514563, 0.75]","[0.9056603773584906, 0.8108108108108109]","[0.9186602870813397, 0.7792207792207793]","[0.9056603773584906, 0.8108108108108109]"
KNN,8,2,0.975307559918409,0.8357142857142857,0.855645956607495,0.6739761324857831,0.6721854304635762,0.7567567567567568,0.8359255481896992,0.8741258741258742,0.717948717948718,0.9326923076923077,0.8,0.8981481481481481,0.8253205128205128,"[0.8981481481481481, 0.8]","[0.9326923076923077, 0.717948717948718]","[0.9150943396226415, 0.7567567567567568]","[0.9326923076923077, 0.717948717948718]"
KNN,9,2,0.9714620315581854,0.8289473684210527,0.9351958525345622,0.7662733182322781,0.7638965327462851,0.8181818181818182,0.8818181818181818,0.916083916083916,0.8709677419354839,0.9285714285714286,0.7714285714285715,0.9629629629629629,0.8997695852534562,"[0.9629629629629629, 0.7714285714285715]","[0.9285714285714286, 0.8709677419354839]","[0.9454545454545454, 0.8181818181818182]","[0.9285714285714286, 0.8709677419354839]"
KNN,10,2,0.9781381128425913,0.8610169491525423,0.9137884511602806,0.7248807428294671,0.7243183695951528,0.7878787878787878,0.8621212121212121,0.9020979020979021,0.7647058823529411,0.944954128440367,0.8125,0.9279279279279279,0.854830005396654,"[0.9279279279279279, 0.8125]","[0.944954128440367, 0.7647058823529411]","[0.9363636363636364, 0.7878787878787878]","[0.944954128440367, 0.7647058823529411]"
KNN,11,3,0.9747949419002051,0.8484848484848485,0.9243801652892562,0.7225916412701,0.7194244604316546,0.7887323943661971,0.859482476252866,0.8951048951048951,0.8484848484848485,0.9090909090909091,0.7368421052631579,0.9523809523809523,0.8787878787878788,"[0.9523809523809523, 0.7368421052631579]","[0.9090909090909091, 0.8484848484848485]","[0.9302325581395349, 0.7887323943661971]","[0.9090909090909091, 0.8484848484848485]"
KNN,12,3,0.9731464293080743,0.8493150684931506,0.9038847117794486,0.7601664066161452,0.7568345323741007,0.8169014084507042,0.8782181460858172,0.9090909090909091,0.7631578947368421,0.9619047619047619,0.8787878787878788,0.9181818181818182,0.862531328320802,"[0.9181818181818182, 0.8787878787878788]","[0.9619047619047619, 0.7631578947368421]","[0.9395348837209302, 0.8169014084507042]","[0.9619047619047619, 0.7631578947368421]"
KNN,13,3,0.9752741228070175,0.8424657534246576,0.9023809523809523,0.7035732359301234,0.7030885024656113,0.7777777777777778,0.8515057113187954,0.8881118881118881,0.8,0.9166666666666666,0.7567567567567568,0.9339622641509434,0.8583333333333334,"[0.9339622641509434, 0.7567567567567568]","[0.9166666666666666, 0.8]","[0.9252336448598131, 0.7777777777777778]","[0.9166666666666666, 0.8]"
KNN,14,3,0.9737677725118483,0.8327645051194539,0.9495155532891383,0.7754739521198982,0.7732558139534884,0.8285714285714286,0.8865079365079365,0.916083916083916,0.7837837837837838,0.9622641509433962,0.8787878787878788,0.9272727272727272,0.87302396736359,"[0.9272727272727272, 0.8787878787878788]","[0.9622641509433962, 0.7837837837837838]","[0.9444444444444444, 0.8285714285714286]","[0.9622641509433962, 0.7837837837837838]"
KNN,15,3,0.9774235088920404,0.8455882352941176,0.8985307621671258,0.6622714345924466,0.6587926509186351,0.7560975609756098,0.8290291726446677,0.8601398601398601,0.7045454545454546,0.9292929292929293,0.8157894736842105,0.8761904761904762,0.8169191919191919,"[0.8761904761904762, 0.8157894736842105]","[0.9292929292929293, 0.7045454545454546]","[0.9019607843137255, 0.7560975609756098]","[0.9292929292929293, 0.7045454545454546]"
KNN,16,4,0.975735007788162,0.8387096774193549,0.8972093023255814,0.712514373817691,0.711590936054099,0.7951807228915663,0.8557184402635172,0.8811188811188811,0.7674418604651163,0.93,0.825,0.9029126213592233,0.8487209302325582,"[0.9029126213592233, 0.825]","[0.93, 0.7674418604651163]","[0.916256157635468, 0.7951807228915663]","[0.93, 0.7674418604651163]"
KNN,17,4,0.975673558897243,0.8551724137931035,0.9175925925925925,0.71910956909403,0.7189833617188524,0.7887323943661971,0.859482476252866,0.8951048951048951,0.8,0.9259259259259259,0.7777777777777778,0.9345794392523364,0.8629629629629629,"[0.9345794392523364, 0.7777777777777778]","[0.9259259259259259, 0.8]","[0.9302325581395349, 0.7887323943661971]","[0.9259259259259259, 0.8]"
KNN,18,4,0.9729696141179395,0.8421052631578947,0.9246556473829202,0.7242424242424242,0.7242424242424242,0.7878787878787878,0.8621212121212121,0.9020979020979021,0.7878787878787878,0.9363636363636364,0.7878787878787878,0.9363636363636364,0.8621212121212121,"[0.9363636363636364, 0.7878787878787878]","[0.9363636363636364, 0.7878787878787878]","[0.9363636363636364, 0.7878787878787878]","[0.9363636363636364, 0.7878787878787878]"
KNN,19,4,0.9693935233788258,0.8169014084507042,0.938943894389439,0.7957856393531954,0.7826197111730429,0.8378378378378378,0.8906170321264661,0.916083916083916,0.7380952380952381,0.9900990099009901,0.96875,0.9009009009009009,0.8640971239981141,"[0.9009009009009009, 0.96875]","[0.9900990099009901, 0.7380952380952381]","[0.9433962264150944, 0.8378378378378378]","[0.9900990099009901, 0.7380952380952381]"
KNN,20,4,0.9775141560204035,0.8493150684931506,0.9253912574203994,0.6913113869400972,0.6913113869400971,0.7647058823529411,0.8456556934700485,0.8881118881118881,0.7647058823529411,0.926605504587156,0.7647058823529411,0.926605504587156,0.8456556934700485,"[0.926605504587156, 0.7647058823529411]","[0.926605504587156, 0.7647058823529411]","[0.926605504587156, 0.7647058823529411]","[0.926605504587156, 0.7647058823529411]"
KNN,21,5,0.9751579778830963,0.8292682926829268,0.9171341152473227,0.7408927299186714,0.7380632555867628,0.810126582278481,0.8688314070812695,0.8951048951048951,0.8648648648648649,0.9056603773584906,0.7619047619047619,0.9504950495049505,0.8852626211116777,"[0.9504950495049505, 0.7619047619047619]","[0.9056603773584906, 0.8648648648648649]","[0.927536231884058, 0.810126582278481]","[0.9056603773584906, 0.8648648648648649]"
KNN,22,5,0.9750525879653238,0.8541666666666666,0.8870808678500985,0.6883791671107076,0.6654740608228981,0.7384615384615385,0.8307692307692308,0.8811188811188811,0.6153846153846154,0.9807692307692307,0.9230769230769231,0.8717948717948718,0.7980769230769231,"[0.8717948717948718, 0.9230769230769231]","[0.9807692307692307, 0.6153846153846154]","[0.9230769230769231, 0.7384615384615385]","[0.9807692307692307, 0.6153846153846154]"
KNN,23,5,0.9723615666602353,0.8260869565217391,0.9491869918699187,0.8259434495576644,0.8238916256157636,0.8717948717948718,0.9118589743589743,0.9300699300699301,0.8292682926829268,0.9705882352941176,0.918918918918919,0.9339622641509434,0.8999282639885222,"[0.9339622641509434, 0.918918918918919]","[0.9705882352941176, 0.8292682926829268]","[0.9519230769230769, 0.8717948717948718]","[0.9705882352941176, 0.8292682926829268]"
KNN,24,5,0.971859335839599,0.8231292517006803,0.9523809523809524,0.7691184628368658,0.7685459940652819,0.8235294117647058,0.8842417701025365,0.916083916083916,0.8,0.9537037037037037,0.8484848484848485,0.9363636363636364,0.8768518518518519,"[0.9363636363636364, 0.8484848484848485]","[0.9537037037037037, 0.8]","[0.944954128440367, 0.8235294117647058]","[0.9537037037037037, 0.8]"
KNN,25,5,0.9775375939849624,0.8552188552188552,0.9104497354497354,0.6478542787792351,0.6458447991194276,0.7272727272727273,0.8227272727272728,0.8741258741258742,0.6857142857142857,0.9351851851851852,0.7741935483870968,0.9017857142857143,0.8104497354497355,"[0.9017857142857143, 0.7741935483870968]","[0.9351851851851852, 0.6857142857142857]","[0.9181818181818182, 0.7272727272727273]","[0.9351851851851852, 0.6857142857142857]"
KNN,26,6,0.9766222590515043,0.8299319727891157,0.9022435897435899,0.747017880833996,0.7450331125827814,0.8108108108108109,0.8723865374808771,0.9020979020979021,0.7692307692307693,0.9519230769230769,0.8571428571428571,0.9166666666666666,0.8605769230769231,"[0.9166666666666666, 0.8571428571428571]","[0.9519230769230769, 0.7692307692307693]","[0.9339622641509434, 0.8108108108108109]","[0.9519230769230769, 0.7692307692307693]"
KNN,27,6,0.9735476939605556,0.8496732026143791,0.9205014749262537,0.7123806898767373,0.7117765620501008,0.7741935483870968,0.8558467741935484,0.9020979020979021,0.8,0.9292035398230089,0.75,0.9459459459459459,0.8646017699115045,"[0.9459459459459459, 0.75]","[0.9292035398230089, 0.8]","[0.9375, 0.7741935483870968]","[0.9292035398230089, 0.8]"
KNN,28,6,0.9732598164201938,0.8380281690140845,0.9243096646942801,0.6907309116441609,0.687813021702838,0.7671232876712328,0.8436555405492314,0.8811188811188811,0.717948717948718,0.9423076923076923,0.8235294117647058,0.8990825688073395,0.8301282051282051,"[0.8990825688073395, 0.8235294117647058]","[0.9423076923076923, 0.717948717948718]","[0.92018779342723, 0.7671232876712328]","[0.9423076923076923, 0.717948717948718]"
KNN,29,6,0.9756422106068332,0.8380281690140845,0.9376232741617359,0.733556869553301,0.7334410339256866,0.8051948051948052,0.8667122351332878,0.8951048951048951,0.7948717948717948,0.9326923076923077,0.8157894736842105,0.9238095238095239,0.8637820512820513,"[0.9238095238095239, 0.8157894736842105]","[0.9326923076923077, 0.7948717948717948]","[0.9282296650717703, 0.8051948051948052]","[0.9326923076923077, 0.7948717948717948]"
KNN,30,6,0.9766626650660264,0.8387096774193549,0.9137135922330097,0.679511026590402,0.6777666499749624,0.7631578947368421,0.8387218045112782,0.8741258741258742,0.725,0.9320388349514563,0.8055555555555556,0.897196261682243,0.8285194174757282,"[0.897196261682243, 0.8055555555555556]","[0.9320388349514563, 0.725]","[0.9142857142857143, 0.7631578947368421]","[0.9320388349514563, 0.725]"
KNN,31,7,0.9783265804874911,0.8551236749116607,0.905428024868484,0.6922525107604017,0.6922525107604017,0.7804878048780488,0.8461262553802009,0.8741258741258742,0.7804878048780488,0.9117647058823529,0.7804878048780488,0.9117647058823529,0.8461262553802009,"[0.9117647058823529, 0.7804878048780488]","[0.9117647058823529, 0.7804878048780488]","[0.9117647058823529, 0.7804878048780488]","[0.9117647058823529, 0.7804878048780488]"
KNN,32,7,0.9723848509369001,0.8292682926829268,0.906140350877193,0.7453334706870539,0.7448381340810604,0.8108108108108109,0.8723865374808771,0.9020979020979021,0.7894736842105263,0.9428571428571428,0.8333333333333334,0.9252336448598131,0.8661654135338346,"[0.9252336448598131, 0.8333333333333334]","[0.9428571428571428, 0.7894736842105263]","[0.9339622641509434, 0.8108108108108109]","[0.9428571428571428, 0.7894736842105263]"
KNN,33,7,0.9756359525155455,0.8339483394833949,0.9291607732201791,0.7226085329700439,0.7185731857318574,0.7948717948717948,0.858974358974359,0.8881118881118881,0.7380952380952381,0.9504950495049505,0.8611111111111112,0.897196261682243,0.8442951438000943,"[0.897196261682243, 0.8611111111111112]","[0.9504950495049505, 0.7380952380952381]","[0.9230769230769231, 0.7948717948717948]","[0.9504950495049505, 0.7380952380952381]"
KNN,34,7,0.9739895958383353,0.8275862068965517,0.9493932038834951,0.8047963273237693,0.8015141955835963,0.8533333333333334,0.9006003159557663,0.9230769230769231,0.8,0.970873786407767,0.9142857142857143,0.9259259259259259,0.8854368932038835,"[0.9259259259259259, 0.9142857142857143]","[0.970873786407767, 0.8]","[0.9478672985781991, 0.8533333333333334]","[0.970873786407767, 0.8]"
KNN,35,7,0.9741578637167339,0.8417721518987342,0.9054898093359631,0.717948717948718,0.717948717948718,0.7692307692307693,0.858974358974359,0.916083916083916,0.7692307692307693,0.9487179487179487,0.7692307692307693,0.9487179487179487,0.858974358974359,"[0.9487179487179487, 0.7692307692307693]","[0.9487179487179487, 0.7692307692307693]","[0.9487179487179487, 0.7692307692307693]","[0.9487179487179487, 0.7692307692307693]"
KNN,36,8,0.9729886166312945,0.8315412186379928,0.9371114299378289,0.7575540190785702,0.7570977917981072,0.825,0.8785194174757281,0.9020979020979021,0.8048780487804879,0.9411764705882353,0.8461538461538461,0.9230769230769231,0.8730272596843616,"[0.9230769230769231, 0.8461538461538461]","[0.9411764705882353, 0.8048780487804879]","[0.9320388349514563, 0.825]","[0.9411764705882353, 0.8048780487804879]"
KNN,37,8,0.9759004739336492,0.8402777777777778,0.918026517083121,0.6874474730610006,0.6873311897106109,0.7671232876712328,0.8436555405492314,0.8811188811188811,0.7567567567567568,0.9245283018867925,0.7777777777777778,0.9158878504672897,0.8406425293217746,"[0.9158878504672897, 0.7777777777777778]","[0.9245283018867925, 0.7567567567567568]","[0.92018779342723, 0.7671232876712328]","[0.9245283018867925, 0.7567567567567568]"
KNN,38,8,0.9788142230576441,0.8482758620689655,0.8904761904761904,0.7035732359301234,0.7030885024656113,0.7777777777777778,0.8515057113187954,0.8881118881118881,0.8,0.9166666666666666,0.7567567567567568,0.9339622641509434,0.8583333333333334,"[0.9339622641509434, 0.7567567567567568]","[0.9166666666666666, 0.8]","[0.9252336448598131, 0.7777777777777778]","[0.9166666666666666, 0.8]"
KNN,39,8,0.9750315955766193,0.825938566552901,0.9249107598164201,0.7083120856705762,0.7083120856705762,0.7837837837837838,0.8541560428352881,0.8881118881118881,0.7837837837837838,0.9245283018867925,0.7837837837837838,0.9245283018867925,0.8541560428352881,"[0.9245283018867925, 0.7837837837837838]","[0.9245283018867925, 0.7837837837837838]","[0.9245283018867925, 0.7837837837837838]","[0.9245283018867925, 0.7837837837837838]"
KNN,40,8,0.9756793048973144,0.8424657534246576,0.9071902090770015,0.7547046798228457,0.7426277170150907,0.8,0.8705882352941177,0.9090909090909091,0.7027027027027027,0.9811320754716981,0.9285714285714286,0.9043478260869565,0.8419173890872005,"[0.9043478260869565, 0.9285714285714286]","[0.9811320754716981, 0.7027027027027027]","[0.9411764705882353, 0.8]","[0.9811320754716981, 0.7027027027027027]"
KNN,41,9,0.9740095826098141,0.823943661971831,0.9080583452893352,0.7553246673234366,0.753448275862069,0.8205128205128205,0.8766025641025641,0.9020979020979021,0.7804878048780488,0.9509803921568627,0.8648648648648649,0.9150943396226415,0.8657340985174558,"[0.9150943396226415, 0.8648648648648649]","[0.9509803921568627, 0.7804878048780488]","[0.9326923076923077, 0.8205128205128205]","[0.9509803921568627, 0.7804878048780488]"
KNN,42,9,0.9725276461295418,0.8309859154929577,0.9402090770015299,0.7496670460445812,0.749185667752443,0.8157894736842105,0.8745614035087719,0.9020979020979021,0.8378378378378378,0.9245283018867925,0.7948717948717948,0.9423076923076923,0.8811830698623151,"[0.9423076923076923, 0.7948717948717948]","[0.9245283018867925, 0.8378378378378378]","[0.9333333333333333, 0.8157894736842105]","[0.9245283018867925, 0.8378378378378378]"
KNN,43,9,0.9744065742869571,0.8438538205980066,0.8984848484848484,0.6785683967916749,0.6780185758513932,0.75,0.8389639639639639,0.8881118881118881,0.7272727272727273,0.9363636363636364,0.7741935483870968,0.9196428571428571,0.8318181818181818,"[0.9196428571428571, 0.7741935483870968]","[0.9363636363636364, 0.7272727272727273]","[0.9279279279279279, 0.75]","[0.9363636363636364, 0.7272727272727273]"
KNN,44,9,0.9779831932773109,0.8316151202749141,0.9070388349514562,0.7120688976008321,0.704239917269907,0.7777777777777778,0.8515057113187954,0.8881118881118881,0.7,0.9611650485436893,0.875,0.8918918918918919,0.8305825242718446,"[0.8918918918918919, 0.875]","[0.9611650485436893, 0.7]","[0.9252336448598131, 0.7777777777777778]","[0.9611650485436893, 0.7]"
KNN,45,9,0.973171729247613,0.8561643835616438,0.9314641744548287,0.7148295659884354,0.7136563876651982,0.782608695652174,0.8567421358445202,0.8951048951048951,0.75,0.9439252336448598,0.8181818181818182,0.9181818181818182,0.8469626168224299,"[0.9181818181818182, 0.8181818181818182]","[0.9439252336448598, 0.75]","[0.9308755760368663, 0.782608695652174]","[0.9439252336448598, 0.75]"
KNN,46,10,0.9710284965607598,0.8296296296296296,0.9568027210884353,0.7938679736263882,0.792961354271077,0.8602150537634409,0.8964287704050364,0.9090909090909091,0.8888888888888888,0.9183673469387755,0.8333333333333334,0.9473684210526315,0.9036281179138321,"[0.9473684210526315, 0.8333333333333334]","[0.9183673469387755, 0.8888888888888888]","[0.9326424870466321, 0.8602150537634409]","[0.9183673469387755, 0.8888888888888888]"
KNN,47,10,0.9809700626595497,0.8655737704918033,0.8289695945945946,0.4698093343149538,0.4671337009986585,0.576271186440678,0.7330695139251848,0.8251748251748252,0.53125,0.9099099099099099,0.6296296296296297,0.8706896551724138,0.720579954954955,"[0.8706896551724138, 0.6296296296296297]","[0.9099099099099099, 0.53125]","[0.8898678414096917, 0.576271186440678]","[0.9099099099099099, 0.53125]"
KNN,48,10,0.9706572769953052,0.8140350877192982,0.9251554280248684,0.7540388360231784,0.7496874218554639,0.8157894736842105,0.8745614035087719,0.9020979020979021,0.7560975609756098,0.9607843137254902,0.8857142857142857,0.9074074074074074,0.8584409373505499,"[0.9074074074074074, 0.8857142857142857]","[0.9607843137254902, 0.7560975609756098]","[0.9333333333333333, 0.8157894736842105]","[0.9607843137254902, 0.7560975609756098]"
KNN,49,10,0.9768483412322275,0.856140350877193,0.9037480877103519,0.6742253590065392,0.6634362453274263,0.7384615384615385,0.8307692307692308,0.8811188811188811,0.6486486486486487,0.9622641509433962,0.8571428571428571,0.8869565217391304,0.8054563997960225,"[0.8869565217391304, 0.8571428571428571]","[0.9622641509433962, 0.6486486486486487]","[0.9230769230769231, 0.7384615384615385]","[0.9622641509433962, 0.6486486486486487]"
KNN,50,10,0.9732497872669605,0.8282828282828283,0.9467905405405406,0.7870691272972646,0.7857240158016618,0.835820895522388,0.8927962925100524,0.9230769230769231,0.875,0.9369369369369369,0.8,0.9629629629629629,0.9059684684684685,"[0.9629629629629629, 0.8]","[0.9369369369369369, 0.875]","[0.9497716894977168, 0.835820895522388]","[0.9369369369369369, 0.875]"
Logistic Regression,1,1,0.9650624495122103,0.8160919540229885,0.9614325068870523,0.7453559924999299,0.7407407407407407,0.8055555555555556,0.870067497403946,0.9020979020979021,0.8787878787878788,0.9090909090909091,0.7435897435897436,0.9615384615384616,0.8939393939393939,"[0.9615384615384616, 0.7435897435897436]","[0.9090909090909091, 0.8787878787878788]","[0.9345794392523364, 0.8055555555555556]","[0.9090909090909091, 0.8787878787878788]"
Logistic Regression,2,1,0.9665560821484991,0.8176470588235294,0.9459459459459459,0.7037714810231293,0.6803755029056773,0.7777777777777778,0.8378684807256236,0.8601398601398601,0.9459459459459459,0.8301886792452831,0.660377358490566,0.9777777777777777,0.8880673125956144,"[0.9777777777777777, 0.660377358490566]","[0.8301886792452831, 0.9459459459459459]","[0.8979591836734694, 0.7777777777777778]","[0.8301886792452831, 0.9459459459459459]"
Logistic Regression,3,1,0.9719756897549682,0.8509316770186336,0.936154949784792,0.5824587509030434,0.5817245817245817,0.7058823529411765,0.7907521217442202,0.8251748251748252,0.7317073170731707,0.8627450980392157,0.6818181818181818,0.8888888888888888,0.7972262075561932,"[0.8888888888888888, 0.6818181818181818]","[0.8627450980392157, 0.7317073170731707]","[0.8756218905472637, 0.7058823529411765]","[0.8627450980392157, 0.7317073170731707]"
Logistic Regression,4,1,0.9649459783913565,0.8106508875739645,0.9740291262135921,0.8044655485856879,0.7918952199708944,0.8571428571428571,0.8952380952380952,0.9090909090909091,0.975,0.883495145631068,0.7647058823529411,0.9891304347826086,0.929247572815534,"[0.9891304347826086, 0.7647058823529411]","[0.883495145631068, 0.975]","[0.9333333333333333, 0.8571428571428571]","[0.883495145631068, 0.975]"
Logistic Regression,5,1,0.9689795661543786,0.8333333333333334,0.9488577362409139,0.7388207336302761,0.728072260518184,0.8048780487804879,0.8632233381157342,0.8881118881118881,0.9166666666666666,0.8785046728971962,0.717391304347826,0.9690721649484536,0.8975856697819314,"[0.9690721649484536, 0.717391304347826]","[0.8785046728971962, 0.9166666666666666]","[0.9215686274509803, 0.8048780487804879]","[0.8785046728971962, 0.9166666666666666]"
Logistic Regression,6,2,0.9633048658077044,0.7975460122699386,0.9764679515912147,0.8136060241657876,0.8120070113935145,0.875,0.905921052631579,0.916083916083916,0.9130434782608695,0.9175257731958762,0.84,0.956989247311828,0.9152846257283729,"[0.956989247311828, 0.84]","[0.9175257731958762, 0.9130434782608695]","[0.9368421052631579, 0.875]","[0.9175257731958762, 0.9130434782608695]"
Logistic Regression,7,2,0.9691153238546604,0.8308605341246291,0.9382967873533912,0.6655688630378702,0.6593616007622677,0.7560975609756098,0.8290291726446677,0.8601398601398601,0.8378378378378378,0.8679245283018868,0.6888888888888889,0.9387755102040817,0.8528811830698624,"[0.9387755102040817, 0.6888888888888889]","[0.8679245283018868, 0.8378378378378378]","[0.9019607843137255, 0.7560975609756098]","[0.8679245283018868, 0.8378378378378378]"
Logistic Regression,8,2,0.9694193013768485,0.8256880733944955,0.9383629191321499,0.7034540996048684,0.6921944035346097,0.7865168539325843,0.845035076712485,0.8671328671328671,0.8974358974358975,0.8557692307692307,0.7,0.956989247311828,0.8766025641025641,"[0.956989247311828, 0.7]","[0.8557692307692307, 0.8974358974358975]","[0.9035532994923858, 0.7865168539325843]","[0.8557692307692307, 0.8974358974358975]"
Logistic Regression,9,2,0.9671166173570019,0.8342857142857143,0.9616935483870969,0.6912733304438391,0.6748357756442648,0.7567567567567568,0.8359255481896992,0.8741258741258742,0.9032258064516129,0.8660714285714286,0.6511627906976745,0.97,0.8846486175115207,"[0.97, 0.6511627906976745]","[0.8660714285714286, 0.9032258064516129]","[0.9150943396226415, 0.7567567567567568]","[0.8660714285714286, 0.9032258064516129]"
Logistic Regression,10,2,0.9685057794000654,0.8126801152737753,0.9473826227738802,0.7132399373802416,0.7089799033324854,0.7837837837837838,0.8541560428352881,0.8881118881118881,0.8529411764705882,0.8990825688073395,0.725,0.9514563106796117,0.8760118726389639,"[0.9514563106796117, 0.725]","[0.8990825688073395, 0.8529411764705882]","[0.9245283018867925, 0.7837837837837838]","[0.8990825688073395, 0.8529411764705882]"
Logistic Regression,11,3,0.969769464984776,0.8294117647058824,0.9382920110192837,0.6653274530661402,0.6505376344086021,0.7435897435897436,0.8237179487179487,0.8601398601398601,0.8787878787878788,0.8545454545454545,0.6444444444444445,0.9591836734693877,0.8666666666666667,"[0.9591836734693877, 0.6444444444444445]","[0.8545454545454545, 0.8787878787878788]","[0.9038461538461539, 0.7435897435897436]","[0.8545454545454545, 0.8787878787878788]"
Logistic Regression,12,3,0.9638884922334872,0.8093841642228738,0.9829573934837093,0.8401972955236047,0.840064620355412,0.8831168831168831,0.9200273410799726,0.9370629370629371,0.8947368421052632,0.9523809523809523,0.8717948717948718,0.9615384615384616,0.9235588972431077,"[0.9615384615384616, 0.8717948717948718]","[0.9523809523809523, 0.8947368421052632]","[0.9569377990430622, 0.8831168831168831]","[0.9523809523809523, 0.8947368421052632]"
Logistic Regression,13,3,0.9680921052631579,0.835820895522388,0.9507936507936507,0.6744782107419931,0.6454811809781384,0.75,0.8194444444444444,0.8461538461538461,0.9428571428571428,0.8148148148148148,0.6226415094339622,0.9777777777777777,0.8788359788359787,"[0.9777777777777777, 0.6226415094339622]","[0.8148148148148148, 0.9428571428571428]","[0.8888888888888888, 0.75]","[0.8148148148148148, 0.9428571428571428]"
Logistic Regression,14,3,0.9676619273301739,0.8152492668621701,0.9581845996940337,0.7478272302618019,0.7424042272126816,0.8148148148148148,0.8708220415537489,0.8951048951048951,0.8918918918918919,0.8962264150943396,0.75,0.9595959595959596,0.8940591534931157,"[0.9595959595959596, 0.75]","[0.8962264150943396, 0.8918918918918919]","[0.926829268292683, 0.8148148148148148]","[0.8962264150943396, 0.8918918918918919]"
Logistic Regression,15,3,0.9711477333854956,0.8220858895705522,0.9320477502295684,0.673983891688492,0.6698911729141475,0.7789473684210526,0.8344998622209976,0.8531468531468531,0.8409090909090909,0.8585858585858586,0.7254901960784313,0.9239130434782609,0.8497474747474747,"[0.9239130434782609, 0.7254901960784313]","[0.8585858585858586, 0.8409090909090909]","[0.8900523560209425, 0.7789473684210526]","[0.8585858585858586, 0.8409090909090909]"
Logistic Regression,16,4,0.9680198598130841,0.8170731707317073,0.9553488372093024,0.7160195525623573,0.7055380947220115,0.8041237113402062,0.8517973054055528,0.8671328671328671,0.9069767441860465,0.85,0.7222222222222222,0.9550561797752809,0.8784883720930232,"[0.9550561797752809, 0.7222222222222222]","[0.85, 0.9069767441860465]","[0.8994708994708994, 0.8041237113402062]","[0.85, 0.9069767441860465]"
Logistic Regression,17,4,0.9647399749373434,0.8187134502923976,0.9637566137566138,0.8047963273237693,0.8015141955835963,0.8533333333333334,0.9006003159557663,0.9230769230769231,0.9142857142857143,0.9259259259259259,0.8,0.970873786407767,0.9201058201058201,"[0.970873786407767, 0.8]","[0.9259259259259259, 0.9142857142857143]","[0.9478672985781991, 0.8533333333333334]","[0.9259259259259259, 0.9142857142857143]"
Logistic Regression,18,4,0.9675635369415274,0.8333333333333334,0.9617079889807163,0.7010681840159741,0.685483870967742,0.7692307692307693,0.8413461538461539,0.8741258741258742,0.9090909090909091,0.8636363636363636,0.6666666666666666,0.9693877551020408,0.8863636363636364,"[0.9693877551020408, 0.6666666666666666]","[0.8636363636363636, 0.9090909090909091]","[0.9134615384615384, 0.7692307692307693]","[0.8636363636363636, 0.9090909090909091]"
Logistic Regression,19,4,0.9661148348542357,0.8145896656534954,0.9665252239509665,0.7908720385073554,0.7882446747921176,0.8539325842696629,0.8939713682769634,0.9090909090909091,0.9047619047619048,0.9108910891089109,0.8085106382978723,0.9583333333333334,0.9078264969354078,"[0.9583333333333334, 0.8085106382978723]","[0.9108910891089109, 0.9047619047619048]","[0.934010152284264, 0.8539325842696629]","[0.9108910891089109, 0.9047619047619048]"
Logistic Regression,20,4,0.9699720779322071,0.8313953488372093,0.9368591473286563,0.6813621113556827,0.6620184353580714,0.7560975609756098,0.8290291726446677,0.8601398601398601,0.9117647058823529,0.8440366972477065,0.6458333333333334,0.968421052631579,0.8779007015650298,"[0.968421052631579, 0.6458333333333334]","[0.8440366972477065, 0.9117647058823529]","[0.9019607843137255, 0.7560975609756098]","[0.8440366972477065, 0.9117647058823529]"
Logistic Regression,21,5,0.9681990521327013,0.8263473053892215,0.9467108618052015,0.7053013196308936,0.6891659993135797,0.7816091954022989,0.8430659042338128,0.8671328671328671,0.918918918918919,0.8490566037735849,0.68,0.967741935483871,0.8839877613462519,"[0.967741935483871, 0.68]","[0.8490566037735849, 0.918918918918919]","[0.9045226130653267, 0.7816091954022989]","[0.8490566037735849, 0.918918918918919]"
Logistic Regression,22,5,0.9691802651708312,0.8277945619335347,0.9430473372781065,0.7228327932041357,0.722397476340694,0.8,0.8611650485436894,0.8881118881118881,0.8205128205128205,0.9134615384615384,0.7804878048780488,0.9313725490196079,0.8669871794871795,"[0.9313725490196079, 0.7804878048780488]","[0.9134615384615384, 0.8205128205128205]","[0.9223300970873787, 0.8]","[0.9134615384615384, 0.8205128205128205]"
Logistic Regression,23,5,0.9628754260724162,0.8059701492537313,0.9782400765184123,0.79416361306996,0.7799032541776605,0.851063829787234,0.8890735815602837,0.9020979020979021,0.975609756097561,0.8725490196078431,0.7547169811320755,0.9888888888888889,0.924079387852702,"[0.9888888888888889, 0.7547169811320755]","[0.8725490196078431, 0.975609756097561]","[0.9270833333333334, 0.851063829787234]","[0.8725490196078431, 0.975609756097561]"
Logistic Regression,24,5,0.9670426065162907,0.8173913043478261,0.9497354497354498,0.7834308918947948,0.7737617135207497,0.8354430379746836,0.886320552803767,0.9090909090909091,0.9428571428571428,0.8981481481481481,0.75,0.9797979797979798,0.9205026455026455,"[0.9797979797979798, 0.75]","[0.8981481481481481, 0.9428571428571428]","[0.9371980676328503, 0.8354430379746836]","[0.8981481481481481, 0.9428571428571428]"
Logistic Regression,25,5,0.9706610275689224,0.8304093567251462,0.9362433862433862,0.6630982628055284,0.6470795628158421,0.7469879518072289,0.82176983797258,0.8531468531468531,0.8857142857142857,0.8425925925925926,0.6458333333333334,0.9578947368421052,0.8641534391534391,"[0.9578947368421052, 0.6458333333333334]","[0.8425925925925926, 0.8857142857142857]","[0.896551724137931, 0.7469879518072289]","[0.8425925925925926, 0.8857142857142857]"
Logistic Regression,26,6,0.9687818714941356,0.8249258160237388,0.9553747534516766,0.7346373172568037,0.7308868501529051,0.8095238095238095,0.8651579443658652,0.8881118881118881,0.8717948717948718,0.8942307692307693,0.7555555555555555,0.9489795918367347,0.8830128205128205,"[0.9489795918367347, 0.7555555555555555]","[0.8942307692307693, 0.8717948717948718]","[0.9207920792079208, 0.8095238095238095]","[0.8942307692307693, 0.8717948717948718]"
Logistic Regression,27,6,0.9645614304351162,0.8385269121813032,0.9660766961651918,0.6760258141278492,0.6697459584295612,0.746268656716418,0.8343215429700811,0.8811188811188811,0.8333333333333334,0.8938053097345132,0.6756756756756757,0.9528301886792453,0.8635693215339233,"[0.9528301886792453, 0.6756756756756757]","[0.8938053097345132, 0.8333333333333334]","[0.9223744292237442, 0.746268656716418]","[0.8938053097345132, 0.8333333333333334]"
Logistic Regression,28,6,0.965068842427333,0.8095238095238095,0.9452662721893491,0.7950010574122212,0.7862481315396114,0.8505747126436781,0.8926240397389245,0.9090909090909091,0.9487179487179487,0.8942307692307693,0.7708333333333334,0.9789473684210527,0.921474358974359,"[0.9789473684210527, 0.7708333333333334]","[0.8942307692307693, 0.9487179487179487]","[0.9346733668341709, 0.8505747126436781]","[0.8942307692307693, 0.9487179487179487]"
Logistic Regression,29,6,0.9667102243753187,0.8108108108108109,0.9497041420118343,0.7241385216003035,0.7105263157894737,0.8,0.8540816326530613,0.8741258741258742,0.9230769230769231,0.8557692307692307,0.7058823529411765,0.967391304347826,0.8894230769230769,"[0.967391304347826, 0.7058823529411765]","[0.8557692307692307, 0.9230769230769231]","[0.9081632653061225, 0.8]","[0.8557692307692307, 0.9230769230769231]"
Logistic Regression,30,6,0.9745818327330932,0.8414634146341463,0.9266990291262136,0.6047684490042111,0.6017637502900905,0.7209302325581395,0.8004651162790697,0.8321678321678322,0.775,0.8543689320388349,0.6739130434782609,0.9072164948453608,0.8146844660194175,"[0.9072164948453608, 0.6739130434782609]","[0.8543689320388349, 0.775]","[0.88, 0.7209302325581395]","[0.8543689320388349, 0.775]"
Logistic Regression,31,7,0.9684224065856324,0.8181818181818182,0.9538498326159732,0.7349546472142975,0.7272523280601368,0.8131868131868132,0.863003663003663,0.8811188811188811,0.9024390243902439,0.8725490196078431,0.74,0.956989247311828,0.8874940219990435,"[0.956989247311828, 0.74]","[0.8725490196078431, 0.9024390243902439]","[0.9128205128205128, 0.8131868131868132]","[0.8725490196078431, 0.9024390243902439]"
Logistic Regression,32,7,0.9680137084106812,0.8298507462686567,0.9503759398496241,0.6997982306044921,0.688310198462774,0.7816091954022989,0.8430659042338128,0.8671328671328671,0.8947368421052632,0.8571428571428571,0.6938775510204082,0.9574468085106383,0.8759398496240601,"[0.9574468085106383, 0.6938775510204082]","[0.8571428571428571, 0.8947368421052632]","[0.9045226130653267, 0.7816091954022989]","[0.8571428571428571, 0.8947368421052632]"
Logistic Regression,33,7,0.9681498829039812,0.8297213622291022,0.9467232437529467,0.7253968425914175,0.7163323782234957,0.8085106382978723,0.8573803191489362,0.8741258741258742,0.9047619047619048,0.8613861386138614,0.7307692307692307,0.9560439560439561,0.8830740216878831,"[0.9560439560439561, 0.7307692307692307]","[0.8613861386138614, 0.9047619047619048]","[0.90625, 0.8085106382978723]","[0.8613861386138614, 0.9047619047619048]"
Logistic Regression,34,7,0.9653461384553821,0.8189910979228486,0.9548543689320388,0.7318258366148541,0.7239695696604973,0.8089887640449438,0.8613471739006444,0.8811188811188811,0.9,0.8737864077669902,0.7346938775510204,0.9574468085106383,0.8868932038834951,"[0.9574468085106383, 0.7346938775510204]","[0.8737864077669902, 0.9]","[0.9137055837563451, 0.8089887640449438]","[0.8737864077669902, 0.9]"
Logistic Regression,35,7,0.9677955599885146,0.8388888888888889,0.9437869822485208,0.7015120717821105,0.681159420289855,0.75,0.8389639639639639,0.8881118881118881,0.9230769230769231,0.8803418803418803,0.631578947368421,0.9809523809523809,0.9017094017094017,"[0.9809523809523809, 0.631578947368421]","[0.8803418803418803, 0.9230769230769231]","[0.9279279279279279, 0.75]","[0.8803418803418803, 0.9230769230769231]"
Logistic Regression,36,8,0.9626985658241687,0.8083832335329342,0.9811095169775227,0.8213472623906964,0.8185488522320914,0.8735632183908046,0.9091434182406284,0.9230769230769231,0.926829268292683,0.9215686274509803,0.8260869565217391,0.9690721649484536,0.9241989478718317,"[0.9690721649484536, 0.8260869565217391]","[0.9215686274509803, 0.926829268292683]","[0.9447236180904522, 0.8735632183908046]","[0.9215686274509803, 0.926829268292683]"
Logistic Regression,37,8,0.9700157977883096,0.8288288288288288,0.9273329933707293,0.6718158984133579,0.6564466308202723,0.7586206896551724,0.8265465257321087,0.8531468531468531,0.8918918918918919,0.839622641509434,0.66,0.956989247311828,0.865757266700663,"[0.956989247311828, 0.66]","[0.839622641509434, 0.8918918918918919]","[0.8944723618090452, 0.7586206896551724]","[0.839622641509434, 0.8918918918918919]"
Logistic Regression,38,8,0.9708020050125313,0.8328445747800587,0.932010582010582,0.6525655022079053,0.6409183307425566,0.7407407407407407,0.8191508581752485,0.8531468531468531,0.8571428571428571,0.8518518518518519,0.6521739130434783,0.9484536082474226,0.8544973544973544,"[0.9484536082474226, 0.6521739130434783]","[0.8518518518518519, 0.8571428571428571]","[0.8975609756097561, 0.7407407407407407]","[0.8518518518518519, 0.8571428571428571]"
Logistic Regression,39,8,0.9707266982622433,0.8284023668639053,0.9306476287608363,0.681986265984924,0.6617862371888726,0.7640449438202247,0.8287229795243256,0.8531468531468531,0.918918918918919,0.8301886792452831,0.6538461538461539,0.967032967032967,0.8745537990821011,"[0.967032967032967, 0.6538461538461539]","[0.8301886792452831, 0.918918918918919]","[0.8934010152284264, 0.7640449438202247]","[0.8301886792452831, 0.918918918918919]"
Logistic Regression,40,8,0.9636808846761453,0.7976539589442815,0.9780724120346762,0.821374328709715,0.8208469055374593,0.868421052631579,0.9104010025062657,0.9300699300699301,0.8918918918918919,0.9433962264150944,0.8461538461538461,0.9615384615384616,0.9176440591534931,"[0.9615384615384616, 0.8461538461538461]","[0.9433962264150944, 0.8918918918918919]","[0.9523809523809523, 0.868421052631579]","[0.9433962264150944, 0.8918918918918919]"
Logistic Regression,41,9,0.9686475014470383,0.8253012048192772,0.9574366331898614,0.7551394503716042,0.7525666166801246,0.8275862068965517,0.8761046612372205,0.8951048951048951,0.8780487804878049,0.9019607843137255,0.782608695652174,0.9484536082474226,0.8900047824007652,"[0.9484536082474226, 0.782608695652174]","[0.9019607843137255, 0.8780487804878049]","[0.9246231155778895, 0.8275862068965517]","[0.9019607843137255, 0.8780487804878049]"
Logistic Regression,42,9,0.9662717219589256,0.8214285714285714,0.9579296277409485,0.7037714810231293,0.6803755029056773,0.7777777777777778,0.8378684807256236,0.8601398601398601,0.9459459459459459,0.8301886792452831,0.660377358490566,0.9777777777777777,0.8880673125956144,"[0.9777777777777777, 0.660377358490566]","[0.8301886792452831, 0.9459459459459459]","[0.8979591836734694, 0.7777777777777778]","[0.8301886792452831, 0.9459459459459459]"
Logistic Regression,43,9,0.9681693904181943,0.8372093023255814,0.9526170798898072,0.620079335147546,0.6149506346967559,0.7123287671232876,0.8068686089137564,0.8531468531468531,0.7878787878787878,0.8727272727272727,0.65,0.9320388349514563,0.8303030303030303,"[0.9320388349514563, 0.65]","[0.8727272727272727, 0.7878787878787878]","[0.9014084507042254, 0.7123287671232876]","[0.8727272727272727, 0.7878787878787878]"
Logistic Regression,44,9,0.9677150860344138,0.8242424242424242,0.9558252427184466,0.7579645503506344,0.7529086510770648,0.8275862068965517,0.8761046612372205,0.8951048951048951,0.9,0.8932038834951457,0.7659574468085106,0.9583333333333334,0.8966019417475728,"[0.9583333333333334, 0.7659574468085106]","[0.8932038834951457, 0.9]","[0.9246231155778895, 0.8275862068965517]","[0.8932038834951457, 0.9]"
Logistic Regression,45,9,0.9674851740573531,0.8255813953488372,0.9589823468328141,0.7572833671994363,0.7369510232237295,0.813953488372093,0.8669767441860465,0.8881118881118881,0.9722222222222222,0.8598130841121495,0.7,0.989247311827957,0.9160176531671859,"[0.989247311827957, 0.7]","[0.8598130841121495, 0.9722222222222222]","[0.92, 0.813953488372093]","[0.8598130841121495, 0.9722222222222222]"
Logistic Regression,46,10,0.9656567310841795,0.804953560371517,0.9639455782312926,0.7137602449162681,0.69108116448925,0.8037383177570093,0.8432099410014097,0.8531468531468531,0.9555555555555556,0.8061224489795918,0.6935483870967742,0.9753086419753086,0.8808390022675737,"[0.9753086419753086, 0.6935483870967742]","[0.8061224489795918, 0.9555555555555556]","[0.88268156424581, 0.8037383177570093]","[0.8061224489795918, 0.9555555555555556]"
Logistic Regression,47,10,0.9741780768933241,0.8430232558139535,0.8851351351351352,0.6115879274278038,0.6014694704839119,0.7027027027027027,0.7994645588985212,0.8461538461538461,0.8125,0.8558558558558559,0.6190476190476191,0.9405940594059405,0.834177927927928,"[0.9405940594059405, 0.6190476190476191]","[0.8558558558558559, 0.8125]","[0.8962264150943396, 0.7027027027027027]","[0.8558558558558559, 0.8125]"
Logistic Regression,48,10,0.9659463631101679,0.8119402985074626,0.9720229555236728,0.8169886019303751,0.8159588159588159,0.8705882352941177,0.9079309335674568,0.9230769230769231,0.9024390243902439,0.9313725490196079,0.8409090909090909,0.9595959595959596,0.916905786704926,"[0.9595959595959596, 0.8409090909090909]","[0.9313725490196079, 0.9024390243902439]","[0.945273631840796, 0.8705882352941177]","[0.9313725490196079, 0.9024390243902439]"
Logistic Regression,49,10,0.9693048973143759,0.8269794721407625,0.9467108618052015,0.7200152762063227,0.7182266009852216,0.7948717948717948,0.858974358974359,0.8881118881118881,0.8378378378378378,0.9056603773584906,0.7560975609756098,0.9411764705882353,0.8717491075981643,"[0.9411764705882353, 0.7560975609756098]","[0.9056603773584906, 0.8378378378378378]","[0.9230769230769231, 0.7948717948717948]","[0.9056603773584906, 0.8378378378378378]"
Logistic Regression,50,10,0.9653747969366442,0.8323699421965318,0.9631193693693694,0.7200938249626936,0.7010207846513344,0.7792207792207793,0.8489405331510596,0.8811188811188811,0.9375,0.8648648648648649,0.6666666666666666,0.9795918367346939,0.9011824324324325,"[0.9795918367346939, 0.6666666666666666]","[0.8648648648648649, 0.9375]","[0.9186602870813397, 0.7792207792207793]","[0.8648648648648649, 0.9375]"
Naive Bayes,1,1,0.9039178524824458,0.7454068241469817,0.9179063360881543,0.6663468968825014,0.6361323155216285,0.7380952380952381,0.8145921735030646,0.8461538461538461,0.9393939393939394,0.8181818181818182,0.6078431372549019,0.9782608695652174,0.8787878787878789,"[0.9782608695652174, 0.6078431372549019]","[0.8181818181818182, 0.9393939393939394]","[0.8910891089108911, 0.7380952380952381]","[0.8181818181818182, 0.9393939393939394]"
Naive Bayes,2,1,0.9090995260663507,0.7561643835616438,0.906425293217746,0.6151315935988666,0.5611702127659575,0.7058823529411765,0.7714194373401535,0.7902097902097902,0.972972972972973,0.7264150943396226,0.5538461538461539,0.9871794871794872,0.8496940336562978,"[0.9871794871794872, 0.5538461538461539]","[0.7264150943396226, 0.972972972972973]","[0.8369565217391305, 0.7058823529411765]","[0.7264150943396226, 0.972972972972973]"
Naive Bayes,3,1,0.9193999614123095,0.7624309392265194,0.8772118603538976,0.56099033243156,0.5538221528861155,0.6956521739130435,0.7756611385029135,0.8041958041958042,0.7804878048780488,0.8137254901960784,0.6274509803921569,0.9021739130434783,0.7971066475370636,"[0.9021739130434783, 0.6274509803921569]","[0.8137254901960784, 0.7804878048780488]","[0.8556701030927835, 0.6956521739130435]","[0.8137254901960784, 0.7804878048780488]"
Naive Bayes,4,1,0.8985194077631052,0.7317073170731707,0.9309466019417475,0.7013809006922627,0.6688421052631579,0.78,0.8308602150537634,0.8461538461538461,0.975,0.7961165048543689,0.65,0.9879518072289156,0.8855582524271844,"[0.9879518072289156, 0.65]","[0.7961165048543689, 0.975]","[0.8817204301075269, 0.78]","[0.7961165048543689, 0.975]"
Naive Bayes,5,1,0.9082915165720218,0.7446808510638298,0.906282450674974,0.6795390589249571,0.6657316503038803,0.7619047619047619,0.8314474304573314,0.8601398601398601,0.8888888888888888,0.8504672897196262,0.6666666666666666,0.9578947368421052,0.8696780893042575,"[0.9578947368421052, 0.6666666666666666]","[0.8504672897196262, 0.8888888888888888]","[0.900990099009901, 0.7619047619047619]","[0.8504672897196262, 0.8888888888888888]"
Naive Bayes,6,2,0.9033091441641572,0.724233983286908,0.9316450022411474,0.7356575513440712,0.7271570913716345,0.8235294117647058,0.8628516624040921,0.8741258741258742,0.9130434782608695,0.8556701030927835,0.75,0.9540229885057471,0.8843567906768265,"[0.9540229885057471, 0.75]","[0.8556701030927835, 0.9130434782608695]","[0.9021739130434783, 0.8235294117647058]","[0.8556701030927835, 0.9130434782608695]"
Naive Bayes,7,2,0.9156872037914692,0.7595628415300546,0.8827129015808262,0.5752144741581433,0.5417645802179021,0.6875,0.7648026315789473,0.7902097902097902,0.8918918918918919,0.7547169811320755,0.559322033898305,0.9523809523809523,0.8233044365119837,"[0.9523809523809523, 0.559322033898305]","[0.7547169811320755, 0.8918918918918919]","[0.8421052631578947, 0.6875]","[0.7547169811320755, 0.8918918918918919]"
Naive Bayes,8,2,0.9074611167771546,0.7431693989071039,0.894354043392505,0.6668936256125868,0.6353591160220995,0.7551020408163265,0.8137212331741207,0.8321678321678322,0.9487179487179487,0.7884615384615384,0.6271186440677966,0.9761904761904762,0.8685897435897436,"[0.9761904761904762, 0.6271186440677966]","[0.7884615384615384, 0.9487179487179487]","[0.8723404255319149, 0.7551020408163265]","[0.7884615384615384, 0.9487179487179487]"
Naive Bayes,9,2,0.9066121178500987,0.7571801566579635,0.8986175115207373,0.610742614204796,0.5785689025109042,0.691358024691358,0.7847034025895814,0.8251748251748252,0.9032258064516129,0.8035714285714286,0.56,0.967741935483871,0.8533986175115207,"[0.967741935483871, 0.56]","[0.8035714285714286, 0.9032258064516129]","[0.8780487804878049, 0.691358024691358]","[0.8035714285714286, 0.9032258064516129]"
Naive Bayes,10,2,0.9023351584070383,0.7454068241469817,0.9206691851052349,0.6583554691958856,0.6346957733395262,0.7380952380952381,0.8145921735030646,0.8461538461538461,0.9117647058823529,0.8256880733944955,0.62,0.967741935483871,0.8687263896384242,"[0.967741935483871, 0.62]","[0.8256880733944955, 0.9117647058823529]","[0.8910891089108911, 0.7380952380952381]","[0.8256880733944955, 0.9117647058823529]"
Naive Bayes,11,3,0.9116541353383458,0.7553191489361702,0.8889807162534435,0.6146863868123791,0.5724725943970768,0.6966292134831461,0.7797866879598472,0.8111888111888111,0.9393939393939394,0.7727272727272727,0.5535714285714286,0.9770114942528736,0.8560606060606061,"[0.9770114942528736, 0.5535714285714286]","[0.7727272727272727, 0.9393939393939394]","[0.8629441624365483, 0.6966292134831461]","[0.7727272727272727, 0.9393939393939394]"
Naive Bayes,12,3,0.9021371793041078,0.7439353099730458,0.9360902255639098,0.6525289349057957,0.6263879817112998,0.7446808510638298,0.8098404255319149,0.8321678321678322,0.9210526315789473,0.8,0.625,0.9655172413793104,0.8605263157894737,"[0.9655172413793104, 0.625]","[0.8, 0.9210526315789473]","[0.875, 0.7446808510638298]","[0.8, 0.9210526315789473]"
Naive Bayes,13,3,0.9036654135338346,0.7413333333333333,0.9116402116402117,0.686649907331309,0.651219512195122,0.7555555555555555,0.8216553287981859,0.8461538461538461,0.9714285714285714,0.8055555555555556,0.6181818181818182,0.9886363636363636,0.8884920634920634,"[0.9886363636363636, 0.6181818181818182]","[0.8055555555555556, 0.9714285714285714]","[0.8877551020408163, 0.7555555555555555]","[0.8055555555555556, 0.9714285714285714]"
Naive Bayes,14,3,0.9041548183254345,0.7335092348284961,0.9286078531361549,0.7173674431924726,0.7031826568265682,0.7906976744186046,0.8503488372093023,0.8741258741258742,0.918918918918919,0.8584905660377359,0.6938775510204082,0.9680851063829787,0.8887047424783274,"[0.9680851063829787, 0.6938775510204082]","[0.8584905660377359, 0.918918918918919]","[0.91, 0.7906976744186046]","[0.8584905660377359, 0.918918918918919]"
Naive Bayes,15,3,0.9167196439923713,0.7592067988668555,0.8675390266299358,0.599884713005602,0.5825688073394495,0.7307692307692307,0.7884615384615384,0.8041958041958042,0.8636363636363636,0.7777777777777778,0.6333333333333333,0.927710843373494,0.8207070707070707,"[0.927710843373494, 0.6333333333333333]","[0.7777777777777778, 0.8636363636363636]","[0.8461538461538461, 0.7307692307692307]","[0.7777777777777778, 0.8636363636363636]"
Naive Bayes,16,4,0.9088622793354101,0.7409470752089137,0.8926744186046511,0.6467869660682884,0.6182751540041067,0.7547169811320755,0.8051362683438155,0.8181818181818182,0.9302325581395349,0.77,0.6349206349206349,0.9625,0.8501162790697674,"[0.9625, 0.6349206349206349]","[0.77, 0.9302325581395349]","[0.8555555555555555, 0.7547169811320755]","[0.77, 0.9302325581395349]"
Naive Bayes,17,4,0.905795739348371,0.7427055702917772,0.919047619047619,0.6854565763525825,0.6587887740029542,0.7586206896551724,0.8265465257321087,0.8531468531468531,0.9428571428571428,0.8240740740740741,0.6346153846153846,0.978021978021978,0.8834656084656085,"[0.978021978021978, 0.6346153846153846]","[0.8240740740740741, 0.9428571428571428]","[0.8944723618090452, 0.7586206896551724]","[0.8240740740740741, 0.9428571428571428]"
Naive Bayes,18,4,0.9066674951842416,0.7539267015706806,0.9176308539944904,0.61873579551994,0.5958549222797928,0.7073170731707317,0.7948350071736011,0.8321678321678322,0.8787878787878788,0.8181818181818182,0.5918367346938775,0.9574468085106383,0.8484848484848485,"[0.9574468085106383, 0.5918367346938775]","[0.8181818181818182, 0.8787878787878788]","[0.8823529411764706, 0.7073170731707317]","[0.8181818181818182, 0.8787878787878788]"
Naive Bayes,19,4,0.9043527416619559,0.7247956403269755,0.9258604431871759,0.7525690715471347,0.737217598097503,0.8247422680412371,0.8673975890470735,0.8811188811188811,0.9523809523809523,0.8514851485148515,0.7272727272727273,0.9772727272727273,0.901933050447902,"[0.9772727272727273, 0.7272727272727273]","[0.8514851485148515, 0.9523809523809523]","[0.91005291005291, 0.8247422680412371]","[0.8514851485148515, 0.9523809523809523]"
Naive Bayes,20,4,0.9126772427348027,0.7634408602150538,0.8858607663248785,0.5853709809445818,0.5461311152457042,0.6813186813186813,0.7663003663003662,0.7972027972027972,0.9117647058823529,0.7614678899082569,0.543859649122807,0.9651162790697675,0.8366162978953049,"[0.9651162790697675, 0.543859649122807]","[0.7614678899082569, 0.9117647058823529]","[0.8512820512820513, 0.6813186813186813]","[0.7614678899082569, 0.9117647058823529]"
Naive Bayes,21,5,0.9124881516587677,0.75,0.891891891891892,0.6501849327896726,0.615301840094695,0.7368421052631579,0.8029760264535685,0.8251748251748252,0.9459459459459459,0.7830188679245284,0.603448275862069,0.9764705882352941,0.8644824069352371,"[0.9764705882352941, 0.603448275862069]","[0.7830188679245284, 0.9459459459459459]","[0.8691099476439791, 0.7368421052631579]","[0.7830188679245284, 0.9459459459459459]"
Naive Bayes,22,5,0.9117637684854667,0.7629427792915532,0.9064349112426036,0.5918321496702176,0.5751072961373391,0.7096774193548387,0.7848905231489219,0.8111888111888111,0.8461538461538461,0.7980769230769231,0.6111111111111112,0.9325842696629213,0.8221153846153846,"[0.9325842696629213, 0.6111111111111112]","[0.7980769230769231, 0.8461538461538461]","[0.8601036269430051, 0.7096774193548387]","[0.7980769230769231, 0.8461538461538461]"
Naive Bayes,23,5,0.8979355585568204,0.7247956403269755,0.9380679100908655,0.7471767167215222,0.7244111349036403,0.8163265306122449,0.8602909248805906,0.8741258741258742,0.975609756097561,0.8333333333333334,0.7017543859649122,0.9883720930232558,0.9044715447154472,"[0.9883720930232558, 0.7017543859649122]","[0.8333333333333334, 0.975609756097561]","[0.9042553191489362, 0.8163265306122449]","[0.8333333333333334, 0.975609756097561]"
Naive Bayes,24,5,0.9024906015037594,0.7393617021276596,0.9296296296296297,0.6972861225695803,0.6643567676316083,0.7640449438202247,0.8287229795243256,0.8531468531468531,0.9714285714285714,0.8148148148148148,0.6296296296296297,0.9887640449438202,0.8931216931216931,"[0.9887640449438202, 0.6296296296296297]","[0.8148148148148148, 0.9714285714285714]","[0.8934010152284264, 0.7640449438202247]","[0.8148148148148148, 0.9714285714285714]"
Naive Bayes,25,5,0.912672305764411,0.7540106951871658,0.8798941798941798,0.5966347946481975,0.5684587012406392,0.6966292134831461,0.7797866879598472,0.8111888111888111,0.8857142857142857,0.7870370370370371,0.5740740740740741,0.9550561797752809,0.8363756613756614,"[0.9550561797752809, 0.5740740740740741]","[0.7870370370370371, 0.8857142857142857]","[0.8629441624365483, 0.6966292134831461]","[0.7870370370370371, 0.8857142857142857]"
Naive Bayes,26,6,0.9143533273839878,0.7554347826086957,0.8944773175542406,0.6257987223706326,0.6140350877192983,0.7333333333333333,0.8054421768707483,0.8321678321678322,0.8461538461538461,0.8269230769230769,0.6470588235294118,0.9347826086956522,0.8365384615384615,"[0.9347826086956522, 0.6470588235294118]","[0.8269230769230769, 0.8461538461538461]","[0.8775510204081632, 0.7333333333333333]","[0.8269230769230769, 0.8461538461538461]"
Naive Bayes,27,6,0.9046274269050725,0.7611548556430446,0.9033923303834809,0.5745057789201448,0.5347432024169185,0.6585365853658537,0.7606408417025348,0.8041958041958042,0.9,0.7787610619469026,0.5192307692307693,0.967032967032967,0.8393805309734513,"[0.967032967032967, 0.5192307692307693]","[0.7787610619469026, 0.9]","[0.8627450980392157, 0.6585365853658537]","[0.7787610619469026, 0.9]"
Naive Bayes,28,6,0.9040349311575726,0.7297297297297297,0.9334319526627219,0.7329711322029723,0.7146974063400576,0.8043478260869565,0.8557821604661586,0.8741258741258742,0.9487179487179487,0.8461538461538461,0.6981132075471698,0.9777777777777777,0.8974358974358974,"[0.9777777777777777, 0.6981132075471698]","[0.8461538461538461, 0.9487179487179487]","[0.9072164948453608, 0.8043478260869565]","[0.8461538461538461, 0.9487179487179487]"
Naive Bayes,29,6,0.9055169556348801,0.7377049180327869,0.900887573964497,0.6884250500464514,0.6529492455418381,0.7676767676767676,0.8223410576351753,0.8391608391608392,0.9743589743589743,0.7884615384615384,0.6333333333333333,0.9879518072289156,0.8814102564102564,"[0.9879518072289156, 0.6333333333333333]","[0.7884615384615384, 0.9743589743589743]","[0.8770053475935828, 0.7676767676767676]","[0.7884615384615384, 0.9743589743589743]"
Naive Bayes,30,6,0.9150380152060824,0.7540983606557377,0.8896844660194175,0.6063609785274879,0.5853291805391472,0.7216494845360825,0.7893961708394698,0.8111888111888111,0.875,0.7864077669902912,0.6140350877192983,0.9418604651162791,0.8307038834951457,"[0.9418604651162791, 0.6140350877192983]","[0.7864077669902912, 0.875]","[0.8571428571428571, 0.7216494845360825]","[0.7864077669902912, 0.875]"
Naive Bayes,31,7,0.9073332690205158,0.7362637362637363,0.8980153036824485,0.6830148036219835,0.6546256431796703,0.7722772277227723,0.8239764516992241,0.8391608391608392,0.9512195121951219,0.7941176470588235,0.65,0.9759036144578314,0.8726685796269726,"[0.9759036144578314, 0.65]","[0.7941176470588235, 0.9512195121951219]","[0.8756756756756757, 0.7722772277227723]","[0.7941176470588235, 0.9512195121951219]"
Naive Bayes,32,7,0.9074444285782284,0.7320954907161804,0.9348370927318295,0.7208562698790341,0.7069672131147541,0.7954545454545454,0.8522727272727273,0.8741258741258742,0.9210526315789473,0.8571428571428571,0.7,0.967741935483871,0.8890977443609023,"[0.967741935483871, 0.7]","[0.8571428571428571, 0.9210526315789473]","[0.9090909090909091, 0.7954545454545454]","[0.8571428571428571, 0.9210526315789473]"
Naive Bayes,33,7,0.9089396753613825,0.7397260273972602,0.9028760018859029,0.6555756840465444,0.635977938056852,0.76,0.8154838709677419,0.8321678321678322,0.9047619047619048,0.801980198019802,0.6551724137931034,0.9529411764705882,0.8533710513908535,"[0.9529411764705882, 0.6551724137931034]","[0.801980198019802, 0.9047619047619048]","[0.8709677419354839, 0.76]","[0.801980198019802, 0.9047619047619048]"
Naive Bayes,34,7,0.9062264905962385,0.7377049180327869,0.9069174757281554,0.6909498717848653,0.6643908683592916,0.7755102040816326,0.8292444637429439,0.8461538461538461,0.95,0.8058252427184466,0.6551724137931034,0.9764705882352941,0.8779126213592232,"[0.9764705882352941, 0.6551724137931034]","[0.8058252427184466, 0.95]","[0.8829787234042553, 0.7755102040816326]","[0.8058252427184466, 0.95]"
Naive Bayes,35,7,0.9116984781853078,0.7740259740259741,0.8824786324786325,0.5288453643125168,0.4811320754716981,0.6052631578947368,0.731203007518797,0.7902097902097902,0.8846153846153846,0.7692307692307693,0.46,0.967741935483871,0.8269230769230769,"[0.967741935483871, 0.46]","[0.7692307692307693, 0.8846153846153846]","[0.8571428571428571, 0.6052631578947368]","[0.7692307692307693, 0.8846153846153846]"
Naive Bayes,36,8,0.9000096469226317,0.7282608695652174,0.9306551889048302,0.7268764130326747,0.7071882745985558,0.8041237113402062,0.8517973054055528,0.8671328671328671,0.9512195121951219,0.8333333333333334,0.6964285714285714,0.9770114942528736,0.8922764227642277,"[0.9770114942528736, 0.6964285714285714]","[0.8333333333333334, 0.9512195121951219]","[0.8994708994708994, 0.8041237113402062]","[0.8333333333333334, 0.9512195121951219]"
Naive Bayes,37,8,0.9110742496050553,0.7574931880108992,0.8814380418154003,0.59781161287222,0.5602799278973598,0.7010309278350515,0.773795887197949,0.7972027972027972,0.918918918918919,0.7547169811320755,0.5666666666666667,0.963855421686747,0.8368179500254973,"[0.963855421686747, 0.5666666666666667]","[0.7547169811320755, 0.918918918918919]","[0.8465608465608465, 0.7010309278350515]","[0.7547169811320755, 0.918918918918919]"
Naive Bayes,38,8,0.9137139724310777,0.7621621621621621,0.8802910052910052,0.5566528170561953,0.520186167334127,0.6666666666666666,0.7530224525043178,0.7832167832167832,0.8857142857142857,0.75,0.5344827586206896,0.9529411764705882,0.8178571428571428,"[0.9529411764705882, 0.5344827586206896]","[0.75, 0.8857142857142857]","[0.8393782383419689, 0.6666666666666666]","[0.75, 0.8857142857142857]"
Naive Bayes,39,8,0.915781990521327,0.7513513513513513,0.8804181540030597,0.6382587374488843,0.6095030038230476,0.7311827956989247,0.800824558471224,0.8251748251748252,0.918918918918919,0.7924528301886793,0.6071428571428571,0.9655172413793104,0.8556858745537992,"[0.9655172413793104, 0.6071428571428571]","[0.7924528301886793, 0.918918918918919]","[0.8704663212435233, 0.7311827956989247]","[0.7924528301886793, 0.918918918918919]"
Naive Bayes,40,8,0.8975276461295418,0.7263157894736842,0.9612442631310556,0.7763862588125664,0.7654089524255918,0.8333333333333334,0.8820132013201321,0.9020979020979021,0.9459459459459459,0.8867924528301887,0.7446808510638298,0.9791666666666666,0.9163691993880674,"[0.9791666666666666, 0.7446808510638298]","[0.8867924528301887, 0.9459459459459459]","[0.9306930693069307, 0.8333333333333334]","[0.8867924528301887, 0.9459459459459459]"
Naive Bayes,41,9,0.9100424464595794,0.7391304347826086,0.9086561453849832,0.6748186429410736,0.6587112171837709,0.7708333333333334,0.8275219298245614,0.8461538461538461,0.9024390243902439,0.8235294117647058,0.6727272727272727,0.9545454545454546,0.8629842180774749,"[0.9545454545454546, 0.6727272727272727]","[0.8235294117647058, 0.9024390243902439]","[0.8842105263157894, 0.7708333333333334]","[0.8235294117647058, 0.9024390243902439]"
Naive Bayes,42,9,0.9066192733017379,0.7486338797814208,0.9171341152473228,0.6430752865542134,0.5965095621277041,0.7272727272727273,0.7914438502673797,0.8111888111888111,0.972972972972973,0.7547169811320755,0.5806451612903226,0.9876543209876543,0.8638449770525243,"[0.9876543209876543, 0.5806451612903226]","[0.7547169811320755, 0.972972972972973]","[0.8556149732620321, 0.7272727272727273]","[0.7547169811320755, 0.972972972972973]"
Naive Bayes,43,9,0.9055645311626173,0.7486910994764397,0.9037190082644628,0.65370781874498,0.6295336787564767,0.7317073170731707,0.8119320899091345,0.8461538461538461,0.9090909090909091,0.8272727272727273,0.6122448979591837,0.9680851063829787,0.8681818181818182,"[0.9680851063829787, 0.6122448979591837]","[0.8272727272727273, 0.9090909090909091]","[0.8921568627450981, 0.7317073170731707]","[0.8272727272727273, 0.9090909090909091]"
Naive Bayes,44,9,0.9086354541816727,0.7336956521739131,0.9097087378640777,0.7036271300198911,0.6864722648541985,0.7872340425531915,0.8415336879432624,0.8601398601398601,0.925,0.8349514563106796,0.6851851851851852,0.9662921348314607,0.8799757281553398,"[0.9662921348314607, 0.6851851851851852]","[0.8349514563106796, 0.925]","[0.8958333333333334, 0.7872340425531915]","[0.8349514563106796, 0.925]"
Naive Bayes,45,9,0.9069544289062623,0.7506702412868632,0.8961578400830738,0.6239492494827222,0.592503288031565,0.717391304347826,0.7916853428955626,0.8181818181818182,0.9166666666666666,0.7850467289719626,0.5892857142857143,0.9655172413793104,0.8508566978193146,"[0.9655172413793104, 0.5892857142857143]","[0.7850467289719626, 0.9166666666666666]","[0.865979381443299, 0.717391304347826]","[0.7850467289719626, 0.9166666666666666]"
Naive Bayes,46,10,0.9037749754339994,0.7365439093484419,0.9109977324263039,0.6815017404918067,0.6438888335491583,0.7787610619469026,0.8171261957133358,0.8251748251748252,0.9777777777777777,0.7551020408163265,0.6470588235294118,0.9866666666666667,0.8664399092970521,"[0.9866666666666667, 0.6470588235294118]","[0.7551020408163265, 0.9777777777777777]","[0.8554913294797688, 0.7787610619469026]","[0.7551020408163265, 0.9777777777777777]"
Naive Bayes,47,10,0.9240117583352673,0.7828418230563002,0.8445945945945946,0.48159947578496487,0.4651948365303413,0.6075949367088608,0.7289182413012902,0.7832167832167832,0.75,0.7927927927927928,0.5106382978723404,0.9166666666666666,0.7713963963963963,"[0.9166666666666666, 0.5106382978723404]","[0.7927927927927928, 0.75]","[0.8502415458937198, 0.6075949367088608]","[0.7927927927927928, 0.75]"
Naive Bayes,48,10,0.9007010097112355,0.7277628032345014,0.9461979913916786,0.7301289941418493,0.7170184696569921,0.8085106382978723,0.8573803191489362,0.8741258741258742,0.926829268292683,0.8529411764705882,0.7169811320754716,0.9666666666666667,0.8898852223816356,"[0.9666666666666667, 0.7169811320754716]","[0.8529411764705882, 0.926829268292683]","[0.90625, 0.8085106382978723]","[0.8529411764705882, 0.926829268292683]"
Naive Bayes,49,10,0.9128357030015798,0.7567567567567568,0.8941866394696583,0.6267334347154112,0.603526671842076,0.7252747252747253,0.7985347985347986,0.8251748251748252,0.8918918918918919,0.8018867924528302,0.6111111111111112,0.9550561797752809,0.8468893421723611,"[0.9550561797752809, 0.6111111111111112]","[0.8018867924528302, 0.8918918918918919]","[0.8717948717948718, 0.7252747252747253]","[0.8018867924528302, 0.8918918918918919]"
Naive Bayes,50,10,0.9004099945849772,0.743455497382199,0.9245495495495496,0.6861161287557771,0.6510168506682161,0.7469879518072289,0.82176983797258,0.8531468531468531,0.96875,0.8198198198198198,0.6078431372549019,0.9891304347826086,0.8942849099099099,"[0.9891304347826086, 0.6078431372549019]","[0.8198198198198198, 0.96875]","[0.896551724137931, 0.7469879518072289]","[0.8198198198198198, 0.96875]"
Random Forest,1,1,1.0,1.0,0.9382920110192837,0.661693159884427,0.6615620214395099,0.7384615384615385,0.8307692307692308,0.8811188811188811,0.7272727272727273,0.9272727272727272,0.75,0.918918918918919,0.8272727272727273,"[0.918918918918919, 0.75]","[0.9272727272727272, 0.7272727272727273]","[0.9230769230769231, 0.7384615384615385]","[0.9272727272727272, 0.7272727272727273]"
Random Forest,2,1,1.0,1.0,0.9704232534421213,0.7855206873771481,0.7850162866449512,0.8421052631578947,0.8924812030075188,0.916083916083916,0.8648648648648649,0.9339622641509434,0.8205128205128205,0.9519230769230769,0.8994135645079042,"[0.9519230769230769, 0.8205128205128205]","[0.9339622641509434, 0.8648648648648649]","[0.9428571428571428, 0.8421052631578947]","[0.9339622641509434, 0.8648648648648649]"
Random Forest,3,1,1.0,1.0,0.918938307030129,0.606995984844815,0.6005586592178771,0.7027027027027027,0.7994645588985212,0.8461538461538461,0.6341463414634146,0.9313725490196079,0.7878787878787878,0.8636363636363636,0.7827594452415112,"[0.8636363636363636, 0.7878787878787878]","[0.9313725490196079, 0.6341463414634146]","[0.8962264150943396, 0.7027027027027027]","[0.9313725490196079, 0.6341463414634146]"
Random Forest,4,1,1.0,1.0,0.9785194174757281,0.8413393479607948,0.8401440814805614,0.8831168831168831,0.9200273410799726,0.9370629370629371,0.85,0.970873786407767,0.918918918918919,0.9433962264150944,0.9104368932038835,"[0.9433962264150944, 0.918918918918919]","[0.970873786407767, 0.85]","[0.9569377990430622, 0.8831168831168831]","[0.970873786407767, 0.85]"
Random Forest,5,1,1.0,1.0,0.9332814122533749,0.6508701118633607,0.6463314097279472,0.7272727272727273,0.8227272727272728,0.8741258741258742,0.6666666666666666,0.9439252336448598,0.8,0.8938053097345132,0.8052959501557633,"[0.8938053097345132, 0.8]","[0.9439252336448598, 0.6666666666666666]","[0.9181818181818182, 0.7272727272727273]","[0.9439252336448598, 0.6666666666666666]"
Random Forest,6,2,1.0,1.0,0.9596593455849394,0.7553852580674304,0.7466036621382162,0.8192771084337349,0.8726927414089857,0.8951048951048951,0.7391304347826086,0.9690721649484536,0.918918918918919,0.8867924528301887,0.8541012998655311,"[0.8867924528301887, 0.918918918918919]","[0.9690721649484536, 0.7391304347826086]","[0.9261083743842364, 0.8192771084337349]","[0.9690721649484536, 0.7391304347826086]"
Random Forest,7,2,1.0,1.0,0.9412289648138704,0.7242382622255676,0.7241157556270097,0.7945205479452054,0.8620490063669689,0.8951048951048951,0.7837837837837838,0.9339622641509434,0.8055555555555556,0.9252336448598131,0.8588730239673636,"[0.9252336448598131, 0.8055555555555556]","[0.9339622641509434, 0.7837837837837838]","[0.9295774647887324, 0.7945205479452054]","[0.9339622641509434, 0.7837837837837838]"
Random Forest,8,2,1.0,1.0,0.9265285996055227,0.7138134047120143,0.7133550488599348,0.7894736842105263,0.8566416040100251,0.8881118881118881,0.7692307692307693,0.9326923076923077,0.8108108108108109,0.9150943396226415,0.8509615384615385,"[0.9150943396226415, 0.8108108108108109]","[0.9326923076923077, 0.7692307692307693]","[0.9238095238095239, 0.7894736842105263]","[0.9326923076923077, 0.7692307692307693]"
Random Forest,9,2,1.0,1.0,0.932171658986175,0.6948058870349664,0.6946619217081851,0.7619047619047619,0.8473200939568653,0.8951048951048951,0.7741935483870968,0.9285714285714286,0.75,0.9369369369369369,0.8513824884792627,"[0.9369369369369369, 0.75]","[0.9285714285714286, 0.7741935483870968]","[0.9327354260089686, 0.7619047619047619]","[0.9285714285714286, 0.7741935483870968]"
Random Forest,10,2,1.0,1.0,0.946708041014571,0.6913113869400972,0.6913113869400971,0.7647058823529411,0.8456556934700485,0.8881118881118881,0.7647058823529411,0.926605504587156,0.7647058823529411,0.926605504587156,0.8456556934700485,"[0.926605504587156, 0.7647058823529411]","[0.926605504587156, 0.7647058823529411]","[0.926605504587156, 0.7647058823529411]","[0.926605504587156, 0.7647058823529411]"
Random Forest,11,3,1.0,1.0,0.952892561983471,0.7080881928749334,0.7037037037037037,0.7777777777777778,0.8515057113187954,0.8881118881118881,0.8484848484848485,0.9,0.717948717948718,0.9519230769230769,0.8742424242424243,"[0.9519230769230769, 0.717948717948718]","[0.9, 0.8484848484848485]","[0.9252336448598131, 0.7777777777777778]","[0.9, 0.8484848484848485]"
Random Forest,12,3,1.0,1.0,0.95062656641604,0.8176117632163392,0.8078989790435249,0.8529411764705882,0.9035348084187804,0.9300699300699301,0.7631578947368421,0.9904761904761905,0.9666666666666667,0.9203539823008849,0.8768170426065163,"[0.9203539823008849, 0.9666666666666667]","[0.9904761904761905, 0.7631578947368421]","[0.9541284403669725, 0.8529411764705882]","[0.9904761904761905, 0.7631578947368421]"
Random Forest,13,3,1.0,1.0,0.9395502645502646,0.7053678051469607,0.7018763029881863,0.7692307692307693,0.8506787330316743,0.8951048951048951,0.7142857142857143,0.9537037037037037,0.8333333333333334,0.911504424778761,0.8339947089947091,"[0.911504424778761, 0.8333333333333334]","[0.9537037037037037, 0.7142857142857143]","[0.9321266968325792, 0.7692307692307693]","[0.9537037037037037, 0.7142857142857143]"
Random Forest,14,3,1.0,1.0,0.9581845996940336,0.6760258141278492,0.6697459584295612,0.746268656716418,0.8343215429700811,0.8811188811188811,0.6756756756756757,0.9528301886792453,0.8333333333333334,0.8938053097345132,0.8142529321774605,"[0.8938053097345132, 0.8333333333333334]","[0.9528301886792453, 0.6756756756756757]","[0.9223744292237442, 0.746268656716418]","[0.9528301886792453, 0.6756756756756757]"
Random Forest,15,3,1.0,1.0,0.917929292929293,0.7308732565024212,0.7270341207349081,0.8048780487804879,0.8632233381157342,0.8881118881118881,0.75,0.9494949494949495,0.868421052631579,0.8952380952380953,0.8497474747474747,"[0.8952380952380953, 0.868421052631579]","[0.9494949494949495, 0.75]","[0.9215686274509803, 0.8048780487804879]","[0.9494949494949495, 0.75]"
Random Forest,16,4,1.0,1.0,0.9338372093023255,0.7102675814807816,0.7076368009621167,0.7901234567901234,0.8535983137609153,0.8811188811188811,0.7441860465116279,0.94,0.8421052631578947,0.8952380952380953,0.8420930232558139,"[0.8952380952380953, 0.8421052631578947]","[0.94, 0.7441860465116279]","[0.9170731707317074, 0.7901234567901234]","[0.94, 0.7441860465116279]"
Random Forest,17,4,1.0,1.0,0.9493386243386243,0.7351851851851852,0.7351851851851852,0.8,0.8675925925925927,0.9020979020979021,0.8,0.9351851851851852,0.8,0.9351851851851852,0.8675925925925927,"[0.9351851851851852, 0.8]","[0.9351851851851852, 0.8]","[0.9351851851851852, 0.8]","[0.9351851851851852, 0.8]"
Random Forest,18,4,1.0,1.0,0.9570247933884298,0.7335779753800771,0.7296,0.7868852459016393,0.8645537340619307,0.9090909090909091,0.7272727272727273,0.9636363636363636,0.8571428571428571,0.9217391304347826,0.8454545454545455,"[0.9217391304347826, 0.8571428571428571]","[0.9636363636363636, 0.7272727272727273]","[0.9422222222222222, 0.7868852459016393]","[0.9636363636363636, 0.7272727272727273]"
Random Forest,19,4,1.0,1.0,0.9705327675624705,0.7578904536642668,0.7501248127808288,0.8157894736842105,0.8745614035087719,0.9020979020979021,0.7380952380952381,0.9702970297029703,0.9117647058823529,0.8990825688073395,0.8541961338991042,"[0.8990825688073395, 0.9117647058823529]","[0.9702970297029703, 0.7380952380952381]","[0.9333333333333333, 0.8157894736842105]","[0.9702970297029703, 0.7380952380952381]"
Random Forest,20,4,1.0,1.0,0.9380733944954129,0.6913113869400972,0.6913113869400971,0.7647058823529411,0.8456556934700485,0.8881118881118881,0.7647058823529411,0.926605504587156,0.7647058823529411,0.926605504587156,0.8456556934700485,"[0.926605504587156, 0.7647058823529411]","[0.926605504587156, 0.7647058823529411]","[0.926605504587156, 0.7647058823529411]","[0.926605504587156, 0.7647058823529411]"
Random Forest,21,5,1.0,1.0,0.9427587965323815,0.7058339409119309,0.7031383563316644,0.7848101265822784,0.851342261358772,0.8811188811188811,0.8378378378378378,0.8962264150943396,0.7380952380952381,0.9405940594059405,0.8670321264660887,"[0.9405940594059405, 0.7380952380952381]","[0.8962264150943396, 0.8378378378378378]","[0.9178743961352657, 0.7848101265822784]","[0.8962264150943396, 0.8378378378378378]"
Random Forest,22,5,1.0,1.0,0.9312130177514794,0.6870681402885641,0.671353251318102,0.746268656716418,0.8343215429700811,0.8811188811188811,0.6410256410256411,0.9711538461538461,0.8928571428571429,0.8782608695652174,0.8060897435897436,"[0.8782608695652174, 0.8928571428571429]","[0.9711538461538461, 0.6410256410256411]","[0.9223744292237442, 0.746268656716418]","[0.9711538461538461, 0.6410256410256411]"
Random Forest,23,5,1.0,1.0,0.9655667144906743,0.7906340584405505,0.7886699507389162,0.8461538461538461,0.8942307692307692,0.916083916083916,0.8048780487804879,0.9607843137254902,0.8918918918918919,0.9245283018867925,0.882831181252989,"[0.9245283018867925, 0.8918918918918919]","[0.9607843137254902, 0.8048780487804879]","[0.9423076923076923, 0.8461538461538461]","[0.9607843137254902, 0.8048780487804879]"
Random Forest,24,5,1.0,1.0,0.9630952380952381,0.7090171958107814,0.7078054760931753,0.7761194029850746,0.8538131261500715,0.8951048951048951,0.7428571428571429,0.9444444444444444,0.8125,0.918918918918919,0.8436507936507937,"[0.918918918918919, 0.8125]","[0.9444444444444444, 0.7428571428571429]","[0.9315068493150684, 0.7761194029850746]","[0.9444444444444444, 0.7428571428571429]"
Random Forest,25,5,1.0,1.0,0.9257936507936508,0.6754270696072443,0.6753038600240416,0.7536231884057971,0.8376410872904562,0.8811188811188811,0.7428571428571429,0.9259259259259259,0.7647058823529411,0.9174311926605505,0.8343915343915345,"[0.9174311926605505, 0.7647058823529411]","[0.9259259259259259, 0.7428571428571429]","[0.9216589861751152, 0.7536231884057971]","[0.9259259259259259, 0.7428571428571429]"
Random Forest,26,6,1.0,1.0,0.9320759368836291,0.6739761324857831,0.6721854304635762,0.7567567567567568,0.8359255481896992,0.8741258741258742,0.717948717948718,0.9326923076923077,0.8,0.8981481481481481,0.8253205128205128,"[0.8981481481481481, 0.8]","[0.9326923076923077, 0.717948717948718]","[0.9150943396226415, 0.7567567567567568]","[0.9326923076923077, 0.717948717948718]"
Random Forest,27,6,1.0,1.0,0.9318584070796461,0.7123806898767373,0.7117765620501008,0.7741935483870968,0.8558467741935484,0.9020979020979021,0.8,0.9292035398230089,0.75,0.9459459459459459,0.8646017699115045,"[0.9459459459459459, 0.75]","[0.9292035398230089, 0.8]","[0.9375, 0.7741935483870968]","[0.9292035398230089, 0.8]"
Random Forest,28,6,1.0,1.0,0.9668392504930966,0.7637702951894724,0.7572156196943973,0.8169014084507042,0.8782181460858172,0.9090909090909091,0.7435897435897436,0.9711538461538461,0.90625,0.9099099099099099,0.8573717948717949,"[0.9099099099099099, 0.90625]","[0.9711538461538461, 0.7435897435897436]","[0.9395348837209302, 0.8169014084507042]","[0.9711538461538461, 0.7435897435897436]"
Random Forest,29,6,1.0,1.0,0.9578402366863905,0.6939588125432254,0.6929392446633826,0.7733333333333333,0.8463823064770932,0.8811188811188811,0.7435897435897436,0.9326923076923077,0.8055555555555556,0.9065420560747663,0.8381410256410257,"[0.9065420560747663, 0.8055555555555556]","[0.9326923076923077, 0.7435897435897436]","[0.919431279620853, 0.7733333333333333]","[0.9326923076923077, 0.7435897435897436]"
Random Forest,30,6,1.0,1.0,0.9408980582524271,0.732324113969047,0.7293375394321766,0.8,0.8644549763033176,0.8951048951048951,0.75,0.9514563106796117,0.8571428571428571,0.9074074074074074,0.8507281553398058,"[0.9074074074074074, 0.8571428571428571]","[0.9514563106796117, 0.75]","[0.9289099526066351, 0.8]","[0.9514563106796117, 0.75]"
Random Forest,31,7,1.0,1.0,0.9402199904351984,0.6629729141497861,0.657679223888119,0.7466666666666667,0.8283096366508689,0.8671328671328671,0.6829268292682927,0.9411764705882353,0.8235294117647058,0.8807339449541285,0.812051649928264,"[0.8807339449541285, 0.8235294117647058]","[0.9411764705882353, 0.6829268292682927]","[0.909952606635071, 0.7466666666666667]","[0.9411764705882353, 0.6829268292682927]"
Random Forest,32,7,1.0,1.0,0.9670426065162907,0.7796370565524142,0.7774896265560166,0.8333333333333334,0.8886292834890965,0.916083916083916,0.7894736842105263,0.9619047619047619,0.8823529411764706,0.926605504587156,0.8756892230576441,"[0.926605504587156, 0.8823529411764706]","[0.9619047619047619, 0.7894736842105263]","[0.9439252336448598, 0.8333333333333334]","[0.9619047619047619, 0.7894736842105263]"
Random Forest,33,7,1.0,1.0,0.9435407826496935,0.7243433613551805,0.7225994180407371,0.8,0.8611650485436894,0.8881118881118881,0.7619047619047619,0.9405940594059405,0.8421052631578947,0.9047619047619048,0.8512494106553512,"[0.9047619047619048, 0.8421052631578947]","[0.9405940594059405, 0.7619047619047619]","[0.9223300970873787, 0.8]","[0.9405940594059405, 0.7619047619047619]"
Random Forest,34,7,1.0,1.0,0.9516990291262136,0.6737631719440774,0.6617608409986859,0.7428571428571429,0.8297619047619047,0.8741258741258742,0.65,0.9611650485436893,0.8666666666666667,0.8761061946902655,0.8055825242718446,"[0.8761061946902655, 0.8666666666666667]","[0.9611650485436893, 0.65]","[0.9166666666666666, 0.7428571428571429]","[0.9611650485436893, 0.65]"
Random Forest,35,7,1.0,1.0,0.9370479947403024,0.6991348624116553,0.6989473684210525,0.7547169811320755,0.8494614948578832,0.9090909090909091,0.7692307692307693,0.9401709401709402,0.7407407407407407,0.9482758620689655,0.8547008547008548,"[0.9482758620689655, 0.7407407407407407]","[0.9401709401709402, 0.7692307692307693]","[0.944206008583691, 0.7547169811320755]","[0.9401709401709402, 0.7692307692307693]"
Random Forest,36,8,1.0,1.0,0.9630559540889526,0.7738308396359442,0.7727661655054394,0.8354430379746836,0.886320552803767,0.9090909090909091,0.8048780487804879,0.9509803921568627,0.868421052631579,0.9238095238095239,0.8779292204686753,"[0.9238095238095239, 0.868421052631579]","[0.9509803921568627, 0.8048780487804879]","[0.9371980676328503, 0.8354430379746836]","[0.9509803921568627, 0.8048780487804879]"
Random Forest,37,8,1.0,1.0,0.9314125446200917,0.6664337111098918,0.6659745652738126,0.75,0.8329439252336448,0.8741258741258742,0.7297297297297297,0.9245283018867925,0.7714285714285715,0.9074074074074074,0.8271290158082611,"[0.9074074074074074, 0.7714285714285715]","[0.9245283018867925, 0.7297297297297297]","[0.9158878504672897, 0.75]","[0.9245283018867925, 0.7297297297297297]"
Random Forest,38,8,1.0,1.0,0.9335978835978836,0.681634106856258,0.6815144766146993,0.7605633802816901,0.8407468064199148,0.8811188811188811,0.7714285714285715,0.9166666666666666,0.75,0.9252336448598131,0.844047619047619,"[0.9252336448598131, 0.75]","[0.9166666666666666, 0.7714285714285715]","[0.9209302325581395, 0.7605633802816901]","[0.9166666666666666, 0.7714285714285715]"
Random Forest,39,8,1.0,1.0,0.9386792452830188,0.6967202345127003,0.6920592193808883,0.7647058823529411,0.8456556934700485,0.8881118881118881,0.7027027027027027,0.9528301886792453,0.8387096774193549,0.9017857142857143,0.827766445690974,"[0.9017857142857143, 0.8387096774193549]","[0.9528301886792453, 0.7027027027027027]","[0.926605504587156, 0.7647058823529411]","[0.9528301886792453, 0.7027027027027027]"
Random Forest,40,8,1.0,1.0,0.9662162162162162,0.7354720795283813,0.7305518169582772,0.7941176470588235,0.8649487317862925,0.9020979020979021,0.7297297297297297,0.9622641509433962,0.8709677419354839,0.9107142857142857,0.845996940336563,"[0.9107142857142857, 0.8709677419354839]","[0.9622641509433962, 0.7297297297297297]","[0.9357798165137615, 0.7941176470588235]","[0.9622641509433962, 0.7297297297297297]"
Random Forest,41,9,1.0,1.0,0.946676231468197,0.7038164074512305,0.7028480625840361,0.7848101265822784,0.851342261358772,0.8811188811188811,0.7560975609756098,0.9313725490196079,0.8157894736842105,0.9047619047619048,0.8437350549976088,"[0.9047619047619048, 0.8157894736842105]","[0.9313725490196079, 0.7560975609756098]","[0.9178743961352657, 0.7848101265822784]","[0.9313725490196079, 0.7560975609756098]"
Random Forest,42,9,1.0,1.0,0.9639214686384497,0.7083120856705762,0.7083120856705762,0.7837837837837838,0.8541560428352881,0.8881118881118881,0.7837837837837838,0.9245283018867925,0.7837837837837838,0.9245283018867925,0.8541560428352881,"[0.9245283018867925, 0.7837837837837838]","[0.9245283018867925, 0.7837837837837838]","[0.9245283018867925, 0.7837837837837838]","[0.9245283018867925, 0.7837837837837838]"
Random Forest,43,9,1.0,1.0,0.9458677685950414,0.7368980135671512,0.7355242566510172,0.7936507936507936,0.8676774147626165,0.9090909090909091,0.7575757575757576,0.9545454545454546,0.8333333333333334,0.9292035398230089,0.8560606060606061,"[0.9292035398230089, 0.8333333333333334]","[0.9545454545454546, 0.7575757575757576]","[0.9417040358744395, 0.7936507936507936]","[0.9545454545454546, 0.7575757575757576]"
Random Forest,44,9,1.0,1.0,0.9337378640776699,0.7868309037366024,0.7781799379524302,0.8333333333333334,0.8886292834890965,0.916083916083916,0.75,0.9805825242718447,0.9375,0.9099099099099099,0.8652912621359223,"[0.9099099099099099, 0.9375]","[0.9805825242718447, 0.75]","[0.9439252336448598, 0.8333333333333334]","[0.9805825242718447, 0.75]"
Random Forest,45,9,1.0,1.0,0.9558670820353063,0.7300150319283782,0.7249244297884034,0.7878787878787878,0.8621212121212121,0.9020979020979021,0.7222222222222222,0.9626168224299065,0.8666666666666667,0.911504424778761,0.8424195223260644,"[0.911504424778761, 0.8666666666666667]","[0.9626168224299065, 0.7222222222222222]","[0.9363636363636364, 0.7878787878787878]","[0.9626168224299065, 0.7222222222222222]"
Random Forest,46,10,1.0,1.0,0.9659863945578232,0.7405895691609977,0.7405895691609977,0.8222222222222222,0.8702947845804989,0.8881118881118881,0.8222222222222222,0.9183673469387755,0.8222222222222222,0.9183673469387755,0.8702947845804989,"[0.9183673469387755, 0.8222222222222222]","[0.9183673469387755, 0.8222222222222222]","[0.9183673469387755, 0.8222222222222222]","[0.9183673469387755, 0.8222222222222222]"
Random Forest,47,10,1.0,1.0,0.8766891891891893,0.5555562836538669,0.5523923088388731,0.6440677966101694,0.7757783916971552,0.8531468531468531,0.59375,0.9279279279279279,0.7037037037037037,0.8879310344827587,0.7608389639639639,"[0.8879310344827587, 0.7037037037037037]","[0.9279279279279279, 0.59375]","[0.9074889867841409, 0.6440677966101694]","[0.9279279279279279, 0.59375]"
Random Forest,48,10,1.0,1.0,0.970468675274988,0.7726738254133689,0.7621241202815099,0.821917808219178,0.8804424721847064,0.9090909090909091,0.7317073170731707,0.9803921568627451,0.9375,0.9009009009009009,0.8560497369679578,"[0.9009009009009009, 0.9375]","[0.9803921568627451, 0.7317073170731707]","[0.9389671361502347, 0.821917808219178]","[0.9803921568627451, 0.7317073170731707]"
Random Forest,49,10,1.0,1.0,0.9400815910249873,0.7144650194146925,0.7030319811712584,0.7692307692307693,0.8506787330316743,0.8951048951048951,0.6756756756756757,0.9716981132075472,0.8928571428571429,0.8956521739130435,0.8236868944416114,"[0.8956521739130435, 0.8928571428571429]","[0.9716981132075472, 0.6756756756756757]","[0.9321266968325792, 0.7692307692307693]","[0.9716981132075472, 0.6756756756756757]"
Random Forest,50,10,1.0,1.0,0.9615709459459459,0.7870691272972646,0.7857240158016618,0.835820895522388,0.8927962925100524,0.9230769230769231,0.875,0.9369369369369369,0.8,0.9629629629629629,0.9059684684684685,"[0.9629629629629629, 0.8]","[0.9369369369369369, 0.875]","[0.9497716894977168, 0.835820895522388]","[0.9369369369369369, 0.875]"
SVM,1,1,0.9580718324737465,0.8152492668621701,0.9504132231404958,0.6996757462735923,0.6976744186046511,0.7714285714285715,0.8486772486772487,0.8881118881118881,0.8181818181818182,0.9090909090909091,0.7297297297297297,0.9433962264150944,0.8636363636363636,"[0.9433962264150944, 0.7297297297297297]","[0.9090909090909091, 0.8181818181818182]","[0.9259259259259259, 0.7714285714285715]","[0.9090909090909091, 0.8181818181818182]"
SVM,2,1,0.9620537124802528,0.8108108108108109,0.9681285058643548,0.726847522508883,0.7078320090805903,0.7954545454545454,0.8522727272727273,0.8741258741258742,0.9459459459459459,0.8490566037735849,0.6862745098039216,0.9782608695652174,0.8975012748597655,"[0.9782608695652174, 0.6862745098039216]","[0.8490566037735849, 0.9459459459459459]","[0.9090909090909091, 0.7954545454545454]","[0.8490566037735849, 0.9459459459459459]"
SVM,3,1,0.9650942182777028,0.8385093167701864,0.8940698230511717,0.5959077037152576,0.595569172755126,0.7142857142857143,0.7977369165487977,0.8321678321678322,0.7317073170731707,0.8725490196078431,0.6976744186046512,0.89,0.8021281683405069,"[0.89, 0.6976744186046512]","[0.8725490196078431, 0.7317073170731707]","[0.8811881188118812, 0.7142857142857143]","[0.8725490196078431, 0.7317073170731707]"
SVM,4,1,0.9631052420968387,0.7975077881619937,0.9614077669902913,0.8172291621676465,0.8065388951521985,0.8666666666666667,0.9027210884353742,0.916083916083916,0.975,0.8932038834951457,0.78,0.989247311827957,0.9341019417475729,"[0.989247311827957, 0.78]","[0.8932038834951457, 0.975]","[0.9387755102040817, 0.8666666666666667]","[0.8932038834951457, 0.975]"
SVM,5,1,0.9644806594201758,0.8209876543209876,0.9413291796469366,0.7154068805994258,0.7135703555333,0.7894736842105263,0.8566416040100251,0.8881118881118881,0.8333333333333334,0.9065420560747663,0.75,0.941747572815534,0.8699376947040498,"[0.941747572815534, 0.75]","[0.9065420560747663, 0.8333333333333334]","[0.9238095238095239, 0.7894736842105263]","[0.9065420560747663, 0.8333333333333334]"
SVM,6,2,0.9588125915321453,0.7924528301886793,0.9683998207082025,0.8077095472882115,0.8077095472882115,0.8695652173913043,0.9038547736441058,0.916083916083916,0.8695652173913043,0.9381443298969072,0.8695652173913043,0.9381443298969072,0.9038547736441058,"[0.9381443298969072, 0.8695652173913043]","[0.9381443298969072, 0.8695652173913043]","[0.9381443298969072, 0.8695652173913043]","[0.9381443298969072, 0.8695652173913043]"
SVM,7,2,0.9649763033175356,0.8338368580060423,0.9102498725140235,0.6404116905208371,0.6313569252402156,0.7380952380952381,0.8145921735030646,0.8461538461538461,0.8378378378378378,0.8490566037735849,0.6595744680851063,0.9375,0.8434472208057113,"[0.9375, 0.6595744680851063]","[0.8490566037735849, 0.8378378378378378]","[0.8910891089108911, 0.7380952380952381]","[0.8490566037735849, 0.8378378378378378]"
SVM,8,2,0.962104793472718,0.8364779874213837,0.9452662721893491,0.6746255856777623,0.6686746987951807,0.7674418604651163,0.8337209302325581,0.8601398601398601,0.8461538461538461,0.8653846153846154,0.7021276595744681,0.9375,0.8557692307692308,"[0.9375, 0.7021276595744681]","[0.8653846153846154, 0.8461538461538461]","[0.9, 0.7674418604651163]","[0.8653846153846154, 0.8461538461538461]"
SVM,9,2,0.9646357248520712,0.8308605341246291,0.94786866359447,0.7040607830916739,0.6897255902999362,0.7671232876712328,0.8436555405492314,0.8811188811188811,0.9032258064516129,0.875,0.6666666666666666,0.9702970297029703,0.8891129032258065,"[0.9702970297029703, 0.6666666666666666]","[0.875, 0.9032258064516129]","[0.92018779342723, 0.7671232876712328]","[0.875, 0.9032258064516129]"
SVM,10,2,0.9634049323786795,0.8157099697885196,0.9338909875876956,0.74983603032799,0.7453574154159247,0.8108108108108109,0.8723865374808771,0.9020979020979021,0.8823529411764706,0.908256880733945,0.75,0.9611650485436893,0.8953049109552078,"[0.9611650485436893, 0.75]","[0.908256880733945, 0.8823529411764706]","[0.9339622641509434, 0.8108108108108109]","[0.908256880733945, 0.8823529411764706]"
SVM,11,3,0.9645808736717828,0.8333333333333334,0.91267217630854,0.6532395795603619,0.6364846870838882,0.7341772151898734,0.8163639699137772,0.8531468531468531,0.8787878787878788,0.8454545454545455,0.6304347826086957,0.9587628865979382,0.8621212121212121,"[0.9587628865979382, 0.6304347826086957]","[0.8454545454545455, 0.8787878787878788]","[0.8985507246376812, 0.7341772151898734]","[0.8454545454545455, 0.8787878787878788]"
SVM,12,3,0.9594618179510369,0.8132530120481928,0.9674185463659148,0.7651950967041414,0.7650701377480096,0.8266666666666667,0.8825276461295419,0.9090909090909091,0.8157894736842105,0.9428571428571428,0.8378378378378378,0.9339622641509434,0.8793233082706766,"[0.9339622641509434, 0.8378378378378378]","[0.9428571428571428, 0.8157894736842105]","[0.9383886255924171, 0.8266666666666667]","[0.9428571428571428, 0.8157894736842105]"
SVM,13,3,0.9595238095238096,0.8220858895705522,0.9597883597883597,0.7481900559272088,0.7389558232931728,0.810126582278481,0.8688314070812695,0.8951048951048951,0.9142857142857143,0.8888888888888888,0.7272727272727273,0.9696969696969697,0.9015873015873015,"[0.9696969696969697, 0.7272727272727273]","[0.8888888888888888, 0.9142857142857143]","[0.927536231884058, 0.810126582278481]","[0.8888888888888888, 0.9142857142857143]"
SVM,14,3,0.9644075829383887,0.8159509202453987,0.9377868434472209,0.7824242195621699,0.7767503302509907,0.8395061728395061,0.8880457693465824,0.9090909090909091,0.918918918918919,0.9056603773584906,0.7727272727272727,0.9696969696969697,0.9122896481387048,"[0.9696969696969697, 0.7727272727272727]","[0.9056603773584906, 0.918918918918919]","[0.9365853658536586, 0.8395061728395061]","[0.9056603773584906, 0.918918918918919]"
SVM,15,3,0.9609434854190099,0.8138801261829653,0.9263085399449036,0.667968045196171,0.6658506731946143,0.7741935483870968,0.8326926291158281,0.8531468531468531,0.8181818181818182,0.8686868686868687,0.7346938775510204,0.9148936170212766,0.8434343434343434,"[0.9148936170212766, 0.7346938775510204]","[0.8686868686868687, 0.8181818181818182]","[0.8911917098445595, 0.7741935483870968]","[0.8686868686868687, 0.8181818181818182]"
SVM,16,4,0.9612376687435098,0.8213166144200627,0.9481395348837209,0.6966360522423448,0.688113413304253,0.7916666666666666,0.8432017543859649,0.8601398601398601,0.8837209302325582,0.85,0.7169811320754716,0.9444444444444444,0.866860465116279,"[0.9444444444444444, 0.7169811320754716]","[0.85, 0.8837209302325582]","[0.8947368421052632, 0.7916666666666666]","[0.85, 0.8837209302325582]"
SVM,17,4,0.9598997493734337,0.8121212121212121,0.948941798941799,0.7540388360231784,0.7496874218554639,0.8157894736842105,0.8745614035087719,0.9020979020979021,0.8857142857142857,0.9074074074074074,0.7560975609756098,0.9607843137254902,0.8965608465608466,"[0.9607843137254902, 0.7560975609756098]","[0.9074074074074074, 0.8857142857142857]","[0.9333333333333333, 0.8157894736842105]","[0.9074074074074074, 0.8857142857142857]"
SVM,18,4,0.9600602746535761,0.8200589970501475,0.9460055096418734,0.7171022332585255,0.7094972067039107,0.7837837837837838,0.8541560428352881,0.8881118881118881,0.8787878787878788,0.8909090909090909,0.7073170731707317,0.9607843137254902,0.8848484848484848,"[0.9607843137254902, 0.7073170731707317]","[0.8909090909090909, 0.8787878787878788]","[0.9245283018867925, 0.7837837837837838]","[0.8909090909090909, 0.8787878787878788]"
SVM,19,4,0.9616732617297908,0.8125,0.9695898161244696,0.767687858931343,0.7672634271099744,0.8372093023255814,0.8836046511627907,0.9020979020979021,0.8571428571428571,0.9207920792079208,0.8181818181818182,0.9393939393939394,0.888967468175389,"[0.9393939393939394, 0.8181818181818182]","[0.9207920792079208, 0.8571428571428571]","[0.93, 0.8372093023255814]","[0.9207920792079208, 0.8571428571428571]"
SVM,20,4,0.9672734646762444,0.8121212121212121,0.9228278467350243,0.6857584504203466,0.6787319021467798,0.7631578947368421,0.8387218045112782,0.8741258741258742,0.8529411764705882,0.8807339449541285,0.6904761904761905,0.9504950495049505,0.8668375607123584,"[0.9504950495049505, 0.6904761904761905]","[0.8807339449541285, 0.8529411764705882]","[0.9142857142857143, 0.7631578947368421]","[0.8807339449541285, 0.8529411764705882]"
SVM,21,5,0.9587519747235387,0.8220858895705522,0.9479857215706273,0.6959115525455978,0.6841799372311984,0.7764705882352941,0.8409716125256073,0.8671328671328671,0.8918918918918919,0.8584905660377359,0.6875,0.9578947368421052,0.8751912289648138,"[0.9578947368421052, 0.6875]","[0.8584905660377359, 0.8918918918918919]","[0.9054726368159204, 0.7764705882352941]","[0.8584905660377359, 0.8918918918918919]"
SVM,22,5,0.967395461499235,0.8395061728395061,0.915680473372781,0.6678286798506545,0.6677265500794912,0.759493670886076,0.8338531156362747,0.8671328671328671,0.7692307692307693,0.9038461538461539,0.75,0.912621359223301,0.8365384615384616,"[0.912621359223301, 0.75]","[0.9038461538461539, 0.7692307692307693]","[0.9082125603864735, 0.759493670886076]","[0.9038461538461539, 0.7692307692307693]"
SVM,23,5,0.959249790983343,0.7975077881619937,0.9782400765184123,0.8402650594065291,0.8361970217640321,0.8863636363636364,0.9179292929292929,0.9300699300699301,0.9512195121951219,0.9215686274509803,0.8297872340425532,0.9791666666666666,0.9363940698230511,"[0.9791666666666666, 0.8297872340425532]","[0.9215686274509803, 0.9512195121951219]","[0.9494949494949495, 0.8863636363636364]","[0.9215686274509803, 0.9512195121951219]"
SVM,24,5,0.9615836466165414,0.8109756097560976,0.9674603174603175,0.7617275945269489,0.7541748526522594,0.8205128205128205,0.8766025641025641,0.9020979020979021,0.9142857142857143,0.8981481481481481,0.7441860465116279,0.97,0.9062169312169313,"[0.97, 0.7441860465116279]","[0.8981481481481481, 0.9142857142857143]","[0.9326923076923077, 0.8205128205128205]","[0.8981481481481481, 0.9142857142857143]"
SVM,25,5,0.9679041353383459,0.8277945619335347,0.9132275132275133,0.632812979836039,0.6279271465741544,0.7272727272727273,0.8133971291866029,0.8531468531468531,0.8,0.8703703703703703,0.6666666666666666,0.9306930693069307,0.8351851851851853,"[0.9306930693069307, 0.6666666666666666]","[0.8703703703703703, 0.8]","[0.8995215311004785, 0.7272727272727273]","[0.8703703703703703, 0.8]"
SVM,26,6,0.96282190209077,0.8195718654434251,0.9292406311637079,0.6670137985134996,0.6636085626911314,0.7619047619047619,0.8314474304573314,0.8601398601398601,0.8205128205128205,0.875,0.7111111111111111,0.9285714285714286,0.8477564102564102,"[0.9285714285714286, 0.7111111111111111]","[0.875, 0.8205128205128205]","[0.900990099009901, 0.7619047619047619]","[0.875, 0.8205128205128205]"
SVM,27,6,0.9575320389839614,0.8231884057971014,0.9548672566371681,0.7053678051469607,0.7018763029881863,0.7692307692307693,0.8506787330316743,0.8951048951048951,0.8333333333333334,0.911504424778761,0.7142857142857143,0.9537037037037037,0.8724188790560472,"[0.9537037037037037, 0.7142857142857143]","[0.911504424778761, 0.8333333333333334]","[0.9321266968325792, 0.7692307692307693]","[0.911504424778761, 0.8333333333333334]"
SVM,28,6,0.9603199898011219,0.8087774294670846,0.9543885601577908,0.8311346964968616,0.829192546583851,0.8780487804878049,0.9145145863223338,0.9300699300699301,0.9230769230769231,0.9326923076923077,0.8372093023255814,0.97,0.9278846153846154,"[0.97, 0.8372093023255814]","[0.9326923076923077, 0.9230769230769231]","[0.9509803921568627, 0.8780487804878049]","[0.9326923076923077, 0.9230769230769231]"
SVM,29,6,0.9634912034676186,0.808641975308642,0.9615384615384615,0.7569184546768604,0.7426900584795322,0.8222222222222222,0.8702947845804989,0.8881118881118881,0.9487179487179487,0.8653846153846154,0.7254901960784313,0.9782608695652174,0.907051282051282,"[0.9782608695652174, 0.7254901960784313]","[0.8653846153846154, 0.9487179487179487]","[0.9183673469387755, 0.8222222222222222]","[0.8653846153846154, 0.9487179487179487]"
SVM,30,6,0.9648499399759904,0.8391167192429022,0.9019417475728155,0.6381205077036334,0.6349501044325829,0.7441860465116279,0.817093023255814,0.8461538461538461,0.8,0.8640776699029126,0.6956521739130435,0.9175257731958762,0.8320388349514563,"[0.9175257731958762, 0.6956521739130435]","[0.8640776699029126, 0.8]","[0.89, 0.7441860465116279]","[0.8640776699029126, 0.8]"
SVM,31,7,0.9636954144961091,0.8164556962025317,0.9459588713534194,0.735827091681778,0.7342007434944238,0.813953488372093,0.8669767441860465,0.8881118881118881,0.8536585365853658,0.9019607843137255,0.7777777777777778,0.9387755102040817,0.8778096604495457,"[0.9387755102040817, 0.7777777777777778]","[0.9019607843137255, 0.8536585365853658]","[0.92, 0.813953488372093]","[0.9019607843137255, 0.8536585365853658]"
SVM,32,7,0.9608501118568232,0.8209876543209876,0.9491228070175438,0.7591021199705466,0.757274490785645,0.825,0.8785194174757281,0.9020979020979021,0.868421052631579,0.9142857142857143,0.7857142857142857,0.9504950495049505,0.8913533834586467,"[0.9504950495049505, 0.7857142857142857]","[0.9142857142857143, 0.868421052631579]","[0.9320388349514563, 0.825]","[0.9142857142857143, 0.868421052631579]"
SVM,33,7,0.9602842606799644,0.8074534161490683,0.9318717586044318,0.7131646992395759,0.7025073907806854,0.8,0.8502617801047121,0.8671328671328671,0.9047619047619048,0.8514851485148515,0.7169811320754716,0.9555555555555556,0.8781235266383781,"[0.9555555555555556, 0.7169811320754716]","[0.8514851485148515, 0.9047619047619048]","[0.900523560209424, 0.8]","[0.8514851485148515, 0.9047619047619048]"
SVM,34,7,0.9583033213285315,0.81875,0.9648058252427185,0.7322329195984632,0.7305699481865284,0.8095238095238095,0.8651579443658652,0.8881118881118881,0.85,0.9029126213592233,0.7727272727272727,0.9393939393939394,0.8764563106796117,"[0.9393939393939394, 0.7727272727272727]","[0.9029126213592233, 0.85]","[0.9207920792079208, 0.8095238095238095]","[0.9029126213592233, 0.85]"
SVM,35,7,0.9649393238729957,0.8347826086956521,0.9401709401709402,0.6038342355384525,0.5910780669144982,0.6774193548387096,0.7940668202764977,0.8601398601398601,0.8076923076923077,0.8717948717948718,0.5833333333333334,0.9532710280373832,0.8397435897435898,"[0.9532710280373832, 0.5833333333333334]","[0.8717948717948718, 0.8076923076923077]","[0.9107142857142857, 0.6774193548387096]","[0.8717948717948718, 0.8076923076923077]"
SVM,36,8,0.9565888481574377,0.8061538461538461,0.9732185557149688,0.7691255961471242,0.7674256505576208,0.8372093023255814,0.8836046511627907,0.9020979020979021,0.8780487804878049,0.9117647058823529,0.8,0.9489795918367347,0.8949067431850789,"[0.9489795918367347, 0.8]","[0.9117647058823529, 0.8780487804878049]","[0.93, 0.8372093023255814]","[0.9117647058823529, 0.8780487804878049]"
SVM,37,8,0.9656714060031595,0.8267477203647416,0.9260581336053034,0.6744053325937694,0.6648699320365596,0.7619047619047619,0.8314474304573314,0.8601398601398601,0.8648648648648649,0.8584905660377359,0.6808510638297872,0.9479166666666666,0.8616777154513005,"[0.9479166666666666, 0.6808510638297872]","[0.8584905660377359, 0.8648648648648649]","[0.900990099009901, 0.7619047619047619]","[0.8584905660377359, 0.8648648648648649]"
SVM,38,8,0.9605106516290727,0.8338368580060423,0.9206349206349207,0.6649739605509198,0.6550060313630881,0.75,0.8264563106796117,0.8601398601398601,0.8571428571428571,0.8611111111111112,0.6666666666666666,0.9489795918367347,0.8591269841269842,"[0.9489795918367347, 0.6666666666666666]","[0.8611111111111112, 0.8571428571428571]","[0.9029126213592233, 0.75]","[0.8611111111111112, 0.8571428571428571]"
SVM,39,8,0.9649605055292259,0.8209876543209876,0.9533401325854155,0.6620972976988357,0.6509357200976403,0.7529411764705882,0.8242317822651448,0.8531468531468531,0.8648648648648649,0.8490566037735849,0.6666666666666666,0.9473684210526315,0.8569607343192249,"[0.9473684210526315, 0.6666666666666666]","[0.8490566037735849, 0.8648648648648649]","[0.8955223880597015, 0.7529411764705882]","[0.8490566037735849, 0.8648648648648649]"
SVM,40,8,0.9595102685624013,0.8145896656534954,0.9589495155532891,0.8176950535441101,0.8176950535441101,0.8648648648648649,0.908847526772055,0.9300699300699301,0.8648648648648649,0.9528301886792453,0.8648648648648649,0.9528301886792453,0.908847526772055,"[0.9528301886792453, 0.8648648648648649]","[0.9528301886792453, 0.8648648648648649]","[0.9528301886792453, 0.8648648648648649]","[0.9528301886792453, 0.8648648648648649]"
SVM,41,9,0.9645957939417324,0.822429906542056,0.930416068866571,0.7220355443620581,0.7195754989041412,0.8045977011494253,0.8595852827355166,0.8811188811188811,0.8536585365853658,0.8921568627450981,0.7608695652173914,0.9381443298969072,0.872907699665232,"[0.9381443298969072, 0.7608695652173914]","[0.8921568627450981, 0.8536585365853658]","[0.914572864321608, 0.8045977011494253]","[0.8921568627450981, 0.8536585365853658]"
SVM,42,9,0.9622274881516588,0.8209876543209876,0.9528301886792451,0.7212016846802017,0.712817483756645,0.7951807228915663,0.8557184402635172,0.8811188811188811,0.8918918918918919,0.8773584905660378,0.717391304347826,0.9587628865979382,0.8846251912289649,"[0.9587628865979382, 0.717391304347826]","[0.8773584905660378, 0.8918918918918919]","[0.916256157635468, 0.7951807228915663]","[0.8773584905660378, 0.8918918918918919]"
SVM,43,9,0.9627167091281924,0.8259587020648967,0.9462809917355373,0.6804001504539553,0.6731843575418994,0.7567567567567568,0.8359255481896992,0.8741258741258742,0.8484848484848485,0.8818181818181818,0.6829268292682927,0.9509803921568627,0.8651515151515152,"[0.9509803921568627, 0.6829268292682927]","[0.8818181818181818, 0.8484848484848485]","[0.9150943396226415, 0.7567567567567568]","[0.8818181818181818, 0.8484848484848485]"
SVM,44,9,0.9640976390556222,0.8111455108359134,0.9514563106796117,0.7322329195984632,0.7305699481865284,0.8095238095238095,0.8651579443658652,0.8881118881118881,0.85,0.9029126213592233,0.7727272727272727,0.9393939393939394,0.8764563106796117,"[0.9393939393939394, 0.7727272727272727]","[0.9029126213592233, 0.85]","[0.9207920792079208, 0.8095238095238095]","[0.9029126213592233, 0.85]"
SVM,45,9,0.9617121014298973,0.8256880733944955,0.9537902388369678,0.6872326273847251,0.6833948339483396,0.7692307692307693,0.8413461538461539,0.8741258741258742,0.8333333333333334,0.8878504672897196,0.7142857142857143,0.9405940594059405,0.8605919003115265,"[0.9405940594059405, 0.7142857142857143]","[0.8878504672897196, 0.8333333333333334]","[0.9134615384615384, 0.7692307692307693]","[0.8878504672897196, 0.8333333333333334]"
SVM,46,10,0.9570094988535867,0.8076923076923077,0.9650793650793651,0.7400800962489492,0.7277918781725887,0.8235294117647058,0.8628516624040921,0.8741258741258742,0.9333333333333333,0.8469387755102041,0.7368421052631579,0.9651162790697675,0.8901360544217687,"[0.9651162790697675, 0.7368421052631579]","[0.8469387755102041, 0.9333333333333333]","[0.9021739130434783, 0.8235294117647058]","[0.8469387755102041, 0.9333333333333333]"
SVM,47,10,0.9686238106289162,0.844311377245509,0.8961148648648649,0.5377216876446061,0.533106960950764,0.647887323943662,0.7658041270881101,0.8251748251748252,0.71875,0.8558558558558559,0.5897435897435898,0.9134615384615384,0.787302927927928,"[0.9134615384615384, 0.5897435897435898]","[0.8558558558558559, 0.71875]","[0.8837209302325582, 0.647887323943662]","[0.8558558558558559, 0.71875]"
SVM,48,10,0.9585021544793877,0.822429906542056,0.9650884744141558,0.7455079889125311,0.7454005934718101,0.8192771084337349,0.8726927414089857,0.8951048951048951,0.8292682926829268,0.9215686274509803,0.8095238095238095,0.9306930693069307,0.8754184600669536,"[0.9306930693069307, 0.8095238095238095]","[0.9215686274509803, 0.8292682926829268]","[0.9261083743842364, 0.8192771084337349]","[0.9215686274509803, 0.8292682926829268]"
SVM,49,10,0.9609952606635072,0.8121212121212121,0.9502804691483936,0.7616908208464073,0.7575684185032696,0.825,0.8785194174757281,0.9020979020979021,0.8918918918918919,0.9056603773584906,0.7674418604651163,0.96,0.8987761346251912,"[0.96, 0.7674418604651163]","[0.9056603773584906, 0.8918918918918919]","[0.9320388349514563, 0.825]","[0.9056603773584906, 0.8918918918918919]"
SVM,50,10,0.9605631623733272,0.8165680473372781,0.9574887387387387,0.7355709519969446,0.72552783109405,0.7945205479452054,0.8620490063669689,0.8951048951048951,0.90625,0.8918918918918919,0.7073170731707317,0.9705882352941176,0.8990709459459459,"[0.9705882352941176, 0.7073170731707317]","[0.8918918918918919, 0.90625]","[0.9295774647887324, 0.7945205479452054]","[0.8918918918918919, 0.90625]"
